season,round,event_name,session_type,Time_s,Driver,DriverNumber,DriverId,TeamId,LapTime_s,LapNumber,Stint,PitOutTime_s,PitInTime_s,Sector1Time_s,Sector2Time_s,Sector3Time_s,Sector1SessionTime_s,Sector2SessionTime_s,Sector3SessionTime_s,SpeedI1,SpeedI2,SpeedFL,SpeedST,IsPersonalBest,Compound,TyreLife,FreshTyre,Team,LapStartTime_s,LapStartDate,TrackStatus,Position,Deleted,DeletedReason,FastF1Generated,IsAccurate
2026,8,Austrian Grand Prix,FP2,985.708000,NOR,1,norris,mclaren,,1.000000,1.000000,887.463000,,,41.051000,31.659000,,954.187000,985.728000,185.000000,191.000000,274.000000,242.000000,False,MEDIUM,1.000000,True,McLaren,887.463000,,1,,False,,False,False
2026,8,Austrian Grand Prix,FP2,1053.708000,NOR,1,norris,mclaren,68.000000,2.000000,1.000000,,,16.879000,30.309000,20.812000,1002.587000,1032.896000,1053.708000,309.000000,222.000000,274.000000,312.000000,True,MEDIUM,2.000000,True,McLaren,985.708000,,1,,False,,False,True
2026,8,Austrian Grand Prix,FP2,1179.873000,NOR,1,norris,mclaren,126.165000,3.000000,1.000000,,,27.124000,58.255000,40.786000,1080.832000,1139.087000,1179.873000,132.000000,114.000000,134.000000,131.000000,False,MEDIUM,3.000000,True,McLaren,1053.708000,,1,,False,,False,True
2026,8,Austrian Grand Prix,FP2,1305.026000,NOR,1,norris,mclaren,125.153000,4.000000,1.000000,,,29.399000,53.747000,42.007000,1209.272000,1263.019000,1305.026000,259.000000,137.000000,198.000000,98.000000,False,MEDIUM,4.000000,True,McLaren,1179.873000,,126,,False,,False,False
2026,8,Austrian Grand Prix,FP2,1417.557000,NOR,1,norris,mclaren,112.531000,5.000000,1.000000,,,29.293000,55.764000,27.474000,1334.319000,1390.083000,1417.557000,231.000000,146.000000,202.000000,226.000000,False,MEDIUM,5.000000,True,McLaren,1305.026000,,6,,False,,False,False
2026,8,Austrian Grand Prix,FP2,1574.387000,NOR,1,norris,mclaren,,6.000000,1.000000,,1569.622000,35.859000,70.044000,50.824000,1453.638000,1523.642000,1574.387000,164.000000,64.000000,,149.000000,False,MEDIUM,6.000000,True,McLaren,1417.557000,,6,,False,,False,False
2026,8,Austrian Grand Prix,FP2,1725.228000,NOR,1,norris,mclaren,,7.000000,2.000000,1607.021000,1720.510000,52.296000,53.808000,44.837000,1626.674000,1680.482000,1725.284000,274.000000,95.000000,,244.000000,False,MEDIUM,7.000000,False,McLaren,1574.387000,,671,,False,,False,False
2026,8,Austrian Grand Prix,FP2,1847.129000,NOR,1,norris,mclaren,121.901000,8.000000,3.000000,1763.152000,,57.780000,39.281000,24.840000,1783.008000,1822.289000,1847.129000,252.000000,212.000000,272.000000,262.000000,False,MEDIUM,8.000000,False,McLaren,1725.228000,,1,,False,,False,False
2026,8,Austrian Grand Prix,FP2,1934.445000,NOR,1,norris,mclaren,87.316000,9.000000,3.000000,,,18.650000,37.028000,31.638000,1865.779000,1902.807000,1934.445000,283.000000,184.000000,268.000000,207.000000,False,MEDIUM,9.000000,False,McLaren,1847.129000,,1,,False,,False,True
2026,8,Austrian Grand Prix,FP2,2024.240000,NOR,1,norris,mclaren,89.795000,10.000000,3.000000,,,17.063000,40.588000,32.144000,1951.508000,1992.096000,2024.240000,316.000000,135.000000,271.000000,176.000000,False,MEDIUM,10.000000,False,McLaren,1934.445000,,1,,True,TRACK LIMITS AT TURN 3 LAP 11 ,False,True
2026,8,Austrian Grand Prix,FP2,2136.874000,NOR,1,norris,mclaren,112.634000,11.000000,3.000000,,2132.177000,16.993000,64.197000,31.444000,2041.233000,2105.430000,2136.874000,312.000000,173.000000,,176.000000,False,MEDIUM,11.000000,False,McLaren,2024.240000,,12,,False,,False,False
2026,8,Austrian Grand Prix,FP2,2728.948000,NOR,1,norris,mclaren,,12.000000,4.000000,2649.594000,,,36.790000,22.677000,,2706.424000,2729.091000,272.000000,204.000000,273.000000,250.000000,False,SOFT,1.000000,True,McLaren,2136.874000,,1,,False,,False,False
2026,8,Austrian Grand Prix,FP2,2796.287000,NOR,1,norris,mclaren,67.339000,13.000000,4.000000,,,16.824000,29.995000,20.520000,2745.772000,2775.767000,2796.287000,313.000000,225.000000,273.000000,311.000000,True,SOFT,2.000000,True,McLaren,2728.948000,,1,,False,,False,True
2026,8,Austrian Grand Prix,FP2,2907.780000,NOR,1,norris,mclaren,111.493000,14.000000,4.000000,,2902.932000,28.082000,45.810000,37.601000,2824.369000,2870.179000,2907.780000,161.000000,95.000000,,168.000000,False,SOFT,3.000000,True,McLaren,2796.287000,,1,,False,,False,False
2026,8,Austrian Grand Prix,FP2,3026.467000,NOR,1,norris,mclaren,118.687000,15.000000,5.000000,2932.153000,,50.596000,41.334000,26.757000,2958.376000,2999.710000,3026.467000,189.000000,196.000000,272.000000,227.000000,False,SOFT,4.000000,False,McLaren,2907.780000,,1,,False,,False,False
2026,8,Austrian Grand Prix,FP2,3093.982000,NOR,1,norris,mclaren,67.515000,16.000000,5.000000,,,16.724000,30.140000,20.651000,3043.191000,3073.331000,3093.982000,316.000000,225.000000,275.000000,311.000000,False,SOFT,5.000000,False,McLaren,3026.467000,,1,,False,,False,True
2026,8,Austrian Grand Prix,FP2,3175.865000,NOR,1,norris,mclaren,81.883000,17.000000,5.000000,,3171.241000,18.874000,35.025000,27.984000,3112.856000,3147.881000,3175.865000,252.000000,193.000000,,264.000000,False,SOFT,6.000000,False,McLaren,3093.982000,,1,,False,,False,False
2026,8,Austrian Grand Prix,FP2,3557.649000,NOR,1,norris,mclaren,,18.000000,6.000000,3483.071000,,,33.523000,22.105000,,3535.710000,3557.719000,264.000000,208.000000,285.000000,278.000000,False,MEDIUM,12.000000,False,McLaren,3175.865000,,1,,False,,False,False
2026,8,Austrian Grand Prix,FP2,3628.498000,NOR,1,norris,mclaren,70.849000,19.000000,6.000000,,,17.508000,31.671000,21.670000,3575.157000,3606.828000,3628.498000,290.000000,210.000000,286.000000,295.000000,False,MEDIUM,13.000000,False,McLaren,3557.649000,,1,,False,,False,True
2026,8,Austrian Grand Prix,FP2,3699.360000,NOR,1,norris,mclaren,70.862000,20.000000,6.000000,,,17.391000,31.711000,21.760000,3645.889000,3677.600000,3699.360000,298.000000,207.000000,283.000000,298.000000,False,MEDIUM,14.000000,False,McLaren,3628.498000,,1,,False,,False,True
2026,8,Austrian Grand Prix,FP2,3770.296000,NOR,1,norris,mclaren,70.936000,21.000000,6.000000,,,17.407000,31.613000,21.916000,3716.767000,3748.380000,3770.296000,302.000000,207.000000,279.000000,298.000000,False,MEDIUM,15.000000,False,McLaren,3699.360000,,1,,False,,False,True
2026,8,Austrian Grand Prix,FP2,3842.107000,NOR,1,norris,mclaren,71.811000,22.000000,6.000000,,,17.518000,32.383000,21.910000,3787.814000,3820.197000,3842.107000,300.000000,205.000000,283.000000,299.000000,False,MEDIUM,16.000000,False,McLaren,3770.296000,,1,,False,,False,True
2026,8,Austrian Grand Prix,FP2,3913.176000,NOR,1,norris,mclaren,71.069000,23.000000,6.000000,,,17.266000,31.890000,21.913000,3859.373000,3891.263000,3913.176000,311.000000,205.000000,281.000000,297.000000,False,MEDIUM,17.000000,False,McLaren,3842.107000,,1,,False,,False,True
2026,8,Austrian Grand Prix,FP2,3984.634000,NOR,1,norris,mclaren,71.458000,24.000000,6.000000,,,17.454000,31.967000,22.037000,3930.630000,3962.597000,3984.634000,302.000000,205.000000,282.000000,299.000000,False,MEDIUM,18.000000,False,McLaren,3913.176000,,1,,False,,False,True
2026,8,Austrian Grand Prix,FP2,4057.219000,NOR,1,norris,mclaren,72.585000,25.000000,6.000000,,,17.537000,32.824000,22.224000,4002.171000,4034.995000,4057.219000,316.000000,204.000000,286.000000,299.000000,False,MEDIUM,19.000000,False,McLaren,3984.634000,,1,,True,TRACK LIMITS AT TURN 3 LAP 26 ,False,True
2026,8,Austrian Grand Prix,FP2,4129.376000,NOR,1,norris,mclaren,72.157000,26.000000,6.000000,,,17.396000,32.232000,22.529000,4074.615000,4106.847000,4129.376000,308.000000,203.000000,283.000000,303.000000,False,MEDIUM,20.000000,False,McLaren,4057.219000,,1,,False,,False,True
2026,8,Austrian Grand Prix,FP2,4202.423000,NOR,1,norris,mclaren,73.047000,27.000000,6.000000,,,17.524000,32.843000,22.680000,4146.900000,4179.743000,4202.423000,326.000000,205.000000,286.000000,299.000000,False,MEDIUM,21.000000,False,McLaren,4129.376000,,1,,False,,False,True
2026,8,Austrian Grand Prix,FP2,4280.546000,NOR,1,norris,mclaren,78.123000,28.000000,6.000000,,4275.794000,17.611000,32.810000,27.702000,4220.034000,4252.844000,4280.546000,312.000000,204.000000,,319.000000,False,MEDIUM,22.000000,False,McLaren,4202.423000,,1,,False,,False,False
2026,8,Austrian Grand Prix,FP2,4372.447000,NOR,1,norris,mclaren,91.901000,29.000000,7.000000,4300.067000,,36.770000,32.798000,22.333000,4317.316000,4350.114000,4372.447000,308.000000,206.000000,277.000000,303.000000,False,SOFT,7.000000,False,McLaren,4280.546000,,1,,False,,False,False
2026,8,Austrian Grand Prix,FP2,4482.192000,NOR,1,norris,mclaren,109.745000,30.000000,7.000000,,,21.108000,43.363000,45.274000,4393.555000,4436.918000,4482.192000,169.000000,153.000000,40.000000,152.000000,False,SOFT,8.000000,False,McLaren,4372.447000,,1,,False,,False,True
2026,8,Austrian Grand Prix,FP2,4615.479000,NOR,1,norris,mclaren,133.287000,31.000000,7.000000,,,51.445000,35.351000,46.491000,4533.637000,4568.988000,4615.479000,296.000000,151.000000,78.000000,265.000000,False,SOFT,9.000000,False,McLaren,4482.192000,,1,,False,,False,True
2026,8,Austrian Grand Prix,FP2,4728.800000,NOR,1,norris,mclaren,113.321000,32.000000,7.000000,,4723.794000,50.589000,32.905000,29.827000,4666.068000,4698.973000,4728.800000,294.000000,204.000000,,286.000000,False,SOFT,10.000000,False,McLaren,4615.479000,,1,,False,,False,False
2026,8,Austrian Grand Prix,FP2,948.115000,VER,3,max_verstappen,red_bull,,1.000000,1.000000,851.528000,,,41.105000,29.301000,,918.987000,948.182000,265.000000,102.000000,267.000000,262.000000,False,MEDIUM,1.000000,True,Red Bull Racing,851.528000,,1,,False,,False,False
2026,8,Austrian Grand Prix,FP2,1017.387000,VER,3,max_verstappen,red_bull,69.272000,2.000000,1.000000,,,16.996000,31.090000,21.186000,965.111000,996.201000,1017.387000,303.000000,224.000000,266.000000,296.000000,True,MEDIUM,2.000000,True,Red Bull Racing,948.115000,,1,,False,,False,True
2026,8,Austrian Grand Prix,FP2,1143.632000,VER,3,max_verstappen,red_bull,126.245000,3.000000,1.000000,,,32.257000,57.650000,36.338000,1049.644000,1107.294000,1143.632000,127.000000,78.000000,158.000000,180.000000,False,MEDIUM,3.000000,True,Red Bull Racing,1017.387000,,1,,False,,False,True
2026,8,Austrian Grand Prix,FP2,1246.027000,VER,3,max_verstappen,red_bull,102.395000,4.000000,1.000000,,,29.595000,45.669000,27.131000,1173.227000,1218.896000,1246.027000,172.000000,139.000000,264.000000,181.000000,False,MEDIUM,4.000000,True,Red Bull Racing,1143.632000,,1,,False,,False,True
2026,8,Austrian Grand Prix,FP2,1356.386000,VER,3,max_verstappen,red_bull,110.359000,5.000000,1.000000,,1352.217000,17.120000,52.753000,40.486000,1263.147000,1315.900000,1356.386000,304.000000,138.000000,,74.000000,False,MEDIUM,5.000000,True,Red Bull Racing,1246.027000,,126,,False,,False,False
2026,8,Austrian Grand Prix,FP2,1895.783000,VER,3,max_verstappen,red_bull,,6.000000,2.000000,1814.799000,,,36.274000,24.062000,,1871.783000,1895.815000,265.000000,208.000000,268.000000,275.000000,False,MEDIUM,6.000000,False,Red Bull Racing,1356.386000,,671,,False,,False,False
2026,8,Austrian Grand Prix,FP2,1964.441000,VER,3,max_verstappen,red_bull,68.658000,7.000000,2.000000,,,17.047000,30.741000,20.870000,1912.830000,1943.571000,1964.441000,307.000000,224.000000,268.000000,302.000000,True,MEDIUM,7.000000,False,Red Bull Racing,1895.783000,,1,,False,,False,True
2026,8,Austrian Grand Prix,FP2,2064.647000,VER,3,max_verstappen,red_bull,100.206000,8.000000,2.000000,,2060.358000,22.189000,37.348000,40.669000,1986.630000,2023.978000,2064.647000,245.000000,197.000000,,218.000000,False,MEDIUM,8.000000,False,Red Bull Racing,1964.441000,,12,,False,,False,False
2026,8,Austrian Grand Prix,FP2,2207.250000,VER,3,max_verstappen,red_bull,142.603000,9.000000,3.000000,2086.132000,,45.996000,58.280000,38.327000,2110.643000,2168.923000,2207.250000,143.000000,101.000000,168.000000,127.000000,False,MEDIUM,9.000000,False,Red Bull Racing,2064.647000,,21,,False,,False,False
2026,8,Austrian Grand Prix,FP2,2315.007000,VER,3,max_verstappen,red_bull,107.757000,10.000000,3.000000,,,28.717000,54.392000,24.648000,2235.967000,2290.359000,2315.007000,153.000000,98.000000,265.000000,137.000000,False,MEDIUM,10.000000,False,Red Bull Racing,2207.250000,,1,,False,,False,True
2026,8,Austrian Grand Prix,FP2,2383.518000,VER,3,max_verstappen,red_bull,68.511000,11.000000,3.000000,,,16.994000,30.765000,20.752000,2332.001000,2362.766000,2383.518000,307.000000,225.000000,266.000000,298.000000,True,MEDIUM,11.000000,False,Red Bull Racing,2315.007000,,1,,False,,False,True
2026,8,Austrian Grand Prix,FP2,2468.105000,VER,3,max_verstappen,red_bull,84.587000,12.000000,3.000000,,2463.775000,20.830000,35.412000,28.345000,2404.348000,2439.760000,2468.105000,261.000000,180.000000,,265.000000,False,MEDIUM,12.000000,False,Red Bull Racing,2383.518000,,1,,False,,False,False
2026,8,Austrian Grand Prix,FP2,3183.841000,VER,3,max_verstappen,red_bull,,13.000000,4.000000,3104.551000,,,36.322000,23.622000,,3160.287000,3183.862000,270.000000,210.000000,267.000000,280.000000,False,SOFT,1.000000,True,Red Bull Racing,2468.105000,,1,,False,,False,False
2026,8,Austrian Grand Prix,FP2,3251.405000,VER,3,max_verstappen,red_bull,67.564000,14.000000,4.000000,,,16.778000,30.183000,20.603000,3200.619000,3230.802000,3251.405000,310.000000,227.000000,260.000000,305.000000,True,SOFT,2.000000,True,Red Bull Racing,3183.841000,,1,,False,,False,True
2026,8,Austrian Grand Prix,FP2,3331.593000,VER,3,max_verstappen,red_bull,80.188000,15.000000,4.000000,,3327.386000,20.365000,32.550000,27.273000,3271.770000,3304.320000,3331.593000,286.000000,215.000000,,275.000000,False,SOFT,3.000000,True,Red Bull Racing,3251.405000,,1,,False,,False,False
2026,8,Austrian Grand Prix,FP2,3680.826000,VER,3,max_verstappen,red_bull,,16.000000,5.000000,3598.953000,,,36.083000,25.565000,,3655.413000,3680.838000,292.000000,197.000000,288.000000,242.000000,False,MEDIUM,13.000000,False,Red Bull Racing,3331.593000,,1,,False,,False,False
2026,8,Austrian Grand Prix,FP2,3751.494000,VER,3,max_verstappen,red_bull,70.668000,17.000000,5.000000,,,17.034000,31.921000,21.713000,3697.860000,3729.781000,3751.494000,294.000000,213.000000,285.000000,288.000000,False,MEDIUM,14.000000,False,Red Bull Racing,3680.826000,,1,,False,,False,True
2026,8,Austrian Grand Prix,FP2,3822.944000,VER,3,max_verstappen,red_bull,71.450000,18.000000,5.000000,,,17.359000,32.175000,21.916000,3768.853000,3801.028000,3822.944000,297.000000,213.000000,284.000000,284.000000,False,MEDIUM,15.000000,False,Red Bull Racing,3751.494000,,1,,False,,False,True
2026,8,Austrian Grand Prix,FP2,3893.943000,VER,3,max_verstappen,red_bull,70.999000,19.000000,5.000000,,,17.191000,31.998000,21.810000,3840.135000,3872.133000,3893.943000,298.000000,212.000000,288.000000,293.000000,False,MEDIUM,16.000000,False,Red Bull Racing,3822.944000,,1,,False,,False,True
2026,8,Austrian Grand Prix,FP2,3965.565000,VER,3,max_verstappen,red_bull,71.622000,20.000000,5.000000,,,17.312000,32.215000,22.095000,3911.255000,3943.470000,3965.565000,301.000000,218.000000,278.000000,298.000000,False,MEDIUM,17.000000,False,Red Bull Racing,3893.943000,,1,,False,,False,True
2026,8,Austrian Grand Prix,FP2,4037.366000,VER,3,max_verstappen,red_bull,71.801000,21.000000,5.000000,,,17.573000,32.341000,21.887000,3983.138000,4015.479000,4037.366000,295.000000,216.000000,286.000000,288.000000,False,MEDIUM,18.000000,False,Red Bull Racing,3965.565000,,1,,False,,False,True
2026,8,Austrian Grand Prix,FP2,4109.730000,VER,3,max_verstappen,red_bull,72.364000,22.000000,5.000000,,,17.433000,32.228000,22.703000,4054.799000,4087.027000,4109.730000,302.000000,217.000000,288.000000,297.000000,False,MEDIUM,19.000000,False,Red Bull Racing,4037.366000,,1,,False,,False,True
2026,8,Austrian Grand Prix,FP2,4181.229000,VER,3,max_verstappen,red_bull,71.499000,23.000000,5.000000,,,17.486000,32.120000,21.893000,4127.216000,4159.336000,4181.229000,296.000000,216.000000,284.000000,292.000000,False,MEDIUM,20.000000,False,Red Bull Racing,4109.730000,,1,,False,,False,True
2026,8,Austrian Grand Prix,FP2,4255.230000,VER,3,max_verstappen,red_bull,74.001000,24.000000,5.000000,,,17.398000,32.388000,24.215000,4198.627000,4231.015000,4255.230000,301.000000,214.000000,273.000000,294.000000,False,MEDIUM,21.000000,False,Red Bull Racing,4181.229000,,1,,True,TRACK LIMITS AT TURN 9 LAP 25 ,False,True
2026,8,Austrian Grand Prix,FP2,4327.749000,VER,3,max_verstappen,red_bull,72.519000,25.000000,5.000000,,,17.775000,32.653000,22.091000,4273.005000,4305.658000,4327.749000,296.000000,212.000000,286.000000,292.000000,False,MEDIUM,22.000000,False,Red Bull Racing,4255.230000,,1,,False,,False,True
2026,8,Austrian Grand Prix,FP2,4400.160000,VER,3,max_verstappen,red_bull,72.411000,26.000000,5.000000,,,17.482000,32.779000,22.150000,4345.231000,4378.010000,4400.160000,302.000000,209.000000,285.000000,299.000000,False,MEDIUM,23.000000,False,Red Bull Racing,4327.749000,,1,,False,,False,True
2026,8,Austrian Grand Prix,FP2,4581.945000,VER,3,max_verstappen,red_bull,,27.000000,5.000000,,,28.904000,60.067000,92.752000,4429.223000,4489.218000,4581.945000,133.000000,122.000000,2.000000,116.000000,False,MEDIUM,24.000000,False,Red Bull Racing,4400.160000,,1,,False,,False,False
2026,8,Austrian Grand Prix,FP2,4719.900000,VER,3,max_verstappen,red_bull,137.955000,28.000000,5.000000,,,23.950000,36.773000,77.232000,4605.895000,4642.668000,4719.900000,246.000000,185.000000,2.000000,260.000000,False,MEDIUM,25.000000,False,Red Bull Racing,4581.945000,,1,,False,,False,True
2026,8,Austrian Grand Prix,FP2,4815.657000,VER,3,max_verstappen,red_bull,95.757000,29.000000,5.000000,,4811.304000,29.328000,37.883000,28.546000,4749.228000,4787.111000,4815.657000,176.000000,169.000000,,231.000000,False,MEDIUM,26.000000,False,Red Bull Racing,4719.900000,,1,,False,,False,False
2026,8,Austrian Grand Prix,FP2,857.109000,BOR,5,bortoleto,audi,,1.000000,1.000000,772.263000,,,36.760000,24.975000,,832.301000,857.205000,215.000000,206.000000,275.000000,262.000000,False,HARD,1.000000,True,Audi,772.263000,,1,,False,,False,False
2026,8,Austrian Grand Prix,FP2,928.036000,BOR,5,bortoleto,audi,70.927000,2.000000,1.000000,,,17.329000,31.609000,21.989000,874.438000,906.047000,928.036000,302.000000,219.000000,258.000000,298.000000,True,HARD,2.000000,True,Audi,857.109000,,1,,False,,False,True
2026,8,Austrian Grand Prix,FP2,1018.710000,BOR,5,bortoleto,audi,90.674000,3.000000,1.000000,,,25.916000,39.415000,25.343000,953.952000,993.367000,1018.710000,171.000000,203.000000,276.000000,237.000000,False,HARD,3.000000,True,Audi,928.036000,,1,,False,,False,True
2026,8,Austrian Grand Prix,FP2,1088.908000,BOR,5,bortoleto,audi,70.198000,4.000000,1.000000,,,17.142000,31.367000,21.689000,1035.852000,1067.219000,1088.908000,304.000000,220.000000,259.000000,296.000000,True,HARD,4.000000,True,Audi,1018.710000,,1,,False,,False,True
2026,8,Austrian Grand Prix,FP2,1195.681000,BOR,5,bortoleto,audi,106.773000,5.000000,1.000000,,1191.418000,25.654000,47.339000,33.780000,1114.562000,1161.901000,1195.681000,186.000000,148.000000,,159.000000,False,HARD,5.000000,True,Audi,1088.908000,,1,,False,,False,False
2026,8,Austrian Grand Prix,FP2,1355.174000,BOR,5,bortoleto,audi,,6.000000,2.000000,1226.373000,,57.596000,61.484000,40.309000,1253.578000,1314.946000,1355.174000,167.000000,128.000000,145.000000,129.000000,False,HARD,6.000000,False,Audi,1195.681000,,126,,False,,False,False
2026,8,Austrian Grand Prix,FP2,1528.496000,BOR,5,bortoleto,audi,,7.000000,2.000000,,,32.060000,77.887000,63.514000,1387.364000,1465.258000,1528.632000,130.000000,36.000000,230.000000,158.000000,False,HARD,7.000000,False,Audi,1355.174000,,6,,False,,False,False
2026,8,Austrian Grand Prix,FP2,1646.904000,BOR,5,bortoleto,audi,118.408000,8.000000,2.000000,,,21.046000,68.426000,28.936000,1549.542000,1617.968000,1646.904000,251.000000,152.000000,245.000000,127.000000,False,HARD,8.000000,False,Audi,1528.496000,,6,,False,,False,False
2026,8,Austrian Grand Prix,FP2,1751.406000,BOR,5,bortoleto,audi,104.502000,9.000000,2.000000,,,20.848000,56.033000,27.621000,1667.752000,1723.785000,1751.406000,211.000000,130.000000,274.000000,133.000000,False,HARD,9.000000,False,Audi,1646.904000,,671,,False,,False,False
2026,8,Austrian Grand Prix,FP2,1821.046000,BOR,5,bortoleto,audi,69.640000,10.000000,2.000000,,,17.067000,31.204000,21.369000,1768.473000,1799.677000,1821.046000,309.000000,223.000000,263.000000,298.000000,True,HARD,10.000000,False,Audi,1751.406000,,1,,False,,False,True
2026,8,Austrian Grand Prix,FP2,1937.940000,BOR,5,bortoleto,audi,116.894000,11.000000,2.000000,,,27.387000,54.609000,34.898000,1848.433000,1903.042000,1937.940000,190.000000,105.000000,275.000000,162.000000,False,HARD,11.000000,False,Audi,1821.046000,,1,,False,,False,True
2026,8,Austrian Grand Prix,FP2,2007.661000,BOR,5,bortoleto,audi,69.721000,12.000000,2.000000,,,17.146000,31.244000,21.331000,1955.086000,1986.330000,2007.661000,308.000000,224.000000,262.000000,295.000000,False,HARD,12.000000,False,Audi,1937.940000,,1,,False,,False,True
2026,8,Austrian Grand Prix,FP2,2110.568000,BOR,5,bortoleto,audi,102.907000,13.000000,2.000000,,,27.776000,49.538000,25.593000,2035.437000,2084.975000,2110.568000,137.000000,162.000000,276.000000,172.000000,False,HARD,13.000000,False,Audi,2007.661000,,12,,False,,False,True
2026,8,Austrian Grand Prix,FP2,2180.373000,BOR,5,bortoleto,audi,69.805000,14.000000,2.000000,,,17.088000,31.378000,21.339000,2127.656000,2159.034000,2180.373000,305.000000,222.000000,261.000000,296.000000,False,HARD,14.000000,False,Audi,2110.568000,,1,,False,,False,True
2026,8,Austrian Grand Prix,FP2,2258.658000,BOR,5,bortoleto,audi,78.285000,15.000000,2.000000,,2254.400000,18.531000,33.198000,26.556000,2198.904000,2232.102000,2258.658000,285.000000,206.000000,,294.000000,False,HARD,15.000000,False,Audi,2180.373000,,1,,False,,False,False
2026,8,Austrian Grand Prix,FP2,3253.281000,BOR,5,bortoleto,audi,,16.000000,3.000000,3163.569000,,,38.873000,26.175000,,3227.202000,3254.129000,207.000000,169.000000,278.000000,243.000000,False,SOFT,1.000000,True,Audi,2258.658000,,1,,False,,False,False
2026,8,Austrian Grand Prix,FP2,3321.581000,BOR,5,bortoleto,audi,68.300000,17.000000,3.000000,,,16.921000,30.559000,20.820000,3270.202000,3300.761000,3321.581000,305.000000,224.000000,271.000000,298.000000,True,SOFT,2.000000,True,Audi,3253.281000,,1,,False,,False,True
2026,8,Austrian Grand Prix,FP2,3405.708000,BOR,5,bortoleto,audi,84.127000,18.000000,3.000000,,3401.392000,20.423000,35.725000,27.979000,3342.004000,3377.729000,3405.708000,250.000000,207.000000,,246.000000,False,SOFT,3.000000,True,Audi,3321.581000,,1,,False,,False,False
2026,8,Austrian Grand Prix,FP2,3798.349000,BOR,5,bortoleto,audi,,19.000000,4.000000,3723.057000,,,33.586000,22.920000,,3775.654000,3798.404000,280.000000,211.000000,272.000000,279.000000,False,HARD,16.000000,False,Audi,3405.708000,,1,,False,,False,False
2026,8,Austrian Grand Prix,FP2,3871.633000,BOR,5,bortoleto,audi,73.284000,20.000000,4.000000,,,18.003000,32.700000,22.581000,3816.352000,3849.052000,3871.633000,299.000000,212.000000,277.000000,292.000000,False,HARD,17.000000,False,Audi,3798.349000,,1,,False,,False,True
2026,8,Austrian Grand Prix,FP2,3944.131000,BOR,5,bortoleto,audi,72.498000,21.000000,4.000000,,,17.658000,32.536000,22.304000,3889.291000,3921.827000,3944.131000,301.000000,211.000000,276.000000,292.000000,False,HARD,18.000000,False,Audi,3871.633000,,1,,False,,False,True
2026,8,Austrian Grand Prix,FP2,4016.834000,BOR,5,bortoleto,audi,72.703000,22.000000,4.000000,,,17.773000,32.615000,22.315000,3961.904000,3994.519000,4016.834000,299.000000,214.000000,276.000000,291.000000,False,HARD,19.000000,False,Audi,3944.131000,,1,,False,,False,True
2026,8,Austrian Grand Prix,FP2,4089.533000,BOR,5,bortoleto,audi,72.699000,23.000000,4.000000,,,17.782000,32.561000,22.356000,4034.616000,4067.177000,4089.533000,295.000000,213.000000,277.000000,287.000000,False,HARD,20.000000,False,Audi,4016.834000,,1,,False,,False,True
2026,8,Austrian Grand Prix,FP2,4162.501000,BOR,5,bortoleto,audi,72.968000,24.000000,4.000000,,,17.804000,32.633000,22.531000,4107.337000,4139.970000,4162.501000,301.000000,211.000000,279.000000,289.000000,False,HARD,21.000000,False,Audi,4089.533000,,1,,False,,False,True
2026,8,Austrian Grand Prix,FP2,4236.517000,BOR,5,bortoleto,audi,74.016000,25.000000,4.000000,,,17.798000,33.225000,22.993000,4180.299000,4213.524000,4236.517000,303.000000,210.000000,279.000000,295.000000,False,HARD,22.000000,False,Audi,4162.501000,,1,,False,,False,True
2026,8,Austrian Grand Prix,FP2,4310.811000,BOR,5,bortoleto,audi,74.294000,26.000000,4.000000,,,17.910000,33.435000,22.949000,4254.427000,4287.862000,4310.811000,297.000000,209.000000,280.000000,298.000000,False,HARD,23.000000,False,Audi,4236.517000,,1,,False,,False,True
2026,8,Austrian Grand Prix,FP2,4385.328000,BOR,5,bortoleto,audi,74.517000,27.000000,4.000000,,,17.949000,33.694000,22.874000,4328.760000,4362.454000,4385.328000,315.000000,209.000000,272.000000,289.000000,False,HARD,24.000000,False,Audi,4310.811000,,1,,False,,False,True
2026,8,Austrian Grand Prix,FP2,4490.922000,BOR,5,bortoleto,audi,105.594000,28.000000,4.000000,,,22.889000,41.066000,41.639000,4408.217000,4449.283000,4490.922000,194.000000,179.000000,88.000000,224.000000,False,HARD,25.000000,False,Audi,4385.328000,,1,,False,,False,True
2026,8,Austrian Grand Prix,FP2,4605.237000,BOR,5,bortoleto,audi,114.315000,29.000000,4.000000,,,42.334000,33.662000,38.319000,4533.256000,4566.918000,4605.237000,306.000000,208.000000,47.000000,287.000000,False,HARD,26.000000,False,Audi,4490.922000,,1,,False,,False,True
2026,8,Austrian Grand Prix,FP2,4727.075000,BOR,5,bortoleto,audi,121.838000,30.000000,4.000000,,4722.716000,53.850000,39.557000,28.431000,4659.087000,4698.644000,4727.075000,304.000000,194.000000,,232.000000,False,HARD,27.000000,False,Audi,4605.237000,,1,,False,,False,False
2026,8,Austrian Grand Prix,FP2,941.447000,HAD,6,hadjar,red_bull,,1.000000,1.000000,833.080000,,,41.204000,29.253000,,912.298000,941.480000,227.000000,193.000000,267.000000,274.000000,False,MEDIUM,1.000000,True,Red Bull Racing,833.080000,,1,,False,,False,False
2026,8,Austrian Grand Prix,FP2,1010.582000,HAD,6,hadjar,red_bull,69.135000,2.000000,1.000000,,,17.124000,30.782000,21.229000,958.571000,989.353000,1010.582000,314.000000,222.000000,259.000000,308.000000,True,MEDIUM,2.000000,True,Red Bull Racing,941.447000,,1,,False,,False,True
2026,8,Austrian Grand Prix,FP2,1139.916000,HAD,6,hadjar,red_bull,129.334000,3.000000,1.000000,,1135.631000,32.300000,57.534000,39.500000,1042.882000,1100.416000,1139.916000,102.000000,106.000000,,136.000000,False,MEDIUM,3.000000,True,Red Bull Racing,1010.582000,,1,,False,,False,False
2026,8,Austrian Grand Prix,FP2,1279.236000,HAD,6,hadjar,red_bull,139.320000,4.000000,2.000000,1165.696000,,61.529000,46.044000,31.747000,1201.445000,1247.489000,1279.236000,161.000000,173.000000,150.000000,205.000000,False,MEDIUM,4.000000,False,Red Bull Racing,1139.916000,,126,,False,,False,False
2026,8,Austrian Grand Prix,FP2,1404.813000,HAD,6,hadjar,red_bull,125.577000,5.000000,2.000000,,1400.628000,34.279000,53.365000,37.933000,1313.515000,1366.880000,1404.813000,154.000000,94.000000,,228.000000,False,MEDIUM,5.000000,False,Red Bull Racing,1279.236000,,6,,False,,False,False
2026,8,Austrian Grand Prix,FP2,1836.518000,HAD,6,hadjar,red_bull,,6.000000,3.000000,1739.129000,,,35.907000,31.756000,,1804.829000,1836.518000,258.000000,200.000000,265.000000,285.000000,False,MEDIUM,6.000000,False,Red Bull Racing,1404.813000,,671,,False,,False,False
2026,8,Austrian Grand Prix,FP2,1930.416000,HAD,6,hadjar,red_bull,93.898000,7.000000,3.000000,,,16.963000,46.211000,30.724000,1853.481000,1899.692000,1930.416000,316.000000,123.000000,226.000000,135.000000,False,MEDIUM,7.000000,False,Red Bull Racing,1836.518000,,1,,False,,False,True
2026,8,Austrian Grand Prix,FP2,2042.830000,HAD,6,hadjar,red_bull,112.414000,8.000000,3.000000,,,30.108000,52.273000,30.033000,1960.524000,2012.797000,2042.830000,129.000000,136.000000,263.000000,253.000000,False,MEDIUM,8.000000,False,Red Bull Racing,1930.416000,,1,,False,,False,True
2026,8,Austrian Grand Prix,FP2,2158.211000,HAD,6,hadjar,red_bull,115.381000,9.000000,3.000000,,,17.145000,58.277000,39.959000,2059.975000,2118.252000,2158.211000,271.000000,108.000000,112.000000,120.000000,False,MEDIUM,9.000000,False,Red Bull Racing,2042.830000,,12,,False,,False,True
2026,8,Austrian Grand Prix,FP2,2264.469000,HAD,6,hadjar,red_bull,106.258000,10.000000,3.000000,,,30.455000,45.877000,29.926000,2188.666000,2234.543000,2264.469000,192.000000,150.000000,265.000000,207.000000,False,MEDIUM,10.000000,False,Red Bull Racing,2158.211000,,1,,False,,False,True
2026,8,Austrian Grand Prix,FP2,2333.241000,HAD,6,hadjar,red_bull,68.772000,11.000000,3.000000,,,17.004000,30.885000,20.883000,2281.473000,2312.358000,2333.241000,311.000000,224.000000,270.000000,306.000000,True,MEDIUM,11.000000,False,Red Bull Racing,2264.469000,,1,,False,,False,True
2026,8,Austrian Grand Prix,FP2,2413.860000,HAD,6,hadjar,red_bull,80.619000,12.000000,3.000000,,2409.675000,19.550000,34.281000,26.788000,2352.791000,2387.072000,2413.860000,282.000000,208.000000,,289.000000,False,MEDIUM,12.000000,False,Red Bull Racing,2333.241000,,1,,False,,False,False
2026,8,Austrian Grand Prix,FP2,2939.958000,HAD,6,hadjar,red_bull,,13.000000,4.000000,2822.886000,,,35.812000,49.350000,,2890.777000,2940.013000,279.000000,196.000000,188.000000,293.000000,False,SOFT,1.000000,True,Red Bull Racing,2413.860000,,1,,False,,False,False
2026,8,Austrian Grand Prix,FP2,3043.291000,HAD,6,hadjar,red_bull,103.333000,14.000000,4.000000,,,28.123000,45.904000,29.306000,2968.081000,3013.985000,3043.291000,154.000000,142.000000,263.000000,275.000000,False,SOFT,2.000000,True,Red Bull Racing,2939.958000,,1,,False,,False,True
2026,8,Austrian Grand Prix,FP2,3153.323000,HAD,6,hadjar,red_bull,110.032000,15.000000,4.000000,,,16.899000,56.408000,36.725000,3060.190000,3116.598000,3153.323000,312.000000,97.000000,179.000000,107.000000,False,SOFT,3.000000,True,Red Bull Racing,3043.291000,,1,,False,,False,True
2026,8,Austrian Grand Prix,FP2,3263.958000,HAD,6,hadjar,red_bull,110.635000,16.000000,4.000000,,,28.902000,49.398000,32.335000,3182.225000,3231.623000,3263.958000,125.000000,94.000000,263.000000,205.000000,False,SOFT,4.000000,True,Red Bull Racing,3153.323000,,1,,False,,False,True
2026,8,Austrian Grand Prix,FP2,3331.716000,HAD,6,hadjar,red_bull,67.758000,17.000000,4.000000,,,16.865000,30.270000,20.623000,3280.823000,3311.093000,3331.716000,316.000000,227.000000,278.000000,309.000000,True,SOFT,5.000000,True,Red Bull Racing,3263.958000,,1,,False,,False,True
2026,8,Austrian Grand Prix,FP2,3410.277000,HAD,6,hadjar,red_bull,78.561000,18.000000,4.000000,,3406.010000,17.902000,34.337000,26.322000,3349.618000,3383.955000,3410.277000,288.000000,208.000000,,273.000000,False,SOFT,6.000000,True,Red Bull Racing,3331.716000,,1,,False,,False,False
2026,8,Austrian Grand Prix,FP2,3930.741000,HAD,6,hadjar,red_bull,,19.000000,5.000000,3853.744000,,,34.655000,23.335000,,3907.536000,3930.814000,229.000000,228.000000,280.000000,276.000000,False,MEDIUM,13.000000,False,Red Bull Racing,3410.277000,,1,,False,,False,False
2026,8,Austrian Grand Prix,FP2,4002.995000,HAD,6,hadjar,red_bull,72.254000,20.000000,5.000000,,,17.516000,32.667000,22.071000,3948.257000,3980.924000,4002.995000,296.000000,213.000000,282.000000,283.000000,False,MEDIUM,14.000000,False,Red Bull Racing,3930.741000,,1,,False,,False,True
2026,8,Austrian Grand Prix,FP2,4074.868000,HAD,6,hadjar,red_bull,71.873000,21.000000,5.000000,,,17.461000,32.390000,22.022000,4020.456000,4052.846000,4074.868000,298.000000,209.000000,284.000000,290.000000,False,MEDIUM,15.000000,False,Red Bull Racing,4002.995000,,1,,False,,False,True
2026,8,Austrian Grand Prix,FP2,4146.803000,HAD,6,hadjar,red_bull,71.935000,22.000000,5.000000,,,17.440000,32.492000,22.003000,4092.308000,4124.800000,4146.803000,300.000000,210.000000,282.000000,287.000000,False,MEDIUM,16.000000,False,Red Bull Racing,4074.868000,,1,,False,,False,True
2026,8,Austrian Grand Prix,FP2,4220.820000,HAD,6,hadjar,red_bull,74.017000,23.000000,5.000000,,,17.621000,32.545000,23.851000,4164.424000,4196.969000,4220.820000,294.000000,216.000000,282.000000,286.000000,False,MEDIUM,17.000000,False,Red Bull Racing,4146.803000,,1,,False,,False,True
2026,8,Austrian Grand Prix,FP2,4292.594000,HAD,6,hadjar,red_bull,71.774000,24.000000,5.000000,,,17.487000,32.299000,21.988000,4238.307000,4270.606000,4292.594000,294.000000,212.000000,284.000000,287.000000,False,MEDIUM,18.000000,False,Red Bull Racing,4220.820000,,1,,False,,False,True
2026,8,Austrian Grand Prix,FP2,4364.309000,HAD,6,hadjar,red_bull,71.715000,25.000000,5.000000,,,17.424000,32.268000,22.023000,4310.018000,4342.286000,4364.309000,297.000000,213.000000,283.000000,291.000000,False,MEDIUM,19.000000,False,Red Bull Racing,4292.594000,,1,,False,,False,True
2026,8,Austrian Grand Prix,FP2,4511.253000,HAD,6,hadjar,red_bull,146.944000,26.000000,5.000000,,,22.256000,67.740000,56.948000,4386.565000,4454.305000,4511.253000,133.000000,91.000000,76.000000,98.000000,False,MEDIUM,20.000000,False,Red Bull Racing,4364.309000,,1,,False,,False,True
2026,8,Austrian Grand Prix,FP2,4666.786000,HAD,6,hadjar,red_bull,,27.000000,5.000000,,,51.616000,51.236000,52.564000,4563.039000,4614.246000,4667.550000,215.000000,102.000000,40.000000,181.000000,False,MEDIUM,21.000000,False,Red Bull Racing,4511.253000,,1,,False,,False,False
2026,8,Austrian Grand Prix,FP2,4796.302000,HAD,6,hadjar,red_bull,129.516000,28.000000,5.000000,,4791.241000,62.711000,37.532000,29.273000,4729.497000,4767.029000,4796.302000,290.000000,187.000000,,243.000000,False,MEDIUM,22.000000,False,Red Bull Racing,4666.786000,,1,,False,,False,False
2026,8,Austrian Grand Prix,FP2,891.209000,GAS,10,gasly,alpine,,1.000000,1.000000,797.074000,,,40.046000,26.744000,,864.664000,891.297000,213.000000,182.000000,274.000000,225.000000,False,MEDIUM,1.000000,True,Alpine,797.074000,,1,,False,,False,False
2026,8,Austrian Grand Prix,FP2,961.955000,GAS,10,gasly,alpine,70.746000,2.000000,1.000000,,,17.254000,31.945000,21.547000,908.463000,940.408000,961.955000,301.000000,212.000000,286.000000,298.000000,True,MEDIUM,2.000000,True,Alpine,891.209000,,1,,False,,False,True
2026,8,Austrian Grand Prix,FP2,1079.549000,GAS,10,gasly,alpine,117.594000,3.000000,1.000000,,,30.283000,53.422000,33.889000,992.238000,1045.660000,1079.549000,134.000000,117.000000,223.000000,144.000000,False,MEDIUM,3.000000,True,Alpine,961.955000,,1,,False,,False,True
2026,8,Austrian Grand Prix,FP2,1170.555000,GAS,10,gasly,alpine,91.006000,4.000000,1.000000,,,19.721000,42.648000,28.637000,1099.270000,1141.918000,1170.555000,274.000000,120.000000,271.000000,209.000000,False,MEDIUM,4.000000,True,Alpine,1079.549000,,1,,False,,False,True
2026,8,Austrian Grand Prix,FP2,1240.570000,GAS,10,gasly,alpine,70.015000,5.000000,1.000000,,,17.276000,31.537000,21.202000,1187.831000,1219.368000,1240.570000,301.000000,216.000000,284.000000,299.000000,True,MEDIUM,5.000000,True,Alpine,1170.555000,,1,,False,,False,True
2026,8,Austrian Grand Prix,FP2,1369.657000,GAS,10,gasly,alpine,129.087000,6.000000,1.000000,,1365.315000,29.543000,57.889000,41.655000,1270.113000,1328.002000,1369.657000,139.000000,105.000000,,162.000000,False,MEDIUM,6.000000,True,Alpine,1240.570000,,126,,False,,False,False
2026,8,Austrian Grand Prix,FP2,1547.113000,GAS,10,gasly,alpine,,7.000000,2.000000,1393.548000,,54.132000,70.288000,53.042000,1424.617000,1494.348000,1547.340000,125.000000,60.000000,234.000000,104.000000,False,MEDIUM,7.000000,False,Alpine,1369.657000,,6,,False,,False,False
2026,8,Austrian Grand Prix,FP2,1673.789000,GAS,10,gasly,alpine,126.676000,8.000000,2.000000,,,21.202000,69.320000,36.154000,1568.315000,1637.635000,1673.789000,256.000000,76.000000,238.000000,250.000000,False,MEDIUM,8.000000,False,Alpine,1547.113000,,6,,False,,False,False
2026,8,Austrian Grand Prix,FP2,1764.037000,GAS,10,gasly,alpine,90.248000,9.000000,2.000000,,,23.124000,42.051000,25.073000,1696.913000,1738.964000,1764.037000,126.000000,184.000000,271.000000,255.000000,False,MEDIUM,9.000000,False,Alpine,1673.789000,,671,,False,,False,False
2026,8,Austrian Grand Prix,FP2,1833.606000,GAS,10,gasly,alpine,69.569000,10.000000,2.000000,,,17.052000,31.308000,21.209000,1781.089000,1812.397000,1833.606000,302.000000,217.000000,286.000000,297.000000,True,MEDIUM,10.000000,False,Alpine,1764.037000,,1,,False,,False,True
2026,8,Austrian Grand Prix,FP2,1925.875000,GAS,10,gasly,alpine,92.269000,11.000000,2.000000,,1921.841000,21.569000,42.084000,28.616000,1855.175000,1897.259000,1925.875000,238.000000,176.000000,,239.000000,False,MEDIUM,11.000000,False,Alpine,1833.606000,,1,,False,,False,False
2026,8,Austrian Grand Prix,FP2,2611.756000,GAS,10,gasly,alpine,,12.000000,3.000000,2524.684000,,,38.168000,25.897000,,2585.987000,2611.890000,243.000000,176.000000,273.000000,301.000000,False,SOFT,1.000000,True,Alpine,1925.875000,,12,,False,,False,False
2026,8,Austrian Grand Prix,FP2,2680.132000,GAS,10,gasly,alpine,68.376000,13.000000,3.000000,,,16.935000,30.588000,20.853000,2628.691000,2659.279000,2680.132000,311.000000,223.000000,277.000000,314.000000,True,SOFT,2.000000,True,Alpine,2611.756000,,1,,False,,False,True
2026,8,Austrian Grand Prix,FP2,2791.857000,GAS,10,gasly,alpine,111.725000,14.000000,3.000000,,2787.704000,22.679000,48.741000,40.305000,2702.811000,2751.552000,2791.857000,221.000000,133.000000,,159.000000,False,SOFT,3.000000,True,Alpine,2680.132000,,1,,False,,False,False
2026,8,Austrian Grand Prix,FP2,2908.385000,GAS,10,gasly,alpine,116.528000,15.000000,4.000000,2803.665000,,36.498000,51.330000,28.700000,2828.355000,2879.685000,2908.385000,172.000000,149.000000,271.000000,136.000000,False,SOFT,4.000000,False,Alpine,2791.857000,,1,,False,,False,False
2026,8,Austrian Grand Prix,FP2,2982.735000,GAS,10,gasly,alpine,74.350000,16.000000,4.000000,,2978.564000,17.090000,30.850000,26.410000,2925.475000,2956.325000,2982.735000,310.000000,223.000000,,312.000000,False,SOFT,5.000000,False,Alpine,2908.385000,,1,,False,,False,False
2026,8,Austrian Grand Prix,FP2,3450.959000,GAS,10,gasly,alpine,,17.000000,5.000000,3365.300000,,,36.127000,25.191000,,3425.993000,3451.069000,209.000000,167.000000,285.000000,275.000000,False,MEDIUM,12.000000,False,Alpine,2982.735000,,1,,False,,False,False
2026,8,Austrian Grand Prix,FP2,3522.520000,GAS,10,gasly,alpine,71.561000,18.000000,5.000000,,,17.406000,32.048000,22.107000,3468.365000,3500.413000,3522.520000,295.000000,212.000000,285.000000,303.000000,False,MEDIUM,13.000000,False,Alpine,3450.959000,,1,,False,,False,True
2026,8,Austrian Grand Prix,FP2,3594.447000,GAS,10,gasly,alpine,71.927000,19.000000,5.000000,,,17.432000,32.274000,22.221000,3539.952000,3572.226000,3594.447000,298.000000,210.000000,285.000000,299.000000,False,MEDIUM,14.000000,False,Alpine,3522.520000,,1,,False,,False,True
2026,8,Austrian Grand Prix,FP2,3666.101000,GAS,10,gasly,alpine,71.654000,20.000000,5.000000,,,17.396000,32.044000,22.214000,3611.843000,3643.887000,3666.101000,303.000000,209.000000,284.000000,302.000000,False,MEDIUM,15.000000,False,Alpine,3594.447000,,1,,False,,False,True
2026,8,Austrian Grand Prix,FP2,3738.193000,GAS,10,gasly,alpine,72.092000,21.000000,5.000000,,,17.555000,32.192000,22.345000,3683.656000,3715.848000,3738.193000,303.000000,210.000000,284.000000,300.000000,False,MEDIUM,16.000000,False,Alpine,3666.101000,,1,,False,,False,True
2026,8,Austrian Grand Prix,FP2,3810.170000,GAS,10,gasly,alpine,71.977000,22.000000,5.000000,,,17.536000,32.177000,22.264000,3755.729000,3787.906000,3810.170000,305.000000,209.000000,282.000000,302.000000,False,MEDIUM,17.000000,False,Alpine,3738.193000,,1,,False,,False,True
2026,8,Austrian Grand Prix,FP2,3882.745000,GAS,10,gasly,alpine,72.575000,23.000000,5.000000,,,17.586000,32.524000,22.465000,3827.756000,3860.280000,3882.745000,306.000000,207.000000,282.000000,303.000000,False,MEDIUM,18.000000,False,Alpine,3810.170000,,1,,False,,False,True
2026,8,Austrian Grand Prix,FP2,3955.175000,GAS,10,gasly,alpine,72.430000,24.000000,5.000000,,,17.637000,32.295000,22.498000,3900.382000,3932.677000,3955.175000,306.000000,206.000000,284.000000,302.000000,False,MEDIUM,19.000000,False,Alpine,3882.745000,,1,,False,,False,True
2026,8,Austrian Grand Prix,FP2,4027.535000,GAS,10,gasly,alpine,72.360000,25.000000,5.000000,,,17.600000,32.292000,22.468000,3972.775000,4005.067000,4027.535000,304.000000,205.000000,285.000000,303.000000,False,MEDIUM,20.000000,False,Alpine,3955.175000,,1,,False,,False,True
2026,8,Austrian Grand Prix,FP2,4100.054000,GAS,10,gasly,alpine,72.519000,26.000000,5.000000,,,17.509000,32.497000,22.513000,4045.044000,4077.541000,4100.054000,305.000000,206.000000,286.000000,305.000000,False,MEDIUM,21.000000,False,Alpine,4027.535000,,1,,False,,False,True
2026,8,Austrian Grand Prix,FP2,4173.055000,GAS,10,gasly,alpine,73.001000,27.000000,5.000000,,,17.545000,32.508000,22.948000,4117.599000,4150.107000,4173.055000,308.000000,207.000000,287.000000,307.000000,False,MEDIUM,22.000000,False,Alpine,4100.054000,,1,,False,,False,True
2026,8,Austrian Grand Prix,FP2,4246.774000,GAS,10,gasly,alpine,73.719000,28.000000,5.000000,,,17.539000,33.229000,22.951000,4190.594000,4223.823000,4246.774000,328.000000,205.000000,282.000000,303.000000,False,MEDIUM,23.000000,False,Alpine,4173.055000,,1,,False,,False,True
2026,8,Austrian Grand Prix,FP2,4325.986000,GAS,10,gasly,alpine,79.212000,29.000000,5.000000,,,21.532000,34.913000,22.767000,4268.306000,4303.219000,4325.986000,228.000000,207.000000,281.000000,274.000000,False,MEDIUM,24.000000,False,Alpine,4246.774000,,1,,False,,False,True
2026,8,Austrian Grand Prix,FP2,4399.241000,GAS,10,gasly,alpine,73.255000,30.000000,5.000000,,,17.695000,32.984000,22.576000,4343.681000,4376.665000,4399.241000,308.000000,205.000000,286.000000,307.000000,False,MEDIUM,25.000000,False,Alpine,4325.986000,,1,,False,,False,True
2026,8,Austrian Grand Prix,FP2,4514.919000,GAS,10,gasly,alpine,115.678000,31.000000,5.000000,,,20.910000,41.893000,52.875000,4420.151000,4462.044000,4514.919000,195.000000,157.000000,87.000000,203.000000,False,MEDIUM,26.000000,False,Alpine,4399.241000,,1,,False,,False,True
2026,8,Austrian Grand Prix,FP2,4649.323000,GAS,10,gasly,alpine,134.404000,32.000000,5.000000,,,48.194000,45.289000,40.921000,4563.113000,4608.402000,4649.323000,182.000000,147.000000,82.000000,169.000000,False,MEDIUM,27.000000,False,Alpine,4514.919000,,1,,False,,False,True
2026,8,Austrian Grand Prix,FP2,4768.457000,GAS,10,gasly,alpine,119.134000,33.000000,5.000000,,4764.172000,49.298000,36.731000,33.105000,4698.621000,4735.352000,4768.457000,292.000000,147.000000,,273.000000,False,MEDIUM,28.000000,False,Alpine,4649.323000,,1,,False,,False,False
2026,8,Austrian Grand Prix,FP2,1174.400000,PER,11,perez,cadillac,,1.000000,1.000000,1075.016000,,,45.266000,30.883000,,1143.673000,1174.400000,193.000000,92.000000,267.000000,245.000000,False,MEDIUM,1.000000,True,Cadillac,1075.016000,,1,,False,,False,False
2026,8,Austrian Grand Prix,FP2,2843.325000,PER,11,perez,cadillac,,2.000000,1.000000,,2843.325000,29.170000,,,1203.816000,,,156.000000,92.000000,,185.000000,False,MEDIUM,2.000000,True,Cadillac,1174.400000,,1267,,False,,False,False
2026,8,Austrian Grand Prix,FP2,975.952000,ANT,12,antonelli,mercedes,,1.000000,1.000000,881.763000,,,43.698000,26.061000,,949.928000,975.977000,219.000000,186.000000,271.000000,171.000000,False,MEDIUM,1.000000,True,Mercedes,881.763000,,1,,False,,False,False
2026,8,Austrian Grand Prix,FP2,1044.294000,ANT,12,antonelli,mercedes,68.342000,2.000000,1.000000,,,16.930000,30.554000,20.858000,992.882000,1023.436000,1044.294000,316.000000,219.000000,275.000000,317.000000,True,MEDIUM,2.000000,True,Mercedes,975.952000,,1,,False,,False,True
2026,8,Austrian Grand Prix,FP2,1153.295000,ANT,12,antonelli,mercedes,109.001000,3.000000,1.000000,,1148.704000,24.569000,46.437000,37.995000,1068.863000,1115.300000,1153.295000,164.000000,160.000000,,177.000000,False,MEDIUM,3.000000,True,Mercedes,1044.294000,,1,,False,,False,False
2026,8,Austrian Grand Prix,FP2,1323.616000,ANT,12,antonelli,mercedes,,4.000000,2.000000,1213.366000,1319.156000,85.734000,48.496000,35.982000,1239.138000,1287.671000,1323.620000,193.000000,140.000000,,190.000000,False,MEDIUM,4.000000,False,Mercedes,1153.295000,,126,,False,,False,False
2026,8,Austrian Grand Prix,FP2,1593.564000,ANT,12,antonelli,mercedes,,5.000000,3.000000,1465.071000,,,59.816000,46.209000,,1547.450000,1593.655000,257.000000,75.000000,216.000000,204.000000,False,MEDIUM,5.000000,False,Mercedes,1323.616000,,6,,False,,False,False
2026,8,Austrian Grand Prix,FP2,1719.783000,ANT,12,antonelli,mercedes,126.219000,6.000000,3.000000,,,21.481000,61.596000,43.142000,1615.045000,1676.641000,1719.783000,250.000000,81.000000,270.000000,159.000000,False,MEDIUM,6.000000,False,Mercedes,1593.564000,,671,,False,,False,False
2026,8,Austrian Grand Prix,FP2,1805.568000,ANT,12,antonelli,mercedes,85.785000,7.000000,3.000000,,,16.929000,33.365000,35.491000,1736.712000,1770.077000,1805.568000,316.000000,166.000000,173.000000,317.000000,False,MEDIUM,7.000000,False,Mercedes,1719.783000,,1,,False,,False,True
2026,8,Austrian Grand Prix,FP2,1910.106000,ANT,12,antonelli,mercedes,104.538000,8.000000,3.000000,,,28.909000,47.047000,28.582000,1834.477000,1881.524000,1910.106000,167.000000,171.000000,274.000000,200.000000,False,MEDIUM,8.000000,False,Mercedes,1805.568000,,1,,False,,False,True
2026,8,Austrian Grand Prix,FP2,1978.304000,ANT,12,antonelli,mercedes,68.198000,9.000000,3.000000,,,16.884000,30.556000,20.758000,1926.990000,1957.546000,1978.304000,317.000000,221.000000,273.000000,317.000000,True,MEDIUM,9.000000,False,Mercedes,1910.106000,,1,,False,,False,True
2026,8,Austrian Grand Prix,FP2,2091.989000,ANT,12,antonelli,mercedes,113.685000,10.000000,3.000000,,2087.506000,26.652000,49.077000,37.956000,2004.956000,2054.033000,2091.989000,137.000000,135.000000,,172.000000,False,MEDIUM,10.000000,False,Mercedes,1978.304000,,12,,False,,False,False
2026,8,Austrian Grand Prix,FP2,2251.251000,ANT,12,antonelli,mercedes,,11.000000,4.000000,2153.354000,,89.030000,44.517000,25.717000,2181.131000,2225.790000,2251.251000,182.000000,171.000000,276.000000,212.000000,False,MEDIUM,11.000000,False,Mercedes,2091.989000,,1,,False,,False,False
2026,8,Austrian Grand Prix,FP2,2318.908000,ANT,12,antonelli,mercedes,67.657000,12.000000,4.000000,,,16.737000,30.317000,20.603000,2267.988000,2298.305000,2318.908000,316.000000,224.000000,276.000000,317.000000,True,MEDIUM,12.000000,False,Mercedes,2251.251000,,1,,False,,False,True
2026,8,Austrian Grand Prix,FP2,2406.369000,ANT,12,antonelli,mercedes,87.461000,13.000000,4.000000,,2402.085000,19.397000,36.300000,31.764000,2338.305000,2374.605000,2406.369000,258.000000,180.000000,,251.000000,False,MEDIUM,13.000000,False,Mercedes,2318.908000,,1,,False,,False,False
2026,8,Austrian Grand Prix,FP2,2802.749000,ANT,12,antonelli,mercedes,,14.000000,5.000000,2709.531000,,,42.759000,26.341000,,2776.532000,2802.821000,239.000000,91.000000,275.000000,236.000000,False,SOFT,1.000000,True,Mercedes,2406.369000,,1,,False,,False,False
2026,8,Austrian Grand Prix,FP2,2869.958000,ANT,12,antonelli,mercedes,67.209000,15.000000,5.000000,,,16.710000,30.192000,20.307000,2819.459000,2849.651000,2869.958000,316.000000,225.000000,276.000000,317.000000,True,SOFT,2.000000,True,Mercedes,2802.749000,,1,,False,,False,True
2026,8,Austrian Grand Prix,FP2,2972.536000,ANT,12,antonelli,mercedes,102.578000,16.000000,5.000000,,2967.832000,21.537000,43.476000,37.565000,2891.495000,2934.971000,2972.536000,200.000000,159.000000,,176.000000,False,SOFT,3.000000,True,Mercedes,2869.958000,,1,,False,,False,False
2026,8,Austrian Grand Prix,FP2,3146.754000,ANT,12,antonelli,mercedes,,17.000000,6.000000,3045.456000,,,49.143000,24.815000,,3122.105000,3146.920000,175.000000,172.000000,276.000000,179.000000,False,SOFT,4.000000,False,Mercedes,2972.536000,,1,,False,,False,False
2026,8,Austrian Grand Prix,FP2,3213.768000,ANT,12,antonelli,mercedes,67.014000,18.000000,6.000000,,,16.627000,30.041000,20.346000,3163.381000,3193.422000,3213.768000,316.000000,226.000000,277.000000,318.000000,True,SOFT,5.000000,False,Mercedes,3146.754000,,1,,False,,False,True
2026,8,Austrian Grand Prix,FP2,3299.080000,ANT,12,antonelli,mercedes,85.312000,19.000000,6.000000,,3294.992000,19.821000,37.066000,28.425000,3233.589000,3270.655000,3299.080000,255.000000,198.000000,,227.000000,False,SOFT,6.000000,False,Mercedes,3213.768000,,1,,False,,False,False
2026,8,Austrian Grand Prix,FP2,3707.291000,ANT,12,antonelli,mercedes,,20.000000,7.000000,3620.262000,,,44.209000,22.274000,,3685.104000,3707.373000,258.000000,202.000000,290.000000,264.000000,False,MEDIUM,14.000000,False,Mercedes,3299.080000,,1,,False,,False,False
2026,8,Austrian Grand Prix,FP2,3778.545000,ANT,12,antonelli,mercedes,71.254000,21.000000,7.000000,,,17.378000,31.935000,21.941000,3724.669000,3756.604000,3778.545000,299.000000,213.000000,287.000000,303.000000,False,MEDIUM,15.000000,False,Mercedes,3707.291000,,1,,False,,False,True
2026,8,Austrian Grand Prix,FP2,3849.457000,ANT,12,antonelli,mercedes,70.912000,22.000000,7.000000,,,17.228000,31.796000,21.888000,3795.773000,3827.569000,3849.457000,305.000000,209.000000,288.000000,304.000000,False,MEDIUM,16.000000,False,Mercedes,3778.545000,,1,,False,,False,True
2026,8,Austrian Grand Prix,FP2,3924.447000,ANT,12,antonelli,mercedes,74.990000,23.000000,7.000000,,,17.796000,34.939000,22.255000,3867.253000,3902.192000,3924.447000,307.000000,208.000000,285.000000,301.000000,False,MEDIUM,17.000000,False,Mercedes,3849.457000,,1,,False,,False,True
2026,8,Austrian Grand Prix,FP2,3995.788000,ANT,12,antonelli,mercedes,71.341000,24.000000,7.000000,,,17.426000,31.965000,21.950000,3941.873000,3973.838000,3995.788000,305.000000,208.000000,283.000000,301.000000,False,MEDIUM,18.000000,False,Mercedes,3924.447000,,1,,False,,False,True
2026,8,Austrian Grand Prix,FP2,4066.911000,ANT,12,antonelli,mercedes,71.123000,25.000000,7.000000,,,17.325000,31.944000,21.854000,4013.113000,4045.057000,4066.911000,307.000000,209.000000,286.000000,300.000000,False,MEDIUM,19.000000,False,Mercedes,3995.788000,,1,,False,,False,True
2026,8,Austrian Grand Prix,FP2,4138.274000,ANT,12,antonelli,mercedes,71.363000,26.000000,7.000000,,,17.193000,32.257000,21.913000,4084.104000,4116.361000,4138.274000,307.000000,205.000000,286.000000,298.000000,False,MEDIUM,20.000000,False,Mercedes,4066.911000,,1,,False,,False,True
2026,8,Austrian Grand Prix,FP2,4209.873000,ANT,12,antonelli,mercedes,71.599000,27.000000,7.000000,,,17.316000,32.276000,22.007000,4155.590000,4187.866000,4209.873000,305.000000,206.000000,283.000000,303.000000,False,MEDIUM,21.000000,False,Mercedes,4138.274000,,1,,False,,False,True
2026,8,Austrian Grand Prix,FP2,4285.717000,ANT,12,antonelli,mercedes,75.844000,28.000000,7.000000,,4281.249000,17.388000,32.059000,26.397000,4227.261000,4259.320000,4285.717000,301.000000,207.000000,,298.000000,False,MEDIUM,22.000000,False,Mercedes,4209.873000,,1,,False,,False,False
2026,8,Austrian Grand Prix,FP2,4377.456000,ANT,12,antonelli,mercedes,91.739000,29.000000,8.000000,4305.114000,,37.469000,32.422000,21.848000,4323.186000,4355.608000,4377.456000,285.000000,212.000000,288.000000,296.000000,False,SOFT,7.000000,False,Mercedes,4285.717000,,1,,False,,False,False
2026,8,Austrian Grand Prix,FP2,4486.900000,ANT,12,antonelli,mercedes,109.444000,30.000000,8.000000,,,22.465000,44.499000,42.480000,4399.921000,4444.420000,4486.900000,199.000000,157.000000,52.000000,184.000000,False,SOFT,8.000000,False,Mercedes,4377.456000,,1,,False,,False,True
2026,8,Austrian Grand Prix,FP2,4620.726000,ANT,12,antonelli,mercedes,133.826000,31.000000,8.000000,,,56.334000,37.808000,39.684000,4543.234000,4581.042000,4620.726000,297.000000,172.000000,84.000000,204.000000,False,SOFT,9.000000,False,Mercedes,4486.900000,,1,,False,,False,True
2026,8,Austrian Grand Prix,FP2,4741.685000,ANT,12,antonelli,mercedes,120.959000,32.000000,8.000000,,4737.513000,58.782000,33.206000,28.971000,4679.508000,4712.714000,4741.685000,294.000000,203.000000,,271.000000,False,SOFT,10.000000,False,Mercedes,4620.726000,,1,,False,,False,False
2026,8,Austrian Grand Prix,FP2,955.253000,ALO,14,alonso,aston_martin,,1.000000,1.000000,859.484000,,,40.262000,29.132000,,926.275000,955.408000,258.000000,171.000000,248.000000,263.000000,False,MEDIUM,1.000000,True,Aston Martin,859.484000,,1,,False,,False,False
2026,8,Austrian Grand Prix,FP2,1050.394000,ALO,14,alonso,aston_martin,95.141000,2.000000,1.000000,,,18.028000,47.332000,29.781000,973.281000,1020.613000,1050.394000,287.000000,164.000000,253.000000,247.000000,False,MEDIUM,2.000000,True,Aston Martin,955.253000,,1,,True,TRACK LIMITS AT TURN 3 LAP 3 ,False,True
2026,8,Austrian Grand Prix,FP2,1122.805000,ALO,14,alonso,aston_martin,72.411000,3.000000,1.000000,,,17.957000,32.216000,22.238000,1068.351000,1100.567000,1122.805000,288.000000,212.000000,260.000000,285.000000,True,MEDIUM,3.000000,True,Aston Martin,1050.394000,,1,,False,,False,True
2026,8,Austrian Grand Prix,FP2,1230.048000,ALO,14,alonso,aston_martin,107.243000,4.000000,1.000000,,,33.189000,48.044000,26.010000,1155.994000,1204.038000,1230.048000,212.000000,178.000000,256.000000,230.000000,False,MEDIUM,4.000000,True,Aston Martin,1122.805000,,1,,False,,False,True
2026,8,Austrian Grand Prix,FP2,1326.174000,ALO,14,alonso,aston_martin,96.126000,5.000000,1.000000,,1322.110000,17.834000,40.644000,37.648000,1247.882000,1288.526000,1326.174000,291.000000,137.000000,,276.000000,False,MEDIUM,5.000000,True,Aston Martin,1230.048000,,126,,False,,False,False
2026,8,Austrian Grand Prix,FP2,1875.970000,ALO,14,alonso,aston_martin,,6.000000,2.000000,1790.680000,,,39.790000,25.720000,,1850.479000,1876.143000,284.000000,181.000000,255.000000,274.000000,False,MEDIUM,6.000000,False,Aston Martin,1326.174000,,671,,False,,False,False
2026,8,Austrian Grand Prix,FP2,1948.174000,ALO,14,alonso,aston_martin,72.204000,7.000000,2.000000,,,17.908000,32.257000,22.039000,1893.878000,1926.135000,1948.174000,287.000000,213.000000,265.000000,281.000000,True,MEDIUM,7.000000,False,Aston Martin,1875.970000,,1,,False,,False,True
2026,8,Austrian Grand Prix,FP2,2066.524000,ALO,14,alonso,aston_martin,118.350000,8.000000,2.000000,,,29.391000,56.359000,32.600000,1977.565000,2033.924000,2066.524000,232.000000,178.000000,253.000000,121.000000,False,MEDIUM,8.000000,False,Aston Martin,1948.174000,,12,,False,,False,True
2026,8,Austrian Grand Prix,FP2,2161.461000,ALO,14,alonso,aston_martin,94.937000,9.000000,2.000000,,,17.980000,50.558000,26.399000,2084.504000,2135.062000,2161.461000,279.000000,163.000000,256.000000,152.000000,False,MEDIUM,9.000000,False,Aston Martin,2066.524000,,21,,False,,False,True
2026,8,Austrian Grand Prix,FP2,2233.535000,ALO,14,alonso,aston_martin,72.074000,10.000000,2.000000,,,17.887000,32.190000,21.997000,2179.348000,2211.538000,2233.535000,281.000000,212.000000,264.000000,282.000000,True,MEDIUM,10.000000,False,Aston Martin,2161.461000,,1,,False,,False,True
2026,8,Austrian Grand Prix,FP2,2321.582000,ALO,14,alonso,aston_martin,88.047000,11.000000,2.000000,,2317.442000,20.479000,37.166000,30.402000,2254.014000,2291.180000,2321.582000,248.000000,184.000000,,250.000000,False,MEDIUM,11.000000,False,Aston Martin,2233.535000,,1,,False,,False,False
2026,8,Austrian Grand Prix,FP2,2928.912000,ALO,14,alonso,aston_martin,,12.000000,3.000000,2844.191000,,,39.855000,24.928000,,2904.213000,2929.086000,286.000000,177.000000,259.000000,277.000000,False,SOFT,1.000000,True,Aston Martin,2321.582000,,1,,False,,False,False
2026,8,Austrian Grand Prix,FP2,2999.456000,ALO,14,alonso,aston_martin,70.544000,13.000000,3.000000,,,17.569000,31.450000,21.525000,2946.481000,2977.931000,2999.456000,296.000000,218.000000,268.000000,286.000000,True,SOFT,2.000000,True,Aston Martin,2928.912000,,1,,False,,False,True
2026,8,Austrian Grand Prix,FP2,3109.722000,ALO,14,alonso,aston_martin,110.266000,14.000000,3.000000,,3104.538000,25.088000,45.389000,39.789000,3024.544000,3069.933000,3109.722000,173.000000,143.000000,,161.000000,False,SOFT,3.000000,True,Aston Martin,2999.456000,,1,,False,,False,False
2026,8,Austrian Grand Prix,FP2,3240.280000,ALO,14,alonso,aston_martin,130.558000,15.000000,4.000000,3133.511000,,51.765000,49.702000,29.091000,3161.487000,3211.189000,3240.280000,126.000000,166.000000,255.000000,242.000000,False,SOFT,4.000000,False,Aston Martin,3109.722000,,1,,False,,False,False
2026,8,Austrian Grand Prix,FP2,3323.834000,ALO,14,alonso,aston_martin,83.554000,16.000000,4.000000,,3319.800000,17.780000,32.328000,33.446000,3258.060000,3290.388000,3323.834000,293.000000,168.000000,,286.000000,False,SOFT,5.000000,False,Aston Martin,3240.280000,,1,,False,,False,False
2026,8,Austrian Grand Prix,FP2,3863.817000,ALO,14,alonso,aston_martin,,17.000000,5.000000,3781.240000,,,38.881000,23.332000,,3840.667000,3863.845000,262.000000,186.000000,270.000000,250.000000,False,SOFT,6.000000,False,Aston Martin,3323.834000,,1,,False,,False,False
2026,8,Austrian Grand Prix,FP2,3937.784000,ALO,14,alonso,aston_martin,73.967000,18.000000,5.000000,,,18.060000,33.139000,22.768000,3881.877000,3915.016000,3937.784000,288.000000,201.000000,274.000000,274.000000,False,SOFT,7.000000,False,Aston Martin,3863.817000,,1,,False,,False,True
2026,8,Austrian Grand Prix,FP2,4012.330000,ALO,14,alonso,aston_martin,74.546000,19.000000,5.000000,,,18.114000,33.557000,22.875000,3955.898000,3989.455000,4012.330000,278.000000,201.000000,273.000000,276.000000,False,SOFT,8.000000,False,Aston Martin,3937.784000,,1,,False,,False,True
2026,8,Austrian Grand Prix,FP2,4086.846000,ALO,14,alonso,aston_martin,74.516000,20.000000,5.000000,,,18.207000,33.369000,22.940000,4030.537000,4063.906000,4086.846000,277.000000,199.000000,272.000000,273.000000,False,SOFT,9.000000,False,Aston Martin,4012.330000,,1,,False,,False,True
2026,8,Austrian Grand Prix,FP2,4161.583000,ALO,14,alonso,aston_martin,74.737000,21.000000,5.000000,,,18.271000,33.246000,23.220000,4105.117000,4138.363000,4161.583000,272.000000,200.000000,272.000000,273.000000,False,SOFT,10.000000,False,Aston Martin,4086.846000,,1,,False,,False,True
2026,8,Austrian Grand Prix,FP2,4236.015000,ALO,14,alonso,aston_martin,74.432000,22.000000,5.000000,,,18.192000,33.314000,22.926000,4179.775000,4213.089000,4236.015000,274.000000,202.000000,275.000000,277.000000,False,SOFT,11.000000,False,Aston Martin,4161.583000,,1,,False,,False,True
2026,8,Austrian Grand Prix,FP2,4310.550000,ALO,14,alonso,aston_martin,74.535000,23.000000,5.000000,,,18.215000,33.208000,23.112000,4254.230000,4287.438000,4310.550000,275.000000,201.000000,274.000000,278.000000,False,SOFT,12.000000,False,Aston Martin,4236.015000,,1,,False,,False,True
2026,8,Austrian Grand Prix,FP2,4386.463000,ALO,14,alonso,aston_martin,75.913000,24.000000,5.000000,,,18.354000,34.172000,23.387000,4328.904000,4363.076000,4386.463000,271.000000,201.000000,275.000000,276.000000,False,SOFT,13.000000,False,Aston Martin,4310.550000,,1,,False,,False,True
2026,8,Austrian Grand Prix,FP2,4493.360000,ALO,14,alonso,aston_martin,106.897000,25.000000,5.000000,,,22.624000,42.422000,41.851000,4409.087000,4451.509000,4493.360000,167.000000,102.000000,55.000000,172.000000,False,SOFT,14.000000,False,Aston Martin,4386.463000,,1,,False,,False,True
2026,8,Austrian Grand Prix,FP2,4623.413000,ALO,14,alonso,aston_martin,130.053000,26.000000,5.000000,,,54.586000,38.256000,37.211000,4547.946000,4586.202000,4623.413000,192.000000,180.000000,74.000000,216.000000,False,SOFT,15.000000,False,Aston Martin,4493.360000,,1,,False,,False,True
2026,8,Austrian Grand Prix,FP2,4739.933000,ALO,14,alonso,aston_martin,116.520000,27.000000,5.000000,,4735.700000,45.929000,37.972000,32.619000,4669.342000,4707.314000,4739.933000,230.000000,174.000000,,195.000000,False,SOFT,16.000000,False,Aston Martin,4623.413000,,1,,False,,False,False
2026,8,Austrian Grand Prix,FP2,1042.625000,LEC,16,leclerc,ferrari,,1.000000,1.000000,952.787000,,,40.969000,27.180000,,1015.616000,1042.708000,244.000000,160.000000,271.000000,275.000000,False,MEDIUM,1.000000,True,Ferrari,952.787000,,1,,False,,False,False
2026,8,Austrian Grand Prix,FP2,1112.884000,LEC,16,leclerc,ferrari,70.259000,2.000000,1.000000,,,17.259000,31.345000,21.655000,1059.884000,1091.229000,1112.884000,304.000000,216.000000,266.000000,300.000000,True,MEDIUM,2.000000,True,Ferrari,1042.625000,,1,,False,,False,True
2026,8,Austrian Grand Prix,FP2,1224.537000,LEC,16,leclerc,ferrari,111.653000,3.000000,1.000000,,,27.204000,56.704000,27.745000,1140.088000,1196.792000,1224.537000,119.000000,175.000000,272.000000,168.000000,False,MEDIUM,3.000000,True,Ferrari,1112.884000,,1,,False,,False,True
2026,8,Austrian Grand Prix,FP2,1314.028000,LEC,16,leclerc,ferrari,89.491000,4.000000,1.000000,,,17.124000,35.308000,37.059000,1241.661000,1276.969000,1314.028000,308.000000,131.000000,170.000000,303.000000,False,MEDIUM,4.000000,True,Ferrari,1224.537000,,126,,True,DOUBLE YELLOW AT TURN 5,False,False
2026,8,Austrian Grand Prix,FP2,1433.345000,LEC,16,leclerc,ferrari,119.317000,5.000000,1.000000,,,26.415000,55.929000,36.973000,1340.443000,1396.372000,1433.345000,220.000000,125.000000,261.000000,203.000000,False,MEDIUM,5.000000,True,Ferrari,1314.028000,,6,,False,,False,False
2026,8,Austrian Grand Prix,FP2,1579.432000,LEC,16,leclerc,ferrari,146.087000,6.000000,1.000000,,,26.388000,72.805000,46.894000,1459.733000,1532.538000,1579.432000,126.000000,59.000000,265.000000,183.000000,False,MEDIUM,6.000000,True,Ferrari,1433.345000,,6,,False,,False,False
2026,8,Austrian Grand Prix,FP2,1701.872000,LEC,16,leclerc,ferrari,122.440000,7.000000,1.000000,,,20.689000,60.778000,40.973000,1600.121000,1660.899000,1701.872000,268.000000,78.000000,268.000000,270.000000,False,MEDIUM,7.000000,True,Ferrari,1579.432000,,67,,False,,False,False
2026,8,Austrian Grand Prix,FP2,1780.235000,LEC,16,leclerc,ferrari,78.363000,8.000000,1.000000,,,17.196000,35.365000,25.802000,1719.068000,1754.433000,1780.235000,309.000000,192.000000,272.000000,263.000000,False,MEDIUM,8.000000,True,Ferrari,1701.872000,,71,,False,,False,False
2026,8,Austrian Grand Prix,FP2,1849.555000,LEC,16,leclerc,ferrari,69.320000,9.000000,1.000000,,,17.116000,30.995000,21.209000,1797.351000,1828.346000,1849.555000,305.000000,219.000000,271.000000,299.000000,True,MEDIUM,9.000000,True,Ferrari,1780.235000,,1,,False,,False,True
2026,8,Austrian Grand Prix,FP2,1954.367000,LEC,16,leclerc,ferrari,104.812000,10.000000,1.000000,,1950.284000,24.692000,46.825000,33.295000,1874.247000,1921.072000,1954.367000,160.000000,153.000000,,160.000000,False,MEDIUM,10.000000,True,Ferrari,1849.555000,,1,,False,,False,False
2026,8,Austrian Grand Prix,FP2,2073.045000,LEC,16,leclerc,ferrari,118.678000,11.000000,2.000000,1973.661000,,39.617000,49.952000,29.109000,1993.984000,2043.936000,2073.045000,211.000000,142.000000,272.000000,196.000000,False,MEDIUM,11.000000,False,Ferrari,1954.367000,,12,,False,,False,False
2026,8,Austrian Grand Prix,FP2,2142.115000,LEC,16,leclerc,ferrari,69.070000,12.000000,2.000000,,,17.077000,30.810000,21.183000,2090.122000,2120.932000,2142.115000,307.000000,219.000000,265.000000,301.000000,True,MEDIUM,12.000000,False,Ferrari,2073.045000,,1,,False,,False,True
2026,8,Austrian Grand Prix,FP2,2242.198000,LEC,16,leclerc,ferrari,100.083000,13.000000,2.000000,,,24.645000,47.143000,28.295000,2166.760000,2213.903000,2242.198000,159.000000,178.000000,277.000000,141.000000,False,MEDIUM,13.000000,False,Ferrari,2142.115000,,1,,False,,False,True
2026,8,Austrian Grand Prix,FP2,2310.537000,LEC,16,leclerc,ferrari,68.339000,14.000000,2.000000,,,16.961000,30.536000,20.842000,2259.159000,2289.695000,2310.537000,310.000000,222.000000,273.000000,306.000000,True,MEDIUM,14.000000,False,Ferrari,2242.198000,,1,,False,,False,True
2026,8,Austrian Grand Prix,FP2,2395.748000,LEC,16,leclerc,ferrari,85.211000,15.000000,2.000000,,2391.610000,20.204000,36.699000,28.308000,2330.741000,2367.440000,2395.748000,172.000000,196.000000,,270.000000,False,MEDIUM,15.000000,False,Ferrari,2310.537000,,1,,False,,False,False
2026,8,Austrian Grand Prix,FP2,2864.298000,LEC,16,leclerc,ferrari,,16.000000,3.000000,2777.096000,,,39.424000,26.184000,,2838.212000,2864.353000,257.000000,189.000000,276.000000,265.000000,False,SOFT,1.000000,True,Ferrari,2395.748000,,1,,False,,False,False
2026,8,Austrian Grand Prix,FP2,2932.153000,LEC,16,leclerc,ferrari,67.855000,17.000000,3.000000,,,16.834000,30.340000,20.681000,2881.132000,2911.472000,2932.153000,312.000000,217.000000,273.000000,306.000000,True,SOFT,2.000000,True,Ferrari,2864.298000,,1,,False,,False,True
2026,8,Austrian Grand Prix,FP2,3044.070000,LEC,16,leclerc,ferrari,111.917000,18.000000,3.000000,,3039.834000,24.980000,50.023000,36.914000,2957.133000,3007.156000,3044.070000,176.000000,147.000000,,169.000000,False,SOFT,3.000000,True,Ferrari,2932.153000,,1,,False,,False,False
2026,8,Austrian Grand Prix,FP2,3156.234000,LEC,16,leclerc,ferrari,112.164000,19.000000,4.000000,3056.922000,,39.665000,46.883000,25.616000,3083.735000,3130.618000,3156.234000,133.000000,167.000000,274.000000,208.000000,False,SOFT,4.000000,False,Ferrari,3044.070000,,1,,False,,False,False
2026,8,Austrian Grand Prix,FP2,3224.286000,LEC,16,leclerc,ferrari,68.052000,20.000000,4.000000,,,16.907000,30.371000,20.774000,3173.141000,3203.512000,3224.286000,311.000000,217.000000,274.000000,306.000000,False,SOFT,5.000000,False,Ferrari,3156.234000,,1,,False,,False,True
2026,8,Austrian Grand Prix,FP2,3311.750000,LEC,16,leclerc,ferrari,87.464000,21.000000,4.000000,,,22.272000,40.136000,25.056000,3246.558000,3286.694000,3311.750000,236.000000,188.000000,276.000000,164.000000,False,SOFT,6.000000,False,Ferrari,3224.286000,,1,,False,,False,True
2026,8,Austrian Grand Prix,FP2,3386.926000,LEC,16,leclerc,ferrari,75.176000,22.000000,4.000000,,3382.733000,16.822000,30.290000,28.064000,3328.572000,3358.862000,3386.926000,313.000000,215.000000,,307.000000,False,SOFT,7.000000,False,Ferrari,3311.750000,,1,,False,,False,False
2026,8,Austrian Grand Prix,FP2,3776.318000,LEC,16,leclerc,ferrari,,23.000000,5.000000,3700.244000,,,33.968000,22.507000,,3753.893000,3776.357000,277.000000,206.000000,283.000000,280.000000,False,MEDIUM,16.000000,False,Ferrari,3386.926000,,1,,False,,False,False
2026,8,Austrian Grand Prix,FP2,3848.337000,LEC,16,leclerc,ferrari,72.019000,24.000000,5.000000,,,17.479000,32.102000,22.438000,3793.797000,3825.899000,3848.337000,294.000000,210.000000,276.000000,286.000000,False,MEDIUM,17.000000,False,Ferrari,3776.318000,,1,,False,,False,True
2026,8,Austrian Grand Prix,FP2,3920.250000,LEC,16,leclerc,ferrari,71.913000,25.000000,5.000000,,,17.612000,31.997000,22.304000,3865.949000,3897.946000,3920.250000,302.000000,208.000000,276.000000,288.000000,False,MEDIUM,18.000000,False,Ferrari,3848.337000,,1,,False,,False,True
2026,8,Austrian Grand Prix,FP2,3992.118000,LEC,16,leclerc,ferrari,71.868000,26.000000,5.000000,,,17.611000,32.167000,22.090000,3937.861000,3970.028000,3992.118000,303.000000,208.000000,278.000000,286.000000,False,MEDIUM,19.000000,False,Ferrari,3920.250000,,1,,False,,False,True
2026,8,Austrian Grand Prix,FP2,4064.177000,LEC,16,leclerc,ferrari,72.059000,27.000000,5.000000,,,17.634000,32.314000,22.111000,4009.752000,4042.066000,4064.177000,300.000000,208.000000,278.000000,285.000000,False,MEDIUM,20.000000,False,Ferrari,3992.118000,,1,,False,,False,True
2026,8,Austrian Grand Prix,FP2,4136.614000,LEC,16,leclerc,ferrari,72.437000,28.000000,5.000000,,,17.673000,32.591000,22.173000,4081.850000,4114.441000,4136.614000,300.000000,206.000000,278.000000,280.000000,False,MEDIUM,21.000000,False,Ferrari,4064.177000,,1,,False,,False,True
2026,8,Austrian Grand Prix,FP2,4212.266000,LEC,16,leclerc,ferrari,75.652000,29.000000,5.000000,,,17.651000,32.419000,25.582000,4154.265000,4186.684000,4212.266000,300.000000,208.000000,264.000000,283.000000,False,MEDIUM,22.000000,False,Ferrari,4136.614000,,1,,True,TRACK LIMITS AT TURN 9 LAP 30 ,False,True
2026,8,Austrian Grand Prix,FP2,4285.568000,LEC,16,leclerc,ferrari,73.302000,30.000000,5.000000,,,18.230000,32.662000,22.410000,4230.496000,4263.158000,4285.568000,304.000000,208.000000,281.000000,287.000000,False,MEDIUM,23.000000,False,Ferrari,4212.266000,,1,,False,,False,True
2026,8,Austrian Grand Prix,FP2,4357.968000,LEC,16,leclerc,ferrari,72.400000,31.000000,5.000000,,,17.573000,32.572000,22.255000,4303.141000,4335.713000,4357.968000,308.000000,207.000000,284.000000,286.000000,False,MEDIUM,24.000000,False,Ferrari,4285.568000,,1,,False,,False,True
2026,8,Austrian Grand Prix,FP2,4432.949000,LEC,16,leclerc,ferrari,74.981000,32.000000,5.000000,,,17.570000,32.948000,24.463000,4375.538000,4408.486000,4432.949000,297.000000,206.000000,278.000000,285.000000,False,MEDIUM,25.000000,False,Ferrari,4357.968000,,1,,False,,False,True
2026,8,Austrian Grand Prix,FP2,4586.288000,LEC,16,leclerc,ferrari,,33.000000,5.000000,,,21.103000,41.869000,90.348000,4454.113000,4495.968000,4586.390000,196.000000,172.000000,56.000000,183.000000,False,MEDIUM,26.000000,False,Ferrari,4432.949000,,1,,False,,False,False
2026,8,Austrian Grand Prix,FP2,4725.195000,LEC,16,leclerc,ferrari,138.907000,34.000000,5.000000,,,24.980000,37.785000,76.142000,4611.268000,4649.053000,4725.195000,214.000000,195.000000,2.000000,198.000000,False,MEDIUM,27.000000,False,Ferrari,4586.288000,,1,,False,,False,True
2026,8,Austrian Grand Prix,FP2,4819.719000,LEC,16,leclerc,ferrari,94.524000,35.000000,5.000000,,4815.475000,25.196000,36.976000,32.352000,4750.391000,4787.367000,4819.719000,189.000000,164.000000,,274.000000,False,MEDIUM,28.000000,False,Ferrari,4725.195000,,1,,False,,False,False
2026,8,Austrian Grand Prix,FP2,1057.392000,STR,18,stroll,aston_martin,,1.000000,1.000000,963.428000,,,38.452000,33.310000,,1024.329000,1057.505000,254.000000,97.000000,254.000000,287.000000,False,MEDIUM,1.000000,True,Aston Martin,963.428000,,1,,False,,False,False
2026,8,Austrian Grand Prix,FP2,1130.139000,STR,18,stroll,aston_martin,72.747000,2.000000,1.000000,,,18.082000,32.104000,22.561000,1075.474000,1107.578000,1130.139000,292.000000,214.000000,261.000000,291.000000,True,MEDIUM,2.000000,True,Aston Martin,1057.392000,,1,,False,,False,True
2026,8,Austrian Grand Prix,FP2,1236.020000,STR,18,stroll,aston_martin,105.881000,3.000000,1.000000,,,31.572000,46.262000,28.047000,1161.711000,1207.973000,1236.020000,111.000000,157.000000,254.000000,177.000000,False,MEDIUM,3.000000,True,Aston Martin,1130.139000,,1,,False,,False,True
2026,8,Austrian Grand Prix,FP2,1333.336000,STR,18,stroll,aston_martin,97.316000,4.000000,1.000000,,,17.829000,40.469000,39.018000,1253.849000,1294.318000,1333.336000,294.000000,125.000000,193.000000,292.000000,False,MEDIUM,4.000000,True,Aston Martin,1236.020000,,126,,False,,False,False
2026,8,Austrian Grand Prix,FP2,1457.992000,STR,18,stroll,aston_martin,124.656000,5.000000,1.000000,,1453.617000,24.601000,57.559000,42.496000,1357.937000,1415.496000,1457.992000,213.000000,87.000000,,146.000000,False,MEDIUM,5.000000,True,Aston Martin,1333.336000,,6,,False,,False,False
2026,8,Austrian Grand Prix,FP2,1808.333000,STR,18,stroll,aston_martin,,6.000000,2.000000,1721.779000,,,36.280000,27.111000,,1781.530000,1808.455000,275.000000,192.000000,251.000000,254.000000,False,MEDIUM,6.000000,False,Aston Martin,1457.992000,,671,,False,,False,False
2026,8,Austrian Grand Prix,FP2,1880.674000,STR,18,stroll,aston_martin,72.341000,7.000000,2.000000,,,17.746000,32.246000,22.349000,1826.079000,1858.325000,1880.674000,294.000000,213.000000,261.000000,291.000000,True,MEDIUM,7.000000,False,Aston Martin,1808.333000,,1,,False,,False,True
2026,8,Austrian Grand Prix,FP2,1988.714000,STR,18,stroll,aston_martin,108.040000,8.000000,2.000000,,,24.782000,52.735000,30.523000,1905.456000,1958.191000,1988.714000,188.000000,129.000000,254.000000,161.000000,False,MEDIUM,8.000000,False,Aston Martin,1880.674000,,1,,False,,False,True
2026,8,Austrian Grand Prix,FP2,2074.076000,STR,18,stroll,aston_martin,85.362000,9.000000,2.000000,,,17.833000,33.681000,33.848000,2006.547000,2040.228000,2074.076000,297.000000,120.000000,201.000000,292.000000,False,MEDIUM,9.000000,False,Aston Martin,1988.714000,,12,,False,,False,True
2026,8,Austrian Grand Prix,FP2,2168.260000,STR,18,stroll,aston_martin,94.184000,10.000000,2.000000,,,22.634000,43.692000,27.858000,2096.710000,2140.402000,2168.260000,224.000000,143.000000,253.000000,210.000000,False,MEDIUM,10.000000,False,Aston Martin,2074.076000,,1,,False,,False,True
2026,8,Austrian Grand Prix,FP2,2240.175000,STR,18,stroll,aston_martin,71.915000,11.000000,2.000000,,,17.723000,32.009000,22.183000,2185.983000,2217.992000,2240.175000,294.000000,213.000000,264.000000,290.000000,True,MEDIUM,11.000000,False,Aston Martin,2168.260000,,1,,False,,False,True
2026,8,Austrian Grand Prix,FP2,2352.722000,STR,18,stroll,aston_martin,112.547000,12.000000,2.000000,,2348.417000,30.989000,45.807000,35.751000,2271.164000,2316.971000,2352.722000,172.000000,153.000000,,166.000000,False,MEDIUM,12.000000,False,Aston Martin,2240.175000,,1,,False,,False,False
2026,8,Austrian Grand Prix,FP2,2476.933000,STR,18,stroll,aston_martin,124.211000,13.000000,3.000000,2381.685000,,55.210000,38.126000,30.875000,2407.932000,2446.058000,2476.933000,254.000000,160.000000,255.000000,241.000000,False,MEDIUM,13.000000,False,Aston Martin,2352.722000,,1,,False,,False,False
2026,8,Austrian Grand Prix,FP2,2549.002000,STR,18,stroll,aston_martin,72.069000,14.000000,3.000000,,,17.777000,32.075000,22.217000,2494.710000,2526.785000,2549.002000,291.000000,215.000000,259.000000,288.000000,False,MEDIUM,14.000000,False,Aston Martin,2476.933000,,1,,False,,False,True
2026,8,Austrian Grand Prix,FP2,2642.821000,STR,18,stroll,aston_martin,93.819000,15.000000,3.000000,,2638.016000,21.435000,38.492000,33.892000,2570.437000,2608.929000,2642.821000,218.000000,185.000000,,209.000000,False,MEDIUM,15.000000,False,Aston Martin,2549.002000,,1,,False,,False,False
2026,8,Austrian Grand Prix,FP2,3092.686000,STR,18,stroll,aston_martin,,16.000000,4.000000,3004.268000,,,39.873000,26.715000,,3066.188000,3092.765000,217.000000,134.000000,258.000000,242.000000,False,SOFT,1.000000,True,Aston Martin,2642.821000,,1,,False,,False,False
2026,8,Austrian Grand Prix,FP2,3163.384000,STR,18,stroll,aston_martin,70.698000,17.000000,4.000000,,,17.498000,31.420000,21.780000,3110.184000,3141.604000,3163.384000,296.000000,219.000000,269.000000,293.000000,True,SOFT,2.000000,True,Aston Martin,3092.686000,,1,,False,,False,True
2026,8,Austrian Grand Prix,FP2,3285.979000,STR,18,stroll,aston_martin,122.595000,18.000000,4.000000,,3281.678000,26.948000,55.285000,40.362000,3190.332000,3245.617000,3285.979000,167.000000,133.000000,,159.000000,False,SOFT,3.000000,True,Aston Martin,3163.384000,,1,,False,,False,False
2026,8,Austrian Grand Prix,FP2,3400.032000,STR,18,stroll,aston_martin,114.053000,19.000000,5.000000,3297.750000,,39.889000,48.063000,26.101000,3325.868000,3373.931000,3400.032000,179.000000,167.000000,255.000000,173.000000,False,SOFT,4.000000,False,Aston Martin,3285.979000,,1,,False,,False,False
2026,8,Austrian Grand Prix,FP2,3470.918000,STR,18,stroll,aston_martin,70.886000,20.000000,5.000000,,,17.507000,31.490000,21.889000,3417.539000,3449.029000,3470.918000,299.000000,216.000000,263.000000,295.000000,False,SOFT,5.000000,False,Aston Martin,3400.032000,,1,,False,,False,True
2026,8,Austrian Grand Prix,FP2,3562.641000,STR,18,stroll,aston_martin,91.723000,21.000000,5.000000,,3557.969000,22.225000,37.918000,31.580000,3493.143000,3531.061000,3562.641000,190.000000,180.000000,,217.000000,False,SOFT,6.000000,False,Aston Martin,3470.918000,,1,,False,,False,False
2026,8,Austrian Grand Prix,FP2,3886.595000,STR,18,stroll,aston_martin,,22.000000,6.000000,3797.294000,,,38.937000,24.704000,,3862.095000,3886.723000,231.000000,193.000000,270.000000,233.000000,False,SOFT,7.000000,False,Aston Martin,3562.641000,,1,,False,,False,False
2026,8,Austrian Grand Prix,FP2,3960.877000,STR,18,stroll,aston_martin,74.282000,23.000000,6.000000,,,17.995000,33.325000,22.962000,3904.590000,3937.915000,3960.877000,284.000000,202.000000,274.000000,281.000000,False,SOFT,8.000000,False,Aston Martin,3886.595000,,1,,False,,False,True
2026,8,Austrian Grand Prix,FP2,4035.380000,STR,18,stroll,aston_martin,74.503000,24.000000,6.000000,,,18.114000,33.294000,23.095000,3978.991000,4012.285000,4035.380000,281.000000,202.000000,274.000000,280.000000,False,SOFT,9.000000,False,Aston Martin,3960.877000,,1,,False,,False,True
2026,8,Austrian Grand Prix,FP2,4109.580000,STR,18,stroll,aston_martin,74.200000,25.000000,6.000000,,,18.126000,33.005000,23.069000,4053.506000,4086.511000,4109.580000,280.000000,202.000000,274.000000,278.000000,False,SOFT,10.000000,False,Aston Martin,4035.380000,,1,,False,,False,True
2026,8,Austrian Grand Prix,FP2,4184.438000,STR,18,stroll,aston_martin,74.858000,26.000000,6.000000,,,18.463000,33.273000,23.122000,4128.043000,4161.316000,4184.438000,281.000000,198.000000,275.000000,281.000000,False,SOFT,11.000000,False,Aston Martin,4109.580000,,1,,False,,False,True
2026,8,Austrian Grand Prix,FP2,4258.542000,STR,18,stroll,aston_martin,74.104000,27.000000,6.000000,,,18.088000,33.051000,22.965000,4202.526000,4235.577000,4258.542000,278.000000,202.000000,276.000000,280.000000,False,SOFT,12.000000,False,Aston Martin,4184.438000,,1,,False,,False,True
2026,8,Austrian Grand Prix,FP2,4332.633000,STR,18,stroll,aston_martin,74.091000,28.000000,6.000000,,,18.026000,33.085000,22.980000,4276.568000,4309.653000,4332.633000,275.000000,202.000000,273.000000,282.000000,False,SOFT,13.000000,False,Aston Martin,4258.542000,,1,,False,,False,True
2026,8,Austrian Grand Prix,FP2,4407.233000,STR,18,stroll,aston_martin,74.600000,29.000000,6.000000,,,18.209000,33.184000,23.207000,4350.842000,4384.026000,4407.233000,273.000000,201.000000,273.000000,280.000000,False,SOFT,14.000000,False,Aston Martin,4332.633000,,1,,False,,False,True
2026,8,Austrian Grand Prix,FP2,4526.313000,STR,18,stroll,aston_martin,119.080000,30.000000,6.000000,,,23.528000,43.125000,52.427000,4430.761000,4473.886000,4526.313000,161.000000,156.000000,58.000000,188.000000,False,SOFT,15.000000,False,Aston Martin,4407.233000,,1,,False,,False,True
2026,8,Austrian Grand Prix,FP2,4659.283000,STR,18,stroll,aston_martin,132.970000,31.000000,6.000000,,,51.732000,40.743000,40.495000,4578.045000,4618.788000,4659.283000,281.000000,161.000000,50.000000,205.000000,False,SOFT,16.000000,False,Aston Martin,4526.313000,,1,,False,,False,True
2026,8,Austrian Grand Prix,FP2,4783.694000,STR,18,stroll,aston_martin,124.411000,32.000000,6.000000,,4779.400000,59.083000,36.147000,29.181000,4718.366000,4754.513000,4783.694000,268.000000,199.000000,,225.000000,False,SOFT,17.000000,False,Aston Martin,4659.283000,,1,,False,,False,False
2026,8,Austrian Grand Prix,FP2,930.073000,ALB,23,albon,williams,,1.000000,1.000000,826.886000,925.515000,,42.401000,30.828000,,899.275000,930.073000,229.000000,165.000000,,187.000000,False,MEDIUM,1.000000,True,Williams,826.886000,,1,,False,,False,False
2026,8,Austrian Grand Prix,FP2,1247.733000,ALB,23,albon,williams,,2.000000,2.000000,1158.609000,,,40.492000,26.984000,,1220.887000,1247.785000,246.000000,205.000000,273.000000,267.000000,False,MEDIUM,2.000000,False,Williams,930.073000,,1,,False,,False,False
2026,8,Austrian Grand Prix,FP2,1359.756000,ALB,23,albon,williams,112.023000,3.000000,2.000000,,,17.639000,55.694000,38.690000,1265.372000,1321.066000,1359.756000,238.000000,142.000000,199.000000,177.000000,True,MEDIUM,3.000000,False,Williams,1247.733000,,126,,False,,False,False
2026,8,Austrian Grand Prix,FP2,1530.981000,ALB,23,albon,williams,,4.000000,2.000000,,,36.687000,72.060000,62.453000,1396.542000,1468.712000,1530.981000,209.000000,39.000000,232.000000,232.000000,False,MEDIUM,4.000000,False,Williams,1359.756000,,6,,False,,False,False
2026,8,Austrian Grand Prix,FP2,1652.238000,ALB,23,albon,williams,121.257000,5.000000,2.000000,,1647.765000,20.737000,69.868000,30.652000,1551.718000,1621.586000,1652.238000,253.000000,165.000000,,250.000000,False,MEDIUM,5.000000,False,Williams,1530.981000,,6,,False,,False,False
2026,8,Austrian Grand Prix,FP2,1952.112000,ALB,23,albon,williams,,6.000000,3.000000,1865.105000,,,39.882000,23.756000,,1928.521000,1952.252000,244.000000,201.000000,275.000000,293.000000,False,MEDIUM,6.000000,False,Williams,1652.238000,,671,,False,,False,False
2026,8,Austrian Grand Prix,FP2,2021.849000,ALB,23,albon,williams,69.737000,7.000000,3.000000,,,17.158000,31.134000,21.445000,1969.270000,2000.404000,2021.849000,309.000000,217.000000,267.000000,307.000000,True,MEDIUM,7.000000,False,Williams,1952.112000,,1,,False,,False,True
2026,8,Austrian Grand Prix,FP2,2125.575000,ALB,23,albon,williams,103.726000,8.000000,3.000000,,,26.809000,51.703000,25.214000,2048.658000,2100.361000,2125.575000,145.000000,192.000000,274.000000,115.000000,False,MEDIUM,8.000000,False,Williams,2021.849000,,12,,False,,False,True
2026,8,Austrian Grand Prix,FP2,2215.812000,ALB,23,albon,williams,90.237000,9.000000,3.000000,,,20.477000,45.358000,24.402000,2146.052000,2191.410000,2215.812000,232.000000,179.000000,272.000000,201.000000,False,MEDIUM,9.000000,False,Williams,2125.575000,,1,,True,TRACK LIMITS AT TURN 1 LAP 10 ,False,True
2026,8,Austrian Grand Prix,FP2,2285.831000,ALB,23,albon,williams,70.019000,10.000000,3.000000,,,17.263000,31.237000,21.519000,2233.075000,2264.312000,2285.831000,310.000000,216.000000,265.000000,307.000000,False,MEDIUM,10.000000,False,Williams,2215.812000,,1,,False,,False,True
2026,8,Austrian Grand Prix,FP2,2374.540000,ALB,23,albon,williams,88.709000,11.000000,3.000000,,2370.157000,20.290000,38.639000,29.780000,2306.121000,2344.760000,2374.540000,251.000000,180.000000,,247.000000,False,MEDIUM,11.000000,False,Williams,2285.831000,,1,,False,,False,False
2026,8,Austrian Grand Prix,FP2,2486.304000,ALB,23,albon,williams,111.764000,12.000000,4.000000,2403.939000,,52.402000,35.558000,23.804000,2426.942000,2462.500000,2486.304000,273.000000,208.000000,275.000000,295.000000,False,SOFT,1.000000,True,Williams,2374.540000,,1,,False,,False,False
2026,8,Austrian Grand Prix,FP2,2555.142000,ALB,23,albon,williams,68.838000,13.000000,4.000000,,,17.004000,30.652000,21.182000,2503.308000,2533.960000,2555.142000,309.000000,222.000000,267.000000,309.000000,True,SOFT,2.000000,True,Williams,2486.304000,,1,,False,,False,True
2026,8,Austrian Grand Prix,FP2,2659.333000,ALB,23,albon,williams,104.191000,14.000000,4.000000,,2654.922000,27.266000,44.389000,32.536000,2582.408000,2626.797000,2659.333000,171.000000,163.000000,,178.000000,False,SOFT,3.000000,True,Williams,2555.142000,,1,,False,,False,False
2026,8,Austrian Grand Prix,FP2,2772.111000,ALB,23,albon,williams,112.778000,15.000000,5.000000,2681.391000,,46.483000,41.173000,25.122000,2705.816000,2746.989000,2772.111000,281.000000,175.000000,273.000000,277.000000,False,SOFT,4.000000,False,Williams,2659.333000,,1,,False,,False,False
2026,8,Austrian Grand Prix,FP2,2841.355000,ALB,23,albon,williams,69.244000,16.000000,5.000000,,,17.100000,30.842000,21.302000,2789.211000,2820.053000,2841.355000,309.000000,218.000000,266.000000,309.000000,False,SOFT,5.000000,False,Williams,2772.111000,,1,,False,,False,True
2026,8,Austrian Grand Prix,FP2,2928.099000,ALB,23,albon,williams,86.744000,17.000000,5.000000,,2923.944000,20.379000,35.915000,30.450000,2861.734000,2897.649000,2928.099000,246.000000,196.000000,,266.000000,False,SOFT,6.000000,False,Williams,2841.355000,,1,,False,,False,False
2026,8,Austrian Grand Prix,FP2,3426.296000,ALB,23,albon,williams,,18.000000,6.000000,3340.978000,3422.169000,,34.959000,26.657000,,3399.797000,3426.338000,246.000000,205.000000,,253.000000,False,SOFT,7.000000,False,Williams,2928.099000,,1,,False,,False,False
2026,8,Austrian Grand Prix,FP2,3527.260000,ALB,23,albon,williams,100.964000,19.000000,7.000000,3448.644000,,40.624000,36.378000,23.962000,3466.920000,3503.298000,3527.260000,273.000000,193.000000,282.000000,289.000000,False,MEDIUM,12.000000,False,Williams,3426.296000,,1,,False,,False,False
2026,8,Austrian Grand Prix,FP2,3600.421000,ALB,23,albon,williams,73.161000,20.000000,7.000000,,,17.595000,32.699000,22.867000,3544.855000,3577.554000,3600.421000,290.000000,205.000000,281.000000,290.000000,False,MEDIUM,13.000000,False,Williams,3527.260000,,1,,False,,False,True
2026,8,Austrian Grand Prix,FP2,3673.352000,ALB,23,albon,williams,72.931000,21.000000,7.000000,,,17.727000,32.526000,22.678000,3618.148000,3650.674000,3673.352000,299.000000,205.000000,283.000000,294.000000,False,MEDIUM,14.000000,False,Williams,3600.421000,,1,,False,,False,True
2026,8,Austrian Grand Prix,FP2,3746.198000,ALB,23,albon,williams,72.846000,22.000000,7.000000,,,17.642000,32.553000,22.651000,3690.994000,3723.547000,3746.198000,301.000000,204.000000,281.000000,295.000000,False,MEDIUM,15.000000,False,Williams,3673.352000,,1,,False,,False,True
2026,8,Austrian Grand Prix,FP2,3819.265000,ALB,23,albon,williams,73.067000,23.000000,7.000000,,,17.699000,32.552000,22.816000,3763.897000,3796.449000,3819.265000,302.000000,203.000000,280.000000,298.000000,False,MEDIUM,16.000000,False,Williams,3746.198000,,1,,False,,False,True
2026,8,Austrian Grand Prix,FP2,3892.487000,ALB,23,albon,williams,73.222000,24.000000,7.000000,,,17.638000,32.731000,22.853000,3836.903000,3869.634000,3892.487000,302.000000,203.000000,280.000000,297.000000,False,MEDIUM,17.000000,False,Williams,3819.265000,,1,,False,,False,True
2026,8,Austrian Grand Prix,FP2,3966.599000,ALB,23,albon,williams,74.112000,25.000000,7.000000,,,17.790000,32.839000,23.483000,3910.277000,3943.116000,3966.599000,302.000000,202.000000,282.000000,297.000000,False,MEDIUM,18.000000,False,Williams,3892.487000,,1,,False,,False,True
2026,8,Austrian Grand Prix,FP2,4040.604000,ALB,23,albon,williams,74.005000,26.000000,7.000000,,,17.772000,33.209000,23.024000,3984.371000,4017.580000,4040.604000,304.000000,202.000000,283.000000,300.000000,False,MEDIUM,19.000000,False,Williams,3966.599000,,1,,False,,False,True
2026,8,Austrian Grand Prix,FP2,4114.414000,ALB,23,albon,williams,73.810000,27.000000,7.000000,,,17.687000,33.080000,23.043000,4058.291000,4091.371000,4114.414000,305.000000,201.000000,282.000000,298.000000,False,MEDIUM,20.000000,False,Williams,4040.604000,,1,,False,,False,True
2026,8,Austrian Grand Prix,FP2,4188.908000,ALB,23,albon,williams,74.494000,28.000000,7.000000,,,17.744000,33.365000,23.385000,4132.158000,4165.523000,4188.908000,303.000000,199.000000,279.000000,293.000000,False,MEDIUM,21.000000,False,Williams,4114.414000,,1,,False,,False,True
2026,8,Austrian Grand Prix,FP2,4269.263000,ALB,23,albon,williams,80.355000,29.000000,7.000000,,,17.884000,35.818000,26.653000,4206.792000,4242.610000,4269.263000,299.000000,181.000000,278.000000,249.000000,False,MEDIUM,22.000000,False,Williams,4188.908000,,1,,False,,False,True
2026,8,Austrian Grand Prix,FP2,4343.562000,ALB,23,albon,williams,74.299000,30.000000,7.000000,,,17.825000,33.199000,23.275000,4287.088000,4320.287000,4343.562000,302.000000,201.000000,279.000000,295.000000,False,MEDIUM,23.000000,False,Williams,4269.263000,,1,,False,,False,True
2026,8,Austrian Grand Prix,FP2,4418.113000,ALB,23,albon,williams,74.551000,31.000000,7.000000,,,17.799000,33.006000,23.746000,4361.361000,4394.367000,4418.113000,303.000000,202.000000,280.000000,299.000000,False,MEDIUM,24.000000,False,Williams,4343.562000,,1,,False,,False,True
2026,8,Austrian Grand Prix,FP2,4536.526000,ALB,23,albon,williams,118.413000,32.000000,7.000000,,,22.567000,45.509000,50.337000,4440.680000,4486.189000,4536.526000,204.000000,139.000000,29.000000,182.000000,False,MEDIUM,25.000000,False,Williams,4418.113000,,1,,False,,False,True
2026,8,Austrian Grand Prix,FP2,4676.189000,ALB,23,albon,williams,139.663000,33.000000,7.000000,,,52.909000,43.190000,43.564000,4589.435000,4632.625000,4676.189000,274.000000,127.000000,60.000000,270.000000,False,MEDIUM,26.000000,False,Williams,4536.526000,,1,,False,,False,True
2026,8,Austrian Grand Prix,FP2,4795.464000,ALB,23,albon,williams,119.275000,34.000000,7.000000,,4789.960000,49.040000,39.533000,30.702000,4725.229000,4764.762000,4795.464000,292.000000,159.000000,,271.000000,False,MEDIUM,27.000000,False,Williams,4676.189000,,1,,False,,False,False
2026,8,Austrian Grand Prix,FP2,847.959000,HUL,27,hulkenberg,audi,,1.000000,1.000000,764.856000,,,37.840000,24.633000,,823.505000,848.038000,224.000000,198.000000,276.000000,240.000000,False,HARD,1.000000,True,Audi,764.856000,,1,,False,,False,False
2026,8,Austrian Grand Prix,FP2,933.629000,HUL,27,hulkenberg,audi,85.670000,2.000000,1.000000,,,21.959000,38.576000,25.135000,869.918000,908.494000,933.629000,235.000000,198.000000,277.000000,189.000000,False,HARD,2.000000,True,Audi,847.959000,,1,,True,TRACK LIMITS AT TURN 1 LAP 3 ,False,True
2026,8,Austrian Grand Prix,FP2,1004.807000,HUL,27,hulkenberg,audi,71.178000,3.000000,1.000000,,,17.123000,32.517000,21.538000,950.752000,983.269000,1004.807000,304.000000,225.000000,263.000000,298.000000,True,HARD,3.000000,True,Audi,933.629000,,1,,False,,False,True
2026,8,Austrian Grand Prix,FP2,1109.975000,HUL,27,hulkenberg,audi,105.168000,4.000000,1.000000,,,26.562000,46.346000,32.260000,1031.369000,1077.715000,1109.975000,161.000000,152.000000,195.000000,159.000000,False,HARD,4.000000,True,Audi,1004.807000,,1,,False,,False,True
2026,8,Austrian Grand Prix,FP2,1205.374000,HUL,27,hulkenberg,audi,95.399000,5.000000,1.000000,,,24.815000,43.223000,27.361000,1134.790000,1178.013000,1205.374000,189.000000,166.000000,276.000000,168.000000,False,HARD,5.000000,True,Audi,1109.975000,,1,,False,,False,True
2026,8,Austrian Grand Prix,FP2,1275.181000,HUL,27,hulkenberg,audi,69.807000,6.000000,1.000000,,,17.080000,31.540000,21.187000,1222.454000,1253.994000,1275.181000,307.000000,227.000000,260.000000,298.000000,True,HARD,6.000000,True,Audi,1205.374000,,126,,False,,False,False
2026,8,Austrian Grand Prix,FP2,1395.632000,HUL,27,hulkenberg,audi,120.451000,7.000000,1.000000,,1391.464000,28.246000,54.467000,37.738000,1303.427000,1357.894000,1395.632000,177.000000,93.000000,,151.000000,False,HARD,7.000000,True,Audi,1275.181000,,6,,False,,False,False
2026,8,Austrian Grand Prix,FP2,1817.463000,HUL,27,hulkenberg,audi,,8.000000,2.000000,1725.409000,,,40.998000,24.837000,,1792.888000,1817.540000,207.000000,135.000000,279.000000,168.000000,False,HARD,8.000000,False,Audi,1395.632000,,671,,False,,False,False
2026,8,Austrian Grand Prix,FP2,1887.049000,HUL,27,hulkenberg,audi,69.586000,9.000000,2.000000,,,17.058000,31.255000,21.273000,1834.521000,1865.776000,1887.049000,308.000000,224.000000,259.000000,300.000000,True,HARD,9.000000,False,Audi,1817.463000,,1,,False,,False,True
2026,8,Austrian Grand Prix,FP2,1988.976000,HUL,27,hulkenberg,audi,101.927000,10.000000,2.000000,,1984.689000,21.149000,45.496000,35.282000,1908.198000,1953.694000,1988.976000,214.000000,156.000000,,177.000000,False,HARD,10.000000,False,Audi,1887.049000,,1,,False,,False,False
2026,8,Austrian Grand Prix,FP2,2463.561000,HUL,27,hulkenberg,audi,,11.000000,3.000000,2374.490000,,,41.321000,25.477000,,2438.184000,2463.667000,234.000000,177.000000,278.000000,237.000000,False,SOFT,1.000000,True,Audi,1988.976000,,12,,False,,False,False
2026,8,Austrian Grand Prix,FP2,2532.120000,HUL,27,hulkenberg,audi,68.559000,12.000000,3.000000,,,16.961000,30.671000,20.927000,2480.522000,2511.193000,2532.120000,306.000000,228.000000,263.000000,297.000000,True,SOFT,2.000000,True,Audi,2463.561000,,1,,False,,False,True
2026,8,Austrian Grand Prix,FP2,2640.641000,HUL,27,hulkenberg,audi,108.521000,13.000000,3.000000,,2636.219000,24.937000,45.324000,38.260000,2557.057000,2602.381000,2640.641000,174.000000,153.000000,,172.000000,False,SOFT,3.000000,True,Audi,2532.120000,,1,,False,,False,False
2026,8,Austrian Grand Prix,FP2,2892.785000,HUL,27,hulkenberg,audi,,14.000000,4.000000,2792.113000,,,45.495000,28.420000,,2864.571000,2892.891000,136.000000,167.000000,278.000000,203.000000,False,SOFT,4.000000,False,Audi,2640.641000,,1,,False,,False,False
2026,8,Austrian Grand Prix,FP2,2961.850000,HUL,27,hulkenberg,audi,69.065000,15.000000,4.000000,,,16.932000,31.065000,21.068000,2909.717000,2940.782000,2961.850000,306.000000,228.000000,261.000000,299.000000,False,SOFT,5.000000,False,Audi,2892.785000,,1,,False,,False,True
2026,8,Austrian Grand Prix,FP2,3044.945000,HUL,27,hulkenberg,audi,83.095000,16.000000,4.000000,,3040.662000,19.491000,34.304000,29.300000,2981.341000,3015.645000,3044.945000,258.000000,204.000000,,255.000000,False,SOFT,6.000000,False,Audi,2961.850000,,1,,False,,False,False
2026,8,Austrian Grand Prix,FP2,3466.135000,HUL,27,hulkenberg,audi,,17.000000,5.000000,3389.992000,,,35.438000,22.446000,,3443.847000,3466.194000,284.000000,216.000000,277.000000,223.000000,False,HARD,11.000000,False,Audi,3044.945000,,1,,False,,False,False
2026,8,Austrian Grand Prix,FP2,3538.268000,HUL,27,hulkenberg,audi,72.133000,18.000000,5.000000,,,17.595000,32.332000,22.206000,3483.730000,3516.062000,3538.268000,297.000000,216.000000,279.000000,289.000000,False,HARD,12.000000,False,Audi,3466.135000,,1,,False,,False,True
2026,8,Austrian Grand Prix,FP2,3610.440000,HUL,27,hulkenberg,audi,72.172000,19.000000,5.000000,,,17.652000,32.452000,22.068000,3555.920000,3588.372000,3610.440000,298.000000,214.000000,281.000000,288.000000,False,HARD,13.000000,False,Audi,3538.268000,,1,,False,,False,True
2026,8,Austrian Grand Prix,FP2,3682.312000,HUL,27,hulkenberg,audi,71.872000,20.000000,5.000000,,,17.520000,32.309000,22.043000,3627.960000,3660.269000,3682.312000,299.000000,214.000000,283.000000,289.000000,False,HARD,14.000000,False,Audi,3610.440000,,1,,False,,False,True
2026,8,Austrian Grand Prix,FP2,3754.028000,HUL,27,hulkenberg,audi,71.716000,21.000000,5.000000,,,17.436000,32.229000,22.051000,3699.748000,3731.977000,3754.028000,303.000000,214.000000,281.000000,292.000000,False,HARD,15.000000,False,Audi,3682.312000,,1,,False,,False,True
2026,8,Austrian Grand Prix,FP2,3825.972000,HUL,27,hulkenberg,audi,71.944000,22.000000,5.000000,,,17.510000,32.319000,22.115000,3771.538000,3803.857000,3825.972000,304.000000,213.000000,279.000000,291.000000,False,HARD,16.000000,False,Audi,3754.028000,,1,,False,,False,True
2026,8,Austrian Grand Prix,FP2,3897.948000,HUL,27,hulkenberg,audi,71.976000,23.000000,5.000000,,,17.476000,32.348000,22.152000,3843.448000,3875.796000,3897.948000,302.000000,213.000000,279.000000,291.000000,False,HARD,17.000000,False,Audi,3825.972000,,1,,False,,False,True
2026,8,Austrian Grand Prix,FP2,3970.291000,HUL,27,hulkenberg,audi,72.343000,24.000000,5.000000,,,17.578000,32.367000,22.398000,3915.526000,3947.893000,3970.291000,303.000000,213.000000,278.000000,291.000000,False,HARD,18.000000,False,Audi,3897.948000,,1,,False,,False,True
2026,8,Austrian Grand Prix,FP2,4043.208000,HUL,27,hulkenberg,audi,72.917000,25.000000,5.000000,,,17.470000,32.846000,22.601000,3987.761000,4020.607000,4043.208000,311.000000,211.000000,277.000000,289.000000,False,HARD,19.000000,False,Audi,3970.291000,,1,,False,,False,True
2026,8,Austrian Grand Prix,FP2,4120.181000,HUL,27,hulkenberg,audi,76.973000,26.000000,5.000000,,4115.964000,17.719000,32.535000,26.719000,4060.927000,4093.462000,4120.181000,303.000000,213.000000,,300.000000,False,HARD,20.000000,False,Audi,4043.208000,,1,,False,,False,False
2026,8,Austrian Grand Prix,FP2,4213.813000,HUL,27,hulkenberg,audi,93.632000,27.000000,6.000000,4138.802000,,36.059000,33.171000,24.402000,4156.240000,4189.411000,4213.813000,292.000000,205.000000,276.000000,288.000000,False,SOFT,7.000000,False,Audi,4120.181000,,1,,False,,False,False
2026,8,Austrian Grand Prix,FP2,4286.040000,HUL,27,hulkenberg,audi,72.227000,28.000000,6.000000,,,17.584000,32.369000,22.274000,4231.397000,4263.766000,4286.040000,305.000000,215.000000,286.000000,295.000000,False,SOFT,8.000000,False,Audi,4213.813000,,1,,False,,False,True
2026,8,Austrian Grand Prix,FP2,4366.950000,HUL,27,hulkenberg,audi,80.910000,29.000000,6.000000,,,17.419000,33.033000,30.458000,4303.459000,4336.492000,4366.950000,310.000000,205.000000,226.000000,293.000000,False,SOFT,9.000000,False,Audi,4286.040000,,1,,False,,False,True
2026,8,Austrian Grand Prix,FP2,4477.287000,HUL,27,hulkenberg,audi,110.337000,30.000000,6.000000,,,23.597000,42.039000,44.701000,4390.547000,4432.586000,4477.287000,185.000000,161.000000,39.000000,192.000000,False,SOFT,10.000000,False,Audi,4366.950000,,1,,False,,False,True
2026,8,Austrian Grand Prix,FP2,4611.216000,HUL,27,hulkenberg,audi,133.929000,31.000000,6.000000,,,47.761000,41.845000,44.323000,4525.048000,4566.893000,4611.216000,259.000000,133.000000,44.000000,243.000000,False,SOFT,11.000000,False,Audi,4477.287000,,1,,False,,False,True
2026,8,Austrian Grand Prix,FP2,4764.002000,HUL,27,hulkenberg,audi,,32.000000,6.000000,,4714.678000,47.126000,33.441000,72.182000,4658.516000,4691.944000,4764.002000,290.000000,214.000000,,280.000000,False,SOFT,12.000000,False,Audi,4611.216000,,1,,False,,False,False
2026,8,Austrian Grand Prix,FP2,897.012000,LAW,30,lawson,rb,,1.000000,1.000000,799.803000,,,40.539000,29.244000,,868.040000,897.212000,251.000000,201.000000,267.000000,237.000000,False,MEDIUM,1.000000,True,Racing Bulls,799.803000,,1,,False,,False,False
2026,8,Austrian Grand Prix,FP2,967.863000,LAW,30,lawson,rb,70.851000,2.000000,1.000000,,,17.259000,31.412000,22.180000,914.271000,945.683000,967.863000,316.000000,226.000000,248.000000,314.000000,True,MEDIUM,2.000000,True,Racing Bulls,897.012000,,1,,False,,False,True
2026,8,Austrian Grand Prix,FP2,1084.107000,LAW,30,lawson,rb,116.244000,3.000000,1.000000,,,26.151000,54.855000,35.238000,994.014000,1048.869000,1084.107000,135.000000,131.000000,208.000000,140.000000,False,MEDIUM,3.000000,True,Racing Bulls,967.863000,,1,,False,,False,True
2026,8,Austrian Grand Prix,FP2,1183.063000,LAW,30,lawson,rb,98.956000,4.000000,1.000000,,,22.072000,46.713000,30.171000,1106.179000,1152.892000,1183.063000,275.000000,133.000000,264.000000,248.000000,False,MEDIUM,4.000000,True,Racing Bulls,1084.107000,,1,,False,,False,True
2026,8,Austrian Grand Prix,FP2,1252.568000,LAW,30,lawson,rb,69.505000,5.000000,1.000000,,,17.080000,31.045000,21.380000,1200.143000,1231.188000,1252.568000,322.000000,223.000000,264.000000,314.000000,True,MEDIUM,5.000000,True,Racing Bulls,1183.063000,,1,,False,,False,True
2026,8,Austrian Grand Prix,FP2,1372.376000,LAW,30,lawson,rb,119.808000,6.000000,1.000000,,1368.319000,22.444000,57.048000,40.316000,1275.012000,1332.060000,1372.376000,202.000000,118.000000,,129.000000,False,MEDIUM,6.000000,True,Racing Bulls,1252.568000,,126,,False,,False,False
2026,8,Austrian Grand Prix,FP2,1829.414000,LAW,30,lawson,rb,,7.000000,2.000000,1733.209000,,,42.312000,25.710000,,1803.875000,1829.530000,187.000000,195.000000,262.000000,142.000000,False,MEDIUM,7.000000,False,Racing Bulls,1372.376000,,671,,False,,False,False
2026,8,Austrian Grand Prix,FP2,1898.752000,LAW,30,lawson,rb,69.338000,8.000000,2.000000,,,17.226000,30.997000,21.115000,1846.640000,1877.637000,1898.752000,319.000000,220.000000,267.000000,311.000000,True,MEDIUM,8.000000,False,Racing Bulls,1829.414000,,1,,False,,False,True
2026,8,Austrian Grand Prix,FP2,2008.202000,LAW,30,lawson,rb,109.450000,9.000000,2.000000,,,25.632000,47.221000,36.597000,1924.384000,1971.605000,2008.202000,170.000000,135.000000,157.000000,169.000000,False,MEDIUM,9.000000,False,Racing Bulls,1898.752000,,1,,False,,False,True
2026,8,Austrian Grand Prix,FP2,2116.397000,LAW,30,lawson,rb,108.195000,10.000000,2.000000,,,30.977000,50.640000,26.578000,2039.179000,2089.819000,2116.397000,122.000000,168.000000,267.000000,170.000000,False,MEDIUM,10.000000,False,Racing Bulls,2008.202000,,12,,False,,False,True
2026,8,Austrian Grand Prix,FP2,2185.409000,LAW,30,lawson,rb,69.012000,11.000000,2.000000,,,17.008000,30.997000,21.007000,2133.405000,2164.402000,2185.409000,321.000000,220.000000,263.000000,311.000000,True,MEDIUM,11.000000,False,Racing Bulls,2116.397000,,1,,False,,False,True
2026,8,Austrian Grand Prix,FP2,2277.838000,LAW,30,lawson,rb,92.429000,12.000000,2.000000,,2273.619000,23.766000,37.779000,30.884000,2209.175000,2246.954000,2277.838000,244.000000,202.000000,,261.000000,False,MEDIUM,12.000000,False,Racing Bulls,2185.409000,,1,,False,,False,False
2026,8,Austrian Grand Prix,FP2,2620.394000,LAW,30,lawson,rb,,13.000000,3.000000,2530.213000,,,39.186000,25.223000,,2595.343000,2620.531000,260.000000,195.000000,262.000000,261.000000,False,SOFT,1.000000,True,Racing Bulls,2277.838000,,1,,False,,False,False
2026,8,Austrian Grand Prix,FP2,2688.902000,LAW,30,lawson,rb,68.508000,14.000000,3.000000,,,17.021000,30.634000,20.853000,2637.415000,2668.049000,2688.902000,318.000000,219.000000,265.000000,312.000000,True,SOFT,2.000000,True,Racing Bulls,2620.394000,,1,,False,,False,True
2026,8,Austrian Grand Prix,FP2,2806.972000,LAW,30,lawson,rb,118.070000,15.000000,3.000000,,,26.687000,49.849000,41.534000,2715.589000,2765.438000,2806.972000,152.000000,116.000000,168.000000,148.000000,False,SOFT,3.000000,True,Racing Bulls,2688.902000,,1,,False,,False,True
2026,8,Austrian Grand Prix,FP2,2913.233000,LAW,30,lawson,rb,106.261000,16.000000,3.000000,,,28.701000,50.977000,26.583000,2835.673000,2886.650000,2913.233000,228.000000,166.000000,266.000000,258.000000,False,SOFT,4.000000,True,Racing Bulls,2806.972000,,1,,False,,False,True
2026,8,Austrian Grand Prix,FP2,2981.468000,LAW,30,lawson,rb,68.235000,17.000000,3.000000,,,16.851000,30.495000,20.889000,2930.084000,2960.579000,2981.468000,322.000000,221.000000,272.000000,313.000000,True,SOFT,5.000000,True,Racing Bulls,2913.233000,,1,,False,,False,True
2026,8,Austrian Grand Prix,FP2,3082.771000,LAW,30,lawson,rb,101.303000,18.000000,3.000000,,3078.639000,27.272000,44.763000,29.268000,3008.740000,3053.503000,3082.771000,139.000000,193.000000,,133.000000,False,SOFT,6.000000,True,Racing Bulls,2981.468000,,1,,False,,False,False
2026,8,Austrian Grand Prix,FP2,3510.372000,LAW,30,lawson,rb,,19.000000,4.000000,3434.473000,,,33.821000,22.555000,,3487.993000,3510.453000,297.000000,213.000000,280.000000,294.000000,False,MEDIUM,13.000000,False,Racing Bulls,3082.771000,,1,,False,,False,False
2026,8,Austrian Grand Prix,FP2,3582.894000,LAW,30,lawson,rb,72.522000,20.000000,4.000000,,,17.689000,32.526000,22.307000,3528.061000,3560.587000,3582.894000,298.000000,213.000000,282.000000,297.000000,False,MEDIUM,14.000000,False,Racing Bulls,3510.372000,,1,,False,,False,True
2026,8,Austrian Grand Prix,FP2,3655.703000,LAW,30,lawson,rb,72.809000,21.000000,4.000000,,,17.531000,32.618000,22.660000,3600.425000,3633.043000,3655.703000,305.000000,212.000000,286.000000,298.000000,False,MEDIUM,15.000000,False,Racing Bulls,3582.894000,,1,,False,,False,True
2026,8,Austrian Grand Prix,FP2,3728.547000,LAW,30,lawson,rb,72.844000,22.000000,4.000000,,,17.330000,33.052000,22.462000,3673.033000,3706.085000,3728.547000,338.000000,213.000000,283.000000,295.000000,False,MEDIUM,16.000000,False,Racing Bulls,3655.703000,,1,,False,,False,True
2026,8,Austrian Grand Prix,FP2,3801.527000,LAW,30,lawson,rb,72.980000,23.000000,4.000000,,,17.785000,32.759000,22.436000,3746.332000,3779.091000,3801.527000,289.000000,209.000000,280.000000,294.000000,False,MEDIUM,17.000000,False,Racing Bulls,3728.547000,,1,,False,,False,True
2026,8,Austrian Grand Prix,FP2,3874.181000,LAW,30,lawson,rb,72.654000,24.000000,4.000000,,,17.660000,32.540000,22.454000,3819.187000,3851.727000,3874.181000,306.000000,210.000000,283.000000,299.000000,False,MEDIUM,18.000000,False,Racing Bulls,3801.527000,,1,,False,,False,True
2026,8,Austrian Grand Prix,FP2,3946.700000,LAW,30,lawson,rb,72.519000,25.000000,4.000000,,,17.583000,32.594000,22.342000,3891.764000,3924.358000,3946.700000,306.000000,210.000000,282.000000,311.000000,False,MEDIUM,19.000000,False,Racing Bulls,3874.181000,,1,,False,,False,True
2026,8,Austrian Grand Prix,FP2,4019.574000,LAW,30,lawson,rb,72.874000,26.000000,4.000000,,,17.602000,32.968000,22.304000,3964.302000,3997.270000,4019.574000,308.000000,212.000000,284.000000,302.000000,False,MEDIUM,20.000000,False,Racing Bulls,3946.700000,,1,,False,,False,True
2026,8,Austrian Grand Prix,FP2,4091.995000,LAW,30,lawson,rb,72.421000,27.000000,4.000000,,,17.600000,32.455000,22.366000,4037.174000,4069.629000,4091.995000,305.000000,209.000000,285.000000,320.000000,False,MEDIUM,21.000000,False,Racing Bulls,4019.574000,,1,,False,,False,True
2026,8,Austrian Grand Prix,FP2,4165.576000,LAW,30,lawson,rb,73.581000,28.000000,4.000000,,,17.773000,33.034000,22.774000,4109.768000,4142.802000,4165.576000,293.000000,210.000000,280.000000,285.000000,False,MEDIUM,22.000000,False,Racing Bulls,4091.995000,,1,,False,,False,True
2026,8,Austrian Grand Prix,FP2,4238.973000,LAW,30,lawson,rb,73.397000,29.000000,4.000000,,,17.814000,33.066000,22.517000,4183.390000,4216.456000,4238.973000,293.000000,211.000000,284.000000,298.000000,False,MEDIUM,23.000000,False,Racing Bulls,4165.576000,,1,,False,,False,True
2026,8,Austrian Grand Prix,FP2,4312.123000,LAW,30,lawson,rb,73.150000,30.000000,4.000000,,,17.571000,32.974000,22.605000,4256.544000,4289.518000,4312.123000,310.000000,209.000000,285.000000,321.000000,False,MEDIUM,24.000000,False,Racing Bulls,4238.973000,,1,,False,,False,True
2026,8,Austrian Grand Prix,FP2,4386.798000,LAW,30,lawson,rb,74.675000,31.000000,4.000000,,,17.700000,33.765000,23.210000,4329.823000,4363.588000,4386.798000,307.000000,206.000000,285.000000,298.000000,False,MEDIUM,25.000000,False,Racing Bulls,4312.123000,,1,,False,,False,True
2026,8,Austrian Grand Prix,FP2,4504.571000,LAW,30,lawson,rb,117.773000,32.000000,4.000000,,,26.821000,43.704000,47.248000,4413.619000,4457.323000,4504.571000,210.000000,123.000000,50.000000,187.000000,False,MEDIUM,26.000000,False,Racing Bulls,4386.798000,,1,,False,,False,True
2026,8,Austrian Grand Prix,FP2,4638.253000,LAW,30,lawson,rb,133.682000,33.000000,4.000000,,,53.378000,40.619000,39.685000,4557.949000,4598.568000,4638.253000,236.000000,166.000000,48.000000,208.000000,False,MEDIUM,27.000000,False,Racing Bulls,4504.571000,,1,,False,,False,True
2026,8,Austrian Grand Prix,FP2,4752.438000,LAW,30,lawson,rb,114.185000,34.000000,4.000000,,4748.200000,50.711000,36.859000,26.615000,4688.964000,4725.823000,4752.438000,295.000000,210.000000,,199.000000,False,MEDIUM,28.000000,False,Racing Bulls,4638.253000,,1,,False,,False,False
2026,8,Austrian Grand Prix,FP2,959.545000,OCO,31,ocon,haas,,1.000000,1.000000,856.455000,,,43.843000,29.830000,,929.887000,959.708000,272.000000,159.000000,266.000000,170.000000,False,HARD,1.000000,True,Haas F1 Team,856.455000,,1,,False,,False,False
2026,8,Austrian Grand Prix,FP2,1031.464000,OCO,31,ocon,haas,71.919000,2.000000,1.000000,,,17.549000,32.129000,22.241000,977.094000,1009.223000,1031.464000,312.000000,213.000000,266.000000,303.000000,True,HARD,2.000000,True,Haas F1 Team,959.545000,,1,,False,,False,True
2026,8,Austrian Grand Prix,FP2,1144.575000,OCO,31,ocon,haas,113.111000,3.000000,1.000000,,,27.138000,53.829000,32.144000,1058.602000,1112.431000,1144.575000,142.000000,139.000000,265.000000,151.000000,False,HARD,3.000000,True,Haas F1 Team,1031.464000,,1,,False,,False,True
2026,8,Austrian Grand Prix,FP2,1216.514000,OCO,31,ocon,haas,71.939000,4.000000,1.000000,,,17.566000,32.412000,21.961000,1162.141000,1194.553000,1216.514000,309.000000,212.000000,269.000000,302.000000,False,HARD,4.000000,True,Haas F1 Team,1144.575000,,1,,False,,False,True
2026,8,Austrian Grand Prix,FP2,1339.993000,OCO,31,ocon,haas,123.479000,5.000000,1.000000,,,26.503000,56.179000,40.797000,1243.017000,1299.196000,1339.993000,154.000000,110.000000,149.000000,151.000000,False,HARD,5.000000,True,Haas F1 Team,1216.514000,,126,,False,,False,False
2026,8,Austrian Grand Prix,FP2,1494.976000,OCO,31,ocon,haas,,6.000000,1.000000,,,31.981000,58.431000,64.606000,1372.094000,1430.556000,1495.017000,145.000000,70.000000,164.000000,138.000000,False,HARD,6.000000,True,Haas F1 Team,1339.993000,,6,,False,,False,False
2026,8,Austrian Grand Prix,FP2,1638.008000,OCO,31,ocon,haas,143.032000,7.000000,1.000000,,,27.127000,64.968000,50.937000,1522.103000,1587.071000,1638.008000,184.000000,68.000000,202.000000,187.000000,False,HARD,7.000000,True,Haas F1 Team,1494.976000,,6,,False,,False,False
2026,8,Austrian Grand Prix,FP2,1739.380000,OCO,31,ocon,haas,101.372000,8.000000,1.000000,,,24.589000,51.543000,25.240000,1662.597000,1714.140000,1739.380000,194.000000,181.000000,270.000000,172.000000,False,HARD,8.000000,True,Haas F1 Team,1638.008000,,671,,False,,False,False
2026,8,Austrian Grand Prix,FP2,1809.918000,OCO,31,ocon,haas,70.538000,9.000000,1.000000,,,17.326000,31.530000,21.682000,1756.706000,1788.236000,1809.918000,311.000000,214.000000,271.000000,303.000000,True,HARD,9.000000,True,Haas F1 Team,1739.380000,,1,,False,,False,True
2026,8,Austrian Grand Prix,FP2,1927.404000,OCO,31,ocon,haas,117.486000,10.000000,1.000000,,,28.987000,54.256000,34.243000,1838.905000,1893.161000,1927.404000,143.000000,94.000000,179.000000,158.000000,False,HARD,10.000000,True,Haas F1 Team,1809.918000,,1,,False,,False,True
2026,8,Austrian Grand Prix,FP2,2030.137000,OCO,31,ocon,haas,102.733000,11.000000,1.000000,,,27.879000,48.181000,26.673000,1955.283000,2003.464000,2030.137000,167.000000,164.000000,270.000000,167.000000,False,HARD,11.000000,True,Haas F1 Team,1927.404000,,1,,False,,False,True
2026,8,Austrian Grand Prix,FP2,2102.138000,OCO,31,ocon,haas,72.001000,12.000000,1.000000,,,17.308000,33.054000,21.639000,2047.445000,2080.499000,2102.138000,309.000000,214.000000,270.000000,299.000000,False,HARD,12.000000,True,Haas F1 Team,2030.137000,,12,,False,,False,True
2026,8,Austrian Grand Prix,FP2,2201.724000,OCO,31,ocon,haas,99.586000,13.000000,1.000000,,2197.390000,21.287000,47.203000,31.096000,2123.425000,2170.628000,2201.724000,222.000000,122.000000,,175.000000,False,HARD,13.000000,True,Haas F1 Team,2102.138000,,1,,False,,False,False
2026,8,Austrian Grand Prix,FP2,2813.546000,OCO,31,ocon,haas,,14.000000,2.000000,2715.559000,,,44.718000,26.064000,,2787.657000,2813.691000,196.000000,162.000000,273.000000,234.000000,False,SOFT,1.000000,True,Haas F1 Team,2201.724000,,1,,False,,False,False
2026,8,Austrian Grand Prix,FP2,2882.376000,OCO,31,ocon,haas,68.830000,15.000000,2.000000,,,17.003000,30.649000,21.178000,2830.549000,2861.198000,2882.376000,314.000000,219.000000,272.000000,306.000000,True,SOFT,2.000000,True,Haas F1 Team,2813.546000,,1,,False,,False,True
2026,8,Austrian Grand Prix,FP2,3001.878000,OCO,31,ocon,haas,119.502000,16.000000,2.000000,,2997.315000,26.461000,52.832000,40.209000,2908.837000,2961.669000,3001.878000,141.000000,118.000000,,154.000000,False,SOFT,3.000000,True,Haas F1 Team,2882.376000,,1,,False,,False,False
2026,8,Austrian Grand Prix,FP2,3189.945000,OCO,31,ocon,haas,,17.000000,3.000000,3081.810000,,,49.599000,30.485000,,3159.644000,3189.958000,131.000000,162.000000,273.000000,136.000000,False,SOFT,4.000000,False,Haas F1 Team,3001.878000,,1,,False,,False,False
2026,8,Austrian Grand Prix,FP2,3258.821000,OCO,31,ocon,haas,68.876000,18.000000,3.000000,,,17.078000,30.766000,21.032000,3207.023000,3237.789000,3258.821000,312.000000,219.000000,274.000000,306.000000,False,SOFT,5.000000,False,Haas F1 Team,3189.945000,,1,,False,,False,True
2026,8,Austrian Grand Prix,FP2,3343.396000,OCO,31,ocon,haas,84.575000,19.000000,3.000000,,3339.103000,18.875000,37.721000,27.979000,3277.696000,3315.417000,3343.396000,280.000000,189.000000,,202.000000,False,SOFT,6.000000,False,Haas F1 Team,3258.821000,,1,,False,,False,False
2026,8,Austrian Grand Prix,FP2,3655.246000,OCO,31,ocon,haas,,20.000000,4.000000,3579.969000,,,33.445000,22.764000,,3632.591000,3655.409000,283.000000,208.000000,274.000000,265.000000,False,HARD,14.000000,False,Haas F1 Team,3343.396000,,1,,False,,False,False
2026,8,Austrian Grand Prix,FP2,3729.860000,OCO,31,ocon,haas,74.614000,21.000000,4.000000,,,17.777000,33.649000,23.188000,3673.023000,3706.672000,3729.860000,302.000000,206.000000,274.000000,290.000000,False,HARD,15.000000,False,Haas F1 Team,3655.246000,,1,,False,,False,True
2026,8,Austrian Grand Prix,FP2,3806.015000,OCO,31,ocon,haas,76.155000,22.000000,4.000000,,,20.797000,32.725000,22.633000,3750.657000,3783.382000,3806.015000,262.000000,206.000000,280.000000,312.000000,False,HARD,16.000000,False,Haas F1 Team,3729.860000,,1,,False,,False,True
2026,8,Austrian Grand Prix,FP2,3879.061000,OCO,31,ocon,haas,73.046000,23.000000,4.000000,,,17.503000,32.835000,22.708000,3823.518000,3856.353000,3879.061000,306.000000,205.000000,277.000000,292.000000,False,HARD,17.000000,False,Haas F1 Team,3806.015000,,1,,False,,False,True
2026,8,Austrian Grand Prix,FP2,3952.364000,OCO,31,ocon,haas,73.303000,24.000000,4.000000,,,17.683000,32.761000,22.859000,3896.744000,3929.505000,3952.364000,307.000000,207.000000,281.000000,292.000000,False,HARD,18.000000,False,Haas F1 Team,3879.061000,,1,,False,,False,True
2026,8,Austrian Grand Prix,FP2,4025.508000,OCO,31,ocon,haas,73.144000,25.000000,4.000000,,,17.568000,32.899000,22.677000,3969.932000,4002.831000,4025.508000,306.000000,204.000000,280.000000,288.000000,False,HARD,19.000000,False,Haas F1 Team,3952.364000,,1,,False,,False,True
2026,8,Austrian Grand Prix,FP2,4098.990000,OCO,31,ocon,haas,73.482000,26.000000,4.000000,,,17.678000,33.100000,22.704000,4043.186000,4076.286000,4098.990000,304.000000,200.000000,279.000000,289.000000,False,HARD,20.000000,False,Haas F1 Team,4025.508000,,1,,False,,False,True
2026,8,Austrian Grand Prix,FP2,4172.561000,OCO,31,ocon,haas,73.571000,27.000000,4.000000,,,17.632000,32.902000,23.037000,4116.622000,4149.524000,4172.561000,306.000000,202.000000,274.000000,304.000000,False,HARD,21.000000,False,Haas F1 Team,4098.990000,,1,,False,,False,True
2026,8,Austrian Grand Prix,FP2,4245.822000,OCO,31,ocon,haas,73.261000,28.000000,4.000000,,,17.760000,32.879000,22.622000,4190.321000,4223.200000,4245.822000,310.000000,202.000000,283.000000,297.000000,False,HARD,22.000000,False,Haas F1 Team,4172.561000,,1,,False,,False,True
2026,8,Austrian Grand Prix,FP2,4319.213000,OCO,31,ocon,haas,73.391000,29.000000,4.000000,,,17.530000,33.046000,22.815000,4263.352000,4296.398000,4319.213000,303.000000,205.000000,279.000000,289.000000,False,HARD,23.000000,False,Haas F1 Team,4245.822000,,1,,False,,False,True
2026,8,Austrian Grand Prix,FP2,4392.733000,OCO,31,ocon,haas,73.520000,30.000000,4.000000,,,17.715000,33.109000,22.696000,4336.928000,4370.037000,4392.733000,306.000000,204.000000,280.000000,293.000000,False,HARD,24.000000,False,Haas F1 Team,4319.213000,,1,,False,,False,True
2026,8,Austrian Grand Prix,FP2,4513.678000,OCO,31,ocon,haas,120.945000,31.000000,4.000000,,,24.202000,44.199000,52.544000,4416.935000,4461.134000,4513.678000,182.000000,155.000000,58.000000,180.000000,False,HARD,25.000000,False,Haas F1 Team,4392.733000,,1,,False,,False,True
2026,8,Austrian Grand Prix,FP2,4654.363000,OCO,31,ocon,haas,140.685000,32.000000,4.000000,,,51.945000,45.001000,43.739000,4565.623000,4610.624000,4654.363000,223.000000,144.000000,81.000000,178.000000,False,HARD,26.000000,False,Haas F1 Team,4513.678000,,1,,False,,False,True
2026,8,Austrian Grand Prix,FP2,4759.961000,OCO,31,ocon,haas,105.598000,33.000000,4.000000,,4755.669000,41.895000,34.990000,28.713000,4696.258000,4731.248000,4759.961000,294.000000,185.000000,,282.000000,False,HARD,27.000000,False,Haas F1 Team,4654.363000,,1,,False,,False,False
2026,8,Austrian Grand Prix,FP2,1844.042000,LIN,41,arvid_lindblad,rb,,1.000000,1.000000,1750.480000,,,39.371000,26.413000,,1817.877000,1844.215000,218.000000,196.000000,268.000000,235.000000,False,MEDIUM,1.000000,True,Racing Bulls,1750.480000,,1,,False,,False,False
2026,8,Austrian Grand Prix,FP2,1913.707000,LIN,41,arvid_lindblad,rb,69.665000,2.000000,1.000000,,,17.204000,31.307000,21.154000,1861.246000,1892.553000,1913.707000,315.000000,220.000000,270.000000,307.000000,True,MEDIUM,2.000000,True,Racing Bulls,1844.042000,,1,,False,,False,True
2026,8,Austrian Grand Prix,FP2,2022.307000,LIN,41,arvid_lindblad,rb,108.600000,3.000000,1.000000,,,23.395000,51.949000,33.256000,1937.102000,1989.051000,2022.307000,181.000000,153.000000,158.000000,125.000000,False,MEDIUM,3.000000,True,Racing Bulls,1913.707000,,1,,False,,False,True
2026,8,Austrian Grand Prix,FP2,2121.384000,LIN,41,arvid_lindblad,rb,99.077000,4.000000,1.000000,,,28.524000,44.250000,26.303000,2050.831000,2095.081000,2121.384000,175.000000,169.000000,264.000000,231.000000,False,MEDIUM,4.000000,True,Racing Bulls,2022.307000,,12,,False,,False,True
2026,8,Austrian Grand Prix,FP2,2190.358000,LIN,41,arvid_lindblad,rb,68.974000,5.000000,1.000000,,,17.026000,30.958000,20.990000,2138.410000,2169.368000,2190.358000,318.000000,218.000000,271.000000,310.000000,True,MEDIUM,5.000000,True,Racing Bulls,2121.384000,,1,,False,,False,True
2026,8,Austrian Grand Prix,FP2,2274.021000,LIN,41,arvid_lindblad,rb,83.663000,6.000000,1.000000,,2269.930000,19.996000,37.649000,26.018000,2210.354000,2248.003000,2274.021000,240.000000,212.000000,,248.000000,False,MEDIUM,6.000000,True,Racing Bulls,2190.358000,,1,,False,,False,False
2026,8,Austrian Grand Prix,FP2,2648.461000,LIN,41,arvid_lindblad,rb,,7.000000,2.000000,2558.751000,,,38.831000,25.625000,,2623.484000,2648.531000,217.000000,183.000000,269.000000,246.000000,False,SOFT,1.000000,True,Racing Bulls,2274.021000,,1,,False,,False,False
2026,8,Austrian Grand Prix,FP2,2716.878000,LIN,41,arvid_lindblad,rb,68.417000,8.000000,2.000000,,,16.989000,30.543000,20.885000,2665.450000,2695.993000,2716.878000,317.000000,219.000000,270.000000,311.000000,True,SOFT,2.000000,True,Racing Bulls,2648.461000,,1,,False,,False,True
2026,8,Austrian Grand Prix,FP2,2820.219000,LIN,41,arvid_lindblad,rb,103.341000,9.000000,2.000000,,,22.507000,45.886000,34.948000,2739.385000,2785.271000,2820.219000,188.000000,139.000000,157.000000,184.000000,False,SOFT,3.000000,True,Racing Bulls,2716.878000,,1,,False,,False,True
2026,8,Austrian Grand Prix,FP2,2919.144000,LIN,41,arvid_lindblad,rb,98.925000,10.000000,2.000000,,,28.061000,41.838000,29.026000,2848.280000,2890.118000,2919.144000,189.000000,182.000000,263.000000,244.000000,False,SOFT,4.000000,True,Racing Bulls,2820.219000,,1,,False,,False,True
2026,8,Austrian Grand Prix,FP2,2987.522000,LIN,41,arvid_lindblad,rb,68.378000,11.000000,2.000000,,,17.005000,30.569000,20.804000,2936.149000,2966.718000,2987.522000,319.000000,219.000000,272.000000,313.000000,True,SOFT,5.000000,True,Racing Bulls,2919.144000,,1,,False,,False,True
2026,8,Austrian Grand Prix,FP2,3065.504000,LIN,41,arvid_lindblad,rb,77.982000,12.000000,2.000000,,3061.213000,19.039000,33.202000,25.741000,3006.561000,3039.763000,3065.504000,291.000000,210.000000,,298.000000,False,SOFT,6.000000,True,Racing Bulls,2987.522000,,1,,False,,False,False
2026,8,Austrian Grand Prix,FP2,3404.052000,LIN,41,arvid_lindblad,rb,,13.000000,3.000000,3324.394000,,,33.535000,22.166000,,3381.990000,3404.780000,288.000000,215.000000,288.000000,309.000000,False,MEDIUM,7.000000,False,Racing Bulls,3065.504000,,1,,False,,False,False
2026,8,Austrian Grand Prix,FP2,3476.115000,LIN,41,arvid_lindblad,rb,72.063000,14.000000,3.000000,,,17.370000,32.461000,22.232000,3421.422000,3453.883000,3476.115000,299.000000,212.000000,285.000000,294.000000,False,MEDIUM,8.000000,False,Racing Bulls,3404.052000,,1,,False,,False,True
2026,8,Austrian Grand Prix,FP2,3548.084000,LIN,41,arvid_lindblad,rb,71.969000,15.000000,3.000000,,,17.369000,32.253000,22.347000,3493.484000,3525.737000,3548.084000,305.000000,211.000000,286.000000,300.000000,False,MEDIUM,9.000000,False,Racing Bulls,3476.115000,,1,,False,,False,True
2026,8,Austrian Grand Prix,FP2,3619.912000,LIN,41,arvid_lindblad,rb,71.828000,16.000000,3.000000,,,17.299000,32.211000,22.318000,3565.383000,3597.594000,3619.912000,309.000000,210.000000,287.000000,303.000000,False,MEDIUM,10.000000,False,Racing Bulls,3548.084000,,1,,False,,False,True
2026,8,Austrian Grand Prix,FP2,3694.024000,LIN,41,arvid_lindblad,rb,74.112000,17.000000,3.000000,,,17.751000,34.044000,22.317000,3637.663000,3671.707000,3694.024000,247.000000,208.000000,284.000000,300.000000,False,MEDIUM,11.000000,False,Racing Bulls,3619.912000,,1,,False,,False,True
2026,8,Austrian Grand Prix,FP2,3766.120000,LIN,41,arvid_lindblad,rb,72.096000,18.000000,3.000000,,,17.429000,32.348000,22.319000,3711.453000,3743.801000,3766.120000,307.000000,211.000000,286.000000,301.000000,False,MEDIUM,12.000000,False,Racing Bulls,3694.024000,,1,,False,,False,True
2026,8,Austrian Grand Prix,FP2,3838.468000,LIN,41,arvid_lindblad,rb,72.348000,19.000000,3.000000,,,17.418000,32.528000,22.402000,3783.538000,3816.066000,3838.468000,309.000000,209.000000,284.000000,301.000000,False,MEDIUM,13.000000,False,Racing Bulls,3766.120000,,1,,False,,False,True
2026,8,Austrian Grand Prix,FP2,3910.532000,LIN,41,arvid_lindblad,rb,72.064000,20.000000,3.000000,,,17.446000,32.330000,22.288000,3855.914000,3888.244000,3910.532000,308.000000,210.000000,284.000000,303.000000,False,MEDIUM,14.000000,False,Racing Bulls,3838.468000,,1,,False,,False,True
2026,8,Austrian Grand Prix,FP2,3983.212000,LIN,41,arvid_lindblad,rb,72.680000,21.000000,3.000000,,,17.513000,32.691000,22.476000,3928.045000,3960.736000,3983.212000,309.000000,209.000000,282.000000,300.000000,False,MEDIUM,15.000000,False,Racing Bulls,3910.532000,,1,,False,,False,True
2026,8,Austrian Grand Prix,FP2,4055.955000,LIN,41,arvid_lindblad,rb,72.743000,22.000000,3.000000,,,17.571000,32.789000,22.383000,4000.783000,4033.572000,4055.955000,309.000000,210.000000,284.000000,301.000000,False,MEDIUM,16.000000,False,Racing Bulls,3983.212000,,1,,False,,False,True
2026,8,Austrian Grand Prix,FP2,4128.862000,LIN,41,arvid_lindblad,rb,72.907000,23.000000,3.000000,,,17.543000,32.822000,22.542000,4073.498000,4106.320000,4128.862000,309.000000,208.000000,283.000000,302.000000,False,MEDIUM,17.000000,False,Racing Bulls,4055.955000,,1,,False,,False,True
2026,8,Austrian Grand Prix,FP2,4201.971000,LIN,41,arvid_lindblad,rb,73.109000,24.000000,3.000000,,,17.629000,32.822000,22.658000,4146.491000,4179.313000,4201.971000,308.000000,205.000000,281.000000,306.000000,False,MEDIUM,18.000000,False,Racing Bulls,4128.862000,,1,,False,,False,True
2026,8,Austrian Grand Prix,FP2,4275.347000,LIN,41,arvid_lindblad,rb,73.376000,25.000000,3.000000,,,17.587000,32.946000,22.843000,4219.558000,4252.504000,4275.347000,314.000000,203.000000,283.000000,307.000000,False,MEDIUM,19.000000,False,Racing Bulls,4201.971000,,1,,False,,False,True
2026,8,Austrian Grand Prix,FP2,4348.623000,LIN,41,arvid_lindblad,rb,73.276000,26.000000,3.000000,,,17.549000,32.891000,22.836000,4292.896000,4325.787000,4348.623000,312.000000,204.000000,284.000000,314.000000,False,MEDIUM,20.000000,False,Racing Bulls,4275.347000,,1,,False,,False,True
2026,8,Austrian Grand Prix,FP2,4421.756000,LIN,41,arvid_lindblad,rb,73.133000,27.000000,3.000000,,,17.594000,32.901000,22.638000,4366.217000,4399.118000,4421.756000,309.000000,208.000000,283.000000,300.000000,False,MEDIUM,21.000000,False,Racing Bulls,4348.623000,,1,,False,,False,True
2026,8,Austrian Grand Prix,FP2,4568.975000,LIN,41,arvid_lindblad,rb,147.219000,28.000000,3.000000,,,19.915000,42.030000,85.274000,4441.671000,4483.701000,4568.975000,230.000000,138.000000,2.000000,216.000000,False,MEDIUM,22.000000,False,Racing Bulls,4421.756000,,1,,False,,False,True
2026,8,Austrian Grand Prix,FP2,4656.517000,LIN,41,arvid_lindblad,rb,87.542000,29.000000,3.000000,,4652.036000,22.035000,37.239000,28.268000,4591.010000,4628.249000,4656.517000,266.000000,171.000000,,277.000000,False,MEDIUM,23.000000,False,Racing Bulls,4568.975000,,1,,False,,False,False
2026,8,Austrian Grand Prix,FP2,886.083000,COL,43,colapinto,alpine,,1.000000,1.000000,790.476000,,,41.252000,30.849000,,855.437000,886.138000,232.000000,150.000000,274.000000,194.000000,False,HARD,1.000000,True,Alpine,790.476000,,1,,False,,False,False
2026,8,Austrian Grand Prix,FP2,956.981000,COL,43,colapinto,alpine,70.898000,2.000000,1.000000,,,17.411000,31.749000,21.738000,903.494000,935.243000,956.981000,308.000000,209.000000,263.000000,306.000000,True,HARD,2.000000,True,Alpine,886.083000,,1,,False,,False,True
2026,8,Austrian Grand Prix,FP2,1078.588000,COL,43,colapinto,alpine,121.607000,3.000000,1.000000,,,30.733000,55.706000,35.168000,987.714000,1043.420000,1078.588000,129.000000,119.000000,234.000000,138.000000,False,HARD,3.000000,True,Alpine,956.981000,,1,,False,,False,True
2026,8,Austrian Grand Prix,FP2,1178.523000,COL,43,colapinto,alpine,99.935000,4.000000,1.000000,,,22.905000,50.170000,26.860000,1101.493000,1151.663000,1178.523000,168.000000,116.000000,273.000000,229.000000,False,HARD,4.000000,True,Alpine,1078.588000,,1,,False,,False,True
2026,8,Austrian Grand Prix,FP2,1248.785000,COL,43,colapinto,alpine,70.262000,5.000000,1.000000,,,17.335000,31.350000,21.577000,1195.858000,1227.208000,1248.785000,310.000000,217.000000,276.000000,304.000000,True,HARD,5.000000,True,Alpine,1178.523000,,1,,False,,False,True
2026,8,Austrian Grand Prix,FP2,1391.654000,COL,43,colapinto,alpine,142.869000,6.000000,1.000000,,1387.343000,30.210000,73.958000,38.701000,1278.995000,1352.953000,1391.654000,112.000000,111.000000,,88.000000,False,HARD,6.000000,True,Alpine,1248.785000,,126,,False,,False,False
2026,8,Austrian Grand Prix,FP2,1571.465000,COL,43,colapinto,alpine,,7.000000,2.000000,1414.182000,,56.771000,68.397000,54.656000,1448.589000,1517.064000,1571.590000,130.000000,68.000000,196.000000,113.000000,False,HARD,7.000000,False,Alpine,1391.654000,,6,,False,,False,False
2026,8,Austrian Grand Prix,FP2,1696.700000,COL,43,colapinto,alpine,125.235000,8.000000,2.000000,,,22.670000,60.643000,41.922000,1594.135000,1654.778000,1696.700000,248.000000,105.000000,145.000000,204.000000,False,HARD,8.000000,False,Alpine,1571.465000,,67,,False,,False,False
2026,8,Austrian Grand Prix,FP2,1786.572000,COL,43,colapinto,alpine,89.872000,9.000000,2.000000,,,22.977000,40.571000,26.324000,1719.677000,1760.248000,1786.572000,259.000000,103.000000,271.000000,257.000000,False,HARD,9.000000,False,Alpine,1696.700000,,71,,False,,False,False
2026,8,Austrian Grand Prix,FP2,1867.371000,COL,43,colapinto,alpine,80.799000,10.000000,2.000000,,1863.137000,17.296000,31.652000,31.851000,1803.868000,1835.520000,1867.371000,309.000000,169.000000,,304.000000,False,HARD,10.000000,False,Alpine,1786.572000,,1,,False,,False,False
2026,8,Austrian Grand Prix,FP2,2901.032000,COL,43,colapinto,alpine,,11.000000,3.000000,2809.131000,,,44.796000,25.355000,,2875.878000,2901.205000,185.000000,197.000000,267.000000,190.000000,False,SOFT,1.000000,True,Alpine,1867.371000,,12,,False,,False,False
2026,8,Austrian Grand Prix,FP2,2969.894000,COL,43,colapinto,alpine,68.862000,12.000000,3.000000,,,17.096000,30.751000,21.015000,2918.128000,2948.879000,2969.894000,311.000000,222.000000,272.000000,314.000000,True,SOFT,2.000000,True,Alpine,2901.032000,,1,,False,,False,True
2026,8,Austrian Grand Prix,FP2,3101.895000,COL,43,colapinto,alpine,132.001000,13.000000,3.000000,,3097.624000,29.180000,59.326000,43.495000,2999.074000,3058.400000,3101.895000,146.000000,107.000000,,133.000000,False,SOFT,3.000000,True,Alpine,2969.894000,,1,,False,,False,False
2026,8,Austrian Grand Prix,FP2,3227.998000,COL,43,colapinto,alpine,126.103000,14.000000,4.000000,3115.042000,,46.030000,52.464000,27.609000,3147.925000,3200.389000,3227.998000,108.000000,150.000000,274.000000,151.000000,False,SOFT,4.000000,False,Alpine,3101.895000,,1,,False,,False,False
2026,8,Austrian Grand Prix,FP2,3296.829000,COL,43,colapinto,alpine,68.831000,15.000000,4.000000,,,17.057000,30.806000,20.968000,3245.055000,3275.861000,3296.829000,307.000000,221.000000,266.000000,312.000000,True,SOFT,5.000000,False,Alpine,3227.998000,,1,,False,,False,True
2026,8,Austrian Grand Prix,FP2,3391.039000,COL,43,colapinto,alpine,94.210000,16.000000,4.000000,,3387.045000,21.198000,44.556000,28.456000,3318.027000,3362.583000,3391.039000,216.000000,196.000000,,239.000000,False,SOFT,6.000000,False,Alpine,3296.829000,,1,,False,,False,False
2026,8,Austrian Grand Prix,FP2,3709.547000,COL,43,colapinto,alpine,,17.000000,5.000000,3623.309000,,,36.203000,22.963000,,3686.760000,3709.593000,223.000000,205.000000,286.000000,296.000000,False,HARD,11.000000,False,Alpine,3391.039000,,1,,False,,False,False
2026,8,Austrian Grand Prix,FP2,3781.754000,COL,43,colapinto,alpine,72.207000,18.000000,5.000000,,,17.429000,32.379000,22.399000,3726.976000,3759.355000,3781.754000,295.000000,208.000000,284.000000,297.000000,False,HARD,12.000000,False,Alpine,3709.547000,,1,,False,,False,True
2026,8,Austrian Grand Prix,FP2,3853.348000,COL,43,colapinto,alpine,71.594000,19.000000,5.000000,,,17.399000,31.983000,22.212000,3799.153000,3831.136000,3853.348000,302.000000,208.000000,283.000000,300.000000,False,HARD,13.000000,False,Alpine,3781.754000,,1,,False,,False,True
2026,8,Austrian Grand Prix,FP2,3925.353000,COL,43,colapinto,alpine,72.005000,20.000000,5.000000,,,17.470000,32.243000,22.292000,3870.818000,3903.061000,3925.353000,305.000000,206.000000,284.000000,300.000000,False,HARD,14.000000,False,Alpine,3853.348000,,1,,False,,False,True
2026,8,Austrian Grand Prix,FP2,3997.593000,COL,43,colapinto,alpine,72.240000,21.000000,5.000000,,,17.504000,32.418000,22.318000,3942.857000,3975.275000,3997.593000,309.000000,206.000000,282.000000,299.000000,False,HARD,15.000000,False,Alpine,3925.353000,,1,,False,,False,True
2026,8,Austrian Grand Prix,FP2,4070.153000,COL,43,colapinto,alpine,72.560000,22.000000,5.000000,,,17.716000,32.466000,22.378000,4015.309000,4047.775000,4070.153000,304.000000,206.000000,283.000000,298.000000,False,HARD,16.000000,False,Alpine,3997.593000,,1,,False,,False,True
2026,8,Austrian Grand Prix,FP2,4142.652000,COL,43,colapinto,alpine,72.499000,23.000000,5.000000,,,17.591000,32.499000,22.409000,4087.744000,4120.243000,4142.652000,303.000000,205.000000,283.000000,294.000000,False,HARD,17.000000,False,Alpine,4070.153000,,1,,False,,False,True
2026,8,Austrian Grand Prix,FP2,4215.422000,COL,43,colapinto,alpine,72.770000,24.000000,5.000000,,,17.601000,32.544000,22.625000,4160.253000,4192.797000,4215.422000,305.000000,207.000000,286.000000,301.000000,False,HARD,18.000000,False,Alpine,4142.652000,,1,,False,,False,True
2026,8,Austrian Grand Prix,FP2,4288.067000,COL,43,colapinto,alpine,72.645000,25.000000,5.000000,,,17.599000,32.584000,22.462000,4233.021000,4265.605000,4288.067000,309.000000,205.000000,285.000000,306.000000,False,HARD,19.000000,False,Alpine,4215.422000,,1,,False,,False,True
2026,8,Austrian Grand Prix,FP2,4360.897000,COL,43,colapinto,alpine,72.830000,26.000000,5.000000,,,17.587000,32.717000,22.526000,4305.654000,4338.371000,4360.897000,310.000000,204.000000,286.000000,305.000000,False,HARD,20.000000,False,Alpine,4288.067000,,1,,False,,False,True
2026,8,Austrian Grand Prix,FP2,4434.280000,COL,43,colapinto,alpine,73.383000,27.000000,5.000000,,,17.614000,33.050000,22.719000,4378.511000,4411.561000,4434.280000,307.000000,204.000000,283.000000,300.000000,False,HARD,21.000000,False,Alpine,4360.897000,,1,,False,,False,True
2026,8,Austrian Grand Prix,FP2,4595.799000,COL,43,colapinto,alpine,,28.000000,5.000000,,,23.671000,47.506000,90.381000,4458.071000,4505.593000,4595.864000,182.000000,116.000000,85.000000,175.000000,False,HARD,22.000000,False,Alpine,4434.280000,,1,,False,,False,False
2026,8,Austrian Grand Prix,FP2,4734.566000,COL,43,colapinto,alpine,138.767000,29.000000,5.000000,,,20.757000,34.753000,83.257000,4616.556000,4651.309000,4734.566000,292.000000,193.000000,27.000000,287.000000,False,HARD,23.000000,False,Alpine,4595.799000,,1,,False,,False,True
2026,8,Austrian Grand Prix,FP2,4837.972000,COL,43,colapinto,alpine,103.406000,30.000000,5.000000,,4833.796000,30.300000,43.829000,29.277000,4764.866000,4808.695000,4837.972000,171.000000,196.000000,,167.000000,False,HARD,24.000000,False,Alpine,4734.566000,,1,,False,,False,False
2026,8,Austrian Grand Prix,FP2,904.496000,HAM,44,hamilton,ferrari,,1.000000,1.000000,807.122000,,,41.192000,23.948000,,880.820000,904.670000,225.000000,188.000000,274.000000,248.000000,False,MEDIUM,1.000000,True,Ferrari,807.122000,,1,,False,,False,False
2026,8,Austrian Grand Prix,FP2,997.782000,HAM,44,hamilton,ferrari,93.286000,2.000000,1.000000,,,22.067000,43.931000,27.288000,926.563000,970.494000,997.782000,182.000000,158.000000,272.000000,264.000000,True,MEDIUM,2.000000,True,Ferrari,904.496000,,1,,False,,False,True
2026,8,Austrian Grand Prix,FP2,1066.732000,HAM,44,hamilton,ferrari,68.950000,3.000000,1.000000,,,17.056000,30.809000,21.085000,1014.838000,1045.647000,1066.732000,307.000000,218.000000,272.000000,302.000000,True,MEDIUM,3.000000,True,Ferrari,997.782000,,1,,False,,False,True
2026,8,Austrian Grand Prix,FP2,1189.575000,HAM,44,hamilton,ferrari,122.843000,4.000000,1.000000,,1185.484000,29.518000,57.220000,36.105000,1096.250000,1153.470000,1189.575000,131.000000,124.000000,,125.000000,False,MEDIUM,4.000000,True,Ferrari,1066.732000,,1,,False,,False,False
2026,8,Austrian Grand Prix,FP2,1317.430000,HAM,44,hamilton,ferrari,127.855000,5.000000,2.000000,1210.388000,,43.525000,48.973000,35.357000,1233.100000,1282.073000,1317.430000,196.000000,109.000000,174.000000,143.000000,False,MEDIUM,5.000000,False,Ferrari,1189.575000,,126,,True,DOUBLE YELLOW AT TURN 5,False,False
2026,8,Austrian Grand Prix,FP2,1445.412000,HAM,44,hamilton,ferrari,127.982000,6.000000,2.000000,,,33.067000,62.513000,32.402000,1350.497000,1413.010000,1445.412000,127.000000,130.000000,236.000000,106.000000,False,MEDIUM,6.000000,False,Ferrari,1317.430000,,6,,False,,False,False
2026,8,Austrian Grand Prix,FP2,1589.604000,HAM,44,hamilton,ferrari,144.192000,7.000000,2.000000,,,20.446000,78.465000,45.281000,1465.858000,1544.323000,1589.604000,259.000000,53.000000,233.000000,103.000000,False,MEDIUM,7.000000,False,Ferrari,1445.412000,,6,,False,,False,False
2026,8,Austrian Grand Prix,FP2,1714.580000,HAM,44,hamilton,ferrari,124.976000,8.000000,2.000000,,,19.590000,65.276000,40.110000,1609.194000,1674.470000,1714.580000,257.000000,76.000000,272.000000,130.000000,False,MEDIUM,8.000000,False,Ferrari,1589.604000,,671,,False,,False,False
2026,8,Austrian Grand Prix,FP2,1800.274000,HAM,44,hamilton,ferrari,85.694000,9.000000,2.000000,,,17.147000,39.419000,29.128000,1731.727000,1771.146000,1800.274000,307.000000,128.000000,273.000000,226.000000,False,MEDIUM,9.000000,False,Ferrari,1714.580000,,1,,False,,False,True
2026,8,Austrian Grand Prix,FP2,1868.949000,HAM,44,hamilton,ferrari,68.675000,10.000000,2.000000,,,17.109000,30.642000,20.924000,1817.383000,1848.025000,1868.949000,309.000000,220.000000,268.000000,304.000000,True,MEDIUM,10.000000,False,Ferrari,1800.274000,,1,,False,,False,True
2026,8,Austrian Grand Prix,FP2,1982.727000,HAM,44,hamilton,ferrari,113.778000,11.000000,2.000000,,,25.324000,56.741000,31.713000,1894.273000,1951.014000,1982.727000,138.000000,102.000000,274.000000,136.000000,False,MEDIUM,11.000000,False,Ferrari,1868.949000,,1,,False,,False,True
2026,8,Austrian Grand Prix,FP2,2051.528000,HAM,44,hamilton,ferrari,68.801000,12.000000,2.000000,,,16.962000,30.773000,21.066000,1999.689000,2030.462000,2051.528000,309.000000,218.000000,264.000000,300.000000,False,MEDIUM,12.000000,False,Ferrari,1982.727000,,12,,False,,False,True
2026,8,Austrian Grand Prix,FP2,2143.517000,HAM,44,hamilton,ferrari,91.989000,13.000000,2.000000,,2139.442000,19.072000,40.941000,31.976000,2070.600000,2111.541000,2143.517000,258.000000,135.000000,,267.000000,False,MEDIUM,13.000000,False,Ferrari,2051.528000,,21,,False,,False,False
2026,8,Austrian Grand Prix,FP2,2672.747000,HAM,44,hamilton,ferrari,,14.000000,3.000000,2582.567000,,,43.013000,24.516000,,2648.422000,2672.953000,201.000000,183.000000,275.000000,257.000000,False,SOFT,1.000000,True,Ferrari,2143.517000,,1,,False,,False,False
2026,8,Austrian Grand Prix,FP2,2740.358000,HAM,44,hamilton,ferrari,67.611000,15.000000,3.000000,,,16.764000,30.260000,20.587000,2689.511000,2719.771000,2740.358000,311.000000,215.000000,272.000000,303.000000,True,SOFT,2.000000,True,Ferrari,2672.747000,,1,,False,,False,True
2026,8,Austrian Grand Prix,FP2,2865.166000,HAM,44,hamilton,ferrari,124.808000,16.000000,3.000000,,,25.984000,58.515000,40.309000,2766.342000,2824.857000,2865.166000,163.000000,96.000000,182.000000,148.000000,False,SOFT,3.000000,True,Ferrari,2740.358000,,1,,False,,False,True
2026,8,Austrian Grand Prix,FP2,2979.707000,HAM,44,hamilton,ferrari,114.541000,17.000000,3.000000,,,31.174000,56.520000,26.847000,2896.340000,2952.860000,2979.707000,146.000000,173.000000,276.000000,107.000000,False,SOFT,4.000000,True,Ferrari,2865.166000,,1,,False,,False,True
2026,8,Austrian Grand Prix,FP2,3069.055000,HAM,44,hamilton,ferrari,89.348000,18.000000,3.000000,,,16.802000,46.223000,26.323000,2996.509000,3042.732000,3069.055000,312.000000,171.000000,275.000000,247.000000,False,SOFT,5.000000,True,Ferrari,2979.707000,,1,,True,TRACK LIMITS AT TURN 3 LAP 19 ,False,True
2026,8,Austrian Grand Prix,FP2,3144.600000,HAM,44,hamilton,ferrari,75.545000,19.000000,3.000000,,3140.398000,17.097000,32.220000,26.228000,3086.152000,3118.372000,3144.600000,305.000000,210.000000,,284.000000,False,SOFT,6.000000,True,Ferrari,3069.055000,,1,,False,,False,False
2026,8,Austrian Grand Prix,FP2,3542.280000,HAM,44,hamilton,ferrari,,20.000000,4.000000,3464.772000,,,34.960000,23.377000,,3518.993000,3542.414000,285.000000,205.000000,277.000000,261.000000,False,MEDIUM,14.000000,False,Ferrari,3144.600000,,1,,False,,False,False
2026,8,Austrian Grand Prix,FP2,3613.741000,HAM,44,hamilton,ferrari,71.461000,21.000000,4.000000,,,17.584000,32.009000,21.868000,3559.864000,3591.873000,3613.741000,299.000000,212.000000,283.000000,290.000000,False,MEDIUM,15.000000,False,Ferrari,3542.280000,,1,,False,,False,True
2026,8,Austrian Grand Prix,FP2,3684.977000,HAM,44,hamilton,ferrari,71.236000,22.000000,4.000000,,,17.363000,31.977000,21.896000,3631.104000,3663.081000,3684.977000,302.000000,210.000000,280.000000,288.000000,False,MEDIUM,16.000000,False,Ferrari,3613.741000,,1,,False,,False,True
2026,8,Austrian Grand Prix,FP2,3756.533000,HAM,44,hamilton,ferrari,71.556000,23.000000,4.000000,,,17.434000,32.014000,22.108000,3702.411000,3734.425000,3756.533000,301.000000,209.000000,279.000000,291.000000,False,MEDIUM,17.000000,False,Ferrari,3684.977000,,1,,False,,False,True
2026,8,Austrian Grand Prix,FP2,3833.410000,HAM,44,hamilton,ferrari,76.877000,24.000000,4.000000,,,17.533000,35.683000,23.661000,3774.066000,3809.749000,3833.410000,304.000000,136.000000,281.000000,291.000000,False,MEDIUM,18.000000,False,Ferrari,3756.533000,,1,,False,,False,True
2026,8,Austrian Grand Prix,FP2,3905.025000,HAM,44,hamilton,ferrari,71.615000,25.000000,4.000000,,,17.418000,32.201000,21.996000,3850.828000,3883.029000,3905.025000,300.000000,207.000000,282.000000,286.000000,False,MEDIUM,19.000000,False,Ferrari,3833.410000,,1,,False,,False,True
2026,8,Austrian Grand Prix,FP2,3977.477000,HAM,44,hamilton,ferrari,72.452000,26.000000,4.000000,,,17.763000,32.489000,22.200000,3922.788000,3955.277000,3977.477000,298.000000,207.000000,278.000000,283.000000,False,MEDIUM,20.000000,False,Ferrari,3905.025000,,1,,False,,False,True
2026,8,Austrian Grand Prix,FP2,4049.793000,HAM,44,hamilton,ferrari,72.316000,27.000000,4.000000,,,17.568000,32.538000,22.210000,3995.045000,4027.583000,4049.793000,301.000000,206.000000,279.000000,286.000000,False,MEDIUM,21.000000,False,Ferrari,3977.477000,,1,,False,,False,True
2026,8,Austrian Grand Prix,FP2,4132.136000,HAM,44,hamilton,ferrari,82.343000,28.000000,4.000000,,4127.971000,17.584000,34.707000,30.052000,4067.377000,4102.084000,4132.136000,303.000000,203.000000,,287.000000,False,MEDIUM,22.000000,False,Ferrari,4049.793000,,1,,False,,False,False
2026,8,Austrian Grand Prix,FP2,4345.246000,HAM,44,hamilton,ferrari,,29.000000,5.000000,4271.580000,,,33.656000,21.887000,,4323.374000,4345.343000,300.000000,210.000000,287.000000,279.000000,False,SOFT,7.000000,False,Ferrari,4132.136000,,1,,False,,False,False
2026,8,Austrian Grand Prix,FP2,4417.121000,HAM,44,hamilton,ferrari,71.875000,30.000000,5.000000,,,17.389000,32.087000,22.399000,4362.635000,4394.722000,4417.121000,305.000000,210.000000,285.000000,297.000000,False,SOFT,8.000000,False,Ferrari,4345.246000,,1,,True,TRACK LIMITS AT TURN 1 LAP 31 ,False,True
2026,8,Austrian Grand Prix,FP2,4524.781000,HAM,44,hamilton,ferrari,107.660000,31.000000,5.000000,,,17.387000,42.360000,47.913000,4434.508000,4476.868000,4524.781000,301.000000,152.000000,43.000000,156.000000,False,SOFT,9.000000,False,Ferrari,4417.121000,,1,,False,,False,True
2026,8,Austrian Grand Prix,FP2,4669.172000,HAM,44,hamilton,ferrari,144.391000,32.000000,5.000000,,,56.914000,45.783000,41.694000,4581.695000,4627.478000,4669.172000,300.000000,129.000000,50.000000,154.000000,False,SOFT,10.000000,False,Ferrari,4524.781000,,1,,False,,False,True
2026,8,Austrian Grand Prix,FP2,4767.047000,HAM,44,hamilton,ferrari,97.875000,33.000000,5.000000,,4762.288000,38.764000,32.642000,26.469000,4707.936000,4740.578000,4767.047000,298.000000,210.000000,,284.000000,False,SOFT,11.000000,False,Ferrari,4669.172000,,1,,False,,False,False
2026,8,Austrian Grand Prix,FP2,911.307000,SAI,55,sainz,williams,,1.000000,1.000000,813.739000,,,39.339000,24.930000,,886.602000,911.423000,238.000000,203.000000,273.000000,274.000000,False,MEDIUM,1.000000,True,Williams,813.739000,,1,,False,,False,False
2026,8,Austrian Grand Prix,FP2,982.603000,SAI,55,sainz,williams,71.296000,2.000000,1.000000,,,17.512000,31.773000,22.011000,928.819000,960.592000,982.603000,302.000000,214.000000,261.000000,306.000000,True,MEDIUM,2.000000,True,Williams,911.307000,,1,,False,,False,True
2026,8,Austrian Grand Prix,FP2,1094.239000,SAI,55,sainz,williams,111.636000,3.000000,1.000000,,,31.137000,53.800000,26.699000,1013.740000,1067.540000,1094.239000,158.000000,80.000000,272.000000,148.000000,False,MEDIUM,3.000000,True,Williams,982.603000,,1,,False,,False,True
2026,8,Austrian Grand Prix,FP2,1165.216000,SAI,55,sainz,williams,70.977000,4.000000,1.000000,,,17.425000,31.538000,22.014000,1111.664000,1143.202000,1165.216000,304.000000,215.000000,265.000000,308.000000,True,MEDIUM,4.000000,True,Williams,1094.239000,,1,,False,,False,True
2026,8,Austrian Grand Prix,FP2,1275.983000,SAI,55,sainz,williams,110.767000,5.000000,1.000000,,1271.384000,29.207000,45.800000,35.760000,1194.423000,1240.223000,1275.983000,161.000000,137.000000,,196.000000,False,MEDIUM,5.000000,True,Williams,1165.216000,,126,,False,,False,False
2026,8,Austrian Grand Prix,FP2,1408.565000,SAI,55,sainz,williams,132.582000,6.000000,2.000000,1297.588000,1404.283000,49.247000,46.148000,37.187000,1325.230000,1371.378000,1408.565000,243.000000,144.000000,,248.000000,False,MEDIUM,6.000000,False,Williams,1275.983000,,6,,False,,False,False
2026,8,Austrian Grand Prix,FP2,1930.347000,SAI,55,sainz,williams,,7.000000,3.000000,1846.329000,,,37.014000,26.565000,,1903.785000,1930.396000,246.000000,207.000000,269.000000,241.000000,False,MEDIUM,7.000000,False,Williams,1408.565000,,671,,False,,False,False
2026,8,Austrian Grand Prix,FP2,2001.925000,SAI,55,sainz,williams,71.578000,8.000000,3.000000,,,17.611000,31.803000,22.164000,1947.958000,1979.761000,2001.925000,303.000000,216.000000,262.000000,298.000000,False,MEDIUM,8.000000,False,Williams,1930.347000,,1,,False,,False,True
2026,8,Austrian Grand Prix,FP2,2100.367000,SAI,55,sainz,williams,98.442000,9.000000,3.000000,,,26.030000,46.534000,25.878000,2027.955000,2074.489000,2100.367000,164.000000,164.000000,270.000000,141.000000,False,MEDIUM,9.000000,False,Williams,2001.925000,,12,,False,,False,True
2026,8,Austrian Grand Prix,FP2,2189.106000,SAI,55,sainz,williams,88.739000,10.000000,3.000000,,,17.628000,45.003000,26.108000,2117.995000,2162.998000,2189.106000,301.000000,157.000000,273.000000,183.000000,False,MEDIUM,10.000000,False,Williams,2100.367000,,1,,False,,False,True
2026,8,Austrian Grand Prix,FP2,2265.989000,SAI,55,sainz,williams,76.883000,11.000000,3.000000,,2261.752000,17.458000,32.282000,27.143000,2206.564000,2238.846000,2265.989000,304.000000,214.000000,,304.000000,False,MEDIUM,11.000000,False,Williams,2189.106000,,1,,False,,False,False
2026,8,Austrian Grand Prix,FP2,2931.893000,SAI,55,sainz,williams,,12.000000,4.000000,2835.991000,,,43.330000,26.963000,,2905.131000,2932.091000,167.000000,167.000000,264.000000,226.000000,False,SOFT,1.000000,True,Williams,2265.989000,,1,,False,,False,False
2026,8,Austrian Grand Prix,FP2,3014.610000,SAI,55,sainz,williams,82.717000,13.000000,4.000000,,,19.660000,38.399000,24.658000,2951.553000,2989.952000,3014.610000,275.000000,187.000000,273.000000,269.000000,False,SOFT,2.000000,True,Williams,2931.893000,,1,,False,,False,True
2026,8,Austrian Grand Prix,FP2,3084.088000,SAI,55,sainz,williams,69.478000,14.000000,4.000000,,,17.018000,31.027000,21.433000,3031.628000,3062.655000,3084.088000,305.000000,222.000000,267.000000,310.000000,True,SOFT,3.000000,True,Williams,3014.610000,,1,,False,,False,True
2026,8,Austrian Grand Prix,FP2,3201.841000,SAI,55,sainz,williams,117.753000,15.000000,4.000000,,3197.658000,29.435000,49.943000,38.375000,3113.523000,3163.466000,3201.841000,150.000000,146.000000,,164.000000,False,SOFT,4.000000,True,Williams,3084.088000,,1,,False,,False,False
2026,8,Austrian Grand Prix,FP2,3301.824000,SAI,55,sainz,williams,99.983000,16.000000,5.000000,3213.580000,,35.090000,40.851000,24.042000,3236.931000,3277.782000,3301.824000,260.000000,205.000000,273.000000,264.000000,False,SOFT,5.000000,False,Williams,3201.841000,,1,,False,,False,False
2026,8,Austrian Grand Prix,FP2,3370.955000,SAI,55,sainz,williams,69.131000,17.000000,5.000000,,,17.075000,30.827000,21.229000,3318.899000,3349.726000,3370.955000,306.000000,219.000000,268.000000,308.000000,True,SOFT,6.000000,False,Williams,3301.824000,,1,,False,,False,True
2026,8,Austrian Grand Prix,FP2,3456.631000,SAI,55,sainz,williams,85.676000,18.000000,5.000000,,3452.538000,20.422000,36.958000,28.296000,3391.377000,3428.335000,3456.631000,252.000000,209.000000,,256.000000,False,SOFT,7.000000,False,Williams,3370.955000,,1,,False,,False,False
2026,8,Austrian Grand Prix,FP2,3787.676000,SAI,55,sainz,williams,,19.000000,6.000000,3711.934000,,,33.490000,22.695000,,3765.047000,3787.689000,266.000000,205.000000,283.000000,292.000000,False,MEDIUM,12.000000,False,Williams,3456.631000,,1,,False,,False,False
2026,8,Austrian Grand Prix,FP2,3860.566000,SAI,55,sainz,williams,72.890000,20.000000,6.000000,,,17.600000,32.501000,22.789000,3805.276000,3837.777000,3860.566000,293.000000,205.000000,284.000000,295.000000,False,MEDIUM,13.000000,False,Williams,3787.676000,,1,,False,,False,True
2026,8,Austrian Grand Prix,FP2,3933.371000,SAI,55,sainz,williams,72.805000,21.000000,6.000000,,,17.532000,32.611000,22.662000,3878.098000,3910.709000,3933.371000,300.000000,204.000000,284.000000,298.000000,False,MEDIUM,14.000000,False,Williams,3860.566000,,1,,False,,False,True
2026,8,Austrian Grand Prix,FP2,4006.152000,SAI,55,sainz,williams,72.781000,22.000000,6.000000,,,17.581000,32.535000,22.665000,3950.952000,3983.487000,4006.152000,305.000000,203.000000,278.000000,300.000000,False,MEDIUM,15.000000,False,Williams,3933.371000,,1,,False,,False,True
2026,8,Austrian Grand Prix,FP2,4079.270000,SAI,55,sainz,williams,73.118000,23.000000,6.000000,,,17.862000,32.593000,22.663000,4024.014000,4056.607000,4079.270000,301.000000,203.000000,281.000000,299.000000,False,MEDIUM,16.000000,False,Williams,4006.152000,,1,,False,,False,True
2026,8,Austrian Grand Prix,FP2,4152.433000,SAI,55,sainz,williams,73.163000,24.000000,6.000000,,,17.669000,32.646000,22.848000,4096.939000,4129.585000,4152.433000,303.000000,203.000000,280.000000,297.000000,False,MEDIUM,17.000000,False,Williams,4079.270000,,1,,False,,False,True
2026,8,Austrian Grand Prix,FP2,4225.617000,SAI,55,sainz,williams,73.184000,25.000000,6.000000,,,17.781000,32.606000,22.797000,4170.214000,4202.820000,4225.617000,303.000000,202.000000,281.000000,299.000000,False,MEDIUM,18.000000,False,Williams,4152.433000,,1,,False,,False,True
2026,8,Austrian Grand Prix,FP2,4299.239000,SAI,55,sainz,williams,73.622000,26.000000,6.000000,,,17.709000,32.934000,22.979000,4243.326000,4276.260000,4299.239000,306.000000,203.000000,281.000000,298.000000,False,MEDIUM,19.000000,False,Williams,4225.617000,,1,,False,,False,True
2026,8,Austrian Grand Prix,FP2,4373.252000,SAI,55,sainz,williams,74.013000,27.000000,6.000000,,,17.776000,32.858000,23.379000,4317.015000,4349.873000,4373.252000,302.000000,202.000000,285.000000,300.000000,False,MEDIUM,20.000000,False,Williams,4299.239000,,1,,False,,False,True
2026,8,Austrian Grand Prix,FP2,4483.254000,SAI,55,sainz,williams,110.002000,28.000000,6.000000,,,25.752000,41.136000,43.114000,4399.004000,4440.140000,4483.254000,188.000000,147.000000,43.000000,250.000000,False,MEDIUM,21.000000,False,Williams,4373.252000,,1,,False,,False,True
2026,8,Austrian Grand Prix,FP2,4616.697000,SAI,55,sainz,williams,133.443000,29.000000,6.000000,,,56.258000,34.445000,42.740000,4539.512000,4573.957000,4616.697000,289.000000,137.000000,97.000000,290.000000,False,MEDIUM,22.000000,False,Williams,4483.254000,,1,,False,,False,True
2026,8,Austrian Grand Prix,FP2,4731.841000,SAI,55,sainz,williams,115.144000,30.000000,6.000000,,4727.685000,52.226000,33.598000,29.320000,4668.923000,4702.521000,4731.841000,304.000000,202.000000,,304.000000,False,MEDIUM,23.000000,False,Williams,4616.697000,,1,,False,,False,False
2026,8,Austrian Grand Prix,FP2,1795.323000,RUS,63,russell,mercedes,,1.000000,1.000000,1692.017000,,,46.296000,31.804000,,1763.793000,1795.439000,231.000000,158.000000,197.000000,235.000000,False,MEDIUM,1.000000,True,Mercedes,1692.017000,,671,,False,,False,False
2026,8,Austrian Grand Prix,FP2,1903.330000,RUS,63,russell,mercedes,108.007000,2.000000,1.000000,,,27.389000,48.523000,32.095000,1822.712000,1871.235000,1903.330000,174.000000,175.000000,276.000000,160.000000,True,MEDIUM,2.000000,True,Mercedes,1795.323000,,1,,False,,False,True
2026,8,Austrian Grand Prix,FP2,1971.746000,RUS,63,russell,mercedes,68.416000,3.000000,1.000000,,,17.018000,30.699000,20.699000,1920.348000,1951.047000,1971.746000,310.000000,223.000000,269.000000,311.000000,True,MEDIUM,3.000000,True,Mercedes,1903.330000,,1,,False,,False,True
2026,8,Austrian Grand Prix,FP2,2089.277000,RUS,63,russell,mercedes,117.531000,4.000000,1.000000,,,30.520000,50.611000,36.400000,2002.266000,2052.877000,2089.277000,149.000000,128.000000,161.000000,174.000000,False,MEDIUM,4.000000,True,Mercedes,1971.746000,,12,,False,,False,True
2026,8,Austrian Grand Prix,FP2,2196.913000,RUS,63,russell,mercedes,107.636000,5.000000,1.000000,,,30.705000,49.393000,27.538000,2119.982000,2169.375000,2196.913000,172.000000,126.000000,272.000000,178.000000,False,MEDIUM,5.000000,True,Mercedes,2089.277000,,1,,False,,False,True
2026,8,Austrian Grand Prix,FP2,2265.134000,RUS,63,russell,mercedes,68.221000,6.000000,1.000000,,,16.932000,30.678000,20.611000,2213.845000,2244.523000,2265.134000,310.000000,223.000000,275.000000,312.000000,True,MEDIUM,6.000000,True,Mercedes,2196.913000,,1,,False,,False,True
2026,8,Austrian Grand Prix,FP2,2372.102000,RUS,63,russell,mercedes,106.968000,7.000000,1.000000,,2367.841000,26.987000,48.713000,31.268000,2292.121000,2340.834000,2372.102000,138.000000,175.000000,,180.000000,False,MEDIUM,7.000000,True,Mercedes,2265.134000,,1,,False,,False,False
2026,8,Austrian Grand Prix,FP2,2822.628000,RUS,63,russell,mercedes,,8.000000,2.000000,2720.872000,,,47.883000,30.131000,,2792.678000,2822.722000,203.000000,114.000000,275.000000,213.000000,False,SOFT,1.000000,True,Mercedes,2372.102000,,1,,False,,False,False
2026,8,Austrian Grand Prix,FP2,2890.367000,RUS,63,russell,mercedes,67.739000,9.000000,2.000000,,,16.746000,30.349000,20.644000,2839.374000,2869.723000,2890.367000,314.000000,224.000000,273.000000,316.000000,True,SOFT,2.000000,True,Mercedes,2822.628000,,1,,False,,False,True
2026,8,Austrian Grand Prix,FP2,3016.803000,RUS,63,russell,mercedes,126.436000,10.000000,2.000000,,,33.851000,53.157000,39.428000,2924.218000,2977.375000,3016.803000,140.000000,117.000000,141.000000,168.000000,False,SOFT,3.000000,True,Mercedes,2890.367000,,1,,False,,False,True
2026,8,Austrian Grand Prix,FP2,3128.615000,RUS,63,russell,mercedes,111.812000,11.000000,2.000000,,,30.708000,51.244000,29.860000,3047.511000,3098.755000,3128.615000,176.000000,134.000000,273.000000,171.000000,False,SOFT,4.000000,True,Mercedes,3016.803000,,1,,False,,False,True
2026,8,Austrian Grand Prix,FP2,3235.326000,RUS,63,russell,mercedes,106.711000,12.000000,2.000000,,,24.404000,50.978000,31.329000,3153.019000,3203.997000,3235.326000,264.000000,84.000000,275.000000,152.000000,False,SOFT,5.000000,True,Mercedes,3128.615000,,1,,True,TRACK LIMITS AT TURN 1 LAP 13 ,False,True
2026,8,Austrian Grand Prix,FP2,3302.963000,RUS,63,russell,mercedes,67.637000,13.000000,2.000000,,,16.791000,30.303000,20.543000,3252.117000,3282.420000,3302.963000,314.000000,225.000000,279.000000,316.000000,True,SOFT,6.000000,True,Mercedes,3235.326000,,1,,False,,False,True
2026,8,Austrian Grand Prix,FP2,3388.149000,RUS,63,russell,mercedes,85.186000,14.000000,2.000000,,3383.869000,19.425000,36.034000,29.727000,3322.388000,3358.422000,3388.149000,266.000000,127.000000,,267.000000,False,SOFT,7.000000,True,Mercedes,3302.963000,,1,,False,,False,False
2026,8,Austrian Grand Prix,FP2,3867.870000,RUS,63,russell,mercedes,,15.000000,3.000000,3791.138000,,,34.085000,22.406000,,3845.668000,3867.985000,246.000000,206.000000,286.000000,282.000000,False,MEDIUM,8.000000,False,Mercedes,3388.149000,,1,,False,,False,False
2026,8,Austrian Grand Prix,FP2,3939.050000,RUS,63,russell,mercedes,71.180000,16.000000,3.000000,,,17.379000,31.980000,21.821000,3885.249000,3917.229000,3939.050000,295.000000,211.000000,288.000000,297.000000,False,MEDIUM,9.000000,False,Mercedes,3867.870000,,1,,False,,False,True
2026,8,Austrian Grand Prix,FP2,4010.379000,RUS,63,russell,mercedes,71.329000,17.000000,3.000000,,,17.300000,32.087000,21.942000,3956.350000,3988.437000,4010.379000,309.000000,208.000000,284.000000,313.000000,False,MEDIUM,10.000000,False,Mercedes,3939.050000,,1,,False,,False,True
2026,8,Austrian Grand Prix,FP2,4081.534000,RUS,63,russell,mercedes,71.155000,18.000000,3.000000,,,17.381000,32.020000,21.754000,4027.760000,4059.780000,4081.534000,303.000000,207.000000,285.000000,299.000000,False,MEDIUM,11.000000,False,Mercedes,4010.379000,,1,,False,,False,True
2026,8,Austrian Grand Prix,FP2,4156.635000,RUS,63,russell,mercedes,75.101000,19.000000,3.000000,,,17.336000,35.858000,21.907000,4098.870000,4134.728000,4156.635000,308.000000,213.000000,286.000000,266.000000,False,MEDIUM,12.000000,False,Mercedes,4081.534000,,1,,True,TRACK LIMITS AT TURN 3 LAP 20 ,False,True
2026,8,Austrian Grand Prix,FP2,4227.849000,RUS,63,russell,mercedes,71.214000,20.000000,3.000000,,,17.287000,32.098000,21.829000,4173.922000,4206.020000,4227.849000,304.000000,206.000000,287.000000,296.000000,False,MEDIUM,13.000000,False,Mercedes,4156.635000,,1,,False,,False,True
2026,8,Austrian Grand Prix,FP2,4303.865000,RUS,63,russell,mercedes,76.016000,21.000000,3.000000,,4299.583000,17.307000,32.105000,26.604000,4245.156000,4277.261000,4303.865000,305.000000,209.000000,,301.000000,False,MEDIUM,14.000000,False,Mercedes,4227.849000,,1,,False,,False,False
2026,8,Austrian Grand Prix,FP2,4395.051000,RUS,63,russell,mercedes,91.186000,22.000000,4.000000,4321.936000,,35.511000,32.797000,22.878000,4339.376000,4372.173000,4395.051000,317.000000,210.000000,282.000000,287.000000,False,SOFT,8.000000,False,Mercedes,4303.865000,,1,,False,,False,False
2026,8,Austrian Grand Prix,FP2,4518.960000,RUS,63,russell,mercedes,123.909000,23.000000,4.000000,,,25.039000,48.480000,50.390000,4420.090000,4468.570000,4518.960000,189.000000,134.000000,49.000000,157.000000,False,SOFT,9.000000,False,Mercedes,4395.051000,,1,,False,,False,True
2026,8,Austrian Grand Prix,FP2,4656.326000,RUS,63,russell,mercedes,137.366000,24.000000,4.000000,,,58.257000,40.040000,39.069000,4577.217000,4617.257000,4656.326000,289.000000,157.000000,74.000000,180.000000,False,SOFT,10.000000,False,Mercedes,4518.960000,,1,,False,,False,True
2026,8,Austrian Grand Prix,FP2,4773.983000,RUS,63,russell,mercedes,117.657000,25.000000,4.000000,,4769.730000,52.286000,34.310000,31.061000,4708.612000,4742.922000,4773.983000,302.000000,183.000000,,293.000000,False,SOFT,11.000000,False,Mercedes,4656.326000,,1,,False,,False,False
2026,8,Austrian Grand Prix,FP2,950.733000,BOT,77,bottas,cadillac,,1.000000,1.000000,853.072000,,,39.144000,30.696000,,920.428000,950.963000,239.000000,130.000000,268.000000,246.000000,False,MEDIUM,1.000000,True,Cadillac,853.072000,,1,,False,,False,False
2026,8,Austrian Grand Prix,FP2,1022.040000,BOT,77,bottas,cadillac,71.307000,2.000000,1.000000,,,17.509000,31.718000,22.080000,968.242000,999.960000,1022.040000,305.000000,216.000000,278.000000,292.000000,True,MEDIUM,2.000000,True,Cadillac,950.733000,,1,,False,,False,True
2026,8,Austrian Grand Prix,FP2,1147.317000,BOT,77,bottas,cadillac,125.277000,3.000000,1.000000,,,29.265000,58.382000,37.630000,1051.305000,1109.687000,1147.317000,127.000000,167.000000,201.000000,130.000000,False,MEDIUM,3.000000,True,Cadillac,1022.040000,,1,,False,,False,True
2026,8,Austrian Grand Prix,FP2,1251.689000,BOT,77,bottas,cadillac,104.372000,4.000000,1.000000,,,27.467000,49.148000,27.757000,1174.784000,1223.932000,1251.689000,183.000000,188.000000,270.000000,248.000000,False,MEDIUM,4.000000,True,Cadillac,1147.317000,,1,,False,,False,True
2026,8,Austrian Grand Prix,FP2,1361.165000,BOT,77,bottas,cadillac,109.476000,5.000000,1.000000,,1356.973000,17.249000,53.312000,38.915000,1268.938000,1322.250000,1361.165000,312.000000,113.000000,,180.000000,False,MEDIUM,5.000000,True,Cadillac,1251.689000,,126,,False,,False,False
2026,8,Austrian Grand Prix,FP2,2503.710000,BOT,77,bottas,cadillac,,6.000000,2.000000,2324.906000,2499.198000,,81.301000,63.168000,,2440.542000,2504.746000,108.000000,76.000000,,86.000000,False,MEDIUM,6.000000,False,Cadillac,1361.165000,,6712,,False,,False,False
2026,8,Austrian Grand Prix,FP2,993.180000,PIA,81,piastri,mclaren,,1.000000,1.000000,890.415000,,,43.694000,28.990000,,964.464000,993.320000,235.000000,200.000000,271.000000,163.000000,False,MEDIUM,1.000000,True,McLaren,890.415000,,1,,False,,False,False
2026,8,Austrian Grand Prix,FP2,1061.429000,PIA,81,piastri,mclaren,68.249000,2.000000,1.000000,,,16.948000,30.485000,20.816000,1010.128000,1040.613000,1061.429000,310.000000,220.000000,272.000000,315.000000,True,MEDIUM,2.000000,True,McLaren,993.180000,,1,,False,,False,True
2026,8,Austrian Grand Prix,FP2,1164.555000,PIA,81,piastri,mclaren,103.126000,3.000000,1.000000,,,26.378000,46.297000,30.451000,1087.807000,1134.104000,1164.555000,173.000000,160.000000,186.000000,175.000000,False,MEDIUM,3.000000,True,McLaren,1061.429000,,1,,False,,False,True
2026,8,Austrian Grand Prix,FP2,1262.666000,PIA,81,piastri,mclaren,98.111000,4.000000,1.000000,,,27.894000,44.366000,25.851000,1192.449000,1236.815000,1262.666000,196.000000,171.000000,270.000000,174.000000,False,MEDIUM,4.000000,True,McLaren,1164.555000,,12,,False,,False,True
2026,8,Austrian Grand Prix,FP2,1392.465000,PIA,81,piastri,mclaren,129.799000,5.000000,1.000000,,,23.361000,71.102000,35.336000,1286.027000,1357.129000,1392.465000,128.000000,95.000000,208.000000,83.000000,False,MEDIUM,5.000000,True,McLaren,1262.666000,,26,,False,,False,False
2026,8,Austrian Grand Prix,FP2,1535.934000,PIA,81,piastri,mclaren,143.469000,6.000000,1.000000,,,25.666000,62.806000,54.997000,1418.131000,1480.937000,1535.934000,243.000000,68.000000,241.000000,130.000000,False,MEDIUM,6.000000,True,McLaren,1392.465000,,6,,False,,False,False
2026,8,Austrian Grand Prix,FP2,1671.973000,PIA,81,piastri,mclaren,136.039000,7.000000,1.000000,,1667.285000,21.932000,78.808000,35.299000,1557.866000,1636.674000,1671.973000,253.000000,87.000000,,251.000000,False,MEDIUM,7.000000,True,McLaren,1535.934000,,6,,False,,False,False
2026,8,Austrian Grand Prix,FP2,1966.839000,PIA,81,piastri,mclaren,,8.000000,2.000000,1883.333000,,,36.259000,25.468000,,1941.510000,1966.973000,254.000000,209.000000,272.000000,255.000000,False,MEDIUM,8.000000,False,McLaren,1671.973000,,671,,False,,False,False
2026,8,Austrian Grand Prix,FP2,2035.053000,PIA,81,piastri,mclaren,68.214000,9.000000,2.000000,,,16.963000,30.474000,20.777000,1983.802000,2014.276000,2035.053000,314.000000,222.000000,271.000000,313.000000,True,MEDIUM,9.000000,False,McLaren,1966.839000,,1,,False,,False,True
2026,8,Austrian Grand Prix,FP2,2130.693000,PIA,81,piastri,mclaren,95.640000,10.000000,2.000000,,2126.131000,22.968000,43.778000,28.894000,2058.021000,2101.799000,2130.693000,187.000000,189.000000,,190.000000,False,MEDIUM,10.000000,False,McLaren,2035.053000,,12,,False,,False,False
2026,8,Austrian Grand Prix,FP2,2633.297000,PIA,81,piastri,mclaren,,11.000000,3.000000,2549.704000,,,36.445000,23.908000,,2609.576000,2633.297000,254.000000,201.000000,272.000000,257.000000,False,SOFT,1.000000,True,McLaren,2130.693000,,1,,False,,False,False
2026,8,Austrian Grand Prix,FP2,2700.548000,PIA,81,piastri,mclaren,67.251000,12.000000,3.000000,,,16.831000,30.039000,20.381000,2650.128000,2680.167000,2700.548000,310.000000,223.000000,272.000000,312.000000,True,SOFT,2.000000,True,McLaren,2633.297000,,1,,False,,False,True
2026,8,Austrian Grand Prix,FP2,2802.222000,PIA,81,piastri,mclaren,101.674000,13.000000,3.000000,,2798.007000,25.414000,42.837000,33.423000,2725.962000,2768.799000,2802.222000,214.000000,169.000000,,184.000000,False,SOFT,3.000000,True,McLaren,2700.548000,,1,,False,,False,False
2026,8,Austrian Grand Prix,FP2,2924.560000,PIA,81,piastri,mclaren,122.338000,14.000000,4.000000,2813.943000,,39.616000,47.138000,35.584000,2841.838000,2888.976000,2924.560000,181.000000,128.000000,266.000000,194.000000,False,SOFT,4.000000,False,McLaren,2802.222000,,1,,False,,False,False
2026,8,Austrian Grand Prix,FP2,2994.042000,PIA,81,piastri,mclaren,69.482000,15.000000,4.000000,,,17.057000,30.088000,22.337000,2941.617000,2971.705000,2994.042000,312.000000,224.000000,249.000000,314.000000,False,SOFT,5.000000,False,McLaren,2924.560000,,1,,False,,False,True
2026,8,Austrian Grand Prix,FP2,3076.108000,PIA,81,piastri,mclaren,82.066000,16.000000,4.000000,,3071.533000,19.946000,34.617000,27.503000,3013.988000,3048.605000,3076.108000,276.000000,205.000000,,277.000000,False,SOFT,6.000000,False,McLaren,2994.042000,,1,,False,,False,False
2026,8,Austrian Grand Prix,FP2,3517.409000,PIA,81,piastri,mclaren,,17.000000,5.000000,3436.004000,,,34.610000,26.407000,,3491.169000,3517.533000,252.000000,134.000000,287.000000,286.000000,False,MEDIUM,11.000000,False,McLaren,3076.108000,,1,,False,,False,False
2026,8,Austrian Grand Prix,FP2,3588.731000,PIA,81,piastri,mclaren,71.322000,18.000000,5.000000,,,17.439000,31.994000,21.889000,3534.848000,3566.842000,3588.731000,294.000000,215.000000,285.000000,298.000000,False,MEDIUM,12.000000,False,McLaren,3517.409000,,1,,False,,False,True
2026,8,Austrian Grand Prix,FP2,3659.576000,PIA,81,piastri,mclaren,70.845000,19.000000,5.000000,,,17.364000,31.725000,21.756000,3606.095000,3637.820000,3659.576000,299.000000,209.000000,286.000000,298.000000,False,MEDIUM,13.000000,False,McLaren,3588.731000,,1,,False,,False,True
2026,8,Austrian Grand Prix,FP2,3730.913000,PIA,81,piastri,mclaren,71.337000,20.000000,5.000000,,,17.337000,32.019000,21.981000,3676.913000,3708.932000,3730.913000,302.000000,207.000000,286.000000,299.000000,False,MEDIUM,14.000000,False,McLaren,3659.576000,,1,,False,,False,True
2026,8,Austrian Grand Prix,FP2,3802.681000,PIA,81,piastri,mclaren,71.768000,21.000000,5.000000,,,17.416000,32.306000,22.046000,3748.329000,3780.635000,3802.681000,305.000000,207.000000,286.000000,301.000000,False,MEDIUM,15.000000,False,McLaren,3730.913000,,1,,False,,False,True
2026,8,Austrian Grand Prix,FP2,3874.504000,PIA,81,piastri,mclaren,71.823000,22.000000,5.000000,,,17.395000,32.100000,22.328000,3820.076000,3852.176000,3874.504000,309.000000,202.000000,288.000000,306.000000,False,MEDIUM,16.000000,False,McLaren,3802.681000,,1,,False,,False,True
2026,8,Austrian Grand Prix,FP2,3947.152000,PIA,81,piastri,mclaren,72.648000,23.000000,5.000000,,,17.632000,32.737000,22.279000,3892.136000,3924.873000,3947.152000,323.000000,207.000000,288.000000,294.000000,False,MEDIUM,17.000000,False,McLaren,3874.504000,,1,,False,,False,True
2026,8,Austrian Grand Prix,FP2,4021.815000,PIA,81,piastri,mclaren,74.663000,24.000000,5.000000,,,17.343000,34.906000,22.414000,3964.495000,3999.401000,4021.815000,337.000000,206.000000,286.000000,286.000000,False,MEDIUM,18.000000,False,McLaren,3947.152000,,1,,True,TRACK LIMITS AT TURN 3 LAP 25 ,False,True
2026,8,Austrian Grand Prix,FP2,4094.076000,PIA,81,piastri,mclaren,72.261000,25.000000,5.000000,,,17.543000,32.493000,22.225000,4039.358000,4071.851000,4094.076000,305.000000,205.000000,286.000000,299.000000,False,MEDIUM,19.000000,False,McLaren,4021.815000,,1,,False,,False,True
2026,8,Austrian Grand Prix,FP2,4166.286000,PIA,81,piastri,mclaren,72.210000,26.000000,5.000000,,,17.517000,32.429000,22.264000,4111.593000,4144.022000,4166.286000,309.000000,208.000000,288.000000,303.000000,False,MEDIUM,20.000000,False,McLaren,4094.076000,,1,,False,,False,True
2026,8,Austrian Grand Prix,FP2,4239.404000,PIA,81,piastri,mclaren,73.118000,27.000000,5.000000,,,17.491000,33.083000,22.544000,4183.777000,4216.860000,4239.404000,316.000000,208.000000,289.000000,312.000000,False,MEDIUM,21.000000,False,McLaren,4166.286000,,1,,False,,False,True
2026,8,Austrian Grand Prix,FP2,4317.054000,PIA,81,piastri,mclaren,77.650000,28.000000,5.000000,,4312.563000,17.291000,33.324000,27.035000,4256.695000,4290.019000,4317.054000,346.000000,205.000000,,308.000000,False,MEDIUM,22.000000,False,McLaren,4239.404000,,1,,False,,False,False
2026,8,Austrian Grand Prix,FP2,4414.937000,PIA,81,piastri,mclaren,97.883000,29.000000,6.000000,4334.676000,,34.921000,36.576000,26.386000,4351.975000,4388.551000,4414.937000,301.000000,180.000000,229.000000,233.000000,False,SOFT,7.000000,False,McLaren,4317.054000,,1,,False,,False,False
2026,8,Austrian Grand Prix,FP2,4528.716000,PIA,81,piastri,mclaren,113.779000,30.000000,6.000000,,,21.850000,43.463000,48.466000,4436.787000,4480.250000,4528.716000,234.000000,143.000000,61.000000,180.000000,False,SOFT,8.000000,False,McLaren,4414.937000,,1,,False,,False,True
2026,8,Austrian Grand Prix,FP2,4672.982000,PIA,81,piastri,mclaren,144.266000,31.000000,6.000000,,,55.971000,43.837000,44.458000,4584.687000,4628.524000,4672.982000,292.000000,128.000000,63.000000,216.000000,False,SOFT,9.000000,False,McLaren,4528.716000,,1,,False,,False,True
2026,8,Austrian Grand Prix,FP2,4784.647000,PIA,81,piastri,mclaren,111.665000,32.000000,6.000000,,4779.950000,49.978000,32.565000,29.122000,4722.960000,4755.525000,4784.647000,304.000000,205.000000,,296.000000,False,SOFT,10.000000,False,McLaren,4672.982000,,1,,False,,False,False
2026,8,Austrian Grand Prix,FP2,969.406000,BEA,87,bearman,haas,,1.000000,1.000000,868.215000,,,46.058000,27.136000,,942.417000,969.516000,238.000000,193.000000,271.000000,269.000000,False,HARD,1.000000,True,Haas F1 Team,868.215000,,1,,False,,False,False
2026,8,Austrian Grand Prix,FP2,1039.501000,BEA,87,bearman,haas,70.095000,2.000000,1.000000,,,17.182000,31.247000,21.666000,986.588000,1017.835000,1039.501000,316.000000,215.000000,269.000000,305.000000,True,HARD,2.000000,True,Haas F1 Team,969.406000,,1,,False,,False,True
2026,8,Austrian Grand Prix,FP2,1175.482000,BEA,87,bearman,haas,135.981000,3.000000,1.000000,,1171.208000,38.240000,58.851000,38.890000,1077.741000,1136.592000,1175.482000,118.000000,122.000000,,122.000000,False,HARD,3.000000,True,Haas F1 Team,1039.501000,,1,,False,,False,False
2026,8,Austrian Grand Prix,FP2,1353.974000,BEA,87,bearman,haas,,4.000000,2.000000,1215.364000,,71.141000,66.400000,40.971000,1246.819000,1313.138000,1353.974000,158.000000,93.000000,145.000000,143.000000,False,HARD,4.000000,False,Haas F1 Team,1175.482000,,126,,False,,False,False
2026,8,Austrian Grand Prix,FP2,1527.179000,BEA,87,bearman,haas,,5.000000,2.000000,,,32.548000,72.303000,68.401000,1386.656000,1458.939000,1527.239000,124.000000,47.000000,220.000000,197.000000,False,HARD,5.000000,False,Haas F1 Team,1353.974000,,6,,False,,False,False
2026,8,Austrian Grand Prix,FP2,1639.205000,BEA,87,bearman,haas,112.026000,6.000000,2.000000,,,20.102000,59.011000,32.913000,1547.281000,1606.292000,1639.205000,268.000000,148.000000,209.000000,238.000000,False,HARD,6.000000,False,Haas F1 Team,1527.179000,,6,,False,,False,False
2026,8,Austrian Grand Prix,FP2,1744.558000,BEA,87,bearman,haas,105.353000,7.000000,2.000000,,,24.101000,54.086000,27.166000,1663.306000,1717.392000,1744.558000,211.000000,161.000000,271.000000,160.000000,False,HARD,7.000000,False,Haas F1 Team,1639.205000,,671,,False,,False,False
2026,8,Austrian Grand Prix,FP2,1814.057000,BEA,87,bearman,haas,69.499000,8.000000,2.000000,,,17.112000,30.977000,21.410000,1761.670000,1792.647000,1814.057000,314.000000,215.000000,270.000000,305.000000,True,HARD,8.000000,False,Haas F1 Team,1744.558000,,1,,False,,False,True
2026,8,Austrian Grand Prix,FP2,1941.019000,BEA,87,bearman,haas,126.962000,9.000000,2.000000,,,32.711000,57.789000,36.462000,1846.768000,1904.557000,1941.019000,131.000000,88.000000,181.000000,128.000000,False,HARD,9.000000,False,Haas F1 Team,1814.057000,,1,,False,,False,True
2026,8,Austrian Grand Prix,FP2,2046.790000,BEA,87,bearman,haas,105.771000,10.000000,2.000000,,,28.242000,48.521000,29.008000,1969.261000,2017.782000,2046.790000,166.000000,129.000000,271.000000,189.000000,False,HARD,10.000000,False,Haas F1 Team,1941.019000,,1,,False,,False,True
2026,8,Austrian Grand Prix,FP2,2134.576000,BEA,87,bearman,haas,87.786000,11.000000,2.000000,,2130.301000,17.170000,39.703000,30.913000,2063.960000,2103.663000,2134.576000,293.000000,169.000000,,200.000000,False,HARD,11.000000,False,Haas F1 Team,2046.790000,,12,,False,,False,False
2026,8,Austrian Grand Prix,FP2,2588.248000,BEA,87,bearman,haas,,12.000000,3.000000,2498.526000,,,39.636000,24.859000,,2563.517000,2588.248000,225.000000,174.000000,274.000000,269.000000,False,SOFT,1.000000,True,Haas F1 Team,2134.576000,,1,,False,,False,False
2026,8,Austrian Grand Prix,FP2,2656.934000,BEA,87,bearman,haas,68.686000,13.000000,3.000000,,,16.970000,30.674000,21.042000,2605.218000,2635.892000,2656.934000,312.000000,219.000000,278.000000,306.000000,True,SOFT,2.000000,True,Haas F1 Team,2588.248000,,1,,False,,False,True
2026,8,Austrian Grand Prix,FP2,2810.508000,BEA,87,bearman,haas,,14.000000,3.000000,,2805.660000,37.825000,66.240000,49.564000,2694.842000,2761.269000,2810.554000,102.000000,101.000000,,116.000000,False,SOFT,3.000000,True,Haas F1 Team,2656.934000,,1,,False,,False,False
2026,8,Austrian Grand Prix,FP2,2955.610000,BEA,87,bearman,haas,145.102000,15.000000,4.000000,2849.658000,,71.899000,47.598000,25.605000,2882.407000,2930.005000,2955.610000,130.000000,175.000000,275.000000,200.000000,False,SOFT,4.000000,False,Haas F1 Team,2810.508000,,1,,False,,False,False
2026,8,Austrian Grand Prix,FP2,3024.142000,BEA,87,bearman,haas,68.532000,16.000000,4.000000,,,16.944000,30.678000,20.910000,2972.554000,3003.232000,3024.142000,313.000000,220.000000,276.000000,307.000000,True,SOFT,5.000000,False,Haas F1 Team,2955.610000,,1,,False,,False,True
2026,8,Austrian Grand Prix,FP2,3118.900000,BEA,87,bearman,haas,94.758000,17.000000,4.000000,,3114.613000,18.673000,42.741000,33.344000,3042.815000,3085.556000,3118.900000,231.000000,154.000000,,174.000000,False,SOFT,6.000000,False,Haas F1 Team,3024.142000,,1,,False,,False,False
2026,8,Austrian Grand Prix,FP2,3469.171000,BEA,87,bearman,haas,,18.000000,5.000000,3393.876000,,,33.836000,22.650000,,3446.706000,3469.257000,289.000000,205.000000,282.000000,273.000000,False,SOFT,7.000000,False,Haas F1 Team,3118.900000,,1,,False,,False,False
2026,8,Austrian Grand Prix,FP2,3545.430000,BEA,87,bearman,haas,76.259000,19.000000,5.000000,,,17.495000,32.959000,25.805000,3486.666000,3519.625000,3545.430000,304.000000,205.000000,283.000000,295.000000,False,SOFT,8.000000,False,Haas F1 Team,3469.171000,,1,,False,,False,True
2026,8,Austrian Grand Prix,FP2,3618.284000,BEA,87,bearman,haas,72.854000,20.000000,5.000000,,,17.590000,32.785000,22.479000,3563.020000,3595.805000,3618.284000,304.000000,209.000000,278.000000,293.000000,False,SOFT,9.000000,False,Haas F1 Team,3545.430000,,1,,False,,False,True
2026,8,Austrian Grand Prix,FP2,3690.683000,BEA,87,bearman,haas,72.399000,21.000000,5.000000,,,17.583000,32.463000,22.353000,3635.867000,3668.330000,3690.683000,304.000000,209.000000,281.000000,290.000000,False,SOFT,10.000000,False,Haas F1 Team,3618.284000,,1,,False,,False,True
2026,8,Austrian Grand Prix,FP2,3762.871000,BEA,87,bearman,haas,72.188000,22.000000,5.000000,,,17.564000,32.370000,22.254000,3708.247000,3740.617000,3762.871000,304.000000,207.000000,281.000000,290.000000,False,SOFT,11.000000,False,Haas F1 Team,3690.683000,,1,,False,,False,True
2026,8,Austrian Grand Prix,FP2,3835.275000,BEA,87,bearman,haas,72.404000,23.000000,5.000000,,,17.603000,32.390000,22.411000,3780.474000,3812.864000,3835.275000,302.000000,207.000000,280.000000,287.000000,False,SOFT,12.000000,False,Haas F1 Team,3762.871000,,1,,False,,False,True
2026,8,Austrian Grand Prix,FP2,3907.675000,BEA,87,bearman,haas,72.400000,24.000000,5.000000,,,17.634000,32.416000,22.350000,3852.909000,3885.325000,3907.675000,301.000000,202.000000,280.000000,307.000000,False,SOFT,13.000000,False,Haas F1 Team,3835.275000,,1,,False,,False,True
2026,8,Austrian Grand Prix,FP2,3980.329000,BEA,87,bearman,haas,72.654000,25.000000,5.000000,,,17.685000,32.419000,22.550000,3925.360000,3957.779000,3980.329000,302.000000,201.000000,282.000000,310.000000,False,SOFT,14.000000,False,Haas F1 Team,3907.675000,,1,,False,,False,True
2026,8,Austrian Grand Prix,FP2,4053.183000,BEA,87,bearman,haas,72.854000,26.000000,5.000000,,,17.642000,32.688000,22.524000,3997.971000,4030.659000,4053.183000,304.000000,205.000000,281.000000,290.000000,False,SOFT,15.000000,False,Haas F1 Team,3980.329000,,1,,False,,False,True
2026,8,Austrian Grand Prix,FP2,4129.809000,BEA,87,bearman,haas,76.626000,27.000000,5.000000,,4125.570000,17.672000,32.709000,26.245000,4070.855000,4103.564000,4129.809000,304.000000,206.000000,,294.000000,False,SOFT,16.000000,False,Haas F1 Team,4053.183000,,1,,False,,False,False
2026,8,Austrian Grand Prix,FP2,4223.039000,BEA,87,bearman,haas,93.230000,28.000000,6.000000,4150.051000,,37.465000,33.074000,22.691000,4167.274000,4200.348000,4223.039000,306.000000,205.000000,283.000000,295.000000,False,HARD,12.000000,False,Haas F1 Team,4129.809000,,1,,False,,False,False
2026,8,Austrian Grand Prix,FP2,4295.411000,BEA,87,bearman,haas,72.372000,29.000000,6.000000,,,17.428000,32.533000,22.411000,4240.467000,4273.000000,4295.411000,306.000000,206.000000,281.000000,293.000000,False,HARD,13.000000,False,Haas F1 Team,4223.039000,,1,,False,,False,True
2026,8,Austrian Grand Prix,FP2,4367.580000,BEA,87,bearman,haas,72.169000,30.000000,6.000000,,,17.602000,32.330000,22.237000,4313.013000,4345.343000,4367.580000,306.000000,206.000000,286.000000,295.000000,False,HARD,14.000000,False,Haas F1 Team,4295.411000,,1,,False,,False,True
2026,8,Austrian Grand Prix,FP2,4466.856000,BEA,87,bearman,haas,99.276000,31.000000,6.000000,,,17.561000,38.527000,43.188000,4385.141000,4423.668000,4466.856000,296.000000,126.000000,56.000000,285.000000,False,HARD,15.000000,False,Haas F1 Team,4367.580000,,1,,False,,False,True
2026,8,Austrian Grand Prix,FP2,4601.039000,BEA,87,bearman,haas,134.183000,32.000000,6.000000,,,51.997000,43.973000,38.213000,4518.853000,4562.826000,4601.039000,294.000000,107.000000,57.000000,272.000000,False,HARD,16.000000,False,Haas F1 Team,4466.856000,,1,,False,,False,True
2026,8,Austrian Grand Prix,FP2,4711.640000,BEA,87,bearman,haas,110.601000,33.000000,6.000000,,4707.431000,50.889000,33.494000,26.218000,4651.928000,4685.422000,4711.640000,309.000000,203.000000,,274.000000,False,HARD,17.000000,False,Haas F1 Team,4601.039000,,1,,False,,False,False
