season,round,event_name,session_type,Time_s,Driver,DriverNumber,DriverId,TeamId,LapTime_s,LapNumber,Stint,PitOutTime_s,PitInTime_s,Sector1Time_s,Sector2Time_s,Sector3Time_s,Sector1SessionTime_s,Sector2SessionTime_s,Sector3SessionTime_s,SpeedI1,SpeedI2,SpeedFL,SpeedST,IsPersonalBest,Compound,TyreLife,FreshTyre,Team,LapStartTime_s,LapStartDate,TrackStatus,Position,Deleted,DeletedReason,FastF1Generated,IsAccurate
2026,4,Miami Grand Prix,FP1,195.927000,NOR,1,norris,mclaren,,1.000000,1.000000,78.191000,,,46.513000,34.939000,,162.303000,195.959000,188.000000,96.000000,262.000000,140.000000,False,HARD,1.000000,True,McLaren,78.191000,,1,,False,,False,False
2026,4,Miami Grand Prix,FP1,287.868000,NOR,1,norris,mclaren,91.941000,2.000000,1.000000,,,31.583000,34.614000,25.744000,227.510000,262.124000,287.868000,214.000000,191.000000,259.000000,311.000000,True,HARD,2.000000,True,McLaren,195.927000,,1,,False,,False,True
2026,4,Miami Grand Prix,FP1,448.870000,NOR,1,norris,mclaren,,3.000000,1.000000,,,50.099000,68.670000,42.351000,338.130000,406.840000,449.021000,136.000000,60.000000,261.000000,86.000000,False,HARD,3.000000,True,McLaren,287.868000,,1,,False,,False,False
2026,4,Miami Grand Prix,FP1,539.558000,NOR,1,norris,mclaren,90.688000,4.000000,1.000000,,,31.012000,34.167000,25.509000,479.882000,514.049000,539.558000,213.000000,190.000000,260.000000,309.000000,True,HARD,4.000000,True,McLaren,448.870000,,1,,False,,False,True
2026,4,Miami Grand Prix,FP1,695.846000,NOR,1,norris,mclaren,,5.000000,1.000000,,,53.365000,57.942000,44.859000,593.218000,651.102000,695.871000,127.000000,87.000000,246.000000,230.000000,False,HARD,5.000000,True,McLaren,539.558000,,1,,False,,False,False
2026,4,Miami Grand Prix,FP1,786.695000,NOR,1,norris,mclaren,90.849000,6.000000,1.000000,,,31.215000,34.219000,25.415000,727.061000,761.280000,786.695000,217.000000,190.000000,258.000000,307.000000,False,HARD,6.000000,True,McLaren,695.846000,,12,,False,,False,True
2026,4,Miami Grand Prix,FP1,940.899000,NOR,1,norris,mclaren,,7.000000,1.000000,,,49.367000,65.986000,38.889000,836.234000,902.221000,940.899000,124.000000,83.000000,262.000000,257.000000,False,HARD,7.000000,True,McLaren,786.695000,,1,,False,,False,False
2026,4,Miami Grand Prix,FP1,1031.234000,NOR,1,norris,mclaren,90.335000,8.000000,1.000000,,,30.899000,34.075000,25.361000,971.798000,1005.873000,1031.234000,213.000000,191.000000,260.000000,308.000000,True,HARD,8.000000,True,McLaren,940.899000,,1,,False,,False,True
2026,4,Miami Grand Prix,FP1,1146.498000,NOR,1,norris,mclaren,115.264000,9.000000,1.000000,,1140.686000,36.736000,41.712000,36.816000,1067.970000,1109.682000,1146.498000,186.000000,154.000000,,250.000000,False,HARD,9.000000,True,McLaren,1031.234000,,1,,False,,False,False
2026,4,Miami Grand Prix,FP1,1915.948000,NOR,1,norris,mclaren,,10.000000,2.000000,1771.461000,,,42.904000,32.698000,,1883.461000,1916.069000,169.000000,140.000000,263.000000,235.000000,False,HARD,10.000000,False,McLaren,1146.498000,,1,,False,,False,False
2026,4,Miami Grand Prix,FP1,2034.775000,NOR,1,norris,mclaren,118.827000,11.000000,2.000000,,,35.871000,49.791000,33.165000,1951.819000,2001.610000,2034.775000,133.000000,101.000000,263.000000,272.000000,False,HARD,11.000000,False,McLaren,1915.948000,,1,,False,,False,True
2026,4,Miami Grand Prix,FP1,2160.275000,NOR,1,norris,mclaren,125.500000,12.000000,2.000000,,,37.505000,46.289000,41.706000,2072.280000,2118.569000,2160.275000,165.000000,100.000000,264.000000,228.000000,False,HARD,12.000000,False,McLaren,2034.775000,,1,,False,,False,True
2026,4,Miami Grand Prix,FP1,2250.483000,NOR,1,norris,mclaren,90.208000,13.000000,2.000000,,,30.905000,33.873000,25.430000,2191.180000,2225.053000,2250.483000,215.000000,191.000000,258.000000,315.000000,True,HARD,13.000000,False,McLaren,2160.275000,,1,,False,,False,True
2026,4,Miami Grand Prix,FP1,2385.731000,NOR,1,norris,mclaren,135.248000,14.000000,2.000000,,,50.586000,53.554000,31.108000,2301.069000,2354.623000,2385.731000,128.000000,122.000000,267.000000,271.000000,False,HARD,14.000000,False,McLaren,2250.483000,,1,,False,,False,True
2026,4,Miami Grand Prix,FP1,2478.158000,NOR,1,norris,mclaren,92.427000,15.000000,2.000000,,,30.684000,34.007000,27.736000,2416.415000,2450.422000,2478.158000,216.000000,190.000000,240.000000,312.000000,False,HARD,15.000000,False,McLaren,2385.731000,,1,,False,,False,True
2026,4,Miami Grand Prix,FP1,2602.410000,NOR,1,norris,mclaren,124.252000,16.000000,2.000000,,2596.540000,46.968000,41.636000,35.648000,2525.126000,2566.762000,2602.410000,131.000000,170.000000,,212.000000,False,HARD,16.000000,False,McLaren,2478.158000,,1,,False,,False,False
2026,4,Miami Grand Prix,FP1,3345.924000,NOR,1,norris,mclaren,,17.000000,3.000000,3222.472000,,,42.511000,27.415000,,3318.647000,3345.961000,201.000000,168.000000,287.000000,262.000000,False,HARD,17.000000,False,McLaren,2602.410000,,1,,False,,False,False
2026,4,Miami Grand Prix,FP1,3439.169000,NOR,1,norris,mclaren,93.245000,18.000000,3.000000,,,31.980000,35.104000,26.161000,3377.904000,3413.008000,3439.169000,210.000000,185.000000,268.000000,303.000000,False,HARD,18.000000,False,McLaren,3345.924000,,1,,False,,False,True
2026,4,Miami Grand Prix,FP1,3533.429000,NOR,1,norris,mclaren,94.260000,19.000000,3.000000,,,32.401000,35.132000,26.727000,3471.570000,3506.702000,3533.429000,210.000000,183.000000,268.000000,299.000000,False,HARD,19.000000,False,McLaren,3439.169000,,1,,False,,False,True
2026,4,Miami Grand Prix,FP1,3628.057000,NOR,1,norris,mclaren,94.628000,20.000000,3.000000,,,32.915000,35.545000,26.168000,3566.344000,3601.889000,3628.057000,206.000000,184.000000,263.000000,311.000000,False,HARD,20.000000,False,McLaren,3533.429000,,1,,False,,False,True
2026,4,Miami Grand Prix,FP1,3722.957000,NOR,1,norris,mclaren,94.900000,21.000000,3.000000,,,32.763000,35.712000,26.425000,3660.820000,3696.532000,3722.957000,210.000000,183.000000,276.000000,303.000000,False,HARD,21.000000,False,McLaren,3628.057000,,1,,True,TRACK LIMITS AT TURN 11 LAP 22 ,False,True
2026,4,Miami Grand Prix,FP1,3817.074000,NOR,1,norris,mclaren,94.117000,22.000000,3.000000,,,32.698000,35.278000,26.141000,3755.655000,3790.933000,3817.074000,210.000000,183.000000,270.000000,308.000000,False,HARD,22.000000,False,McLaren,3722.957000,,1,,False,,False,True
2026,4,Miami Grand Prix,FP1,3911.199000,NOR,1,norris,mclaren,94.125000,23.000000,3.000000,,,32.729000,35.302000,26.094000,3849.803000,3885.105000,3911.199000,209.000000,182.000000,273.000000,308.000000,False,HARD,23.000000,False,McLaren,3817.074000,,1,,False,,False,True
2026,4,Miami Grand Prix,FP1,4005.596000,NOR,1,norris,mclaren,94.397000,24.000000,3.000000,,,32.751000,35.476000,26.170000,3943.950000,3979.426000,4005.596000,209.000000,183.000000,268.000000,307.000000,False,HARD,24.000000,False,McLaren,3911.199000,,1,,False,,False,True
2026,4,Miami Grand Prix,FP1,4100.287000,NOR,1,norris,mclaren,94.691000,25.000000,3.000000,,,32.931000,35.528000,26.232000,4038.527000,4074.055000,4100.287000,207.000000,183.000000,273.000000,309.000000,False,HARD,25.000000,False,McLaren,4005.596000,,1,,False,,False,True
2026,4,Miami Grand Prix,FP1,4203.376000,NOR,1,norris,mclaren,103.089000,26.000000,3.000000,,4196.862000,32.908000,35.278000,34.903000,4133.195000,4168.473000,4203.376000,209.000000,182.000000,,242.000000,False,HARD,26.000000,False,McLaren,4100.287000,,1,,False,,False,False
2026,4,Miami Grand Prix,FP1,4907.729000,NOR,1,norris,mclaren,,27.000000,4.000000,4791.949000,,,40.110000,34.935000,,4872.922000,4907.729000,189.000000,101.000000,266.000000,268.000000,False,SOFT,1.000000,True,McLaren,4203.376000,,1,,False,,False,False
2026,4,Miami Grand Prix,FP1,5002.168000,NOR,1,norris,mclaren,94.439000,28.000000,4.000000,,,30.478000,33.896000,30.065000,4938.207000,4972.103000,5002.168000,216.000000,191.000000,155.000000,323.000000,False,SOFT,2.000000,True,McLaren,4907.729000,,1,,True,TRACK LIMITS AT TURN 17 LAP 29 ,False,True
2026,4,Miami Grand Prix,FP1,5134.888000,NOR,1,norris,mclaren,132.720000,29.000000,4.000000,,,46.753000,50.725000,35.242000,5048.921000,5099.646000,5134.888000,117.000000,126.000000,163.000000,222.000000,False,SOFT,3.000000,True,McLaren,5002.168000,,1,,False,,False,True
2026,4,Miami Grand Prix,FP1,5260.574000,NOR,1,norris,mclaren,125.686000,30.000000,4.000000,,,45.295000,49.368000,31.023000,5180.183000,5229.551000,5260.574000,141.000000,128.000000,266.000000,259.000000,False,SOFT,4.000000,True,McLaren,5134.888000,,1,,True,TRACK LIMITS AT TURN 19 LAP 31 ,False,True
2026,4,Miami Grand Prix,FP1,5391.622000,NOR,1,norris,mclaren,131.048000,31.000000,4.000000,,,38.142000,46.488000,46.418000,5298.716000,5345.204000,5391.622000,187.000000,140.000000,256.000000,101.000000,False,SOFT,5.000000,True,McLaren,5260.574000,,1,,False,,False,True
2026,4,Miami Grand Prix,FP1,5481.931000,NOR,1,norris,mclaren,90.309000,32.000000,4.000000,,,31.419000,33.738000,25.152000,5423.041000,5456.779000,5481.931000,218.000000,192.000000,257.000000,314.000000,False,SOFT,6.000000,True,McLaren,5391.622000,,1,,False,,False,True
2026,4,Miami Grand Prix,FP1,5620.873000,NOR,1,norris,mclaren,138.942000,33.000000,4.000000,,,39.673000,47.612000,51.657000,5521.604000,5569.216000,5620.873000,161.000000,135.000000,46.000000,133.000000,False,SOFT,7.000000,True,McLaren,5481.931000,,12,,False,,False,True
2026,4,Miami Grand Prix,FP1,5782.433000,NOR,1,norris,mclaren,,34.000000,4.000000,,,73.176000,47.149000,41.275000,5694.121000,5742.307000,5782.433000,165.000000,169.000000,50.000000,177.000000,False,SOFT,8.000000,True,McLaren,5620.873000,,1,,False,,False,False
2026,4,Miami Grand Prix,FP1,5936.620000,NOR,1,norris,mclaren,,35.000000,4.000000,,5928.922000,68.506000,46.794000,38.698000,5851.739000,5897.922000,5936.654000,190.000000,170.000000,,233.000000,False,SOFT,9.000000,True,McLaren,5782.433000,,1,,False,,False,False
2026,4,Miami Grand Prix,FP1,206.542000,VER,3,max_verstappen,red_bull,,1.000000,1.000000,88.069000,,,42.342000,35.125000,,171.767000,206.740000,192.000000,152.000000,260.000000,178.000000,False,HARD,1.000000,True,Red Bull Racing,88.069000,,1,,False,,False,False
2026,4,Miami Grand Prix,FP1,298.564000,VER,3,max_verstappen,red_bull,92.022000,2.000000,1.000000,,,32.290000,34.390000,25.342000,238.832000,273.222000,298.564000,216.000000,190.000000,260.000000,319.000000,True,HARD,2.000000,True,Red Bull Racing,206.542000,,1,,False,,False,True
2026,4,Miami Grand Prix,FP1,440.031000,VER,3,max_verstappen,red_bull,141.467000,3.000000,1.000000,,,46.691000,56.281000,38.495000,345.255000,401.536000,440.031000,134.000000,63.000000,255.000000,208.000000,False,HARD,3.000000,True,Red Bull Racing,298.564000,,1,,False,,False,True
2026,4,Miami Grand Prix,FP1,531.740000,VER,3,max_verstappen,red_bull,91.709000,4.000000,1.000000,,,31.652000,34.594000,25.463000,471.683000,506.277000,531.740000,217.000000,189.000000,266.000000,316.000000,True,HARD,4.000000,True,Red Bull Racing,440.031000,,1,,False,,False,True
2026,4,Miami Grand Prix,FP1,675.148000,VER,3,max_verstappen,red_bull,143.408000,5.000000,1.000000,,,51.212000,47.270000,44.926000,582.952000,630.222000,675.148000,136.000000,146.000000,254.000000,216.000000,False,HARD,5.000000,True,Red Bull Racing,531.740000,,1,,False,,False,True
2026,4,Miami Grand Prix,FP1,766.195000,VER,3,max_verstappen,red_bull,91.047000,6.000000,1.000000,,,31.495000,34.221000,25.331000,706.643000,740.864000,766.195000,220.000000,190.000000,264.000000,316.000000,True,HARD,6.000000,True,Red Bull Racing,675.148000,,1,,False,,False,True
2026,4,Miami Grand Prix,FP1,873.957000,VER,3,max_verstappen,red_bull,107.762000,7.000000,1.000000,,868.606000,34.678000,38.885000,34.199000,800.873000,839.758000,873.957000,200.000000,169.000000,,285.000000,False,HARD,7.000000,True,Red Bull Racing,766.195000,,12,,False,,False,False
2026,4,Miami Grand Prix,FP1,1430.637000,VER,3,max_verstappen,red_bull,,8.000000,2.000000,1327.337000,,,39.387000,30.737000,,1400.046000,1430.681000,191.000000,171.000000,254.000000,247.000000,False,MEDIUM,1.000000,True,Red Bull Racing,873.957000,,1,,False,,False,False
2026,4,Miami Grand Prix,FP1,1521.102000,VER,3,max_verstappen,red_bull,90.465000,9.000000,2.000000,,,31.227000,34.082000,25.156000,1461.864000,1495.946000,1521.102000,217.000000,191.000000,268.000000,314.000000,True,MEDIUM,2.000000,True,Red Bull Racing,1430.637000,,1,,False,,False,True
2026,4,Miami Grand Prix,FP1,1647.784000,VER,3,max_verstappen,red_bull,126.682000,10.000000,2.000000,,1642.195000,47.306000,43.000000,36.376000,1568.408000,1611.408000,1647.784000,146.000000,155.000000,,236.000000,False,MEDIUM,3.000000,True,Red Bull Racing,1521.102000,,1,,False,,False,False
2026,4,Miami Grand Prix,FP1,1778.940000,VER,3,max_verstappen,red_bull,131.156000,11.000000,3.000000,1669.521000,,58.161000,41.467000,31.528000,1705.945000,1747.412000,1778.940000,160.000000,166.000000,253.000000,252.000000,False,MEDIUM,4.000000,False,Red Bull Racing,1647.784000,,1,,False,,False,False
2026,4,Miami Grand Prix,FP1,1869.501000,VER,3,max_verstappen,red_bull,90.561000,12.000000,3.000000,,,31.183000,34.128000,25.250000,1810.123000,1844.251000,1869.501000,217.000000,192.000000,259.000000,313.000000,False,MEDIUM,5.000000,False,Red Bull Racing,1778.940000,,1,,False,,False,True
2026,4,Miami Grand Prix,FP1,1981.735000,VER,3,max_verstappen,red_bull,112.234000,13.000000,3.000000,,1976.170000,36.593000,40.440000,35.201000,1906.094000,1946.534000,1981.735000,192.000000,170.000000,,243.000000,False,MEDIUM,6.000000,False,Red Bull Racing,1869.501000,,1,,False,,False,False
2026,4,Miami Grand Prix,FP1,2588.193000,VER,3,max_verstappen,red_bull,,14.000000,4.000000,2464.996000,,,35.556000,28.574000,,2559.744000,2588.259000,197.000000,177.000000,247.000000,267.000000,False,MEDIUM,7.000000,False,Red Bull Racing,1981.735000,,1,,False,,False,False
2026,4,Miami Grand Prix,FP1,2681.449000,VER,3,max_verstappen,red_bull,93.256000,15.000000,4.000000,,,32.276000,34.743000,26.237000,2620.469000,2655.212000,2681.449000,217.000000,174.000000,264.000000,306.000000,False,MEDIUM,8.000000,False,Red Bull Racing,2588.193000,,1,,False,,False,True
2026,4,Miami Grand Prix,FP1,2774.638000,VER,3,max_verstappen,red_bull,93.189000,16.000000,4.000000,,,32.456000,34.900000,25.833000,2713.905000,2748.805000,2774.638000,215.000000,186.000000,268.000000,307.000000,False,MEDIUM,9.000000,False,Red Bull Racing,2681.449000,,1,,False,,False,True
2026,4,Miami Grand Prix,FP1,2869.053000,VER,3,max_verstappen,red_bull,94.415000,17.000000,4.000000,,,32.434000,35.448000,26.533000,2807.072000,2842.520000,2869.053000,214.000000,172.000000,259.000000,298.000000,False,MEDIUM,10.000000,False,Red Bull Racing,2774.638000,,1,,True,TRACK LIMITS AT TURN 15 LAP 18 ,False,True
2026,4,Miami Grand Prix,FP1,2962.625000,VER,3,max_verstappen,red_bull,93.572000,18.000000,4.000000,,,32.468000,35.091000,26.013000,2901.521000,2936.612000,2962.625000,216.000000,180.000000,267.000000,309.000000,False,MEDIUM,11.000000,False,Red Bull Racing,2869.053000,,1,,False,,False,True
2026,4,Miami Grand Prix,FP1,3056.273000,VER,3,max_verstappen,red_bull,93.648000,19.000000,4.000000,,,32.268000,35.305000,26.075000,2994.893000,3030.198000,3056.273000,214.000000,182.000000,278.000000,312.000000,False,MEDIUM,12.000000,False,Red Bull Racing,2962.625000,,1,,False,,False,True
2026,4,Miami Grand Prix,FP1,3150.201000,VER,3,max_verstappen,red_bull,93.928000,20.000000,4.000000,,,33.186000,35.059000,25.683000,3089.459000,3124.518000,3150.201000,214.000000,185.000000,270.000000,314.000000,False,MEDIUM,13.000000,False,Red Bull Racing,3056.273000,,1,,False,,False,True
2026,4,Miami Grand Prix,FP1,3244.106000,VER,3,max_verstappen,red_bull,93.905000,21.000000,4.000000,,,33.069000,34.848000,25.988000,3183.270000,3218.118000,3244.106000,213.000000,181.000000,267.000000,309.000000,False,MEDIUM,14.000000,False,Red Bull Racing,3150.201000,,1,,False,,False,True
2026,4,Miami Grand Prix,FP1,3337.942000,VER,3,max_verstappen,red_bull,93.836000,22.000000,4.000000,,,32.623000,35.267000,25.946000,3276.729000,3311.996000,3337.942000,212.000000,184.000000,273.000000,309.000000,False,MEDIUM,15.000000,False,Red Bull Racing,3244.106000,,1,,False,,False,True
2026,4,Miami Grand Prix,FP1,3431.690000,VER,3,max_verstappen,red_bull,93.748000,23.000000,4.000000,,,32.670000,35.126000,25.952000,3370.612000,3405.738000,3431.690000,213.000000,178.000000,252.000000,322.000000,False,MEDIUM,16.000000,False,Red Bull Racing,3337.942000,,1,,False,,False,True
2026,4,Miami Grand Prix,FP1,3525.254000,VER,3,max_verstappen,red_bull,93.564000,24.000000,4.000000,,,32.996000,34.909000,25.659000,3464.686000,3499.595000,3525.254000,212.000000,182.000000,260.000000,333.000000,False,MEDIUM,17.000000,False,Red Bull Racing,3431.690000,,1,,False,,False,True
2026,4,Miami Grand Prix,FP1,3619.490000,VER,3,max_verstappen,red_bull,94.236000,25.000000,4.000000,,,32.981000,35.246000,26.009000,3558.235000,3593.481000,3619.490000,212.000000,184.000000,267.000000,305.000000,False,MEDIUM,18.000000,False,Red Bull Racing,3525.254000,,1,,False,,False,True
2026,4,Miami Grand Prix,FP1,3713.218000,VER,3,max_verstappen,red_bull,93.728000,26.000000,4.000000,,,32.466000,35.261000,26.001000,3651.956000,3687.217000,3713.218000,213.000000,184.000000,265.000000,308.000000,False,MEDIUM,19.000000,False,Red Bull Racing,3619.490000,,1,,False,,False,True
2026,4,Miami Grand Prix,FP1,3807.201000,VER,3,max_verstappen,red_bull,93.983000,27.000000,4.000000,,,32.708000,35.185000,26.090000,3745.926000,3781.111000,3807.201000,213.000000,176.000000,272.000000,312.000000,False,MEDIUM,20.000000,False,Red Bull Racing,3713.218000,,1,,False,,False,True
2026,4,Miami Grand Prix,FP1,3900.821000,VER,3,max_verstappen,red_bull,93.620000,28.000000,4.000000,,,32.852000,34.989000,25.779000,3840.053000,3875.042000,3900.821000,212.000000,181.000000,268.000000,316.000000,False,MEDIUM,21.000000,False,Red Bull Racing,3807.201000,,1,,False,,False,True
2026,4,Miami Grand Prix,FP1,3994.459000,VER,3,max_verstappen,red_bull,93.638000,29.000000,4.000000,,,32.386000,35.275000,25.977000,3933.207000,3968.482000,3994.459000,212.000000,182.000000,266.000000,310.000000,False,MEDIUM,22.000000,False,Red Bull Racing,3900.821000,,1,,False,,False,True
2026,4,Miami Grand Prix,FP1,4102.331000,VER,3,max_verstappen,red_bull,107.872000,30.000000,4.000000,,4096.873000,33.573000,39.120000,35.179000,4028.032000,4067.152000,4102.331000,199.000000,168.000000,,260.000000,False,MEDIUM,23.000000,False,Red Bull Racing,3994.459000,,1,,False,,False,False
2026,4,Miami Grand Prix,FP1,4677.276000,VER,3,max_verstappen,red_bull,,31.000000,5.000000,4573.097000,,,38.754000,30.398000,,4647.081000,4677.419000,188.000000,167.000000,260.000000,252.000000,False,SOFT,1.000000,True,Red Bull Racing,4102.331000,,1,,False,,False,False
2026,4,Miami Grand Prix,FP1,4767.052000,VER,3,max_verstappen,red_bull,89.776000,32.000000,5.000000,,,30.862000,33.864000,25.050000,4708.138000,4742.002000,4767.052000,219.000000,191.000000,265.000000,318.000000,True,SOFT,2.000000,True,Red Bull Racing,4677.276000,,1,,False,,False,True
2026,4,Miami Grand Prix,FP1,4894.789000,VER,3,max_verstappen,red_bull,127.737000,33.000000,5.000000,,,47.284000,44.989000,35.464000,4814.336000,4859.325000,4894.789000,158.000000,133.000000,172.000000,231.000000,False,SOFT,3.000000,True,Red Bull Racing,4767.052000,,1,,False,,False,True
2026,4,Miami Grand Prix,FP1,5018.646000,VER,3,max_verstappen,red_bull,123.857000,34.000000,5.000000,,,45.772000,45.327000,32.758000,4940.561000,4985.888000,5018.646000,155.000000,164.000000,260.000000,245.000000,False,SOFT,4.000000,True,Red Bull Racing,4894.789000,,1,,False,,False,True
2026,4,Miami Grand Prix,FP1,5108.253000,VER,3,max_verstappen,red_bull,89.607000,35.000000,5.000000,,,31.053000,33.663000,24.891000,5049.699000,5083.362000,5108.253000,220.000000,191.000000,264.000000,321.000000,True,SOFT,5.000000,True,Red Bull Racing,5018.646000,,1,,False,,False,True
2026,4,Miami Grand Prix,FP1,5249.675000,VER,3,max_verstappen,red_bull,141.422000,36.000000,5.000000,,,49.069000,55.338000,37.015000,5157.322000,5212.660000,5249.675000,131.000000,145.000000,216.000000,173.000000,False,SOFT,6.000000,True,Red Bull Racing,5108.253000,,1,,False,,False,True
2026,4,Miami Grand Prix,FP1,5384.716000,VER,3,max_verstappen,red_bull,135.041000,37.000000,5.000000,,,42.872000,50.189000,41.980000,5292.547000,5342.736000,5384.716000,163.000000,149.000000,242.000000,185.000000,False,SOFT,7.000000,True,Red Bull Racing,5249.675000,,1,,False,,False,True
2026,4,Miami Grand Prix,FP1,5505.682000,VER,3,max_verstappen,red_bull,120.966000,38.000000,5.000000,,,39.791000,47.041000,34.134000,5424.507000,5471.548000,5505.682000,174.000000,153.000000,225.000000,216.000000,False,SOFT,8.000000,True,Red Bull Racing,5384.716000,,1,,False,,False,True
2026,4,Miami Grand Prix,FP1,5630.622000,VER,3,max_verstappen,red_bull,124.940000,39.000000,5.000000,,,36.631000,47.266000,41.043000,5542.313000,5589.579000,5630.622000,186.000000,119.000000,57.000000,223.000000,False,SOFT,9.000000,True,Red Bull Racing,5505.682000,,12,,False,,False,True
2026,4,Miami Grand Prix,FP1,5796.432000,VER,3,max_verstappen,red_bull,,40.000000,5.000000,,,70.618000,46.652000,48.343000,5701.503000,5748.089000,5796.454000,201.000000,159.000000,55.000000,176.000000,False,SOFT,10.000000,True,Red Bull Racing,5630.622000,,1,,False,,False,False
2026,4,Miami Grand Prix,FP1,5947.297000,VER,3,max_verstappen,red_bull,,41.000000,5.000000,,5941.792000,79.659000,37.393000,33.934000,5876.028000,5913.471000,5947.297000,202.000000,175.000000,,250.000000,False,SOFT,11.000000,True,Red Bull Racing,5796.432000,,1,,False,,False,False
2026,4,Miami Grand Prix,FP1,206.957000,BOR,5,bortoleto,audi,,1.000000,1.000000,93.768000,,,40.957000,35.005000,,172.252000,207.162000,199.000000,155.000000,234.000000,152.000000,False,HARD,1.000000,True,Audi,93.768000,,1,,False,,False,False
2026,4,Miami Grand Prix,FP1,308.287000,BOR,5,bortoleto,audi,101.330000,2.000000,1.000000,,,34.864000,37.384000,29.082000,241.821000,279.205000,308.287000,205.000000,171.000000,265.000000,266.000000,True,HARD,2.000000,True,Audi,206.957000,,1,,False,,False,True
2026,4,Miami Grand Prix,FP1,402.218000,BOR,5,bortoleto,audi,93.931000,3.000000,1.000000,,,32.229000,35.174000,26.528000,340.516000,375.690000,402.218000,207.000000,174.000000,260.000000,317.000000,True,HARD,3.000000,True,Audi,308.287000,,1,,False,,False,True
2026,4,Miami Grand Prix,FP1,527.054000,BOR,5,bortoleto,audi,124.836000,4.000000,1.000000,,,44.443000,47.076000,33.317000,446.661000,493.737000,527.054000,159.000000,171.000000,265.000000,206.000000,False,HARD,4.000000,True,Audi,402.218000,,1,,False,,False,True
2026,4,Miami Grand Prix,FP1,641.171000,BOR,5,bortoleto,audi,114.117000,5.000000,1.000000,,,43.701000,40.604000,29.812000,570.755000,611.359000,641.171000,198.000000,167.000000,242.000000,246.000000,False,HARD,5.000000,True,Audi,527.054000,,1,,True,TRACK LIMITS AT TURN 1 LAP 6 ,False,True
2026,4,Miami Grand Prix,FP1,749.143000,BOR,5,bortoleto,audi,107.972000,6.000000,1.000000,,,32.673000,46.151000,29.148000,673.844000,719.995000,749.143000,209.000000,171.000000,243.000000,288.000000,False,HARD,6.000000,True,Audi,641.171000,,1,,True,TRACK LIMITS AT TURN 11 LAP 7 ,False,True
2026,4,Miami Grand Prix,FP1,843.084000,BOR,5,bortoleto,audi,93.941000,7.000000,1.000000,,,32.765000,34.734000,26.442000,781.908000,816.642000,843.084000,210.000000,178.000000,255.000000,306.000000,False,HARD,7.000000,True,Audi,749.143000,,12,,False,,False,True
2026,4,Miami Grand Prix,FP1,972.020000,BOR,5,bortoleto,audi,128.936000,8.000000,1.000000,,,44.835000,51.400000,32.701000,887.919000,939.319000,972.020000,154.000000,167.000000,240.000000,137.000000,False,HARD,8.000000,True,Audi,843.084000,,1,,False,,False,True
2026,4,Miami Grand Prix,FP1,1065.553000,BOR,5,bortoleto,audi,93.533000,9.000000,1.000000,,,32.650000,34.789000,26.094000,1004.670000,1039.459000,1065.553000,214.000000,179.000000,262.000000,312.000000,True,HARD,9.000000,True,Audi,972.020000,,1,,False,,False,True
2026,4,Miami Grand Prix,FP1,1196.516000,BOR,5,bortoleto,audi,130.963000,10.000000,1.000000,,,48.087000,48.031000,34.845000,1113.640000,1161.671000,1196.516000,137.000000,166.000000,242.000000,202.000000,False,HARD,10.000000,True,Audi,1065.553000,,1,,False,,False,True
2026,4,Miami Grand Prix,FP1,1289.384000,BOR,5,bortoleto,audi,92.868000,11.000000,1.000000,,,32.215000,34.890000,25.763000,1228.731000,1263.621000,1289.384000,215.000000,184.000000,261.000000,309.000000,True,HARD,11.000000,True,Audi,1196.516000,,1,,False,,False,True
2026,4,Miami Grand Prix,FP1,1409.452000,BOR,5,bortoleto,audi,120.068000,12.000000,1.000000,,1403.596000,41.256000,44.321000,34.491000,1330.640000,1374.961000,1409.452000,185.000000,166.000000,,257.000000,False,HARD,12.000000,True,Audi,1289.384000,,1,,False,,False,False
2026,4,Miami Grand Prix,FP1,3731.582000,BOR,5,bortoleto,audi,,13.000000,2.000000,3597.252000,,,45.426000,31.316000,,3700.435000,3731.777000,128.000000,165.000000,244.000000,175.000000,False,HARD,13.000000,False,Audi,1409.452000,,1,,False,,False,False
2026,4,Miami Grand Prix,FP1,3824.488000,BOR,5,bortoleto,audi,92.906000,14.000000,2.000000,,,32.753000,34.502000,25.651000,3764.335000,3798.837000,3824.488000,216.000000,187.000000,263.000000,316.000000,False,HARD,14.000000,False,Audi,3731.582000,,1,,False,,False,True
2026,4,Miami Grand Prix,FP1,3935.939000,BOR,5,bortoleto,audi,111.451000,15.000000,2.000000,,,42.627000,39.309000,29.515000,3867.115000,3906.424000,3935.939000,195.000000,160.000000,242.000000,259.000000,False,HARD,15.000000,False,Audi,3824.488000,,1,,False,,False,True
2026,4,Miami Grand Prix,FP1,4028.637000,BOR,5,bortoleto,audi,92.698000,16.000000,2.000000,,,32.374000,34.706000,25.618000,3968.313000,4003.019000,4028.637000,212.000000,185.000000,264.000000,315.000000,True,HARD,16.000000,False,Audi,3935.939000,,1,,False,,False,True
2026,4,Miami Grand Prix,FP1,4152.747000,BOR,5,bortoleto,audi,124.110000,17.000000,2.000000,,,48.434000,46.075000,29.601000,4077.071000,4123.146000,4152.747000,136.000000,173.000000,240.000000,252.000000,False,HARD,17.000000,False,Audi,4028.637000,,1,,False,,False,True
2026,4,Miami Grand Prix,FP1,4265.514000,BOR,5,bortoleto,audi,112.767000,18.000000,2.000000,,4259.668000,46.913000,34.902000,30.952000,4199.660000,4234.562000,4265.514000,213.000000,182.000000,,312.000000,False,HARD,18.000000,False,Audi,4152.747000,,1,,False,,False,False
2026,4,Miami Grand Prix,FP1,4771.043000,BOR,5,bortoleto,audi,,19.000000,3.000000,4667.848000,,,39.414000,30.590000,,4740.720000,4771.069000,204.000000,150.000000,243.000000,230.000000,False,SOFT,1.000000,True,Audi,4265.514000,,1,,False,,False,False
2026,4,Miami Grand Prix,FP1,4862.665000,BOR,5,bortoleto,audi,91.622000,20.000000,3.000000,,,31.905000,34.117000,25.600000,4802.948000,4837.065000,4862.665000,216.000000,185.000000,272.000000,316.000000,True,SOFT,2.000000,True,Audi,4771.043000,,1,,False,,False,True
2026,4,Miami Grand Prix,FP1,5015.457000,BOR,5,bortoleto,audi,,21.000000,3.000000,,5010.603000,53.376000,57.904000,41.552000,4916.231000,4974.196000,5015.538000,115.000000,148.000000,,154.000000,False,SOFT,3.000000,True,Audi,4862.665000,,1,,False,,False,False
2026,4,Miami Grand Prix,FP1,5142.304000,BOR,5,bortoleto,audi,126.847000,22.000000,4.000000,5027.647000,,50.465000,42.778000,33.604000,5065.922000,5108.700000,5142.304000,192.000000,166.000000,244.000000,204.000000,False,SOFT,4.000000,False,Audi,5015.457000,,1,,False,,False,False
2026,4,Miami Grand Prix,FP1,5233.415000,BOR,5,bortoleto,audi,91.111000,23.000000,4.000000,,,31.813000,34.106000,25.192000,5174.117000,5208.223000,5233.415000,218.000000,188.000000,262.000000,328.000000,True,SOFT,5.000000,False,Audi,5142.304000,,1,,False,,False,True
2026,4,Miami Grand Prix,FP1,5380.940000,BOR,5,bortoleto,audi,147.525000,24.000000,4.000000,,,47.204000,52.161000,48.160000,5280.619000,5332.780000,5380.940000,115.000000,138.000000,263.000000,92.000000,False,SOFT,6.000000,False,Audi,5233.415000,,1,,False,,False,True
2026,4,Miami Grand Prix,FP1,5473.140000,BOR,5,bortoleto,audi,92.200000,25.000000,4.000000,,,31.532000,34.912000,25.756000,5412.472000,5447.384000,5473.140000,220.000000,188.000000,253.000000,310.000000,False,SOFT,7.000000,False,Audi,5380.940000,,1,,False,,False,True
2026,4,Miami Grand Prix,FP1,5616.251000,BOR,5,bortoleto,audi,143.111000,26.000000,4.000000,,,46.484000,42.126000,54.501000,5519.624000,5561.750000,5616.251000,183.000000,126.000000,75.000000,128.000000,False,SOFT,8.000000,False,Audi,5473.140000,,12,,False,,False,True
2026,4,Miami Grand Prix,FP1,5781.109000,BOR,5,bortoleto,audi,,27.000000,4.000000,,,76.941000,47.260000,40.610000,5693.470000,5742.289000,5781.198000,195.000000,172.000000,48.000000,218.000000,False,SOFT,9.000000,False,Audi,5616.251000,,1,,False,,False,False
2026,4,Miami Grand Prix,FP1,5923.750000,BOR,5,bortoleto,audi,142.641000,28.000000,4.000000,,5917.992000,69.081000,40.054000,33.506000,5850.190000,5890.244000,5923.750000,216.000000,170.000000,,235.000000,False,SOFT,10.000000,False,Audi,5781.109000,,1,,False,,False,False
2026,4,Miami Grand Prix,FP1,216.668000,HAD,6,hadjar,red_bull,,1.000000,1.000000,99.287000,,,43.581000,37.812000,,179.017000,216.678000,193.000000,100.000000,252.000000,91.000000,False,HARD,1.000000,True,Red Bull Racing,99.287000,,1,,False,,False,False
2026,4,Miami Grand Prix,FP1,309.396000,HAD,6,hadjar,red_bull,92.728000,2.000000,1.000000,,,32.163000,34.958000,25.607000,248.831000,283.789000,309.396000,220.000000,183.000000,266.000000,319.000000,True,HARD,2.000000,True,Red Bull Racing,216.668000,,1,,False,,False,True
2026,4,Miami Grand Prix,FP1,467.733000,HAD,6,hadjar,red_bull,,3.000000,1.000000,,,53.500000,60.454000,44.492000,363.144000,423.602000,467.853000,128.000000,112.000000,249.000000,50.000000,False,HARD,3.000000,True,Red Bull Racing,309.396000,,1,,False,,False,False
2026,4,Miami Grand Prix,FP1,560.034000,HAD,6,hadjar,red_bull,92.301000,4.000000,1.000000,,,31.686000,34.918000,25.697000,499.419000,534.337000,560.034000,216.000000,184.000000,262.000000,314.000000,True,HARD,4.000000,True,Red Bull Racing,467.733000,,1,,False,,False,True
2026,4,Miami Grand Prix,FP1,706.716000,HAD,6,hadjar,red_bull,146.682000,5.000000,1.000000,,701.869000,57.906000,52.298000,36.478000,617.940000,670.238000,706.716000,135.000000,131.000000,,258.000000,False,HARD,5.000000,True,Red Bull Racing,560.034000,,1,,False,,False,False
2026,4,Miami Grand Prix,FP1,860.396000,HAD,6,hadjar,red_bull,,6.000000,2.000000,744.652000,,77.109000,42.428000,34.034000,784.146000,826.538000,860.521000,181.000000,139.000000,256.000000,235.000000,False,HARD,6.000000,False,Red Bull Racing,706.716000,,12,,False,,False,False
2026,4,Miami Grand Prix,FP1,952.234000,HAD,6,hadjar,red_bull,91.838000,7.000000,2.000000,,,31.572000,34.574000,25.692000,891.968000,926.542000,952.234000,217.000000,186.000000,264.000000,309.000000,True,HARD,7.000000,False,Red Bull Racing,860.396000,,1,,False,,False,True
2026,4,Miami Grand Prix,FP1,1079.024000,HAD,6,hadjar,red_bull,126.790000,8.000000,2.000000,,1073.417000,49.023000,41.741000,36.026000,1001.257000,1042.998000,1079.024000,171.000000,144.000000,,233.000000,False,HARD,8.000000,False,Red Bull Racing,952.234000,,1,,False,,False,False
2026,4,Miami Grand Prix,FP1,1641.845000,HAD,6,hadjar,red_bull,,9.000000,3.000000,1533.669000,,,41.315000,31.105000,,1610.964000,1642.011000,171.000000,150.000000,257.000000,253.000000,False,MEDIUM,1.000000,True,Red Bull Racing,1079.024000,,1,,False,,False,False
2026,4,Miami Grand Prix,FP1,1733.432000,HAD,6,hadjar,red_bull,91.587000,10.000000,3.000000,,,31.281000,34.516000,25.790000,1673.126000,1707.642000,1733.432000,220.000000,188.000000,257.000000,307.000000,True,MEDIUM,2.000000,True,Red Bull Racing,1641.845000,,1,,False,,False,True
2026,4,Miami Grand Prix,FP1,1876.808000,HAD,6,hadjar,red_bull,143.376000,11.000000,3.000000,,,51.547000,54.252000,37.577000,1784.979000,1839.231000,1876.808000,135.000000,127.000000,194.000000,203.000000,False,MEDIUM,3.000000,True,Red Bull Racing,1733.432000,,1,,False,,False,True
2026,4,Miami Grand Prix,FP1,1997.189000,HAD,6,hadjar,red_bull,120.381000,12.000000,3.000000,,,42.931000,43.564000,33.886000,1919.739000,1963.303000,1997.189000,159.000000,142.000000,245.000000,232.000000,False,MEDIUM,4.000000,True,Red Bull Racing,1876.808000,,1,,False,,False,True
2026,4,Miami Grand Prix,FP1,2088.761000,HAD,6,hadjar,red_bull,91.572000,13.000000,3.000000,,,31.526000,34.448000,25.598000,2028.715000,2063.163000,2088.761000,220.000000,188.000000,256.000000,313.000000,True,MEDIUM,5.000000,True,Red Bull Racing,1997.189000,,1,,False,,False,True
2026,4,Miami Grand Prix,FP1,2204.817000,HAD,6,hadjar,red_bull,116.056000,14.000000,3.000000,,2199.409000,38.713000,41.084000,36.259000,2127.474000,2168.558000,2204.817000,175.000000,148.000000,,233.000000,False,MEDIUM,6.000000,True,Red Bull Racing,2088.761000,,1,,False,,False,False
2026,4,Miami Grand Prix,FP1,2689.486000,HAD,6,hadjar,red_bull,,15.000000,4.000000,2567.509000,,,36.020000,26.981000,,2662.632000,2689.585000,205.000000,171.000000,252.000000,297.000000,False,MEDIUM,7.000000,False,Red Bull Racing,2204.817000,,1,,False,,False,False
2026,4,Miami Grand Prix,FP1,2784.770000,HAD,6,hadjar,red_bull,95.284000,16.000000,4.000000,,,33.055000,35.384000,26.845000,2722.541000,2757.925000,2784.770000,213.000000,171.000000,254.000000,297.000000,False,MEDIUM,8.000000,False,Red Bull Racing,2689.486000,,1,,False,,False,True
2026,4,Miami Grand Prix,FP1,2879.201000,HAD,6,hadjar,red_bull,94.431000,17.000000,4.000000,,,32.575000,35.400000,26.456000,2817.345000,2852.745000,2879.201000,216.000000,181.000000,268.000000,300.000000,False,MEDIUM,9.000000,False,Red Bull Racing,2784.770000,,1,,False,,False,True
2026,4,Miami Grand Prix,FP1,2973.518000,HAD,6,hadjar,red_bull,94.317000,18.000000,4.000000,,,32.627000,35.385000,26.305000,2911.828000,2947.213000,2973.518000,216.000000,181.000000,269.000000,305.000000,False,MEDIUM,10.000000,False,Red Bull Racing,2879.201000,,1,,False,,False,True
2026,4,Miami Grand Prix,FP1,3067.936000,HAD,6,hadjar,red_bull,94.418000,19.000000,4.000000,,,32.602000,35.424000,26.392000,3006.120000,3041.544000,3067.936000,214.000000,181.000000,267.000000,301.000000,False,MEDIUM,11.000000,False,Red Bull Racing,2973.518000,,1,,False,,False,True
2026,4,Miami Grand Prix,FP1,3162.331000,HAD,6,hadjar,red_bull,94.395000,20.000000,4.000000,,,32.451000,35.496000,26.448000,3100.387000,3135.883000,3162.331000,214.000000,180.000000,263.000000,302.000000,False,MEDIUM,12.000000,False,Red Bull Racing,3067.936000,,1,,False,,False,True
2026,4,Miami Grand Prix,FP1,3257.516000,HAD,6,hadjar,red_bull,95.185000,21.000000,4.000000,,,32.826000,35.817000,26.542000,3195.157000,3230.974000,3257.516000,215.000000,180.000000,264.000000,303.000000,False,MEDIUM,13.000000,False,Red Bull Racing,3162.331000,,1,,False,,False,True
2026,4,Miami Grand Prix,FP1,3354.349000,HAD,6,hadjar,red_bull,96.833000,22.000000,4.000000,,,33.706000,36.271000,26.856000,3291.222000,3327.493000,3354.349000,208.000000,171.000000,242.000000,316.000000,False,MEDIUM,14.000000,False,Red Bull Racing,3257.516000,,1,,False,,False,True
2026,4,Miami Grand Prix,FP1,3449.494000,HAD,6,hadjar,red_bull,95.145000,23.000000,4.000000,,,32.735000,35.740000,26.670000,3387.084000,3422.824000,3449.494000,215.000000,176.000000,269.000000,303.000000,False,MEDIUM,15.000000,False,Red Bull Racing,3354.349000,,1,,False,,False,True
2026,4,Miami Grand Prix,FP1,3544.314000,HAD,6,hadjar,red_bull,94.820000,24.000000,4.000000,,,32.564000,35.690000,26.566000,3482.058000,3517.748000,3544.314000,214.000000,178.000000,267.000000,305.000000,False,MEDIUM,16.000000,False,Red Bull Racing,3449.494000,,1,,False,,False,True
2026,4,Miami Grand Prix,FP1,3639.534000,HAD,6,hadjar,red_bull,95.220000,25.000000,4.000000,,,32.564000,35.535000,27.121000,,3612.413000,3639.534000,213.000000,179.000000,268.000000,293.000000,False,MEDIUM,17.000000,False,Red Bull Racing,3544.314000,,1,,False,,False,True
2026,4,Miami Grand Prix,FP1,3733.854000,HAD,6,hadjar,red_bull,94.320000,26.000000,4.000000,,,32.808000,35.499000,26.013000,3672.342000,3707.841000,3733.854000,213.000000,179.000000,249.000000,321.000000,False,MEDIUM,18.000000,False,Red Bull Racing,3639.534000,,1,,False,,False,True
2026,4,Miami Grand Prix,FP1,3828.561000,HAD,6,hadjar,red_bull,94.707000,27.000000,4.000000,,,33.200000,35.193000,26.314000,3767.054000,3802.247000,3828.561000,215.000000,180.000000,263.000000,311.000000,False,MEDIUM,19.000000,False,Red Bull Racing,3733.854000,,1,,False,,False,True
2026,4,Miami Grand Prix,FP1,3923.081000,HAD,6,hadjar,red_bull,94.520000,28.000000,4.000000,,,32.738000,35.583000,26.199000,3861.299000,3896.882000,3923.081000,212.000000,177.000000,270.000000,311.000000,False,MEDIUM,20.000000,False,Red Bull Racing,3828.561000,,1,,False,,False,True
2026,4,Miami Grand Prix,FP1,4017.468000,HAD,6,hadjar,red_bull,94.387000,29.000000,4.000000,,,32.525000,35.587000,26.275000,3955.606000,3991.193000,4017.468000,213.000000,181.000000,273.000000,308.000000,False,MEDIUM,21.000000,False,Red Bull Racing,3923.081000,,1,,False,,False,True
2026,4,Miami Grand Prix,FP1,4118.507000,HAD,6,hadjar,red_bull,101.039000,30.000000,4.000000,,4112.923000,32.519000,35.643000,32.877000,4049.987000,4085.630000,4118.507000,214.000000,179.000000,,281.000000,False,MEDIUM,22.000000,False,Red Bull Racing,4017.468000,,1,,False,,False,False
2026,4,Miami Grand Prix,FP1,4735.349000,HAD,6,hadjar,red_bull,,31.000000,5.000000,4616.156000,,,44.435000,35.192000,,4700.453000,4735.547000,178.000000,119.000000,250.000000,250.000000,False,SOFT,1.000000,True,Red Bull Racing,4118.507000,,1,,False,,False,False
2026,4,Miami Grand Prix,FP1,4826.388000,HAD,6,hadjar,red_bull,91.039000,32.000000,5.000000,,,31.386000,34.207000,25.446000,4766.735000,4800.942000,4826.388000,219.000000,188.000000,268.000000,313.000000,True,SOFT,2.000000,True,Red Bull Racing,4735.349000,,1,,False,,False,True
2026,4,Miami Grand Prix,FP1,4965.741000,HAD,6,hadjar,red_bull,139.353000,33.000000,5.000000,,4960.062000,49.133000,49.982000,40.238000,4875.521000,4925.503000,4965.741000,145.000000,127.000000,,183.000000,False,SOFT,3.000000,True,Red Bull Racing,4826.388000,,1,,False,,False,False
2026,4,Miami Grand Prix,FP1,5115.480000,HAD,6,hadjar,red_bull,149.739000,34.000000,6.000000,4991.608000,,68.163000,43.422000,38.154000,5033.904000,5077.326000,5115.480000,161.000000,140.000000,250.000000,140.000000,False,SOFT,4.000000,False,Red Bull Racing,4965.741000,,1,,False,,False,False
2026,4,Miami Grand Prix,FP1,5206.353000,HAD,6,hadjar,red_bull,90.873000,35.000000,6.000000,,,31.573000,33.983000,25.317000,5147.053000,5181.036000,5206.353000,218.000000,189.000000,267.000000,311.000000,True,SOFT,5.000000,False,Red Bull Racing,5115.480000,,1,,False,,False,True
2026,4,Miami Grand Prix,FP1,5372.205000,HAD,6,hadjar,red_bull,,36.000000,6.000000,,,58.474000,65.339000,41.908000,5265.071000,5330.414000,5372.267000,108.000000,140.000000,252.000000,98.000000,False,SOFT,6.000000,False,Red Bull Racing,5206.353000,,1,,False,,False,False
2026,4,Miami Grand Prix,FP1,5484.219000,HAD,6,hadjar,red_bull,112.014000,37.000000,6.000000,,,33.009000,49.567000,29.438000,5405.214000,5454.781000,5484.219000,142.000000,134.000000,235.000000,293.000000,False,SOFT,7.000000,False,Red Bull Racing,5372.205000,,1,,False,,False,True
2026,4,Miami Grand Prix,FP1,5622.855000,HAD,6,hadjar,red_bull,138.636000,38.000000,6.000000,,,46.538000,45.116000,46.982000,5530.757000,5575.873000,5622.855000,151.000000,128.000000,51.000000,141.000000,False,SOFT,8.000000,False,Red Bull Racing,5484.219000,,12,,False,,False,True
2026,4,Miami Grand Prix,FP1,5791.460000,HAD,6,hadjar,red_bull,,39.000000,6.000000,,,76.907000,46.097000,45.602000,5699.881000,5745.970000,5791.511000,181.000000,147.000000,58.000000,188.000000,False,SOFT,9.000000,False,Red Bull Racing,5622.855000,,1,,False,,False,False
2026,4,Miami Grand Prix,FP1,5931.110000,HAD,6,hadjar,red_bull,139.650000,40.000000,6.000000,,5925.563000,71.584000,35.420000,32.646000,5863.044000,5898.464000,5931.110000,217.000000,187.000000,,234.000000,False,SOFT,10.000000,False,Red Bull Racing,5791.460000,,1,,False,,False,False
2026,4,Miami Grand Prix,FP1,622.477000,GAS,10,gasly,alpine,,1.000000,1.000000,507.291000,,,40.989000,35.855000,,586.768000,622.775000,180.000000,167.000000,273.000000,180.000000,False,HARD,1.000000,True,Alpine,507.291000,,1,,False,,False,False
2026,4,Miami Grand Prix,FP1,715.230000,GAS,10,gasly,alpine,92.753000,2.000000,1.000000,,,32.017000,34.884000,25.852000,654.494000,689.378000,715.230000,213.000000,189.000000,252.000000,313.000000,True,HARD,2.000000,True,Alpine,622.477000,,1,,False,,False,True
2026,4,Miami Grand Prix,FP1,867.829000,GAS,10,gasly,alpine,,3.000000,1.000000,,,59.791000,55.848000,37.041000,775.088000,831.095000,868.038000,90.000000,90.000000,277.000000,225.000000,False,HARD,3.000000,True,Alpine,715.230000,,12,,False,,False,False
2026,4,Miami Grand Prix,FP1,959.505000,GAS,10,gasly,alpine,91.676000,4.000000,1.000000,,,31.644000,34.391000,25.641000,899.473000,933.864000,959.505000,217.000000,189.000000,259.000000,315.000000,True,HARD,4.000000,True,Alpine,867.829000,,1,,False,,False,True
2026,4,Miami Grand Prix,FP1,1119.932000,GAS,10,gasly,alpine,,5.000000,1.000000,,,57.862000,62.123000,40.349000,1017.743000,1079.734000,1119.937000,89.000000,110.000000,206.000000,178.000000,False,HARD,5.000000,True,Alpine,959.505000,,1,,False,,False,False
2026,4,Miami Grand Prix,FP1,1241.832000,GAS,10,gasly,alpine,121.900000,6.000000,1.000000,,,46.764000,40.937000,34.199000,1166.696000,1207.633000,1241.832000,155.000000,156.000000,269.000000,240.000000,False,HARD,6.000000,True,Alpine,1119.932000,,1,,False,,False,True
2026,4,Miami Grand Prix,FP1,1333.654000,GAS,10,gasly,alpine,91.822000,7.000000,1.000000,,,31.776000,34.429000,25.617000,1273.608000,1308.037000,1333.654000,217.000000,189.000000,254.000000,313.000000,False,HARD,7.000000,True,Alpine,1241.832000,,1,,False,,False,True
2026,4,Miami Grand Prix,FP1,1470.984000,GAS,10,gasly,alpine,137.330000,8.000000,1.000000,,,50.308000,54.085000,32.937000,1383.962000,1438.047000,1470.984000,130.000000,160.000000,191.000000,221.000000,False,HARD,8.000000,True,Alpine,1333.654000,,1,,False,,False,True
2026,4,Miami Grand Prix,FP1,1597.803000,GAS,10,gasly,alpine,126.819000,9.000000,1.000000,,,46.064000,46.074000,34.681000,1517.048000,1563.122000,1597.803000,148.000000,158.000000,205.000000,237.000000,False,HARD,9.000000,True,Alpine,1470.984000,,1,,False,,False,True
2026,4,Miami Grand Prix,FP1,1721.682000,GAS,10,gasly,alpine,123.879000,10.000000,1.000000,,1716.026000,44.285000,43.391000,36.203000,1642.088000,1685.479000,1721.682000,180.000000,150.000000,,248.000000,False,HARD,10.000000,True,Alpine,1597.803000,,1,,False,,False,False
2026,4,Miami Grand Prix,FP1,2496.785000,GAS,10,gasly,alpine,,11.000000,2.000000,2358.272000,,,39.461000,30.734000,,2466.294000,2497.052000,185.000000,156.000000,275.000000,225.000000,False,HARD,11.000000,False,Alpine,1721.682000,,1,,False,,False,False
2026,4,Miami Grand Prix,FP1,2607.845000,GAS,10,gasly,alpine,111.060000,12.000000,2.000000,,,40.212000,40.758000,30.090000,2536.997000,2577.755000,2607.845000,156.000000,164.000000,275.000000,232.000000,False,HARD,12.000000,False,Alpine,2496.785000,,1,,False,,False,True
2026,4,Miami Grand Prix,FP1,2699.806000,GAS,10,gasly,alpine,91.961000,13.000000,2.000000,,,31.692000,34.525000,25.744000,2639.537000,2674.062000,2699.806000,210.000000,187.000000,261.000000,315.000000,False,HARD,13.000000,False,Alpine,2607.845000,,1,,False,,False,True
2026,4,Miami Grand Prix,FP1,2842.777000,GAS,10,gasly,alpine,142.971000,14.000000,2.000000,,,54.877000,53.911000,34.183000,2754.683000,2808.594000,2842.777000,123.000000,122.000000,152.000000,266.000000,False,HARD,14.000000,False,Alpine,2699.806000,,1,,False,,False,True
2026,4,Miami Grand Prix,FP1,2954.331000,GAS,10,gasly,alpine,111.554000,15.000000,2.000000,,,44.065000,38.533000,28.956000,2886.842000,2925.375000,2954.331000,185.000000,168.000000,274.000000,256.000000,False,HARD,15.000000,False,Alpine,2842.777000,,1,,False,,False,True
2026,4,Miami Grand Prix,FP1,3045.572000,GAS,10,gasly,alpine,91.241000,16.000000,2.000000,,,31.504000,34.148000,25.589000,2985.835000,3019.983000,3045.572000,212.000000,188.000000,258.000000,316.000000,True,HARD,16.000000,False,Alpine,2954.331000,,1,,False,,False,True
2026,4,Miami Grand Prix,FP1,3175.193000,GAS,10,gasly,alpine,129.621000,17.000000,2.000000,,,50.681000,46.690000,32.250000,3096.253000,3142.943000,3175.193000,153.000000,144.000000,225.000000,223.000000,False,HARD,17.000000,False,Alpine,3045.572000,,1,,False,,False,True
2026,4,Miami Grand Prix,FP1,3288.451000,GAS,10,gasly,alpine,113.258000,18.000000,2.000000,,,40.681000,43.153000,29.424000,3215.874000,3259.027000,3288.451000,157.000000,152.000000,276.000000,248.000000,False,HARD,18.000000,False,Alpine,3175.193000,,1,,False,,False,True
2026,4,Miami Grand Prix,FP1,3383.833000,GAS,10,gasly,alpine,95.382000,19.000000,2.000000,,,31.188000,36.639000,27.555000,3319.639000,3356.278000,3383.833000,214.000000,144.000000,264.000000,270.000000,False,HARD,19.000000,False,Alpine,3288.451000,,1,,True,TRACK LIMITS AT TURN 15 LAP 20 ,False,True
2026,4,Miami Grand Prix,FP1,3477.748000,GAS,10,gasly,alpine,93.915000,20.000000,2.000000,,,32.609000,35.238000,26.068000,3416.442000,3451.680000,3477.748000,215.000000,186.000000,269.000000,305.000000,False,HARD,20.000000,False,Alpine,3383.833000,,1,,False,,False,True
2026,4,Miami Grand Prix,FP1,3571.570000,GAS,10,gasly,alpine,93.822000,21.000000,2.000000,,,32.338000,35.425000,26.059000,3510.086000,3545.511000,3571.570000,211.000000,187.000000,277.000000,305.000000,False,HARD,21.000000,False,Alpine,3477.748000,,1,,False,,False,True
2026,4,Miami Grand Prix,FP1,3665.538000,GAS,10,gasly,alpine,93.968000,22.000000,2.000000,,,32.602000,35.409000,25.957000,3604.172000,3639.581000,3665.538000,207.000000,185.000000,280.000000,302.000000,False,HARD,22.000000,False,Alpine,3571.570000,,1,,False,,False,True
2026,4,Miami Grand Prix,FP1,3759.658000,GAS,10,gasly,alpine,94.120000,23.000000,2.000000,,,32.676000,35.361000,26.083000,3698.214000,3733.575000,3759.658000,208.000000,185.000000,282.000000,303.000000,False,HARD,23.000000,False,Alpine,3665.538000,,1,,False,,False,True
2026,4,Miami Grand Prix,FP1,3864.563000,GAS,10,gasly,alpine,104.905000,24.000000,2.000000,,3859.020000,32.480000,38.078000,34.347000,3792.138000,3830.216000,3864.563000,206.000000,160.000000,,276.000000,False,HARD,24.000000,False,Alpine,3759.658000,,1,,False,,False,False
2026,4,Miami Grand Prix,FP1,4741.893000,GAS,10,gasly,alpine,,25.000000,3.000000,4629.150000,,,41.096000,31.640000,,4710.539000,4742.038000,166.000000,157.000000,277.000000,238.000000,False,SOFT,1.000000,True,Alpine,3864.563000,,1,,False,,False,False
2026,4,Miami Grand Prix,FP1,4865.576000,GAS,10,gasly,alpine,123.683000,26.000000,3.000000,,,48.559000,43.884000,31.240000,4790.452000,4834.336000,4865.576000,131.000000,155.000000,278.000000,259.000000,False,SOFT,2.000000,True,Alpine,4741.893000,,1,,False,,False,True
2026,4,Miami Grand Prix,FP1,4956.796000,GAS,10,gasly,alpine,91.220000,27.000000,3.000000,,,31.457000,34.304000,25.459000,4897.033000,4931.337000,4956.796000,208.000000,189.000000,254.000000,316.000000,True,SOFT,3.000000,True,Alpine,4865.576000,,1,,False,,False,True
2026,4,Miami Grand Prix,FP1,5122.084000,GAS,10,gasly,alpine,,28.000000,3.000000,,,65.254000,70.054000,30.007000,5022.288000,5092.246000,5122.209000,80.000000,158.000000,277.000000,242.000000,False,SOFT,4.000000,True,Alpine,4956.796000,,1,,False,,False,False
2026,4,Miami Grand Prix,FP1,5212.671000,GAS,10,gasly,alpine,90.587000,29.000000,3.000000,,,31.386000,33.849000,25.352000,5153.470000,5187.319000,5212.671000,216.000000,189.000000,258.000000,318.000000,True,SOFT,5.000000,True,Alpine,5122.084000,,1,,False,,False,True
2026,4,Miami Grand Prix,FP1,5334.849000,GAS,10,gasly,alpine,122.178000,30.000000,3.000000,,5329.164000,39.198000,43.261000,39.719000,5251.869000,5295.130000,5334.849000,180.000000,143.000000,,172.000000,False,SOFT,6.000000,True,Alpine,5212.671000,,1,,False,,False,False
2026,4,Miami Grand Prix,FP1,5501.070000,GAS,10,gasly,alpine,,31.000000,4.000000,5375.659000,,87.102000,48.061000,30.960000,5423.511000,5470.297000,5501.215000,135.000000,138.000000,217.000000,279.000000,False,HARD,25.000000,False,Alpine,5334.849000,,1,,False,,False,False
2026,4,Miami Grand Prix,FP1,5637.892000,GAS,10,gasly,alpine,136.822000,32.000000,4.000000,,,41.205000,48.459000,47.158000,5542.275000,5590.734000,5637.892000,165.000000,125.000000,57.000000,216.000000,False,HARD,26.000000,False,Alpine,5501.070000,,12,,False,,False,True
2026,4,Miami Grand Prix,FP1,5822.823000,GAS,10,gasly,alpine,,33.000000,4.000000,,,96.853000,45.115000,42.989000,5734.854000,5780.073000,5822.823000,159.000000,131.000000,45.000000,170.000000,False,HARD,27.000000,False,Alpine,5637.892000,,1,,False,,False,False
2026,4,Miami Grand Prix,FP1,5981.686000,GAS,10,gasly,alpine,,34.000000,4.000000,,5976.123000,73.988000,44.485000,40.326000,5897.054000,5941.422000,5981.686000,192.000000,153.000000,,164.000000,False,HARD,28.000000,False,Alpine,5822.823000,,1,,False,,False,False
2026,4,Miami Grand Prix,FP1,367.789000,PER,11,perez,cadillac,,1.000000,1.000000,256.837000,,,43.028000,30.351000,,337.724000,367.863000,186.000000,166.000000,245.000000,259.000000,False,MEDIUM,1.000000,True,Cadillac,256.837000,,1,,False,,False,False
2026,4,Miami Grand Prix,FP1,462.600000,PER,11,perez,cadillac,94.811000,2.000000,1.000000,,,33.379000,35.549000,25.883000,401.168000,436.717000,462.600000,205.000000,186.000000,263.000000,303.000000,True,MEDIUM,2.000000,True,Cadillac,367.789000,,1,,False,,False,True
2026,4,Miami Grand Prix,FP1,583.060000,PER,11,perez,cadillac,120.460000,3.000000,1.000000,,,44.855000,43.982000,31.623000,507.455000,551.437000,583.060000,166.000000,94.000000,241.000000,269.000000,False,MEDIUM,3.000000,True,Cadillac,462.600000,,1,,False,,False,True
2026,4,Miami Grand Prix,FP1,676.953000,PER,11,perez,cadillac,93.893000,4.000000,1.000000,,,32.635000,35.226000,26.032000,615.695000,650.921000,676.953000,212.000000,188.000000,255.000000,306.000000,True,MEDIUM,4.000000,True,Cadillac,583.060000,,1,,False,,False,True
2026,4,Miami Grand Prix,FP1,821.842000,PER,11,perez,cadillac,144.889000,5.000000,1.000000,,,47.582000,48.603000,48.704000,724.535000,773.138000,821.842000,142.000000,81.000000,221.000000,104.000000,False,MEDIUM,5.000000,True,Cadillac,676.953000,,12,,True,DOUBLE YELLOW AT TURN 16,False,True
2026,4,Miami Grand Prix,FP1,947.917000,PER,11,perez,cadillac,126.075000,6.000000,1.000000,,,43.006000,46.784000,36.285000,864.848000,911.632000,947.917000,165.000000,128.000000,193.000000,228.000000,False,MEDIUM,6.000000,True,Cadillac,821.842000,,1,,False,,False,True
2026,4,Miami Grand Prix,FP1,1081.934000,PER,11,perez,cadillac,134.017000,7.000000,1.000000,,1076.240000,44.726000,48.397000,40.894000,992.643000,1041.040000,1081.934000,153.000000,143.000000,,206.000000,False,MEDIUM,7.000000,True,Cadillac,947.917000,,1,,False,,False,False
2026,4,Miami Grand Prix,FP1,3204.327000,PER,11,perez,cadillac,,8.000000,2.000000,3084.510000,,,36.325000,26.452000,,3178.030000,3204.403000,188.000000,182.000000,281.000000,276.000000,False,MEDIUM,8.000000,False,Cadillac,1081.934000,,1,,False,,False,False
2026,4,Miami Grand Prix,FP1,3301.027000,PER,11,perez,cadillac,96.700000,9.000000,2.000000,,,33.627000,36.485000,26.588000,3237.954000,3274.439000,3301.027000,201.000000,181.000000,275.000000,290.000000,False,MEDIUM,9.000000,False,Cadillac,3204.327000,,1,,False,,False,True
2026,4,Miami Grand Prix,FP1,3397.781000,PER,11,perez,cadillac,96.754000,10.000000,2.000000,,,33.942000,36.309000,26.503000,3334.969000,3371.278000,3397.781000,210.000000,182.000000,276.000000,290.000000,False,MEDIUM,10.000000,False,Cadillac,3301.027000,,1,,False,,False,True
2026,4,Miami Grand Prix,FP1,3495.128000,PER,11,perez,cadillac,97.347000,11.000000,2.000000,,,33.856000,36.922000,26.569000,3431.637000,3468.559000,3495.128000,205.000000,180.000000,271.000000,298.000000,False,MEDIUM,11.000000,False,Cadillac,3397.781000,,1,,False,,False,True
2026,4,Miami Grand Prix,FP1,3592.363000,PER,11,perez,cadillac,97.235000,12.000000,2.000000,,,34.301000,36.396000,26.538000,3529.429000,3565.825000,3592.363000,201.000000,182.000000,278.000000,300.000000,False,MEDIUM,12.000000,False,Cadillac,3495.128000,,1,,False,,False,True
2026,4,Miami Grand Prix,FP1,3689.777000,PER,11,perez,cadillac,97.414000,13.000000,2.000000,,,34.185000,36.734000,26.495000,3626.548000,3663.282000,3689.777000,205.000000,180.000000,278.000000,296.000000,False,MEDIUM,13.000000,False,Cadillac,3592.363000,,1,,False,,False,True
2026,4,Miami Grand Prix,FP1,3787.004000,PER,11,perez,cadillac,97.227000,14.000000,2.000000,,,34.317000,36.462000,26.448000,3724.094000,3760.556000,3787.004000,206.000000,181.000000,276.000000,294.000000,False,MEDIUM,14.000000,False,Cadillac,3689.777000,,1,,False,,False,True
2026,4,Miami Grand Prix,FP1,3883.934000,PER,11,perez,cadillac,96.930000,15.000000,2.000000,,,34.283000,36.223000,26.424000,3821.287000,3857.510000,3883.934000,207.000000,182.000000,280.000000,294.000000,False,MEDIUM,15.000000,False,Cadillac,3787.004000,,1,,False,,False,True
2026,4,Miami Grand Prix,FP1,3981.301000,PER,11,perez,cadillac,97.367000,16.000000,2.000000,,,34.163000,36.546000,26.658000,3918.097000,3954.643000,3981.301000,203.000000,183.000000,278.000000,295.000000,False,MEDIUM,16.000000,False,Cadillac,3883.934000,,1,,False,,False,True
2026,4,Miami Grand Prix,FP1,4101.699000,PER,11,perez,cadillac,120.398000,17.000000,2.000000,,4095.995000,37.755000,44.087000,38.556000,4019.056000,4063.143000,4101.699000,180.000000,166.000000,,175.000000,False,MEDIUM,17.000000,False,Cadillac,3981.301000,,1,,False,,False,False
2026,4,Miami Grand Prix,FP1,4930.219000,PER,11,perez,cadillac,,18.000000,3.000000,4815.169000,,,43.971000,35.300000,,4895.073000,4930.263000,166.000000,122.000000,259.000000,200.000000,False,SOFT,1.000000,True,Cadillac,4101.699000,,1,,False,,False,False
2026,4,Miami Grand Prix,FP1,5022.617000,PER,11,perez,cadillac,92.398000,19.000000,3.000000,,,31.890000,34.671000,25.837000,4962.109000,4996.780000,5022.617000,216.000000,191.000000,249.000000,314.000000,True,SOFT,2.000000,True,Cadillac,4930.219000,,1,,False,,False,True
2026,4,Miami Grand Prix,FP1,5150.704000,PER,11,perez,cadillac,128.087000,20.000000,3.000000,,5144.535000,44.740000,47.068000,36.279000,5067.357000,5114.425000,5150.704000,153.000000,141.000000,,209.000000,False,SOFT,3.000000,True,Cadillac,5022.617000,,1,,False,,False,False
2026,4,Miami Grand Prix,FP1,5322.527000,PER,11,perez,cadillac,,21.000000,4.000000,5175.194000,,69.380000,56.967000,45.499000,5220.322000,5277.139000,5322.633000,165.000000,95.000000,251.000000,224.000000,False,SOFT,4.000000,False,Cadillac,5150.704000,,1,,False,,False,False
2026,4,Miami Grand Prix,FP1,5414.574000,PER,11,perez,cadillac,92.047000,22.000000,4.000000,,,31.882000,34.508000,25.657000,5354.409000,5388.917000,5414.574000,215.000000,191.000000,262.000000,313.000000,True,SOFT,5.000000,False,Cadillac,5322.527000,,1,,False,,False,True
2026,4,Miami Grand Prix,FP1,5556.471000,PER,11,perez,cadillac,141.897000,23.000000,4.000000,,,46.654000,46.943000,48.300000,5461.228000,5508.171000,5556.471000,147.000000,161.000000,81.000000,159.000000,False,SOFT,6.000000,False,Cadillac,5414.574000,,12,,False,,False,True
2026,4,Miami Grand Prix,FP1,5701.817000,PER,11,perez,cadillac,145.346000,24.000000,4.000000,,,62.414000,40.546000,42.386000,5618.885000,5659.431000,5701.817000,192.000000,162.000000,44.000000,202.000000,False,SOFT,7.000000,False,Cadillac,5556.471000,,1,,False,,False,True
2026,4,Miami Grand Prix,FP1,5852.987000,PER,11,perez,cadillac,,25.000000,4.000000,,5847.370000,64.831000,41.851000,44.464000,5766.869000,5808.638000,5852.987000,183.000000,160.000000,,139.000000,False,SOFT,8.000000,False,Cadillac,5701.817000,,1,,False,,False,False
2026,4,Miami Grand Prix,FP1,506.414000,ANT,12,antonelli,mercedes,,1.000000,1.000000,370.191000,,,39.613000,33.219000,,473.510000,506.525000,192.000000,164.000000,252.000000,116.000000,False,HARD,1.000000,True,Mercedes,370.191000,,1,,False,,False,False
2026,4,Miami Grand Prix,FP1,597.842000,ANT,12,antonelli,mercedes,91.428000,2.000000,1.000000,,,31.657000,34.270000,25.501000,538.071000,572.341000,597.842000,212.000000,185.000000,266.000000,320.000000,True,HARD,2.000000,True,Mercedes,506.414000,,1,,False,,False,True
2026,4,Miami Grand Prix,FP1,735.414000,ANT,12,antonelli,mercedes,137.572000,3.000000,1.000000,,729.837000,42.304000,52.030000,43.238000,640.146000,692.176000,735.414000,159.000000,140.000000,,233.000000,False,HARD,3.000000,True,Mercedes,597.842000,,1,,False,,False,False
2026,4,Miami Grand Prix,FP1,881.443000,ANT,12,antonelli,mercedes,146.029000,4.000000,2.000000,756.702000,,69.048000,42.650000,34.331000,804.462000,847.112000,881.443000,169.000000,128.000000,253.000000,107.000000,False,HARD,4.000000,False,Mercedes,735.414000,,12,,False,,False,False
2026,4,Miami Grand Prix,FP1,972.837000,ANT,12,antonelli,mercedes,91.394000,5.000000,2.000000,,,31.608000,34.235000,25.551000,913.051000,947.286000,972.837000,217.000000,152.000000,267.000000,323.000000,False,HARD,5.000000,False,Mercedes,881.443000,,1,,True,TRACK LIMITS AT TURN 15 LAP 6 ,False,True
2026,4,Miami Grand Prix,FP1,1128.137000,ANT,12,antonelli,mercedes,,6.000000,2.000000,,1122.626000,51.887000,56.817000,46.361000,1024.968000,1081.871000,1128.137000,142.000000,83.000000,,189.000000,False,HARD,6.000000,False,Mercedes,972.837000,,1,,False,,False,False
2026,4,Miami Grand Prix,FP1,1285.889000,ANT,12,antonelli,mercedes,,7.000000,3.000000,1174.987000,,86.554000,40.246000,31.126000,1214.652000,1255.034000,1286.019000,161.000000,157.000000,261.000000,253.000000,False,HARD,7.000000,False,Mercedes,1128.137000,,1,,False,,False,False
2026,4,Miami Grand Prix,FP1,1375.968000,ANT,12,antonelli,mercedes,90.079000,8.000000,3.000000,,,30.972000,33.918000,25.189000,1316.861000,1350.779000,1375.968000,220.000000,189.000000,264.000000,321.000000,True,HARD,8.000000,False,Mercedes,1285.889000,,1,,False,,False,True
2026,4,Miami Grand Prix,FP1,1487.862000,ANT,12,antonelli,mercedes,111.894000,9.000000,3.000000,,1482.112000,35.559000,39.889000,36.446000,1411.527000,1451.416000,1487.862000,196.000000,163.000000,,207.000000,False,HARD,9.000000,False,Mercedes,1375.968000,,1,,False,,False,False
2026,4,Miami Grand Prix,FP1,2149.664000,ANT,12,antonelli,mercedes,,10.000000,4.000000,2029.652000,,,34.326000,25.765000,,2124.087000,2149.761000,207.000000,184.000000,288.000000,275.000000,False,HARD,10.000000,False,Mercedes,1487.862000,,1,,False,,False,False
2026,4,Miami Grand Prix,FP1,2242.493000,ANT,12,antonelli,mercedes,92.829000,11.000000,4.000000,,,31.880000,34.757000,26.192000,2181.544000,2216.301000,2242.493000,212.000000,184.000000,256.000000,296.000000,False,HARD,11.000000,False,Mercedes,2149.664000,,1,,False,,False,True
2026,4,Miami Grand Prix,FP1,2335.384000,ANT,12,antonelli,mercedes,92.891000,12.000000,4.000000,,,32.282000,34.602000,26.007000,2274.775000,2309.377000,2335.384000,212.000000,188.000000,269.000000,307.000000,False,HARD,12.000000,False,Mercedes,2242.493000,,1,,False,,False,True
2026,4,Miami Grand Prix,FP1,2427.936000,ANT,12,antonelli,mercedes,92.552000,13.000000,4.000000,,,31.992000,34.673000,25.887000,2367.376000,2402.049000,2427.936000,210.000000,187.000000,272.000000,312.000000,False,HARD,13.000000,False,Mercedes,2335.384000,,1,,False,,False,True
2026,4,Miami Grand Prix,FP1,2522.086000,ANT,12,antonelli,mercedes,94.150000,14.000000,4.000000,,,33.448000,34.658000,26.044000,2461.384000,2496.042000,2522.086000,211.000000,186.000000,274.000000,305.000000,False,HARD,14.000000,False,Mercedes,2427.936000,,1,,False,,False,True
2026,4,Miami Grand Prix,FP1,2614.898000,ANT,12,antonelli,mercedes,92.812000,15.000000,4.000000,,,32.113000,34.768000,25.931000,2554.199000,2588.967000,2614.898000,213.000000,186.000000,277.000000,306.000000,False,HARD,15.000000,False,Mercedes,2522.086000,,1,,False,,False,True
2026,4,Miami Grand Prix,FP1,2707.995000,ANT,12,antonelli,mercedes,93.097000,16.000000,4.000000,,,32.167000,35.128000,25.802000,2647.065000,2682.193000,2707.995000,210.000000,184.000000,278.000000,309.000000,False,HARD,16.000000,False,Mercedes,2614.898000,,1,,False,,False,True
2026,4,Miami Grand Prix,FP1,2801.315000,ANT,12,antonelli,mercedes,93.320000,17.000000,4.000000,,,32.279000,35.115000,25.926000,2740.274000,2775.389000,2801.315000,211.000000,185.000000,278.000000,306.000000,False,HARD,17.000000,False,Mercedes,2707.995000,,1,,False,,False,True
2026,4,Miami Grand Prix,FP1,2896.199000,ANT,12,antonelli,mercedes,94.884000,18.000000,4.000000,,,32.301000,36.581000,26.002000,2833.616000,2870.197000,2896.199000,212.000000,183.000000,276.000000,311.000000,False,HARD,18.000000,False,Mercedes,2801.315000,,1,,False,,False,True
2026,4,Miami Grand Prix,FP1,2989.116000,ANT,12,antonelli,mercedes,92.917000,19.000000,4.000000,,,32.118000,34.890000,25.909000,2928.317000,2963.207000,2989.116000,213.000000,185.000000,279.000000,307.000000,False,HARD,19.000000,False,Mercedes,2896.199000,,1,,False,,False,True
2026,4,Miami Grand Prix,FP1,3082.160000,ANT,12,antonelli,mercedes,93.044000,20.000000,4.000000,,,32.124000,34.925000,25.995000,3021.240000,3056.165000,3082.160000,209.000000,185.000000,278.000000,304.000000,False,HARD,20.000000,False,Mercedes,2989.116000,,1,,False,,False,True
2026,4,Miami Grand Prix,FP1,3175.218000,ANT,12,antonelli,mercedes,93.058000,21.000000,4.000000,,,32.100000,34.963000,25.995000,3114.260000,3149.223000,3175.218000,211.000000,184.000000,283.000000,301.000000,False,HARD,21.000000,False,Mercedes,3082.160000,,1,,False,,False,True
2026,4,Miami Grand Prix,FP1,3269.337000,ANT,12,antonelli,mercedes,94.119000,22.000000,4.000000,,,32.383000,35.735000,26.001000,3207.601000,3243.336000,3269.337000,209.000000,182.000000,287.000000,274.000000,False,HARD,22.000000,False,Mercedes,3175.218000,,1,,True,TRACK LIMITS AT TURN 11 LAP 23 ,False,True
2026,4,Miami Grand Prix,FP1,3363.914000,ANT,12,antonelli,mercedes,94.577000,23.000000,4.000000,,,32.963000,35.572000,26.042000,3302.300000,3337.872000,3363.914000,211.000000,180.000000,282.000000,298.000000,False,HARD,23.000000,False,Mercedes,3269.337000,,1,,False,,False,True
2026,4,Miami Grand Prix,FP1,3480.371000,ANT,12,antonelli,mercedes,116.457000,24.000000,4.000000,,3474.753000,35.375000,46.915000,34.167000,3399.289000,3446.204000,3480.371000,149.000000,170.000000,,250.000000,False,HARD,24.000000,False,Mercedes,3363.914000,,1,,False,,False,False
2026,4,Miami Grand Prix,FP1,1459.884000,ALO,14,alonso,aston_martin,,1.000000,1.000000,1346.302000,1454.192000,,42.092000,34.440000,,1425.702000,1459.950000,186.000000,166.000000,,224.000000,False,HARD,1.000000,True,Aston Martin,1346.302000,,1,,False,,False,False
2026,4,Miami Grand Prix,FP1,1604.063000,ALO,14,alonso,aston_martin,144.179000,2.000000,2.000000,1498.485000,,72.692000,38.229000,33.258000,1532.576000,1570.805000,1604.063000,190.000000,178.000000,265.000000,135.000000,False,HARD,2.000000,False,Aston Martin,1459.884000,,1,,False,,False,False
2026,4,Miami Grand Prix,FP1,1700.930000,ALO,14,alonso,aston_martin,96.867000,3.000000,2.000000,,,33.494000,36.506000,26.867000,1637.557000,1674.063000,1700.930000,213.000000,182.000000,271.000000,282.000000,True,HARD,3.000000,False,Aston Martin,1604.063000,,1,,False,,False,True
2026,4,Miami Grand Prix,FP1,1797.586000,ALO,14,alonso,aston_martin,96.656000,4.000000,2.000000,,,33.313000,36.609000,26.734000,1734.243000,1770.852000,1797.586000,208.000000,183.000000,273.000000,282.000000,True,HARD,4.000000,False,Aston Martin,1700.930000,,1,,False,,False,True
2026,4,Miami Grand Prix,FP1,1919.338000,ALO,14,alonso,aston_martin,121.752000,5.000000,2.000000,,,44.143000,45.852000,31.757000,1841.729000,1887.581000,1919.338000,150.000000,132.000000,247.000000,264.000000,False,HARD,5.000000,False,Aston Martin,1797.586000,,1,,False,,False,True
2026,4,Miami Grand Prix,FP1,2014.030000,ALO,14,alonso,aston_martin,94.692000,6.000000,2.000000,,,32.905000,35.496000,26.291000,1952.243000,1987.739000,2014.030000,206.000000,186.000000,251.000000,299.000000,True,HARD,6.000000,False,Aston Martin,1919.338000,,1,,False,,False,True
2026,4,Miami Grand Prix,FP1,2141.108000,ALO,14,alonso,aston_martin,127.078000,7.000000,2.000000,,,46.264000,49.447000,31.367000,2060.294000,2109.741000,2141.108000,153.000000,138.000000,248.000000,264.000000,False,HARD,7.000000,False,Aston Martin,2014.030000,,1,,False,,False,True
2026,4,Miami Grand Prix,FP1,2257.886000,ALO,14,alonso,aston_martin,116.778000,8.000000,2.000000,,2252.394000,35.586000,42.742000,38.450000,2176.694000,2219.436000,2257.886000,176.000000,168.000000,,243.000000,False,HARD,8.000000,False,Aston Martin,2141.108000,,1,,False,,False,False
2026,4,Miami Grand Prix,FP1,2902.128000,ALO,14,alonso,aston_martin,,9.000000,3.000000,2790.072000,,,37.750000,37.056000,,2865.297000,2902.266000,190.000000,172.000000,249.000000,223.000000,False,SOFT,1.000000,True,Aston Martin,2257.886000,,1,,False,,False,False
2026,4,Miami Grand Prix,FP1,3019.472000,ALO,14,alonso,aston_martin,117.344000,10.000000,3.000000,,,32.086000,38.274000,46.984000,2934.214000,2972.488000,3019.472000,211.000000,120.000000,247.000000,94.000000,False,SOFT,2.000000,True,Aston Martin,2902.128000,,1,,True,TRACK LIMITS AT TURN 11 LAP 11 ,False,True
2026,4,Miami Grand Prix,FP1,3112.435000,ALO,14,alonso,aston_martin,92.963000,11.000000,3.000000,,,31.879000,35.278000,25.806000,3051.351000,3086.629000,3112.435000,215.000000,183.000000,260.000000,301.000000,True,SOFT,3.000000,True,Aston Martin,3019.472000,,1,,False,,False,True
2026,4,Miami Grand Prix,FP1,3242.921000,ALO,14,alonso,aston_martin,130.486000,12.000000,3.000000,,,48.136000,48.754000,33.596000,3160.571000,3209.325000,3242.921000,71.000000,159.000000,210.000000,234.000000,False,SOFT,4.000000,True,Aston Martin,3112.435000,,1,,False,,False,True
2026,4,Miami Grand Prix,FP1,3375.443000,ALO,14,alonso,aston_martin,132.522000,13.000000,3.000000,,,42.659000,50.524000,39.339000,3285.580000,3336.104000,3375.443000,153.000000,45.000000,250.000000,235.000000,False,SOFT,5.000000,True,Aston Martin,3242.921000,,1,,False,,False,True
2026,4,Miami Grand Prix,FP1,3468.342000,ALO,14,alonso,aston_martin,92.899000,14.000000,3.000000,,,31.888000,34.969000,26.042000,3407.331000,3442.300000,3468.342000,209.000000,188.000000,251.000000,301.000000,True,SOFT,6.000000,True,Aston Martin,3375.443000,,1,,False,,False,True
2026,4,Miami Grand Prix,FP1,3606.120000,ALO,14,alonso,aston_martin,137.778000,15.000000,3.000000,,,48.249000,56.422000,33.107000,3516.591000,3573.013000,3606.120000,161.000000,82.000000,255.000000,241.000000,False,SOFT,7.000000,True,Aston Martin,3468.342000,,1,,False,,False,True
2026,4,Miami Grand Prix,FP1,3699.013000,ALO,14,alonso,aston_martin,92.893000,16.000000,3.000000,,,32.053000,34.905000,25.935000,3638.173000,3673.078000,3699.013000,211.000000,183.000000,251.000000,300.000000,True,SOFT,8.000000,True,Aston Martin,3606.120000,,1,,False,,False,True
2026,4,Miami Grand Prix,FP1,3800.892000,ALO,14,alonso,aston_martin,101.879000,17.000000,3.000000,,,36.175000,38.205000,27.499000,3735.188000,3773.393000,3800.892000,170.000000,170.000000,270.000000,287.000000,False,SOFT,9.000000,True,Aston Martin,3699.013000,,1,,False,,False,True
2026,4,Miami Grand Prix,FP1,3896.655000,ALO,14,alonso,aston_martin,95.763000,18.000000,3.000000,,,32.962000,36.083000,26.718000,3833.854000,3869.937000,3896.655000,208.000000,183.000000,272.000000,282.000000,False,SOFT,10.000000,True,Aston Martin,3800.892000,,1,,False,,False,True
2026,4,Miami Grand Prix,FP1,3992.161000,ALO,14,alonso,aston_martin,95.506000,19.000000,3.000000,,,32.730000,36.239000,26.537000,3929.385000,3965.624000,3992.161000,210.000000,184.000000,273.000000,285.000000,False,SOFT,11.000000,True,Aston Martin,3896.655000,,1,,False,,False,True
2026,4,Miami Grand Prix,FP1,4097.213000,ALO,14,alonso,aston_martin,105.052000,20.000000,3.000000,,4091.862000,32.854000,36.770000,35.428000,4025.015000,4061.785000,4097.213000,211.000000,172.000000,,268.000000,False,SOFT,12.000000,True,Aston Martin,3992.161000,,1,,False,,False,False
2026,4,Miami Grand Prix,FP1,4763.947000,ALO,14,alonso,aston_martin,,21.000000,4.000000,4663.317000,,,37.337000,30.551000,,4733.620000,4763.975000,189.000000,169.000000,250.000000,244.000000,False,MEDIUM,1.000000,True,Aston Martin,4097.213000,,1,,False,,False,False
2026,4,Miami Grand Prix,FP1,4873.541000,ALO,14,alonso,aston_martin,109.594000,22.000000,4.000000,,,36.879000,40.779000,31.936000,4800.826000,4841.605000,4873.541000,176.000000,157.000000,249.000000,246.000000,False,MEDIUM,2.000000,True,Aston Martin,4763.947000,,1,,False,,False,True
2026,4,Miami Grand Prix,FP1,4977.832000,ALO,14,alonso,aston_martin,104.291000,23.000000,4.000000,,,32.545000,40.480000,31.266000,4906.086000,4946.566000,4977.832000,175.000000,160.000000,250.000000,265.000000,False,MEDIUM,3.000000,True,Aston Martin,4873.541000,,1,,False,,False,True
2026,4,Miami Grand Prix,FP1,5070.915000,ALO,14,alonso,aston_martin,93.083000,24.000000,4.000000,,,32.126000,35.056000,25.901000,5009.958000,5045.014000,5070.915000,204.000000,185.000000,255.000000,305.000000,False,MEDIUM,4.000000,True,Aston Martin,4977.832000,,1,,False,,False,True
2026,4,Miami Grand Prix,FP1,5192.499000,ALO,14,alonso,aston_martin,121.584000,25.000000,4.000000,,,41.399000,48.202000,31.983000,5112.314000,5160.516000,5192.499000,161.000000,118.000000,251.000000,265.000000,False,MEDIUM,5.000000,True,Aston Martin,5070.915000,,1,,False,,False,True
2026,4,Miami Grand Prix,FP1,5285.092000,ALO,14,alonso,aston_martin,92.593000,26.000000,4.000000,,,31.909000,34.891000,25.793000,5224.408000,5259.299000,5285.092000,212.000000,187.000000,256.000000,305.000000,True,MEDIUM,6.000000,True,Aston Martin,5192.499000,,1,,False,,False,True
2026,4,Miami Grand Prix,FP1,5407.932000,ALO,14,alonso,aston_martin,122.840000,27.000000,4.000000,,,35.861000,44.620000,42.359000,5320.953000,5365.573000,5407.932000,192.000000,84.000000,228.000000,137.000000,False,MEDIUM,7.000000,True,Aston Martin,5285.092000,,1,,False,,False,True
2026,4,Miami Grand Prix,FP1,5542.093000,ALO,14,alonso,aston_martin,134.161000,28.000000,4.000000,,,42.232000,43.878000,48.051000,5450.164000,5494.042000,5542.093000,163.000000,127.000000,56.000000,157.000000,False,MEDIUM,8.000000,True,Aston Martin,5407.932000,,1,,False,,False,True
2026,4,Miami Grand Prix,FP1,5683.831000,ALO,14,alonso,aston_martin,141.738000,29.000000,4.000000,,5678.378000,63.234000,38.874000,39.630000,5605.327000,5644.201000,5683.831000,185.000000,167.000000,,162.000000,False,MEDIUM,9.000000,True,Aston Martin,5542.093000,,12,,False,,False,False
2026,4,Miami Grand Prix,FP1,139.100000,LEC,16,leclerc,ferrari,,1.000000,1.000000,17.125000,,,42.806000,39.058000,,100.302000,139.319000,186.000000,158.000000,247.000000,94.000000,False,HARD,1.000000,True,Ferrari,17.125000,,1,,False,,False,False
2026,4,Miami Grand Prix,FP1,232.720000,LEC,16,leclerc,ferrari,93.620000,2.000000,1.000000,,,32.745000,34.760000,26.115000,171.845000,206.605000,232.720000,214.000000,186.000000,241.000000,310.000000,True,HARD,2.000000,True,Ferrari,139.100000,,1,,False,,False,True
2026,4,Miami Grand Prix,FP1,378.498000,LEC,16,leclerc,ferrari,145.778000,3.000000,1.000000,,,56.517000,57.258000,32.003000,289.237000,346.495000,378.498000,104.000000,102.000000,247.000000,252.000000,False,HARD,3.000000,True,Ferrari,232.720000,,1,,False,,False,True
2026,4,Miami Grand Prix,FP1,470.372000,LEC,16,leclerc,ferrari,91.874000,4.000000,1.000000,,,31.653000,34.468000,25.753000,410.151000,444.619000,470.372000,213.000000,188.000000,247.000000,315.000000,True,HARD,4.000000,True,Ferrari,378.498000,,1,,False,,False,True
2026,4,Miami Grand Prix,FP1,613.910000,LEC,16,leclerc,ferrari,143.538000,5.000000,1.000000,,,57.014000,55.166000,31.358000,527.386000,582.552000,613.910000,125.000000,151.000000,249.000000,205.000000,False,HARD,5.000000,True,Ferrari,470.372000,,1,,False,,False,True
2026,4,Miami Grand Prix,FP1,705.050000,LEC,16,leclerc,ferrari,91.140000,6.000000,1.000000,,,31.148000,34.346000,25.646000,645.058000,679.404000,705.050000,214.000000,188.000000,246.000000,319.000000,True,HARD,6.000000,True,Ferrari,613.910000,,1,,False,,False,True
2026,4,Miami Grand Prix,FP1,875.428000,LEC,16,leclerc,ferrari,,7.000000,1.000000,,,66.927000,67.284000,36.091000,772.152000,839.452000,875.428000,93.000000,148.000000,239.000000,128.000000,False,HARD,7.000000,True,Ferrari,705.050000,,12,,False,,False,False
2026,4,Miami Grand Prix,FP1,983.784000,LEC,16,leclerc,ferrari,108.356000,8.000000,1.000000,,,35.209000,41.837000,31.310000,910.637000,952.474000,983.784000,199.000000,154.000000,247.000000,238.000000,False,HARD,8.000000,True,Ferrari,875.428000,,1,,False,,False,True
2026,4,Miami Grand Prix,FP1,1091.559000,LEC,16,leclerc,ferrari,107.775000,9.000000,1.000000,,,34.455000,41.579000,31.741000,1018.239000,1059.818000,1091.559000,195.000000,140.000000,248.000000,222.000000,False,HARD,9.000000,True,Ferrari,983.784000,,1,,False,,False,True
2026,4,Miami Grand Prix,FP1,1200.473000,LEC,16,leclerc,ferrari,108.914000,10.000000,1.000000,,1193.570000,30.860000,38.336000,39.718000,1122.419000,1160.755000,1200.473000,216.000000,159.000000,,237.000000,False,HARD,10.000000,True,Ferrari,1091.559000,,1,,False,,False,False
2026,4,Miami Grand Prix,FP1,1367.440000,LEC,16,leclerc,ferrari,,11.000000,2.000000,1232.069000,,92.622000,44.633000,29.732000,1293.243000,1337.852000,1367.576000,166.000000,153.000000,247.000000,268.000000,False,HARD,11.000000,False,Ferrari,1200.473000,,1,,False,,False,False
2026,4,Miami Grand Prix,FP1,1457.736000,LEC,16,leclerc,ferrari,90.296000,12.000000,2.000000,,,30.819000,34.205000,25.272000,1398.259000,1432.464000,1457.736000,218.000000,188.000000,254.000000,323.000000,True,HARD,12.000000,False,Ferrari,1367.440000,,1,,False,,False,True
2026,4,Miami Grand Prix,FP1,1586.944000,LEC,16,leclerc,ferrari,129.208000,13.000000,2.000000,,1581.228000,51.177000,42.682000,35.349000,1508.913000,1551.595000,1586.944000,110.000000,152.000000,,251.000000,False,HARD,13.000000,False,Ferrari,1457.736000,,1,,False,,False,False
2026,4,Miami Grand Prix,FP1,2172.296000,LEC,16,leclerc,ferrari,,14.000000,3.000000,2064.620000,,,40.258000,30.356000,,2142.094000,2172.323000,197.000000,171.000000,236.000000,254.000000,False,HARD,14.000000,False,Ferrari,1586.944000,,1,,False,,False,False
2026,4,Miami Grand Prix,FP1,2262.541000,LEC,16,leclerc,ferrari,90.245000,15.000000,3.000000,,,31.014000,33.909000,25.322000,2203.310000,2237.219000,2262.541000,218.000000,189.000000,252.000000,324.000000,True,HARD,15.000000,False,Ferrari,2172.296000,,1,,False,,False,True
2026,4,Miami Grand Prix,FP1,2410.911000,LEC,16,leclerc,ferrari,148.370000,16.000000,3.000000,,,53.160000,60.444000,34.766000,2315.701000,2376.145000,2410.911000,131.000000,145.000000,247.000000,126.000000,False,HARD,16.000000,False,Ferrari,2262.541000,,1,,False,,False,True
2026,4,Miami Grand Prix,FP1,2519.009000,LEC,16,leclerc,ferrari,108.098000,17.000000,3.000000,,,34.397000,43.964000,29.737000,2445.308000,2489.272000,2519.009000,194.000000,162.000000,251.000000,251.000000,False,HARD,17.000000,False,Ferrari,2410.911000,,1,,False,,False,True
2026,4,Miami Grand Prix,FP1,2608.864000,LEC,16,leclerc,ferrari,89.855000,18.000000,3.000000,,,30.742000,33.765000,25.348000,2549.751000,2583.516000,2608.864000,218.000000,189.000000,257.000000,319.000000,True,HARD,18.000000,False,Ferrari,2519.009000,,1,,False,,False,True
2026,4,Miami Grand Prix,FP1,2729.287000,LEC,16,leclerc,ferrari,120.423000,19.000000,3.000000,,2723.766000,35.834000,42.082000,42.507000,2644.698000,2686.780000,2729.287000,195.000000,118.000000,,193.000000,False,HARD,19.000000,False,Ferrari,2608.864000,,1,,False,,False,False
2026,4,Miami Grand Prix,FP1,3253.165000,LEC,16,leclerc,ferrari,,20.000000,4.000000,3133.908000,,,35.835000,26.180000,,3227.193000,3253.243000,208.000000,176.000000,286.000000,283.000000,False,HARD,20.000000,False,Ferrari,2729.287000,,1,,False,,False,False
2026,4,Miami Grand Prix,FP1,3346.796000,LEC,16,leclerc,ferrari,93.631000,21.000000,4.000000,,,32.124000,35.347000,26.160000,3285.289000,3320.636000,3346.796000,211.000000,181.000000,286.000000,286.000000,False,HARD,21.000000,False,Ferrari,3253.165000,,1,,False,,False,True
2026,4,Miami Grand Prix,FP1,3439.709000,LEC,16,leclerc,ferrari,92.913000,22.000000,4.000000,,,32.011000,34.974000,25.928000,3378.807000,3413.781000,3439.709000,208.000000,184.000000,291.000000,291.000000,False,HARD,22.000000,False,Ferrari,3346.796000,,1,,False,,False,True
2026,4,Miami Grand Prix,FP1,3533.133000,LEC,16,leclerc,ferrari,93.424000,23.000000,4.000000,,,32.572000,35.128000,25.724000,3472.281000,3507.409000,3533.133000,211.000000,183.000000,282.000000,306.000000,False,HARD,23.000000,False,Ferrari,3439.709000,,1,,False,,False,True
2026,4,Miami Grand Prix,FP1,3627.036000,LEC,16,leclerc,ferrari,93.903000,24.000000,4.000000,,,32.134000,35.897000,25.872000,3565.267000,3601.164000,3627.036000,206.000000,183.000000,283.000000,300.000000,False,HARD,24.000000,False,Ferrari,3533.133000,,1,,False,,False,True
2026,4,Miami Grand Prix,FP1,3720.536000,LEC,16,leclerc,ferrari,93.500000,25.000000,4.000000,,,32.181000,35.414000,25.905000,3659.217000,3694.631000,3720.536000,210.000000,182.000000,285.000000,301.000000,False,HARD,25.000000,False,Ferrari,3627.036000,,1,,False,,False,True
2026,4,Miami Grand Prix,FP1,3813.847000,LEC,16,leclerc,ferrari,93.311000,26.000000,4.000000,,,32.304000,35.160000,25.847000,3752.840000,3788.000000,3813.847000,209.000000,184.000000,281.000000,298.000000,False,HARD,26.000000,False,Ferrari,3720.536000,,1,,False,,False,True
2026,4,Miami Grand Prix,FP1,3907.022000,LEC,16,leclerc,ferrari,93.175000,27.000000,4.000000,,,32.221000,35.122000,25.832000,3846.068000,3881.190000,3907.022000,207.000000,183.000000,280.000000,309.000000,False,HARD,27.000000,False,Ferrari,3813.847000,,1,,False,,False,True
2026,4,Miami Grand Prix,FP1,3999.891000,LEC,16,leclerc,ferrari,92.869000,28.000000,4.000000,,,32.252000,35.131000,25.486000,3939.274000,3974.405000,3999.891000,208.000000,185.000000,283.000000,318.000000,False,HARD,28.000000,False,Ferrari,3907.022000,,1,,False,,False,True
2026,4,Miami Grand Prix,FP1,4093.971000,LEC,16,leclerc,ferrari,94.080000,29.000000,4.000000,,,32.936000,35.166000,25.978000,4032.827000,4067.993000,4093.971000,210.000000,182.000000,284.000000,310.000000,False,HARD,29.000000,False,Ferrari,3999.891000,,1,,False,,False,True
2026,4,Miami Grand Prix,FP1,4196.110000,LEC,16,leclerc,ferrari,102.139000,30.000000,4.000000,,4190.520000,32.421000,35.355000,34.363000,4126.392000,4161.747000,4196.110000,210.000000,183.000000,,188.000000,False,HARD,30.000000,False,Ferrari,4093.971000,,1,,False,,False,False
2026,4,Miami Grand Prix,FP1,4707.829000,LEC,16,leclerc,ferrari,,31.000000,5.000000,4596.063000,,,38.661000,31.641000,,4676.309000,4707.829000,183.000000,162.000000,255.000000,211.000000,False,SOFT,1.000000,True,Ferrari,4196.110000,,1,,False,,False,False
2026,4,Miami Grand Prix,FP1,4797.272000,LEC,16,leclerc,ferrari,89.443000,32.000000,5.000000,,,30.660000,33.663000,25.120000,4738.489000,4772.152000,4797.272000,218.000000,192.000000,254.000000,323.000000,True,SOFT,2.000000,True,Ferrari,4707.829000,,1,,False,,False,True
2026,4,Miami Grand Prix,FP1,4935.156000,LEC,16,leclerc,ferrari,137.884000,33.000000,5.000000,,,50.116000,53.367000,34.401000,4847.388000,4900.755000,4935.156000,131.000000,92.000000,205.000000,198.000000,False,SOFT,3.000000,True,Ferrari,4797.272000,,1,,False,,False,True
2026,4,Miami Grand Prix,FP1,5060.592000,LEC,16,leclerc,ferrari,125.436000,34.000000,5.000000,,,47.766000,44.283000,33.387000,4982.922000,5027.205000,5060.592000,77.000000,108.000000,250.000000,231.000000,False,SOFT,4.000000,True,Ferrari,4935.156000,,1,,False,,False,True
2026,4,Miami Grand Prix,FP1,5168.862000,LEC,16,leclerc,ferrari,108.270000,35.000000,5.000000,,,34.017000,44.418000,29.835000,5094.609000,5139.027000,5168.862000,195.000000,139.000000,251.000000,242.000000,False,SOFT,5.000000,True,Ferrari,5060.592000,,1,,False,,False,True
2026,4,Miami Grand Prix,FP1,5258.172000,LEC,16,leclerc,ferrari,89.310000,36.000000,5.000000,,,30.650000,33.673000,24.987000,5199.512000,5233.185000,5258.172000,219.000000,191.000000,265.000000,315.000000,True,SOFT,6.000000,True,Ferrari,5168.862000,,1,,False,,False,True
2026,4,Miami Grand Prix,FP1,5384.978000,LEC,16,leclerc,ferrari,126.806000,37.000000,5.000000,,,39.542000,47.277000,39.987000,5297.714000,5344.991000,5384.978000,141.000000,167.000000,244.000000,128.000000,False,SOFT,7.000000,True,Ferrari,5258.172000,,1,,False,,False,True
2026,4,Miami Grand Prix,FP1,5476.502000,LEC,16,leclerc,ferrari,91.524000,38.000000,5.000000,,,32.003000,34.403000,25.118000,5416.981000,5451.384000,5476.502000,214.000000,188.000000,255.000000,322.000000,False,SOFT,8.000000,True,Ferrari,5384.978000,,1,,False,,False,True
2026,4,Miami Grand Prix,FP1,5610.247000,LEC,16,leclerc,ferrari,133.745000,39.000000,5.000000,,,43.275000,43.455000,47.015000,5519.777000,5563.232000,5610.247000,188.000000,146.000000,40.000000,139.000000,False,SOFT,9.000000,True,Ferrari,5476.502000,,12,,False,,False,True
2026,4,Miami Grand Prix,FP1,5759.827000,LEC,16,leclerc,ferrari,149.580000,40.000000,5.000000,,,68.722000,39.059000,41.799000,5678.969000,5718.028000,5759.827000,177.000000,154.000000,61.000000,138.000000,False,SOFT,10.000000,True,Ferrari,5610.247000,,1,,False,,False,True
2026,4,Miami Grand Prix,FP1,5898.952000,LEC,16,leclerc,ferrari,139.125000,41.000000,5.000000,,5892.497000,65.359000,36.037000,37.729000,5825.186000,5861.223000,5898.952000,209.000000,182.000000,,140.000000,False,SOFT,11.000000,True,Ferrari,5759.827000,,1,,False,,False,False
2026,4,Miami Grand Prix,FP1,1463.126000,STR,18,stroll,aston_martin,,1.000000,1.000000,1336.186000,1457.208000,,43.035000,38.299000,,1425.050000,1463.304000,195.000000,94.000000,,190.000000,False,HARD,1.000000,True,Aston Martin,1336.186000,,1,,False,,False,False
2026,4,Miami Grand Prix,FP1,1610.298000,STR,18,stroll,aston_martin,147.172000,2.000000,2.000000,1503.313000,,74.144000,39.169000,33.859000,1537.270000,1576.439000,1610.298000,201.000000,169.000000,269.000000,120.000000,False,HARD,2.000000,False,Aston Martin,1463.126000,,1,,False,,False,False
2026,4,Miami Grand Prix,FP1,1707.738000,STR,18,stroll,aston_martin,97.440000,3.000000,2.000000,,,33.641000,36.765000,27.034000,1643.939000,1680.704000,1707.738000,210.000000,179.000000,268.000000,287.000000,True,HARD,3.000000,False,Aston Martin,1610.298000,,1,,False,,False,True
2026,4,Miami Grand Prix,FP1,1804.587000,STR,18,stroll,aston_martin,96.849000,4.000000,2.000000,,,33.358000,36.495000,26.996000,1741.096000,1777.591000,1804.587000,212.000000,182.000000,272.000000,284.000000,True,HARD,4.000000,False,Aston Martin,1707.738000,,1,,False,,False,True
2026,4,Miami Grand Prix,FP1,1925.551000,STR,18,stroll,aston_martin,120.964000,5.000000,2.000000,,,41.837000,44.685000,34.442000,1846.424000,1891.109000,1925.551000,187.000000,144.000000,245.000000,178.000000,False,HARD,5.000000,False,Aston Martin,1804.587000,,1,,False,,False,True
2026,4,Miami Grand Prix,FP1,2020.358000,STR,18,stroll,aston_martin,94.807000,6.000000,2.000000,,,32.769000,35.602000,26.436000,1958.320000,1993.922000,2020.358000,211.000000,181.000000,256.000000,293.000000,True,HARD,6.000000,False,Aston Martin,1925.551000,,1,,False,,False,True
2026,4,Miami Grand Prix,FP1,2147.229000,STR,18,stroll,aston_martin,126.871000,7.000000,2.000000,,,45.789000,47.175000,33.907000,2066.147000,2113.322000,2147.229000,154.000000,144.000000,244.000000,230.000000,False,HARD,7.000000,False,Aston Martin,2020.358000,,1,,False,,False,True
2026,4,Miami Grand Prix,FP1,2241.868000,STR,18,stroll,aston_martin,94.639000,8.000000,2.000000,,,32.880000,35.440000,26.319000,2180.109000,2215.549000,2241.868000,209.000000,184.000000,255.000000,292.000000,True,HARD,8.000000,False,Aston Martin,2147.229000,,1,,False,,False,True
2026,4,Miami Grand Prix,FP1,2371.881000,STR,18,stroll,aston_martin,130.013000,9.000000,2.000000,,2366.403000,40.068000,45.324000,44.621000,2281.936000,2327.260000,2371.881000,195.000000,94.000000,,213.000000,False,HARD,9.000000,False,Aston Martin,2241.868000,,1,,False,,False,False
2026,4,Miami Grand Prix,FP1,2908.050000,STR,18,stroll,aston_martin,,10.000000,3.000000,2797.535000,,,41.745000,34.764000,,2873.488000,2908.185000,193.000000,160.000000,246.000000,187.000000,False,SOFT,1.000000,True,Aston Martin,2371.881000,,1,,False,,False,False
2026,4,Miami Grand Prix,FP1,3001.449000,STR,18,stroll,aston_martin,93.399000,11.000000,3.000000,,,32.203000,34.991000,26.205000,2940.253000,2975.244000,3001.449000,209.000000,181.000000,258.000000,297.000000,True,SOFT,2.000000,True,Aston Martin,2908.050000,,1,,False,,False,True
2026,4,Miami Grand Prix,FP1,3126.892000,STR,18,stroll,aston_martin,125.443000,12.000000,3.000000,,,51.306000,42.314000,31.823000,3052.755000,3095.069000,3126.892000,179.000000,156.000000,250.000000,249.000000,False,SOFT,3.000000,True,Aston Martin,3001.449000,,1,,False,,False,True
2026,4,Miami Grand Prix,FP1,3220.732000,STR,18,stroll,aston_martin,93.840000,13.000000,3.000000,,,32.514000,35.181000,26.145000,3159.406000,3194.587000,3220.732000,210.000000,182.000000,263.000000,290.000000,False,SOFT,4.000000,True,Aston Martin,3126.892000,,1,,False,,False,True
2026,4,Miami Grand Prix,FP1,3353.046000,STR,18,stroll,aston_martin,132.314000,14.000000,3.000000,,3347.447000,48.515000,44.867000,38.932000,3269.247000,3314.114000,3353.046000,164.000000,146.000000,,192.000000,False,SOFT,5.000000,True,Aston Martin,3220.732000,,1,,False,,False,False
2026,4,Miami Grand Prix,FP1,3505.478000,STR,18,stroll,aston_martin,,15.000000,4.000000,3390.195000,,76.688000,43.665000,32.060000,3429.970000,3473.657000,3505.612000,165.000000,139.000000,248.000000,237.000000,False,SOFT,6.000000,False,Aston Martin,3353.046000,,1,,False,,False,False
2026,4,Miami Grand Prix,FP1,3598.705000,STR,18,stroll,aston_martin,93.227000,16.000000,4.000000,,,32.464000,34.851000,25.912000,3537.942000,3572.793000,3598.705000,211.000000,185.000000,257.000000,298.000000,True,SOFT,7.000000,False,Aston Martin,3505.478000,,1,,False,,False,True
2026,4,Miami Grand Prix,FP1,3739.195000,STR,18,stroll,aston_martin,140.490000,17.000000,4.000000,,,50.842000,52.855000,36.793000,3649.547000,3702.402000,3739.195000,107.000000,108.000000,245.000000,127.000000,False,SOFT,8.000000,False,Aston Martin,3598.705000,,1,,False,,False,True
2026,4,Miami Grand Prix,FP1,3832.438000,STR,18,stroll,aston_martin,93.243000,18.000000,4.000000,,,32.658000,34.843000,25.742000,3771.853000,3806.696000,3832.438000,213.000000,184.000000,265.000000,301.000000,False,SOFT,9.000000,False,Aston Martin,3739.195000,,1,,False,,False,True
2026,4,Miami Grand Prix,FP1,3945.014000,STR,18,stroll,aston_martin,112.576000,19.000000,4.000000,,3939.105000,37.792000,38.560000,36.224000,3870.230000,3908.790000,3945.014000,199.000000,166.000000,,231.000000,False,SOFT,10.000000,False,Aston Martin,3832.438000,,1,,False,,False,False
2026,4,Miami Grand Prix,FP1,4634.861000,STR,18,stroll,aston_martin,,20.000000,5.000000,4528.376000,,,39.910000,32.108000,,4602.828000,4634.922000,194.000000,168.000000,250.000000,234.000000,False,MEDIUM,1.000000,True,Aston Martin,3945.014000,,1,,False,,False,False
2026,4,Miami Grand Prix,FP1,4728.239000,STR,18,stroll,aston_martin,93.378000,21.000000,5.000000,,,32.154000,35.154000,26.070000,4667.015000,4702.169000,4728.239000,214.000000,183.000000,257.000000,299.000000,False,MEDIUM,2.000000,True,Aston Martin,4634.861000,,1,,False,,False,True
2026,4,Miami Grand Prix,FP1,4868.210000,STR,18,stroll,aston_martin,139.971000,22.000000,5.000000,,4862.462000,54.476000,46.256000,39.239000,4782.715000,4828.971000,4868.210000,181.000000,147.000000,,187.000000,False,MEDIUM,3.000000,True,Aston Martin,4728.239000,,1,,False,,False,False
2026,4,Miami Grand Prix,FP1,5005.740000,STR,18,stroll,aston_martin,137.530000,23.000000,6.000000,4879.747000,,56.112000,47.093000,34.325000,4924.322000,4971.415000,5005.740000,141.000000,151.000000,246.000000,203.000000,False,MEDIUM,4.000000,False,Aston Martin,4868.210000,,1,,False,,False,False
2026,4,Miami Grand Prix,FP1,5098.699000,STR,18,stroll,aston_martin,92.959000,24.000000,6.000000,,,32.368000,34.828000,25.763000,5038.108000,5072.936000,5098.699000,212.000000,184.000000,258.000000,300.000000,True,MEDIUM,5.000000,False,Aston Martin,5005.740000,,1,,False,,False,True
2026,4,Miami Grand Prix,FP1,5236.262000,STR,18,stroll,aston_martin,137.563000,25.000000,6.000000,,,52.542000,51.147000,33.874000,5151.241000,5202.388000,5236.262000,138.000000,122.000000,224.000000,181.000000,False,MEDIUM,6.000000,False,Aston Martin,5098.699000,,1,,False,,False,True
2026,4,Miami Grand Prix,FP1,5401.680000,STR,18,stroll,aston_martin,,26.000000,6.000000,,,48.851000,50.326000,66.310000,5285.163000,5335.603000,5401.777000,184.000000,107.000000,234.000000,38.000000,False,MEDIUM,7.000000,False,Aston Martin,5236.262000,,1,,False,,False,False
2026,4,Miami Grand Prix,FP1,5523.180000,STR,18,stroll,aston_martin,121.500000,27.000000,6.000000,,,32.748000,44.447000,44.305000,5434.428000,5478.875000,5523.180000,216.000000,159.000000,61.000000,113.000000,False,MEDIUM,8.000000,False,Aston Martin,5401.680000,,1,,False,,False,True
2026,4,Miami Grand Prix,FP1,5664.426000,STR,18,stroll,aston_martin,141.246000,28.000000,6.000000,,5658.504000,64.119000,38.634000,38.493000,5587.299000,5625.933000,5664.426000,194.000000,171.000000,,202.000000,False,MEDIUM,9.000000,False,Aston Martin,5523.180000,,12,,False,,False,False
2026,4,Miami Grand Prix,FP1,201.324000,ALB,23,albon,williams,,1.000000,1.000000,83.300000,,,45.576000,34.153000,,167.455000,201.521000,190.000000,153.000000,236.000000,136.000000,False,HARD,1.000000,True,Williams,83.300000,,1,,False,,False,False
2026,4,Miami Grand Prix,FP1,296.083000,ALB,23,albon,williams,94.759000,2.000000,1.000000,,,33.580000,35.533000,25.646000,234.904000,270.437000,296.083000,203.000000,187.000000,275.000000,309.000000,True,HARD,2.000000,True,Williams,201.324000,,1,,False,,False,True
2026,4,Miami Grand Prix,FP1,429.149000,ALB,23,albon,williams,133.066000,3.000000,1.000000,,,45.259000,53.032000,34.775000,341.342000,394.374000,429.149000,115.000000,80.000000,241.000000,251.000000,False,HARD,3.000000,True,Williams,296.083000,,1,,False,,False,True
2026,4,Miami Grand Prix,FP1,522.129000,ALB,23,albon,williams,92.980000,4.000000,1.000000,,,32.827000,34.792000,25.361000,461.976000,496.768000,522.129000,216.000000,187.000000,278.000000,310.000000,True,HARD,4.000000,True,Williams,429.149000,,1,,False,,False,True
2026,4,Miami Grand Prix,FP1,667.734000,ALB,23,albon,williams,145.605000,5.000000,1.000000,,,53.133000,53.807000,38.665000,575.262000,629.069000,667.734000,140.000000,150.000000,237.000000,114.000000,False,HARD,5.000000,True,Williams,522.129000,,1,,False,,False,True
2026,4,Miami Grand Prix,FP1,760.365000,ALB,23,albon,williams,92.631000,6.000000,1.000000,,,32.607000,34.605000,25.419000,700.341000,734.946000,760.365000,210.000000,189.000000,276.000000,307.000000,True,HARD,6.000000,True,Williams,667.734000,,1,,False,,False,True
2026,4,Miami Grand Prix,FP1,904.544000,ALB,23,albon,williams,144.179000,7.000000,1.000000,,,48.024000,58.591000,37.564000,808.389000,866.980000,904.544000,139.000000,81.000000,241.000000,215.000000,False,HARD,7.000000,True,Williams,760.365000,,12,,False,,False,True
2026,4,Miami Grand Prix,FP1,996.665000,ALB,23,albon,williams,92.121000,8.000000,1.000000,,,32.269000,34.435000,25.417000,936.813000,971.248000,996.665000,217.000000,189.000000,278.000000,307.000000,True,HARD,8.000000,True,Williams,904.544000,,1,,False,,False,True
2026,4,Miami Grand Prix,FP1,1117.206000,ALB,23,albon,williams,120.541000,9.000000,1.000000,,1111.571000,39.303000,46.191000,35.047000,1035.968000,1082.159000,1117.206000,165.000000,116.000000,,286.000000,False,HARD,9.000000,True,Williams,996.665000,,1,,False,,False,False
2026,4,Miami Grand Prix,FP1,1247.473000,ALB,23,albon,williams,130.267000,10.000000,2.000000,1137.276000,,51.758000,42.004000,36.505000,1168.964000,1210.968000,1247.473000,206.000000,106.000000,267.000000,183.000000,False,HARD,10.000000,False,Williams,1117.206000,,1,,False,,False,False
2026,4,Miami Grand Prix,FP1,1353.334000,ALB,23,albon,williams,105.861000,11.000000,2.000000,,1347.783000,32.355000,37.081000,36.425000,1279.828000,1316.909000,1353.334000,202.000000,116.000000,,273.000000,False,HARD,11.000000,False,Williams,1247.473000,,1,,False,,False,False
2026,4,Miami Grand Prix,FP1,1959.205000,ALB,23,albon,williams,,12.000000,3.000000,1852.785000,,,41.464000,29.577000,,1929.763000,1959.338000,186.000000,160.000000,264.000000,245.000000,False,HARD,12.000000,False,Williams,1353.334000,,1,,False,,False,False
2026,4,Miami Grand Prix,FP1,2051.943000,ALB,23,albon,williams,92.738000,13.000000,3.000000,,,32.153000,34.846000,25.739000,1991.358000,2026.204000,2051.943000,214.000000,189.000000,255.000000,316.000000,False,HARD,13.000000,False,Williams,1959.205000,,1,,False,,False,True
2026,4,Miami Grand Prix,FP1,2191.666000,ALB,23,albon,williams,139.723000,14.000000,3.000000,,,46.896000,54.189000,38.638000,2098.839000,2153.028000,2191.666000,141.000000,161.000000,250.000000,178.000000,False,HARD,14.000000,False,Williams,2051.943000,,1,,False,,False,True
2026,4,Miami Grand Prix,FP1,2306.021000,ALB,23,albon,williams,114.355000,15.000000,3.000000,,,33.421000,49.215000,31.719000,2225.087000,2274.302000,2306.021000,130.000000,98.000000,231.000000,263.000000,False,HARD,15.000000,False,Williams,2191.666000,,1,,False,,False,True
2026,4,Miami Grand Prix,FP1,2418.283000,ALB,23,albon,williams,112.262000,16.000000,3.000000,,,36.187000,43.182000,32.893000,2342.208000,2385.390000,2418.283000,174.000000,158.000000,249.000000,202.000000,False,HARD,16.000000,False,Williams,2306.021000,,1,,True,TRACK LIMITS AT TURN 17 LAP 17 ,False,True
2026,4,Miami Grand Prix,FP1,2510.517000,ALB,23,albon,williams,92.234000,17.000000,3.000000,,,32.187000,34.380000,25.667000,2450.470000,2484.850000,2510.517000,214.000000,190.000000,256.000000,315.000000,False,HARD,17.000000,False,Williams,2418.283000,,1,,False,,False,True
2026,4,Miami Grand Prix,FP1,2637.817000,ALB,23,albon,williams,127.300000,18.000000,3.000000,,,47.951000,48.662000,30.687000,2558.468000,2607.130000,2637.817000,100.000000,122.000000,271.000000,271.000000,False,HARD,18.000000,False,Williams,2510.517000,,1,,False,,False,True
2026,4,Miami Grand Prix,FP1,2730.194000,ALB,23,albon,williams,92.377000,19.000000,3.000000,,,31.921000,34.620000,25.836000,2669.738000,2704.358000,2730.194000,211.000000,188.000000,256.000000,316.000000,False,HARD,19.000000,False,Williams,2637.817000,,1,,False,,False,True
2026,4,Miami Grand Prix,FP1,2851.910000,ALB,23,albon,williams,121.716000,20.000000,3.000000,,2846.160000,40.055000,44.530000,37.131000,2770.249000,2814.779000,2851.910000,124.000000,162.000000,,255.000000,False,HARD,20.000000,False,Williams,2730.194000,,1,,False,,False,False
2026,4,Miami Grand Prix,FP1,2969.669000,ALB,23,albon,williams,117.759000,21.000000,4.000000,2872.461000,,55.002000,36.113000,26.644000,2906.912000,2943.025000,2969.669000,196.000000,163.000000,280.000000,279.000000,False,HARD,21.000000,False,Williams,2851.910000,,1,,True,TRACK LIMITS AT TURN 15 LAP 22 ,False,False
2026,4,Miami Grand Prix,FP1,3081.769000,ALB,23,albon,williams,112.100000,22.000000,4.000000,,3075.956000,34.202000,42.174000,35.724000,3003.871000,3046.045000,3081.769000,185.000000,143.000000,,275.000000,False,HARD,22.000000,False,Williams,2969.669000,,1,,False,,False,False
2026,4,Miami Grand Prix,FP1,3845.005000,ALB,23,albon,williams,,23.000000,5.000000,3728.668000,,,37.738000,26.705000,,3818.480000,3845.129000,195.000000,178.000000,287.000000,274.000000,False,HARD,23.000000,False,Williams,3081.769000,,1,,False,,False,False
2026,4,Miami Grand Prix,FP1,3939.863000,ALB,23,albon,williams,94.858000,24.000000,5.000000,,,32.955000,35.407000,26.496000,3877.960000,3913.367000,3939.863000,207.000000,182.000000,257.000000,309.000000,False,HARD,24.000000,False,Williams,3845.005000,,1,,False,,False,True
2026,4,Miami Grand Prix,FP1,4034.913000,ALB,23,albon,williams,95.050000,25.000000,5.000000,,,33.260000,35.391000,26.399000,3973.123000,4008.514000,4034.913000,209.000000,183.000000,260.000000,308.000000,False,HARD,25.000000,False,Williams,3939.863000,,1,,False,,False,True
2026,4,Miami Grand Prix,FP1,4130.558000,ALB,23,albon,williams,95.645000,26.000000,5.000000,,,33.371000,35.774000,26.500000,4068.284000,4104.058000,4130.558000,209.000000,178.000000,273.000000,305.000000,False,HARD,26.000000,False,Williams,4034.913000,,1,,True,TRACK LIMITS AT TURN 15 LAP 27 ,False,True
2026,4,Miami Grand Prix,FP1,4225.625000,ALB,23,albon,williams,95.067000,27.000000,5.000000,,,33.246000,35.495000,26.326000,4163.804000,4199.299000,4225.625000,208.000000,182.000000,285.000000,292.000000,False,HARD,27.000000,False,Williams,4130.558000,,1,,False,,False,True
2026,4,Miami Grand Prix,FP1,4320.562000,ALB,23,albon,williams,94.937000,28.000000,5.000000,,,33.055000,35.441000,26.441000,4258.680000,4294.121000,4320.562000,210.000000,183.000000,283.000000,300.000000,False,HARD,28.000000,False,Williams,4225.625000,,1,,False,,False,True
2026,4,Miami Grand Prix,FP1,4415.326000,ALB,23,albon,williams,94.764000,29.000000,5.000000,,,32.950000,35.368000,26.446000,4353.512000,4388.880000,4415.326000,210.000000,184.000000,281.000000,301.000000,False,HARD,29.000000,False,Williams,4320.562000,,1,,False,,False,True
2026,4,Miami Grand Prix,FP1,4510.045000,ALB,23,albon,williams,94.719000,30.000000,5.000000,,,32.961000,35.546000,26.212000,4448.287000,4483.833000,4510.045000,211.000000,184.000000,282.000000,304.000000,False,HARD,30.000000,False,Williams,4415.326000,,1,,False,,False,True
2026,4,Miami Grand Prix,FP1,4614.237000,ALB,23,albon,williams,104.192000,31.000000,5.000000,,4608.578000,34.784000,37.473000,31.935000,4544.829000,4582.302000,4614.237000,201.000000,170.000000,,296.000000,False,HARD,31.000000,False,Williams,4510.045000,,1,,False,,False,False
2026,4,Miami Grand Prix,FP1,4997.690000,ALB,23,albon,williams,,32.000000,6.000000,4885.364000,,,44.708000,29.643000,,4968.162000,4997.721000,186.000000,123.000000,267.000000,274.000000,False,SOFT,1.000000,True,Williams,4614.237000,,1,,False,,False,False
2026,4,Miami Grand Prix,FP1,5088.714000,ALB,23,albon,williams,91.024000,33.000000,6.000000,,,31.616000,34.262000,25.146000,5029.306000,5063.568000,5088.714000,217.000000,191.000000,265.000000,326.000000,True,SOFT,2.000000,True,Williams,4997.690000,,1,,False,,False,True
2026,4,Miami Grand Prix,FP1,5230.730000,ALB,23,albon,williams,142.016000,34.000000,6.000000,,,48.321000,56.901000,36.794000,5137.035000,5193.936000,5230.730000,126.000000,117.000000,183.000000,252.000000,False,SOFT,3.000000,True,Williams,5088.714000,,1,,False,,False,True
2026,4,Miami Grand Prix,FP1,5358.107000,ALB,23,albon,williams,127.377000,35.000000,6.000000,,,46.788000,48.700000,31.889000,5277.518000,5326.218000,5358.107000,141.000000,140.000000,259.000000,132.000000,False,SOFT,4.000000,True,Williams,5230.730000,,1,,False,,False,True
2026,4,Miami Grand Prix,FP1,5492.082000,ALB,23,albon,williams,133.975000,36.000000,6.000000,,,57.095000,45.931000,30.949000,5415.202000,5461.133000,5492.082000,165.000000,114.000000,235.000000,245.000000,False,SOFT,5.000000,True,Williams,5358.107000,,1,,True,TRACK LIMITS AT TURN 5 LAP 37 ,False,True
2026,4,Miami Grand Prix,FP1,5628.183000,ALB,23,albon,williams,136.101000,37.000000,6.000000,,,40.627000,46.283000,49.191000,5532.709000,5578.992000,5628.183000,150.000000,135.000000,62.000000,129.000000,False,SOFT,6.000000,True,Williams,5492.082000,,12,,False,,False,True
2026,4,Miami Grand Prix,FP1,5797.193000,ALB,23,albon,williams,,38.000000,6.000000,,,77.900000,44.712000,46.374000,5706.322000,5751.011000,5797.290000,169.000000,104.000000,62.000000,199.000000,False,SOFT,7.000000,True,Williams,5628.183000,,1,,False,,False,False
2026,4,Miami Grand Prix,FP1,5939.422000,ALB,23,albon,williams,142.229000,39.000000,6.000000,,5933.844000,59.210000,49.050000,33.969000,5856.403000,5905.453000,5939.422000,187.000000,148.000000,,277.000000,False,SOFT,8.000000,True,Williams,5797.193000,,1,,False,,False,False
2026,4,Miami Grand Prix,FP1,255.348000,HUL,27,hulkenberg,audi,,1.000000,1.000000,130.520000,,,42.120000,29.058000,,226.482000,255.381000,184.000000,172.000000,244.000000,266.000000,False,HARD,1.000000,True,Audi,130.520000,,1,,False,,False,False
2026,4,Miami Grand Prix,FP1,348.314000,HUL,27,hulkenberg,audi,92.966000,2.000000,1.000000,,,32.586000,34.659000,25.721000,287.934000,322.593000,348.314000,218.000000,185.000000,263.000000,322.000000,True,HARD,2.000000,True,Audi,255.348000,,1,,False,,False,True
2026,4,Miami Grand Prix,FP1,484.805000,HUL,27,hulkenberg,audi,136.491000,3.000000,1.000000,,,47.905000,52.569000,36.017000,396.219000,448.788000,484.805000,142.000000,119.000000,263.000000,237.000000,False,HARD,3.000000,True,Audi,348.314000,,1,,False,,False,True
2026,4,Miami Grand Prix,FP1,577.528000,HUL,27,hulkenberg,audi,92.723000,4.000000,1.000000,,,31.921000,34.804000,25.998000,516.726000,551.530000,577.528000,217.000000,187.000000,252.000000,318.000000,True,HARD,4.000000,True,Audi,484.805000,,1,,False,,False,True
2026,4,Miami Grand Prix,FP1,720.767000,HUL,27,hulkenberg,audi,143.239000,5.000000,1.000000,,,49.589000,55.179000,38.471000,627.117000,682.296000,720.767000,143.000000,126.000000,240.000000,214.000000,False,HARD,5.000000,True,Audi,577.528000,,1,,False,,False,True
2026,4,Miami Grand Prix,FP1,813.506000,HUL,27,hulkenberg,audi,92.739000,6.000000,1.000000,,,32.301000,34.840000,25.598000,753.068000,787.908000,813.506000,218.000000,189.000000,258.000000,311.000000,False,HARD,6.000000,True,Audi,720.767000,,12,,True,DOUBLE YELLOW AT TURN 14,False,True
2026,4,Miami Grand Prix,FP1,961.835000,HUL,27,hulkenberg,audi,148.329000,7.000000,1.000000,,,49.765000,53.643000,44.921000,863.271000,916.914000,961.835000,142.000000,104.000000,241.000000,51.000000,False,HARD,7.000000,True,Audi,813.506000,,1,,False,,False,True
2026,4,Miami Grand Prix,FP1,1054.763000,HUL,27,hulkenberg,audi,92.928000,8.000000,1.000000,,,32.275000,34.940000,25.713000,994.110000,1029.050000,1054.763000,218.000000,188.000000,262.000000,314.000000,False,HARD,8.000000,True,Audi,961.835000,,1,,False,,False,True
2026,4,Miami Grand Prix,FP1,1185.085000,HUL,27,hulkenberg,audi,130.322000,9.000000,1.000000,,1179.397000,43.900000,47.472000,38.950000,1098.663000,1146.135000,1185.085000,178.000000,175.000000,,199.000000,False,HARD,9.000000,True,Audi,1054.763000,,1,,False,,False,False
2026,4,Miami Grand Prix,FP1,1969.770000,HUL,27,hulkenberg,audi,,10.000000,2.000000,1845.096000,,,39.977000,33.602000,,1936.316000,1969.856000,188.000000,153.000000,265.000000,217.000000,False,HARD,10.000000,False,Audi,1185.085000,,1,,False,,False,False
2026,4,Miami Grand Prix,FP1,2061.824000,HUL,27,hulkenberg,audi,92.054000,11.000000,2.000000,,,31.864000,34.456000,25.734000,2001.634000,2036.090000,2061.824000,219.000000,187.000000,260.000000,322.000000,True,HARD,11.000000,False,Audi,1969.770000,,1,,False,,False,True
2026,4,Miami Grand Prix,FP1,2185.598000,HUL,27,hulkenberg,audi,123.774000,12.000000,2.000000,,,46.598000,44.896000,32.280000,2108.422000,2153.318000,2185.598000,153.000000,168.000000,203.000000,217.000000,False,HARD,12.000000,False,Audi,2061.824000,,1,,False,,False,True
2026,4,Miami Grand Prix,FP1,2323.460000,HUL,27,hulkenberg,audi,137.862000,13.000000,2.000000,,,46.955000,46.140000,44.767000,2232.553000,2278.693000,2323.460000,173.000000,120.000000,264.000000,262.000000,False,HARD,13.000000,False,Audi,2185.598000,,1,,False,,False,True
2026,4,Miami Grand Prix,FP1,2415.055000,HUL,27,hulkenberg,audi,91.595000,14.000000,2.000000,,,31.530000,34.540000,25.525000,2354.990000,2389.530000,2415.055000,218.000000,188.000000,260.000000,318.000000,True,HARD,14.000000,False,Audi,2323.460000,,1,,False,,False,True
2026,4,Miami Grand Prix,FP1,2532.640000,HUL,27,hulkenberg,audi,117.585000,15.000000,2.000000,,2526.713000,42.423000,41.198000,33.964000,2457.478000,2498.676000,2532.640000,204.000000,172.000000,,268.000000,False,HARD,15.000000,False,Audi,2415.055000,,1,,False,,False,False
2026,4,Miami Grand Prix,FP1,3238.578000,HUL,27,hulkenberg,audi,,16.000000,3.000000,3126.570000,,,35.752000,26.455000,,3212.371000,3238.586000,208.000000,180.000000,280.000000,303.000000,False,HARD,16.000000,False,Audi,2532.640000,,1,,False,,False,False
2026,4,Miami Grand Prix,FP1,3333.247000,HUL,27,hulkenberg,audi,94.669000,17.000000,3.000000,,,32.823000,35.095000,26.751000,3271.401000,3306.496000,3333.247000,214.000000,179.000000,272.000000,292.000000,False,HARD,17.000000,False,Audi,3238.578000,,1,,False,,False,True
2026,4,Miami Grand Prix,FP1,3427.845000,HUL,27,hulkenberg,audi,94.598000,18.000000,3.000000,,,32.937000,35.155000,26.506000,3366.184000,3401.339000,3427.845000,214.000000,185.000000,269.000000,293.000000,False,HARD,18.000000,False,Audi,3333.247000,,1,,False,,False,True
2026,4,Miami Grand Prix,FP1,3522.360000,HUL,27,hulkenberg,audi,94.515000,19.000000,3.000000,,,32.837000,35.080000,26.598000,3460.682000,3495.762000,3522.360000,214.000000,184.000000,263.000000,290.000000,False,HARD,19.000000,False,Audi,3427.845000,,1,,False,,False,True
2026,4,Miami Grand Prix,FP1,3616.566000,HUL,27,hulkenberg,audi,94.206000,20.000000,3.000000,,,32.671000,35.099000,26.436000,3555.031000,3590.130000,3616.566000,214.000000,183.000000,262.000000,289.000000,False,HARD,20.000000,False,Audi,3522.360000,,1,,False,,False,True
2026,4,Miami Grand Prix,FP1,3711.104000,HUL,27,hulkenberg,audi,94.538000,21.000000,3.000000,,,32.983000,35.098000,26.457000,3649.549000,3684.647000,3711.104000,214.000000,184.000000,267.000000,290.000000,False,HARD,21.000000,False,Audi,3616.566000,,1,,False,,False,True
2026,4,Miami Grand Prix,FP1,3806.438000,HUL,27,hulkenberg,audi,95.334000,22.000000,3.000000,,,33.537000,35.189000,26.608000,3744.641000,3779.830000,3806.438000,210.000000,180.000000,267.000000,290.000000,False,HARD,22.000000,False,Audi,3711.104000,,1,,False,,False,True
2026,4,Miami Grand Prix,FP1,3901.493000,HUL,27,hulkenberg,audi,95.055000,23.000000,3.000000,,,32.913000,35.024000,27.118000,3839.351000,3874.375000,3901.493000,212.000000,180.000000,277.000000,283.000000,False,HARD,23.000000,False,Audi,3806.438000,,1,,False,,False,True
2026,4,Miami Grand Prix,FP1,3997.494000,HUL,27,hulkenberg,audi,96.001000,24.000000,3.000000,,,33.022000,35.972000,27.007000,3934.515000,3970.487000,3997.494000,209.000000,179.000000,268.000000,270.000000,False,HARD,24.000000,False,Audi,3901.493000,,1,,False,,False,True
2026,4,Miami Grand Prix,FP1,4099.630000,HUL,27,hulkenberg,audi,102.136000,25.000000,3.000000,,4093.848000,32.979000,35.885000,33.272000,4030.473000,4066.358000,4099.630000,214.000000,180.000000,,279.000000,False,HARD,25.000000,False,Audi,3997.494000,,1,,False,,False,False
2026,4,Miami Grand Prix,FP1,4727.180000,HUL,27,hulkenberg,audi,,26.000000,4.000000,4608.141000,,,43.493000,34.270000,,4693.106000,4727.227000,180.000000,169.000000,242.000000,225.000000,False,SOFT,1.000000,True,Audi,4099.630000,,1,,False,,False,False
2026,4,Miami Grand Prix,FP1,4853.247000,HUL,27,hulkenberg,audi,126.067000,27.000000,4.000000,,,36.802000,51.355000,37.910000,4763.982000,4815.337000,4853.247000,131.000000,120.000000,240.000000,216.000000,False,SOFT,2.000000,True,Audi,4727.180000,,1,,True,TRACK LIMITS AT TURN 5 LAP 28 ,False,True
2026,4,Miami Grand Prix,FP1,4961.940000,HUL,27,hulkenberg,audi,108.693000,28.000000,4.000000,,4956.125000,32.472000,35.698000,40.523000,4885.719000,4921.417000,4961.940000,212.000000,129.000000,,179.000000,False,SOFT,3.000000,True,Audi,4853.247000,,1,,False,,False,False
2026,4,Miami Grand Prix,FP1,5341.273000,HUL,27,hulkenberg,audi,,29.000000,5.000000,5224.454000,,,44.117000,37.713000,,5303.604000,5341.273000,169.000000,87.000000,266.000000,212.000000,False,SOFT,4.000000,False,Audi,4961.940000,,1,,False,,False,False
2026,4,Miami Grand Prix,FP1,5459.821000,HUL,27,hulkenberg,audi,118.548000,30.000000,5.000000,,,48.234000,40.948000,29.366000,5389.507000,5430.455000,5459.821000,174.000000,168.000000,239.000000,258.000000,False,SOFT,5.000000,False,Audi,5341.273000,,1,,True,TRACK LIMITS AT TURN 1 LAP 31 ,False,True
2026,4,Miami Grand Prix,FP1,5580.073000,HUL,27,hulkenberg,audi,120.252000,31.000000,5.000000,,,38.335000,41.531000,40.386000,5498.156000,5539.687000,5580.073000,186.000000,167.000000,46.000000,217.000000,False,SOFT,6.000000,False,Audi,5459.821000,,12,,False,,False,True
2026,4,Miami Grand Prix,FP1,5730.797000,HUL,27,hulkenberg,audi,,32.000000,5.000000,,,73.023000,38.752000,38.870000,5653.269000,5692.268000,5730.807000,188.000000,170.000000,47.000000,173.000000,False,SOFT,7.000000,False,Audi,5580.073000,,1,,False,,False,False
2026,4,Miami Grand Prix,FP1,5866.229000,HUL,27,hulkenberg,audi,135.432000,33.000000,5.000000,,5860.363000,62.104000,38.011000,35.317000,5792.901000,5830.912000,5866.229000,207.000000,178.000000,,228.000000,False,SOFT,8.000000,False,Audi,5730.797000,,1,,False,,False,False
2026,4,Miami Grand Prix,FP1,155.496000,LAW,30,lawson,rb,,1.000000,1.000000,39.125000,,,44.430000,34.820000,,121.002000,155.673000,177.000000,146.000000,252.000000,193.000000,False,HARD,1.000000,True,Racing Bulls,39.125000,,1,,False,,False,False
2026,4,Miami Grand Prix,FP1,250.480000,LAW,30,lawson,rb,94.984000,2.000000,1.000000,,,33.791000,35.206000,25.987000,189.287000,224.493000,250.480000,210.000000,186.000000,254.000000,315.000000,True,HARD,2.000000,True,Racing Bulls,155.496000,,1,,False,,False,True
2026,4,Miami Grand Prix,FP1,394.312000,LAW,30,lawson,rb,143.832000,3.000000,1.000000,,,49.230000,59.266000,35.336000,299.710000,358.976000,394.312000,107.000000,106.000000,258.000000,215.000000,False,HARD,3.000000,True,Racing Bulls,250.480000,,1,,False,,False,True
2026,4,Miami Grand Prix,FP1,487.495000,LAW,30,lawson,rb,93.183000,4.000000,1.000000,,,32.564000,34.890000,25.729000,426.876000,461.766000,487.495000,214.000000,187.000000,265.000000,314.000000,True,HARD,4.000000,True,Racing Bulls,394.312000,,1,,False,,False,True
2026,4,Miami Grand Prix,FP1,616.328000,LAW,30,lawson,rb,128.833000,5.000000,1.000000,,,49.139000,47.805000,31.889000,536.634000,584.439000,616.328000,104.000000,131.000000,239.000000,231.000000,False,HARD,5.000000,True,Racing Bulls,487.495000,,1,,False,,False,True
2026,4,Miami Grand Prix,FP1,741.631000,LAW,30,lawson,rb,125.303000,6.000000,1.000000,,,48.349000,44.792000,32.162000,664.677000,709.469000,741.631000,156.000000,133.000000,256.000000,231.000000,False,HARD,6.000000,True,Racing Bulls,616.328000,,1,,False,,False,True
2026,4,Miami Grand Prix,FP1,833.811000,LAW,30,lawson,rb,92.180000,7.000000,1.000000,,,32.135000,34.486000,25.559000,773.766000,808.252000,833.811000,218.000000,186.000000,262.000000,312.000000,True,HARD,7.000000,True,Racing Bulls,741.631000,,12,,False,,False,True
2026,4,Miami Grand Prix,FP1,956.620000,LAW,30,lawson,rb,122.809000,8.000000,1.000000,,,41.540000,45.879000,35.390000,875.351000,921.230000,956.620000,153.000000,126.000000,213.000000,172.000000,False,HARD,8.000000,True,Racing Bulls,833.811000,,1,,False,,False,True
2026,4,Miami Grand Prix,FP1,1083.773000,LAW,30,lawson,rb,127.153000,9.000000,1.000000,,,44.945000,46.711000,35.497000,1001.565000,1048.276000,1083.773000,155.000000,124.000000,248.000000,129.000000,False,HARD,9.000000,True,Racing Bulls,956.620000,,1,,False,,False,True
2026,4,Miami Grand Prix,FP1,1176.022000,LAW,30,lawson,rb,92.249000,10.000000,1.000000,,,31.888000,34.780000,25.581000,1115.661000,1150.441000,1176.022000,218.000000,189.000000,260.000000,313.000000,False,HARD,10.000000,True,Racing Bulls,1083.773000,,1,,False,,False,True
2026,4,Miami Grand Prix,FP1,1303.388000,LAW,30,lawson,rb,127.366000,11.000000,1.000000,,1297.868000,44.394000,46.005000,36.967000,1220.416000,1266.421000,1303.388000,150.000000,149.000000,,238.000000,False,HARD,11.000000,True,Racing Bulls,1176.022000,,1,,False,,False,False
2026,4,Miami Grand Prix,FP1,1453.721000,LAW,30,lawson,rb,,12.000000,2.000000,1332.953000,,73.469000,43.125000,33.637000,1377.180000,1420.272000,1453.833000,160.000000,139.000000,255.000000,176.000000,False,HARD,12.000000,False,Racing Bulls,1303.388000,,1,,False,,False,False
2026,4,Miami Grand Prix,FP1,1545.536000,LAW,30,lawson,rb,91.815000,13.000000,2.000000,,,31.806000,34.483000,25.526000,1485.527000,1520.010000,1545.536000,221.000000,189.000000,261.000000,310.000000,True,HARD,13.000000,False,Racing Bulls,1453.721000,,1,,False,,False,True
2026,4,Miami Grand Prix,FP1,1663.871000,LAW,30,lawson,rb,118.335000,14.000000,2.000000,,1658.380000,36.467000,45.538000,36.330000,1582.003000,1627.541000,1663.871000,190.000000,158.000000,,223.000000,False,HARD,14.000000,False,Racing Bulls,1545.536000,,1,,False,,False,False
2026,4,Miami Grand Prix,FP1,2273.596000,LAW,30,lawson,rb,,15.000000,3.000000,2149.761000,,,36.937000,26.928000,,2246.778000,2273.679000,193.000000,183.000000,254.000000,291.000000,False,HARD,15.000000,False,Racing Bulls,1663.871000,,1,,False,,False,False
2026,4,Miami Grand Prix,FP1,2370.601000,LAW,30,lawson,rb,97.005000,16.000000,3.000000,,,33.961000,36.115000,26.929000,2307.557000,2343.672000,2370.601000,214.000000,184.000000,260.000000,290.000000,False,HARD,16.000000,False,Racing Bulls,2273.596000,,1,,False,,False,True
2026,4,Miami Grand Prix,FP1,2466.670000,LAW,30,lawson,rb,96.069000,17.000000,3.000000,,,33.515000,35.676000,26.878000,2404.116000,2439.792000,2466.670000,217.000000,184.000000,259.000000,285.000000,False,HARD,17.000000,False,Racing Bulls,2370.601000,,1,,False,,False,True
2026,4,Miami Grand Prix,FP1,2562.605000,LAW,30,lawson,rb,95.935000,18.000000,3.000000,,,33.378000,35.709000,26.848000,2500.048000,2535.757000,2562.605000,214.000000,184.000000,254.000000,293.000000,False,HARD,18.000000,False,Racing Bulls,2466.670000,,1,,False,,False,True
2026,4,Miami Grand Prix,FP1,2658.289000,LAW,30,lawson,rb,95.684000,19.000000,3.000000,,,33.404000,35.713000,26.567000,2596.009000,2631.722000,2658.289000,214.000000,181.000000,261.000000,297.000000,False,HARD,19.000000,False,Racing Bulls,2562.605000,,1,,False,,False,True
2026,4,Miami Grand Prix,FP1,2754.150000,LAW,30,lawson,rb,95.861000,20.000000,3.000000,,,33.388000,35.670000,26.803000,2691.677000,2727.347000,2754.150000,213.000000,176.000000,238.000000,308.000000,False,HARD,20.000000,False,Racing Bulls,2658.289000,,1,,False,,False,True
2026,4,Miami Grand Prix,FP1,2850.658000,LAW,30,lawson,rb,96.508000,21.000000,3.000000,,,33.661000,35.860000,26.987000,2787.811000,2823.671000,2850.658000,213.000000,171.000000,259.000000,294.000000,False,HARD,21.000000,False,Racing Bulls,2754.150000,,1,,False,,False,True
2026,4,Miami Grand Prix,FP1,2946.609000,LAW,30,lawson,rb,95.951000,22.000000,3.000000,,,33.161000,35.950000,26.840000,2883.819000,2919.769000,2946.609000,214.000000,177.000000,266.000000,290.000000,False,HARD,22.000000,False,Racing Bulls,2850.658000,,1,,False,,False,True
2026,4,Miami Grand Prix,FP1,3042.411000,LAW,30,lawson,rb,95.802000,23.000000,3.000000,,,32.946000,36.067000,26.789000,2979.555000,3015.622000,3042.411000,213.000000,180.000000,265.000000,291.000000,False,HARD,23.000000,False,Racing Bulls,2946.609000,,1,,False,,False,True
2026,4,Miami Grand Prix,FP1,3137.677000,LAW,30,lawson,rb,95.266000,24.000000,3.000000,,,33.076000,35.751000,26.439000,3075.487000,3111.238000,3137.677000,215.000000,181.000000,264.000000,299.000000,False,HARD,24.000000,False,Racing Bulls,3042.411000,,1,,False,,False,True
2026,4,Miami Grand Prix,FP1,3233.270000,LAW,30,lawson,rb,95.593000,25.000000,3.000000,,,33.438000,35.818000,26.337000,3171.115000,3206.933000,3233.270000,214.000000,181.000000,252.000000,312.000000,False,HARD,25.000000,False,Racing Bulls,3137.677000,,1,,False,,False,True
2026,4,Miami Grand Prix,FP1,3328.786000,LAW,30,lawson,rb,95.516000,26.000000,3.000000,,,33.233000,35.744000,26.539000,3266.503000,3302.247000,3328.786000,211.000000,181.000000,267.000000,293.000000,False,HARD,26.000000,False,Racing Bulls,3233.270000,,1,,False,,False,True
2026,4,Miami Grand Prix,FP1,3424.333000,LAW,30,lawson,rb,95.547000,27.000000,3.000000,,,32.912000,36.133000,26.502000,3361.698000,3397.831000,3424.333000,214.000000,182.000000,270.000000,294.000000,False,HARD,27.000000,False,Racing Bulls,3328.786000,,1,,False,,False,True
2026,4,Miami Grand Prix,FP1,3546.502000,LAW,30,lawson,rb,122.169000,28.000000,3.000000,,3540.987000,43.145000,44.460000,34.564000,3467.478000,3511.938000,3546.502000,185.000000,163.000000,,270.000000,False,HARD,28.000000,False,Racing Bulls,3424.333000,,1,,False,,False,False
2026,4,Miami Grand Prix,FP1,4163.202000,LAW,30,lawson,rb,,29.000000,4.000000,4037.373000,,,47.135000,40.943000,,4122.437000,4163.714000,179.000000,139.000000,239.000000,108.000000,False,MEDIUM,1.000000,True,Racing Bulls,3546.502000,,1,,False,,False,False
2026,4,Miami Grand Prix,FP1,4279.078000,LAW,30,lawson,rb,115.876000,30.000000,4.000000,,,40.777000,43.694000,31.405000,4203.979000,4247.673000,4279.078000,161.000000,138.000000,256.000000,247.000000,False,MEDIUM,2.000000,True,Racing Bulls,4163.202000,,1,,False,,False,True
2026,4,Miami Grand Prix,FP1,4370.756000,LAW,30,lawson,rb,91.678000,31.000000,4.000000,,,31.701000,34.472000,25.505000,4310.779000,4345.251000,4370.756000,219.000000,189.000000,264.000000,312.000000,True,MEDIUM,3.000000,True,Racing Bulls,4279.078000,,1,,False,,False,True
2026,4,Miami Grand Prix,FP1,4496.804000,LAW,30,lawson,rb,126.048000,32.000000,4.000000,,4491.108000,42.967000,44.316000,38.765000,4413.723000,4458.039000,4496.804000,147.000000,149.000000,,234.000000,False,MEDIUM,4.000000,True,Racing Bulls,4370.756000,,1,,False,,False,False
2026,4,Miami Grand Prix,FP1,4646.324000,LAW,30,lawson,rb,149.520000,33.000000,5.000000,4522.870000,,68.978000,46.772000,33.770000,4565.782000,4612.554000,4646.324000,157.000000,114.000000,254.000000,228.000000,False,MEDIUM,5.000000,False,Racing Bulls,4496.804000,,1,,False,,False,False
2026,4,Miami Grand Prix,FP1,4737.972000,LAW,30,lawson,rb,91.648000,34.000000,5.000000,,,31.593000,34.528000,25.527000,4677.917000,4712.445000,4737.972000,219.000000,189.000000,261.000000,316.000000,True,MEDIUM,6.000000,False,Racing Bulls,4646.324000,,1,,False,,False,True
2026,4,Miami Grand Prix,FP1,4861.846000,LAW,30,lawson,rb,123.874000,35.000000,5.000000,,,42.664000,45.752000,35.458000,4780.636000,4826.388000,4861.846000,143.000000,123.000000,197.000000,191.000000,False,MEDIUM,7.000000,False,Racing Bulls,4737.972000,,1,,False,,False,True
2026,4,Miami Grand Prix,FP1,4991.112000,LAW,30,lawson,rb,129.266000,36.000000,5.000000,,,43.142000,44.977000,41.147000,4904.988000,4949.965000,4991.112000,148.000000,125.000000,254.000000,72.000000,False,MEDIUM,8.000000,False,Racing Bulls,4861.846000,,1,,False,,False,True
2026,4,Miami Grand Prix,FP1,5090.780000,LAW,30,lawson,rb,99.668000,37.000000,5.000000,,5085.261000,31.587000,34.472000,33.609000,5022.699000,5057.171000,5090.780000,219.000000,189.000000,,319.000000,False,MEDIUM,9.000000,False,Racing Bulls,4991.112000,,1,,False,,False,False
2026,4,Miami Grand Prix,FP1,5447.427000,LAW,30,lawson,rb,,38.000000,6.000000,5334.789000,,,40.687000,33.162000,,5414.308000,5447.427000,179.000000,159.000000,282.000000,121.000000,False,MEDIUM,1.000000,False,Racing Bulls,5090.780000,,1,,False,,False,False
2026,4,Miami Grand Prix,FP1,5571.988000,LAW,30,lawson,rb,124.561000,39.000000,6.000000,,,40.112000,40.500000,43.949000,5487.539000,5528.039000,5571.988000,201.000000,154.000000,64.000000,147.000000,False,MEDIUM,2.000000,False,Racing Bulls,5447.427000,,12,,False,,False,True
2026,4,Miami Grand Prix,FP1,5734.338000,LAW,30,lawson,rb,,40.000000,6.000000,,,71.473000,46.550000,44.355000,5643.582000,5690.108000,5734.338000,187.000000,157.000000,38.000000,173.000000,False,MEDIUM,3.000000,False,Racing Bulls,5571.988000,,1,,False,,False,False
2026,4,Miami Grand Prix,FP1,5889.109000,LAW,30,lawson,rb,,41.000000,6.000000,,5883.538000,72.484000,43.062000,39.270000,5806.852000,5849.934000,5889.109000,187.000000,160.000000,,194.000000,False,MEDIUM,4.000000,False,Racing Bulls,5734.338000,,1,,False,,False,False
2026,4,Miami Grand Prix,FP1,171.555000,OCO,31,ocon,haas,,1.000000,1.000000,52.222000,,,44.413000,35.206000,,136.570000,171.658000,171.000000,154.000000,247.000000,229.000000,False,HARD,1.000000,True,Haas F1 Team,52.222000,,1,,False,,False,False
2026,4,Miami Grand Prix,FP1,266.595000,OCO,31,ocon,haas,95.040000,2.000000,1.000000,,,33.432000,35.321000,26.287000,204.987000,240.308000,266.595000,212.000000,185.000000,245.000000,309.000000,True,HARD,2.000000,True,Haas F1 Team,171.555000,,1,,False,,False,True
2026,4,Miami Grand Prix,FP1,409.782000,OCO,31,ocon,haas,143.187000,3.000000,1.000000,,,47.130000,56.102000,39.955000,313.725000,369.827000,409.782000,146.000000,120.000000,247.000000,181.000000,False,HARD,3.000000,True,Haas F1 Team,266.595000,,1,,False,,False,True
2026,4,Miami Grand Prix,FP1,503.445000,OCO,31,ocon,haas,93.663000,4.000000,1.000000,,,32.527000,34.874000,26.262000,442.309000,477.183000,503.445000,216.000000,187.000000,243.000000,309.000000,True,HARD,4.000000,True,Haas F1 Team,409.782000,,1,,False,,False,True
2026,4,Miami Grand Prix,FP1,654.977000,OCO,31,ocon,haas,,5.000000,1.000000,,,49.934000,57.941000,43.550000,553.584000,611.759000,654.977000,144.000000,102.000000,249.000000,232.000000,False,HARD,5.000000,True,Haas F1 Team,503.445000,,1,,False,,False,False
2026,4,Miami Grand Prix,FP1,747.177000,OCO,31,ocon,haas,92.200000,6.000000,1.000000,,,31.775000,34.510000,25.915000,686.752000,721.262000,747.177000,216.000000,189.000000,256.000000,307.000000,True,HARD,6.000000,True,Haas F1 Team,654.977000,,1,,False,,False,True
2026,4,Miami Grand Prix,FP1,898.393000,OCO,31,ocon,haas,,7.000000,1.000000,,,51.855000,59.662000,39.810000,799.222000,858.852000,898.459000,135.000000,104.000000,248.000000,187.000000,False,HARD,7.000000,True,Haas F1 Team,747.177000,,12,,False,,False,False
2026,4,Miami Grand Prix,FP1,990.368000,OCO,31,ocon,haas,91.975000,8.000000,1.000000,,,31.812000,34.318000,25.845000,930.205000,964.523000,990.368000,218.000000,189.000000,257.000000,312.000000,True,HARD,8.000000,True,Haas F1 Team,898.393000,,1,,False,,False,True
2026,4,Miami Grand Prix,FP1,1119.162000,OCO,31,ocon,haas,128.794000,9.000000,1.000000,,1113.795000,39.055000,46.678000,43.061000,1029.423000,1076.101000,1119.162000,170.000000,139.000000,,176.000000,False,HARD,9.000000,True,Haas F1 Team,990.368000,,1,,False,,False,False
2026,4,Miami Grand Prix,FP1,1304.830000,OCO,31,ocon,haas,,10.000000,2.000000,1158.303000,,,48.692000,33.169000,,1272.412000,1304.852000,162.000000,136.000000,250.000000,188.000000,False,HARD,10.000000,False,Haas F1 Team,1119.162000,,1,,False,,False,False
2026,4,Miami Grand Prix,FP1,1396.995000,OCO,31,ocon,haas,92.165000,11.000000,2.000000,,,31.779000,34.669000,25.717000,1336.609000,1371.278000,1396.995000,219.000000,188.000000,260.000000,311.000000,False,HARD,11.000000,False,Haas F1 Team,1304.830000,,1,,False,,False,True
2026,4,Miami Grand Prix,FP1,1505.263000,OCO,31,ocon,haas,108.268000,12.000000,2.000000,,1499.610000,35.861000,38.710000,33.697000,1432.856000,1471.566000,1505.263000,198.000000,156.000000,,283.000000,False,HARD,12.000000,False,Haas F1 Team,1396.995000,,1,,False,,False,False
2026,4,Miami Grand Prix,FP1,2560.168000,OCO,31,ocon,haas,,13.000000,3.000000,2461.099000,,,35.199000,25.970000,,2534.303000,2560.275000,213.000000,187.000000,286.000000,282.000000,False,HARD,13.000000,False,Haas F1 Team,1505.263000,,1,,False,,False,False
2026,4,Miami Grand Prix,FP1,2654.336000,OCO,31,ocon,haas,94.168000,14.000000,3.000000,,,32.634000,35.524000,26.010000,2592.802000,2628.326000,2654.336000,214.000000,186.000000,278.000000,302.000000,False,HARD,14.000000,False,Haas F1 Team,2560.168000,,1,,False,,False,True
2026,4,Miami Grand Prix,FP1,2748.887000,OCO,31,ocon,haas,94.551000,15.000000,3.000000,,,32.942000,35.494000,26.115000,2687.278000,2722.772000,2748.887000,213.000000,186.000000,278.000000,302.000000,False,HARD,15.000000,False,Haas F1 Team,2654.336000,,1,,False,,False,True
2026,4,Miami Grand Prix,FP1,2843.490000,OCO,31,ocon,haas,94.603000,16.000000,3.000000,,,32.899000,35.661000,26.043000,2781.786000,2817.447000,2843.490000,214.000000,186.000000,285.000000,306.000000,False,HARD,16.000000,False,Haas F1 Team,2748.887000,,1,,False,,False,True
2026,4,Miami Grand Prix,FP1,2938.221000,OCO,31,ocon,haas,94.731000,17.000000,3.000000,,,32.794000,35.740000,26.197000,2876.284000,2912.024000,2938.221000,212.000000,183.000000,283.000000,301.000000,False,HARD,17.000000,False,Haas F1 Team,2843.490000,,1,,True,TRACK LIMITS AT TURN 15 LAP 18 ,False,True
2026,4,Miami Grand Prix,FP1,3032.611000,OCO,31,ocon,haas,94.390000,18.000000,3.000000,,,32.957000,35.490000,25.943000,2971.178000,3006.668000,3032.611000,212.000000,185.000000,281.000000,306.000000,False,HARD,18.000000,False,Haas F1 Team,2938.221000,,1,,False,,False,True
2026,4,Miami Grand Prix,FP1,3127.120000,OCO,31,ocon,haas,94.509000,19.000000,3.000000,,,33.073000,35.462000,25.974000,3065.684000,3101.146000,3127.120000,212.000000,186.000000,278.000000,306.000000,False,HARD,19.000000,False,Haas F1 Team,3032.611000,,1,,False,,False,True
2026,4,Miami Grand Prix,FP1,3222.983000,OCO,31,ocon,haas,95.863000,20.000000,3.000000,,,34.088000,35.679000,26.096000,3161.208000,3196.887000,3222.983000,209.000000,184.000000,288.000000,306.000000,False,HARD,20.000000,False,Haas F1 Team,3127.120000,,1,,False,,False,True
2026,4,Miami Grand Prix,FP1,3317.269000,OCO,31,ocon,haas,94.286000,21.000000,3.000000,,,33.025000,35.341000,25.920000,3256.008000,3291.349000,3317.269000,210.000000,185.000000,287.000000,305.000000,False,HARD,21.000000,False,Haas F1 Team,3222.983000,,1,,False,,False,True
2026,4,Miami Grand Prix,FP1,3411.849000,OCO,31,ocon,haas,94.580000,22.000000,3.000000,,,33.125000,35.434000,26.021000,3350.394000,3385.828000,3411.849000,215.000000,185.000000,281.000000,304.000000,False,HARD,22.000000,False,Haas F1 Team,3317.269000,,1,,False,,False,True
2026,4,Miami Grand Prix,FP1,3512.253000,OCO,31,ocon,haas,100.404000,23.000000,3.000000,,3506.706000,33.237000,35.613000,31.554000,3445.086000,3480.699000,3512.253000,209.000000,184.000000,,298.000000,False,HARD,23.000000,False,Haas F1 Team,3411.849000,,1,,False,,False,False
2026,4,Miami Grand Prix,FP1,4236.315000,OCO,31,ocon,haas,,24.000000,4.000000,4117.879000,,,47.259000,31.568000,,4204.852000,4236.462000,159.000000,148.000000,271.000000,242.000000,False,MEDIUM,1.000000,True,Haas F1 Team,3512.253000,,1,,False,,False,False
2026,4,Miami Grand Prix,FP1,4328.195000,OCO,31,ocon,haas,91.880000,25.000000,4.000000,,,31.789000,34.440000,25.651000,4268.104000,4302.544000,4328.195000,218.000000,191.000000,290.000000,308.000000,True,MEDIUM,2.000000,True,Haas F1 Team,4236.315000,,1,,False,,False,True
2026,4,Miami Grand Prix,FP1,4455.544000,OCO,31,ocon,haas,127.349000,26.000000,4.000000,,4449.786000,39.175000,47.591000,40.583000,4367.370000,4414.961000,4455.544000,165.000000,144.000000,,207.000000,False,MEDIUM,3.000000,True,Haas F1 Team,4328.195000,,1,,False,,False,False
2026,4,Miami Grand Prix,FP1,4715.807000,OCO,31,ocon,haas,,27.000000,5.000000,4588.769000,,,47.374000,36.531000,,4679.434000,4715.853000,166.000000,130.000000,230.000000,138.000000,False,SOFT,1.000000,True,Haas F1 Team,4455.544000,,1,,False,,False,False
2026,4,Miami Grand Prix,FP1,4847.404000,OCO,31,ocon,haas,131.597000,28.000000,5.000000,,,40.385000,52.050000,39.162000,4756.192000,4808.242000,4847.404000,168.000000,124.000000,235.000000,188.000000,False,SOFT,2.000000,True,Haas F1 Team,4715.807000,,1,,False,,False,True
2026,4,Miami Grand Prix,FP1,4983.680000,OCO,31,ocon,haas,136.276000,29.000000,5.000000,,,47.014000,49.865000,39.397000,4894.418000,4944.283000,4983.680000,157.000000,128.000000,220.000000,170.000000,False,SOFT,3.000000,True,Haas F1 Team,4847.404000,,1,,False,,False,True
2026,4,Miami Grand Prix,FP1,5075.826000,OCO,31,ocon,haas,92.146000,30.000000,5.000000,,,32.623000,34.230000,25.293000,5016.303000,5050.533000,5075.826000,219.000000,191.000000,268.000000,318.000000,False,SOFT,4.000000,True,Haas F1 Team,4983.680000,,1,,False,,False,True
2026,4,Miami Grand Prix,FP1,5206.751000,OCO,31,ocon,haas,130.925000,31.000000,5.000000,,,41.935000,49.787000,39.203000,5117.761000,5167.548000,5206.751000,158.000000,134.000000,178.000000,166.000000,False,SOFT,5.000000,True,Haas F1 Team,5075.826000,,1,,False,,False,True
2026,4,Miami Grand Prix,FP1,5352.385000,OCO,31,ocon,haas,145.634000,32.000000,5.000000,,,48.417000,52.430000,44.787000,5255.168000,5307.598000,5352.385000,152.000000,124.000000,256.000000,242.000000,False,SOFT,6.000000,True,Haas F1 Team,5206.751000,,1,,False,,False,True
2026,4,Miami Grand Prix,FP1,5444.020000,OCO,31,ocon,haas,91.635000,33.000000,5.000000,,,31.734000,34.288000,25.613000,5384.119000,5418.407000,5444.020000,218.000000,190.000000,255.000000,313.000000,True,SOFT,7.000000,True,Haas F1 Team,5352.385000,,1,,False,,False,True
2026,4,Miami Grand Prix,FP1,5585.501000,OCO,31,ocon,haas,141.481000,34.000000,5.000000,,,44.901000,50.513000,46.067000,5488.921000,5539.434000,5585.501000,153.000000,138.000000,51.000000,181.000000,False,SOFT,8.000000,True,Haas F1 Team,5444.020000,,12,,False,,False,True
2026,4,Miami Grand Prix,FP1,5756.025000,OCO,31,ocon,haas,,35.000000,5.000000,,,77.325000,49.074000,44.092000,5662.988000,5712.135000,5756.025000,155.000000,138.000000,83.000000,177.000000,False,SOFT,9.000000,True,Haas F1 Team,5585.501000,,1,,False,,False,False
2026,4,Miami Grand Prix,FP1,5908.871000,OCO,31,ocon,haas,,36.000000,5.000000,,5903.954000,72.569000,43.602000,36.689000,5828.714000,5872.356000,5908.871000,176.000000,157.000000,,214.000000,False,SOFT,10.000000,True,Haas F1 Team,5756.025000,,1,,False,,False,False
2026,4,Miami Grand Prix,FP1,186.470000,LIN,41,arvid_lindblad,rb,,1.000000,1.000000,66.972000,,,43.211000,35.111000,,151.651000,186.611000,166.000000,148.000000,252.000000,194.000000,False,HARD,1.000000,True,Racing Bulls,66.972000,,1,,False,,False,False
2026,4,Miami Grand Prix,FP1,282.621000,LIN,41,arvid_lindblad,rb,96.151000,2.000000,1.000000,,,34.346000,35.724000,26.081000,220.816000,256.540000,282.621000,213.000000,188.000000,261.000000,306.000000,True,HARD,2.000000,True,Racing Bulls,186.470000,,1,,False,,False,True
2026,4,Miami Grand Prix,FP1,417.144000,LIN,41,arvid_lindblad,rb,134.523000,3.000000,1.000000,,,42.852000,49.876000,41.795000,325.473000,375.349000,417.144000,150.000000,92.000000,251.000000,151.000000,False,HARD,3.000000,True,Racing Bulls,282.621000,,1,,False,,False,True
2026,4,Miami Grand Prix,FP1,510.791000,LIN,41,arvid_lindblad,rb,93.647000,4.000000,1.000000,,,32.709000,35.059000,25.879000,449.853000,484.912000,510.791000,218.000000,188.000000,272.000000,312.000000,True,HARD,4.000000,True,Racing Bulls,417.144000,,1,,False,,False,True
2026,4,Miami Grand Prix,FP1,662.021000,LIN,41,arvid_lindblad,rb,,5.000000,1.000000,,,50.632000,57.211000,43.297000,561.673000,618.915000,662.116000,131.000000,90.000000,252.000000,116.000000,False,HARD,5.000000,True,Racing Bulls,510.791000,,1,,False,,False,False
2026,4,Miami Grand Prix,FP1,782.972000,LIN,41,arvid_lindblad,rb,120.951000,6.000000,1.000000,,,36.520000,48.935000,35.496000,698.541000,747.476000,782.972000,153.000000,140.000000,255.000000,211.000000,False,HARD,6.000000,True,Racing Bulls,662.021000,,12,,False,,False,True
2026,4,Miami Grand Prix,FP1,877.487000,LIN,41,arvid_lindblad,rb,94.515000,7.000000,1.000000,,,32.967000,35.515000,26.033000,815.939000,851.454000,877.487000,217.000000,188.000000,267.000000,306.000000,False,HARD,7.000000,True,Racing Bulls,782.972000,,1,,False,,False,True
2026,4,Miami Grand Prix,FP1,1008.155000,LIN,41,arvid_lindblad,rb,130.668000,8.000000,1.000000,,,40.157000,52.507000,38.004000,917.644000,970.151000,1008.155000,186.000000,127.000000,228.000000,196.000000,False,HARD,8.000000,True,Racing Bulls,877.487000,,1,,False,,False,True
2026,4,Miami Grand Prix,FP1,1131.790000,LIN,41,arvid_lindblad,rb,123.635000,9.000000,1.000000,,,44.596000,42.094000,36.945000,1052.751000,1094.845000,1131.790000,181.000000,129.000000,259.000000,223.000000,False,HARD,9.000000,True,Racing Bulls,1008.155000,,1,,False,,False,True
2026,4,Miami Grand Prix,FP1,1236.802000,LIN,41,arvid_lindblad,rb,105.012000,10.000000,1.000000,,,33.654000,38.566000,32.792000,1165.444000,1204.010000,1236.802000,205.000000,131.000000,266.000000,226.000000,False,HARD,10.000000,True,Racing Bulls,1131.790000,,1,,False,,False,True
2026,4,Miami Grand Prix,FP1,1330.470000,LIN,41,arvid_lindblad,rb,93.668000,11.000000,1.000000,,,32.250000,35.426000,25.992000,1269.052000,1304.478000,1330.470000,217.000000,188.000000,273.000000,308.000000,False,HARD,11.000000,True,Racing Bulls,1236.802000,,1,,False,,False,True
2026,4,Miami Grand Prix,FP1,1468.765000,LIN,41,arvid_lindblad,rb,138.295000,12.000000,1.000000,,,44.263000,46.896000,47.136000,1374.733000,1421.629000,1468.765000,140.000000,106.000000,213.000000,139.000000,False,HARD,12.000000,True,Racing Bulls,1330.470000,,1,,False,,False,True
2026,4,Miami Grand Prix,FP1,1591.679000,LIN,41,arvid_lindblad,rb,122.914000,13.000000,1.000000,,,44.054000,45.518000,33.342000,1512.819000,1558.337000,1591.679000,159.000000,128.000000,258.000000,196.000000,False,HARD,13.000000,True,Racing Bulls,1468.765000,,1,,False,,False,True
2026,4,Miami Grand Prix,FP1,1685.813000,LIN,41,arvid_lindblad,rb,94.134000,14.000000,1.000000,,,32.637000,35.459000,26.038000,1624.316000,1659.775000,1685.813000,217.000000,187.000000,264.000000,304.000000,False,HARD,14.000000,True,Racing Bulls,1591.679000,,1,,False,,False,True
2026,4,Miami Grand Prix,FP1,1808.053000,LIN,41,arvid_lindblad,rb,122.240000,15.000000,1.000000,,1802.436000,39.521000,47.618000,35.101000,1725.334000,1772.952000,1808.053000,185.000000,173.000000,,221.000000,False,HARD,15.000000,True,Racing Bulls,1685.813000,,1,,False,,False,False
2026,4,Miami Grand Prix,FP1,2331.360000,LIN,41,arvid_lindblad,rb,,16.000000,2.000000,2215.329000,,,36.749000,26.484000,,2305.461000,2331.452000,189.000000,179.000000,278.000000,299.000000,False,HARD,16.000000,False,Racing Bulls,1808.053000,,1,,False,,False,False
2026,4,Miami Grand Prix,FP1,2427.090000,LIN,41,arvid_lindblad,rb,95.730000,17.000000,2.000000,,,33.330000,35.593000,26.807000,2364.690000,2400.283000,2427.090000,216.000000,186.000000,260.000000,293.000000,False,HARD,17.000000,False,Racing Bulls,2331.360000,,1,,False,,False,True
2026,4,Miami Grand Prix,FP1,2524.312000,LIN,41,arvid_lindblad,rb,97.222000,18.000000,2.000000,,,33.859000,36.539000,26.824000,2460.949000,2497.488000,2524.312000,213.000000,185.000000,261.000000,295.000000,False,HARD,18.000000,False,Racing Bulls,2427.090000,,1,,False,,False,True
2026,4,Miami Grand Prix,FP1,2620.984000,LIN,41,arvid_lindblad,rb,96.672000,19.000000,2.000000,,,33.834000,36.041000,26.797000,2558.146000,2594.187000,2620.984000,213.000000,183.000000,265.000000,293.000000,False,HARD,19.000000,False,Racing Bulls,2524.312000,,1,,False,,False,True
2026,4,Miami Grand Prix,FP1,2717.902000,LIN,41,arvid_lindblad,rb,96.918000,20.000000,2.000000,,,33.754000,36.080000,27.084000,2654.738000,2690.818000,2717.902000,213.000000,185.000000,266.000000,288.000000,False,HARD,20.000000,False,Racing Bulls,2620.984000,,1,,False,,False,True
2026,4,Miami Grand Prix,FP1,2815.005000,LIN,41,arvid_lindblad,rb,97.103000,21.000000,2.000000,,,33.781000,36.224000,27.098000,2751.683000,2787.907000,2815.005000,212.000000,183.000000,262.000000,290.000000,False,HARD,21.000000,False,Racing Bulls,2717.902000,,1,,False,,False,True
2026,4,Miami Grand Prix,FP1,2911.663000,LIN,41,arvid_lindblad,rb,96.658000,22.000000,2.000000,,,33.868000,36.178000,26.612000,2848.873000,2885.051000,2911.663000,212.000000,183.000000,249.000000,301.000000,False,HARD,22.000000,False,Racing Bulls,2815.005000,,1,,False,,False,True
2026,4,Miami Grand Prix,FP1,3009.156000,LIN,41,arvid_lindblad,rb,97.493000,23.000000,2.000000,,,33.989000,36.448000,27.056000,2945.652000,2982.100000,3009.156000,213.000000,184.000000,264.000000,282.000000,False,HARD,23.000000,False,Racing Bulls,2911.663000,,1,,False,,False,True
2026,4,Miami Grand Prix,FP1,3124.932000,LIN,41,arvid_lindblad,rb,115.776000,24.000000,2.000000,,3119.109000,33.819000,42.285000,39.672000,3042.975000,3085.260000,3124.932000,212.000000,124.000000,,192.000000,False,HARD,24.000000,False,Racing Bulls,3009.156000,,1,,False,,False,False
2026,4,Miami Grand Prix,FP1,3872.149000,LIN,41,arvid_lindblad,rb,,25.000000,3.000000,3747.853000,,,45.520000,39.837000,,3832.593000,3872.307000,168.000000,126.000000,254.000000,197.000000,False,MEDIUM,1.000000,True,Racing Bulls,3124.932000,,1,,False,,False,False
2026,4,Miami Grand Prix,FP1,3981.254000,LIN,41,arvid_lindblad,rb,109.105000,26.000000,3.000000,,,35.654000,42.056000,31.395000,3907.803000,3949.859000,3981.254000,166.000000,134.000000,263.000000,234.000000,False,MEDIUM,2.000000,True,Racing Bulls,3872.149000,,1,,False,,False,True
2026,4,Miami Grand Prix,FP1,4075.528000,LIN,41,arvid_lindblad,rb,94.274000,27.000000,3.000000,,,32.662000,35.826000,25.786000,4013.916000,4049.742000,4075.528000,208.000000,187.000000,268.000000,311.000000,False,MEDIUM,3.000000,True,Racing Bulls,3981.254000,,1,,False,,False,True
2026,4,Miami Grand Prix,FP1,4203.445000,LIN,41,arvid_lindblad,rb,127.917000,28.000000,3.000000,,,40.736000,45.699000,41.482000,4116.264000,4161.963000,4203.445000,141.000000,112.000000,216.000000,113.000000,False,MEDIUM,4.000000,True,Racing Bulls,4075.528000,,1,,False,,False,True
2026,4,Miami Grand Prix,FP1,4334.558000,LIN,41,arvid_lindblad,rb,131.113000,29.000000,3.000000,,,45.197000,49.987000,35.929000,4248.642000,4298.629000,4334.558000,142.000000,123.000000,260.000000,258.000000,False,MEDIUM,5.000000,True,Racing Bulls,4203.445000,,1,,False,,False,True
2026,4,Miami Grand Prix,FP1,4443.133000,LIN,41,arvid_lindblad,rb,108.575000,30.000000,3.000000,,,33.004000,43.656000,31.915000,4367.562000,4411.218000,4443.133000,214.000000,136.000000,259.000000,220.000000,False,MEDIUM,6.000000,True,Racing Bulls,4334.558000,,1,,False,,False,True
2026,4,Miami Grand Prix,FP1,4536.135000,LIN,41,arvid_lindblad,rb,93.002000,31.000000,3.000000,,,32.411000,35.013000,25.578000,4475.544000,4510.557000,4536.135000,216.000000,189.000000,260.000000,311.000000,True,MEDIUM,7.000000,True,Racing Bulls,4443.133000,,1,,False,,False,True
2026,4,Miami Grand Prix,FP1,4647.659000,LIN,41,arvid_lindblad,rb,111.524000,32.000000,3.000000,,4642.681000,35.111000,40.991000,35.422000,4571.246000,4612.237000,4647.659000,196.000000,160.000000,,245.000000,False,MEDIUM,8.000000,True,Racing Bulls,4536.135000,,1,,False,,False,False
2026,4,Miami Grand Prix,FP1,4921.583000,LIN,41,arvid_lindblad,rb,,33.000000,4.000000,4807.435000,,,41.746000,32.608000,,4889.171000,4921.770000,158.000000,144.000000,264.000000,221.000000,False,MEDIUM,9.000000,False,Racing Bulls,4647.659000,,1,,False,,False,False
2026,4,Miami Grand Prix,FP1,5014.445000,LIN,41,arvid_lindblad,rb,92.862000,34.000000,4.000000,,,32.330000,34.905000,25.627000,4953.913000,4988.818000,5014.445000,210.000000,187.000000,270.000000,314.000000,True,MEDIUM,10.000000,False,Racing Bulls,4921.583000,,1,,False,,False,True
2026,4,Miami Grand Prix,FP1,5139.478000,LIN,41,arvid_lindblad,rb,125.033000,35.000000,4.000000,,,40.451000,47.906000,36.676000,5054.896000,5102.802000,5139.478000,139.000000,131.000000,143.000000,180.000000,False,MEDIUM,11.000000,False,Racing Bulls,5014.445000,,1,,False,,False,True
2026,4,Miami Grand Prix,FP1,5269.272000,LIN,41,arvid_lindblad,rb,129.794000,36.000000,4.000000,,,48.511000,48.135000,33.148000,5187.989000,5236.124000,5269.272000,120.000000,109.000000,255.000000,206.000000,False,MEDIUM,12.000000,False,Racing Bulls,5139.478000,,1,,False,,False,True
2026,4,Miami Grand Prix,FP1,5368.970000,LIN,41,arvid_lindblad,rb,99.698000,37.000000,4.000000,,,32.903000,36.342000,30.453000,5302.175000,5338.517000,5368.970000,214.000000,161.000000,258.000000,238.000000,False,MEDIUM,13.000000,False,Racing Bulls,5269.272000,,1,,False,,False,True
2026,4,Miami Grand Prix,FP1,5461.884000,LIN,41,arvid_lindblad,rb,92.914000,38.000000,4.000000,,,32.329000,35.102000,25.483000,5401.299000,5436.401000,5461.884000,215.000000,189.000000,273.000000,320.000000,False,MEDIUM,14.000000,False,Racing Bulls,5368.970000,,1,,False,,False,True
2026,4,Miami Grand Prix,FP1,5598.579000,LIN,41,arvid_lindblad,rb,136.695000,39.000000,4.000000,,,42.930000,46.669000,47.096000,5504.814000,5551.483000,5598.579000,158.000000,111.000000,67.000000,172.000000,False,MEDIUM,15.000000,False,Racing Bulls,5461.884000,,12,,False,,False,True
2026,4,Miami Grand Prix,FP1,5758.952000,LIN,41,arvid_lindblad,rb,,40.000000,4.000000,,,74.535000,42.770000,42.897000,5673.473000,5716.088000,5758.952000,218.000000,106.000000,65.000000,155.000000,False,MEDIUM,16.000000,False,Racing Bulls,5598.579000,,1,,False,,False,False
2026,4,Miami Grand Prix,FP1,5914.670000,LIN,41,arvid_lindblad,rb,,41.000000,4.000000,,5909.154000,71.322000,46.913000,37.592000,5830.386000,5877.325000,5914.670000,169.000000,86.000000,,237.000000,False,MEDIUM,17.000000,False,Racing Bulls,5758.952000,,1,,False,,False,False
2026,4,Miami Grand Prix,FP1,592.632000,COL,43,colapinto,alpine,,1.000000,1.000000,482.822000,,,40.489000,30.173000,,562.620000,592.661000,190.000000,168.000000,280.000000,240.000000,False,HARD,1.000000,True,Alpine,482.822000,,1,,False,,False,False
2026,4,Miami Grand Prix,FP1,686.052000,COL,43,colapinto,alpine,93.420000,2.000000,1.000000,,,32.768000,34.930000,25.722000,625.400000,660.330000,686.052000,218.000000,187.000000,259.000000,316.000000,True,HARD,2.000000,True,Alpine,592.632000,,1,,False,,False,True
2026,4,Miami Grand Prix,FP1,850.850000,COL,43,colapinto,alpine,,3.000000,1.000000,,,65.040000,63.971000,35.799000,751.308000,815.246000,852.578000,105.000000,82.000000,274.000000,252.000000,False,HARD,3.000000,True,Alpine,686.052000,,12,,False,,False,False
2026,4,Miami Grand Prix,FP1,942.649000,COL,43,colapinto,alpine,91.799000,4.000000,1.000000,,,31.866000,34.212000,25.721000,882.716000,916.928000,942.649000,217.000000,189.000000,261.000000,315.000000,True,HARD,4.000000,True,Alpine,850.850000,,1,,False,,False,True
2026,4,Miami Grand Prix,FP1,1098.806000,COL,43,colapinto,alpine,,5.000000,1.000000,,,58.799000,66.059000,31.395000,1001.602000,1067.602000,1098.971000,122.000000,140.000000,274.000000,223.000000,False,HARD,5.000000,True,Alpine,942.649000,,1,,False,,False,False
2026,4,Miami Grand Prix,FP1,1190.286000,COL,43,colapinto,alpine,91.480000,6.000000,1.000000,,,31.481000,34.521000,25.478000,1130.287000,1164.808000,1190.286000,218.000000,188.000000,261.000000,317.000000,True,HARD,6.000000,True,Alpine,1098.806000,,1,,False,,False,True
2026,4,Miami Grand Prix,FP1,1356.256000,COL,43,colapinto,alpine,,7.000000,1.000000,,,57.978000,74.983000,32.985000,1248.549000,1323.271000,1356.403000,106.000000,76.000000,274.000000,226.000000,False,HARD,7.000000,True,Alpine,1190.286000,,1,,False,,False,False
2026,4,Miami Grand Prix,FP1,1456.789000,COL,43,colapinto,alpine,100.533000,8.000000,1.000000,,,31.618000,35.757000,33.158000,1387.874000,1423.631000,1456.789000,220.000000,174.000000,220.000000,166.000000,False,HARD,8.000000,True,Alpine,1356.256000,,1,,True,TRACK LIMITS AT TURN 15 LAP 9 ,False,True
2026,4,Miami Grand Prix,FP1,1596.575000,COL,43,colapinto,alpine,139.786000,9.000000,1.000000,,,50.997000,54.591000,34.198000,1507.786000,1562.377000,1596.575000,123.000000,160.000000,269.000000,248.000000,False,HARD,9.000000,True,Alpine,1456.789000,,1,,False,,False,True
2026,4,Miami Grand Prix,FP1,1688.534000,COL,43,colapinto,alpine,91.959000,10.000000,1.000000,,,31.765000,34.598000,25.596000,1628.340000,1662.938000,1688.534000,217.000000,189.000000,259.000000,315.000000,False,HARD,10.000000,True,Alpine,1596.575000,,1,,False,,False,True
2026,4,Miami Grand Prix,FP1,1795.884000,COL,43,colapinto,alpine,107.350000,11.000000,1.000000,,1789.924000,34.956000,38.467000,33.927000,1723.490000,1761.957000,1795.884000,214.000000,177.000000,,249.000000,False,HARD,11.000000,True,Alpine,1688.534000,,1,,False,,False,False
2026,4,Miami Grand Prix,FP1,1942.720000,COL,43,colapinto,alpine,146.836000,12.000000,2.000000,1838.342000,1937.261000,77.123000,37.484000,32.229000,1873.007000,1910.491000,1942.720000,212.000000,174.000000,,306.000000,False,HARD,12.000000,False,Alpine,1795.884000,,1,,False,,False,False
2026,4,Miami Grand Prix,FP1,3147.833000,COL,43,colapinto,alpine,,13.000000,3.000000,3023.120000,,,36.628000,26.243000,,3121.720000,3147.870000,211.000000,185.000000,270.000000,302.000000,False,HARD,13.000000,False,Alpine,1942.720000,,1,,False,,False,False
2026,4,Miami Grand Prix,FP1,3241.848000,COL,43,colapinto,alpine,94.015000,14.000000,3.000000,,,32.508000,35.456000,26.051000,3180.341000,3215.797000,3241.848000,208.000000,185.000000,272.000000,307.000000,False,HARD,14.000000,False,Alpine,3147.833000,,1,,False,,False,True
2026,4,Miami Grand Prix,FP1,3336.285000,COL,43,colapinto,alpine,94.437000,15.000000,3.000000,,,32.414000,35.862000,26.161000,3274.262000,3310.124000,3336.285000,211.000000,185.000000,272.000000,307.000000,False,HARD,15.000000,False,Alpine,3241.848000,,1,,False,,False,True
2026,4,Miami Grand Prix,FP1,3430.424000,COL,43,colapinto,alpine,94.139000,16.000000,3.000000,,,32.541000,35.415000,26.183000,3368.826000,3404.241000,3430.424000,209.000000,183.000000,275.000000,307.000000,False,HARD,16.000000,False,Alpine,3336.285000,,1,,False,,False,True
2026,4,Miami Grand Prix,FP1,3524.813000,COL,43,colapinto,alpine,94.389000,17.000000,3.000000,,,32.684000,35.605000,26.100000,3463.108000,3498.713000,3524.813000,210.000000,184.000000,278.000000,308.000000,False,HARD,17.000000,False,Alpine,3430.424000,,1,,False,,False,True
2026,4,Miami Grand Prix,FP1,3621.666000,COL,43,colapinto,alpine,96.853000,18.000000,3.000000,,,33.760000,36.799000,26.294000,3558.573000,3595.372000,3621.666000,181.000000,182.000000,283.000000,306.000000,False,HARD,18.000000,False,Alpine,3524.813000,,1,,False,,False,True
2026,4,Miami Grand Prix,FP1,3715.886000,COL,43,colapinto,alpine,94.220000,19.000000,3.000000,,,32.750000,35.492000,25.978000,3654.416000,3689.908000,3715.886000,207.000000,184.000000,282.000000,312.000000,False,HARD,19.000000,False,Alpine,3621.666000,,1,,False,,False,True
2026,4,Miami Grand Prix,FP1,3809.991000,COL,43,colapinto,alpine,94.105000,20.000000,3.000000,,,32.788000,35.423000,25.894000,3748.674000,3784.097000,3809.991000,213.000000,184.000000,282.000000,315.000000,False,HARD,20.000000,False,Alpine,3715.886000,,1,,False,,False,True
2026,4,Miami Grand Prix,FP1,3904.461000,COL,43,colapinto,alpine,94.470000,21.000000,3.000000,,,32.854000,35.514000,26.102000,3842.845000,3878.359000,3904.461000,211.000000,183.000000,276.000000,314.000000,False,HARD,21.000000,False,Alpine,3809.991000,,1,,False,,False,True
2026,4,Miami Grand Prix,FP1,3999.345000,COL,43,colapinto,alpine,94.884000,22.000000,3.000000,,,32.750000,35.853000,26.281000,3937.211000,3973.064000,3999.345000,212.000000,184.000000,281.000000,309.000000,False,HARD,22.000000,False,Alpine,3904.461000,,1,,False,,False,True
2026,4,Miami Grand Prix,FP1,4095.471000,COL,43,colapinto,alpine,96.126000,23.000000,3.000000,,,33.048000,36.731000,26.347000,4032.393000,4069.124000,4095.471000,208.000000,180.000000,278.000000,316.000000,False,HARD,23.000000,False,Alpine,3999.345000,,1,,False,,False,True
2026,4,Miami Grand Prix,FP1,4204.234000,COL,43,colapinto,alpine,108.763000,24.000000,3.000000,,4198.670000,33.995000,37.155000,37.613000,4129.466000,4166.621000,4204.234000,190.000000,177.000000,,221.000000,False,HARD,24.000000,False,Alpine,4095.471000,,1,,False,,False,False
2026,4,Miami Grand Prix,FP1,4795.941000,COL,43,colapinto,alpine,,25.000000,4.000000,4682.450000,,,40.646000,30.011000,,4766.209000,4796.078000,193.000000,171.000000,263.000000,247.000000,False,SOFT,1.000000,True,Alpine,4204.234000,,1,,False,,False,False
2026,4,Miami Grand Prix,FP1,4943.197000,COL,43,colapinto,alpine,147.256000,26.000000,4.000000,,,35.698000,64.482000,47.076000,4831.639000,4896.121000,4943.197000,168.000000,105.000000,271.000000,196.000000,False,SOFT,2.000000,True,Alpine,4795.941000,,1,,False,,False,True
2026,4,Miami Grand Prix,FP1,5034.212000,COL,43,colapinto,alpine,91.015000,27.000000,4.000000,,,31.422000,34.264000,25.329000,4974.619000,5008.883000,5034.212000,213.000000,191.000000,261.000000,320.000000,True,SOFT,3.000000,True,Alpine,4943.197000,,1,,False,,False,True
2026,4,Miami Grand Prix,FP1,5198.477000,COL,43,colapinto,alpine,,28.000000,4.000000,,,60.760000,67.967000,35.444000,5095.230000,5163.256000,5198.606000,83.000000,164.000000,266.000000,126.000000,False,SOFT,4.000000,True,Alpine,5034.212000,,1,,False,,False,False
2026,4,Miami Grand Prix,FP1,5294.572000,COL,43,colapinto,alpine,96.095000,29.000000,4.000000,,5289.016000,31.343000,34.246000,30.506000,5229.820000,5264.066000,5294.572000,220.000000,189.000000,,322.000000,False,SOFT,5.000000,True,Alpine,5198.477000,,1,,False,,False,False
2026,4,Miami Grand Prix,FP1,5412.273000,COL,43,colapinto,alpine,117.701000,30.000000,5.000000,5313.497000,,55.472000,35.697000,26.532000,5350.044000,5385.741000,5412.273000,215.000000,185.000000,272.000000,304.000000,False,HARD,25.000000,False,Alpine,5294.572000,,1,,False,,False,False
2026,4,Miami Grand Prix,FP1,5533.104000,COL,43,colapinto,alpine,120.831000,31.000000,5.000000,,,35.313000,41.631000,43.887000,5447.586000,5489.217000,5533.104000,210.000000,160.000000,54.000000,165.000000,False,HARD,26.000000,False,Alpine,5412.273000,,1,,False,,False,True
2026,4,Miami Grand Prix,FP1,5686.268000,COL,43,colapinto,alpine,,32.000000,5.000000,,,62.172000,45.701000,45.253000,5595.464000,5641.254000,5686.373000,213.000000,131.000000,48.000000,175.000000,False,HARD,27.000000,False,Alpine,5533.104000,,12,,False,,False,False
2026,4,Miami Grand Prix,FP1,5814.702000,COL,43,colapinto,alpine,128.434000,33.000000,5.000000,,5809.171000,61.560000,35.508000,31.366000,5747.828000,5783.336000,5814.702000,210.000000,186.000000,,299.000000,False,HARD,28.000000,False,Alpine,5686.268000,,1,,False,,False,False
2026,4,Miami Grand Prix,FP1,147.812000,HAM,44,hamilton,ferrari,,1.000000,1.000000,20.859000,,,44.777000,31.357000,,116.677000,148.002000,156.000000,152.000000,250.000000,224.000000,False,HARD,1.000000,True,Ferrari,20.859000,,1,,False,,False,False
2026,4,Miami Grand Prix,FP1,240.376000,HAM,44,hamilton,ferrari,92.564000,2.000000,1.000000,,,32.069000,34.574000,25.921000,179.881000,214.455000,240.376000,213.000000,189.000000,242.000000,321.000000,True,HARD,2.000000,True,Ferrari,147.812000,,1,,False,,False,True
2026,4,Miami Grand Prix,FP1,387.419000,HAM,44,hamilton,ferrari,147.043000,3.000000,1.000000,,,56.698000,57.608000,32.737000,297.074000,354.682000,387.419000,120.000000,61.000000,252.000000,223.000000,False,HARD,3.000000,True,Ferrari,240.376000,,1,,False,,False,True
2026,4,Miami Grand Prix,FP1,479.931000,HAM,44,hamilton,ferrari,92.512000,4.000000,1.000000,,,31.249000,35.489000,25.774000,418.668000,454.157000,479.931000,214.000000,189.000000,243.000000,323.000000,False,HARD,4.000000,True,Ferrari,387.419000,,1,,True,TRACK LIMITS AT TURN 11 LAP 5 ,False,True
2026,4,Miami Grand Prix,FP1,631.167000,HAM,44,hamilton,ferrari,,5.000000,1.000000,,,54.539000,63.129000,33.576000,534.666000,597.971000,631.368000,121.000000,52.000000,253.000000,240.000000,False,HARD,5.000000,True,Ferrari,479.931000,,1,,False,,False,False
2026,4,Miami Grand Prix,FP1,722.473000,HAM,44,hamilton,ferrari,91.306000,6.000000,1.000000,,,31.012000,34.656000,25.638000,662.179000,696.835000,722.473000,215.000000,189.000000,245.000000,322.000000,True,HARD,6.000000,True,Ferrari,631.167000,,1,,False,,False,True
2026,4,Miami Grand Prix,FP1,889.409000,HAM,44,hamilton,ferrari,,7.000000,1.000000,,,61.780000,72.139000,32.913000,784.407000,856.696000,889.438000,94.000000,136.000000,253.000000,175.000000,False,HARD,7.000000,True,Ferrari,722.473000,,12,,False,,False,False
2026,4,Miami Grand Prix,FP1,1016.396000,HAM,44,hamilton,ferrari,126.987000,8.000000,1.000000,,,45.582000,47.212000,34.193000,934.991000,982.203000,1016.396000,147.000000,79.000000,260.000000,113.000000,False,HARD,8.000000,True,Ferrari,889.409000,,1,,True,TRACK LIMITS AT TURN 1 LAP 9 ,False,True
2026,4,Miami Grand Prix,FP1,1107.271000,HAM,44,hamilton,ferrari,90.875000,9.000000,1.000000,,,30.801000,34.460000,25.614000,1047.197000,1081.657000,1107.271000,216.000000,189.000000,243.000000,321.000000,True,HARD,9.000000,True,Ferrari,1016.396000,,1,,False,,False,True
2026,4,Miami Grand Prix,FP1,1259.668000,HAM,44,hamilton,ferrari,,10.000000,1.000000,,1254.120000,56.575000,55.396000,40.497000,1163.970000,1219.425000,1259.668000,126.000000,110.000000,,179.000000,False,HARD,10.000000,True,Ferrari,1107.271000,,1,,False,,False,False
2026,4,Miami Grand Prix,FP1,2010.919000,HAM,44,hamilton,ferrari,,11.000000,2.000000,1896.020000,,,44.042000,30.917000,,1980.225000,2011.286000,164.000000,141.000000,254.000000,253.000000,False,HARD,11.000000,False,Ferrari,1259.668000,,1,,False,,False,False
2026,4,Miami Grand Prix,FP1,2127.083000,HAM,44,hamilton,ferrari,116.164000,12.000000,2.000000,,,38.331000,46.788000,31.045000,2049.250000,2096.038000,2127.083000,157.000000,136.000000,252.000000,199.000000,False,HARD,12.000000,False,Ferrari,2010.919000,,1,,False,,False,True
2026,4,Miami Grand Prix,FP1,2217.569000,HAM,44,hamilton,ferrari,90.486000,13.000000,2.000000,,,30.892000,34.128000,25.466000,2157.975000,2192.103000,2217.569000,218.000000,190.000000,251.000000,319.000000,True,HARD,13.000000,False,Ferrari,2127.083000,,1,,False,,False,True
2026,4,Miami Grand Prix,FP1,2374.038000,HAM,44,hamilton,ferrari,,14.000000,2.000000,,2368.147000,57.880000,60.236000,38.202000,2275.746000,2335.892000,2374.038000,94.000000,116.000000,,220.000000,False,HARD,14.000000,False,Ferrari,2217.569000,,1,,False,,False,False
2026,4,Miami Grand Prix,FP1,2538.178000,HAM,44,hamilton,ferrari,,15.000000,3.000000,2387.861000,,78.853000,52.103000,33.272000,2453.003000,2505.154000,2538.347000,130.000000,63.000000,259.000000,219.000000,False,HARD,15.000000,False,Ferrari,2374.038000,,1,,False,,False,False
2026,4,Miami Grand Prix,FP1,2628.373000,HAM,44,hamilton,ferrari,90.195000,16.000000,3.000000,,,30.966000,33.940000,25.289000,2569.144000,2603.084000,2628.373000,217.000000,191.000000,255.000000,320.000000,True,HARD,16.000000,False,Ferrari,2538.178000,,1,,False,,False,True
2026,4,Miami Grand Prix,FP1,2755.828000,HAM,44,hamilton,ferrari,127.455000,17.000000,3.000000,,2750.291000,40.026000,52.236000,35.193000,2668.399000,2720.635000,2755.828000,83.000000,133.000000,,238.000000,False,HARD,17.000000,False,Ferrari,2628.373000,,1,,False,,False,False
2026,4,Miami Grand Prix,FP1,3264.578000,HAM,44,hamilton,ferrari,,18.000000,4.000000,3136.348000,,,37.307000,29.827000,,3234.963000,3264.633000,199.000000,177.000000,287.000000,172.000000,False,HARD,18.000000,False,Ferrari,2755.828000,,1,,False,,False,False
2026,4,Miami Grand Prix,FP1,3358.141000,HAM,44,hamilton,ferrari,93.563000,19.000000,4.000000,,,32.240000,35.359000,25.964000,3296.818000,3332.177000,3358.141000,210.000000,186.000000,281.000000,301.000000,False,HARD,19.000000,False,Ferrari,3264.578000,,1,,False,,False,True
2026,4,Miami Grand Prix,FP1,3451.592000,HAM,44,hamilton,ferrari,93.451000,20.000000,4.000000,,,32.284000,35.320000,25.847000,3390.425000,3425.745000,3451.592000,211.000000,186.000000,281.000000,299.000000,False,HARD,20.000000,False,Ferrari,3358.141000,,1,,False,,False,True
2026,4,Miami Grand Prix,FP1,3544.922000,HAM,44,hamilton,ferrari,93.330000,21.000000,4.000000,,,32.163000,35.389000,25.778000,3483.755000,3519.144000,3544.922000,209.000000,185.000000,281.000000,314.000000,False,HARD,21.000000,False,Ferrari,3451.592000,,1,,False,,False,True
2026,4,Miami Grand Prix,FP1,3638.719000,HAM,44,hamilton,ferrari,93.797000,22.000000,4.000000,,,32.607000,35.557000,25.633000,3577.529000,3613.086000,3638.719000,209.000000,185.000000,280.000000,310.000000,False,HARD,22.000000,False,Ferrari,3544.922000,,1,,False,,False,True
2026,4,Miami Grand Prix,FP1,3732.615000,HAM,44,hamilton,ferrari,93.896000,23.000000,4.000000,,,32.411000,35.485000,26.000000,3671.130000,3706.615000,3732.615000,209.000000,185.000000,282.000000,302.000000,False,HARD,23.000000,False,Ferrari,3638.719000,,1,,False,,False,True
2026,4,Miami Grand Prix,FP1,3826.828000,HAM,44,hamilton,ferrari,94.213000,24.000000,4.000000,,,32.819000,35.517000,25.877000,3765.434000,3800.951000,3826.828000,207.000000,186.000000,280.000000,307.000000,False,HARD,24.000000,False,Ferrari,3732.615000,,1,,False,,False,True
2026,4,Miami Grand Prix,FP1,3920.433000,HAM,44,hamilton,ferrari,93.605000,25.000000,4.000000,,,32.242000,35.349000,26.014000,3859.070000,3894.419000,3920.433000,209.000000,185.000000,277.000000,302.000000,False,HARD,25.000000,False,Ferrari,3826.828000,,1,,False,,False,True
2026,4,Miami Grand Prix,FP1,4014.143000,HAM,44,hamilton,ferrari,93.710000,26.000000,4.000000,,,32.133000,35.648000,25.929000,3952.566000,3988.214000,4014.143000,212.000000,186.000000,281.000000,303.000000,False,HARD,26.000000,False,Ferrari,3920.433000,,1,,False,,False,True
2026,4,Miami Grand Prix,FP1,4107.285000,HAM,44,hamilton,ferrari,93.142000,27.000000,4.000000,,,32.096000,35.316000,25.730000,4046.239000,4081.555000,4107.285000,210.000000,187.000000,286.000000,306.000000,False,HARD,27.000000,False,Ferrari,4014.143000,,1,,False,,False,True
2026,4,Miami Grand Prix,FP1,4206.083000,HAM,44,hamilton,ferrari,98.798000,28.000000,4.000000,,4200.687000,32.234000,35.221000,31.343000,4139.519000,4174.740000,4206.083000,210.000000,185.000000,,305.000000,False,HARD,28.000000,False,Ferrari,4107.285000,,1,,False,,False,False
2026,4,Miami Grand Prix,FP1,4835.799000,HAM,44,hamilton,ferrari,,29.000000,5.000000,4715.662000,,,44.735000,31.083000,,4804.921000,4835.888000,154.000000,145.000000,257.000000,209.000000,False,SOFT,1.000000,True,Ferrari,4206.083000,,1,,False,,False,False
2026,4,Miami Grand Prix,FP1,4925.576000,HAM,44,hamilton,ferrari,89.777000,30.000000,5.000000,,,30.594000,33.859000,25.324000,4866.393000,4900.252000,4925.576000,217.000000,192.000000,251.000000,324.000000,True,SOFT,2.000000,True,Ferrari,4835.799000,,1,,False,,False,True
2026,4,Miami Grand Prix,FP1,5086.308000,HAM,44,hamilton,ferrari,,31.000000,5.000000,,,53.876000,62.141000,44.717000,4979.595000,5041.803000,5086.308000,108.000000,110.000000,139.000000,170.000000,False,SOFT,3.000000,True,Ferrari,4925.576000,,1,,False,,False,False
2026,4,Miami Grand Prix,FP1,5225.299000,HAM,44,hamilton,ferrari,138.991000,32.000000,5.000000,,,57.337000,51.554000,30.100000,5143.645000,5195.199000,5225.299000,115.000000,155.000000,254.000000,229.000000,False,SOFT,4.000000,True,Ferrari,5086.308000,,1,,False,,False,True
2026,4,Miami Grand Prix,FP1,5335.488000,HAM,44,hamilton,ferrari,110.189000,33.000000,5.000000,,,35.021000,40.846000,34.322000,5260.320000,5301.166000,5335.488000,163.000000,136.000000,254.000000,193.000000,False,SOFT,5.000000,True,Ferrari,5225.299000,,1,,False,,False,True
2026,4,Miami Grand Prix,FP1,5432.539000,HAM,44,hamilton,ferrari,97.051000,34.000000,5.000000,,,32.281000,33.972000,30.798000,5367.769000,5401.741000,5432.539000,216.000000,191.000000,251.000000,170.000000,False,SOFT,6.000000,True,Ferrari,5335.488000,,1,,False,,False,True
2026,4,Miami Grand Prix,FP1,5535.406000,HAM,44,hamilton,ferrari,102.867000,35.000000,5.000000,,5529.973000,30.938000,37.367000,34.562000,5463.477000,5500.844000,5535.406000,218.000000,179.000000,,287.000000,False,SOFT,7.000000,True,Ferrari,5432.539000,,1,,False,,False,False
2026,4,Miami Grand Prix,FP1,116.975000,SAI,55,sainz,williams,,1.000000,1.000000,8.484000,,,41.431000,30.392000,,86.802000,117.068000,183.000000,156.000000,237.000000,253.000000,False,HARD,1.000000,True,Williams,8.484000,,1,,False,,False,False
2026,4,Miami Grand Prix,FP1,230.577000,SAI,55,sainz,williams,113.602000,2.000000,1.000000,,,39.818000,44.171000,29.613000,156.793000,200.964000,230.577000,189.000000,159.000000,243.000000,241.000000,True,HARD,2.000000,True,Williams,116.975000,,1,,False,,False,True
2026,4,Miami Grand Prix,FP1,323.110000,SAI,55,sainz,williams,92.533000,3.000000,1.000000,,,32.441000,34.718000,25.374000,263.018000,297.736000,323.110000,216.000000,188.000000,275.000000,312.000000,True,HARD,3.000000,True,Williams,230.577000,,1,,False,,False,True
2026,4,Miami Grand Prix,FP1,454.364000,SAI,55,sainz,williams,131.254000,4.000000,1.000000,,,45.005000,46.718000,39.531000,368.115000,414.833000,454.364000,168.000000,90.000000,243.000000,191.000000,False,HARD,4.000000,True,Williams,323.110000,,1,,False,,False,True
2026,4,Miami Grand Prix,FP1,546.790000,SAI,55,sainz,williams,92.426000,5.000000,1.000000,,,32.323000,34.705000,25.398000,486.687000,521.392000,546.790000,213.000000,187.000000,272.000000,313.000000,True,HARD,5.000000,True,Williams,454.364000,,1,,False,,False,True
2026,4,Miami Grand Prix,FP1,699.882000,SAI,55,sainz,williams,,6.000000,1.000000,,,52.255000,58.696000,42.142000,599.237000,658.053000,700.002000,129.000000,102.000000,235.000000,235.000000,False,HARD,6.000000,True,Williams,546.790000,,1,,False,,False,False
2026,4,Miami Grand Prix,FP1,792.034000,SAI,55,sainz,williams,92.152000,7.000000,1.000000,,,32.448000,34.422000,25.282000,732.330000,766.752000,792.034000,215.000000,186.000000,274.000000,313.000000,True,HARD,7.000000,True,Williams,699.882000,,12,,False,,False,True
2026,4,Miami Grand Prix,FP1,931.754000,SAI,55,sainz,williams,139.720000,8.000000,1.000000,,,44.956000,57.117000,37.647000,836.990000,894.107000,931.754000,131.000000,81.000000,239.000000,225.000000,False,HARD,8.000000,True,Williams,792.034000,,1,,False,,False,True
2026,4,Miami Grand Prix,FP1,1030.850000,SAI,55,sainz,williams,99.096000,9.000000,1.000000,,1023.861000,32.280000,34.360000,32.456000,964.034000,998.394000,1030.850000,215.000000,189.000000,,306.000000,False,HARD,9.000000,True,Williams,931.754000,,1,,False,,False,False
2026,4,Miami Grand Prix,FP1,1164.352000,SAI,55,sainz,williams,133.502000,10.000000,2.000000,1054.385000,,61.445000,41.183000,30.874000,1092.295000,1133.478000,1164.352000,184.000000,152.000000,242.000000,240.000000,False,HARD,10.000000,False,Williams,1030.850000,,1,,False,,False,False
2026,4,Miami Grand Prix,FP1,1276.295000,SAI,55,sainz,williams,111.943000,11.000000,2.000000,,1270.607000,36.426000,40.888000,34.629000,1200.778000,1241.666000,1276.295000,185.000000,160.000000,,270.000000,False,HARD,11.000000,False,Williams,1164.352000,,1,,False,,False,False
2026,4,Miami Grand Prix,FP1,2196.937000,SAI,55,sainz,williams,,12.000000,3.000000,2087.586000,,,39.575000,35.199000,,2161.864000,2196.937000,199.000000,157.000000,275.000000,166.000000,False,HARD,12.000000,False,Williams,1276.295000,,1,,False,,False,False
2026,4,Miami Grand Prix,FP1,2314.107000,SAI,55,sainz,williams,117.170000,13.000000,3.000000,,,34.304000,44.553000,38.313000,2231.241000,2275.794000,2314.107000,174.000000,147.000000,246.000000,202.000000,False,HARD,13.000000,False,Williams,2196.937000,,1,,False,,False,True
2026,4,Miami Grand Prix,FP1,2406.949000,SAI,55,sainz,williams,92.842000,14.000000,3.000000,,,32.565000,34.576000,25.701000,2346.672000,2381.248000,2406.949000,212.000000,189.000000,252.000000,318.000000,False,HARD,14.000000,False,Williams,2314.107000,,1,,False,,False,True
2026,4,Miami Grand Prix,FP1,2548.483000,SAI,55,sainz,williams,141.534000,15.000000,3.000000,,,49.190000,55.913000,36.431000,2456.139000,2512.052000,2548.483000,151.000000,69.000000,227.000000,242.000000,False,HARD,15.000000,False,Williams,2406.949000,,1,,False,,False,True
2026,4,Miami Grand Prix,FP1,2650.685000,SAI,55,sainz,williams,102.202000,16.000000,3.000000,,2645.009000,33.552000,36.401000,32.249000,2582.035000,2618.436000,2650.685000,205.000000,181.000000,,261.000000,False,HARD,16.000000,False,Williams,2548.483000,,1,,False,,False,False
2026,4,Miami Grand Prix,FP1,2788.804000,SAI,55,sainz,williams,138.119000,17.000000,4.000000,2682.304000,,66.594000,39.016000,32.509000,2717.279000,2756.295000,2788.804000,184.000000,160.000000,232.000000,228.000000,False,HARD,17.000000,False,Williams,2650.685000,,1,,False,,False,False
2026,4,Miami Grand Prix,FP1,2898.919000,SAI,55,sainz,williams,110.115000,18.000000,4.000000,,2893.334000,36.812000,38.959000,34.344000,2825.616000,2864.575000,2898.919000,182.000000,171.000000,,280.000000,False,HARD,18.000000,False,Williams,2788.804000,,1,,False,,False,False
2026,4,Miami Grand Prix,FP1,3560.834000,SAI,55,sainz,williams,,19.000000,5.000000,3438.063000,,,41.329000,29.900000,,3531.206000,3560.976000,192.000000,165.000000,258.000000,257.000000,False,HARD,19.000000,False,Williams,2898.919000,,1,,False,,False,False
2026,4,Miami Grand Prix,FP1,3653.981000,SAI,55,sainz,williams,93.147000,20.000000,5.000000,,,32.308000,34.965000,25.874000,3593.142000,3628.107000,3653.981000,211.000000,185.000000,254.000000,313.000000,False,HARD,20.000000,False,Williams,3560.834000,,1,,False,,False,True
2026,4,Miami Grand Prix,FP1,3766.751000,SAI,55,sainz,williams,112.770000,21.000000,5.000000,,,39.001000,45.034000,28.735000,3692.982000,3738.016000,3766.751000,182.000000,134.000000,286.000000,258.000000,False,HARD,21.000000,False,Williams,3653.981000,,1,,False,,False,True
2026,4,Miami Grand Prix,FP1,3860.987000,SAI,55,sainz,williams,94.236000,22.000000,5.000000,,,32.759000,35.168000,26.309000,3799.510000,3834.678000,3860.987000,212.000000,184.000000,264.000000,307.000000,False,HARD,22.000000,False,Williams,3766.751000,,1,,False,,False,True
2026,4,Miami Grand Prix,FP1,3955.435000,SAI,55,sainz,williams,94.448000,23.000000,5.000000,,,32.850000,35.360000,26.238000,3893.837000,3929.197000,3955.435000,210.000000,185.000000,270.000000,304.000000,False,HARD,23.000000,False,Williams,3860.987000,,1,,False,,False,True
2026,4,Miami Grand Prix,FP1,4050.129000,SAI,55,sainz,williams,94.694000,24.000000,5.000000,,,32.937000,35.489000,26.268000,3988.372000,4023.861000,4050.129000,210.000000,186.000000,274.000000,306.000000,False,HARD,24.000000,False,Williams,3955.435000,,1,,False,,False,True
2026,4,Miami Grand Prix,FP1,4145.248000,SAI,55,sainz,williams,95.119000,25.000000,5.000000,,,33.231000,35.556000,26.332000,4083.360000,4118.916000,4145.248000,210.000000,183.000000,276.000000,306.000000,False,HARD,25.000000,False,Williams,4050.129000,,1,,False,,False,True
2026,4,Miami Grand Prix,FP1,4240.601000,SAI,55,sainz,williams,95.353000,26.000000,5.000000,,,33.348000,35.408000,26.597000,4178.596000,4214.004000,4240.601000,212.000000,184.000000,284.000000,297.000000,False,HARD,26.000000,False,Williams,4145.248000,,1,,False,,False,True
2026,4,Miami Grand Prix,FP1,4335.093000,SAI,55,sainz,williams,94.492000,27.000000,5.000000,,,32.903000,35.289000,26.300000,4273.504000,4308.793000,4335.093000,213.000000,185.000000,280.000000,305.000000,False,HARD,27.000000,False,Williams,4240.601000,,1,,False,,False,True
2026,4,Miami Grand Prix,FP1,4432.877000,SAI,55,sainz,williams,97.784000,28.000000,5.000000,,,34.283000,36.818000,26.683000,4369.376000,4406.194000,4432.877000,208.000000,177.000000,278.000000,300.000000,False,HARD,28.000000,False,Williams,4335.093000,,1,,False,,False,True
2026,4,Miami Grand Prix,FP1,4536.744000,SAI,55,sainz,williams,103.867000,29.000000,5.000000,,4531.213000,33.154000,36.487000,34.226000,4466.031000,4502.518000,4536.744000,212.000000,151.000000,,255.000000,False,HARD,29.000000,False,Williams,4432.877000,,1,,False,,False,False
2026,4,Miami Grand Prix,FP1,5037.744000,SAI,55,sainz,williams,,30.000000,6.000000,4913.775000,,,49.208000,39.485000,,4998.453000,5037.871000,167.000000,80.000000,247.000000,113.000000,False,SOFT,1.000000,True,Williams,4536.744000,,1,,False,,False,False
2026,4,Miami Grand Prix,FP1,5155.828000,SAI,55,sainz,williams,118.084000,31.000000,6.000000,,,40.844000,46.237000,31.003000,5078.588000,5124.825000,5155.828000,156.000000,77.000000,261.000000,250.000000,False,SOFT,2.000000,True,Williams,5037.744000,,1,,False,,False,True
2026,4,Miami Grand Prix,FP1,5246.758000,SAI,55,sainz,williams,90.930000,32.000000,6.000000,,,31.766000,33.824000,25.340000,5187.594000,5221.418000,5246.758000,218.000000,190.000000,256.000000,321.000000,True,SOFT,3.000000,True,Williams,5155.828000,,1,,False,,False,True
2026,4,Miami Grand Prix,FP1,5394.423000,SAI,55,sainz,williams,147.665000,33.000000,6.000000,,,54.795000,57.140000,35.730000,5301.553000,5358.693000,5394.423000,101.000000,127.000000,240.000000,158.000000,False,SOFT,4.000000,True,Williams,5246.758000,,1,,False,,False,True
2026,4,Miami Grand Prix,FP1,5486.502000,SAI,55,sainz,williams,92.079000,34.000000,6.000000,,,32.479000,34.299000,25.301000,5426.902000,5461.201000,5486.502000,219.000000,189.000000,257.000000,327.000000,False,SOFT,5.000000,True,Williams,5394.423000,,1,,False,,False,True
2026,4,Miami Grand Prix,FP1,5629.489000,SAI,55,sainz,williams,142.987000,35.000000,6.000000,,,47.643000,47.497000,47.847000,5534.145000,5581.642000,5629.489000,148.000000,125.000000,53.000000,154.000000,False,SOFT,6.000000,True,Williams,5486.502000,,12,,False,,False,True
2026,4,Miami Grand Prix,FP1,5782.825000,SAI,55,sainz,williams,,36.000000,6.000000,,,70.946000,41.575000,40.831000,5700.612000,5742.344000,5783.339000,173.000000,167.000000,65.000000,186.000000,False,SOFT,7.000000,True,Williams,5629.489000,,1,,False,,False,False
2026,4,Miami Grand Prix,FP1,5922.001000,SAI,55,sainz,williams,139.176000,37.000000,6.000000,,5916.454000,70.502000,37.447000,31.227000,5853.327000,5890.774000,5922.001000,205.000000,179.000000,,309.000000,False,SOFT,8.000000,True,Williams,5782.825000,,1,,False,,False,False
2026,4,Miami Grand Prix,FP1,474.517000,RUS,63,russell,mercedes,,1.000000,1.000000,342.990000,,,40.740000,29.992000,,444.727000,474.603000,192.000000,103.000000,267.000000,285.000000,False,HARD,1.000000,True,Mercedes,342.990000,,1,,False,,False,False
2026,4,Miami Grand Prix,FP1,566.752000,RUS,63,russell,mercedes,92.235000,2.000000,1.000000,,,31.493000,35.084000,25.658000,506.010000,541.094000,566.752000,213.000000,189.000000,264.000000,320.000000,True,HARD,2.000000,True,Mercedes,474.517000,,1,,False,,False,True
2026,4,Miami Grand Prix,FP1,694.962000,RUS,63,russell,mercedes,128.210000,3.000000,1.000000,,689.405000,46.298000,46.072000,35.840000,613.050000,659.122000,694.962000,154.000000,143.000000,,259.000000,False,HARD,3.000000,True,Mercedes,566.752000,,1,,False,,False,False
2026,4,Miami Grand Prix,FP1,839.119000,RUS,63,russell,mercedes,144.157000,4.000000,2.000000,717.679000,,65.702000,47.305000,31.150000,760.664000,807.969000,839.119000,146.000000,112.000000,261.000000,280.000000,False,HARD,4.000000,False,Mercedes,694.962000,,12,,False,,False,False
2026,4,Miami Grand Prix,FP1,974.463000,RUS,63,russell,mercedes,135.344000,5.000000,2.000000,,968.437000,43.933000,48.858000,42.553000,883.052000,931.910000,974.463000,119.000000,122.000000,,225.000000,False,HARD,5.000000,False,Mercedes,839.119000,,1,,False,,False,False
2026,4,Miami Grand Prix,FP1,1477.207000,RUS,63,russell,mercedes,,6.000000,3.000000,1364.170000,,,38.512000,38.664000,,1438.735000,1477.377000,191.000000,171.000000,260.000000,188.000000,False,HARD,6.000000,False,Mercedes,974.463000,,1,,False,,False,False
2026,4,Miami Grand Prix,FP1,1568.772000,RUS,63,russell,mercedes,91.565000,7.000000,3.000000,,,31.740000,34.462000,25.363000,1508.947000,1543.409000,1568.772000,211.000000,192.000000,273.000000,320.000000,True,HARD,7.000000,False,Mercedes,1477.207000,,1,,False,,False,True
2026,4,Miami Grand Prix,FP1,1709.386000,RUS,63,russell,mercedes,140.614000,8.000000,3.000000,,,52.974000,56.815000,30.825000,1621.746000,1678.561000,1709.386000,116.000000,159.000000,259.000000,238.000000,False,HARD,8.000000,False,Mercedes,1568.772000,,1,,False,,False,True
2026,4,Miami Grand Prix,FP1,1829.933000,RUS,63,russell,mercedes,120.547000,9.000000,3.000000,,,39.714000,45.965000,34.868000,1749.100000,1795.065000,1829.933000,156.000000,111.000000,255.000000,262.000000,False,HARD,9.000000,False,Mercedes,1709.386000,,1,,True,TRACK LIMITS AT TURN 1 LAP 10 ,False,True
2026,4,Miami Grand Prix,FP1,1920.961000,RUS,63,russell,mercedes,91.028000,10.000000,3.000000,,,31.384000,34.185000,25.459000,1861.317000,1895.502000,1920.961000,218.000000,191.000000,268.000000,325.000000,True,HARD,10.000000,False,Mercedes,1829.933000,,1,,False,,False,True
2026,4,Miami Grand Prix,FP1,2044.942000,RUS,63,russell,mercedes,123.981000,11.000000,3.000000,,2039.420000,45.947000,41.944000,36.090000,1966.908000,2008.852000,2044.942000,163.000000,158.000000,,217.000000,False,HARD,11.000000,False,Mercedes,1920.961000,,1,,False,,False,False
2026,4,Miami Grand Prix,FP1,2547.665000,RUS,63,russell,mercedes,,12.000000,4.000000,2433.152000,,,35.262000,26.738000,,2521.195000,2547.775000,214.000000,186.000000,281.000000,276.000000,False,HARD,12.000000,False,Mercedes,2044.942000,,1,,False,,False,False
2026,4,Miami Grand Prix,FP1,2640.215000,RUS,63,russell,mercedes,92.550000,13.000000,4.000000,,,31.762000,34.808000,25.980000,2579.427000,2614.235000,2640.215000,218.000000,189.000000,270.000000,305.000000,False,HARD,13.000000,False,Mercedes,2547.665000,,1,,False,,False,True
2026,4,Miami Grand Prix,FP1,2733.414000,RUS,63,russell,mercedes,93.199000,14.000000,4.000000,,,32.005000,35.114000,26.080000,2672.220000,2707.334000,2733.414000,215.000000,186.000000,268.000000,308.000000,False,HARD,14.000000,False,Mercedes,2640.215000,,1,,False,,False,True
2026,4,Miami Grand Prix,FP1,2826.491000,RUS,63,russell,mercedes,93.077000,15.000000,4.000000,,,32.046000,34.914000,26.117000,2765.460000,2800.374000,2826.491000,216.000000,187.000000,271.000000,303.000000,False,HARD,15.000000,False,Mercedes,2733.414000,,1,,False,,False,True
2026,4,Miami Grand Prix,FP1,2919.430000,RUS,63,russell,mercedes,92.939000,16.000000,4.000000,,,31.901000,35.026000,26.012000,2858.392000,2893.418000,2919.430000,212.000000,186.000000,270.000000,306.000000,False,HARD,16.000000,False,Mercedes,2826.491000,,1,,False,,False,True
2026,4,Miami Grand Prix,FP1,3012.254000,RUS,63,russell,mercedes,92.824000,17.000000,4.000000,,,31.802000,35.100000,25.922000,2951.232000,2986.332000,3012.254000,212.000000,185.000000,275.000000,305.000000,False,HARD,17.000000,False,Mercedes,2919.430000,,1,,False,,False,True
2026,4,Miami Grand Prix,FP1,3105.272000,RUS,63,russell,mercedes,93.018000,18.000000,4.000000,,,31.987000,35.078000,25.953000,3044.241000,3079.319000,3105.272000,213.000000,186.000000,272.000000,302.000000,False,HARD,18.000000,False,Mercedes,3012.254000,,1,,False,,False,True
2026,4,Miami Grand Prix,FP1,3198.250000,RUS,63,russell,mercedes,92.978000,19.000000,4.000000,,,32.107000,34.947000,25.924000,3137.379000,3172.326000,3198.250000,212.000000,186.000000,274.000000,303.000000,False,HARD,19.000000,False,Mercedes,3105.272000,,1,,False,,False,True
2026,4,Miami Grand Prix,FP1,3291.515000,RUS,63,russell,mercedes,93.265000,20.000000,4.000000,,,32.063000,35.137000,26.065000,3230.313000,3265.450000,3291.515000,213.000000,186.000000,267.000000,304.000000,False,HARD,20.000000,False,Mercedes,3198.250000,,1,,False,,False,True
2026,4,Miami Grand Prix,FP1,3385.021000,RUS,63,russell,mercedes,93.506000,21.000000,4.000000,,,32.263000,35.012000,26.231000,3323.778000,3358.790000,3385.021000,211.000000,185.000000,274.000000,305.000000,False,HARD,21.000000,False,Mercedes,3291.515000,,1,,False,,False,True
2026,4,Miami Grand Prix,FP1,3486.670000,RUS,63,russell,mercedes,101.649000,22.000000,4.000000,,,32.620000,35.484000,33.545000,3417.641000,3453.125000,3486.670000,209.000000,184.000000,240.000000,153.000000,False,HARD,22.000000,False,Mercedes,3385.021000,,1,,False,,False,True
2026,4,Miami Grand Prix,FP1,3580.296000,RUS,63,russell,mercedes,93.626000,23.000000,4.000000,,,32.508000,35.142000,25.976000,3519.178000,3554.320000,3580.296000,205.000000,186.000000,275.000000,302.000000,False,HARD,23.000000,False,Mercedes,3486.670000,,1,,False,,False,True
2026,4,Miami Grand Prix,FP1,3684.582000,RUS,63,russell,mercedes,104.286000,24.000000,4.000000,,3679.104000,31.966000,37.097000,35.223000,3612.262000,3649.359000,3684.582000,214.000000,152.000000,,247.000000,False,HARD,24.000000,False,Mercedes,3580.296000,,1,,False,,False,False
2026,4,Miami Grand Prix,FP1,4657.750000,RUS,63,russell,mercedes,,25.000000,5.000000,4536.900000,,,45.315000,35.015000,,4622.916000,4657.895000,160.000000,75.000000,264.000000,276.000000,False,SOFT,1.000000,True,Mercedes,3684.582000,,1,,False,,False,False
2026,4,Miami Grand Prix,FP1,4747.850000,RUS,63,russell,mercedes,90.100000,26.000000,5.000000,,,30.840000,33.945000,25.315000,4688.590000,4722.535000,4747.850000,219.000000,191.000000,267.000000,325.000000,True,SOFT,2.000000,True,Mercedes,4657.750000,,1,,False,,False,True
2026,4,Miami Grand Prix,FP1,4901.198000,RUS,63,russell,mercedes,,27.000000,5.000000,,4894.872000,51.778000,55.594000,45.724000,4799.880000,4855.482000,4902.526000,123.000000,111.000000,,193.000000,False,SOFT,3.000000,True,Mercedes,4747.850000,,1,,False,,False,False
2026,4,Miami Grand Prix,FP1,5053.111000,RUS,63,russell,mercedes,,28.000000,6.000000,4922.488000,,70.336000,49.098000,32.676000,4971.562000,5020.616000,5053.121000,139.000000,118.000000,261.000000,273.000000,False,SOFT,4.000000,False,Mercedes,4901.198000,,1,,False,,False,False
2026,4,Miami Grand Prix,FP1,5179.053000,RUS,63,russell,mercedes,125.942000,29.000000,6.000000,,,38.796000,53.294000,33.852000,5091.907000,5145.201000,5179.053000,151.000000,93.000000,259.000000,278.000000,False,SOFT,5.000000,False,Mercedes,5053.111000,,1,,False,,False,True
2026,4,Miami Grand Prix,FP1,5275.331000,RUS,63,russell,mercedes,96.278000,30.000000,6.000000,,5269.774000,31.294000,33.715000,31.269000,5210.347000,5244.062000,5275.331000,221.000000,192.000000,,320.000000,False,SOFT,6.000000,False,Mercedes,5179.053000,,1,,False,,False,False
2026,4,Miami Grand Prix,FP1,5511.563000,RUS,63,russell,mercedes,,31.000000,7.000000,5393.417000,,,43.195000,34.586000,,5477.047000,5511.604000,178.000000,123.000000,188.000000,196.000000,False,SOFT,7.000000,False,Mercedes,5275.331000,,1,,False,,False,False
2026,4,Miami Grand Prix,FP1,5652.660000,RUS,63,russell,mercedes,141.097000,32.000000,7.000000,,,44.690000,48.171000,48.236000,5556.253000,5604.424000,5652.660000,144.000000,123.000000,68.000000,217.000000,False,SOFT,8.000000,False,Mercedes,5511.563000,,12,,False,,False,True
2026,4,Miami Grand Prix,FP1,5811.584000,RUS,63,russell,mercedes,,33.000000,7.000000,,,64.902000,44.623000,49.459000,5717.682000,5762.322000,5812.343000,196.000000,127.000000,69.000000,233.000000,False,SOFT,9.000000,False,Mercedes,5652.660000,,1,,False,,False,False
2026,4,Miami Grand Prix,FP1,5956.510000,RUS,63,russell,mercedes,144.926000,34.000000,7.000000,,5952.496000,72.822000,34.980000,37.124000,5884.406000,5919.386000,5956.510000,216.000000,173.000000,,231.000000,False,SOFT,10.000000,False,Mercedes,5811.584000,,1,,False,,False,False
2026,4,Miami Grand Prix,FP1,345.067000,BOT,77,bottas,cadillac,,1.000000,1.000000,233.118000,,,40.961000,29.927000,,315.443000,345.228000,151.000000,167.000000,248.000000,274.000000,False,MEDIUM,1.000000,True,Cadillac,233.118000,,1,,False,,False,False
2026,4,Miami Grand Prix,FP1,441.167000,BOT,77,bottas,cadillac,96.100000,2.000000,1.000000,,,34.021000,35.837000,26.242000,379.088000,414.925000,441.167000,200.000000,187.000000,254.000000,306.000000,True,MEDIUM,2.000000,True,Cadillac,345.067000,,1,,False,,False,True
2026,4,Miami Grand Prix,FP1,573.919000,BOT,77,bottas,cadillac,132.752000,3.000000,1.000000,,,52.524000,45.050000,35.178000,493.691000,538.741000,573.919000,162.000000,143.000000,252.000000,173.000000,False,MEDIUM,3.000000,True,Cadillac,441.167000,,1,,True,TRACK LIMITS AT TURN 7 LAP 4 ,False,True
2026,4,Miami Grand Prix,FP1,669.274000,BOT,77,bottas,cadillac,95.355000,4.000000,1.000000,,,33.703000,35.417000,26.235000,607.622000,643.039000,669.274000,211.000000,186.000000,257.000000,298.000000,True,MEDIUM,4.000000,True,Cadillac,573.919000,,1,,False,,False,True
2026,4,Miami Grand Prix,FP1,790.554000,BOT,77,bottas,cadillac,121.280000,5.000000,1.000000,,,43.912000,44.656000,32.712000,713.186000,757.842000,790.554000,144.000000,142.000000,247.000000,264.000000,False,MEDIUM,5.000000,True,Cadillac,669.274000,,12,,False,,False,True
2026,4,Miami Grand Prix,FP1,884.878000,BOT,77,bottas,cadillac,94.324000,6.000000,1.000000,,,33.143000,35.060000,26.121000,823.697000,858.757000,884.878000,211.000000,185.000000,254.000000,306.000000,True,MEDIUM,6.000000,True,Cadillac,790.554000,,1,,False,,False,True
2026,4,Miami Grand Prix,FP1,1016.422000,BOT,77,bottas,cadillac,131.544000,7.000000,1.000000,,1010.368000,39.813000,47.121000,44.610000,924.691000,971.812000,1016.422000,163.000000,85.000000,,185.000000,False,MEDIUM,7.000000,True,Cadillac,884.878000,,1,,False,,False,False
2026,4,Miami Grand Prix,FP1,1155.576000,BOT,77,bottas,cadillac,139.154000,8.000000,2.000000,1036.968000,,61.466000,45.745000,31.943000,1077.888000,1123.633000,1155.576000,162.000000,142.000000,250.000000,271.000000,False,MEDIUM,8.000000,False,Cadillac,1016.422000,,1,,False,,False,False
2026,4,Miami Grand Prix,FP1,1249.193000,BOT,77,bottas,cadillac,93.617000,9.000000,2.000000,,,32.241000,35.548000,25.828000,1187.817000,1223.365000,1249.193000,209.000000,187.000000,261.000000,309.000000,True,MEDIUM,9.000000,False,Cadillac,1155.576000,,1,,False,,False,True
2026,4,Miami Grand Prix,FP1,1375.285000,BOT,77,bottas,cadillac,126.092000,10.000000,2.000000,,1369.819000,44.701000,45.316000,36.075000,1293.894000,1339.210000,1375.285000,164.000000,159.000000,,250.000000,False,MEDIUM,10.000000,False,Cadillac,1249.193000,,1,,False,,False,False
2026,4,Miami Grand Prix,FP1,2566.593000,BOT,77,bottas,cadillac,,11.000000,3.000000,2437.324000,,,41.466000,26.990000,,2539.703000,2566.681000,191.000000,150.000000,276.000000,300.000000,False,MEDIUM,11.000000,False,Cadillac,1375.285000,,1,,False,,False,False
2026,4,Miami Grand Prix,FP1,2663.905000,BOT,77,bottas,cadillac,97.312000,12.000000,3.000000,,,34.578000,35.992000,26.742000,2601.171000,2637.163000,2663.905000,207.000000,184.000000,268.000000,295.000000,False,MEDIUM,12.000000,False,Cadillac,2566.593000,,1,,False,,False,True
2026,4,Miami Grand Prix,FP1,2761.448000,BOT,77,bottas,cadillac,97.543000,13.000000,3.000000,,,34.464000,36.512000,26.567000,2698.369000,2734.881000,2761.448000,207.000000,180.000000,274.000000,289.000000,False,MEDIUM,13.000000,False,Cadillac,2663.905000,,1,,False,,False,True
2026,4,Miami Grand Prix,FP1,2859.354000,BOT,77,bottas,cadillac,97.906000,14.000000,3.000000,,,34.678000,36.497000,26.731000,2796.126000,2832.623000,2859.354000,207.000000,182.000000,271.000000,295.000000,False,MEDIUM,14.000000,False,Cadillac,2761.448000,,1,,False,,False,True
2026,4,Miami Grand Prix,FP1,2957.068000,BOT,77,bottas,cadillac,97.714000,15.000000,3.000000,,,34.452000,36.548000,26.714000,2893.806000,2930.354000,2957.068000,208.000000,181.000000,273.000000,292.000000,False,MEDIUM,15.000000,False,Cadillac,2859.354000,,1,,False,,False,True
2026,4,Miami Grand Prix,FP1,3056.034000,BOT,77,bottas,cadillac,98.966000,16.000000,3.000000,,,34.789000,37.496000,26.681000,2991.857000,3029.353000,3056.034000,204.000000,180.000000,278.000000,289.000000,False,MEDIUM,16.000000,False,Cadillac,2957.068000,,1,,False,,False,True
2026,4,Miami Grand Prix,FP1,3155.339000,BOT,77,bottas,cadillac,99.305000,17.000000,3.000000,,,36.019000,36.589000,26.697000,3092.053000,3128.642000,3155.339000,205.000000,179.000000,277.000000,290.000000,False,MEDIUM,17.000000,False,Cadillac,3056.034000,,1,,False,,False,True
2026,4,Miami Grand Prix,FP1,3254.118000,BOT,77,bottas,cadillac,98.779000,18.000000,3.000000,,,34.576000,36.702000,27.501000,3189.915000,3226.617000,3254.118000,207.000000,180.000000,280.000000,287.000000,False,MEDIUM,18.000000,False,Cadillac,3155.339000,,1,,False,,False,True
2026,4,Miami Grand Prix,FP1,3351.414000,BOT,77,bottas,cadillac,97.296000,19.000000,3.000000,,,34.577000,36.253000,26.466000,3288.695000,3324.948000,3351.414000,206.000000,179.000000,278.000000,298.000000,False,MEDIUM,19.000000,False,Cadillac,3254.118000,,1,,False,,False,True
2026,4,Miami Grand Prix,FP1,3470.580000,BOT,77,bottas,cadillac,119.166000,20.000000,3.000000,,3464.988000,38.311000,44.122000,36.733000,3389.725000,3433.847000,3470.580000,172.000000,159.000000,,221.000000,False,MEDIUM,20.000000,False,Cadillac,3351.414000,,1,,False,,False,False
2026,4,Miami Grand Prix,FP1,4084.650000,BOT,77,bottas,cadillac,,21.000000,4.000000,3963.634000,,,42.506000,30.600000,,4054.311000,4084.711000,180.000000,134.000000,249.000000,267.000000,False,SOFT,1.000000,True,Cadillac,3470.580000,,1,,False,,False,False
2026,4,Miami Grand Prix,FP1,4177.928000,BOT,77,bottas,cadillac,93.278000,22.000000,4.000000,,,32.580000,34.949000,25.749000,4117.230000,4152.179000,4177.928000,216.000000,187.000000,259.000000,312.000000,True,SOFT,2.000000,True,Cadillac,4084.650000,,1,,False,,False,True
2026,4,Miami Grand Prix,FP1,4312.047000,BOT,77,bottas,cadillac,134.119000,23.000000,4.000000,,,46.049000,48.628000,39.442000,4223.977000,4272.605000,4312.047000,151.000000,130.000000,159.000000,195.000000,False,SOFT,3.000000,True,Cadillac,4177.928000,,1,,False,,False,True
2026,4,Miami Grand Prix,FP1,4447.385000,BOT,77,bottas,cadillac,135.338000,24.000000,4.000000,,,48.506000,51.869000,34.963000,4360.553000,4412.422000,4447.385000,156.000000,139.000000,250.000000,221.000000,False,SOFT,4.000000,True,Cadillac,4312.047000,,1,,False,,False,True
2026,4,Miami Grand Prix,FP1,4585.185000,BOT,77,bottas,cadillac,137.800000,25.000000,4.000000,,4579.435000,52.348000,44.641000,40.811000,4499.733000,4544.374000,4585.185000,168.000000,129.000000,,218.000000,False,SOFT,5.000000,True,Cadillac,4447.385000,,1,,False,,False,False
2026,4,Miami Grand Prix,FP1,4952.436000,BOT,77,bottas,cadillac,,26.000000,5.000000,4827.560000,,,41.940000,33.405000,,4919.232000,4952.511000,164.000000,128.000000,255.000000,274.000000,False,SOFT,1.000000,True,Cadillac,4585.185000,,1,,False,,False,False
2026,4,Miami Grand Prix,FP1,5065.273000,BOT,77,bottas,cadillac,112.837000,27.000000,5.000000,,,31.915000,45.069000,35.853000,4984.351000,5029.420000,5065.273000,216.000000,131.000000,251.000000,182.000000,False,SOFT,2.000000,True,Cadillac,4952.436000,,1,,False,,False,True
2026,4,Miami Grand Prix,FP1,5158.035000,BOT,77,bottas,cadillac,92.762000,28.000000,5.000000,,,32.156000,34.665000,25.941000,5097.429000,5132.094000,5158.035000,214.000000,190.000000,255.000000,308.000000,True,SOFT,3.000000,True,Cadillac,5065.273000,,1,,False,,False,True
2026,4,Miami Grand Prix,FP1,5311.587000,BOT,77,bottas,cadillac,,29.000000,5.000000,,,50.981000,54.620000,47.894000,5209.231000,5263.946000,5311.641000,118.000000,94.000000,252.000000,254.000000,False,SOFT,4.000000,True,Cadillac,5158.035000,,1,,False,,False,False
2026,4,Miami Grand Prix,FP1,5404.402000,BOT,77,bottas,cadillac,92.815000,30.000000,5.000000,,,32.168000,34.822000,25.825000,5343.755000,5378.577000,5404.402000,217.000000,188.000000,268.000000,304.000000,False,SOFT,5.000000,True,Cadillac,5311.587000,,1,,False,,False,True
2026,4,Miami Grand Prix,FP1,5538.087000,BOT,77,bottas,cadillac,133.685000,31.000000,5.000000,,,44.295000,42.183000,47.207000,5448.697000,5490.880000,5538.087000,169.000000,155.000000,43.000000,164.000000,False,SOFT,6.000000,True,Cadillac,5404.402000,,1,,False,,False,True
2026,4,Miami Grand Prix,FP1,5693.400000,BOT,77,bottas,cadillac,,32.000000,5.000000,,,74.654000,45.319000,35.307000,5612.871000,5658.160000,5693.400000,159.000000,150.000000,111.000000,187.000000,False,SOFT,7.000000,True,Cadillac,5538.087000,,12,,False,,False,False
2026,4,Miami Grand Prix,FP1,5842.864000,BOT,77,bottas,cadillac,149.464000,33.000000,5.000000,,5836.500000,65.503000,43.704000,40.257000,5758.903000,5802.607000,5842.864000,186.000000,165.000000,,213.000000,False,SOFT,8.000000,True,Cadillac,5693.400000,,1,,False,,False,False
2026,4,Miami Grand Prix,FP1,331.434000,PIA,81,piastri,mclaren,126.276000,1.000000,1.000000,222.365000,,54.391000,41.509000,30.376000,259.695000,301.194000,331.490000,196.000000,163.000000,275.000000,248.000000,False,HARD,1.000000,True,McLaren,222.365000,,1,,False,,False,False
2026,4,Miami Grand Prix,FP1,460.603000,PIA,81,piastri,mclaren,129.169000,2.000000,1.000000,,,36.020000,49.943000,43.206000,367.454000,417.397000,460.603000,164.000000,71.000000,262.000000,81.000000,True,HARD,2.000000,True,McLaren,331.434000,,1,,False,,False,True
2026,4,Miami Grand Prix,FP1,552.344000,PIA,81,piastri,mclaren,91.741000,3.000000,1.000000,,,31.401000,34.670000,25.670000,492.004000,526.674000,552.344000,212.000000,187.000000,258.000000,310.000000,True,HARD,3.000000,True,McLaren,460.603000,,1,,False,,False,True
2026,4,Miami Grand Prix,FP1,709.231000,PIA,81,piastri,mclaren,,4.000000,1.000000,,,49.159000,57.829000,49.884000,601.634000,659.506000,709.334000,144.000000,96.000000,263.000000,75.000000,False,HARD,4.000000,True,McLaren,552.344000,,1,,False,,False,False
2026,4,Miami Grand Prix,FP1,806.286000,PIA,81,piastri,mclaren,97.055000,5.000000,1.000000,,,31.498000,34.359000,31.198000,740.729000,775.088000,806.286000,215.000000,190.000000,205.000000,199.000000,False,HARD,5.000000,True,McLaren,709.231000,,12,,True,DOUBLE YELLOW AT TURN 16,False,True
2026,4,Miami Grand Prix,FP1,951.353000,PIA,81,piastri,mclaren,145.067000,6.000000,1.000000,,,46.279000,54.418000,44.370000,852.565000,906.983000,951.353000,152.000000,82.000000,258.000000,190.000000,False,HARD,6.000000,True,McLaren,806.286000,,1,,False,,False,True
2026,4,Miami Grand Prix,FP1,1069.404000,PIA,81,piastri,mclaren,118.051000,7.000000,1.000000,,,42.040000,43.127000,32.884000,993.393000,1036.520000,1069.404000,159.000000,156.000000,263.000000,209.000000,False,HARD,7.000000,True,McLaren,951.353000,,1,,False,,False,True
2026,4,Miami Grand Prix,FP1,1160.581000,PIA,81,piastri,mclaren,91.177000,8.000000,1.000000,,,31.149000,34.406000,25.622000,1100.553000,1134.959000,1160.581000,212.000000,190.000000,259.000000,307.000000,True,HARD,8.000000,True,McLaren,1069.404000,,1,,False,,False,True
2026,4,Miami Grand Prix,FP1,1282.280000,PIA,81,piastri,mclaren,121.699000,9.000000,1.000000,,1276.262000,42.235000,40.837000,38.627000,1202.816000,1243.653000,1282.280000,178.000000,148.000000,,210.000000,False,HARD,9.000000,True,McLaren,1160.581000,,1,,False,,False,False
2026,4,Miami Grand Prix,FP1,1430.224000,PIA,81,piastri,mclaren,147.944000,10.000000,1.000000,1952.077000,,76.577000,41.069000,30.298000,1358.857000,1399.926000,1430.224000,186.000000,157.000000,263.000000,245.000000,False,HARD,10.000000,True,McLaren,1282.280000,,1,,False,,False,False
2026,4,Miami Grand Prix,FP1,1521.227000,PIA,81,piastri,mclaren,91.003000,11.000000,1.000000,,,31.178000,34.283000,25.542000,1461.402000,1495.685000,1521.227000,219.000000,190.000000,256.000000,311.000000,True,HARD,11.000000,True,McLaren,1430.224000,,1,,False,,False,True
2026,4,Miami Grand Prix,FP1,1649.887000,PIA,81,piastri,mclaren,128.660000,12.000000,1.000000,,,44.091000,50.205000,34.364000,1565.318000,1615.523000,1649.887000,151.000000,106.000000,260.000000,247.000000,False,HARD,12.000000,True,McLaren,1521.227000,,1,,False,,False,True
2026,4,Miami Grand Prix,FP1,1741.018000,PIA,81,piastri,mclaren,91.131000,13.000000,1.000000,,,31.237000,34.422000,25.472000,1681.124000,1715.546000,1741.018000,205.000000,190.000000,255.000000,312.000000,False,HARD,13.000000,True,McLaren,1649.887000,,1,,False,,False,True
2026,4,Miami Grand Prix,FP1,1862.184000,PIA,81,piastri,mclaren,121.166000,14.000000,1.000000,,2508.753000,41.858000,43.277000,36.031000,1782.876000,1826.153000,1862.184000,170.000000,160.000000,,226.000000,False,HARD,14.000000,True,McLaren,1741.018000,,1,,False,,False,False
2026,4,Miami Grand Prix,FP1,1994.023000,PIA,81,piastri,mclaren,131.839000,15.000000,2.000000,3196.752000,,70.599000,35.040000,26.200000,1932.783000,1967.823000,1994.023000,210.000000,178.000000,288.000000,262.000000,False,HARD,2.000000,False,McLaren,1862.184000,,1,,False,,False,False
2026,4,Miami Grand Prix,FP1,2087.177000,PIA,81,piastri,mclaren,93.154000,16.000000,2.000000,,,31.894000,34.949000,26.311000,2025.917000,2060.866000,2087.177000,211.000000,186.000000,264.000000,294.000000,False,HARD,3.000000,False,McLaren,1994.023000,,1,,False,,False,True
2026,4,Miami Grand Prix,FP1,2181.967000,PIA,81,piastri,mclaren,94.790000,17.000000,2.000000,,,32.113000,36.208000,26.469000,2119.290000,2155.498000,2181.967000,215.000000,178.000000,263.000000,298.000000,False,HARD,4.000000,False,McLaren,2087.177000,,1,,False,,False,True
2026,4,Miami Grand Prix,FP1,2276.709000,PIA,81,piastri,mclaren,94.742000,18.000000,2.000000,,,32.307000,35.911000,26.524000,2214.274000,2250.185000,2276.709000,211.000000,183.000000,255.000000,313.000000,False,HARD,5.000000,False,McLaren,2181.967000,,1,,False,,False,True
2026,4,Miami Grand Prix,FP1,2372.595000,PIA,81,piastri,mclaren,95.886000,19.000000,2.000000,,,34.013000,35.336000,26.537000,2310.722000,2346.058000,2372.595000,211.000000,184.000000,274.000000,293.000000,False,HARD,6.000000,False,McLaren,2276.709000,,1,,False,,False,True
2026,4,Miami Grand Prix,FP1,2466.715000,PIA,81,piastri,mclaren,94.120000,20.000000,2.000000,,,32.240000,35.680000,26.200000,2404.835000,2440.515000,2466.715000,213.000000,186.000000,280.000000,296.000000,False,HARD,7.000000,False,McLaren,2372.595000,,1,,False,,False,True
2026,4,Miami Grand Prix,FP1,2560.374000,PIA,81,piastri,mclaren,93.659000,21.000000,2.000000,,,32.026000,35.338000,26.295000,2498.741000,2534.079000,2560.374000,211.000000,187.000000,278.000000,300.000000,False,HARD,8.000000,False,McLaren,2466.715000,,1,,False,,False,True
2026,4,Miami Grand Prix,FP1,2653.823000,PIA,81,piastri,mclaren,93.449000,22.000000,2.000000,,,32.151000,35.268000,26.030000,2592.525000,2627.793000,2653.823000,213.000000,187.000000,276.000000,299.000000,False,HARD,9.000000,False,McLaren,2560.374000,,1,,False,,False,True
2026,4,Miami Grand Prix,FP1,2746.944000,PIA,81,piastri,mclaren,93.121000,23.000000,2.000000,,,32.102000,35.104000,25.915000,2685.925000,2721.029000,2746.944000,210.000000,187.000000,278.000000,308.000000,False,HARD,10.000000,False,McLaren,2653.823000,,1,,False,,False,True
2026,4,Miami Grand Prix,FP1,2845.552000,PIA,81,piastri,mclaren,98.608000,24.000000,2.000000,,4155.970000,32.531000,34.906000,31.171000,2779.475000,2814.381000,2845.552000,208.000000,185.000000,,313.000000,False,HARD,11.000000,False,McLaren,2746.944000,,1,,False,,False,False
2026,4,Miami Grand Prix,FP1,4690.796000,PIA,81,piastri,mclaren,,25.000000,3.000000,4582.107000,,50.726000,41.602000,30.432000,4619.013000,4660.614000,4690.872000,182.000000,141.000000,265.000000,220.000000,False,SOFT,1.000000,True,McLaren,2845.552000,,1,,False,,False,False
2026,4,Miami Grand Prix,FP1,4780.757000,PIA,81,piastri,mclaren,89.961000,26.000000,3.000000,,,30.764000,34.025000,25.172000,4721.560000,4755.585000,4780.757000,218.000000,191.000000,264.000000,313.000000,True,SOFT,2.000000,True,McLaren,4690.796000,,1,,False,,False,True
2026,4,Miami Grand Prix,FP1,4901.902000,PIA,81,piastri,mclaren,121.145000,27.000000,3.000000,,,43.091000,44.177000,33.877000,4823.848000,4868.025000,4901.902000,161.000000,129.000000,223.000000,209.000000,False,SOFT,3.000000,True,McLaren,4780.757000,,1,,False,,False,True
2026,4,Miami Grand Prix,FP1,5028.112000,PIA,81,piastri,mclaren,126.210000,28.000000,3.000000,,,41.885000,45.843000,38.482000,4943.787000,4989.630000,5028.112000,164.000000,88.000000,267.000000,200.000000,False,SOFT,4.000000,True,McLaren,4901.902000,,1,,False,,False,True
2026,4,Miami Grand Prix,FP1,5117.870000,PIA,81,piastri,mclaren,89.758000,29.000000,3.000000,,,30.761000,33.906000,25.091000,5058.873000,5092.779000,5117.870000,218.000000,191.000000,262.000000,315.000000,True,SOFT,5.000000,True,McLaren,5028.112000,,1,,False,,False,True
2026,4,Miami Grand Prix,FP1,5239.640000,PIA,81,piastri,mclaren,121.770000,30.000000,3.000000,,,41.089000,45.271000,35.410000,5158.959000,5204.230000,5239.640000,159.000000,124.000000,173.000000,246.000000,False,SOFT,6.000000,True,McLaren,5117.870000,,1,,False,,False,True
2026,4,Miami Grand Prix,FP1,5376.313000,PIA,81,piastri,mclaren,136.673000,31.000000,3.000000,,,46.124000,46.044000,44.505000,5285.764000,5331.808000,5376.313000,174.000000,144.000000,261.000000,64.000000,False,SOFT,7.000000,True,McLaren,5239.640000,,1,,False,,False,True
2026,4,Miami Grand Prix,FP1,5466.860000,PIA,81,piastri,mclaren,90.547000,32.000000,3.000000,,,31.424000,33.790000,25.333000,5407.737000,5441.527000,5466.860000,217.000000,191.000000,256.000000,311.000000,False,SOFT,8.000000,True,McLaren,5376.313000,,1,,False,,False,True
2026,4,Miami Grand Prix,FP1,5612.317000,PIA,81,piastri,mclaren,145.457000,33.000000,3.000000,,,41.885000,47.899000,55.673000,5508.745000,5556.644000,5612.317000,136.000000,116.000000,75.000000,148.000000,False,SOFT,9.000000,True,McLaren,5466.860000,,12,,False,,False,True
2026,4,Miami Grand Prix,FP1,5768.244000,PIA,81,piastri,mclaren,,34.000000,3.000000,,,67.234000,43.411000,45.114000,5679.753000,5723.307000,5768.244000,173.000000,152.000000,51.000000,128.000000,False,SOFT,10.000000,True,McLaren,5612.317000,,1,,False,,False,False
2026,4,Miami Grand Prix,FP1,5970.810000,PIA,81,piastri,mclaren,,35.000000,3.000000,,5904.520000,69.447000,37.656000,95.517000,5837.705000,5875.293000,5970.998000,218.000000,150.000000,,277.000000,False,SOFT,11.000000,True,McLaren,5768.244000,,1,,False,,False,False
2026,4,Miami Grand Prix,FP1,176.668000,BEA,87,bearman,haas,,1.000000,1.000000,56.550000,,,45.641000,36.077000,,140.769000,176.783000,181.000000,155.000000,251.000000,174.000000,False,HARD,1.000000,True,Haas F1 Team,56.550000,,1,,False,,False,False
2026,4,Miami Grand Prix,FP1,271.263000,BEA,87,bearman,haas,94.595000,2.000000,1.000000,,,32.963000,35.264000,26.368000,209.631000,244.895000,271.263000,213.000000,186.000000,248.000000,311.000000,True,HARD,2.000000,True,Haas F1 Team,176.668000,,1,,False,,False,True
2026,4,Miami Grand Prix,FP1,422.504000,BEA,87,bearman,haas,,3.000000,1.000000,,,59.132000,54.623000,37.489000,330.505000,385.285000,422.617000,128.000000,130.000000,253.000000,211.000000,False,HARD,3.000000,True,Haas F1 Team,271.263000,,1,,False,,False,False
2026,4,Miami Grand Prix,FP1,515.463000,BEA,87,bearman,haas,92.959000,4.000000,1.000000,,,32.271000,34.762000,25.926000,454.775000,489.537000,515.463000,210.000000,187.000000,252.000000,314.000000,True,HARD,4.000000,True,Haas F1 Team,422.504000,,1,,False,,False,True
2026,4,Miami Grand Prix,FP1,682.989000,BEA,87,bearman,haas,,5.000000,1.000000,,,59.761000,62.140000,45.645000,575.434000,637.509000,683.136000,115.000000,101.000000,256.000000,203.000000,False,HARD,5.000000,True,Haas F1 Team,515.463000,,1,,False,,False,False
2026,4,Miami Grand Prix,FP1,775.064000,BEA,87,bearman,haas,92.075000,6.000000,1.000000,,,31.935000,34.560000,25.580000,714.924000,749.484000,775.064000,218.000000,188.000000,257.000000,317.000000,True,HARD,6.000000,True,Haas F1 Team,682.989000,,1,,False,,False,True
2026,4,Miami Grand Prix,FP1,921.438000,BEA,87,bearman,haas,146.374000,7.000000,1.000000,,,58.932000,52.902000,34.540000,833.996000,886.898000,921.438000,130.000000,129.000000,256.000000,230.000000,False,HARD,7.000000,True,Haas F1 Team,775.064000,,12,,False,,False,True
2026,4,Miami Grand Prix,FP1,1013.118000,BEA,87,bearman,haas,91.680000,8.000000,1.000000,,,31.985000,34.226000,25.469000,953.423000,987.649000,1013.118000,219.000000,188.000000,263.000000,318.000000,True,HARD,8.000000,True,Haas F1 Team,921.438000,,1,,False,,False,True
2026,4,Miami Grand Prix,FP1,1150.155000,BEA,87,bearman,haas,137.037000,9.000000,1.000000,,1144.142000,48.471000,47.402000,41.164000,1061.589000,1108.991000,1150.155000,152.000000,141.000000,,184.000000,False,HARD,9.000000,True,Haas F1 Team,1013.118000,,1,,False,,False,False
2026,4,Miami Grand Prix,FP1,1343.619000,BEA,87,bearman,haas,,10.000000,2.000000,1206.637000,,,48.643000,30.979000,,1312.710000,1343.634000,179.000000,148.000000,257.000000,269.000000,False,HARD,10.000000,False,Haas F1 Team,1150.155000,,1,,False,,False,False
2026,4,Miami Grand Prix,FP1,1435.650000,BEA,87,bearman,haas,92.031000,11.000000,2.000000,,,31.996000,34.520000,25.515000,1375.615000,1410.135000,1435.650000,212.000000,189.000000,266.000000,314.000000,False,HARD,11.000000,False,Haas F1 Team,1343.619000,,1,,False,,False,True
2026,4,Miami Grand Prix,FP1,1562.963000,BEA,87,bearman,haas,127.313000,12.000000,2.000000,,1557.322000,43.973000,45.739000,37.601000,1479.623000,1525.362000,1562.963000,169.000000,152.000000,,188.000000,False,HARD,12.000000,False,Haas F1 Team,1435.650000,,1,,False,,False,False
2026,4,Miami Grand Prix,FP1,2295.779000,BEA,87,bearman,haas,,13.000000,3.000000,2154.272000,,,35.815000,26.014000,,2269.869000,2295.819000,203.000000,184.000000,287.000000,281.000000,False,HARD,13.000000,False,Haas F1 Team,1562.963000,,1,,False,,False,False
2026,4,Miami Grand Prix,FP1,2390.170000,BEA,87,bearman,haas,94.391000,14.000000,3.000000,,,33.063000,35.390000,25.938000,2328.842000,2364.232000,2390.170000,212.000000,184.000000,283.000000,298.000000,False,HARD,14.000000,False,Haas F1 Team,2295.779000,,1,,False,,False,True
2026,4,Miami Grand Prix,FP1,2484.873000,BEA,87,bearman,haas,94.703000,15.000000,3.000000,,,33.140000,35.485000,26.078000,2423.310000,2458.795000,2484.873000,209.000000,183.000000,284.000000,296.000000,False,HARD,15.000000,False,Haas F1 Team,2390.170000,,1,,False,,False,True
2026,4,Miami Grand Prix,FP1,2579.843000,BEA,87,bearman,haas,94.970000,16.000000,3.000000,,,33.451000,35.493000,26.026000,2518.324000,2553.817000,2579.843000,211.000000,181.000000,288.000000,304.000000,False,HARD,16.000000,False,Haas F1 Team,2484.873000,,1,,False,,False,True
2026,4,Miami Grand Prix,FP1,2674.416000,BEA,87,bearman,haas,94.573000,17.000000,3.000000,,,33.120000,35.353000,26.100000,2612.963000,2648.316000,2674.416000,212.000000,179.000000,282.000000,306.000000,False,HARD,17.000000,False,Haas F1 Team,2579.843000,,1,,False,,False,True
2026,4,Miami Grand Prix,FP1,2769.177000,BEA,87,bearman,haas,94.761000,18.000000,3.000000,,,33.321000,35.456000,25.984000,2707.737000,2743.193000,2769.177000,210.000000,179.000000,282.000000,310.000000,False,HARD,18.000000,False,Haas F1 Team,2674.416000,,1,,False,,False,True
2026,4,Miami Grand Prix,FP1,2863.953000,BEA,87,bearman,haas,94.776000,19.000000,3.000000,,,33.187000,35.604000,25.985000,2802.364000,2837.968000,2863.953000,211.000000,181.000000,287.000000,309.000000,False,HARD,19.000000,False,Haas F1 Team,2769.177000,,1,,False,,False,True
2026,4,Miami Grand Prix,FP1,2958.613000,BEA,87,bearman,haas,94.660000,20.000000,3.000000,,,33.248000,35.490000,25.922000,2897.201000,2932.691000,2958.613000,211.000000,180.000000,288.000000,314.000000,False,HARD,20.000000,False,Haas F1 Team,2863.953000,,1,,False,,False,True
2026,4,Miami Grand Prix,FP1,3054.152000,BEA,87,bearman,haas,95.539000,21.000000,3.000000,,,33.493000,35.778000,26.268000,2992.106000,3027.884000,3054.152000,211.000000,179.000000,285.000000,307.000000,False,HARD,21.000000,False,Haas F1 Team,2958.613000,,1,,False,,False,True
2026,4,Miami Grand Prix,FP1,3149.483000,BEA,87,bearman,haas,95.331000,22.000000,3.000000,,,33.260000,35.933000,26.138000,3087.412000,3123.345000,3149.483000,210.000000,178.000000,288.000000,310.000000,False,HARD,22.000000,False,Haas F1 Team,3054.152000,,1,,False,,False,True
2026,4,Miami Grand Prix,FP1,3244.983000,BEA,87,bearman,haas,95.500000,23.000000,3.000000,,,33.363000,36.187000,25.950000,3182.846000,3219.033000,3244.983000,210.000000,181.000000,289.000000,315.000000,False,HARD,23.000000,False,Haas F1 Team,3149.483000,,1,,False,,False,True
2026,4,Miami Grand Prix,FP1,3351.821000,BEA,87,bearman,haas,106.838000,24.000000,3.000000,,3346.184000,33.454000,36.006000,37.378000,3278.437000,3314.443000,3351.821000,211.000000,178.000000,,154.000000,False,HARD,24.000000,False,Haas F1 Team,3244.983000,,1,,False,,False,False
2026,4,Miami Grand Prix,FP1,4062.360000,BEA,87,bearman,haas,,25.000000,4.000000,3944.097000,,,49.113000,29.596000,,4032.889000,4062.389000,173.000000,149.000000,259.000000,282.000000,False,MEDIUM,1.000000,True,Haas F1 Team,3351.821000,,1,,False,,False,False
2026,4,Miami Grand Prix,FP1,4154.354000,BEA,87,bearman,haas,91.994000,26.000000,4.000000,,,31.939000,34.462000,25.593000,4094.299000,4128.761000,4154.354000,215.000000,186.000000,262.000000,325.000000,False,MEDIUM,2.000000,True,Haas F1 Team,4062.360000,,1,,False,,False,True
2026,4,Miami Grand Prix,FP1,4297.485000,BEA,87,bearman,haas,143.131000,27.000000,4.000000,,4291.547000,54.042000,46.807000,42.282000,4208.396000,4255.203000,4297.485000,162.000000,138.000000,,188.000000,False,MEDIUM,3.000000,True,Haas F1 Team,4154.354000,,1,,False,,False,False
2026,4,Miami Grand Prix,FP1,4722.891000,BEA,87,bearman,haas,,28.000000,5.000000,4601.031000,,,44.183000,30.588000,,4692.419000,4722.950000,169.000000,150.000000,258.000000,249.000000,False,SOFT,1.000000,True,Haas F1 Team,4297.485000,,1,,False,,False,False
2026,4,Miami Grand Prix,FP1,4813.982000,BEA,87,bearman,haas,91.091000,29.000000,5.000000,,,31.401000,34.113000,25.577000,4754.292000,4788.405000,4813.982000,217.000000,190.000000,253.000000,318.000000,True,SOFT,2.000000,True,Haas F1 Team,4722.891000,,1,,False,,False,True
2026,4,Miami Grand Prix,FP1,4994.908000,BEA,87,bearman,haas,,30.000000,5.000000,,4988.403000,67.339000,62.286000,51.321000,4881.438000,4943.829000,4994.908000,125.000000,111.000000,,130.000000,False,SOFT,3.000000,True,Haas F1 Team,4813.982000,,1,,False,,False,False
2026,4,Miami Grand Prix,FP1,5243.790000,BEA,87,bearman,haas,,31.000000,6.000000,5119.125000,,,39.658000,39.143000,,5204.825000,5243.790000,167.000000,169.000000,257.000000,96.000000,False,SOFT,4.000000,False,Haas F1 Team,4994.908000,,1,,False,,False,False
2026,4,Miami Grand Prix,FP1,5395.777000,BEA,87,bearman,haas,,32.000000,6.000000,,,49.558000,51.077000,51.323000,5293.424000,5344.562000,5395.777000,149.000000,139.000000,41.000000,166.000000,False,SOFT,5.000000,False,Haas F1 Team,5243.790000,,1,,False,,False,False
2026,4,Miami Grand Prix,FP1,5535.822000,BEA,87,bearman,haas,140.045000,33.000000,6.000000,,,56.207000,41.926000,41.912000,5451.984000,5493.910000,5535.822000,171.000000,173.000000,52.000000,230.000000,False,SOFT,6.000000,False,Haas F1 Team,5395.777000,,1,,False,,False,True
2026,4,Miami Grand Prix,FP1,5675.633000,BEA,87,bearman,haas,139.811000,34.000000,6.000000,,,59.212000,41.284000,39.315000,5595.034000,5636.318000,5675.633000,168.000000,159.000000,73.000000,264.000000,False,SOFT,7.000000,False,Haas F1 Team,5535.822000,,12,,False,,False,True
2026,4,Miami Grand Prix,FP1,5883.671000,BEA,87,bearman,haas,,35.000000,6.000000,,5823.948000,71.910000,45.072000,91.150000,5747.620000,5792.705000,5883.671000,182.000000,173.000000,,214.000000,False,SOFT,8.000000,False,Haas F1 Team,5675.633000,,1,,False,,False,False
