season,round,event_name,session_type,Time_s,Driver,DriverNumber,DriverId,TeamId,LapTime_s,LapNumber,Stint,PitOutTime_s,PitInTime_s,Sector1Time_s,Sector2Time_s,Sector3Time_s,Sector1SessionTime_s,Sector2SessionTime_s,Sector3SessionTime_s,SpeedI1,SpeedI2,SpeedFL,SpeedST,IsPersonalBest,Compound,TyreLife,FreshTyre,Team,LapStartTime_s,LapStartDate,TrackStatus,Position,Deleted,DeletedReason,FastF1Generated,IsAccurate
2026,4,Miami Grand Prix,R,3540.108000,NOR,1,norris,mclaren,98.115000,1.000000,1.000000,,,,34.453000,25.729000,,3514.505000,3540.288000,213.000000,183.000000,273.000000,298.000000,False,MEDIUM,1.000000,True,McLaren,3441.749000,,1,3.000000,False,,False,False
2026,4,Miami Grand Prix,R,3632.878000,NOR,1,norris,mclaren,92.770000,2.000000,1.000000,,,32.593000,34.600000,25.577000,3572.761000,3607.361000,3632.938000,211.000000,184.000000,271.000000,317.000000,True,MEDIUM,2.000000,True,McLaren,3540.108000,,1,3.000000,False,,False,True
2026,4,Miami Grand Prix,R,3726.141000,NOR,1,norris,mclaren,93.263000,3.000000,1.000000,,,32.816000,34.702000,25.745000,3665.754000,3700.456000,3726.201000,209.000000,185.000000,270.000000,313.000000,False,MEDIUM,3.000000,True,McLaren,3632.878000,,1,3.000000,False,,False,True
2026,4,Miami Grand Prix,R,3819.955000,NOR,1,norris,mclaren,93.814000,4.000000,1.000000,,,33.089000,34.864000,25.861000,3759.290000,3794.154000,3820.015000,205.000000,186.000000,273.000000,310.000000,False,MEDIUM,4.000000,True,McLaren,3726.141000,,1,3.000000,False,,False,True
2026,4,Miami Grand Prix,R,3913.797000,NOR,1,norris,mclaren,93.842000,5.000000,1.000000,,,32.883000,35.214000,25.745000,3852.898000,3888.112000,3913.857000,210.000000,183.000000,281.000000,308.000000,False,MEDIUM,5.000000,True,McLaren,3819.955000,,12,3.000000,False,,False,True
2026,4,Miami Grand Prix,R,4044.147000,NOR,1,norris,mclaren,130.350000,6.000000,1.000000,,,40.675000,51.989000,37.686000,3954.532000,4006.521000,4044.207000,84.000000,108.000000,249.000000,98.000000,False,MEDIUM,6.000000,True,McLaren,3913.797000,,24,2.000000,False,,False,False
2026,4,Miami Grand Prix,R,4181.989000,NOR,1,norris,mclaren,137.842000,7.000000,1.000000,,,41.553000,54.690000,41.599000,4085.760000,4140.450000,4182.049000,119.000000,108.000000,192.000000,132.000000,False,MEDIUM,7.000000,True,McLaren,4044.147000,,4,2.000000,False,,False,False
2026,4,Miami Grand Prix,R,4324.388000,NOR,1,norris,mclaren,142.399000,8.000000,1.000000,,,50.043000,54.546000,37.810000,4232.092000,4286.638000,4324.448000,108.000000,97.000000,240.000000,110.000000,False,MEDIUM,8.000000,True,McLaren,4181.989000,,4,2.000000,False,,False,False
2026,4,Miami Grand Prix,R,4472.014000,NOR,1,norris,mclaren,147.626000,9.000000,1.000000,,,48.536000,55.467000,43.623000,4372.984000,4428.451000,4472.074000,138.000000,84.000000,228.000000,156.000000,False,MEDIUM,9.000000,True,McLaren,4324.388000,,4,2.000000,False,,False,False
2026,4,Miami Grand Prix,R,4611.133000,NOR,1,norris,mclaren,139.119000,10.000000,1.000000,,,48.549000,55.495000,35.075000,4520.623000,4576.118000,4611.193000,120.000000,94.000000,223.000000,211.000000,False,MEDIUM,10.000000,True,McLaren,4472.014000,,4,2.000000,False,,False,False
2026,4,Miami Grand Prix,R,4761.960000,NOR,1,norris,mclaren,,11.000000,1.000000,,,47.831000,47.757000,55.270000,4659.161000,4706.894000,4762.243000,134.000000,125.000000,276.000000,63.000000,False,MEDIUM,11.000000,True,McLaren,4611.133000,,41,2.000000,False,,False,False
2026,4,Miami Grand Prix,R,4854.516000,NOR,1,norris,mclaren,92.556000,12.000000,1.000000,,,32.418000,34.694000,25.444000,4794.438000,4829.132000,4854.576000,213.000000,189.000000,281.000000,310.000000,True,MEDIUM,12.000000,True,McLaren,4761.960000,,1,2.000000,False,,False,True
2026,4,Miami Grand Prix,R,4947.410000,NOR,1,norris,mclaren,92.894000,13.000000,1.000000,,,32.681000,34.671000,25.542000,4887.257000,4921.928000,4947.470000,213.000000,188.000000,274.000000,306.000000,False,MEDIUM,13.000000,True,McLaren,4854.516000,,1,1.000000,False,,False,True
2026,4,Miami Grand Prix,R,5040.204000,NOR,1,norris,mclaren,92.794000,14.000000,1.000000,,,32.324000,34.849000,25.621000,4979.794000,5014.643000,5040.264000,212.000000,187.000000,276.000000,306.000000,False,MEDIUM,14.000000,True,McLaren,4947.410000,,1,1.000000,False,,False,True
2026,4,Miami Grand Prix,R,5133.191000,NOR,1,norris,mclaren,92.987000,15.000000,1.000000,,,32.390000,34.976000,25.621000,5072.654000,5107.630000,5133.251000,209.000000,187.000000,276.000000,305.000000,False,MEDIUM,15.000000,True,McLaren,5040.204000,,1,1.000000,False,,False,True
2026,4,Miami Grand Prix,R,5226.061000,NOR,1,norris,mclaren,92.870000,16.000000,1.000000,,,32.306000,34.906000,25.658000,5165.557000,5200.463000,5226.121000,211.000000,187.000000,275.000000,305.000000,False,MEDIUM,16.000000,True,McLaren,5133.191000,,12,1.000000,False,,False,True
2026,4,Miami Grand Prix,R,5319.155000,NOR,1,norris,mclaren,93.094000,17.000000,1.000000,,,32.405000,35.030000,25.659000,5258.526000,5293.556000,5319.215000,210.000000,187.000000,276.000000,304.000000,False,MEDIUM,17.000000,True,McLaren,5226.061000,,1,1.000000,False,,False,True
2026,4,Miami Grand Prix,R,5412.195000,NOR,1,norris,mclaren,93.040000,18.000000,1.000000,,,32.364000,35.022000,25.654000,5351.579000,5386.601000,5412.255000,211.000000,185.000000,276.000000,305.000000,False,MEDIUM,18.000000,True,McLaren,5319.155000,,1,1.000000,False,,False,True
2026,4,Miami Grand Prix,R,5505.203000,NOR,1,norris,mclaren,93.008000,19.000000,1.000000,,,32.283000,35.061000,25.664000,5444.538000,5479.599000,5505.263000,209.000000,186.000000,276.000000,305.000000,False,MEDIUM,19.000000,True,McLaren,5412.195000,,1,1.000000,False,,False,True
2026,4,Miami Grand Prix,R,5598.396000,NOR,1,norris,mclaren,93.193000,20.000000,1.000000,,,32.444000,35.079000,25.670000,5537.707000,5572.786000,5598.456000,210.000000,187.000000,276.000000,304.000000,False,MEDIUM,20.000000,True,McLaren,5505.203000,,1,1.000000,False,,False,True
2026,4,Miami Grand Prix,R,5691.277000,NOR,1,norris,mclaren,92.881000,21.000000,1.000000,,,32.334000,34.827000,25.720000,5630.790000,5665.617000,5691.337000,211.000000,186.000000,276.000000,304.000000,False,MEDIUM,21.000000,True,McLaren,5598.396000,,1,1.000000,False,,False,True
2026,4,Miami Grand Prix,R,5784.325000,NOR,1,norris,mclaren,93.048000,22.000000,1.000000,,,32.369000,34.868000,25.811000,5723.706000,5758.574000,5784.385000,209.000000,187.000000,275.000000,303.000000,False,MEDIUM,22.000000,True,McLaren,5691.277000,,1,1.000000,False,,False,True
2026,4,Miami Grand Prix,R,5877.423000,NOR,1,norris,mclaren,93.098000,23.000000,1.000000,,,32.291000,35.073000,25.734000,5816.676000,5851.749000,5877.483000,209.000000,187.000000,276.000000,305.000000,False,MEDIUM,23.000000,True,McLaren,5784.325000,,1,1.000000,False,,False,True
2026,4,Miami Grand Prix,R,5970.516000,NOR,1,norris,mclaren,93.093000,24.000000,1.000000,,,32.353000,35.069000,25.671000,5909.836000,5944.905000,5970.576000,211.000000,186.000000,278.000000,306.000000,False,MEDIUM,24.000000,True,McLaren,5877.423000,,1,1.000000,False,,False,True
2026,4,Miami Grand Prix,R,6063.900000,NOR,1,norris,mclaren,93.384000,25.000000,1.000000,,,32.476000,35.253000,25.655000,6003.052000,6038.305000,6063.960000,209.000000,187.000000,278.000000,306.000000,False,MEDIUM,25.000000,True,McLaren,5970.516000,,1,1.000000,False,,False,True
2026,4,Miami Grand Prix,R,6156.959000,NOR,1,norris,mclaren,93.059000,26.000000,1.000000,,,32.397000,34.932000,25.730000,6096.357000,6131.289000,6157.019000,212.000000,186.000000,279.000000,306.000000,False,MEDIUM,26.000000,True,McLaren,6063.900000,,1,1.000000,False,,False,True
2026,4,Miami Grand Prix,R,6255.463000,NOR,1,norris,mclaren,98.504000,27.000000,1.000000,,6249.959000,32.644000,35.079000,30.781000,6189.663000,6224.742000,6255.523000,210.000000,186.000000,,313.000000,False,MEDIUM,27.000000,True,McLaren,6156.959000,,1,1.000000,False,,False,False
2026,4,Miami Grand Prix,R,6362.616000,NOR,1,norris,mclaren,107.153000,28.000000,2.000000,6272.511000,,46.898000,34.483000,25.772000,6302.421000,6336.904000,6362.676000,213.000000,188.000000,274.000000,301.000000,False,HARD,1.000000,True,McLaren,6255.463000,,1,3.000000,False,,False,False
2026,4,Miami Grand Prix,R,6456.067000,NOR,1,norris,mclaren,93.451000,29.000000,2.000000,,,32.814000,34.969000,25.668000,6395.490000,6430.459000,6456.127000,214.000000,187.000000,275.000000,314.000000,False,HARD,2.000000,True,McLaren,6362.616000,,1,2.000000,False,,False,True
2026,4,Miami Grand Prix,R,6548.314000,NOR,1,norris,mclaren,92.247000,30.000000,2.000000,,,32.402000,34.470000,25.375000,6488.529000,6522.999000,6548.374000,214.000000,188.000000,282.000000,313.000000,True,HARD,3.000000,True,McLaren,6456.067000,,1,2.000000,False,,False,True
2026,4,Miami Grand Prix,R,6640.383000,NOR,1,norris,mclaren,92.069000,31.000000,2.000000,,,32.221000,34.432000,25.416000,6580.595000,6615.027000,6640.443000,214.000000,188.000000,284.000000,317.000000,True,HARD,4.000000,True,McLaren,6548.314000,,1,2.000000,False,,False,True
2026,4,Miami Grand Prix,R,6732.538000,NOR,1,norris,mclaren,92.155000,32.000000,2.000000,,,32.204000,34.587000,25.364000,6672.647000,6707.234000,6732.598000,212.000000,187.000000,282.000000,316.000000,False,HARD,5.000000,True,McLaren,6640.383000,,1,2.000000,False,,False,True
2026,4,Miami Grand Prix,R,6824.529000,NOR,1,norris,mclaren,91.991000,33.000000,2.000000,,,31.956000,34.580000,25.455000,6764.554000,6799.134000,6824.589000,212.000000,186.000000,282.000000,319.000000,True,HARD,6.000000,True,McLaren,6732.538000,,1,2.000000,False,,False,True
2026,4,Miami Grand Prix,R,6916.849000,NOR,1,norris,mclaren,92.320000,34.000000,2.000000,,,32.266000,34.684000,25.370000,6856.855000,6891.539000,6916.909000,213.000000,185.000000,282.000000,318.000000,False,HARD,7.000000,True,McLaren,6824.529000,,1,2.000000,False,,False,True
2026,4,Miami Grand Prix,R,7008.718000,NOR,1,norris,mclaren,91.869000,35.000000,2.000000,,,31.893000,34.800000,25.176000,6948.802000,6983.602000,7008.778000,210.000000,187.000000,283.000000,321.000000,True,HARD,8.000000,True,McLaren,6916.849000,,1,2.000000,False,,False,True
2026,4,Miami Grand Prix,R,7101.044000,NOR,1,norris,mclaren,92.326000,36.000000,2.000000,,,32.166000,34.835000,25.325000,7040.944000,7075.779000,7101.104000,209.000000,186.000000,271.000000,330.000000,False,HARD,9.000000,True,McLaren,7008.718000,,1,2.000000,False,,False,True
2026,4,Miami Grand Prix,R,7193.435000,NOR,1,norris,mclaren,92.391000,37.000000,2.000000,,,32.206000,34.813000,25.372000,7133.310000,7168.123000,7193.495000,212.000000,183.000000,284.000000,318.000000,False,HARD,10.000000,True,McLaren,7101.044000,,1,2.000000,False,,False,True
2026,4,Miami Grand Prix,R,7285.818000,NOR,1,norris,mclaren,92.383000,38.000000,2.000000,,,32.187000,34.915000,25.281000,7225.682000,7260.597000,7285.878000,212.000000,186.000000,282.000000,323.000000,False,HARD,11.000000,True,McLaren,7193.435000,,1,2.000000,False,,False,True
2026,4,Miami Grand Prix,R,7378.475000,NOR,1,norris,mclaren,92.657000,39.000000,2.000000,,,32.544000,34.824000,25.289000,7318.422000,7353.246000,7378.535000,211.000000,183.000000,286.000000,322.000000,False,HARD,12.000000,True,McLaren,7285.818000,,1,2.000000,False,,False,True
2026,4,Miami Grand Prix,R,7471.115000,NOR,1,norris,mclaren,92.640000,40.000000,2.000000,,,32.468000,34.753000,25.419000,7411.003000,7445.756000,7471.175000,208.000000,186.000000,284.000000,322.000000,False,HARD,13.000000,True,McLaren,7378.475000,,1,2.000000,False,,False,True
2026,4,Miami Grand Prix,R,7563.791000,NOR,1,norris,mclaren,92.676000,41.000000,2.000000,,,32.599000,34.767000,25.310000,7503.774000,7538.541000,7563.851000,210.000000,183.000000,284.000000,320.000000,False,HARD,14.000000,True,McLaren,7471.115000,,1,2.000000,False,,False,True
2026,4,Miami Grand Prix,R,7656.453000,NOR,1,norris,mclaren,92.662000,42.000000,2.000000,,,32.325000,34.922000,25.415000,7596.176000,7631.098000,7656.513000,213.000000,186.000000,286.000000,319.000000,False,HARD,15.000000,True,McLaren,7563.791000,,1,2.000000,True,TRACK LIMITS AT TURN 5 LAP 42 ,False,True
2026,4,Miami Grand Prix,R,7748.944000,NOR,1,norris,mclaren,92.491000,43.000000,2.000000,,,32.159000,34.897000,25.435000,7688.672000,7723.569000,7749.004000,207.000000,186.000000,284.000000,318.000000,False,HARD,16.000000,True,McLaren,7656.453000,,1,2.000000,False,,False,True
2026,4,Miami Grand Prix,R,7841.535000,NOR,1,norris,mclaren,92.591000,44.000000,2.000000,,,32.378000,34.747000,25.466000,7781.382000,7816.129000,7841.595000,212.000000,186.000000,285.000000,317.000000,False,HARD,17.000000,True,McLaren,7748.944000,,1,2.000000,False,,False,True
2026,4,Miami Grand Prix,R,7934.004000,NOR,1,norris,mclaren,92.469000,45.000000,2.000000,,,32.091000,34.829000,25.549000,7873.686000,7908.515000,7934.064000,211.000000,186.000000,283.000000,314.000000,False,HARD,18.000000,True,McLaren,7841.535000,,1,2.000000,False,,False,True
2026,4,Miami Grand Prix,R,8026.719000,NOR,1,norris,mclaren,92.715000,46.000000,2.000000,,,32.259000,34.780000,25.676000,7966.323000,8001.103000,8026.779000,211.000000,186.000000,280.000000,313.000000,False,HARD,19.000000,True,McLaren,7934.004000,,1,2.000000,False,,False,True
2026,4,Miami Grand Prix,R,8118.954000,NOR,1,norris,mclaren,92.235000,47.000000,2.000000,,,32.136000,34.698000,25.401000,8058.915000,8093.613000,8119.014000,213.000000,186.000000,281.000000,315.000000,False,HARD,20.000000,True,McLaren,8026.719000,,1,2.000000,False,,False,True
2026,4,Miami Grand Prix,R,8211.352000,NOR,1,norris,mclaren,92.398000,48.000000,2.000000,,,32.189000,34.767000,25.442000,8151.203000,8185.970000,8211.412000,212.000000,185.000000,281.000000,316.000000,False,HARD,21.000000,True,McLaren,8118.954000,,12,2.000000,False,,False,True
2026,4,Miami Grand Prix,R,8303.621000,NOR,1,norris,mclaren,92.269000,49.000000,2.000000,,,32.263000,34.571000,25.435000,8243.675000,8278.246000,8303.681000,211.000000,187.000000,280.000000,317.000000,False,HARD,22.000000,True,McLaren,8211.352000,,1,2.000000,False,,False,True
2026,4,Miami Grand Prix,R,8396.049000,NOR,1,norris,mclaren,92.428000,50.000000,2.000000,,,32.249000,34.720000,25.459000,8335.930000,8370.650000,8396.109000,207.000000,187.000000,282.000000,318.000000,False,HARD,23.000000,True,McLaren,8303.621000,,1,2.000000,False,,False,True
2026,4,Miami Grand Prix,R,8488.443000,NOR,1,norris,mclaren,92.394000,51.000000,2.000000,,,32.203000,34.802000,25.389000,8428.312000,8463.114000,8488.503000,214.000000,185.000000,284.000000,324.000000,False,HARD,24.000000,True,McLaren,8396.049000,,1,2.000000,False,,False,True
2026,4,Miami Grand Prix,R,8580.907000,NOR,1,norris,mclaren,92.464000,52.000000,2.000000,,,32.159000,35.004000,25.301000,8520.662000,8555.666000,8580.967000,212.000000,183.000000,285.000000,323.000000,False,HARD,25.000000,True,McLaren,8488.443000,,1,2.000000,False,,False,True
2026,4,Miami Grand Prix,R,8673.645000,NOR,1,norris,mclaren,92.738000,53.000000,2.000000,,,32.570000,34.784000,25.384000,8613.537000,8648.321000,8673.705000,210.000000,187.000000,285.000000,316.000000,False,HARD,26.000000,True,McLaren,8580.907000,,1,2.000000,False,,False,True
2026,4,Miami Grand Prix,R,8765.683000,NOR,1,norris,mclaren,92.038000,54.000000,2.000000,,,31.961000,34.654000,25.423000,8705.666000,8740.320000,8765.743000,212.000000,187.000000,282.000000,316.000000,False,HARD,27.000000,True,McLaren,8673.645000,,1,2.000000,False,,False,True
2026,4,Miami Grand Prix,R,8858.176000,NOR,1,norris,mclaren,92.493000,55.000000,2.000000,,,32.370000,34.848000,25.275000,8798.113000,8832.961000,8858.236000,212.000000,186.000000,283.000000,321.000000,False,HARD,28.000000,True,McLaren,8765.683000,,1,2.000000,False,,False,True
2026,4,Miami Grand Prix,R,8951.025000,NOR,1,norris,mclaren,92.849000,56.000000,2.000000,,,32.413000,34.893000,25.543000,8890.649000,8925.542000,8951.085000,212.000000,187.000000,283.000000,315.000000,False,HARD,29.000000,True,McLaren,8858.176000,,1,2.000000,False,,False,True
2026,4,Miami Grand Prix,R,9044.499000,NOR,1,norris,mclaren,93.474000,57.000000,2.000000,,,32.345000,34.947000,26.182000,8983.430000,9018.377000,9044.559000,212.000000,186.000000,282.000000,315.000000,False,HARD,30.000000,True,McLaren,8951.025000,,12,2.000000,False,,False,True
2026,4,Miami Grand Prix,R,3547.236000,GAS,10,gasly,alpine,105.243000,1.000000,1.000000,,,,37.363000,26.123000,,3521.251000,3547.606000,204.000000,176.000000,277.000000,303.000000,False,MEDIUM,1.000000,True,Alpine,3441.749000,,1,12.000000,False,,False,False
2026,4,Miami Grand Prix,R,3642.812000,GAS,10,gasly,alpine,95.576000,2.000000,1.000000,,,34.166000,35.189000,26.221000,3581.432000,3616.621000,3642.842000,203.000000,183.000000,258.000000,312.000000,True,MEDIUM,2.000000,True,Alpine,3547.236000,,1,11.000000,False,,False,True
2026,4,Miami Grand Prix,R,3737.858000,GAS,10,gasly,alpine,95.046000,3.000000,1.000000,,,33.854000,35.291000,25.901000,3676.696000,3711.987000,3737.888000,212.000000,181.000000,262.000000,320.000000,True,MEDIUM,3.000000,True,Alpine,3642.812000,,1,11.000000,False,,False,True
2026,4,Miami Grand Prix,R,3832.714000,GAS,10,gasly,alpine,94.856000,4.000000,1.000000,,,33.930000,35.021000,25.905000,3771.818000,3806.839000,3832.744000,211.000000,185.000000,260.000000,311.000000,True,MEDIUM,4.000000,True,Alpine,3737.858000,,1,11.000000,False,,False,True
2026,4,Miami Grand Prix,R,3982.714000,GAS,10,gasly,alpine,,5.000000,1.000000,,,,,,,,,,,,,,MEDIUM,5.000000,True,Alpine,3832.714000,,124,,False,,True,False
2026,4,Miami Grand Prix,R,3549.917000,PER,11,perez,cadillac,107.924000,1.000000,1.000000,,,,37.850000,26.420000,,3523.718000,3550.030000,205.000000,175.000000,279.000000,295.000000,False,MEDIUM,1.000000,True,Cadillac,3441.749000,,1,17.000000,False,,False,False
2026,4,Miami Grand Prix,R,3646.700000,PER,11,perez,cadillac,96.783000,2.000000,1.000000,,,34.763000,36.096000,25.924000,3584.774000,3620.870000,3646.794000,210.000000,183.000000,276.000000,291.000000,True,MEDIUM,2.000000,True,Cadillac,3549.917000,,1,17.000000,False,,False,True
2026,4,Miami Grand Prix,R,3743.709000,PER,11,perez,cadillac,97.009000,3.000000,1.000000,,,34.616000,36.358000,26.035000,3681.410000,3717.768000,3743.803000,203.000000,183.000000,276.000000,277.000000,False,MEDIUM,3.000000,True,Cadillac,3646.700000,,1,18.000000,False,,False,True
2026,4,Miami Grand Prix,R,3840.016000,PER,11,perez,cadillac,96.307000,4.000000,1.000000,,,34.425000,35.585000,26.297000,3778.228000,3813.813000,3840.110000,210.000000,183.000000,277.000000,282.000000,True,MEDIUM,4.000000,True,Cadillac,3743.709000,,1,18.000000,False,,False,True
2026,4,Miami Grand Prix,R,3936.844000,PER,11,perez,cadillac,96.828000,5.000000,1.000000,,,34.235000,35.829000,26.764000,3874.345000,3910.174000,3936.938000,208.000000,178.000000,245.000000,292.000000,False,MEDIUM,5.000000,True,Cadillac,3840.016000,,124,14.000000,False,,False,False
2026,4,Miami Grand Prix,R,4071.521000,PER,11,perez,cadillac,134.677000,6.000000,1.000000,,,44.577000,51.251000,38.849000,3981.515000,4032.766000,4071.615000,179.000000,129.000000,273.000000,102.000000,False,MEDIUM,6.000000,True,Cadillac,3936.844000,,4,14.000000,False,,False,False
2026,4,Miami Grand Prix,R,4200.414000,PER,11,perez,cadillac,128.893000,7.000000,1.000000,,,39.402000,48.060000,41.431000,4111.017000,4159.077000,4200.508000,152.000000,100.000000,273.000000,98.000000,False,MEDIUM,7.000000,True,Cadillac,4071.521000,,4,13.000000,False,,False,False
2026,4,Miami Grand Prix,R,4341.863000,PER,11,perez,cadillac,141.449000,8.000000,1.000000,,,42.953000,57.700000,40.796000,4243.461000,4301.161000,4341.957000,115.000000,58.000000,196.000000,95.000000,False,MEDIUM,8.000000,True,Cadillac,4200.414000,,4,13.000000,False,,False,False
2026,4,Miami Grand Prix,R,4484.986000,PER,11,perez,cadillac,143.123000,9.000000,1.000000,,,44.365000,58.947000,39.811000,4386.322000,4445.269000,4485.080000,105.000000,88.000000,246.000000,120.000000,False,MEDIUM,9.000000,True,Cadillac,4341.863000,,4,13.000000,False,,False,False
2026,4,Miami Grand Prix,R,4625.158000,PER,11,perez,cadillac,140.172000,10.000000,1.000000,,,46.616000,58.783000,34.773000,4531.696000,4590.479000,4625.252000,99.000000,107.000000,217.000000,144.000000,False,MEDIUM,10.000000,True,Cadillac,4484.986000,,4,13.000000,False,,False,False
2026,4,Miami Grand Prix,R,4767.564000,PER,11,perez,cadillac,142.406000,11.000000,1.000000,,,46.572000,45.727000,50.107000,4671.824000,4717.551000,4767.658000,115.000000,124.000000,278.000000,39.000000,False,MEDIUM,11.000000,True,Cadillac,4625.158000,,41,13.000000,False,,False,False
2026,4,Miami Grand Prix,R,4864.515000,PER,11,perez,cadillac,96.951000,12.000000,1.000000,,,33.776000,36.869000,26.306000,4801.434000,4838.303000,4864.609000,209.000000,184.000000,272.000000,294.000000,False,MEDIUM,12.000000,True,Cadillac,4767.564000,,1,13.000000,True,TRACK LIMITS AT TURN 11 LAP 12 ,False,True
2026,4,Miami Grand Prix,R,4961.120000,PER,11,perez,cadillac,96.605000,13.000000,1.000000,,,34.553000,35.995000,26.057000,4899.162000,4935.157000,4961.214000,203.000000,182.000000,279.000000,282.000000,False,MEDIUM,13.000000,True,Cadillac,4864.515000,,1,15.000000,False,,False,True
2026,4,Miami Grand Prix,R,5057.691000,PER,11,perez,cadillac,96.571000,14.000000,1.000000,,,34.885000,35.611000,26.075000,4996.099000,5031.710000,5057.785000,209.000000,182.000000,276.000000,293.000000,False,MEDIUM,14.000000,True,Cadillac,4961.120000,,1,15.000000,False,,False,True
2026,4,Miami Grand Prix,R,5153.905000,PER,11,perez,cadillac,96.214000,15.000000,1.000000,,,34.085000,35.750000,26.379000,5091.870000,5127.620000,5153.999000,206.000000,183.000000,277.000000,303.000000,True,MEDIUM,15.000000,True,Cadillac,5057.691000,,12,15.000000,False,,False,True
2026,4,Miami Grand Prix,R,5250.309000,PER,11,perez,cadillac,96.404000,16.000000,1.000000,,,34.233000,35.989000,26.182000,5188.232000,5224.221000,5250.403000,206.000000,182.000000,278.000000,301.000000,False,MEDIUM,16.000000,True,Cadillac,5153.905000,,1,15.000000,False,,False,True
2026,4,Miami Grand Prix,R,5346.745000,PER,11,perez,cadillac,96.436000,17.000000,1.000000,,,34.134000,35.977000,26.325000,5284.537000,5320.514000,5346.839000,208.000000,182.000000,276.000000,290.000000,False,MEDIUM,17.000000,True,Cadillac,5250.309000,,1,15.000000,False,,False,True
2026,4,Miami Grand Prix,R,5443.303000,PER,11,perez,cadillac,96.558000,18.000000,1.000000,,,34.039000,36.051000,26.468000,5380.878000,5416.929000,5443.397000,205.000000,182.000000,275.000000,285.000000,False,MEDIUM,18.000000,True,Cadillac,5346.745000,,1,15.000000,False,,False,True
2026,4,Miami Grand Prix,R,5539.708000,PER,11,perez,cadillac,96.405000,19.000000,1.000000,,,34.080000,35.893000,26.432000,5477.477000,5513.370000,5539.802000,206.000000,182.000000,278.000000,291.000000,False,MEDIUM,19.000000,True,Cadillac,5443.303000,,1,15.000000,False,,False,True
2026,4,Miami Grand Prix,R,5636.206000,PER,11,perez,cadillac,96.498000,20.000000,1.000000,,,34.125000,36.033000,26.340000,5573.927000,5609.960000,5636.300000,203.000000,182.000000,278.000000,293.000000,False,MEDIUM,20.000000,True,Cadillac,5539.708000,,1,15.000000,False,,False,True
2026,4,Miami Grand Prix,R,5732.726000,PER,11,perez,cadillac,96.520000,21.000000,1.000000,,,34.131000,36.094000,26.295000,5670.431000,5706.525000,5732.820000,203.000000,180.000000,280.000000,296.000000,False,MEDIUM,21.000000,True,Cadillac,5636.206000,,1,15.000000,False,,False,True
2026,4,Miami Grand Prix,R,5828.981000,PER,11,perez,cadillac,96.255000,22.000000,1.000000,,,33.943000,35.882000,26.430000,5766.763000,5802.645000,5829.075000,208.000000,183.000000,276.000000,291.000000,False,MEDIUM,22.000000,True,Cadillac,5732.726000,,1,15.000000,False,,False,True
2026,4,Miami Grand Prix,R,5925.598000,PER,11,perez,cadillac,96.617000,23.000000,1.000000,,,34.193000,36.081000,26.343000,5863.268000,5899.349000,5925.692000,203.000000,182.000000,280.000000,297.000000,False,MEDIUM,23.000000,True,Cadillac,5828.981000,,1,15.000000,False,,False,True
2026,4,Miami Grand Prix,R,6021.951000,PER,11,perez,cadillac,96.353000,24.000000,1.000000,,,33.973000,36.086000,26.294000,5959.665000,5995.751000,6022.045000,207.000000,184.000000,278.000000,294.000000,False,MEDIUM,24.000000,True,Cadillac,5925.598000,,1,15.000000,False,,False,True
2026,4,Miami Grand Prix,R,6118.683000,PER,11,perez,cadillac,96.732000,25.000000,1.000000,,,34.042000,36.314000,26.376000,6056.087000,6092.401000,6118.777000,204.000000,184.000000,276.000000,295.000000,False,MEDIUM,25.000000,True,Cadillac,6021.951000,,1,15.000000,False,,False,True
2026,4,Miami Grand Prix,R,6214.961000,PER,11,perez,cadillac,96.278000,26.000000,1.000000,,,33.963000,35.878000,26.437000,6152.740000,6188.618000,6215.055000,205.000000,184.000000,277.000000,290.000000,False,MEDIUM,26.000000,True,Cadillac,6118.683000,,1,15.000000,False,,False,True
2026,4,Miami Grand Prix,R,6311.346000,PER,11,perez,cadillac,96.385000,27.000000,1.000000,,,33.927000,35.978000,26.480000,6248.982000,6284.960000,6311.440000,207.000000,183.000000,278.000000,290.000000,False,MEDIUM,27.000000,True,Cadillac,6214.961000,,1,15.000000,False,,False,True
2026,4,Miami Grand Prix,R,6408.265000,PER,11,perez,cadillac,96.919000,28.000000,1.000000,,,34.169000,36.368000,26.382000,6345.609000,6381.977000,6408.359000,202.000000,180.000000,281.000000,291.000000,False,MEDIUM,28.000000,True,Cadillac,6311.346000,,1,15.000000,False,,False,True
2026,4,Miami Grand Prix,R,6510.547000,PER,11,perez,cadillac,102.282000,29.000000,1.000000,,6505.241000,34.077000,36.082000,32.123000,6442.436000,6478.518000,6510.641000,204.000000,182.000000,,299.000000,False,MEDIUM,29.000000,True,Cadillac,6408.265000,,1,15.000000,False,,False,False
2026,4,Miami Grand Prix,R,6620.400000,PER,11,perez,cadillac,109.853000,30.000000,2.000000,6528.425000,,48.761000,35.174000,25.918000,6559.402000,6594.576000,6620.494000,212.000000,188.000000,285.000000,283.000000,False,HARD,1.000000,True,Cadillac,6510.547000,,1,16.000000,False,,False,False
2026,4,Miami Grand Prix,R,6715.295000,PER,11,perez,cadillac,94.895000,31.000000,2.000000,,,32.995000,35.639000,26.261000,6653.489000,6689.128000,6715.389000,211.000000,186.000000,276.000000,290.000000,True,HARD,2.000000,True,Cadillac,6620.400000,,1,16.000000,False,,False,True
2026,4,Miami Grand Prix,R,6810.674000,PER,11,perez,cadillac,95.379000,32.000000,2.000000,,,33.465000,35.692000,26.222000,6748.854000,6784.546000,6810.768000,208.000000,185.000000,281.000000,284.000000,False,HARD,3.000000,True,Cadillac,6715.295000,,1,16.000000,False,,False,True
2026,4,Miami Grand Prix,R,6905.685000,PER,11,perez,cadillac,95.011000,33.000000,2.000000,,,33.134000,35.651000,26.226000,6843.902000,6879.553000,6905.779000,211.000000,185.000000,280.000000,286.000000,False,HARD,4.000000,True,Cadillac,6810.674000,,1,16.000000,False,,False,True
2026,4,Miami Grand Prix,R,7000.997000,PER,11,perez,cadillac,95.312000,34.000000,2.000000,,,33.417000,35.695000,26.200000,6939.196000,6974.891000,7001.091000,209.000000,185.000000,277.000000,295.000000,False,HARD,5.000000,True,Cadillac,6905.685000,,1,16.000000,False,,False,True
2026,4,Miami Grand Prix,R,7096.645000,PER,11,perez,cadillac,95.648000,35.000000,2.000000,,,33.576000,35.946000,26.126000,7034.667000,7070.613000,7096.739000,206.000000,183.000000,280.000000,295.000000,False,HARD,6.000000,True,Cadillac,7000.997000,,1,16.000000,False,,False,True
2026,4,Miami Grand Prix,R,7194.507000,PER,11,perez,cadillac,97.862000,36.000000,2.000000,,,33.519000,36.116000,28.227000,7130.258000,7166.374000,7194.601000,208.000000,171.000000,285.000000,279.000000,False,HARD,7.000000,True,Cadillac,7096.645000,,1,16.000000,False,,False,True
2026,4,Miami Grand Prix,R,7290.240000,PER,11,perez,cadillac,95.733000,37.000000,2.000000,,,33.724000,35.673000,26.336000,7228.325000,7263.998000,7290.334000,205.000000,182.000000,280.000000,281.000000,False,HARD,8.000000,True,Cadillac,7194.507000,,1,16.000000,False,,False,True
2026,4,Miami Grand Prix,R,7385.779000,PER,11,perez,cadillac,95.539000,38.000000,2.000000,,,33.559000,35.875000,26.105000,7323.893000,7359.768000,7385.873000,208.000000,184.000000,281.000000,297.000000,False,HARD,9.000000,True,Cadillac,7290.240000,,1,16.000000,False,,False,True
2026,4,Miami Grand Prix,R,7481.608000,PER,11,perez,cadillac,95.829000,39.000000,2.000000,,,33.769000,35.878000,26.182000,7419.642000,7455.520000,7481.702000,206.000000,183.000000,282.000000,289.000000,False,HARD,10.000000,True,Cadillac,7385.779000,,1,16.000000,False,,False,True
2026,4,Miami Grand Prix,R,7578.778000,PER,11,perez,cadillac,97.170000,40.000000,2.000000,,,33.602000,36.429000,27.139000,7515.304000,7551.733000,7578.872000,207.000000,164.000000,286.000000,260.000000,False,HARD,11.000000,True,Cadillac,7481.608000,,1,16.000000,False,,False,True
2026,4,Miami Grand Prix,R,7676.128000,PER,11,perez,cadillac,97.350000,41.000000,2.000000,,,33.548000,37.053000,26.749000,7612.420000,7649.473000,7676.222000,211.000000,117.000000,278.000000,296.000000,False,HARD,12.000000,True,Cadillac,7578.778000,,1,16.000000,False,,False,True
2026,4,Miami Grand Prix,R,7772.806000,PER,11,perez,cadillac,96.678000,42.000000,2.000000,,,33.682000,36.926000,26.070000,7709.904000,7746.830000,7772.900000,208.000000,183.000000,281.000000,304.000000,False,HARD,13.000000,True,Cadillac,7676.128000,,1,15.000000,False,,False,True
2026,4,Miami Grand Prix,R,7869.985000,PER,11,perez,cadillac,97.179000,43.000000,2.000000,,,33.711000,37.059000,26.409000,7806.611000,7843.670000,7870.079000,208.000000,131.000000,286.000000,304.000000,False,HARD,14.000000,True,Cadillac,7772.806000,,1,15.000000,False,,False,True
2026,4,Miami Grand Prix,R,7965.542000,PER,11,perez,cadillac,95.557000,44.000000,2.000000,,,33.800000,35.652000,26.105000,7903.879000,7939.531000,7965.636000,206.000000,181.000000,280.000000,300.000000,False,HARD,15.000000,True,Cadillac,7869.985000,,1,15.000000,False,,False,True
2026,4,Miami Grand Prix,R,8061.918000,PER,11,perez,cadillac,96.376000,45.000000,2.000000,,,33.806000,36.619000,25.951000,7999.442000,8036.061000,8062.012000,205.000000,181.000000,286.000000,304.000000,False,HARD,16.000000,True,Cadillac,7965.542000,,1,15.000000,False,,False,True
2026,4,Miami Grand Prix,R,8158.327000,PER,11,perez,cadillac,96.409000,46.000000,2.000000,,,33.554000,36.470000,26.385000,8095.566000,8132.036000,8158.421000,206.000000,179.000000,262.000000,305.000000,False,HARD,17.000000,True,Cadillac,8061.918000,,12,15.000000,False,,False,True
2026,4,Miami Grand Prix,R,8255.219000,PER,11,perez,cadillac,96.892000,47.000000,2.000000,,,34.222000,36.034000,26.636000,8192.643000,8228.677000,8255.313000,206.000000,183.000000,260.000000,296.000000,False,HARD,18.000000,True,Cadillac,8158.327000,,1,15.000000,False,,False,True
2026,4,Miami Grand Prix,R,8351.853000,PER,11,perez,cadillac,96.634000,48.000000,2.000000,,,34.132000,36.058000,26.444000,8289.445000,8325.503000,8351.947000,208.000000,181.000000,279.000000,298.000000,False,HARD,19.000000,True,Cadillac,8255.219000,,1,15.000000,False,,False,True
2026,4,Miami Grand Prix,R,8448.740000,PER,11,perez,cadillac,96.887000,49.000000,2.000000,,,34.011000,36.140000,26.736000,8385.958000,8422.098000,8448.834000,209.000000,180.000000,273.000000,296.000000,False,HARD,20.000000,True,Cadillac,8351.853000,,1,15.000000,False,,False,True
2026,4,Miami Grand Prix,R,8545.296000,PER,11,perez,cadillac,96.556000,50.000000,2.000000,,,34.657000,35.626000,26.273000,8483.491000,8519.117000,8545.390000,208.000000,182.000000,277.000000,302.000000,False,HARD,21.000000,True,Cadillac,8448.740000,,1,15.000000,False,,False,True
2026,4,Miami Grand Prix,R,8641.607000,PER,11,perez,cadillac,96.311000,51.000000,2.000000,,,33.688000,35.833000,26.790000,8579.078000,8614.911000,8641.701000,206.000000,180.000000,250.000000,311.000000,False,HARD,22.000000,True,Cadillac,8545.296000,,1,16.000000,False,,False,True
2026,4,Miami Grand Prix,R,8737.421000,PER,11,perez,cadillac,95.814000,52.000000,2.000000,,,34.020000,35.861000,25.933000,8675.721000,8711.582000,8737.515000,206.000000,183.000000,279.000000,302.000000,False,HARD,23.000000,True,Cadillac,8641.607000,,1,16.000000,False,,False,True
2026,4,Miami Grand Prix,R,8832.777000,PER,11,perez,cadillac,95.356000,53.000000,2.000000,,,33.675000,35.600000,26.081000,8771.190000,8806.790000,8832.871000,211.000000,183.000000,284.000000,299.000000,False,HARD,24.000000,True,Cadillac,8737.421000,,1,16.000000,False,,False,True
2026,4,Miami Grand Prix,R,8928.279000,PER,11,perez,cadillac,95.502000,54.000000,2.000000,,,33.566000,35.719000,26.217000,8866.437000,8902.156000,8928.373000,209.000000,183.000000,289.000000,294.000000,False,HARD,25.000000,True,Cadillac,8832.777000,,1,16.000000,False,,False,True
2026,4,Miami Grand Prix,R,9023.529000,PER,11,perez,cadillac,95.250000,55.000000,2.000000,,,33.514000,35.681000,26.055000,8961.887000,8997.568000,9023.623000,211.000000,182.000000,284.000000,306.000000,False,HARD,26.000000,True,Cadillac,8928.279000,,12,16.000000,False,,False,True
2026,4,Miami Grand Prix,R,9118.779000,PER,11,perez,cadillac,95.250000,56.000000,2.000000,,,33.597000,35.613000,26.040000,9057.220000,9092.833000,9118.873000,207.000000,182.000000,268.000000,318.000000,False,HARD,27.000000,True,Cadillac,9023.529000,,1,16.000000,False,,False,True
2026,4,Miami Grand Prix,R,3539.236000,ANT,12,antonelli,mercedes,97.243000,1.000000,1.000000,,,,34.209000,25.710000,,3513.708000,3539.433000,213.000000,189.000000,267.000000,311.000000,False,MEDIUM,1.000000,True,Mercedes,3441.749000,,1,2.000000,False,,False,False
2026,4,Miami Grand Prix,R,3632.172000,ANT,12,antonelli,mercedes,92.936000,2.000000,1.000000,,,32.563000,34.481000,25.892000,3571.898000,3606.379000,3632.271000,211.000000,188.000000,259.000000,316.000000,True,MEDIUM,2.000000,True,Mercedes,3539.236000,,1,2.000000,False,,False,True
2026,4,Miami Grand Prix,R,3725.396000,ANT,12,antonelli,mercedes,93.224000,3.000000,1.000000,,,32.814000,34.577000,25.833000,3665.085000,3699.662000,3725.495000,210.000000,186.000000,263.000000,310.000000,False,MEDIUM,3.000000,True,Mercedes,3632.172000,,1,2.000000,False,,False,True
2026,4,Miami Grand Prix,R,3818.982000,ANT,12,antonelli,mercedes,93.586000,4.000000,1.000000,,,32.729000,35.095000,25.762000,3758.224000,3793.319000,3819.081000,212.000000,184.000000,283.000000,303.000000,False,MEDIUM,4.000000,True,Mercedes,3725.396000,,1,1.000000,False,,False,True
2026,4,Miami Grand Prix,R,3913.584000,ANT,12,antonelli,mercedes,94.602000,5.000000,1.000000,,,32.893000,35.572000,26.137000,3851.974000,3887.546000,3913.683000,209.000000,186.000000,257.000000,313.000000,False,MEDIUM,5.000000,True,Mercedes,3818.982000,,12,2.000000,False,,False,True
2026,4,Miami Grand Prix,R,4045.677000,ANT,12,antonelli,mercedes,132.093000,6.000000,1.000000,,,41.747000,51.819000,38.527000,3955.430000,4007.249000,4045.776000,85.000000,101.000000,241.000000,92.000000,False,MEDIUM,6.000000,True,Mercedes,3913.584000,,24,3.000000,False,,False,False
2026,4,Miami Grand Prix,R,4182.778000,ANT,12,antonelli,mercedes,137.101000,7.000000,1.000000,,,40.592000,55.122000,41.387000,4086.368000,4141.490000,4182.877000,121.000000,107.000000,226.000000,140.000000,False,MEDIUM,7.000000,True,Mercedes,4045.677000,,4,3.000000,False,,False,False
2026,4,Miami Grand Prix,R,4325.406000,ANT,12,antonelli,mercedes,142.628000,8.000000,1.000000,,,50.121000,54.811000,37.696000,4232.998000,4287.809000,4325.505000,90.000000,80.000000,247.000000,97.000000,False,MEDIUM,8.000000,True,Mercedes,4182.778000,,4,3.000000,False,,False,False
2026,4,Miami Grand Prix,R,4473.426000,ANT,12,antonelli,mercedes,148.020000,9.000000,1.000000,,,48.055000,56.357000,43.608000,4373.560000,4429.917000,4473.525000,157.000000,77.000000,231.000000,169.000000,False,MEDIUM,9.000000,True,Mercedes,4325.406000,,4,3.000000,False,,False,False
2026,4,Miami Grand Prix,R,4612.197000,ANT,12,antonelli,mercedes,138.771000,10.000000,1.000000,,,48.165000,55.710000,34.896000,4521.690000,4577.400000,4612.296000,119.000000,85.000000,207.000000,235.000000,False,MEDIUM,10.000000,True,Mercedes,4473.426000,,4,3.000000,False,,False,False
2026,4,Miami Grand Prix,R,4762.357000,ANT,12,antonelli,mercedes,,11.000000,1.000000,,,48.216000,47.879000,54.069000,4660.551000,4708.442000,4762.542000,133.000000,118.000000,281.000000,61.000000,False,MEDIUM,11.000000,True,Mercedes,4612.197000,,41,3.000000,False,,False,False
2026,4,Miami Grand Prix,R,4855.400000,ANT,12,antonelli,mercedes,93.043000,12.000000,1.000000,,,32.726000,34.667000,25.650000,4795.182000,4829.849000,4855.499000,215.000000,187.000000,260.000000,320.000000,False,MEDIUM,12.000000,True,Mercedes,4762.357000,,1,3.000000,False,,False,True
2026,4,Miami Grand Prix,R,4948.470000,ANT,12,antonelli,mercedes,93.070000,13.000000,1.000000,,,32.789000,34.815000,25.466000,4888.288000,4923.103000,4948.569000,211.000000,187.000000,273.000000,319.000000,False,MEDIUM,13.000000,True,Mercedes,4855.400000,,1,2.000000,False,,False,True
2026,4,Miami Grand Prix,R,5041.784000,ANT,12,antonelli,mercedes,93.314000,14.000000,1.000000,,,33.294000,34.303000,25.717000,4981.863000,5016.166000,5041.883000,212.000000,186.000000,267.000000,304.000000,False,MEDIUM,14.000000,True,Mercedes,4948.470000,,1,2.000000,False,,False,True
2026,4,Miami Grand Prix,R,5134.964000,ANT,12,antonelli,mercedes,93.180000,15.000000,1.000000,,,32.618000,34.662000,25.900000,5074.501000,5109.163000,5135.063000,209.000000,186.000000,258.000000,313.000000,False,MEDIUM,15.000000,True,Mercedes,5041.784000,,1,2.000000,False,,False,True
2026,4,Miami Grand Prix,R,5228.622000,ANT,12,antonelli,mercedes,93.658000,16.000000,1.000000,,,32.887000,34.798000,25.973000,5167.950000,5202.748000,5228.721000,210.000000,185.000000,260.000000,310.000000,False,MEDIUM,16.000000,True,Mercedes,5134.964000,,12,2.000000,False,,False,True
2026,4,Miami Grand Prix,R,5321.675000,ANT,12,antonelli,mercedes,93.053000,17.000000,1.000000,,,32.586000,34.570000,25.897000,5261.307000,5295.877000,5321.774000,211.000000,185.000000,269.000000,309.000000,False,MEDIUM,17.000000,True,Mercedes,5228.622000,,1,2.000000,False,,False,True
2026,4,Miami Grand Prix,R,5414.919000,ANT,12,antonelli,mercedes,93.244000,18.000000,1.000000,,,32.549000,34.760000,25.935000,5354.323000,5389.083000,5415.018000,211.000000,184.000000,265.000000,311.000000,False,MEDIUM,18.000000,True,Mercedes,5321.675000,,1,2.000000,False,,False,True
2026,4,Miami Grand Prix,R,5508.264000,ANT,12,antonelli,mercedes,93.345000,19.000000,1.000000,,,32.774000,34.648000,25.923000,5447.792000,5482.440000,5508.363000,208.000000,184.000000,269.000000,310.000000,False,MEDIUM,19.000000,True,Mercedes,5414.919000,,1,2.000000,True,TRACK LIMITS AT TURN 5 LAP 19 ,False,True
2026,4,Miami Grand Prix,R,5601.275000,ANT,12,antonelli,mercedes,93.011000,20.000000,1.000000,,,32.577000,34.549000,25.885000,5540.940000,5575.489000,5601.374000,210.000000,184.000000,269.000000,310.000000,False,MEDIUM,20.000000,True,Mercedes,5508.264000,,1,2.000000,False,,False,True
2026,4,Miami Grand Prix,R,5694.424000,ANT,12,antonelli,mercedes,93.149000,21.000000,1.000000,,,32.710000,34.534000,25.905000,5634.084000,5668.618000,5694.523000,211.000000,185.000000,269.000000,309.000000,False,MEDIUM,21.000000,True,Mercedes,5601.275000,,1,2.000000,False,,False,True
2026,4,Miami Grand Prix,R,5787.203000,ANT,12,antonelli,mercedes,92.779000,22.000000,1.000000,,,32.500000,34.488000,25.791000,5727.023000,5761.511000,5787.302000,210.000000,186.000000,269.000000,309.000000,True,MEDIUM,22.000000,True,Mercedes,5694.424000,,1,2.000000,False,,False,True
2026,4,Miami Grand Prix,R,5880.197000,ANT,12,antonelli,mercedes,92.994000,23.000000,1.000000,,,32.513000,34.581000,25.900000,5819.815000,5854.396000,5880.296000,210.000000,184.000000,267.000000,312.000000,False,MEDIUM,23.000000,True,Mercedes,5787.203000,,1,2.000000,False,,False,True
2026,4,Miami Grand Prix,R,5972.999000,ANT,12,antonelli,mercedes,92.802000,24.000000,1.000000,,,32.418000,34.518000,25.866000,5912.714000,5947.232000,5973.098000,212.000000,184.000000,265.000000,314.000000,False,MEDIUM,24.000000,True,Mercedes,5880.197000,,1,2.000000,False,,False,True
2026,4,Miami Grand Prix,R,6066.067000,ANT,12,antonelli,mercedes,93.068000,25.000000,1.000000,,,32.423000,34.870000,25.775000,6005.521000,6040.391000,6066.166000,211.000000,186.000000,267.000000,312.000000,False,MEDIUM,25.000000,True,Mercedes,5972.999000,,1,2.000000,False,,False,True
2026,4,Miami Grand Prix,R,6163.951000,ANT,12,antonelli,mercedes,97.884000,26.000000,1.000000,,6158.637000,32.448000,34.563000,30.873000,6098.614000,6133.177000,6164.050000,209.000000,184.000000,,313.000000,False,MEDIUM,26.000000,True,Mercedes,6066.067000,,1,2.000000,False,,False,False
2026,4,Miami Grand Prix,R,6269.552000,ANT,12,antonelli,mercedes,105.601000,27.000000,2.000000,6180.687000,,46.283000,34.093000,25.225000,6210.333000,6244.426000,6269.651000,218.000000,188.000000,266.000000,326.000000,False,HARD,1.000000,True,Mercedes,6163.951000,,1,4.000000,False,,False,False
2026,4,Miami Grand Prix,R,6362.466000,ANT,12,antonelli,mercedes,92.914000,28.000000,2.000000,,,32.308000,34.583000,26.023000,6301.959000,6336.542000,6362.565000,216.000000,185.000000,258.000000,292.000000,False,HARD,2.000000,True,Mercedes,6269.552000,,1,2.000000,False,,False,True
2026,4,Miami Grand Prix,R,6454.797000,ANT,12,antonelli,mercedes,92.331000,29.000000,2.000000,,,32.558000,33.975000,25.798000,6395.123000,6429.098000,6454.896000,214.000000,187.000000,275.000000,290.000000,True,HARD,3.000000,True,Mercedes,6362.466000,,1,1.000000,False,,False,True
2026,4,Miami Grand Prix,R,6547.007000,ANT,12,antonelli,mercedes,92.210000,30.000000,2.000000,,,32.108000,34.411000,25.691000,6487.004000,6521.415000,6547.106000,212.000000,187.000000,272.000000,301.000000,True,HARD,4.000000,True,Mercedes,6454.797000,,1,1.000000,False,,False,True
2026,4,Miami Grand Prix,R,6639.265000,ANT,12,antonelli,mercedes,92.258000,31.000000,2.000000,,,31.992000,34.515000,25.751000,6579.098000,6613.613000,6639.364000,212.000000,187.000000,273.000000,301.000000,False,HARD,5.000000,True,Mercedes,6547.007000,,1,1.000000,False,,False,True
2026,4,Miami Grand Prix,R,6731.311000,ANT,12,antonelli,mercedes,92.046000,32.000000,2.000000,,,32.068000,34.325000,25.653000,6671.432000,6705.757000,6731.410000,213.000000,187.000000,273.000000,309.000000,True,HARD,6.000000,True,Mercedes,6639.265000,,1,1.000000,False,,False,True
2026,4,Miami Grand Prix,R,6823.424000,ANT,12,antonelli,mercedes,92.113000,33.000000,2.000000,,,32.066000,34.475000,25.572000,6763.476000,6797.951000,6823.523000,212.000000,186.000000,273.000000,309.000000,False,HARD,7.000000,True,Mercedes,6731.311000,,1,1.000000,False,,False,True
2026,4,Miami Grand Prix,R,6915.392000,ANT,12,antonelli,mercedes,91.968000,34.000000,2.000000,,,31.959000,34.466000,25.543000,6855.482000,6889.948000,6915.491000,211.000000,187.000000,271.000000,312.000000,True,HARD,8.000000,True,Mercedes,6823.424000,,1,1.000000,False,,False,True
2026,4,Miami Grand Prix,R,7007.879000,ANT,12,antonelli,mercedes,92.487000,35.000000,2.000000,,,32.212000,34.578000,25.697000,6947.703000,6982.281000,7007.978000,214.000000,186.000000,268.000000,304.000000,False,HARD,9.000000,True,Mercedes,6915.392000,,1,1.000000,False,,False,True
2026,4,Miami Grand Prix,R,7100.233000,ANT,12,antonelli,mercedes,92.354000,36.000000,2.000000,,,32.185000,34.587000,25.582000,7040.163000,7074.750000,7100.332000,212.000000,185.000000,274.000000,313.000000,False,HARD,10.000000,True,Mercedes,7007.879000,,1,1.000000,False,,False,True
2026,4,Miami Grand Prix,R,7192.716000,ANT,12,antonelli,mercedes,92.483000,37.000000,2.000000,,,32.188000,34.704000,25.591000,7132.520000,7167.224000,7192.815000,211.000000,183.000000,279.000000,312.000000,False,HARD,11.000000,True,Mercedes,7100.233000,,1,1.000000,False,,False,True
2026,4,Miami Grand Prix,R,7285.139000,ANT,12,antonelli,mercedes,92.423000,38.000000,2.000000,,,32.221000,34.621000,25.581000,7225.036000,7259.657000,7285.238000,211.000000,185.000000,275.000000,311.000000,False,HARD,12.000000,True,Mercedes,7192.716000,,1,1.000000,False,,False,True
2026,4,Miami Grand Prix,R,7377.521000,ANT,12,antonelli,mercedes,92.382000,39.000000,2.000000,,,32.232000,34.598000,25.552000,7317.470000,7352.068000,7377.620000,214.000000,187.000000,278.000000,313.000000,False,HARD,13.000000,True,Mercedes,7285.139000,,1,1.000000,False,,False,True
2026,4,Miami Grand Prix,R,7470.399000,ANT,12,antonelli,mercedes,92.878000,40.000000,2.000000,,,32.548000,34.608000,25.722000,7410.168000,7444.776000,7470.498000,213.000000,186.000000,275.000000,317.000000,False,HARD,14.000000,True,Mercedes,7377.521000,,1,1.000000,False,,False,True
2026,4,Miami Grand Prix,R,7562.730000,ANT,12,antonelli,mercedes,92.331000,41.000000,2.000000,,,32.274000,34.579000,25.478000,7502.772000,7537.351000,7562.829000,211.000000,186.000000,284.000000,309.000000,False,HARD,15.000000,True,Mercedes,7470.399000,,1,1.000000,False,,False,True
2026,4,Miami Grand Prix,R,7655.226000,ANT,12,antonelli,mercedes,92.496000,42.000000,2.000000,,,32.173000,34.720000,25.603000,7595.002000,7629.722000,7655.325000,213.000000,186.000000,278.000000,311.000000,False,HARD,16.000000,True,Mercedes,7562.730000,,1,1.000000,False,,False,True
2026,4,Miami Grand Prix,R,7747.412000,ANT,12,antonelli,mercedes,92.186000,43.000000,2.000000,,,32.087000,34.567000,25.532000,7687.412000,7721.979000,7747.511000,210.000000,185.000000,277.000000,314.000000,False,HARD,17.000000,True,Mercedes,7655.226000,,1,1.000000,False,,False,True
2026,4,Miami Grand Prix,R,7839.623000,ANT,12,antonelli,mercedes,92.211000,44.000000,2.000000,,,32.144000,34.561000,25.506000,7779.655000,7814.216000,7839.722000,213.000000,185.000000,279.000000,319.000000,False,HARD,18.000000,True,Mercedes,7747.412000,,1,1.000000,False,,False,True
2026,4,Miami Grand Prix,R,7932.022000,ANT,12,antonelli,mercedes,92.399000,45.000000,2.000000,,,32.121000,34.660000,25.618000,7871.843000,7906.503000,7932.121000,213.000000,186.000000,278.000000,311.000000,False,HARD,19.000000,True,Mercedes,7839.623000,,1,1.000000,True,TRACK LIMITS AT TURN 11 LAP 45 ,False,True
2026,4,Miami Grand Prix,R,8024.553000,ANT,12,antonelli,mercedes,92.531000,46.000000,2.000000,,,32.103000,34.801000,25.627000,7964.224000,7999.025000,8024.652000,211.000000,185.000000,279.000000,314.000000,False,HARD,20.000000,True,Mercedes,7932.022000,,1,1.000000,False,,False,True
2026,4,Miami Grand Prix,R,8117.335000,ANT,12,antonelli,mercedes,92.782000,47.000000,2.000000,,,32.714000,34.489000,25.579000,8057.366000,8091.855000,8117.434000,211.000000,186.000000,276.000000,313.000000,False,HARD,21.000000,True,Mercedes,8024.553000,,1,1.000000,False,,False,True
2026,4,Miami Grand Prix,R,8209.712000,ANT,12,antonelli,mercedes,92.377000,48.000000,2.000000,,,32.149000,34.682000,25.546000,8149.583000,8184.265000,8209.811000,214.000000,185.000000,278.000000,314.000000,False,HARD,22.000000,True,Mercedes,8117.335000,,12,1.000000,False,,False,True
2026,4,Miami Grand Prix,R,8301.955000,ANT,12,antonelli,mercedes,92.243000,49.000000,2.000000,,,32.084000,34.650000,25.509000,8241.895000,8276.545000,8302.054000,212.000000,185.000000,276.000000,317.000000,False,HARD,23.000000,True,Mercedes,8209.712000,,1,1.000000,False,,False,True
2026,4,Miami Grand Prix,R,8394.052000,ANT,12,antonelli,mercedes,92.097000,50.000000,2.000000,,,32.102000,34.587000,25.408000,8334.156000,8368.743000,8394.151000,213.000000,186.000000,281.000000,320.000000,False,HARD,24.000000,True,Mercedes,8301.955000,,1,1.000000,False,,False,True
2026,4,Miami Grand Prix,R,8486.470000,ANT,12,antonelli,mercedes,92.418000,51.000000,2.000000,,,32.144000,34.714000,25.560000,8426.295000,8461.009000,8486.569000,213.000000,186.000000,281.000000,321.000000,False,HARD,25.000000,True,Mercedes,8394.052000,,1,1.000000,False,,False,True
2026,4,Miami Grand Prix,R,8578.897000,ANT,12,antonelli,mercedes,92.427000,52.000000,2.000000,,,32.267000,34.588000,25.572000,8518.836000,8553.424000,8578.996000,210.000000,186.000000,274.000000,314.000000,False,HARD,26.000000,True,Mercedes,8486.470000,,1,1.000000,False,,False,True
2026,4,Miami Grand Prix,R,8671.251000,ANT,12,antonelli,mercedes,92.354000,53.000000,2.000000,,,32.070000,34.676000,25.608000,8611.066000,8645.742000,8671.350000,212.000000,185.000000,273.000000,316.000000,False,HARD,27.000000,True,Mercedes,8578.897000,,1,1.000000,False,,False,True
2026,4,Miami Grand Prix,R,8763.237000,ANT,12,antonelli,mercedes,91.986000,54.000000,2.000000,,,32.040000,34.599000,25.347000,8703.390000,8737.989000,8763.336000,213.000000,186.000000,281.000000,321.000000,False,HARD,28.000000,True,Mercedes,8671.251000,,1,1.000000,False,,False,True
2026,4,Miami Grand Prix,R,8855.584000,ANT,12,antonelli,mercedes,92.347000,55.000000,2.000000,,,32.376000,34.451000,25.520000,8795.712000,8830.163000,8855.683000,211.000000,186.000000,276.000000,315.000000,False,HARD,29.000000,True,Mercedes,8763.237000,,1,1.000000,False,,False,True
2026,4,Miami Grand Prix,R,8948.170000,ANT,12,antonelli,mercedes,92.586000,56.000000,2.000000,,,32.122000,34.808000,25.656000,8887.805000,8922.613000,8948.269000,213.000000,186.000000,279.000000,316.000000,False,HARD,30.000000,True,Mercedes,8855.584000,,1,1.000000,False,,False,True
2026,4,Miami Grand Prix,R,9041.262000,ANT,12,antonelli,mercedes,93.092000,57.000000,2.000000,,,32.418000,34.810000,25.864000,8980.687000,9015.497000,9041.361000,214.000000,186.000000,269.000000,322.000000,False,HARD,31.000000,True,Mercedes,8948.170000,,12,1.000000,False,,False,True
2026,4,Miami Grand Prix,R,3551.945000,ALO,14,alonso,aston_martin,109.952000,1.000000,1.000000,,,,38.503000,27.007000,,3525.173000,3551.974000,200.000000,181.000000,263.000000,297.000000,False,MEDIUM,1.000000,True,Aston Martin,3441.749000,,1,20.000000,False,,False,False
2026,4,Miami Grand Prix,R,3648.572000,ALO,14,alonso,aston_martin,96.627000,2.000000,1.000000,,,34.472000,35.834000,26.321000,3586.446000,3622.280000,3648.601000,204.000000,180.000000,271.000000,304.000000,True,MEDIUM,2.000000,True,Aston Martin,3551.945000,,1,20.000000,False,,False,True
2026,4,Miami Grand Prix,R,3745.077000,ALO,14,alonso,aston_martin,96.505000,3.000000,1.000000,,,34.435000,35.967000,26.103000,3683.036000,3719.003000,3745.106000,203.000000,181.000000,273.000000,299.000000,True,MEDIUM,3.000000,True,Aston Martin,3648.572000,,1,20.000000,False,,False,True
2026,4,Miami Grand Prix,R,3841.527000,ALO,14,alonso,aston_martin,96.450000,4.000000,1.000000,,,34.101000,36.003000,26.346000,3779.207000,3815.210000,3841.556000,204.000000,181.000000,275.000000,302.000000,True,MEDIUM,4.000000,True,Aston Martin,3745.077000,,1,20.000000,False,,False,True
2026,4,Miami Grand Prix,R,3941.669000,ALO,14,alonso,aston_martin,100.142000,5.000000,1.000000,,,33.915000,36.240000,29.987000,3875.471000,3911.711000,3941.698000,205.000000,180.000000,102.000000,278.000000,False,MEDIUM,5.000000,True,Aston Martin,3841.527000,,124,17.000000,False,,False,False
2026,4,Miami Grand Prix,R,4076.851000,ALO,14,alonso,aston_martin,135.182000,6.000000,1.000000,,,44.673000,51.274000,39.235000,3986.371000,4037.645000,4076.880000,186.000000,150.000000,221.000000,84.000000,False,MEDIUM,6.000000,True,Aston Martin,3941.669000,,4,17.000000,False,,False,False
2026,4,Miami Grand Prix,R,4206.807000,ALO,14,alonso,aston_martin,129.956000,7.000000,1.000000,,,39.034000,49.822000,41.100000,4115.914000,4165.736000,4206.836000,171.000000,136.000000,214.000000,105.000000,False,MEDIUM,7.000000,True,Aston Martin,4076.851000,,4,17.000000,False,,False,False
2026,4,Miami Grand Prix,R,4349.188000,ALO,14,alonso,aston_martin,142.381000,8.000000,1.000000,,,40.614000,59.926000,41.841000,4247.450000,4307.376000,4349.217000,155.000000,50.000000,220.000000,108.000000,False,MEDIUM,8.000000,True,Aston Martin,4206.807000,,4,17.000000,False,,False,False
2026,4,Miami Grand Prix,R,4491.417000,ALO,14,alonso,aston_martin,142.229000,9.000000,1.000000,,,40.463000,63.484000,38.282000,4389.680000,4453.164000,4491.446000,136.000000,107.000000,215.000000,209.000000,False,MEDIUM,9.000000,True,Aston Martin,4349.188000,,4,17.000000,False,,False,False
2026,4,Miami Grand Prix,R,4631.612000,ALO,14,alonso,aston_martin,140.195000,10.000000,1.000000,,,44.824000,60.795000,34.576000,4536.270000,4597.065000,4631.641000,92.000000,69.000000,215.000000,240.000000,False,MEDIUM,10.000000,True,Aston Martin,4491.417000,,4,17.000000,False,,False,False
2026,4,Miami Grand Prix,R,4769.427000,ALO,14,alonso,aston_martin,137.815000,11.000000,1.000000,,,44.428000,48.072000,45.315000,4676.069000,4724.141000,4769.456000,137.000000,160.000000,278.000000,40.000000,False,MEDIUM,11.000000,True,Aston Martin,4631.612000,,41,17.000000,False,,False,False
2026,4,Miami Grand Prix,R,4866.227000,ALO,14,alonso,aston_martin,96.800000,12.000000,1.000000,,,34.086000,36.435000,26.279000,4803.542000,4839.977000,4866.256000,206.000000,180.000000,282.000000,289.000000,False,MEDIUM,12.000000,True,Aston Martin,4769.427000,,1,17.000000,False,,False,True
2026,4,Miami Grand Prix,R,4962.576000,ALO,14,alonso,aston_martin,96.349000,13.000000,1.000000,,,34.305000,35.916000,26.128000,4900.561000,4936.477000,4962.605000,203.000000,180.000000,275.000000,303.000000,True,MEDIUM,13.000000,True,Aston Martin,4866.227000,,1,17.000000,False,,False,True
2026,4,Miami Grand Prix,R,5059.058000,ALO,14,alonso,aston_martin,96.482000,14.000000,1.000000,,,34.407000,35.928000,26.147000,4997.012000,5032.940000,5059.087000,208.000000,179.000000,263.000000,311.000000,False,MEDIUM,14.000000,True,Aston Martin,4962.576000,,1,17.000000,False,,False,True
2026,4,Miami Grand Prix,R,5156.693000,ALO,14,alonso,aston_martin,97.635000,15.000000,1.000000,,,35.336000,36.016000,26.283000,5094.423000,5130.439000,5156.722000,203.000000,180.000000,268.000000,311.000000,False,MEDIUM,15.000000,True,Aston Martin,5059.058000,,12,17.000000,False,,False,True
2026,4,Miami Grand Prix,R,5252.836000,ALO,14,alonso,aston_martin,96.143000,16.000000,1.000000,,,33.918000,35.931000,26.294000,5190.640000,5226.571000,5252.865000,197.000000,180.000000,271.000000,304.000000,True,MEDIUM,16.000000,True,Aston Martin,5156.693000,,1,17.000000,False,,False,True
2026,4,Miami Grand Prix,R,5349.289000,ALO,14,alonso,aston_martin,96.453000,17.000000,1.000000,,,33.761000,36.262000,26.430000,5286.626000,5322.888000,5349.318000,201.000000,180.000000,271.000000,297.000000,False,MEDIUM,17.000000,True,Aston Martin,5252.836000,,1,17.000000,False,,False,True
2026,4,Miami Grand Prix,R,5446.228000,ALO,14,alonso,aston_martin,96.939000,18.000000,1.000000,,,34.132000,36.336000,26.471000,5383.450000,5419.786000,5446.257000,194.000000,179.000000,270.000000,304.000000,False,MEDIUM,18.000000,True,Aston Martin,5349.289000,,1,17.000000,False,,False,True
2026,4,Miami Grand Prix,R,5543.064000,ALO,14,alonso,aston_martin,96.836000,19.000000,1.000000,,,34.232000,36.064000,26.540000,5480.489000,5516.553000,5543.093000,204.000000,181.000000,272.000000,303.000000,False,MEDIUM,19.000000,True,Aston Martin,5446.228000,,1,17.000000,False,,False,True
2026,4,Miami Grand Prix,R,5639.285000,ALO,14,alonso,aston_martin,96.221000,20.000000,1.000000,,,33.989000,35.784000,26.448000,5577.082000,5612.866000,5639.314000,203.000000,181.000000,270.000000,299.000000,False,MEDIUM,20.000000,True,Aston Martin,5543.064000,,1,16.000000,False,,False,True
2026,4,Miami Grand Prix,R,5735.846000,ALO,14,alonso,aston_martin,96.561000,21.000000,1.000000,,,33.714000,36.197000,26.650000,5673.028000,5709.225000,5735.875000,203.000000,181.000000,272.000000,292.000000,False,MEDIUM,21.000000,True,Aston Martin,5639.285000,,1,16.000000,False,,False,True
2026,4,Miami Grand Prix,R,5832.140000,ALO,14,alonso,aston_martin,96.294000,22.000000,1.000000,,,33.715000,36.016000,26.563000,5769.590000,5805.606000,5832.169000,198.000000,181.000000,269.000000,295.000000,False,MEDIUM,22.000000,True,Aston Martin,5735.846000,,1,16.000000,False,,False,True
2026,4,Miami Grand Prix,R,5928.526000,ALO,14,alonso,aston_martin,96.386000,23.000000,1.000000,,,33.654000,36.078000,26.654000,5865.823000,5901.901000,5928.555000,201.000000,182.000000,266.000000,294.000000,False,MEDIUM,23.000000,True,Aston Martin,5832.140000,,1,16.000000,True,TRACK LIMITS AT TURN 5 LAP 23 ,False,True
2026,4,Miami Grand Prix,R,6025.192000,ALO,14,alonso,aston_martin,96.666000,24.000000,1.000000,,,33.735000,36.178000,26.753000,5962.290000,5998.468000,6025.221000,201.000000,181.000000,271.000000,293.000000,False,MEDIUM,24.000000,True,Aston Martin,5928.526000,,1,16.000000,False,,False,True
2026,4,Miami Grand Prix,R,6121.669000,ALO,14,alonso,aston_martin,96.477000,25.000000,1.000000,,,33.469000,36.274000,26.734000,6058.690000,6094.964000,6121.698000,202.000000,182.000000,269.000000,293.000000,False,MEDIUM,25.000000,True,Aston Martin,6025.192000,,1,16.000000,False,,False,True
2026,4,Miami Grand Prix,R,6217.938000,ALO,14,alonso,aston_martin,96.269000,26.000000,1.000000,,,33.537000,35.955000,26.777000,6155.235000,6191.190000,6217.967000,203.000000,182.000000,271.000000,292.000000,False,MEDIUM,26.000000,True,Aston Martin,6121.669000,,1,16.000000,False,,False,True
2026,4,Miami Grand Prix,R,6314.009000,ALO,14,alonso,aston_martin,96.071000,27.000000,1.000000,,,33.539000,35.912000,26.620000,6251.506000,6287.418000,6314.038000,203.000000,183.000000,273.000000,295.000000,True,MEDIUM,27.000000,True,Aston Martin,6217.938000,,1,16.000000,False,,False,True
2026,4,Miami Grand Prix,R,6409.994000,ALO,14,alonso,aston_martin,95.985000,28.000000,1.000000,,,33.452000,35.977000,26.556000,6347.490000,6383.467000,6410.023000,203.000000,183.000000,270.000000,296.000000,True,MEDIUM,28.000000,True,Aston Martin,6314.009000,,1,16.000000,False,,False,True
2026,4,Miami Grand Prix,R,6506.074000,ALO,14,alonso,aston_martin,96.080000,29.000000,1.000000,,,33.629000,35.917000,26.534000,6443.652000,6479.569000,6506.103000,202.000000,182.000000,271.000000,297.000000,False,MEDIUM,29.000000,True,Aston Martin,6409.994000,,1,14.000000,True,TRACK LIMITS AT TURN 5 LAP 29 ,False,True
2026,4,Miami Grand Prix,R,6602.265000,ALO,14,alonso,aston_martin,96.191000,30.000000,1.000000,,,33.740000,35.868000,26.583000,6539.843000,6575.711000,6602.294000,198.000000,183.000000,270.000000,292.000000,False,MEDIUM,30.000000,True,Aston Martin,6506.074000,,1,14.000000,False,,False,True
2026,4,Miami Grand Prix,R,6698.655000,ALO,14,alonso,aston_martin,96.390000,31.000000,1.000000,,,33.697000,35.938000,26.755000,6635.991000,6671.929000,6698.684000,201.000000,182.000000,266.000000,289.000000,False,MEDIUM,31.000000,True,Aston Martin,6602.265000,,1,14.000000,False,,False,True
2026,4,Miami Grand Prix,R,6794.990000,ALO,14,alonso,aston_martin,96.335000,32.000000,1.000000,,,33.567000,35.876000,26.892000,6732.251000,6768.127000,6795.019000,201.000000,182.000000,271.000000,288.000000,False,MEDIUM,32.000000,True,Aston Martin,6698.655000,,1,14.000000,False,,False,True
2026,4,Miami Grand Prix,R,6891.698000,ALO,14,alonso,aston_martin,96.708000,33.000000,1.000000,,,33.582000,36.656000,26.470000,6828.601000,6865.257000,6891.727000,200.000000,181.000000,275.000000,307.000000,False,MEDIUM,33.000000,True,Aston Martin,6794.990000,,1,15.000000,False,,False,True
2026,4,Miami Grand Prix,R,6987.342000,ALO,14,alonso,aston_martin,95.644000,34.000000,1.000000,,,33.555000,35.827000,26.262000,6925.282000,6961.109000,6987.371000,203.000000,182.000000,272.000000,307.000000,True,MEDIUM,34.000000,True,Aston Martin,6891.698000,,1,15.000000,False,,False,True
2026,4,Miami Grand Prix,R,7083.885000,ALO,14,alonso,aston_martin,96.543000,35.000000,1.000000,,,33.832000,36.031000,26.680000,7021.203000,7057.234000,7083.914000,204.000000,180.000000,272.000000,289.000000,False,MEDIUM,35.000000,True,Aston Martin,6987.342000,,1,15.000000,False,,False,True
2026,4,Miami Grand Prix,R,7180.336000,ALO,14,alonso,aston_martin,96.451000,36.000000,1.000000,,,33.604000,36.152000,26.695000,7117.518000,7153.670000,7180.365000,200.000000,182.000000,270.000000,293.000000,False,MEDIUM,36.000000,True,Aston Martin,7083.885000,,1,15.000000,False,,False,True
2026,4,Miami Grand Prix,R,7276.894000,ALO,14,alonso,aston_martin,96.558000,37.000000,1.000000,,,33.619000,36.103000,26.836000,7213.984000,7250.087000,7276.923000,203.000000,182.000000,265.000000,287.000000,False,MEDIUM,37.000000,True,Aston Martin,7180.336000,,1,15.000000,False,,False,True
2026,4,Miami Grand Prix,R,7373.764000,ALO,14,alonso,aston_martin,96.870000,38.000000,1.000000,,,33.803000,36.135000,26.932000,7310.726000,7346.861000,7373.793000,205.000000,183.000000,270.000000,289.000000,False,MEDIUM,38.000000,True,Aston Martin,7276.894000,,1,15.000000,False,,False,True
2026,4,Miami Grand Prix,R,7470.158000,ALO,14,alonso,aston_martin,96.394000,39.000000,1.000000,,,33.528000,35.997000,26.869000,7407.321000,7443.318000,7470.187000,204.000000,182.000000,266.000000,289.000000,False,MEDIUM,39.000000,True,Aston Martin,7373.764000,,1,15.000000,False,,False,True
2026,4,Miami Grand Prix,R,7567.875000,ALO,14,alonso,aston_martin,97.717000,40.000000,1.000000,,,35.001000,35.835000,26.881000,7505.188000,7541.023000,7567.904000,201.000000,180.000000,259.000000,293.000000,False,MEDIUM,40.000000,True,Aston Martin,7470.158000,,1,15.000000,False,,False,True
2026,4,Miami Grand Prix,R,7669.664000,ALO,14,alonso,aston_martin,101.789000,41.000000,1.000000,,7664.258000,33.744000,36.309000,31.736000,7601.648000,7637.957000,7669.693000,202.000000,181.000000,,290.000000,False,MEDIUM,41.000000,True,Aston Martin,7567.875000,,1,15.000000,False,,False,False
2026,4,Miami Grand Prix,R,7779.011000,ALO,14,alonso,aston_martin,109.347000,42.000000,2.000000,7687.560000,,47.823000,35.177000,26.347000,7717.516000,7752.693000,7779.040000,209.000000,184.000000,269.000000,295.000000,False,SOFT,1.000000,True,Aston Martin,7669.664000,,1,16.000000,False,,False,False
2026,4,Miami Grand Prix,R,7874.561000,ALO,14,alonso,aston_martin,95.550000,43.000000,2.000000,,,33.030000,35.525000,26.995000,7812.070000,7847.595000,7874.590000,209.000000,179.000000,279.000000,275.000000,True,SOFT,2.000000,True,Aston Martin,7779.011000,,1,16.000000,False,,False,True
2026,4,Miami Grand Prix,R,7968.073000,ALO,14,alonso,aston_martin,93.512000,44.000000,2.000000,,,32.733000,35.079000,25.700000,7907.323000,7942.402000,7968.102000,207.000000,185.000000,274.000000,316.000000,False,SOFT,3.000000,True,Aston Martin,7874.561000,,1,16.000000,True,TRACK LIMITS AT TURN 5 LAP 44 ,False,True
2026,4,Miami Grand Prix,R,8062.667000,ALO,14,alonso,aston_martin,94.594000,45.000000,2.000000,,,33.059000,35.618000,25.917000,8001.161000,8036.779000,8062.696000,207.000000,183.000000,277.000000,306.000000,True,SOFT,4.000000,True,Aston Martin,7968.073000,,1,16.000000,False,,False,True
2026,4,Miami Grand Prix,R,8159.056000,ALO,14,alonso,aston_martin,96.389000,46.000000,2.000000,,,33.197000,36.452000,26.740000,8095.893000,8132.345000,8159.085000,208.000000,183.000000,269.000000,329.000000,False,SOFT,5.000000,True,Aston Martin,8062.667000,,12,16.000000,True,TRACK LIMITS AT TURN 17 LAP 46 ,False,True
2026,4,Miami Grand Prix,R,8255.247000,ALO,14,alonso,aston_martin,96.191000,47.000000,2.000000,,,33.840000,36.147000,26.204000,8192.925000,8229.072000,8255.276000,204.000000,182.000000,277.000000,291.000000,False,SOFT,6.000000,True,Aston Martin,8159.056000,,1,16.000000,False,,False,True
2026,4,Miami Grand Prix,R,8352.012000,ALO,14,alonso,aston_martin,96.765000,48.000000,2.000000,,,34.601000,36.054000,26.110000,8289.877000,8325.931000,8352.041000,207.000000,182.000000,282.000000,295.000000,False,SOFT,7.000000,True,Aston Martin,8255.247000,,1,16.000000,False,,False,True
2026,4,Miami Grand Prix,R,8449.689000,ALO,14,alonso,aston_martin,97.677000,49.000000,2.000000,,,34.196000,36.340000,27.141000,8386.237000,8422.577000,8449.718000,206.000000,179.000000,259.000000,266.000000,False,SOFT,8.000000,True,Aston Martin,8352.012000,,1,16.000000,False,,False,True
2026,4,Miami Grand Prix,R,8545.805000,ALO,14,alonso,aston_martin,96.116000,50.000000,2.000000,,,34.269000,35.730000,26.117000,8483.987000,8519.717000,8545.834000,208.000000,182.000000,256.000000,302.000000,False,SOFT,9.000000,True,Aston Martin,8449.689000,,1,16.000000,False,,False,True
2026,4,Miami Grand Prix,R,8640.964000,ALO,14,alonso,aston_martin,95.159000,51.000000,2.000000,,,33.589000,35.796000,25.774000,8579.423000,8615.219000,8640.993000,211.000000,183.000000,259.000000,319.000000,False,SOFT,10.000000,True,Aston Martin,8545.805000,,1,15.000000,False,,False,True
2026,4,Miami Grand Prix,R,8736.055000,ALO,14,alonso,aston_martin,95.091000,52.000000,2.000000,,,33.052000,35.804000,26.235000,8674.045000,8709.849000,8736.084000,208.000000,184.000000,272.000000,294.000000,False,SOFT,11.000000,True,Aston Martin,8640.964000,,1,15.000000,False,,False,True
2026,4,Miami Grand Prix,R,8831.070000,ALO,14,alonso,aston_martin,95.015000,53.000000,2.000000,,,32.890000,35.866000,26.259000,8768.974000,8804.840000,8831.099000,206.000000,186.000000,275.000000,291.000000,False,SOFT,12.000000,True,Aston Martin,8736.055000,,1,15.000000,False,,False,True
2026,4,Miami Grand Prix,R,8926.040000,ALO,14,alonso,aston_martin,94.970000,54.000000,2.000000,,,32.731000,36.012000,26.227000,8863.830000,8899.842000,8926.069000,207.000000,186.000000,274.000000,293.000000,False,SOFT,13.000000,True,Aston Martin,8831.070000,,1,15.000000,False,,False,True
2026,4,Miami Grand Prix,R,9020.984000,ALO,14,alonso,aston_martin,94.944000,55.000000,2.000000,,,32.754000,35.922000,26.268000,8958.823000,8994.745000,9021.013000,209.000000,186.000000,271.000000,292.000000,False,SOFT,14.000000,True,Aston Martin,8926.040000,,12,15.000000,False,,False,True
2026,4,Miami Grand Prix,R,9116.230000,ALO,14,alonso,aston_martin,95.246000,56.000000,2.000000,,,32.890000,35.877000,26.479000,9053.903000,9089.780000,9116.259000,209.000000,185.000000,269.000000,275.000000,False,SOFT,15.000000,True,Aston Martin,9020.984000,,1,15.000000,False,,False,True
2026,4,Miami Grand Prix,R,3538.087000,LEC,16,leclerc,ferrari,96.094000,1.000000,1.000000,,,,34.486000,26.068000,,3512.364000,3538.277000,211.000000,188.000000,268.000000,287.000000,False,MEDIUM,1.000000,True,Ferrari,3441.749000,,1,1.000000,False,,False,False
2026,4,Miami Grand Prix,R,3631.123000,LEC,16,leclerc,ferrari,93.036000,2.000000,1.000000,,,32.306000,34.696000,26.034000,3570.481000,3605.177000,3631.211000,212.000000,187.000000,265.000000,298.000000,True,MEDIUM,2.000000,True,Ferrari,3538.087000,,1,1.000000,False,,False,True
2026,4,Miami Grand Prix,R,3724.480000,LEC,16,leclerc,ferrari,93.357000,3.000000,1.000000,,,32.590000,34.697000,26.070000,3663.801000,3698.498000,3724.568000,209.000000,187.000000,270.000000,298.000000,False,MEDIUM,3.000000,True,Ferrari,3631.123000,,1,1.000000,False,,False,True
2026,4,Miami Grand Prix,R,3819.210000,LEC,16,leclerc,ferrari,94.730000,4.000000,1.000000,,,32.820000,35.260000,26.650000,3757.388000,3792.648000,3819.298000,210.000000,185.000000,275.000000,293.000000,False,MEDIUM,4.000000,True,Ferrari,3724.480000,,1,2.000000,False,,False,True
2026,4,Miami Grand Prix,R,3912.907000,LEC,16,leclerc,ferrari,93.697000,5.000000,1.000000,,,33.187000,34.271000,26.239000,3852.485000,3886.756000,3912.995000,211.000000,183.000000,267.000000,299.000000,False,MEDIUM,5.000000,True,Ferrari,3819.210000,,12,1.000000,False,,False,True
2026,4,Miami Grand Prix,R,4042.370000,LEC,16,leclerc,ferrari,129.463000,6.000000,1.000000,,,39.229000,52.226000,38.008000,3952.224000,4004.450000,4042.458000,93.000000,140.000000,270.000000,117.000000,False,MEDIUM,6.000000,True,Ferrari,3912.907000,,24,1.000000,False,,False,False
2026,4,Miami Grand Prix,R,4180.384000,LEC,16,leclerc,ferrari,138.014000,7.000000,1.000000,,,41.184000,55.067000,41.763000,4083.642000,4138.709000,4180.472000,136.000000,139.000000,176.000000,137.000000,False,MEDIUM,7.000000,True,Ferrari,4042.370000,,4,1.000000,False,,False,False
2026,4,Miami Grand Prix,R,4323.192000,LEC,16,leclerc,ferrari,142.808000,8.000000,1.000000,,,49.733000,53.527000,39.548000,4230.205000,4283.732000,4323.280000,142.000000,144.000000,175.000000,147.000000,False,MEDIUM,8.000000,True,Ferrari,4180.384000,,4,1.000000,False,,False,False
2026,4,Miami Grand Prix,R,4470.676000,LEC,16,leclerc,ferrari,147.484000,9.000000,1.000000,,,47.881000,55.025000,44.578000,4371.161000,4426.186000,4470.764000,171.000000,106.000000,194.000000,144.000000,False,MEDIUM,9.000000,True,Ferrari,4323.192000,,4,1.000000,False,,False,False
2026,4,Miami Grand Prix,R,4609.438000,LEC,16,leclerc,ferrari,138.762000,10.000000,1.000000,,,48.254000,54.401000,36.107000,4519.018000,4573.419000,4609.526000,162.000000,116.000000,218.000000,162.000000,False,MEDIUM,10.000000,True,Ferrari,4470.676000,,4,1.000000,False,,False,False
2026,4,Miami Grand Prix,R,4761.300000,LEC,16,leclerc,ferrari,,11.000000,1.000000,,,48.092000,48.067000,55.734000,4657.754000,4705.766000,4761.474000,178.000000,142.000000,284.000000,64.000000,False,MEDIUM,11.000000,True,Ferrari,4609.438000,,41,1.000000,False,,False,False
2026,4,Miami Grand Prix,R,4854.178000,LEC,16,leclerc,ferrari,92.878000,12.000000,1.000000,,,32.290000,34.628000,25.960000,4793.678000,4828.306000,4854.266000,213.000000,188.000000,270.000000,296.000000,True,MEDIUM,12.000000,True,Ferrari,4761.300000,,1,1.000000,False,,False,True
2026,4,Miami Grand Prix,R,4948.559000,LEC,16,leclerc,ferrari,94.381000,13.000000,1.000000,,,32.533000,35.784000,26.064000,4886.799000,4922.583000,4948.647000,212.000000,185.000000,282.000000,302.000000,False,MEDIUM,13.000000,True,Ferrari,4854.178000,,1,3.000000,False,,False,True
2026,4,Miami Grand Prix,R,5042.303000,LEC,16,leclerc,ferrari,93.744000,14.000000,1.000000,,,32.501000,35.490000,25.753000,4981.148000,5016.638000,5042.391000,210.000000,185.000000,276.000000,315.000000,False,MEDIUM,14.000000,True,Ferrari,4948.559000,,1,3.000000,False,,False,True
2026,4,Miami Grand Prix,R,5135.863000,LEC,16,leclerc,ferrari,93.560000,15.000000,1.000000,,,32.977000,34.789000,25.794000,5075.368000,5110.157000,5135.951000,206.000000,183.000000,250.000000,312.000000,False,MEDIUM,15.000000,True,Ferrari,5042.303000,,1,3.000000,False,,False,True
2026,4,Miami Grand Prix,R,5229.399000,LEC,16,leclerc,ferrari,93.536000,16.000000,1.000000,,,33.073000,34.727000,25.736000,5169.024000,5203.751000,5229.487000,212.000000,184.000000,277.000000,311.000000,False,MEDIUM,16.000000,True,Ferrari,5135.863000,,12,3.000000,False,,False,True
2026,4,Miami Grand Prix,R,5324.856000,LEC,16,leclerc,ferrari,95.457000,17.000000,1.000000,,,34.048000,35.517000,25.892000,5263.535000,5299.052000,5324.944000,169.000000,184.000000,274.000000,309.000000,False,MEDIUM,17.000000,True,Ferrari,5229.399000,,1,3.000000,False,,False,True
2026,4,Miami Grand Prix,R,5418.548000,LEC,16,leclerc,ferrari,93.692000,18.000000,1.000000,,,32.874000,34.835000,25.983000,5357.818000,5392.653000,5418.636000,211.000000,185.000000,275.000000,306.000000,False,MEDIUM,18.000000,True,Ferrari,5324.856000,,1,3.000000,False,,False,True
2026,4,Miami Grand Prix,R,5512.087000,LEC,16,leclerc,ferrari,93.539000,19.000000,1.000000,,,32.757000,34.899000,25.883000,5451.393000,5486.292000,5512.175000,210.000000,185.000000,275.000000,306.000000,False,MEDIUM,19.000000,True,Ferrari,5418.548000,,1,3.000000,False,,False,True
2026,4,Miami Grand Prix,R,5605.776000,LEC,16,leclerc,ferrari,93.689000,20.000000,1.000000,,,32.831000,34.980000,25.878000,5545.006000,5579.986000,5605.864000,210.000000,185.000000,278.000000,305.000000,False,MEDIUM,20.000000,True,Ferrari,5512.087000,,1,3.000000,False,,False,True
2026,4,Miami Grand Prix,R,5704.280000,LEC,16,leclerc,ferrari,98.504000,21.000000,1.000000,,5698.981000,32.830000,34.697000,30.977000,5638.694000,5673.391000,5704.368000,209.000000,186.000000,,303.000000,False,MEDIUM,21.000000,True,Ferrari,5605.776000,,1,5.000000,False,,False,False
2026,4,Miami Grand Prix,R,5813.255000,LEC,16,leclerc,ferrari,108.975000,22.000000,2.000000,5722.343000,,48.356000,35.418000,25.201000,5752.724000,5788.142000,5813.343000,214.000000,186.000000,288.000000,312.000000,False,HARD,1.000000,True,Ferrari,5704.280000,,1,11.000000,False,,False,False
2026,4,Miami Grand Prix,R,5907.141000,LEC,16,leclerc,ferrari,93.886000,23.000000,2.000000,,,32.676000,34.841000,26.369000,5846.019000,5880.860000,5907.229000,206.000000,185.000000,275.000000,320.000000,False,HARD,2.000000,True,Ferrari,5813.255000,,1,10.000000,False,,False,True
2026,4,Miami Grand Prix,R,6000.729000,LEC,16,leclerc,ferrari,93.588000,24.000000,2.000000,,,32.758000,35.473000,25.357000,5939.987000,5975.460000,6000.817000,207.000000,186.000000,285.000000,319.000000,False,HARD,3.000000,True,Ferrari,5907.141000,,1,9.000000,False,,False,True
2026,4,Miami Grand Prix,R,6093.715000,LEC,16,leclerc,ferrari,92.986000,25.000000,2.000000,,,32.642000,34.901000,25.443000,6033.459000,6068.360000,6093.803000,212.000000,185.000000,289.000000,316.000000,False,HARD,4.000000,True,Ferrari,6000.729000,,1,9.000000,False,,False,True
2026,4,Miami Grand Prix,R,6187.620000,LEC,16,leclerc,ferrari,93.905000,26.000000,2.000000,,,32.807000,35.610000,25.488000,6126.610000,6162.220000,6187.708000,211.000000,185.000000,275.000000,310.000000,False,HARD,5.000000,True,Ferrari,6093.715000,,1,8.000000,False,,False,True
2026,4,Miami Grand Prix,R,6280.542000,LEC,16,leclerc,ferrari,92.922000,27.000000,2.000000,,,32.690000,34.645000,25.587000,6220.398000,6255.043000,6280.630000,208.000000,184.000000,280.000000,312.000000,False,HARD,6.000000,True,Ferrari,6187.620000,,1,8.000000,False,,False,True
2026,4,Miami Grand Prix,R,6373.194000,LEC,16,leclerc,ferrari,92.652000,28.000000,2.000000,,,32.567000,34.436000,25.649000,6313.197000,6347.633000,6373.282000,211.000000,183.000000,276.000000,319.000000,True,HARD,7.000000,True,Ferrari,6280.542000,,1,7.000000,False,,False,True
2026,4,Miami Grand Prix,R,6465.980000,LEC,16,leclerc,ferrari,92.786000,29.000000,2.000000,,,32.732000,34.512000,25.542000,6406.014000,6440.526000,6466.068000,210.000000,184.000000,289.000000,316.000000,False,HARD,8.000000,True,Ferrari,6373.194000,,1,6.000000,False,,False,True
2026,4,Miami Grand Prix,R,6559.396000,LEC,16,leclerc,ferrari,93.416000,30.000000,2.000000,,,33.182000,34.743000,25.491000,6499.250000,6533.993000,6559.484000,212.000000,185.000000,289.000000,322.000000,False,HARD,9.000000,True,Ferrari,6465.980000,,1,6.000000,False,,False,True
2026,4,Miami Grand Prix,R,6652.341000,LEC,16,leclerc,ferrari,92.945000,31.000000,2.000000,,,32.711000,34.453000,25.781000,6592.195000,6626.648000,6652.429000,213.000000,185.000000,273.000000,311.000000,False,HARD,10.000000,True,Ferrari,6559.396000,,1,4.000000,False,,False,True
2026,4,Miami Grand Prix,R,6745.336000,LEC,16,leclerc,ferrari,92.995000,32.000000,2.000000,,,32.550000,34.623000,25.822000,6684.979000,6719.602000,6745.424000,211.000000,184.000000,278.000000,305.000000,False,HARD,11.000000,True,Ferrari,6652.341000,,1,4.000000,False,,False,True
2026,4,Miami Grand Prix,R,6838.411000,LEC,16,leclerc,ferrari,93.075000,33.000000,2.000000,,,32.527000,34.697000,25.851000,6777.951000,6812.648000,6838.499000,210.000000,184.000000,277.000000,304.000000,False,HARD,12.000000,True,Ferrari,6745.336000,,1,4.000000,False,,False,True
2026,4,Miami Grand Prix,R,6931.382000,LEC,16,leclerc,ferrari,92.971000,34.000000,2.000000,,,32.480000,34.729000,25.762000,6870.979000,6905.708000,6931.470000,212.000000,182.000000,279.000000,305.000000,False,HARD,13.000000,True,Ferrari,6838.411000,,1,4.000000,False,,False,True
2026,4,Miami Grand Prix,R,7024.375000,LEC,16,leclerc,ferrari,92.993000,35.000000,2.000000,,,32.362000,34.904000,25.727000,6963.832000,6998.736000,7024.463000,207.000000,184.000000,280.000000,306.000000,False,HARD,14.000000,True,Ferrari,6931.382000,,1,4.000000,False,,False,True
2026,4,Miami Grand Prix,R,7117.254000,LEC,16,leclerc,ferrari,92.879000,36.000000,2.000000,,,32.476000,34.717000,25.686000,7056.939000,7091.656000,7117.342000,212.000000,183.000000,281.000000,307.000000,False,HARD,15.000000,True,Ferrari,7024.375000,,1,4.000000,False,,False,True
2026,4,Miami Grand Prix,R,7210.409000,LEC,16,leclerc,ferrari,93.155000,37.000000,2.000000,,,32.388000,35.012000,25.755000,7149.730000,7184.742000,7210.497000,209.000000,182.000000,280.000000,305.000000,False,HARD,16.000000,True,Ferrari,7117.254000,,1,4.000000,False,,False,True
2026,4,Miami Grand Prix,R,7303.402000,LEC,16,leclerc,ferrari,92.993000,38.000000,2.000000,,,32.393000,34.915000,25.685000,7242.890000,7277.805000,7303.490000,213.000000,185.000000,280.000000,304.000000,False,HARD,17.000000,True,Ferrari,7210.409000,,1,4.000000,False,,False,True
2026,4,Miami Grand Prix,R,7396.157000,LEC,16,leclerc,ferrari,92.755000,39.000000,2.000000,,,32.401000,34.698000,25.656000,7335.891000,7370.589000,7396.245000,213.000000,186.000000,281.000000,307.000000,False,HARD,18.000000,True,Ferrari,7303.402000,,1,4.000000,False,,False,True
2026,4,Miami Grand Prix,R,7488.924000,LEC,16,leclerc,ferrari,92.767000,40.000000,2.000000,,,32.366000,34.653000,25.748000,7428.611000,7463.264000,7489.012000,210.000000,184.000000,280.000000,307.000000,False,HARD,19.000000,True,Ferrari,7396.157000,,1,4.000000,False,,False,True
2026,4,Miami Grand Prix,R,7581.610000,LEC,16,leclerc,ferrari,92.686000,41.000000,2.000000,,,32.341000,34.730000,25.615000,7521.353000,7556.083000,7581.698000,213.000000,184.000000,281.000000,307.000000,False,HARD,20.000000,True,Ferrari,7488.924000,,1,4.000000,False,,False,True
2026,4,Miami Grand Prix,R,7674.652000,LEC,16,leclerc,ferrari,93.042000,42.000000,2.000000,,,32.450000,34.911000,25.681000,7614.148000,7649.059000,7674.740000,212.000000,186.000000,283.000000,306.000000,False,HARD,21.000000,True,Ferrari,7581.610000,,1,4.000000,False,,False,True
2026,4,Miami Grand Prix,R,7767.264000,LEC,16,leclerc,ferrari,92.612000,43.000000,2.000000,,,32.264000,34.738000,25.610000,7707.004000,7741.742000,7767.352000,213.000000,184.000000,284.000000,310.000000,True,HARD,22.000000,True,Ferrari,7674.652000,,1,4.000000,False,,False,True
2026,4,Miami Grand Prix,R,7859.779000,LEC,16,leclerc,ferrari,92.515000,44.000000,2.000000,,,32.323000,34.622000,25.570000,7799.675000,7834.297000,7859.867000,213.000000,182.000000,283.000000,311.000000,True,HARD,23.000000,True,Ferrari,7767.264000,,1,4.000000,False,,False,True
2026,4,Miami Grand Prix,R,7952.653000,LEC,16,leclerc,ferrari,92.874000,45.000000,2.000000,,,32.502000,34.867000,25.505000,7892.369000,7927.236000,7952.741000,212.000000,184.000000,280.000000,315.000000,False,HARD,24.000000,True,Ferrari,7859.779000,,1,4.000000,False,,False,True
2026,4,Miami Grand Prix,R,8046.121000,LEC,16,leclerc,ferrari,93.468000,46.000000,2.000000,,,32.720000,34.919000,25.829000,7985.461000,8020.380000,8046.209000,209.000000,181.000000,291.000000,309.000000,False,HARD,25.000000,True,Ferrari,7952.653000,,1,4.000000,False,,False,True
2026,4,Miami Grand Prix,R,8139.799000,LEC,16,leclerc,ferrari,93.678000,47.000000,2.000000,,,33.285000,34.361000,26.032000,8079.494000,8113.855000,8139.887000,212.000000,185.000000,288.000000,300.000000,False,HARD,26.000000,True,Ferrari,8046.121000,,1,3.000000,False,,False,True
2026,4,Miami Grand Prix,R,8232.691000,LEC,16,leclerc,ferrari,92.892000,48.000000,2.000000,,,32.220000,34.846000,25.826000,8172.107000,8206.953000,8232.779000,213.000000,183.000000,274.000000,304.000000,False,HARD,27.000000,True,Ferrari,8139.799000,,12,3.000000,False,,False,True
2026,4,Miami Grand Prix,R,8325.425000,LEC,16,leclerc,ferrari,92.734000,49.000000,2.000000,,,32.360000,34.610000,25.764000,8265.139000,8299.749000,8325.513000,212.000000,185.000000,281.000000,306.000000,False,HARD,28.000000,True,Ferrari,8232.691000,,1,3.000000,False,,False,True
2026,4,Miami Grand Prix,R,8417.991000,LEC,16,leclerc,ferrari,92.566000,50.000000,2.000000,,,32.222000,34.621000,25.723000,8357.735000,8392.356000,8418.079000,213.000000,185.000000,283.000000,311.000000,False,HARD,29.000000,True,Ferrari,8325.425000,,1,3.000000,False,,False,True
2026,4,Miami Grand Prix,R,8510.569000,LEC,16,leclerc,ferrari,92.578000,51.000000,2.000000,,,32.062000,34.705000,25.811000,8450.141000,8484.846000,8510.657000,212.000000,186.000000,281.000000,307.000000,False,HARD,30.000000,True,Ferrari,8417.991000,,1,3.000000,False,,False,True
2026,4,Miami Grand Prix,R,8603.148000,LEC,16,leclerc,ferrari,92.579000,52.000000,2.000000,,,32.144000,34.812000,25.623000,8542.801000,8577.613000,8603.236000,212.000000,186.000000,284.000000,309.000000,False,HARD,31.000000,True,Ferrari,8510.569000,,1,3.000000,False,,False,True
2026,4,Miami Grand Prix,R,8695.827000,LEC,16,leclerc,ferrari,92.679000,53.000000,2.000000,,,32.170000,34.722000,25.787000,8635.406000,8670.128000,8695.915000,213.000000,185.000000,285.000000,313.000000,False,HARD,32.000000,True,Ferrari,8603.148000,,1,3.000000,False,,False,True
2026,4,Miami Grand Prix,R,8788.494000,LEC,16,leclerc,ferrari,92.667000,54.000000,2.000000,,,32.188000,34.697000,25.782000,8728.103000,8762.800000,8788.582000,212.000000,186.000000,281.000000,306.000000,False,HARD,33.000000,True,Ferrari,8695.827000,,1,3.000000,False,,False,True
2026,4,Miami Grand Prix,R,8881.435000,LEC,16,leclerc,ferrari,92.941000,55.000000,2.000000,,,32.136000,35.017000,25.788000,8820.718000,8855.735000,8881.523000,214.000000,186.000000,280.000000,305.000000,False,HARD,34.000000,True,Ferrari,8788.494000,,1,3.000000,False,,False,True
2026,4,Miami Grand Prix,R,8975.646000,LEC,16,leclerc,ferrari,94.211000,56.000000,2.000000,,,32.217000,35.405000,26.589000,8913.740000,8949.145000,8975.734000,215.000000,186.000000,277.000000,293.000000,False,HARD,35.000000,True,Ferrari,8881.435000,,1,4.000000,False,,False,True
2026,4,Miami Grand Prix,R,9085.480000,LEC,16,leclerc,ferrari,109.834000,57.000000,2.000000,,,41.346000,40.868000,27.620000,9017.080000,9057.948000,9085.568000,206.000000,180.000000,214.000000,277.000000,False,HARD,36.000000,True,Ferrari,8975.646000,,12,6.000000,True,TRACK LIMITS AT TURN 7 LAP 57 ,False,True
2026,4,Miami Grand Prix,R,3549.624000,STR,18,stroll,aston_martin,107.631000,1.000000,1.000000,,,,38.092000,26.585000,,3523.300000,3549.859000,204.000000,183.000000,266.000000,297.000000,False,MEDIUM,1.000000,True,Aston Martin,3441.749000,,1,16.000000,False,,False,False
2026,4,Miami Grand Prix,R,3646.193000,STR,18,stroll,aston_martin,96.569000,2.000000,1.000000,,,34.568000,36.011000,25.990000,3584.289000,3620.300000,3646.290000,207.000000,182.000000,267.000000,315.000000,True,MEDIUM,2.000000,True,Aston Martin,3549.624000,,1,16.000000,False,,False,True
2026,4,Miami Grand Prix,R,3743.212000,STR,18,stroll,aston_martin,97.019000,3.000000,1.000000,,,34.324000,36.037000,26.658000,3680.614000,3716.651000,3743.309000,205.000000,182.000000,271.000000,291.000000,False,MEDIUM,3.000000,True,Aston Martin,3646.193000,,1,17.000000,False,,False,True
2026,4,Miami Grand Prix,R,3839.630000,STR,18,stroll,aston_martin,96.418000,4.000000,1.000000,,,34.128000,35.764000,26.526000,3777.437000,3813.201000,3839.727000,206.000000,183.000000,266.000000,303.000000,True,MEDIUM,4.000000,True,Aston Martin,3743.212000,,1,17.000000,False,,False,True
2026,4,Miami Grand Prix,R,3938.824000,STR,18,stroll,aston_martin,99.194000,5.000000,1.000000,,,33.807000,37.093000,28.294000,3873.534000,3910.627000,3938.921000,205.000000,181.000000,178.000000,278.000000,False,MEDIUM,5.000000,True,Aston Martin,3839.630000,,124,16.000000,False,,False,False
2026,4,Miami Grand Prix,R,4075.546000,STR,18,stroll,aston_martin,136.722000,6.000000,1.000000,,,45.722000,51.938000,39.062000,3984.643000,4036.581000,4075.643000,196.000000,151.000000,256.000000,82.000000,False,MEDIUM,6.000000,True,Aston Martin,3938.824000,,4,16.000000,False,,False,False
2026,4,Miami Grand Prix,R,4204.051000,STR,18,stroll,aston_martin,128.505000,7.000000,1.000000,,,38.383000,48.857000,41.265000,4114.026000,4162.883000,4204.148000,170.000000,113.000000,218.000000,98.000000,False,MEDIUM,7.000000,True,Aston Martin,4075.546000,,4,15.000000,False,,False,False
2026,4,Miami Grand Prix,R,4345.509000,STR,18,stroll,aston_martin,141.458000,8.000000,1.000000,,,41.308000,59.376000,40.774000,4245.456000,4304.832000,4345.606000,117.000000,55.000000,212.000000,102.000000,False,MEDIUM,8.000000,True,Aston Martin,4204.051000,,4,15.000000,False,,False,False
2026,4,Miami Grand Prix,R,4488.156000,STR,18,stroll,aston_martin,142.647000,9.000000,1.000000,,,42.959000,60.632000,39.056000,4388.565000,4449.197000,4488.253000,109.000000,79.000000,214.000000,172.000000,False,MEDIUM,9.000000,True,Aston Martin,4345.509000,,4,15.000000,False,,False,False
2026,4,Miami Grand Prix,R,4627.332000,STR,18,stroll,aston_martin,139.176000,10.000000,1.000000,,,45.681000,59.716000,33.779000,4533.934000,4593.650000,4627.429000,106.000000,92.000000,256.000000,147.000000,False,MEDIUM,10.000000,True,Aston Martin,4488.156000,,4,15.000000,False,,False,False
2026,4,Miami Grand Prix,R,4768.502000,STR,18,stroll,aston_martin,141.170000,11.000000,1.000000,,,46.719000,46.079000,48.372000,4674.148000,4720.227000,4768.599000,142.000000,164.000000,279.000000,38.000000,False,MEDIUM,11.000000,True,Aston Martin,4627.332000,,41,15.000000,False,,False,False
2026,4,Miami Grand Prix,R,4865.944000,STR,18,stroll,aston_martin,97.442000,12.000000,1.000000,,,34.243000,36.780000,26.419000,4802.842000,4839.622000,4866.041000,206.000000,183.000000,267.000000,306.000000,False,MEDIUM,12.000000,True,Aston Martin,4768.502000,,1,16.000000,False,,False,True
2026,4,Miami Grand Prix,R,4962.029000,STR,18,stroll,aston_martin,96.085000,13.000000,1.000000,,,34.162000,35.757000,26.166000,4900.203000,4935.960000,4962.126000,205.000000,181.000000,263.000000,308.000000,True,MEDIUM,13.000000,True,Aston Martin,4865.944000,,1,16.000000,False,,False,True
2026,4,Miami Grand Prix,R,5058.611000,STR,18,stroll,aston_martin,96.582000,14.000000,1.000000,,,34.558000,35.870000,26.154000,4996.684000,5032.554000,5058.708000,204.000000,180.000000,268.000000,311.000000,False,MEDIUM,14.000000,True,Aston Martin,4962.029000,,1,16.000000,False,,False,True
2026,4,Miami Grand Prix,R,5159.564000,STR,18,stroll,aston_martin,100.953000,15.000000,1.000000,,,34.239000,36.064000,30.650000,5092.947000,5129.011000,5159.661000,204.000000,181.000000,264.000000,306.000000,False,MEDIUM,15.000000,True,Aston Martin,5058.611000,,12,18.000000,True,TRACK LIMITS AT TURN 17 LAP 15 ,False,True
2026,4,Miami Grand Prix,R,5256.538000,STR,18,stroll,aston_martin,96.974000,16.000000,1.000000,,,34.067000,36.170000,26.737000,5193.728000,5229.898000,5256.635000,206.000000,181.000000,271.000000,294.000000,False,MEDIUM,16.000000,True,Aston Martin,5159.564000,,1,18.000000,False,,False,True
2026,4,Miami Grand Prix,R,5352.909000,STR,18,stroll,aston_martin,96.371000,17.000000,1.000000,,,33.661000,36.110000,26.600000,5290.296000,5326.406000,5353.006000,205.000000,182.000000,268.000000,296.000000,False,MEDIUM,17.000000,True,Aston Martin,5256.538000,,1,18.000000,True,TRACK LIMITS AT TURN 5 LAP 17 ,False,True
2026,4,Miami Grand Prix,R,5449.448000,STR,18,stroll,aston_martin,96.539000,18.000000,1.000000,,,33.809000,36.077000,26.653000,5386.815000,5422.892000,5449.545000,207.000000,183.000000,269.000000,296.000000,False,MEDIUM,18.000000,True,Aston Martin,5352.909000,,1,18.000000,False,,False,True
2026,4,Miami Grand Prix,R,5546.470000,STR,18,stroll,aston_martin,97.022000,19.000000,1.000000,,,33.863000,36.318000,26.841000,5483.408000,5519.726000,5546.567000,205.000000,182.000000,266.000000,294.000000,False,MEDIUM,19.000000,True,Aston Martin,5449.448000,,1,18.000000,False,,False,True
2026,4,Miami Grand Prix,R,5643.321000,STR,18,stroll,aston_martin,96.851000,20.000000,1.000000,,,33.896000,36.208000,26.747000,5580.463000,5616.671000,5643.418000,205.000000,182.000000,267.000000,295.000000,False,MEDIUM,20.000000,True,Aston Martin,5546.470000,,1,18.000000,False,,False,True
2026,4,Miami Grand Prix,R,5744.764000,STR,18,stroll,aston_martin,101.443000,21.000000,1.000000,,5739.713000,33.888000,36.193000,31.362000,5677.306000,5713.499000,5744.861000,204.000000,182.000000,,301.000000,False,MEDIUM,21.000000,True,Aston Martin,5643.321000,,1,18.000000,False,,False,False
2026,4,Miami Grand Prix,R,5855.293000,STR,18,stroll,aston_martin,110.529000,22.000000,2.000000,5762.375000,,48.548000,35.778000,26.203000,5793.409000,5829.187000,5855.390000,208.000000,186.000000,270.000000,296.000000,False,SOFT,4.000000,False,Aston Martin,5744.764000,,1,18.000000,False,,False,False
2026,4,Miami Grand Prix,R,5950.683000,STR,18,stroll,aston_martin,95.390000,23.000000,2.000000,,,33.294000,36.086000,26.010000,5888.684000,5924.770000,5950.780000,207.000000,186.000000,263.000000,313.000000,True,SOFT,5.000000,False,Aston Martin,5855.293000,,1,17.000000,False,,False,True
2026,4,Miami Grand Prix,R,6047.824000,STR,18,stroll,aston_martin,97.141000,24.000000,2.000000,,,33.858000,36.545000,26.738000,5984.638000,6021.183000,6047.921000,207.000000,185.000000,269.000000,288.000000,False,SOFT,6.000000,False,Aston Martin,5950.683000,,1,17.000000,False,,False,True
2026,4,Miami Grand Prix,R,6143.745000,STR,18,stroll,aston_martin,95.921000,25.000000,2.000000,,,33.309000,36.026000,26.586000,6081.230000,6117.256000,6143.842000,206.000000,184.000000,263.000000,289.000000,False,SOFT,7.000000,False,Aston Martin,6047.824000,,1,17.000000,False,,False,True
2026,4,Miami Grand Prix,R,6239.769000,STR,18,stroll,aston_martin,96.024000,26.000000,2.000000,,,33.577000,35.856000,26.591000,6177.419000,6213.275000,6239.866000,206.000000,184.000000,268.000000,288.000000,False,SOFT,8.000000,False,Aston Martin,6143.745000,,1,17.000000,False,,False,True
2026,4,Miami Grand Prix,R,6335.587000,STR,18,stroll,aston_martin,95.818000,27.000000,2.000000,,,33.286000,35.845000,26.687000,6273.152000,6308.997000,6335.684000,207.000000,185.000000,265.000000,288.000000,False,SOFT,9.000000,False,Aston Martin,6239.769000,,1,17.000000,False,,False,True
2026,4,Miami Grand Prix,R,6431.529000,STR,18,stroll,aston_martin,95.942000,28.000000,2.000000,,,33.275000,35.903000,26.764000,6368.959000,6404.862000,6431.626000,207.000000,185.000000,265.000000,287.000000,False,SOFT,10.000000,False,Aston Martin,6335.587000,,1,17.000000,False,,False,True
2026,4,Miami Grand Prix,R,6527.302000,STR,18,stroll,aston_martin,95.773000,29.000000,2.000000,,,33.290000,35.863000,26.620000,6464.916000,6500.779000,6527.399000,207.000000,185.000000,267.000000,289.000000,False,SOFT,11.000000,False,Aston Martin,6431.529000,,1,17.000000,False,,False,True
2026,4,Miami Grand Prix,R,6622.807000,STR,18,stroll,aston_martin,95.505000,30.000000,2.000000,,,33.513000,35.585000,26.407000,6560.912000,6596.497000,6622.904000,206.000000,185.000000,269.000000,295.000000,False,SOFT,12.000000,False,Aston Martin,6527.302000,,1,17.000000,False,,False,True
2026,4,Miami Grand Prix,R,6718.239000,STR,18,stroll,aston_martin,95.432000,31.000000,2.000000,,,33.281000,35.645000,26.506000,6656.185000,6691.830000,6718.336000,208.000000,184.000000,269.000000,292.000000,False,SOFT,13.000000,False,Aston Martin,6622.807000,,1,17.000000,False,,False,True
2026,4,Miami Grand Prix,R,6813.840000,STR,18,stroll,aston_martin,95.601000,32.000000,2.000000,,,33.349000,35.696000,26.556000,6751.685000,6787.381000,6813.937000,206.000000,184.000000,271.000000,292.000000,False,SOFT,14.000000,False,Aston Martin,6718.239000,,1,17.000000,False,,False,True
2026,4,Miami Grand Prix,R,6909.043000,STR,18,stroll,aston_martin,95.203000,33.000000,2.000000,,,33.156000,35.638000,26.409000,6847.093000,6882.731000,6909.140000,207.000000,185.000000,270.000000,294.000000,True,SOFT,15.000000,False,Aston Martin,6813.840000,,1,17.000000,False,,False,True
2026,4,Miami Grand Prix,R,7004.892000,STR,18,stroll,aston_martin,95.849000,34.000000,2.000000,,,33.385000,35.928000,26.536000,6942.525000,6978.453000,7004.989000,206.000000,184.000000,271.000000,292.000000,False,SOFT,16.000000,False,Aston Martin,6909.043000,,1,17.000000,False,,False,True
2026,4,Miami Grand Prix,R,7103.405000,STR,18,stroll,aston_martin,98.513000,35.000000,2.000000,,,33.348000,38.795000,26.370000,7038.337000,7077.132000,7103.502000,207.000000,181.000000,275.000000,303.000000,False,SOFT,17.000000,False,Aston Martin,7004.892000,,1,17.000000,False,,False,True
2026,4,Miami Grand Prix,R,7199.423000,STR,18,stroll,aston_martin,96.018000,36.000000,2.000000,,,33.500000,35.993000,26.525000,7137.002000,7172.995000,7199.520000,206.000000,182.000000,270.000000,295.000000,False,SOFT,18.000000,False,Aston Martin,7103.405000,,1,17.000000,False,,False,True
2026,4,Miami Grand Prix,R,7300.447000,STR,18,stroll,aston_martin,101.024000,37.000000,2.000000,,7295.485000,33.507000,35.922000,31.595000,7233.027000,7268.949000,7300.544000,205.000000,184.000000,,292.000000,False,SOFT,19.000000,False,Aston Martin,7199.423000,,1,17.000000,False,,False,False
2026,4,Miami Grand Prix,R,7409.994000,STR,18,stroll,aston_martin,109.547000,38.000000,3.000000,7317.542000,,47.841000,35.496000,26.210000,7348.385000,7383.881000,7410.091000,211.000000,184.000000,270.000000,302.000000,False,SOFT,1.000000,True,Aston Martin,7300.447000,,1,17.000000,False,,False,False
2026,4,Miami Grand Prix,R,7505.106000,STR,18,stroll,aston_martin,95.112000,39.000000,3.000000,,,33.264000,35.512000,26.336000,7443.355000,7478.867000,7505.203000,206.000000,186.000000,271.000000,295.000000,True,SOFT,2.000000,True,Aston Martin,7409.994000,,1,17.000000,False,,False,True
2026,4,Miami Grand Prix,R,7600.064000,STR,18,stroll,aston_martin,94.958000,40.000000,3.000000,,,33.199000,35.501000,26.258000,7538.402000,7573.903000,7600.161000,209.000000,185.000000,271.000000,295.000000,True,SOFT,3.000000,True,Aston Martin,7505.106000,,1,17.000000,False,,False,True
2026,4,Miami Grand Prix,R,7695.208000,STR,18,stroll,aston_martin,95.144000,41.000000,3.000000,,,33.211000,35.579000,26.354000,7633.372000,7668.951000,7695.305000,207.000000,185.000000,270.000000,293.000000,False,SOFT,4.000000,True,Aston Martin,7600.064000,,1,17.000000,False,,False,True
2026,4,Miami Grand Prix,R,7790.532000,STR,18,stroll,aston_martin,95.324000,42.000000,3.000000,,,33.272000,35.650000,26.402000,7728.577000,7764.227000,7790.629000,208.000000,185.000000,270.000000,291.000000,False,SOFT,5.000000,True,Aston Martin,7695.208000,,1,17.000000,False,,False,True
2026,4,Miami Grand Prix,R,7885.757000,STR,18,stroll,aston_martin,95.225000,43.000000,3.000000,,,33.036000,35.704000,26.485000,7823.665000,7859.369000,7885.854000,208.000000,187.000000,244.000000,290.000000,False,SOFT,6.000000,True,Aston Martin,7790.532000,,1,17.000000,False,,False,True
2026,4,Miami Grand Prix,R,7983.136000,STR,18,stroll,aston_martin,97.379000,44.000000,3.000000,,,35.224000,35.799000,26.356000,7921.078000,7956.877000,7983.233000,210.000000,184.000000,274.000000,296.000000,False,SOFT,7.000000,True,Aston Martin,7885.757000,,1,17.000000,False,,False,True
2026,4,Miami Grand Prix,R,8077.956000,STR,18,stroll,aston_martin,94.820000,45.000000,3.000000,,,33.012000,35.556000,26.252000,8016.245000,8051.801000,8078.053000,210.000000,184.000000,269.000000,298.000000,True,SOFT,8.000000,True,Aston Martin,7983.136000,,1,17.000000,False,,False,True
2026,4,Miami Grand Prix,R,8173.130000,STR,18,stroll,aston_martin,95.174000,46.000000,3.000000,,,33.029000,35.699000,26.446000,8111.082000,8146.781000,8173.227000,208.000000,184.000000,268.000000,293.000000,False,SOFT,9.000000,True,Aston Martin,8077.956000,,12,17.000000,False,,False,True
2026,4,Miami Grand Prix,R,8268.345000,STR,18,stroll,aston_martin,95.215000,47.000000,3.000000,,,33.078000,35.754000,26.383000,8206.305000,8242.059000,8268.442000,209.000000,186.000000,272.000000,293.000000,False,SOFT,10.000000,True,Aston Martin,8173.130000,,1,17.000000,False,,False,True
2026,4,Miami Grand Prix,R,8363.480000,STR,18,stroll,aston_martin,95.135000,48.000000,3.000000,,,32.987000,35.720000,26.428000,8301.429000,8337.149000,8363.577000,208.000000,185.000000,272.000000,292.000000,False,SOFT,11.000000,True,Aston Martin,8268.345000,,1,17.000000,False,,False,True
2026,4,Miami Grand Prix,R,8458.578000,STR,18,stroll,aston_martin,95.098000,49.000000,3.000000,,,32.974000,35.770000,26.354000,8396.551000,8432.321000,8458.675000,210.000000,186.000000,271.000000,293.000000,False,SOFT,12.000000,True,Aston Martin,8363.480000,,1,17.000000,False,,False,True
2026,4,Miami Grand Prix,R,8553.765000,STR,18,stroll,aston_martin,95.187000,50.000000,3.000000,,,33.096000,35.724000,26.367000,8491.771000,8527.495000,8553.862000,209.000000,185.000000,272.000000,293.000000,False,SOFT,13.000000,True,Aston Martin,8458.578000,,1,17.000000,False,,False,True
2026,4,Miami Grand Prix,R,8648.656000,STR,18,stroll,aston_martin,94.891000,51.000000,3.000000,,,32.923000,35.690000,26.278000,8586.785000,8622.475000,8648.753000,209.000000,185.000000,272.000000,295.000000,False,SOFT,14.000000,True,Aston Martin,8553.765000,,1,17.000000,False,,False,True
2026,4,Miami Grand Prix,R,8743.415000,STR,18,stroll,aston_martin,94.759000,52.000000,3.000000,,,32.821000,35.703000,26.235000,8681.574000,8717.277000,8743.512000,209.000000,183.000000,272.000000,296.000000,True,SOFT,15.000000,True,Aston Martin,8648.656000,,1,17.000000,False,,False,True
2026,4,Miami Grand Prix,R,8838.226000,STR,18,stroll,aston_martin,94.811000,53.000000,3.000000,,,32.950000,35.644000,26.217000,8776.462000,8812.106000,8838.323000,211.000000,186.000000,272.000000,296.000000,False,SOFT,16.000000,True,Aston Martin,8743.415000,,1,17.000000,False,,False,True
2026,4,Miami Grand Prix,R,8933.032000,STR,18,stroll,aston_martin,94.806000,54.000000,3.000000,,,32.926000,35.582000,26.298000,8871.249000,8906.831000,8933.129000,211.000000,185.000000,270.000000,295.000000,False,SOFT,17.000000,True,Aston Martin,8838.226000,,1,17.000000,False,,False,True
2026,4,Miami Grand Prix,R,9029.181000,STR,18,stroll,aston_martin,96.149000,55.000000,3.000000,,,32.944000,35.626000,27.579000,8966.073000,9001.699000,9029.278000,212.000000,185.000000,271.000000,226.000000,False,SOFT,18.000000,True,Aston Martin,8933.032000,,12,17.000000,False,,False,True
2026,4,Miami Grand Prix,R,9123.897000,STR,18,stroll,aston_martin,94.716000,56.000000,3.000000,,,33.623000,35.444000,25.649000,9062.901000,9098.345000,9123.994000,211.000000,182.000000,266.000000,324.000000,True,SOFT,19.000000,True,Aston Martin,9029.181000,,1,17.000000,False,,False,True
2026,4,Miami Grand Prix,R,3546.976000,ALB,23,albon,williams,104.983000,1.000000,1.000000,,,,36.586000,26.418000,,3520.712000,3547.114000,211.000000,186.000000,255.000000,293.000000,False,MEDIUM,1.000000,True,Williams,3441.749000,,1,10.000000,False,,False,False
2026,4,Miami Grand Prix,R,3642.380000,ALB,23,albon,williams,95.404000,2.000000,1.000000,,,33.896000,35.234000,26.274000,3580.965000,3616.199000,3642.473000,210.000000,184.000000,255.000000,305.000000,True,MEDIUM,2.000000,True,Williams,3546.976000,,1,10.000000,False,,False,True
2026,4,Miami Grand Prix,R,3737.312000,ALB,23,albon,williams,94.932000,3.000000,1.000000,,,33.763000,35.170000,25.999000,3676.236000,3711.406000,3737.405000,210.000000,185.000000,259.000000,314.000000,True,MEDIUM,3.000000,True,Williams,3642.380000,,1,10.000000,False,,False,True
2026,4,Miami Grand Prix,R,3832.082000,ALB,23,albon,williams,94.770000,4.000000,1.000000,,,33.744000,35.219000,25.807000,3771.149000,3806.368000,3832.175000,209.000000,185.000000,271.000000,324.000000,True,MEDIUM,4.000000,True,Williams,3737.312000,,1,10.000000,False,,False,True
2026,4,Miami Grand Prix,R,3927.970000,ALB,23,albon,williams,95.888000,5.000000,1.000000,,,33.837000,35.798000,26.253000,3866.012000,3901.810000,3928.063000,208.000000,185.000000,276.000000,287.000000,False,MEDIUM,5.000000,True,Williams,3832.082000,,12,9.000000,False,,False,True
2026,4,Miami Grand Prix,R,4063.297000,ALB,23,albon,williams,135.327000,6.000000,1.000000,,,41.435000,49.604000,44.288000,3969.498000,4019.102000,4063.390000,175.000000,130.000000,197.000000,123.000000,False,MEDIUM,6.000000,True,Williams,3927.970000,,24,9.000000,False,,False,False
2026,4,Miami Grand Prix,R,4191.267000,ALB,23,albon,williams,127.970000,7.000000,1.000000,,,36.259000,49.483000,42.228000,4099.649000,4149.132000,4191.360000,192.000000,105.000000,240.000000,90.000000,False,MEDIUM,7.000000,True,Williams,4063.297000,,4,8.000000,False,,False,False
2026,4,Miami Grand Prix,R,4335.947000,ALB,23,albon,williams,144.680000,8.000000,1.000000,,,46.479000,57.298000,40.903000,4237.839000,4295.137000,4336.040000,99.000000,67.000000,220.000000,100.000000,False,MEDIUM,8.000000,True,Williams,4191.267000,,4,8.000000,False,,False,False
2026,4,Miami Grand Prix,R,4479.462000,ALB,23,albon,williams,143.515000,9.000000,1.000000,,,44.037000,57.731000,41.747000,4380.077000,4437.808000,4479.555000,130.000000,66.000000,187.000000,163.000000,False,MEDIUM,9.000000,True,Williams,4335.947000,,4,8.000000,False,,False,False
2026,4,Miami Grand Prix,R,4619.574000,ALB,23,albon,williams,140.112000,10.000000,1.000000,,,47.224000,57.169000,35.719000,4526.779000,4583.948000,4619.667000,96.000000,69.000000,229.000000,140.000000,False,MEDIUM,10.000000,True,Williams,4479.462000,,4,8.000000,False,,False,False
2026,4,Miami Grand Prix,R,4764.750000,ALB,23,albon,williams,145.176000,11.000000,1.000000,,,46.281000,47.048000,51.847000,4665.948000,4712.996000,4764.843000,97.000000,125.000000,280.000000,55.000000,False,MEDIUM,11.000000,True,Williams,4619.574000,,41,8.000000,False,,False,False
2026,4,Miami Grand Prix,R,4859.956000,ALB,23,albon,williams,95.206000,12.000000,1.000000,,,33.695000,35.604000,25.907000,4798.538000,4834.142000,4860.049000,209.000000,186.000000,262.000000,322.000000,False,MEDIUM,12.000000,True,Williams,4764.750000,,1,8.000000,False,,False,True
2026,4,Miami Grand Prix,R,4954.509000,ALB,23,albon,williams,94.553000,13.000000,1.000000,,,33.662000,35.118000,25.773000,4893.711000,4928.829000,4954.602000,207.000000,184.000000,276.000000,321.000000,True,MEDIUM,13.000000,True,Williams,4859.956000,,1,8.000000,False,,False,True
2026,4,Miami Grand Prix,R,5048.670000,ALB,23,albon,williams,94.161000,14.000000,1.000000,,,33.205000,35.073000,25.883000,4987.807000,5022.880000,5048.763000,208.000000,184.000000,277.000000,311.000000,True,MEDIUM,14.000000,True,Williams,4954.509000,,1,8.000000,False,,False,True
2026,4,Miami Grand Prix,R,5144.140000,ALB,23,albon,williams,95.470000,15.000000,1.000000,,,33.462000,36.126000,25.882000,5082.225000,5118.351000,5144.233000,209.000000,183.000000,260.000000,322.000000,False,MEDIUM,15.000000,True,Williams,5048.670000,,1,9.000000,False,,False,True
2026,4,Miami Grand Prix,R,5239.385000,ALB,23,albon,williams,95.245000,16.000000,1.000000,,,33.854000,35.354000,26.037000,5178.087000,5213.441000,5239.478000,205.000000,183.000000,279.000000,322.000000,False,MEDIUM,16.000000,True,Williams,5144.140000,,12,9.000000,False,,False,True
2026,4,Miami Grand Prix,R,5335.209000,ALB,23,albon,williams,95.824000,17.000000,1.000000,,,34.501000,35.289000,26.034000,5273.979000,5309.268000,5335.302000,207.000000,182.000000,276.000000,312.000000,False,MEDIUM,17.000000,True,Williams,5239.385000,,1,10.000000,False,,False,True
2026,4,Miami Grand Prix,R,5430.398000,ALB,23,albon,williams,95.189000,18.000000,1.000000,,,33.781000,35.369000,26.039000,5369.083000,5404.452000,5430.491000,207.000000,182.000000,279.000000,316.000000,False,MEDIUM,18.000000,True,Williams,5335.209000,,1,10.000000,False,,False,True
2026,4,Miami Grand Prix,R,5525.377000,ALB,23,albon,williams,94.979000,19.000000,1.000000,,,33.663000,35.309000,26.007000,5464.154000,5499.463000,5525.470000,207.000000,182.000000,277.000000,317.000000,False,MEDIUM,19.000000,True,Williams,5430.398000,,1,10.000000,False,,False,True
2026,4,Miami Grand Prix,R,5620.589000,ALB,23,albon,williams,95.212000,20.000000,1.000000,,,33.784000,35.397000,26.031000,5559.254000,5594.651000,5620.682000,206.000000,182.000000,275.000000,318.000000,False,MEDIUM,20.000000,True,Williams,5525.377000,,1,10.000000,False,,False,True
2026,4,Miami Grand Prix,R,5715.468000,ALB,23,albon,williams,94.879000,21.000000,1.000000,,,33.615000,35.300000,25.964000,5654.297000,5689.597000,5715.561000,207.000000,185.000000,278.000000,317.000000,False,MEDIUM,21.000000,True,Williams,5620.589000,,1,9.000000,False,,False,True
2026,4,Miami Grand Prix,R,5810.268000,ALB,23,albon,williams,94.800000,22.000000,1.000000,,,33.590000,35.238000,25.972000,5749.151000,5784.389000,5810.361000,207.000000,184.000000,280.000000,315.000000,False,MEDIUM,22.000000,True,Williams,5715.468000,,1,8.000000,False,,False,True
2026,4,Miami Grand Prix,R,5905.365000,ALB,23,albon,williams,95.097000,23.000000,1.000000,,,33.777000,35.328000,25.992000,5844.138000,5879.466000,5905.458000,209.000000,184.000000,269.000000,315.000000,False,MEDIUM,23.000000,True,Williams,5810.268000,,1,8.000000,False,,False,True
2026,4,Miami Grand Prix,R,6001.266000,ALB,23,albon,williams,95.901000,24.000000,1.000000,,,33.612000,36.142000,26.147000,5939.070000,5975.212000,6001.359000,209.000000,182.000000,282.000000,322.000000,False,MEDIUM,24.000000,True,Williams,5905.365000,,1,10.000000,False,,False,True
2026,4,Miami Grand Prix,R,6096.385000,ALB,23,albon,williams,95.119000,25.000000,1.000000,,,33.722000,35.303000,26.094000,6035.081000,6070.384000,6096.478000,208.000000,185.000000,278.000000,313.000000,False,MEDIUM,25.000000,True,Williams,6001.266000,,1,10.000000,False,,False,True
2026,4,Miami Grand Prix,R,6191.349000,ALB,23,albon,williams,94.964000,26.000000,1.000000,,,33.571000,35.358000,26.035000,6130.049000,6165.407000,6191.442000,207.000000,183.000000,280.000000,316.000000,False,MEDIUM,26.000000,True,Williams,6096.385000,,1,10.000000,False,,False,True
2026,4,Miami Grand Prix,R,6291.113000,ALB,23,albon,williams,99.764000,27.000000,1.000000,,6285.912000,33.673000,35.145000,30.946000,6225.115000,6260.260000,6291.206000,208.000000,184.000000,,322.000000,False,MEDIUM,27.000000,True,Williams,6191.349000,,1,11.000000,False,,False,False
2026,4,Miami Grand Prix,R,6398.911000,ALB,23,albon,williams,107.798000,28.000000,2.000000,6308.740000,,47.468000,34.621000,25.709000,6338.674000,6373.295000,6399.004000,215.000000,189.000000,249.000000,321.000000,False,HARD,1.000000,True,Williams,6291.113000,,1,12.000000,False,,False,False
2026,4,Miami Grand Prix,R,6492.786000,ALB,23,albon,williams,93.875000,29.000000,2.000000,,,33.210000,34.972000,25.693000,6432.214000,6467.186000,6492.879000,208.000000,186.000000,271.000000,315.000000,True,HARD,2.000000,True,Williams,6398.911000,,1,12.000000,False,,False,True
2026,4,Miami Grand Prix,R,6586.570000,ALB,23,albon,williams,93.784000,30.000000,2.000000,,,33.258000,34.810000,25.716000,6526.137000,6560.947000,6586.663000,211.000000,186.000000,277.000000,315.000000,True,HARD,3.000000,True,Williams,6492.786000,,1,12.000000,False,,False,True
2026,4,Miami Grand Prix,R,6680.407000,ALB,23,albon,williams,93.837000,31.000000,2.000000,,,33.142000,34.870000,25.825000,6619.805000,6654.675000,6680.500000,211.000000,184.000000,280.000000,317.000000,False,HARD,4.000000,True,Williams,6586.570000,,1,12.000000,False,,False,True
2026,4,Miami Grand Prix,R,6774.601000,ALB,23,albon,williams,94.194000,32.000000,2.000000,,,33.232000,35.097000,25.865000,6713.732000,6748.829000,6774.694000,210.000000,183.000000,271.000000,314.000000,False,HARD,5.000000,True,Williams,6680.407000,,1,10.000000,False,,False,True
2026,4,Miami Grand Prix,R,6868.841000,ALB,23,albon,williams,94.240000,33.000000,2.000000,,,33.293000,35.104000,25.843000,6807.987000,6843.091000,6868.934000,211.000000,185.000000,275.000000,313.000000,False,HARD,6.000000,True,Williams,6774.601000,,1,10.000000,False,,False,True
2026,4,Miami Grand Prix,R,6963.274000,ALB,23,albon,williams,94.433000,34.000000,2.000000,,,33.363000,35.117000,25.953000,6902.297000,6937.414000,6963.367000,210.000000,184.000000,276.000000,311.000000,False,HARD,7.000000,True,Williams,6868.841000,,1,10.000000,False,,False,True
2026,4,Miami Grand Prix,R,7057.570000,ALB,23,albon,williams,94.296000,35.000000,2.000000,,,33.302000,35.247000,25.747000,6996.669000,7031.916000,7057.663000,210.000000,180.000000,283.000000,314.000000,False,HARD,8.000000,True,Williams,6963.274000,,1,10.000000,False,,False,True
2026,4,Miami Grand Prix,R,7151.771000,ALB,23,albon,williams,94.201000,36.000000,2.000000,,,33.172000,35.251000,25.778000,7090.835000,7126.086000,7151.864000,211.000000,184.000000,283.000000,312.000000,False,HARD,9.000000,True,Williams,7057.570000,,1,10.000000,False,,False,True
2026,4,Miami Grand Prix,R,7246.256000,ALB,23,albon,williams,94.485000,37.000000,2.000000,,,33.091000,35.380000,26.014000,7184.955000,7220.335000,7246.349000,207.000000,184.000000,271.000000,309.000000,False,HARD,10.000000,True,Williams,7151.771000,,1,10.000000,False,,False,True
2026,4,Miami Grand Prix,R,7340.696000,ALB,23,albon,williams,94.440000,38.000000,2.000000,,,33.305000,35.117000,26.018000,7279.654000,7314.771000,7340.789000,210.000000,184.000000,270.000000,309.000000,False,HARD,11.000000,True,Williams,7246.256000,,1,10.000000,False,,False,True
2026,4,Miami Grand Prix,R,7435.033000,ALB,23,albon,williams,94.337000,39.000000,2.000000,,,33.280000,35.029000,26.028000,7374.069000,7409.098000,7435.126000,210.000000,184.000000,277.000000,310.000000,False,HARD,12.000000,True,Williams,7340.696000,,1,10.000000,False,,False,True
2026,4,Miami Grand Prix,R,7529.472000,ALB,23,albon,williams,94.439000,40.000000,2.000000,,,33.306000,35.169000,25.964000,7468.432000,7503.601000,7529.565000,207.000000,183.000000,279.000000,315.000000,False,HARD,13.000000,True,Williams,7435.033000,,1,10.000000,False,,False,True
2026,4,Miami Grand Prix,R,7623.644000,ALB,23,albon,williams,94.172000,41.000000,2.000000,,,33.200000,35.070000,25.902000,7562.765000,7597.835000,7623.737000,210.000000,185.000000,279.000000,311.000000,False,HARD,14.000000,True,Williams,7529.472000,,1,10.000000,False,,False,True
2026,4,Miami Grand Prix,R,7718.010000,ALB,23,albon,williams,94.366000,42.000000,2.000000,,,33.177000,35.213000,25.976000,7656.914000,7692.127000,7718.103000,209.000000,184.000000,275.000000,310.000000,False,HARD,15.000000,True,Williams,7623.644000,,1,10.000000,False,,False,True
2026,4,Miami Grand Prix,R,7812.300000,ALB,23,albon,williams,94.290000,43.000000,2.000000,,,33.084000,35.280000,25.926000,7751.187000,7786.467000,7812.393000,209.000000,183.000000,277.000000,309.000000,False,HARD,16.000000,True,Williams,7718.010000,,1,10.000000,False,,False,True
2026,4,Miami Grand Prix,R,7906.439000,ALB,23,albon,williams,94.139000,44.000000,2.000000,,,33.002000,35.108000,26.029000,7845.395000,7880.503000,7906.532000,209.000000,186.000000,276.000000,307.000000,False,HARD,17.000000,True,Williams,7812.300000,,1,10.000000,False,,False,True
2026,4,Miami Grand Prix,R,8000.749000,ALB,23,albon,williams,94.310000,45.000000,2.000000,,,33.156000,35.091000,26.063000,7939.688000,7974.779000,8000.842000,210.000000,185.000000,275.000000,308.000000,False,HARD,18.000000,True,Williams,7906.439000,,1,10.000000,False,,False,True
2026,4,Miami Grand Prix,R,8094.948000,ALB,23,albon,williams,94.199000,46.000000,2.000000,,,33.156000,35.034000,26.009000,,8069.032000,8095.041000,209.000000,184.000000,277.000000,309.000000,False,HARD,19.000000,True,Williams,8000.749000,,1,10.000000,False,,False,True
2026,4,Miami Grand Prix,R,8189.509000,ALB,23,albon,williams,94.561000,47.000000,2.000000,,,33.210000,34.971000,26.380000,8128.251000,8163.222000,8189.602000,210.000000,184.000000,279.000000,310.000000,False,HARD,20.000000,True,Williams,8094.948000,,12,10.000000,False,,False,True
2026,4,Miami Grand Prix,R,8283.834000,ALB,23,albon,williams,94.325000,48.000000,2.000000,,,33.382000,34.917000,26.026000,8222.984000,8257.901000,8283.927000,210.000000,185.000000,277.000000,310.000000,False,HARD,21.000000,True,Williams,8189.509000,,1,10.000000,False,,False,True
2026,4,Miami Grand Prix,R,8378.014000,ALB,23,albon,williams,94.180000,49.000000,2.000000,,,33.228000,34.959000,25.993000,8317.155000,8352.114000,8378.107000,210.000000,186.000000,276.000000,308.000000,False,HARD,22.000000,True,Williams,8283.834000,,1,10.000000,False,,False,True
2026,4,Miami Grand Prix,R,8472.370000,ALB,23,albon,williams,94.356000,50.000000,2.000000,,,33.295000,35.014000,26.047000,8411.402000,8446.416000,8472.463000,208.000000,184.000000,279.000000,309.000000,False,HARD,23.000000,True,Williams,8378.014000,,1,10.000000,False,,False,True
2026,4,Miami Grand Prix,R,8566.777000,ALB,23,albon,williams,94.407000,51.000000,2.000000,,,33.227000,35.131000,26.049000,8505.690000,8540.821000,8566.870000,209.000000,184.000000,278.000000,310.000000,False,HARD,24.000000,True,Williams,8472.370000,,1,10.000000,False,,False,True
2026,4,Miami Grand Prix,R,8661.064000,ALB,23,albon,williams,94.287000,52.000000,2.000000,,,33.118000,35.169000,26.000000,8599.988000,8635.157000,8661.157000,211.000000,185.000000,279.000000,310.000000,False,HARD,25.000000,True,Williams,8566.777000,,1,10.000000,False,,False,True
2026,4,Miami Grand Prix,R,8755.415000,ALB,23,albon,williams,94.351000,53.000000,2.000000,,,33.294000,35.164000,25.893000,8694.451000,8729.615000,8755.508000,211.000000,185.000000,277.000000,311.000000,False,HARD,26.000000,True,Williams,8661.064000,,1,10.000000,False,,False,True
2026,4,Miami Grand Prix,R,8849.668000,ALB,23,albon,williams,94.253000,54.000000,2.000000,,,33.296000,34.963000,25.994000,8788.804000,8823.767000,8849.761000,210.000000,186.000000,282.000000,310.000000,False,HARD,27.000000,True,Williams,8755.415000,,1,10.000000,False,,False,True
2026,4,Miami Grand Prix,R,8943.777000,ALB,23,albon,williams,94.109000,55.000000,2.000000,,,33.208000,35.015000,25.886000,8882.969000,8917.984000,8943.870000,211.000000,186.000000,281.000000,311.000000,False,HARD,28.000000,True,Williams,8849.668000,,1,10.000000,False,,False,True
2026,4,Miami Grand Prix,R,9037.940000,ALB,23,albon,williams,94.163000,56.000000,2.000000,,,33.130000,35.053000,25.980000,8977.000000,9012.053000,9038.033000,211.000000,185.000000,279.000000,311.000000,False,HARD,29.000000,True,Williams,8943.777000,,12,10.000000,False,,False,True
2026,4,Miami Grand Prix,R,9132.238000,ALB,23,albon,williams,94.298000,57.000000,2.000000,,,33.156000,35.255000,25.887000,9071.189000,9106.444000,9132.331000,212.000000,183.000000,263.000000,327.000000,False,HARD,30.000000,True,Williams,9037.940000,,1,10.000000,False,,False,True
2026,4,Miami Grand Prix,R,3556.244000,HUL,27,hulkenberg,audi,114.251000,1.000000,1.000000,,3550.357000,,37.861000,32.305000,,3524.051000,3556.459000,202.000000,185.000000,,289.000000,False,MEDIUM,1.000000,True,Audi,3441.749000,,1,22.000000,False,,False,False
2026,4,Miami Grand Prix,R,3676.518000,HUL,27,hulkenberg,audi,120.274000,2.000000,2.000000,3583.967000,,58.859000,35.180000,26.235000,3615.172000,3650.352000,3676.587000,210.000000,187.000000,264.000000,300.000000,False,MEDIUM,1.000000,True,Audi,3556.244000,,1,22.000000,False,,False,False
2026,4,Miami Grand Prix,R,3771.448000,HUL,27,hulkenberg,audi,94.930000,3.000000,2.000000,,,33.374000,35.066000,26.490000,3709.961000,3745.027000,3771.517000,210.000000,186.000000,260.000000,290.000000,True,MEDIUM,2.000000,True,Audi,3676.518000,,1,22.000000,False,,False,True
2026,4,Miami Grand Prix,R,3865.971000,HUL,27,hulkenberg,audi,94.523000,4.000000,2.000000,,,33.228000,34.897000,26.398000,3804.745000,3839.642000,3866.040000,210.000000,186.000000,262.000000,293.000000,True,MEDIUM,3.000000,True,Audi,3771.448000,,1,22.000000,False,,False,True
2026,4,Miami Grand Prix,R,3975.458000,HUL,27,hulkenberg,audi,109.487000,5.000000,2.000000,,,33.252000,36.287000,39.948000,3899.292000,3935.579000,3975.527000,209.000000,181.000000,243.000000,210.000000,False,MEDIUM,4.000000,True,Audi,3865.971000,,124,20.000000,False,,False,False
2026,4,Miami Grand Prix,R,4110.608000,HUL,27,hulkenberg,audi,135.150000,6.000000,2.000000,,,38.954000,49.759000,46.437000,4014.481000,4064.240000,4110.677000,167.000000,133.000000,224.000000,92.000000,False,MEDIUM,5.000000,True,Audi,3975.458000,,4,19.000000,False,,False,False
2026,4,Miami Grand Prix,R,4282.019000,HUL,27,hulkenberg,audi,,7.000000,2.000000,,4275.306000,37.130000,43.740000,90.511000,4147.984000,4191.696000,4282.088000,185.000000,83.000000,,57.000000,False,MEDIUM,6.000000,True,Audi,4110.608000,,4,19.000000,False,,False,False
2026,4,Miami Grand Prix,R,3546.904000,VER,3,max_verstappen,red_bull,104.911000,1.000000,1.000000,,,,36.327000,27.361000,,3519.796000,3547.114000,207.000000,173.000000,247.000000,306.000000,False,MEDIUM,1.000000,True,Red Bull Racing,3441.749000,,1,9.000000,False,,False,False
2026,4,Miami Grand Prix,R,3640.368000,VER,3,max_verstappen,red_bull,93.464000,2.000000,1.000000,,,32.940000,34.738000,25.786000,3579.882000,3614.620000,3640.406000,214.000000,186.000000,260.000000,310.000000,True,MEDIUM,2.000000,True,Red Bull Racing,3546.904000,,1,8.000000,False,,False,True
2026,4,Miami Grand Prix,R,3733.607000,VER,3,max_verstappen,red_bull,93.239000,3.000000,1.000000,,,32.585000,34.865000,25.789000,3672.991000,3707.856000,3733.645000,211.000000,185.000000,262.000000,313.000000,True,MEDIUM,3.000000,True,Red Bull Racing,3640.368000,,1,8.000000,False,,False,True
2026,4,Miami Grand Prix,R,3827.143000,VER,3,max_verstappen,red_bull,93.536000,4.000000,1.000000,,,32.735000,34.937000,25.864000,3766.380000,3801.317000,3827.181000,210.000000,184.000000,261.000000,313.000000,False,MEDIUM,4.000000,True,Red Bull Racing,3733.607000,,1,8.000000,False,,False,True
2026,4,Miami Grand Prix,R,3921.233000,VER,3,max_verstappen,red_bull,94.090000,5.000000,1.000000,,,32.980000,35.120000,25.990000,3860.161000,3895.281000,3921.271000,212.000000,184.000000,239.000000,314.000000,False,MEDIUM,5.000000,True,Red Bull Racing,3827.143000,,12,8.000000,False,,False,True
2026,4,Miami Grand Prix,R,4062.181000,VER,3,max_verstappen,red_bull,140.948000,6.000000,1.000000,,4056.745000,42.754000,52.183000,46.011000,3964.025000,4016.208000,4062.219000,166.000000,136.000000,,102.000000,False,MEDIUM,6.000000,True,Red Bull Racing,3921.233000,,24,8.000000,False,,False,False
2026,4,Miami Grand Prix,R,4204.835000,VER,3,max_verstappen,red_bull,142.654000,7.000000,2.000000,4079.396000,,52.723000,49.164000,40.767000,4114.942000,4164.106000,4204.873000,176.000000,141.000000,223.000000,86.000000,False,HARD,1.000000,True,Red Bull Racing,4062.181000,,4,16.000000,False,,False,False
2026,4,Miami Grand Prix,R,4346.774000,VER,3,max_verstappen,red_bull,141.939000,8.000000,2.000000,,,41.268000,60.077000,40.594000,4246.141000,4306.218000,4346.812000,103.000000,53.000000,222.000000,110.000000,False,HARD,2.000000,True,Red Bull Racing,4204.835000,,4,16.000000,False,,False,False
2026,4,Miami Grand Prix,R,4489.357000,VER,3,max_verstappen,red_bull,142.583000,9.000000,2.000000,,,42.138000,62.696000,37.749000,4388.950000,4451.646000,4489.395000,95.000000,92.000000,226.000000,192.000000,False,HARD,3.000000,True,Red Bull Racing,4346.774000,,4,16.000000,False,,False,False
2026,4,Miami Grand Prix,R,4629.529000,VER,3,max_verstappen,red_bull,140.172000,10.000000,2.000000,,,45.957000,60.071000,34.144000,4535.352000,4595.423000,4629.567000,100.000000,90.000000,226.000000,258.000000,False,HARD,4.000000,True,Red Bull Racing,4489.357000,,4,16.000000,False,,False,False
2026,4,Miami Grand Prix,R,4768.972000,VER,3,max_verstappen,red_bull,139.443000,11.000000,2.000000,,,46.070000,45.171000,48.202000,4675.637000,4720.808000,4769.010000,121.000000,165.000000,283.000000,38.000000,False,HARD,5.000000,True,Red Bull Racing,4629.529000,,41,16.000000,False,,False,False
2026,4,Miami Grand Prix,R,4864.756000,VER,3,max_verstappen,red_bull,95.784000,12.000000,2.000000,,,33.534000,36.532000,25.718000,4802.544000,4839.076000,4864.794000,209.000000,185.000000,263.000000,322.000000,False,HARD,6.000000,True,Red Bull Racing,4768.972000,,1,14.000000,False,,False,True
2026,4,Miami Grand Prix,R,4958.316000,VER,3,max_verstappen,red_bull,93.560000,13.000000,2.000000,,,32.983000,34.800000,25.777000,4897.777000,4932.577000,4958.354000,215.000000,185.000000,260.000000,315.000000,False,HARD,7.000000,True,Red Bull Racing,4864.756000,,1,12.000000,False,,False,True
2026,4,Miami Grand Prix,R,5051.946000,VER,3,max_verstappen,red_bull,93.630000,14.000000,2.000000,,,32.814000,35.007000,25.809000,4991.168000,5026.175000,5051.984000,212.000000,185.000000,282.000000,324.000000,False,HARD,8.000000,True,Red Bull Racing,4958.316000,,1,12.000000,False,,False,True
2026,4,Miami Grand Prix,R,5145.498000,VER,3,max_verstappen,red_bull,93.552000,15.000000,2.000000,,,32.814000,35.278000,25.460000,,5120.076000,5145.536000,214.000000,185.000000,264.000000,332.000000,False,HARD,9.000000,True,Red Bull Racing,5051.946000,,1,10.000000,False,,False,True
2026,4,Miami Grand Prix,R,5239.616000,VER,3,max_verstappen,red_bull,94.118000,16.000000,2.000000,,,33.054000,35.238000,25.826000,5178.590000,5213.828000,5239.654000,214.000000,184.000000,276.000000,327.000000,False,HARD,10.000000,True,Red Bull Racing,5145.498000,,12,10.000000,False,,False,True
2026,4,Miami Grand Prix,R,5333.415000,VER,3,max_verstappen,red_bull,93.799000,17.000000,2.000000,,,33.113000,34.995000,25.691000,5272.767000,5307.762000,5333.453000,213.000000,183.000000,280.000000,322.000000,False,HARD,11.000000,True,Red Bull Racing,5239.616000,,1,9.000000,False,,False,True
2026,4,Miami Grand Prix,R,5427.085000,VER,3,max_verstappen,red_bull,93.670000,18.000000,2.000000,,,32.704000,35.093000,25.873000,5366.157000,5401.250000,5427.123000,212.000000,185.000000,264.000000,312.000000,False,HARD,12.000000,True,Red Bull Racing,5333.415000,,1,8.000000,False,,False,True
2026,4,Miami Grand Prix,R,5520.466000,VER,3,max_verstappen,red_bull,93.381000,19.000000,2.000000,,,32.522000,34.966000,25.893000,5459.645000,5494.611000,5520.504000,212.000000,185.000000,259.000000,315.000000,False,HARD,13.000000,True,Red Bull Racing,5427.085000,,1,8.000000,False,,False,True
2026,4,Miami Grand Prix,R,5614.328000,VER,3,max_verstappen,red_bull,93.862000,20.000000,2.000000,,,33.110000,34.996000,25.756000,5553.614000,5588.610000,5614.366000,212.000000,183.000000,284.000000,316.000000,False,HARD,14.000000,True,Red Bull Racing,5520.466000,,1,8.000000,False,,False,True
2026,4,Miami Grand Prix,R,5707.669000,VER,3,max_verstappen,red_bull,93.341000,21.000000,2.000000,,,32.489000,35.035000,25.817000,5646.855000,5681.890000,5707.707000,212.000000,186.000000,266.000000,310.000000,False,HARD,15.000000,True,Red Bull Racing,5614.328000,,1,6.000000,False,,False,True
2026,4,Miami Grand Prix,R,5800.993000,VER,3,max_verstappen,red_bull,93.324000,22.000000,2.000000,,,32.626000,34.900000,25.798000,5740.333000,5775.233000,5801.031000,212.000000,185.000000,268.000000,310.000000,False,HARD,16.000000,True,Red Bull Racing,5707.669000,,1,5.000000,False,,False,True
2026,4,Miami Grand Prix,R,5894.348000,VER,3,max_verstappen,red_bull,93.355000,23.000000,2.000000,,,32.468000,35.030000,25.857000,5833.499000,5868.529000,5894.386000,211.000000,186.000000,264.000000,312.000000,False,HARD,17.000000,True,Red Bull Racing,5800.993000,,1,5.000000,False,,False,True
2026,4,Miami Grand Prix,R,5987.458000,VER,3,max_verstappen,red_bull,93.110000,24.000000,2.000000,,,32.616000,34.806000,25.688000,5927.002000,5961.808000,5987.496000,214.000000,186.000000,264.000000,316.000000,True,HARD,18.000000,True,Red Bull Racing,5894.348000,,1,5.000000,False,,False,True
2026,4,Miami Grand Prix,R,6080.957000,VER,3,max_verstappen,red_bull,93.499000,25.000000,2.000000,,,32.632000,35.306000,25.561000,6020.128000,6055.434000,6080.995000,214.000000,187.000000,266.000000,318.000000,False,HARD,19.000000,True,Red Bull Racing,5987.458000,,1,5.000000,False,,False,True
2026,4,Miami Grand Prix,R,6174.801000,VER,3,max_verstappen,red_bull,93.844000,26.000000,2.000000,,,32.748000,35.404000,25.692000,6113.743000,6149.147000,6174.839000,213.000000,183.000000,267.000000,325.000000,False,HARD,20.000000,True,Red Bull Racing,6080.957000,,1,4.000000,False,,False,True
2026,4,Miami Grand Prix,R,6268.273000,VER,3,max_verstappen,red_bull,93.472000,27.000000,2.000000,,,32.604000,34.898000,25.970000,6207.443000,6242.341000,6268.311000,213.000000,186.000000,263.000000,306.000000,False,HARD,21.000000,True,Red Bull Racing,6174.801000,,1,3.000000,False,,False,True
2026,4,Miami Grand Prix,R,6362.051000,VER,3,max_verstappen,red_bull,93.778000,28.000000,2.000000,,,32.682000,34.989000,26.107000,6300.993000,6335.982000,6362.089000,213.000000,186.000000,269.000000,305.000000,False,HARD,22.000000,True,Red Bull Racing,6268.273000,,1,1.000000,False,,False,True
2026,4,Miami Grand Prix,R,6456.401000,VER,3,max_verstappen,red_bull,94.350000,29.000000,2.000000,,,32.511000,35.479000,26.360000,6394.600000,6430.079000,6456.439000,213.000000,186.000000,268.000000,291.000000,False,HARD,23.000000,True,Red Bull Racing,6362.051000,,1,3.000000,False,,False,True
2026,4,Miami Grand Prix,R,6550.573000,VER,3,max_verstappen,red_bull,94.172000,30.000000,2.000000,,,33.217000,35.019000,25.936000,6489.656000,6524.675000,6550.611000,212.000000,186.000000,260.000000,311.000000,False,HARD,24.000000,True,Red Bull Racing,6456.401000,,1,3.000000,False,,False,True
2026,4,Miami Grand Prix,R,6643.854000,VER,3,max_verstappen,red_bull,93.281000,31.000000,2.000000,,,32.645000,34.792000,25.844000,6583.256000,6618.048000,6643.892000,212.000000,187.000000,268.000000,311.000000,False,HARD,25.000000,True,Red Bull Racing,6550.573000,,1,3.000000,False,,False,True
2026,4,Miami Grand Prix,R,6737.436000,VER,3,max_verstappen,red_bull,93.582000,32.000000,2.000000,,,32.659000,34.932000,25.991000,6676.551000,6711.483000,6737.474000,212.000000,186.000000,266.000000,307.000000,False,HARD,26.000000,True,Red Bull Racing,6643.854000,,1,3.000000,False,,False,True
2026,4,Miami Grand Prix,R,6830.978000,VER,3,max_verstappen,red_bull,93.542000,33.000000,2.000000,,,32.559000,34.999000,25.984000,6770.033000,6805.032000,6831.016000,213.000000,185.000000,269.000000,307.000000,False,HARD,27.000000,True,Red Bull Racing,6737.436000,,1,3.000000,False,,False,True
2026,4,Miami Grand Prix,R,6924.440000,VER,3,max_verstappen,red_bull,93.462000,34.000000,2.000000,,,32.505000,35.076000,25.881000,6863.521000,6898.597000,6924.478000,214.000000,187.000000,265.000000,308.000000,False,HARD,28.000000,True,Red Bull Racing,6830.978000,,1,3.000000,False,,False,True
2026,4,Miami Grand Prix,R,7017.890000,VER,3,max_verstappen,red_bull,93.450000,35.000000,2.000000,,,32.522000,34.937000,25.991000,6957.000000,6991.937000,7017.928000,214.000000,187.000000,264.000000,308.000000,False,HARD,29.000000,True,Red Bull Racing,6924.440000,,1,3.000000,False,,False,True
2026,4,Miami Grand Prix,R,7111.244000,VER,3,max_verstappen,red_bull,93.354000,36.000000,2.000000,,,32.448000,35.032000,25.874000,7050.376000,7085.408000,7111.282000,211.000000,188.000000,271.000000,309.000000,False,HARD,30.000000,True,Red Bull Racing,7017.890000,,1,3.000000,False,,False,True
2026,4,Miami Grand Prix,R,7204.357000,VER,3,max_verstappen,red_bull,93.113000,37.000000,2.000000,,,32.275000,34.857000,25.981000,7143.557000,7178.414000,7204.395000,210.000000,185.000000,267.000000,308.000000,False,HARD,31.000000,True,Red Bull Racing,7111.244000,,1,3.000000,False,,False,True
2026,4,Miami Grand Prix,R,7297.505000,VER,3,max_verstappen,red_bull,93.148000,38.000000,2.000000,,,32.460000,34.804000,25.884000,7236.855000,7271.659000,7297.543000,212.000000,187.000000,268.000000,311.000000,False,HARD,32.000000,True,Red Bull Racing,7204.357000,,1,3.000000,False,,False,True
2026,4,Miami Grand Prix,R,7390.673000,VER,3,max_verstappen,red_bull,93.168000,39.000000,2.000000,,,32.419000,34.793000,25.956000,7329.962000,7364.755000,7390.711000,213.000000,187.000000,265.000000,309.000000,False,HARD,33.000000,True,Red Bull Racing,7297.505000,,1,3.000000,False,,False,True
2026,4,Miami Grand Prix,R,7484.178000,VER,3,max_verstappen,red_bull,93.505000,40.000000,2.000000,,,32.504000,34.933000,26.068000,7423.215000,7458.148000,7484.216000,212.000000,181.000000,270.000000,310.000000,False,HARD,34.000000,True,Red Bull Racing,7390.673000,,1,3.000000,False,,False,True
2026,4,Miami Grand Prix,R,7577.953000,VER,3,max_verstappen,red_bull,93.775000,41.000000,2.000000,,,32.602000,35.135000,26.038000,7516.818000,7551.953000,7577.991000,210.000000,185.000000,267.000000,307.000000,False,HARD,35.000000,True,Red Bull Racing,7484.178000,,1,3.000000,False,,False,True
2026,4,Miami Grand Prix,R,7671.335000,VER,3,max_verstappen,red_bull,93.382000,42.000000,2.000000,,,32.465000,34.912000,26.005000,7610.456000,7645.368000,7671.373000,213.000000,187.000000,268.000000,307.000000,False,HARD,36.000000,True,Red Bull Racing,7577.953000,,1,3.000000,False,,False,True
2026,4,Miami Grand Prix,R,7765.074000,VER,3,max_verstappen,red_bull,93.739000,43.000000,2.000000,,,32.505000,35.118000,26.116000,7703.878000,7738.996000,7765.112000,213.000000,186.000000,269.000000,306.000000,False,HARD,37.000000,True,Red Bull Racing,7671.335000,,1,3.000000,False,,False,True
2026,4,Miami Grand Prix,R,7858.725000,VER,3,max_verstappen,red_bull,93.651000,44.000000,2.000000,,,32.412000,35.029000,26.210000,7797.524000,7832.553000,7858.763000,215.000000,187.000000,268.000000,306.000000,False,HARD,38.000000,True,Red Bull Racing,7765.074000,,1,3.000000,False,,False,True
2026,4,Miami Grand Prix,R,7952.173000,VER,3,max_verstappen,red_bull,93.448000,45.000000,2.000000,,,32.439000,34.922000,26.087000,7891.202000,7926.124000,7952.211000,213.000000,188.000000,269.000000,306.000000,False,HARD,39.000000,True,Red Bull Racing,7858.725000,,1,3.000000,False,,False,True
2026,4,Miami Grand Prix,R,8045.866000,VER,3,max_verstappen,red_bull,93.693000,46.000000,2.000000,,,32.459000,35.079000,26.155000,7984.670000,8019.749000,8045.904000,213.000000,188.000000,266.000000,305.000000,False,HARD,40.000000,True,Red Bull Racing,7952.173000,,1,3.000000,False,,False,True
2026,4,Miami Grand Prix,R,8140.849000,VER,3,max_verstappen,red_bull,94.983000,47.000000,2.000000,,,33.212000,35.883000,25.888000,8079.116000,8114.999000,8140.887000,213.000000,184.000000,274.000000,316.000000,False,HARD,41.000000,True,Red Bull Racing,8045.866000,,1,4.000000,False,,False,True
2026,4,Miami Grand Prix,R,8235.217000,VER,3,max_verstappen,red_bull,94.368000,48.000000,2.000000,,,32.932000,35.271000,26.165000,8173.819000,8209.090000,8235.255000,213.000000,184.000000,280.000000,313.000000,False,HARD,42.000000,True,Red Bull Racing,8140.849000,,12,5.000000,False,,False,True
2026,4,Miami Grand Prix,R,8329.617000,VER,3,max_verstappen,red_bull,94.400000,49.000000,2.000000,,,33.206000,35.187000,26.007000,8268.461000,8303.648000,8329.655000,211.000000,185.000000,274.000000,317.000000,False,HARD,43.000000,True,Red Bull Racing,8235.217000,,1,5.000000,False,,False,True
2026,4,Miami Grand Prix,R,8423.209000,VER,3,max_verstappen,red_bull,93.592000,50.000000,2.000000,,,32.683000,35.044000,25.865000,8362.338000,8397.382000,8423.247000,212.000000,184.000000,273.000000,314.000000,False,HARD,44.000000,True,Red Bull Racing,8329.617000,,1,5.000000,False,,False,True
2026,4,Miami Grand Prix,R,8517.104000,VER,3,max_verstappen,red_bull,93.895000,51.000000,2.000000,,,32.724000,35.058000,26.113000,8455.971000,8491.029000,8517.142000,214.000000,186.000000,272.000000,312.000000,False,HARD,45.000000,True,Red Bull Racing,8423.209000,,1,5.000000,False,,False,True
2026,4,Miami Grand Prix,R,8611.035000,VER,3,max_verstappen,red_bull,93.931000,52.000000,2.000000,,,32.572000,35.269000,26.090000,8549.714000,8584.983000,8611.073000,213.000000,186.000000,270.000000,311.000000,False,HARD,46.000000,True,Red Bull Racing,8517.104000,,1,5.000000,False,,False,True
2026,4,Miami Grand Prix,R,8704.908000,VER,3,max_verstappen,red_bull,93.873000,53.000000,2.000000,,,32.605000,35.153000,26.115000,8643.678000,8678.831000,8704.946000,213.000000,187.000000,273.000000,309.000000,False,HARD,47.000000,True,Red Bull Racing,8611.035000,,1,5.000000,False,,False,True
2026,4,Miami Grand Prix,R,8799.151000,VER,3,max_verstappen,red_bull,94.243000,54.000000,2.000000,,,32.642000,35.278000,26.323000,8737.588000,8772.866000,8799.189000,214.000000,188.000000,267.000000,309.000000,False,HARD,48.000000,True,Red Bull Racing,8704.908000,,1,5.000000,False,,False,True
2026,4,Miami Grand Prix,R,8895.024000,VER,3,max_verstappen,red_bull,95.873000,55.000000,2.000000,,,33.478000,35.839000,26.556000,8832.667000,8868.506000,8895.062000,213.000000,185.000000,268.000000,323.000000,False,HARD,49.000000,True,Red Bull Racing,8799.151000,,1,5.000000,False,,False,True
2026,4,Miami Grand Prix,R,8990.601000,VER,3,max_verstappen,red_bull,95.577000,56.000000,2.000000,,,32.976000,35.948000,26.653000,8928.038000,8963.986000,8990.639000,213.000000,184.000000,269.000000,324.000000,False,HARD,50.000000,True,Red Bull Racing,8895.024000,,1,6.000000,False,,False,True
2026,4,Miami Grand Prix,R,9085.215000,VER,3,max_verstappen,red_bull,94.614000,57.000000,2.000000,,,33.098000,35.275000,26.241000,9023.737000,9059.012000,9085.253000,211.000000,182.000000,249.000000,330.000000,False,HARD,51.000000,True,Red Bull Racing,8990.601000,,12,5.000000,False,,False,True
2026,4,Miami Grand Prix,R,3544.834000,LAW,30,lawson,rb,102.841000,1.000000,1.000000,,,,36.127000,25.913000,,3519.118000,3544.951000,199.000000,186.000000,256.000000,310.000000,False,MEDIUM,1.000000,True,Racing Bulls,3441.749000,,1,8.000000,False,,False,False
2026,4,Miami Grand Prix,R,3641.913000,LAW,30,lawson,rb,97.079000,2.000000,1.000000,,,33.722000,36.870000,26.487000,3578.672000,3615.542000,3642.029000,212.000000,186.000000,255.000000,293.000000,True,MEDIUM,2.000000,True,Racing Bulls,3544.834000,,1,9.000000,False,,False,True
2026,4,Miami Grand Prix,R,3736.727000,LAW,30,lawson,rb,94.814000,3.000000,1.000000,,,33.437000,35.147000,26.230000,3675.466000,3710.613000,3736.843000,213.000000,186.000000,262.000000,305.000000,True,MEDIUM,3.000000,True,Racing Bulls,3641.913000,,1,9.000000,False,,False,True
2026,4,Miami Grand Prix,R,3831.911000,LAW,30,lawson,rb,95.184000,4.000000,1.000000,,,33.415000,35.368000,26.401000,3770.258000,3805.626000,3832.027000,212.000000,186.000000,260.000000,300.000000,False,MEDIUM,4.000000,True,Racing Bulls,3736.727000,,1,9.000000,False,,False,True
2026,4,Miami Grand Prix,R,3954.763000,LAW,30,lawson,rb,122.852000,5.000000,1.000000,,,34.619000,35.830000,52.403000,3866.646000,3902.476000,3954.879000,208.000000,182.000000,153.000000,301.000000,False,MEDIUM,5.000000,True,Racing Bulls,3831.911000,,124,19.000000,False,,False,False
2026,4,Miami Grand Prix,R,4117.851000,LAW,30,lawson,rb,,6.000000,1.000000,,4111.785000,50.513000,49.357000,63.212000,4005.398000,4054.758000,4118.076000,143.000000,100.000000,,102.000000,False,MEDIUM,6.000000,True,Racing Bulls,3954.763000,,4,20.000000,False,,False,False
2026,4,Miami Grand Prix,R,3547.493000,OCO,31,ocon,haas,105.500000,1.000000,1.000000,,,,37.375000,25.924000,,3521.701000,3547.796000,209.000000,185.000000,289.000000,296.000000,False,MEDIUM,1.000000,True,Haas F1 Team,3441.749000,,1,13.000000,False,,False,False
2026,4,Miami Grand Prix,R,3644.961000,OCO,31,ocon,haas,97.468000,2.000000,1.000000,,,35.371000,36.014000,26.083000,3582.917000,3618.931000,3645.014000,213.000000,183.000000,278.000000,325.000000,True,MEDIUM,2.000000,True,Haas F1 Team,3547.493000,,1,14.000000,False,,False,True
2026,4,Miami Grand Prix,R,3740.142000,OCO,31,ocon,haas,95.181000,3.000000,1.000000,,,34.036000,35.311000,25.834000,3679.050000,3714.361000,3740.195000,211.000000,185.000000,276.000000,325.000000,True,MEDIUM,3.000000,True,Haas F1 Team,3644.961000,,1,14.000000,False,,False,True
2026,4,Miami Grand Prix,R,3835.606000,OCO,31,ocon,haas,95.464000,4.000000,1.000000,,,34.010000,35.389000,26.065000,3774.205000,3809.594000,3835.659000,211.000000,185.000000,277.000000,309.000000,False,MEDIUM,4.000000,True,Haas F1 Team,3740.142000,,1,14.000000,False,,False,True
2026,4,Miami Grand Prix,R,3930.912000,OCO,31,ocon,haas,95.306000,5.000000,1.000000,,,33.823000,35.446000,26.037000,3869.482000,3904.928000,3930.965000,210.000000,184.000000,276.000000,314.000000,False,MEDIUM,5.000000,True,Haas F1 Team,3835.606000,,12,12.000000,False,,False,True
2026,4,Miami Grand Prix,R,4066.253000,OCO,31,ocon,haas,135.341000,6.000000,1.000000,,,45.536000,48.146000,41.659000,3976.501000,4024.647000,4066.306000,193.000000,128.000000,203.000000,142.000000,False,MEDIUM,6.000000,True,Haas F1 Team,3930.912000,,24,12.000000,False,,False,False
2026,4,Miami Grand Prix,R,4195.159000,OCO,31,ocon,haas,128.906000,7.000000,1.000000,,,37.501000,48.150000,43.255000,4103.807000,4151.957000,4195.212000,198.000000,99.000000,246.000000,84.000000,False,MEDIUM,7.000000,True,Haas F1 Team,4066.253000,,4,11.000000,False,,False,False
2026,4,Miami Grand Prix,R,4339.060000,OCO,31,ocon,haas,143.901000,8.000000,1.000000,,,45.215000,58.318000,40.368000,4240.427000,4298.745000,4339.113000,96.000000,53.000000,230.000000,98.000000,False,MEDIUM,8.000000,True,Haas F1 Team,4195.159000,,4,11.000000,False,,False,False
2026,4,Miami Grand Prix,R,4482.215000,OCO,31,ocon,haas,143.155000,9.000000,1.000000,,,44.659000,58.107000,40.389000,4383.772000,4441.879000,4482.268000,97.000000,66.000000,234.000000,150.000000,False,MEDIUM,9.000000,True,Haas F1 Team,4339.060000,,4,11.000000,False,,False,False
2026,4,Miami Grand Prix,R,4622.195000,OCO,31,ocon,haas,139.980000,10.000000,1.000000,,,47.124000,57.919000,34.937000,4529.392000,4587.311000,4622.248000,95.000000,83.000000,239.000000,162.000000,False,MEDIUM,10.000000,True,Haas F1 Team,4482.215000,,4,11.000000,False,,False,False
2026,4,Miami Grand Prix,R,4766.335000,OCO,31,ocon,haas,144.140000,11.000000,1.000000,,,47.089000,46.108000,50.943000,4669.337000,4715.445000,4766.388000,121.000000,128.000000,284.000000,47.000000,False,MEDIUM,11.000000,True,Haas F1 Team,4622.195000,,41,11.000000,False,,False,False
2026,4,Miami Grand Prix,R,4861.548000,OCO,31,ocon,haas,95.213000,12.000000,1.000000,,,33.691000,35.613000,25.909000,4800.079000,4835.692000,4861.601000,210.000000,186.000000,281.000000,301.000000,False,MEDIUM,12.000000,True,Haas F1 Team,4766.335000,,1,11.000000,False,,False,True
2026,4,Miami Grand Prix,R,4956.618000,OCO,31,ocon,haas,95.070000,13.000000,1.000000,,,33.916000,35.390000,25.764000,4895.517000,4930.907000,4956.671000,210.000000,185.000000,276.000000,294.000000,True,MEDIUM,13.000000,True,Haas F1 Team,4861.548000,,1,11.000000,False,,False,True
2026,4,Miami Grand Prix,R,5051.480000,OCO,31,ocon,haas,94.862000,14.000000,1.000000,,,33.690000,35.293000,25.879000,4990.361000,5025.654000,5051.533000,212.000000,184.000000,278.000000,309.000000,True,MEDIUM,14.000000,True,Haas F1 Team,4956.618000,,1,11.000000,False,,False,True
2026,4,Miami Grand Prix,R,5147.145000,OCO,31,ocon,haas,95.665000,15.000000,1.000000,,,34.035000,35.537000,26.093000,5085.568000,5121.105000,5147.198000,211.000000,184.000000,277.000000,321.000000,False,MEDIUM,15.000000,True,Haas F1 Team,5051.480000,,1,12.000000,False,,False,True
2026,4,Miami Grand Prix,R,5242.341000,OCO,31,ocon,haas,95.196000,16.000000,1.000000,,,33.716000,35.456000,26.024000,5180.914000,5216.370000,5242.394000,211.000000,184.000000,281.000000,316.000000,False,MEDIUM,16.000000,True,Haas F1 Team,5147.145000,,12,12.000000,False,,False,True
2026,4,Miami Grand Prix,R,5337.468000,OCO,31,ocon,haas,95.127000,17.000000,1.000000,,,33.727000,35.455000,25.945000,5276.121000,5311.576000,5337.521000,211.000000,184.000000,278.000000,312.000000,False,MEDIUM,17.000000,True,Haas F1 Team,5242.341000,,1,12.000000,False,,False,True
2026,4,Miami Grand Prix,R,5432.694000,OCO,31,ocon,haas,95.226000,18.000000,1.000000,,,33.745000,35.535000,25.946000,5371.266000,5406.801000,5432.747000,210.000000,183.000000,281.000000,315.000000,False,MEDIUM,18.000000,True,Haas F1 Team,5337.468000,,1,12.000000,False,,False,True
2026,4,Miami Grand Prix,R,5527.660000,OCO,31,ocon,haas,94.966000,19.000000,1.000000,,,33.522000,35.479000,25.965000,5466.269000,5501.748000,5527.713000,209.000000,183.000000,281.000000,316.000000,False,MEDIUM,19.000000,True,Haas F1 Team,5432.694000,,1,12.000000,False,,False,True
2026,4,Miami Grand Prix,R,5622.870000,OCO,31,ocon,haas,95.210000,20.000000,1.000000,,,33.664000,35.576000,25.970000,5561.377000,5596.953000,5622.923000,209.000000,182.000000,281.000000,318.000000,False,MEDIUM,20.000000,True,Haas F1 Team,5527.660000,,1,12.000000,False,,False,True
2026,4,Miami Grand Prix,R,5717.987000,OCO,31,ocon,haas,95.117000,21.000000,1.000000,,,33.593000,35.607000,25.917000,5656.516000,5692.123000,5718.040000,209.000000,182.000000,281.000000,316.000000,False,MEDIUM,21.000000,True,Haas F1 Team,5622.870000,,1,11.000000,False,,False,True
2026,4,Miami Grand Prix,R,5814.157000,OCO,31,ocon,haas,96.170000,22.000000,1.000000,,,33.604000,36.195000,26.371000,5751.644000,5787.839000,5814.210000,209.000000,183.000000,283.000000,271.000000,False,MEDIUM,22.000000,True,Haas F1 Team,5717.987000,,1,12.000000,False,,False,True
2026,4,Miami Grand Prix,R,5909.158000,OCO,31,ocon,haas,95.001000,23.000000,1.000000,,,33.681000,35.441000,25.879000,5847.891000,5883.332000,5909.211000,210.000000,183.000000,278.000000,320.000000,False,MEDIUM,23.000000,True,Haas F1 Team,5814.157000,,1,12.000000,False,,False,True
2026,4,Miami Grand Prix,R,6004.371000,OCO,31,ocon,haas,95.213000,24.000000,1.000000,,,33.823000,35.486000,25.904000,5943.034000,5978.520000,6004.424000,212.000000,185.000000,284.000000,315.000000,False,MEDIUM,24.000000,True,Haas F1 Team,5909.158000,,1,12.000000,False,,False,True
2026,4,Miami Grand Prix,R,6099.774000,OCO,31,ocon,haas,95.403000,25.000000,1.000000,,,33.702000,35.717000,25.984000,6038.126000,6073.843000,6099.827000,210.000000,185.000000,282.000000,314.000000,False,MEDIUM,25.000000,True,Haas F1 Team,6004.371000,,1,12.000000,False,,False,True
2026,4,Miami Grand Prix,R,6194.785000,OCO,31,ocon,haas,95.011000,26.000000,1.000000,,,33.447000,35.522000,26.042000,6133.274000,6168.796000,6194.838000,210.000000,184.000000,281.000000,314.000000,False,MEDIUM,26.000000,True,Haas F1 Team,6099.774000,,1,11.000000,False,,False,True
2026,4,Miami Grand Prix,R,6290.254000,OCO,31,ocon,haas,95.469000,27.000000,1.000000,,,33.665000,35.687000,26.117000,6228.503000,6264.190000,6290.307000,208.000000,185.000000,278.000000,309.000000,False,MEDIUM,27.000000,True,Haas F1 Team,6194.785000,,1,10.000000,False,,False,True
2026,4,Miami Grand Prix,R,6385.722000,OCO,31,ocon,haas,95.468000,28.000000,1.000000,,,33.831000,35.598000,26.039000,6324.138000,6359.736000,6385.775000,209.000000,184.000000,281.000000,310.000000,False,MEDIUM,28.000000,True,Haas F1 Team,6290.254000,,1,10.000000,False,,False,True
2026,4,Miami Grand Prix,R,6481.248000,OCO,31,ocon,haas,95.526000,29.000000,1.000000,,,33.511000,35.710000,26.305000,6419.286000,6454.996000,6481.301000,209.000000,184.000000,277.000000,307.000000,False,MEDIUM,29.000000,True,Haas F1 Team,6385.722000,,1,9.000000,False,,False,True
2026,4,Miami Grand Prix,R,6576.641000,OCO,31,ocon,haas,95.393000,30.000000,1.000000,,,33.602000,35.655000,26.136000,6514.903000,6550.558000,6576.694000,209.000000,184.000000,281.000000,306.000000,False,MEDIUM,30.000000,True,Haas F1 Team,6481.248000,,1,9.000000,False,,False,True
2026,4,Miami Grand Prix,R,6676.977000,OCO,31,ocon,haas,100.336000,31.000000,1.000000,,6671.591000,33.441000,35.398000,31.497000,6610.135000,6645.533000,6677.030000,210.000000,186.000000,,310.000000,False,MEDIUM,31.000000,True,Haas F1 Team,6576.641000,,1,10.000000,False,,False,False
2026,4,Miami Grand Prix,R,6786.431000,OCO,31,ocon,haas,109.454000,32.000000,2.000000,6695.658000,,48.709000,34.877000,25.868000,6725.739000,6760.616000,6786.484000,216.000000,191.000000,279.000000,306.000000,False,HARD,1.000000,True,Haas F1 Team,6676.977000,,1,13.000000,False,,False,False
2026,4,Miami Grand Prix,R,6880.143000,OCO,31,ocon,haas,93.712000,33.000000,2.000000,,,32.710000,35.083000,25.919000,6819.194000,6854.277000,6880.196000,215.000000,189.000000,278.000000,305.000000,True,HARD,2.000000,True,Haas F1 Team,6786.431000,,1,12.000000,False,,False,True
2026,4,Miami Grand Prix,R,6974.194000,OCO,31,ocon,haas,94.051000,34.000000,2.000000,,,32.781000,35.359000,25.911000,6912.977000,6948.336000,6974.247000,212.000000,187.000000,279.000000,306.000000,False,HARD,3.000000,True,Haas F1 Team,6880.143000,,1,12.000000,False,,False,True
2026,4,Miami Grand Prix,R,7068.064000,OCO,31,ocon,haas,93.870000,35.000000,2.000000,,,32.718000,35.265000,25.887000,7006.965000,7042.230000,7068.117000,214.000000,186.000000,279.000000,306.000000,False,HARD,4.000000,True,Haas F1 Team,6974.194000,,1,12.000000,False,,False,True
2026,4,Miami Grand Prix,R,7162.314000,OCO,31,ocon,haas,94.250000,36.000000,2.000000,,,32.911000,35.358000,25.981000,7101.028000,7136.386000,7162.367000,212.000000,187.000000,279.000000,305.000000,False,HARD,5.000000,True,Haas F1 Team,7068.064000,,1,12.000000,False,,False,True
2026,4,Miami Grand Prix,R,7256.675000,OCO,31,ocon,haas,94.361000,37.000000,2.000000,,,32.983000,35.361000,26.017000,7195.350000,7230.711000,7256.728000,211.000000,186.000000,279.000000,305.000000,False,HARD,6.000000,True,Haas F1 Team,7162.314000,,1,12.000000,False,,False,True
2026,4,Miami Grand Prix,R,7351.213000,OCO,31,ocon,haas,94.538000,38.000000,2.000000,,,33.133000,35.425000,25.980000,7289.861000,7325.286000,7351.266000,212.000000,186.000000,282.000000,304.000000,False,HARD,7.000000,True,Haas F1 Team,7256.675000,,1,12.000000,False,,False,True
2026,4,Miami Grand Prix,R,7445.642000,OCO,31,ocon,haas,94.429000,39.000000,2.000000,,,33.030000,35.406000,25.993000,7384.296000,7419.702000,7445.695000,212.000000,185.000000,280.000000,305.000000,False,HARD,8.000000,True,Haas F1 Team,7351.213000,,1,12.000000,False,,False,True
2026,4,Miami Grand Prix,R,7540.106000,OCO,31,ocon,haas,94.464000,40.000000,2.000000,,,33.158000,35.392000,25.914000,7478.853000,7514.245000,7540.159000,209.000000,184.000000,282.000000,305.000000,False,HARD,9.000000,True,Haas F1 Team,7445.642000,,1,12.000000,False,,False,True
2026,4,Miami Grand Prix,R,7634.555000,OCO,31,ocon,haas,94.449000,41.000000,2.000000,,,33.009000,35.514000,25.926000,7573.168000,7608.682000,7634.608000,212.000000,187.000000,282.000000,306.000000,False,HARD,10.000000,True,Haas F1 Team,7540.106000,,1,12.000000,False,,False,True
2026,4,Miami Grand Prix,R,7729.144000,OCO,31,ocon,haas,94.589000,42.000000,2.000000,,,33.019000,35.555000,26.015000,7667.627000,7703.182000,7729.197000,212.000000,184.000000,283.000000,308.000000,False,HARD,11.000000,True,Haas F1 Team,7634.555000,,1,12.000000,False,,False,True
2026,4,Miami Grand Prix,R,7823.736000,OCO,31,ocon,haas,94.592000,43.000000,2.000000,,,33.189000,35.412000,25.991000,7762.386000,7797.798000,7823.789000,212.000000,187.000000,282.000000,305.000000,False,HARD,12.000000,True,Haas F1 Team,7729.144000,,1,12.000000,False,,False,True
2026,4,Miami Grand Prix,R,7918.263000,OCO,31,ocon,haas,94.527000,44.000000,2.000000,,,33.040000,35.515000,25.972000,7856.829000,7892.344000,7918.316000,214.000000,186.000000,282.000000,304.000000,False,HARD,13.000000,True,Haas F1 Team,7823.736000,,1,12.000000,False,,False,True
2026,4,Miami Grand Prix,R,8013.069000,OCO,31,ocon,haas,94.806000,45.000000,2.000000,,,32.990000,35.607000,26.209000,7951.306000,7986.913000,8013.122000,211.000000,185.000000,281.000000,303.000000,False,HARD,14.000000,True,Haas F1 Team,7918.263000,,1,12.000000,False,,False,True
2026,4,Miami Grand Prix,R,8108.724000,OCO,31,ocon,haas,95.655000,46.000000,2.000000,,,33.245000,36.421000,25.989000,8046.367000,8082.788000,8108.777000,211.000000,182.000000,288.000000,317.000000,False,HARD,15.000000,True,Haas F1 Team,8013.069000,,1,13.000000,False,,False,True
2026,4,Miami Grand Prix,R,8203.275000,OCO,31,ocon,haas,94.551000,47.000000,2.000000,,,33.415000,35.406000,25.730000,8142.192000,8177.598000,8203.328000,213.000000,183.000000,278.000000,319.000000,False,HARD,16.000000,True,Haas F1 Team,8108.724000,,12,13.000000,False,,False,True
2026,4,Miami Grand Prix,R,8297.535000,OCO,31,ocon,haas,94.260000,48.000000,2.000000,,,33.311000,35.213000,25.736000,8236.639000,8271.852000,8297.588000,210.000000,184.000000,283.000000,319.000000,False,HARD,17.000000,True,Haas F1 Team,8203.275000,,1,13.000000,False,,False,True
2026,4,Miami Grand Prix,R,8391.794000,OCO,31,ocon,haas,94.259000,49.000000,2.000000,,,33.033000,35.459000,25.767000,8330.621000,8366.080000,8391.847000,212.000000,183.000000,286.000000,317.000000,False,HARD,18.000000,True,Haas F1 Team,8297.535000,,1,13.000000,False,,False,True
2026,4,Miami Grand Prix,R,8488.473000,OCO,31,ocon,haas,96.679000,50.000000,2.000000,,,33.093000,37.155000,26.431000,8424.940000,8462.095000,8488.526000,208.000000,183.000000,246.000000,316.000000,False,HARD,19.000000,True,Haas F1 Team,8391.794000,,1,13.000000,False,,False,True
2026,4,Miami Grand Prix,R,8583.326000,OCO,31,ocon,haas,94.853000,51.000000,2.000000,,,33.859000,35.306000,25.688000,8522.385000,8557.691000,8583.379000,210.000000,183.000000,288.000000,317.000000,False,HARD,20.000000,True,Haas F1 Team,8488.473000,,1,13.000000,False,,False,True
2026,4,Miami Grand Prix,R,8677.765000,OCO,31,ocon,haas,94.439000,52.000000,2.000000,,,33.152000,35.399000,25.888000,8616.531000,8651.930000,8677.818000,213.000000,184.000000,282.000000,314.000000,False,HARD,21.000000,True,Haas F1 Team,8583.326000,,1,13.000000,False,,False,True
2026,4,Miami Grand Prix,R,8772.192000,OCO,31,ocon,haas,94.427000,53.000000,2.000000,,,33.012000,35.513000,25.902000,8710.830000,8746.343000,8772.245000,212.000000,184.000000,283.000000,313.000000,False,HARD,22.000000,True,Haas F1 Team,8677.765000,,1,13.000000,False,,False,True
2026,4,Miami Grand Prix,R,8866.316000,OCO,31,ocon,haas,94.124000,54.000000,2.000000,,,33.026000,35.308000,25.790000,8805.271000,8840.579000,8866.369000,213.000000,185.000000,286.000000,312.000000,False,HARD,23.000000,True,Haas F1 Team,8772.192000,,1,13.000000,False,,False,True
2026,4,Miami Grand Prix,R,8960.732000,OCO,31,ocon,haas,94.416000,55.000000,2.000000,,,32.967000,35.547000,25.902000,8899.336000,8934.883000,8960.785000,212.000000,182.000000,285.000000,312.000000,False,HARD,24.000000,True,Haas F1 Team,8866.316000,,1,13.000000,False,,False,True
2026,4,Miami Grand Prix,R,9055.139000,OCO,31,ocon,haas,94.407000,56.000000,2.000000,,,33.071000,35.469000,25.867000,8993.856000,9029.325000,9055.192000,212.000000,186.000000,283.000000,311.000000,False,HARD,25.000000,True,Haas F1 Team,8960.732000,,12,13.000000,False,,False,True
2026,4,Miami Grand Prix,R,3548.542000,LIN,41,arvid_lindblad,rb,106.549000,1.000000,1.000000,,,,37.844000,26.021000,,3522.657000,3548.740000,202.000000,185.000000,276.000000,306.000000,False,MEDIUM,1.000000,True,Racing Bulls,3441.749000,,1,15.000000,False,,False,False
2026,4,Miami Grand Prix,R,3645.282000,LIN,41,arvid_lindblad,rb,96.740000,2.000000,1.000000,,,34.996000,35.818000,25.926000,3583.625000,3619.443000,3645.369000,212.000000,185.000000,268.000000,319.000000,True,MEDIUM,2.000000,True,Racing Bulls,3548.542000,,1,15.000000,False,,False,True
2026,4,Miami Grand Prix,R,3741.492000,LIN,41,arvid_lindblad,rb,96.210000,3.000000,1.000000,,,34.525000,35.732000,25.953000,3679.894000,3715.626000,3741.579000,207.000000,184.000000,257.000000,299.000000,True,MEDIUM,3.000000,True,Racing Bulls,3645.282000,,1,15.000000,False,,False,True
2026,4,Miami Grand Prix,R,3837.147000,LIN,41,arvid_lindblad,rb,95.655000,4.000000,1.000000,,,33.944000,35.655000,26.056000,3775.523000,3811.178000,3837.234000,212.000000,183.000000,263.000000,308.000000,True,MEDIUM,4.000000,True,Racing Bulls,3741.492000,,1,15.000000,False,,False,True
2026,4,Miami Grand Prix,R,3934.270000,LIN,41,arvid_lindblad,rb,97.123000,5.000000,1.000000,,,33.677000,36.382000,27.064000,3870.911000,3907.293000,3934.357000,212.000000,183.000000,263.000000,309.000000,False,MEDIUM,5.000000,True,Racing Bulls,3837.147000,,124,13.000000,False,,False,False
2026,4,Miami Grand Prix,R,4068.478000,LIN,41,arvid_lindblad,rb,134.208000,6.000000,1.000000,,,44.482000,48.237000,41.489000,3978.839000,4027.076000,4068.565000,175.000000,128.000000,211.000000,135.000000,False,MEDIUM,6.000000,True,Racing Bulls,3934.270000,,4,13.000000,False,,False,False
2026,4,Miami Grand Prix,R,4197.183000,LIN,41,arvid_lindblad,rb,128.705000,7.000000,1.000000,,,37.857000,48.280000,42.568000,4106.422000,4154.702000,4197.270000,182.000000,124.000000,221.000000,85.000000,False,MEDIUM,7.000000,True,Racing Bulls,4068.478000,,4,12.000000,False,,False,False
2026,4,Miami Grand Prix,R,4340.171000,LIN,41,arvid_lindblad,rb,142.988000,8.000000,1.000000,,,44.134000,58.493000,40.361000,4241.404000,4299.897000,4340.258000,98.000000,55.000000,204.000000,104.000000,False,MEDIUM,8.000000,True,Racing Bulls,4197.183000,,4,12.000000,False,,False,False
2026,4,Miami Grand Prix,R,4483.367000,LIN,41,arvid_lindblad,rb,143.196000,9.000000,1.000000,,,44.502000,58.409000,40.285000,4384.760000,4443.169000,4483.454000,101.000000,72.000000,208.000000,146.000000,False,MEDIUM,9.000000,True,Racing Bulls,4340.171000,,4,12.000000,False,,False,False
2026,4,Miami Grand Prix,R,4624.311000,LIN,41,arvid_lindblad,rb,140.944000,10.000000,1.000000,,,46.754000,58.795000,35.395000,4530.208000,4589.003000,4624.398000,95.000000,91.000000,218.000000,160.000000,False,MEDIUM,10.000000,True,Racing Bulls,4483.367000,,4,12.000000,False,,False,False
2026,4,Miami Grand Prix,R,4767.004000,LIN,41,arvid_lindblad,rb,142.693000,11.000000,1.000000,,,45.924000,45.661000,51.108000,4670.322000,4715.983000,4767.091000,126.000000,132.000000,275.000000,46.000000,False,MEDIUM,11.000000,True,Racing Bulls,4624.311000,,41,12.000000,False,,False,False
2026,4,Miami Grand Prix,R,4863.780000,LIN,41,arvid_lindblad,rb,96.776000,12.000000,1.000000,,,33.856000,36.820000,26.100000,4800.947000,4837.767000,4863.867000,211.000000,185.000000,265.000000,311.000000,False,MEDIUM,12.000000,True,Racing Bulls,4767.004000,,1,12.000000,False,,False,True
2026,4,Miami Grand Prix,R,4959.486000,LIN,41,arvid_lindblad,rb,95.706000,13.000000,1.000000,,,33.598000,36.345000,25.763000,4897.465000,4933.810000,4959.573000,211.000000,183.000000,271.000000,315.000000,False,MEDIUM,13.000000,True,Racing Bulls,4863.780000,,1,13.000000,False,,False,True
2026,4,Miami Grand Prix,R,5054.719000,LIN,41,arvid_lindblad,rb,95.233000,14.000000,1.000000,,,33.496000,35.842000,25.895000,4993.069000,5028.911000,5054.806000,212.000000,184.000000,269.000000,314.000000,True,MEDIUM,14.000000,True,Racing Bulls,4959.486000,,1,13.000000,False,,False,True
2026,4,Miami Grand Prix,R,5150.883000,LIN,41,arvid_lindblad,rb,96.164000,15.000000,1.000000,,,33.968000,36.037000,26.159000,5088.774000,5124.811000,5150.970000,211.000000,185.000000,266.000000,310.000000,False,MEDIUM,15.000000,True,Racing Bulls,5054.719000,,12,13.000000,False,,False,True
2026,4,Miami Grand Prix,R,5246.700000,LIN,41,arvid_lindblad,rb,95.817000,16.000000,1.000000,,,33.648000,35.857000,26.312000,5184.618000,5220.475000,5246.787000,212.000000,183.000000,265.000000,300.000000,False,MEDIUM,16.000000,True,Racing Bulls,5150.883000,,21,13.000000,False,,False,True
2026,4,Miami Grand Prix,R,5342.650000,LIN,41,arvid_lindblad,rb,95.950000,17.000000,1.000000,,,33.668000,35.841000,26.441000,5280.455000,5316.296000,5342.737000,212.000000,182.000000,257.000000,295.000000,False,MEDIUM,17.000000,True,Racing Bulls,5246.700000,,1,13.000000,False,,False,True
2026,4,Miami Grand Prix,R,5438.590000,LIN,41,arvid_lindblad,rb,95.940000,18.000000,1.000000,,,33.705000,35.777000,26.458000,5376.442000,5412.219000,5438.677000,211.000000,183.000000,267.000000,299.000000,False,MEDIUM,18.000000,True,Racing Bulls,5342.650000,,1,13.000000,False,,False,True
2026,4,Miami Grand Prix,R,5535.455000,LIN,41,arvid_lindblad,rb,96.865000,19.000000,1.000000,,,33.711000,36.688000,26.466000,5472.388000,5509.076000,5535.542000,212.000000,182.000000,269.000000,300.000000,False,MEDIUM,19.000000,True,Racing Bulls,5438.590000,,1,14.000000,False,,False,True
2026,4,Miami Grand Prix,R,5631.877000,LIN,41,arvid_lindblad,rb,96.422000,20.000000,1.000000,,,34.424000,35.772000,26.226000,5569.966000,5605.738000,5631.964000,205.000000,183.000000,253.000000,309.000000,False,MEDIUM,20.000000,True,Racing Bulls,5535.455000,,1,14.000000,False,,False,True
2026,4,Miami Grand Prix,R,5727.889000,LIN,41,arvid_lindblad,rb,96.012000,21.000000,1.000000,,,34.202000,35.567000,26.243000,5666.166000,5701.733000,5727.976000,209.000000,182.000000,252.000000,312.000000,False,MEDIUM,21.000000,True,Racing Bulls,5631.877000,,1,14.000000,False,,False,True
2026,4,Miami Grand Prix,R,5823.842000,LIN,41,arvid_lindblad,rb,95.953000,22.000000,1.000000,,,34.124000,35.530000,26.299000,5762.100000,5797.630000,5823.929000,211.000000,182.000000,252.000000,307.000000,False,MEDIUM,22.000000,True,Racing Bulls,5727.889000,,1,14.000000,False,,False,True
2026,4,Miami Grand Prix,R,5919.540000,LIN,41,arvid_lindblad,rb,95.698000,23.000000,1.000000,,,33.978000,35.373000,26.347000,5857.907000,5893.280000,5919.627000,211.000000,183.000000,251.000000,307.000000,False,MEDIUM,23.000000,True,Racing Bulls,5823.842000,,1,14.000000,False,,False,True
2026,4,Miami Grand Prix,R,6015.431000,LIN,41,arvid_lindblad,rb,95.891000,24.000000,1.000000,,,33.953000,35.552000,26.386000,5953.580000,5989.132000,6015.518000,212.000000,184.000000,250.000000,306.000000,False,MEDIUM,24.000000,True,Racing Bulls,5919.540000,,1,14.000000,False,,False,True
2026,4,Miami Grand Prix,R,6111.469000,LIN,41,arvid_lindblad,rb,96.038000,25.000000,1.000000,,,33.888000,35.680000,26.470000,6049.406000,6085.086000,6111.556000,212.000000,182.000000,248.000000,303.000000,False,MEDIUM,25.000000,True,Racing Bulls,6015.431000,,1,14.000000,False,,False,True
2026,4,Miami Grand Prix,R,6207.304000,LIN,41,arvid_lindblad,rb,95.835000,26.000000,1.000000,,,33.840000,35.591000,26.404000,6145.396000,6180.987000,6207.391000,211.000000,183.000000,250.000000,302.000000,False,MEDIUM,26.000000,True,Racing Bulls,6111.469000,,1,14.000000,False,,False,True
2026,4,Miami Grand Prix,R,6303.374000,LIN,41,arvid_lindblad,rb,96.070000,27.000000,1.000000,,,33.771000,35.800000,26.499000,6241.162000,6276.962000,6303.461000,212.000000,184.000000,267.000000,298.000000,False,MEDIUM,27.000000,True,Racing Bulls,6207.304000,,1,13.000000,False,,False,True
2026,4,Miami Grand Prix,R,6404.297000,LIN,41,arvid_lindblad,rb,100.923000,28.000000,1.000000,,6398.974000,33.437000,35.694000,31.792000,6336.898000,6372.592000,6404.384000,212.000000,184.000000,,295.000000,False,MEDIUM,28.000000,True,Racing Bulls,6303.374000,,1,14.000000,False,,False,False
2026,4,Miami Grand Prix,R,6513.324000,LIN,41,arvid_lindblad,rb,109.027000,29.000000,2.000000,6421.672000,,47.962000,35.117000,25.948000,6452.346000,6487.463000,6513.411000,215.000000,188.000000,266.000000,301.000000,False,HARD,1.000000,True,Racing Bulls,6404.297000,,1,16.000000,False,,False,False
2026,4,Miami Grand Prix,R,6607.382000,LIN,41,arvid_lindblad,rb,94.058000,30.000000,2.000000,,,32.711000,35.166000,26.181000,6546.122000,6581.288000,6607.469000,216.000000,188.000000,261.000000,296.000000,True,HARD,2.000000,True,Racing Bulls,6513.324000,,1,15.000000,False,,False,True
2026,4,Miami Grand Prix,R,6701.557000,LIN,41,arvid_lindblad,rb,94.175000,31.000000,2.000000,,,32.902000,35.173000,26.100000,6640.371000,6675.544000,6701.644000,214.000000,186.000000,264.000000,300.000000,False,HARD,3.000000,True,Racing Bulls,6607.382000,,1,15.000000,False,,False,True
2026,4,Miami Grand Prix,R,6795.935000,LIN,41,arvid_lindblad,rb,94.378000,32.000000,2.000000,,,33.105000,35.231000,26.042000,6734.749000,6769.980000,6796.022000,213.000000,185.000000,266.000000,302.000000,False,HARD,4.000000,True,Racing Bulls,6701.557000,,1,15.000000,False,,False,True
2026,4,Miami Grand Prix,R,6891.006000,LIN,41,arvid_lindblad,rb,95.071000,33.000000,2.000000,,,33.427000,35.369000,26.275000,6829.449000,6864.818000,6891.093000,214.000000,184.000000,265.000000,298.000000,False,HARD,5.000000,True,Racing Bulls,6795.935000,,1,14.000000,False,,False,True
2026,4,Miami Grand Prix,R,6986.029000,LIN,41,arvid_lindblad,rb,95.023000,34.000000,2.000000,,,33.200000,35.599000,26.224000,6924.293000,6959.892000,6986.116000,214.000000,185.000000,265.000000,299.000000,False,HARD,6.000000,True,Racing Bulls,6891.006000,,1,14.000000,False,,False,True
2026,4,Miami Grand Prix,R,7080.893000,LIN,41,arvid_lindblad,rb,94.864000,35.000000,2.000000,,,32.987000,35.510000,26.367000,7019.103000,7054.613000,7080.980000,214.000000,184.000000,261.000000,296.000000,False,HARD,7.000000,True,Racing Bulls,6986.029000,,1,14.000000,False,,False,True
2026,4,Miami Grand Prix,R,7175.756000,LIN,41,arvid_lindblad,rb,94.863000,36.000000,2.000000,,,33.100000,35.574000,26.189000,7114.080000,7149.654000,7175.843000,214.000000,185.000000,268.000000,297.000000,False,HARD,8.000000,True,Racing Bulls,7080.893000,,1,14.000000,False,,False,True
2026,4,Miami Grand Prix,R,7270.814000,LIN,41,arvid_lindblad,rb,95.058000,37.000000,2.000000,,,33.090000,35.633000,26.335000,7208.933000,7244.566000,7270.901000,213.000000,185.000000,267.000000,295.000000,False,HARD,9.000000,True,Racing Bulls,7175.756000,,1,14.000000,False,,False,True
2026,4,Miami Grand Prix,R,7365.543000,LIN,41,arvid_lindblad,rb,94.729000,38.000000,2.000000,,,33.054000,35.359000,26.316000,7303.955000,7339.314000,7365.630000,214.000000,186.000000,264.000000,285.000000,False,HARD,10.000000,True,Racing Bulls,7270.814000,,1,14.000000,False,,False,True
2026,4,Miami Grand Prix,R,7460.091000,LIN,41,arvid_lindblad,rb,94.548000,39.000000,2.000000,,,32.963000,35.428000,26.157000,7398.593000,7434.021000,7460.178000,212.000000,185.000000,267.000000,300.000000,False,HARD,11.000000,True,Racing Bulls,7365.543000,,1,14.000000,False,,False,True
2026,4,Miami Grand Prix,R,7554.772000,LIN,41,arvid_lindblad,rb,94.681000,40.000000,2.000000,,,33.038000,35.381000,26.262000,7493.216000,7528.597000,7554.859000,213.000000,185.000000,270.000000,294.000000,False,HARD,12.000000,True,Racing Bulls,7460.091000,,1,14.000000,False,,False,True
2026,4,Miami Grand Prix,R,7649.448000,LIN,41,arvid_lindblad,rb,94.676000,41.000000,2.000000,,,32.956000,35.391000,26.329000,7587.815000,7623.206000,7649.535000,215.000000,185.000000,264.000000,294.000000,False,HARD,13.000000,True,Racing Bulls,7554.772000,,1,14.000000,False,,False,True
2026,4,Miami Grand Prix,R,7743.958000,LIN,41,arvid_lindblad,rb,94.510000,42.000000,2.000000,,,33.025000,35.390000,26.095000,7682.560000,7717.950000,7744.045000,212.000000,185.000000,270.000000,302.000000,False,HARD,14.000000,True,Racing Bulls,7649.448000,,1,14.000000,False,,False,True
2026,4,Miami Grand Prix,R,7838.644000,LIN,41,arvid_lindblad,rb,94.686000,43.000000,2.000000,,,33.056000,35.481000,26.149000,7777.101000,7812.582000,7838.731000,212.000000,184.000000,273.000000,299.000000,False,HARD,15.000000,True,Racing Bulls,7743.958000,,1,14.000000,False,,False,True
2026,4,Miami Grand Prix,R,7937.061000,LIN,41,arvid_lindblad,rb,98.417000,44.000000,2.000000,,,36.742000,35.518000,26.157000,7875.473000,7910.991000,7937.148000,200.000000,182.000000,267.000000,300.000000,False,HARD,16.000000,True,Racing Bulls,7838.644000,,1,14.000000,False,,False,True
2026,4,Miami Grand Prix,R,8031.659000,LIN,41,arvid_lindblad,rb,94.598000,45.000000,2.000000,,,32.977000,35.471000,26.150000,7970.125000,8005.596000,8031.746000,213.000000,185.000000,266.000000,302.000000,False,HARD,17.000000,True,Racing Bulls,7937.061000,,1,14.000000,False,,False,True
2026,4,Miami Grand Prix,R,8126.237000,LIN,41,arvid_lindblad,rb,94.578000,46.000000,2.000000,,,33.285000,35.354000,25.939000,8065.031000,8100.385000,8126.324000,213.000000,184.000000,276.000000,304.000000,False,HARD,18.000000,True,Racing Bulls,8031.659000,,1,14.000000,False,,False,True
2026,4,Miami Grand Prix,R,8220.816000,LIN,41,arvid_lindblad,rb,94.579000,47.000000,2.000000,,,33.286000,35.476000,25.817000,8159.610000,8195.086000,8220.903000,213.000000,183.000000,276.000000,306.000000,False,HARD,19.000000,True,Racing Bulls,8126.237000,,12,14.000000,False,,False,True
2026,4,Miami Grand Prix,R,8316.174000,LIN,41,arvid_lindblad,rb,95.358000,48.000000,2.000000,,,33.095000,36.076000,26.187000,8253.998000,8290.074000,8316.261000,213.000000,185.000000,277.000000,305.000000,False,HARD,20.000000,True,Racing Bulls,8220.816000,,1,14.000000,False,,False,True
2026,4,Miami Grand Prix,R,8410.992000,LIN,41,arvid_lindblad,rb,94.818000,49.000000,2.000000,,,33.278000,35.525000,26.015000,8349.539000,8385.064000,8411.079000,215.000000,185.000000,273.000000,307.000000,False,HARD,21.000000,True,Racing Bulls,8316.174000,,1,14.000000,False,,False,True
2026,4,Miami Grand Prix,R,8505.597000,LIN,41,arvid_lindblad,rb,94.605000,50.000000,2.000000,,,33.198000,35.331000,26.076000,8444.277000,8479.608000,8505.684000,214.000000,185.000000,279.000000,307.000000,False,HARD,22.000000,True,Racing Bulls,8410.992000,,1,14.000000,False,,False,True
2026,4,Miami Grand Prix,R,8600.150000,LIN,41,arvid_lindblad,rb,94.553000,51.000000,2.000000,,,33.016000,35.470000,26.067000,8538.700000,8574.170000,8600.237000,213.000000,184.000000,275.000000,306.000000,False,HARD,23.000000,True,Racing Bulls,8505.597000,,1,14.000000,False,,False,True
2026,4,Miami Grand Prix,R,8694.448000,LIN,41,arvid_lindblad,rb,94.298000,52.000000,2.000000,,,33.060000,35.245000,25.993000,8633.297000,8668.542000,8694.535000,214.000000,185.000000,278.000000,306.000000,False,HARD,24.000000,True,Racing Bulls,8600.150000,,1,14.000000,False,,False,True
2026,4,Miami Grand Prix,R,8791.791000,LIN,41,arvid_lindblad,rb,97.343000,53.000000,2.000000,,,32.961000,38.400000,25.982000,8727.496000,8765.896000,8791.878000,187.000000,180.000000,274.000000,315.000000,False,HARD,25.000000,True,Racing Bulls,8694.448000,,1,14.000000,False,,False,True
2026,4,Miami Grand Prix,R,8886.623000,LIN,41,arvid_lindblad,rb,94.832000,54.000000,2.000000,,,33.526000,35.336000,25.970000,8825.404000,8860.740000,8886.710000,213.000000,185.000000,277.000000,311.000000,False,HARD,26.000000,True,Racing Bulls,8791.791000,,1,14.000000,False,,False,True
2026,4,Miami Grand Prix,R,8981.105000,LIN,41,arvid_lindblad,rb,94.482000,55.000000,2.000000,,,33.071000,35.335000,26.076000,8919.781000,8955.116000,8981.192000,215.000000,185.000000,280.000000,308.000000,False,HARD,27.000000,True,Racing Bulls,8886.623000,,1,14.000000,False,,False,True
2026,4,Miami Grand Prix,R,9086.047000,LIN,41,arvid_lindblad,rb,104.942000,56.000000,2.000000,,,35.663000,40.132000,29.147000,9016.855000,9056.987000,9086.134000,207.000000,181.000000,214.000000,207.000000,False,HARD,28.000000,True,Racing Bulls,8981.105000,,12,14.000000,False,,False,True
2026,4,Miami Grand Prix,R,3543.549000,COL,43,colapinto,alpine,101.556000,1.000000,1.000000,,,,35.479000,26.585000,,3517.177000,3543.742000,211.000000,181.000000,259.000000,280.000000,False,MEDIUM,1.000000,True,Alpine,3441.749000,,1,7.000000,False,,False,False
2026,4,Miami Grand Prix,R,3637.662000,COL,43,colapinto,alpine,94.113000,2.000000,1.000000,,,33.119000,35.025000,25.969000,3576.745000,3611.770000,3637.739000,211.000000,186.000000,268.000000,309.000000,True,MEDIUM,2.000000,True,Alpine,3543.549000,,1,7.000000,False,,False,True
2026,4,Miami Grand Prix,R,3732.122000,COL,43,colapinto,alpine,94.460000,3.000000,1.000000,,,33.077000,35.266000,26.117000,3670.816000,3706.082000,3732.199000,211.000000,184.000000,258.000000,315.000000,False,MEDIUM,3.000000,True,Alpine,3637.662000,,1,7.000000,False,,False,True
2026,4,Miami Grand Prix,R,3826.461000,COL,43,colapinto,alpine,94.339000,4.000000,1.000000,,,33.100000,35.171000,26.068000,3765.299000,3800.470000,3826.538000,212.000000,185.000000,267.000000,305.000000,False,MEDIUM,4.000000,True,Alpine,3732.122000,,1,7.000000,False,,False,True
2026,4,Miami Grand Prix,R,3921.197000,COL,43,colapinto,alpine,94.736000,5.000000,1.000000,,,33.038000,35.262000,26.436000,3859.576000,3894.838000,3921.274000,212.000000,185.000000,269.000000,275.000000,False,MEDIUM,5.000000,True,Alpine,3826.461000,,12,7.000000,False,,False,True
2026,4,Miami Grand Prix,R,4057.370000,COL,43,colapinto,alpine,136.173000,6.000000,1.000000,,,42.236000,51.997000,41.940000,3963.510000,4015.507000,4057.447000,150.000000,100.000000,228.000000,112.000000,False,MEDIUM,6.000000,True,Alpine,3921.197000,,24,7.000000,False,,False,False
2026,4,Miami Grand Prix,R,4189.366000,COL,43,colapinto,alpine,131.996000,7.000000,1.000000,,,36.807000,53.545000,41.644000,4094.254000,4147.799000,4189.443000,185.000000,91.000000,239.000000,95.000000,False,MEDIUM,7.000000,True,Alpine,4057.370000,,4,7.000000,False,,False,False
2026,4,Miami Grand Prix,R,4332.493000,COL,43,colapinto,alpine,143.127000,8.000000,1.000000,,,47.528000,56.998000,38.601000,4236.971000,4293.969000,4332.570000,91.000000,65.000000,244.000000,102.000000,False,MEDIUM,8.000000,True,Alpine,4189.366000,,4,7.000000,False,,False,False
2026,4,Miami Grand Prix,R,4478.859000,COL,43,colapinto,alpine,146.366000,9.000000,1.000000,,,45.832000,58.158000,42.376000,4378.402000,4436.560000,4478.936000,125.000000,63.000000,219.000000,167.000000,False,MEDIUM,9.000000,True,Alpine,4332.493000,,4,7.000000,False,,False,False
2026,4,Miami Grand Prix,R,4616.992000,COL,43,colapinto,alpine,138.133000,10.000000,1.000000,,,47.025000,57.220000,33.888000,4525.961000,4583.181000,4617.069000,95.000000,69.000000,235.000000,242.000000,False,MEDIUM,10.000000,True,Alpine,4478.859000,,4,7.000000,False,,False,False
2026,4,Miami Grand Prix,R,4764.271000,COL,43,colapinto,alpine,147.279000,11.000000,1.000000,,,48.180000,47.122000,51.977000,4665.249000,4712.371000,4764.348000,91.000000,121.000000,281.000000,57.000000,False,MEDIUM,11.000000,True,Alpine,4616.992000,,41,7.000000,False,,False,False
2026,4,Miami Grand Prix,R,4859.405000,COL,43,colapinto,alpine,95.134000,12.000000,1.000000,,,33.645000,35.491000,25.998000,4797.993000,4833.484000,4859.482000,206.000000,187.000000,274.000000,294.000000,False,MEDIUM,12.000000,True,Alpine,4764.271000,,1,7.000000,False,,False,True
2026,4,Miami Grand Prix,R,4953.651000,COL,43,colapinto,alpine,94.246000,13.000000,1.000000,,,33.068000,35.319000,25.859000,4892.550000,4927.869000,4953.728000,212.000000,184.000000,278.000000,318.000000,False,MEDIUM,13.000000,True,Alpine,4859.405000,,1,7.000000,False,,False,True
2026,4,Miami Grand Prix,R,5047.592000,COL,43,colapinto,alpine,93.941000,14.000000,1.000000,,,32.931000,35.120000,25.890000,4986.659000,5021.779000,5047.669000,213.000000,186.000000,275.000000,318.000000,True,MEDIUM,14.000000,True,Alpine,4953.651000,,1,7.000000,False,,False,True
2026,4,Miami Grand Prix,R,5141.716000,COL,43,colapinto,alpine,94.124000,15.000000,1.000000,,,32.941000,35.360000,25.823000,5080.610000,5115.970000,5141.793000,211.000000,185.000000,273.000000,317.000000,False,MEDIUM,15.000000,True,Alpine,5047.592000,,1,7.000000,False,,False,True
2026,4,Miami Grand Prix,R,5235.853000,COL,43,colapinto,alpine,94.137000,16.000000,1.000000,,,32.925000,35.235000,25.977000,5174.718000,5209.953000,5235.930000,210.000000,183.000000,274.000000,314.000000,False,MEDIUM,16.000000,True,Alpine,5141.716000,,12,7.000000,False,,False,True
2026,4,Miami Grand Prix,R,5330.253000,COL,43,colapinto,alpine,94.400000,17.000000,1.000000,,,33.163000,35.345000,25.892000,5269.093000,5304.438000,5330.330000,212.000000,183.000000,272.000000,317.000000,False,MEDIUM,17.000000,True,Alpine,5235.853000,,1,7.000000,False,,False,True
2026,4,Miami Grand Prix,R,5424.907000,COL,43,colapinto,alpine,94.654000,18.000000,1.000000,,,33.282000,35.335000,26.037000,5363.612000,5398.947000,5424.984000,211.000000,183.000000,279.000000,313.000000,False,MEDIUM,18.000000,True,Alpine,5330.253000,,1,7.000000,False,,False,True
2026,4,Miami Grand Prix,R,5519.412000,COL,43,colapinto,alpine,94.505000,19.000000,1.000000,,,33.058000,35.452000,25.995000,5458.042000,5493.494000,5519.489000,210.000000,184.000000,276.000000,313.000000,False,MEDIUM,19.000000,True,Alpine,5424.907000,,1,7.000000,False,,False,True
2026,4,Miami Grand Prix,R,5614.003000,COL,43,colapinto,alpine,94.591000,20.000000,1.000000,,,33.150000,35.425000,26.016000,5552.639000,5588.064000,5614.080000,211.000000,184.000000,278.000000,311.000000,False,MEDIUM,20.000000,True,Alpine,5519.412000,,1,7.000000,False,,False,True
2026,4,Miami Grand Prix,R,5708.970000,COL,43,colapinto,alpine,94.967000,21.000000,1.000000,,,33.899000,35.270000,25.798000,5647.979000,5683.249000,5709.047000,208.000000,184.000000,279.000000,319.000000,False,MEDIUM,21.000000,True,Alpine,5614.003000,,1,7.000000,False,,False,True
2026,4,Miami Grand Prix,R,5803.245000,COL,43,colapinto,alpine,94.275000,22.000000,1.000000,,,33.198000,35.177000,25.900000,5742.245000,5777.422000,5803.322000,210.000000,184.000000,280.000000,313.000000,False,MEDIUM,22.000000,True,Alpine,5708.970000,,1,6.000000,False,,False,True
2026,4,Miami Grand Prix,R,5897.254000,COL,43,colapinto,alpine,94.009000,23.000000,1.000000,,,32.804000,35.273000,25.932000,5836.126000,5871.399000,5897.331000,208.000000,185.000000,278.000000,315.000000,False,MEDIUM,23.000000,True,Alpine,5803.245000,,1,6.000000,False,,False,True
2026,4,Miami Grand Prix,R,5991.457000,COL,43,colapinto,alpine,94.203000,24.000000,1.000000,,,32.907000,35.347000,25.949000,5930.238000,5965.585000,5991.534000,211.000000,184.000000,278.000000,314.000000,False,MEDIUM,24.000000,True,Alpine,5897.254000,,1,6.000000,False,,False,True
2026,4,Miami Grand Prix,R,6085.694000,COL,43,colapinto,alpine,94.237000,25.000000,1.000000,,,32.884000,35.367000,25.986000,6024.418000,6059.785000,6085.771000,211.000000,187.000000,277.000000,311.000000,False,MEDIUM,25.000000,True,Alpine,5991.457000,,1,6.000000,False,,False,True
2026,4,Miami Grand Prix,R,6179.685000,COL,43,colapinto,alpine,93.991000,26.000000,1.000000,,,32.766000,35.252000,25.973000,6118.537000,6153.789000,6179.762000,212.000000,185.000000,276.000000,312.000000,False,MEDIUM,26.000000,True,Alpine,6085.694000,,1,6.000000,False,,False,True
2026,4,Miami Grand Prix,R,6273.960000,COL,43,colapinto,alpine,94.275000,27.000000,1.000000,,,32.961000,35.272000,26.042000,6212.723000,6247.995000,6274.037000,209.000000,185.000000,278.000000,313.000000,False,MEDIUM,27.000000,True,Alpine,6179.685000,,1,5.000000,False,,False,True
2026,4,Miami Grand Prix,R,6368.351000,COL,43,colapinto,alpine,94.391000,28.000000,1.000000,,,32.939000,35.293000,26.159000,6306.976000,6342.269000,6368.428000,210.000000,186.000000,280.000000,309.000000,False,MEDIUM,28.000000,True,Alpine,6273.960000,,1,5.000000,False,,False,True
2026,4,Miami Grand Prix,R,6462.674000,COL,43,colapinto,alpine,94.323000,29.000000,1.000000,,,32.946000,35.329000,26.048000,6401.374000,6436.703000,6462.751000,210.000000,185.000000,279.000000,310.000000,False,MEDIUM,29.000000,True,Alpine,6368.351000,,1,4.000000,False,,False,True
2026,4,Miami Grand Prix,R,6556.866000,COL,43,colapinto,alpine,94.192000,30.000000,1.000000,,,32.873000,35.332000,25.987000,6495.624000,6530.956000,6556.943000,209.000000,187.000000,281.000000,311.000000,False,MEDIUM,30.000000,True,Alpine,6462.674000,,1,4.000000,False,,False,True
2026,4,Miami Grand Prix,R,6656.298000,COL,43,colapinto,alpine,99.432000,31.000000,1.000000,,6650.804000,32.855000,35.160000,31.417000,6589.798000,6624.958000,6656.375000,206.000000,187.000000,,310.000000,False,MEDIUM,31.000000,True,Alpine,6556.866000,,1,7.000000,False,,False,False
2026,4,Miami Grand Prix,R,6765.024000,COL,43,colapinto,alpine,108.726000,32.000000,2.000000,6673.924000,,48.074000,34.879000,25.773000,6704.449000,6739.328000,6765.101000,213.000000,189.000000,280.000000,309.000000,False,HARD,1.000000,True,Alpine,6656.298000,,1,8.000000,False,,False,False
2026,4,Miami Grand Prix,R,6858.059000,COL,43,colapinto,alpine,93.035000,33.000000,2.000000,,,32.531000,34.849000,25.655000,6797.632000,6832.481000,6858.136000,215.000000,189.000000,278.000000,309.000000,True,HARD,2.000000,True,Alpine,6765.024000,,1,8.000000,False,,False,True
2026,4,Miami Grand Prix,R,6951.129000,COL,43,colapinto,alpine,93.070000,34.000000,2.000000,,,32.333000,34.947000,25.790000,6890.469000,6925.416000,6951.206000,214.000000,188.000000,277.000000,310.000000,False,HARD,3.000000,True,Alpine,6858.059000,,1,8.000000,False,,False,True
2026,4,Miami Grand Prix,R,7044.291000,COL,43,colapinto,alpine,93.162000,35.000000,2.000000,,,32.394000,34.993000,25.775000,6983.600000,7018.593000,7044.368000,213.000000,187.000000,276.000000,311.000000,False,HARD,4.000000,True,Alpine,6951.129000,,1,8.000000,False,,False,True
2026,4,Miami Grand Prix,R,7137.632000,COL,43,colapinto,alpine,93.341000,36.000000,2.000000,,,32.462000,35.088000,25.791000,7076.830000,7111.918000,7137.709000,213.000000,185.000000,277.000000,314.000000,False,HARD,5.000000,True,Alpine,7044.291000,,1,8.000000,False,,False,True
2026,4,Miami Grand Prix,R,7231.388000,COL,43,colapinto,alpine,93.756000,37.000000,2.000000,,,32.709000,35.189000,25.858000,7170.418000,7205.607000,7231.465000,210.000000,184.000000,278.000000,310.000000,False,HARD,6.000000,True,Alpine,7137.632000,,1,8.000000,False,,False,True
2026,4,Miami Grand Prix,R,7325.112000,COL,43,colapinto,alpine,93.724000,38.000000,2.000000,,,32.588000,35.219000,25.917000,7264.053000,7299.272000,7325.189000,211.000000,186.000000,270.000000,309.000000,False,HARD,7.000000,True,Alpine,7231.388000,,1,8.000000,False,,False,True
2026,4,Miami Grand Prix,R,7418.829000,COL,43,colapinto,alpine,93.717000,39.000000,2.000000,,,32.650000,35.135000,25.932000,7357.839000,7392.974000,7418.906000,214.000000,186.000000,280.000000,310.000000,False,HARD,8.000000,True,Alpine,7325.112000,,1,8.000000,False,,False,True
2026,4,Miami Grand Prix,R,7512.563000,COL,43,colapinto,alpine,93.734000,40.000000,2.000000,,,32.566000,35.219000,25.949000,7451.472000,7486.691000,7512.640000,211.000000,185.000000,277.000000,310.000000,False,HARD,9.000000,True,Alpine,7418.829000,,1,8.000000,False,,False,True
2026,4,Miami Grand Prix,R,7606.366000,COL,43,colapinto,alpine,93.803000,41.000000,2.000000,,,32.636000,35.344000,25.823000,7545.276000,7580.620000,7606.443000,212.000000,185.000000,282.000000,310.000000,False,HARD,10.000000,True,Alpine,7512.563000,,1,8.000000,False,,False,True
2026,4,Miami Grand Prix,R,7700.225000,COL,43,colapinto,alpine,93.859000,42.000000,2.000000,,,32.697000,35.298000,25.864000,7639.140000,7674.438000,7700.302000,209.000000,185.000000,281.000000,311.000000,False,HARD,11.000000,True,Alpine,7606.366000,,1,8.000000,False,,False,True
2026,4,Miami Grand Prix,R,7793.641000,COL,43,colapinto,alpine,93.416000,43.000000,2.000000,,,32.498000,35.182000,25.736000,7732.800000,7767.982000,7793.718000,213.000000,185.000000,281.000000,312.000000,False,HARD,12.000000,True,Alpine,7700.225000,,1,8.000000,False,,False,True
2026,4,Miami Grand Prix,R,7887.025000,COL,43,colapinto,alpine,93.384000,44.000000,2.000000,,,32.541000,35.173000,25.670000,7826.259000,7861.432000,7887.102000,211.000000,187.000000,281.000000,316.000000,False,HARD,13.000000,True,Alpine,7793.641000,,1,8.000000,False,,False,True
2026,4,Miami Grand Prix,R,7980.976000,COL,43,colapinto,alpine,93.951000,45.000000,2.000000,,,32.704000,35.293000,25.954000,7919.806000,7955.099000,7981.053000,212.000000,185.000000,278.000000,309.000000,False,HARD,14.000000,True,Alpine,7887.025000,,1,8.000000,False,,False,True
2026,4,Miami Grand Prix,R,8074.588000,COL,43,colapinto,alpine,93.612000,46.000000,2.000000,,,32.605000,35.272000,25.735000,8013.658000,8048.930000,8074.665000,213.000000,186.000000,281.000000,310.000000,False,HARD,15.000000,True,Alpine,7980.976000,,1,8.000000,False,,False,True
2026,4,Miami Grand Prix,R,8167.920000,COL,43,colapinto,alpine,93.332000,47.000000,2.000000,,,32.408000,35.119000,25.805000,8107.073000,8142.192000,8167.997000,213.000000,186.000000,281.000000,311.000000,False,HARD,16.000000,True,Alpine,8074.588000,,12,8.000000,False,,False,True
2026,4,Miami Grand Prix,R,8261.641000,COL,43,colapinto,alpine,93.721000,48.000000,2.000000,,,32.644000,35.271000,25.806000,8200.641000,8235.912000,8261.718000,211.000000,186.000000,281.000000,312.000000,False,HARD,17.000000,True,Alpine,8167.920000,,1,8.000000,False,,False,True
2026,4,Miami Grand Prix,R,8355.021000,COL,43,colapinto,alpine,93.380000,49.000000,2.000000,,,32.431000,35.249000,25.700000,8294.149000,8329.398000,8355.098000,212.000000,185.000000,283.000000,316.000000,False,HARD,18.000000,True,Alpine,8261.641000,,1,8.000000,False,,False,True
2026,4,Miami Grand Prix,R,8449.197000,COL,43,colapinto,alpine,94.176000,50.000000,2.000000,,,32.703000,35.503000,25.970000,8387.801000,8423.304000,8449.274000,210.000000,184.000000,284.000000,307.000000,False,HARD,19.000000,True,Alpine,8355.021000,,1,8.000000,False,,False,True
2026,4,Miami Grand Prix,R,8542.972000,COL,43,colapinto,alpine,93.775000,51.000000,2.000000,,,32.746000,35.302000,25.727000,8482.020000,8517.322000,8543.049000,211.000000,185.000000,283.000000,311.000000,False,HARD,20.000000,True,Alpine,8449.197000,,1,8.000000,False,,False,True
2026,4,Miami Grand Prix,R,8636.763000,COL,43,colapinto,alpine,93.791000,52.000000,2.000000,,,32.407000,35.574000,25.810000,8575.456000,8611.030000,8636.840000,209.000000,186.000000,280.000000,310.000000,False,HARD,21.000000,True,Alpine,8542.972000,,1,8.000000,False,,False,True
2026,4,Miami Grand Prix,R,8730.291000,COL,43,colapinto,alpine,93.528000,53.000000,2.000000,,,32.418000,35.341000,25.769000,8669.258000,8704.599000,8730.368000,213.000000,186.000000,280.000000,310.000000,False,HARD,22.000000,True,Alpine,8636.763000,,1,8.000000,False,,False,True
2026,4,Miami Grand Prix,R,8823.595000,COL,43,colapinto,alpine,93.304000,54.000000,2.000000,,,32.361000,35.101000,25.842000,8762.729000,8797.830000,8823.672000,214.000000,187.000000,280.000000,311.000000,False,HARD,23.000000,True,Alpine,8730.291000,,1,8.000000,False,,False,True
2026,4,Miami Grand Prix,R,8916.930000,COL,43,colapinto,alpine,93.335000,55.000000,2.000000,,,32.504000,35.172000,25.659000,8856.176000,8891.348000,8917.007000,213.000000,184.000000,282.000000,313.000000,False,HARD,24.000000,True,Alpine,8823.595000,,1,8.000000,False,,False,True
2026,4,Miami Grand Prix,R,9009.989000,COL,43,colapinto,alpine,93.059000,56.000000,2.000000,,,32.271000,35.086000,25.702000,8949.278000,8984.364000,9010.066000,211.000000,185.000000,282.000000,319.000000,False,HARD,25.000000,True,Alpine,8916.930000,,12,8.000000,False,,False,True
2026,4,Miami Grand Prix,R,9103.137000,COL,43,colapinto,alpine,93.148000,57.000000,2.000000,,,32.432000,35.270000,25.446000,9042.498000,9077.768000,9103.214000,212.000000,187.000000,268.000000,331.000000,False,HARD,26.000000,True,Alpine,9009.989000,,1,8.000000,False,,False,True
2026,4,Miami Grand Prix,R,3542.676000,HAM,44,hamilton,ferrari,100.683000,1.000000,1.000000,,,,35.479000,25.471000,,3517.439000,3542.725000,215.000000,187.000000,285.000000,301.000000,False,MEDIUM,1.000000,True,Ferrari,3441.749000,,1,6.000000,False,,False,False
2026,4,Miami Grand Prix,R,3636.221000,HAM,44,hamilton,ferrari,93.545000,2.000000,1.000000,,,32.780000,35.071000,25.694000,3575.505000,3610.576000,3636.270000,213.000000,186.000000,272.000000,317.000000,True,MEDIUM,2.000000,True,Ferrari,3542.676000,,1,6.000000,False,,False,True
2026,4,Miami Grand Prix,R,3730.010000,HAM,44,hamilton,ferrari,93.789000,3.000000,1.000000,,,32.999000,35.048000,25.742000,3669.269000,3704.317000,3730.059000,209.000000,186.000000,275.000000,309.000000,False,MEDIUM,3.000000,True,Ferrari,3636.221000,,1,6.000000,False,,False,True
2026,4,Miami Grand Prix,R,3823.981000,HAM,44,hamilton,ferrari,93.971000,4.000000,1.000000,,,33.103000,35.127000,25.741000,3763.162000,3798.289000,3824.030000,207.000000,185.000000,274.000000,314.000000,False,MEDIUM,4.000000,True,Ferrari,3730.010000,,1,6.000000,False,,False,True
2026,4,Miami Grand Prix,R,3918.165000,HAM,44,hamilton,ferrari,94.184000,5.000000,1.000000,,,33.020000,35.272000,25.892000,3857.050000,3892.322000,3918.214000,205.000000,185.000000,277.000000,313.000000,False,MEDIUM,5.000000,True,Ferrari,3823.981000,,12,6.000000,False,,False,True
2026,4,Miami Grand Prix,R,4053.191000,HAM,44,hamilton,ferrari,135.026000,6.000000,1.000000,,,41.582000,54.703000,38.741000,3959.796000,4014.499000,4053.240000,97.000000,102.000000,264.000000,126.000000,False,MEDIUM,6.000000,True,Ferrari,3918.165000,,24,6.000000,False,,False,False
2026,4,Miami Grand Prix,R,4187.461000,HAM,44,hamilton,ferrari,134.270000,7.000000,1.000000,,,36.947000,55.983000,41.340000,4090.187000,4146.170000,4187.510000,108.000000,98.000000,255.000000,108.000000,False,MEDIUM,7.000000,True,Ferrari,4053.191000,,4,6.000000,False,,False,False
2026,4,Miami Grand Prix,R,4330.320000,HAM,44,hamilton,ferrari,142.859000,8.000000,1.000000,,,48.680000,56.568000,37.611000,4236.190000,4292.758000,4330.369000,92.000000,67.000000,274.000000,111.000000,False,MEDIUM,8.000000,True,Ferrari,4187.461000,,4,6.000000,False,,False,False
2026,4,Miami Grand Prix,R,4477.520000,HAM,44,hamilton,ferrari,147.200000,9.000000,1.000000,,,47.245000,57.573000,42.382000,4377.614000,4435.187000,4477.569000,130.000000,64.000000,225.000000,136.000000,False,MEDIUM,9.000000,True,Ferrari,4330.320000,,4,6.000000,False,,False,False
2026,4,Miami Grand Prix,R,4615.410000,HAM,44,hamilton,ferrari,137.890000,10.000000,1.000000,,,47.441000,57.120000,33.329000,4525.010000,4582.130000,4615.459000,106.000000,75.000000,257.000000,243.000000,False,MEDIUM,10.000000,True,Ferrari,4477.520000,,4,6.000000,False,,False,False
2026,4,Miami Grand Prix,R,4763.678000,HAM,44,hamilton,ferrari,148.268000,11.000000,1.000000,,,49.037000,46.595000,52.636000,4664.496000,4711.091000,4763.727000,93.000000,118.000000,286.000000,59.000000,False,MEDIUM,11.000000,True,Ferrari,4615.410000,,41,6.000000,False,,False,False
2026,4,Miami Grand Prix,R,4858.404000,HAM,44,hamilton,ferrari,94.726000,12.000000,1.000000,,,33.883000,35.081000,25.762000,4797.610000,4832.691000,4858.453000,210.000000,186.000000,274.000000,307.000000,False,MEDIUM,12.000000,True,Ferrari,4763.678000,,1,6.000000,False,,False,True
2026,4,Miami Grand Prix,R,4952.158000,HAM,44,hamilton,ferrari,93.754000,13.000000,1.000000,,,33.028000,35.102000,25.624000,4891.481000,4926.583000,4952.207000,209.000000,182.000000,277.000000,320.000000,False,MEDIUM,13.000000,True,Ferrari,4858.404000,,1,6.000000,False,,False,True
2026,4,Miami Grand Prix,R,5045.712000,HAM,44,hamilton,ferrari,93.554000,14.000000,1.000000,,,32.776000,35.070000,25.708000,4984.983000,5020.053000,5045.761000,210.000000,185.000000,274.000000,326.000000,False,MEDIUM,14.000000,True,Ferrari,4952.158000,,1,6.000000,False,,False,True
2026,4,Miami Grand Prix,R,5139.489000,HAM,44,hamilton,ferrari,93.777000,15.000000,1.000000,,,32.951000,35.081000,25.745000,5078.712000,5113.793000,5139.538000,210.000000,183.000000,274.000000,323.000000,False,MEDIUM,15.000000,True,Ferrari,5045.712000,,1,6.000000,False,,False,True
2026,4,Miami Grand Prix,R,5233.194000,HAM,44,hamilton,ferrari,93.705000,16.000000,1.000000,,,32.944000,35.012000,25.749000,5172.482000,5207.494000,5233.243000,211.000000,183.000000,273.000000,318.000000,False,MEDIUM,16.000000,True,Ferrari,5139.489000,,12,6.000000,False,,False,True
2026,4,Miami Grand Prix,R,5327.199000,HAM,44,hamilton,ferrari,94.005000,17.000000,1.000000,,,33.038000,35.293000,25.674000,5266.281000,5301.574000,5327.248000,207.000000,183.000000,275.000000,311.000000,False,MEDIUM,17.000000,True,Ferrari,5233.194000,,1,6.000000,False,,False,True
2026,4,Miami Grand Prix,R,5421.431000,HAM,44,hamilton,ferrari,94.232000,18.000000,1.000000,,,33.188000,35.201000,25.843000,5360.436000,5395.637000,5421.480000,208.000000,182.000000,275.000000,310.000000,False,MEDIUM,18.000000,True,Ferrari,5327.199000,,1,6.000000,False,,False,True
2026,4,Miami Grand Prix,R,5515.455000,HAM,44,hamilton,ferrari,94.024000,19.000000,1.000000,,,33.086000,35.190000,25.748000,5454.566000,5489.756000,5515.504000,206.000000,183.000000,280.000000,319.000000,False,MEDIUM,19.000000,True,Ferrari,5421.431000,,1,6.000000,False,,False,True
2026,4,Miami Grand Prix,R,5609.672000,HAM,44,hamilton,ferrari,94.217000,20.000000,1.000000,,,33.108000,35.284000,25.825000,5548.612000,5583.896000,5609.721000,198.000000,184.000000,276.000000,316.000000,False,MEDIUM,20.000000,True,Ferrari,5515.455000,,1,5.000000,False,,False,True
2026,4,Miami Grand Prix,R,5703.869000,HAM,44,hamilton,ferrari,94.197000,21.000000,1.000000,,,33.075000,35.275000,25.847000,5642.796000,5678.071000,5703.918000,203.000000,184.000000,279.000000,311.000000,False,MEDIUM,21.000000,True,Ferrari,5609.672000,,1,4.000000,False,,False,True
2026,4,Miami Grand Prix,R,5798.036000,HAM,44,hamilton,ferrari,94.167000,22.000000,1.000000,,,33.027000,35.208000,25.932000,5736.945000,5772.153000,5798.085000,205.000000,184.000000,274.000000,308.000000,False,MEDIUM,22.000000,True,Ferrari,5703.869000,,1,4.000000,False,,False,True
2026,4,Miami Grand Prix,R,5891.962000,HAM,44,hamilton,ferrari,93.926000,23.000000,1.000000,,,32.873000,35.150000,25.903000,5830.958000,5866.108000,5892.011000,206.000000,185.000000,276.000000,309.000000,False,MEDIUM,23.000000,True,Ferrari,5798.036000,,1,4.000000,False,,False,True
2026,4,Miami Grand Prix,R,5986.019000,HAM,44,hamilton,ferrari,94.057000,24.000000,1.000000,,,32.839000,35.313000,25.905000,5924.850000,5960.163000,5986.068000,209.000000,185.000000,279.000000,307.000000,False,MEDIUM,24.000000,True,Ferrari,5891.962000,,1,4.000000,False,,False,True
2026,4,Miami Grand Prix,R,6080.209000,HAM,44,hamilton,ferrari,94.190000,25.000000,1.000000,,,32.872000,35.445000,25.873000,6018.940000,6054.385000,6080.258000,205.000000,185.000000,278.000000,308.000000,False,MEDIUM,25.000000,True,Ferrari,5986.019000,,1,4.000000,False,,False,True
2026,4,Miami Grand Prix,R,6175.193000,HAM,44,hamilton,ferrari,94.984000,26.000000,1.000000,,,32.723000,35.577000,26.684000,6112.981000,6148.558000,6175.242000,209.000000,185.000000,279.000000,307.000000,False,MEDIUM,26.000000,True,Ferrari,6080.209000,,1,5.000000,False,,False,True
2026,4,Miami Grand Prix,R,6274.589000,HAM,44,hamilton,ferrari,99.396000,27.000000,1.000000,,6269.200000,33.188000,35.201000,31.007000,6208.430000,6243.631000,6274.638000,204.000000,184.000000,,313.000000,False,MEDIUM,27.000000,True,Ferrari,6175.193000,,1,6.000000,False,,False,False
2026,4,Miami Grand Prix,R,6382.458000,HAM,44,hamilton,ferrari,107.869000,28.000000,2.000000,6292.967000,,47.745000,34.578000,25.546000,6322.383000,6356.961000,6382.507000,216.000000,188.000000,278.000000,310.000000,False,HARD,1.000000,True,Ferrari,6274.589000,,1,8.000000,False,,False,False
2026,4,Miami Grand Prix,R,6475.134000,HAM,44,hamilton,ferrari,92.676000,29.000000,2.000000,,,32.276000,34.769000,25.631000,6414.783000,6449.552000,6475.183000,211.000000,187.000000,279.000000,308.000000,True,HARD,2.000000,True,Ferrari,6382.458000,,1,8.000000,False,,False,True
2026,4,Miami Grand Prix,R,6567.846000,HAM,44,hamilton,ferrari,92.712000,30.000000,2.000000,,,32.284000,34.838000,25.590000,6507.467000,6542.305000,6567.895000,212.000000,187.000000,280.000000,308.000000,False,HARD,3.000000,True,Ferrari,6475.134000,,1,8.000000,False,,False,True
2026,4,Miami Grand Prix,R,6660.710000,HAM,44,hamilton,ferrari,92.864000,31.000000,2.000000,,,32.326000,34.851000,25.687000,6600.221000,6635.072000,6660.759000,211.000000,186.000000,280.000000,308.000000,False,HARD,4.000000,True,Ferrari,6567.846000,,1,8.000000,False,,False,True
2026,4,Miami Grand Prix,R,6753.831000,HAM,44,hamilton,ferrari,93.121000,32.000000,2.000000,,,32.479000,34.874000,25.768000,6693.238000,6728.112000,6753.880000,210.000000,185.000000,276.000000,310.000000,False,HARD,5.000000,True,Ferrari,6660.710000,,1,7.000000,False,,False,True
2026,4,Miami Grand Prix,R,6846.811000,HAM,44,hamilton,ferrari,92.980000,33.000000,2.000000,,,32.395000,34.831000,25.754000,6786.275000,6821.106000,6846.860000,211.000000,186.000000,277.000000,310.000000,False,HARD,6.000000,True,Ferrari,6753.831000,,1,7.000000,False,,False,True
2026,4,Miami Grand Prix,R,6939.985000,HAM,44,hamilton,ferrari,93.174000,34.000000,2.000000,,,32.498000,34.994000,25.682000,6879.358000,6914.352000,6940.034000,213.000000,184.000000,280.000000,318.000000,False,HARD,7.000000,True,Ferrari,6846.811000,,1,7.000000,False,,False,True
2026,4,Miami Grand Prix,R,7032.924000,HAM,44,hamilton,ferrari,92.939000,35.000000,2.000000,,,32.464000,34.927000,25.548000,6972.498000,7007.425000,7032.973000,212.000000,184.000000,277.000000,316.000000,False,HARD,8.000000,True,Ferrari,6939.985000,,1,7.000000,False,,False,True
2026,4,Miami Grand Prix,R,7126.593000,HAM,44,hamilton,ferrari,93.669000,36.000000,2.000000,,,32.603000,35.035000,26.031000,7065.576000,7100.611000,7126.642000,211.000000,185.000000,254.000000,313.000000,False,HARD,9.000000,True,Ferrari,7032.924000,,1,7.000000,False,,False,True
2026,4,Miami Grand Prix,R,7221.396000,HAM,44,hamilton,ferrari,94.803000,37.000000,2.000000,,,32.806000,35.528000,26.469000,7159.448000,7194.976000,7221.445000,209.000000,185.000000,257.000000,303.000000,False,HARD,10.000000,True,Ferrari,7126.593000,,1,7.000000,False,,False,True
2026,4,Miami Grand Prix,R,7314.948000,HAM,44,hamilton,ferrari,93.552000,38.000000,2.000000,,,32.751000,35.043000,25.758000,7254.196000,7289.239000,7314.997000,209.000000,185.000000,285.000000,311.000000,False,HARD,11.000000,True,Ferrari,7221.396000,,1,7.000000,False,,False,True
2026,4,Miami Grand Prix,R,7408.046000,HAM,44,hamilton,ferrari,93.098000,39.000000,2.000000,,,32.350000,35.057000,25.691000,7347.347000,7382.404000,7408.095000,211.000000,186.000000,278.000000,310.000000,False,HARD,12.000000,True,Ferrari,7314.948000,,1,7.000000,False,,False,True
2026,4,Miami Grand Prix,R,7501.497000,HAM,44,hamilton,ferrari,93.451000,40.000000,2.000000,,,32.520000,35.215000,25.716000,7440.615000,7475.830000,7501.546000,210.000000,185.000000,280.000000,311.000000,False,HARD,13.000000,True,Ferrari,7408.046000,,1,7.000000,False,,False,True
2026,4,Miami Grand Prix,R,7594.780000,HAM,44,hamilton,ferrari,93.283000,41.000000,2.000000,,,32.498000,35.061000,25.724000,7534.044000,7569.105000,7594.829000,210.000000,186.000000,281.000000,311.000000,False,HARD,14.000000,True,Ferrari,7501.497000,,1,7.000000,False,,False,True
2026,4,Miami Grand Prix,R,7688.017000,HAM,44,hamilton,ferrari,93.237000,42.000000,2.000000,,,32.407000,35.066000,25.764000,7627.236000,7662.302000,7688.066000,210.000000,186.000000,281.000000,306.000000,False,HARD,15.000000,True,Ferrari,7594.780000,,1,7.000000,False,,False,True
2026,4,Miami Grand Prix,R,7781.146000,HAM,44,hamilton,ferrari,93.129000,43.000000,2.000000,,,32.487000,34.988000,25.654000,7720.553000,7755.541000,7781.195000,212.000000,185.000000,282.000000,313.000000,False,HARD,16.000000,True,Ferrari,7688.017000,,1,7.000000,False,,False,True
2026,4,Miami Grand Prix,R,7874.039000,HAM,44,hamilton,ferrari,92.893000,44.000000,2.000000,,,32.477000,35.037000,25.379000,7813.672000,7848.709000,7874.088000,209.000000,184.000000,286.000000,317.000000,False,HARD,17.000000,True,Ferrari,7781.146000,,1,7.000000,False,,False,True
2026,4,Miami Grand Prix,R,7967.168000,HAM,44,hamilton,ferrari,93.129000,45.000000,2.000000,,,32.469000,34.995000,25.665000,7906.557000,7941.552000,7967.217000,203.000000,186.000000,282.000000,315.000000,False,HARD,18.000000,True,Ferrari,7874.039000,,1,7.000000,False,,False,True
2026,4,Miami Grand Prix,R,8060.303000,HAM,44,hamilton,ferrari,93.135000,46.000000,2.000000,,,32.768000,34.791000,25.576000,7999.985000,8034.776000,8060.352000,205.000000,185.000000,285.000000,312.000000,False,HARD,19.000000,True,Ferrari,7967.168000,,1,7.000000,False,,False,True
2026,4,Miami Grand Prix,R,8153.643000,HAM,44,hamilton,ferrari,93.340000,47.000000,2.000000,,,32.489000,35.128000,25.723000,8092.841000,8127.969000,8153.692000,212.000000,186.000000,278.000000,307.000000,False,HARD,20.000000,True,Ferrari,8060.303000,,12,7.000000,False,,False,True
2026,4,Miami Grand Prix,R,8247.218000,HAM,44,hamilton,ferrari,93.575000,48.000000,2.000000,,,32.536000,35.194000,25.845000,8186.228000,8221.422000,8247.267000,212.000000,185.000000,281.000000,291.000000,False,HARD,21.000000,True,Ferrari,8153.643000,,1,7.000000,False,,False,True
2026,4,Miami Grand Prix,R,8340.853000,HAM,44,hamilton,ferrari,93.635000,49.000000,2.000000,,,32.612000,35.194000,25.829000,8279.879000,8315.073000,8340.902000,210.000000,184.000000,283.000000,292.000000,False,HARD,22.000000,True,Ferrari,8247.218000,,1,7.000000,False,,False,True
2026,4,Miami Grand Prix,R,8434.359000,HAM,44,hamilton,ferrari,93.506000,50.000000,2.000000,,,32.646000,35.170000,25.690000,8373.548000,8408.718000,8434.408000,209.000000,185.000000,286.000000,306.000000,False,HARD,23.000000,True,Ferrari,8340.853000,,1,7.000000,False,,False,True
2026,4,Miami Grand Prix,R,8527.929000,HAM,44,hamilton,ferrari,93.570000,51.000000,2.000000,,,32.477000,35.335000,25.758000,8466.885000,8502.220000,8527.978000,211.000000,184.000000,284.000000,294.000000,False,HARD,24.000000,True,Ferrari,8434.359000,,1,7.000000,False,,False,True
2026,4,Miami Grand Prix,R,8622.563000,HAM,44,hamilton,ferrari,94.634000,52.000000,2.000000,,,33.098000,35.721000,25.815000,8561.076000,8596.797000,8622.612000,210.000000,179.000000,280.000000,301.000000,False,HARD,25.000000,True,Ferrari,8527.929000,,1,7.000000,False,,False,True
2026,4,Miami Grand Prix,R,8716.865000,HAM,44,hamilton,ferrari,94.302000,53.000000,2.000000,,,33.030000,35.476000,25.796000,8655.642000,8691.118000,8716.914000,212.000000,182.000000,282.000000,310.000000,False,HARD,26.000000,True,Ferrari,8622.563000,,1,7.000000,False,,False,True
2026,4,Miami Grand Prix,R,8811.195000,HAM,44,hamilton,ferrari,94.330000,54.000000,2.000000,,,32.720000,35.605000,26.005000,8749.634000,8785.239000,8811.244000,209.000000,182.000000,283.000000,304.000000,False,HARD,27.000000,True,Ferrari,8716.865000,,1,7.000000,False,,False,True
2026,4,Miami Grand Prix,R,8905.502000,HAM,44,hamilton,ferrari,94.307000,55.000000,2.000000,,,32.834000,35.641000,25.832000,8844.078000,8879.719000,8905.551000,211.000000,179.000000,281.000000,304.000000,False,HARD,28.000000,True,Ferrari,8811.195000,,1,7.000000,False,,False,True
2026,4,Miami Grand Prix,R,9000.069000,HAM,44,hamilton,ferrari,94.567000,56.000000,2.000000,,,32.834000,35.640000,26.093000,,8974.025000,9000.118000,206.000000,179.000000,276.000000,309.000000,False,HARD,29.000000,True,Ferrari,8905.502000,,12,7.000000,False,,False,True
2026,4,Miami Grand Prix,R,9095.019000,HAM,44,hamilton,ferrari,94.950000,57.000000,2.000000,,,32.821000,36.114000,26.015000,9032.939000,9069.053000,9095.068000,210.000000,182.000000,276.000000,299.000000,False,HARD,30.000000,True,Ferrari,9000.069000,,1,7.000000,False,,False,True
2026,4,Miami Grand Prix,R,3551.242000,BOR,5,bortoleto,audi,109.249000,1.000000,1.000000,,,,37.806000,26.906000,,3524.575000,3551.374000,187.000000,184.000000,252.000000,288.000000,False,MEDIUM,1.000000,True,Audi,3441.749000,,1,18.000000,False,,False,False
2026,4,Miami Grand Prix,R,3648.041000,BOR,5,bortoleto,audi,96.799000,2.000000,1.000000,,,33.955000,36.040000,26.804000,3585.278000,3621.318000,3648.122000,209.000000,182.000000,253.000000,294.000000,True,MEDIUM,2.000000,True,Audi,3551.242000,,1,19.000000,False,,False,True
2026,4,Miami Grand Prix,R,3744.425000,BOR,5,bortoleto,audi,96.384000,3.000000,1.000000,,,33.959000,36.089000,26.336000,3682.081000,3718.170000,3744.506000,207.000000,181.000000,265.000000,296.000000,True,MEDIUM,3.000000,True,Audi,3648.041000,,1,19.000000,False,,False,True
2026,4,Miami Grand Prix,R,3840.958000,BOR,5,bortoleto,audi,96.533000,4.000000,1.000000,,,34.180000,35.664000,26.689000,3778.686000,3814.350000,3841.039000,203.000000,181.000000,266.000000,300.000000,False,MEDIUM,4.000000,True,Audi,3744.425000,,1,19.000000,False,,False,True
2026,4,Miami Grand Prix,R,3938.237000,BOR,5,bortoleto,audi,97.279000,5.000000,1.000000,,,33.897000,36.094000,27.288000,3874.936000,3911.030000,3938.318000,207.000000,181.000000,207.000000,283.000000,False,MEDIUM,5.000000,True,Audi,3840.958000,,124,15.000000,False,,False,False
2026,4,Miami Grand Prix,R,4073.732000,BOR,5,bortoleto,audi,135.495000,6.000000,1.000000,,,45.499000,50.475000,39.521000,3983.817000,4034.292000,4073.813000,184.000000,121.000000,237.000000,108.000000,False,MEDIUM,6.000000,True,Audi,3938.237000,,4,15.000000,False,,False,False
2026,4,Miami Grand Prix,R,4202.502000,BOR,5,bortoleto,audi,128.770000,7.000000,1.000000,,,39.016000,48.186000,41.568000,4112.829000,4161.015000,4202.583000,191.000000,122.000000,227.000000,90.000000,False,MEDIUM,7.000000,True,Audi,4073.732000,,4,14.000000,False,,False,False
2026,4,Miami Grand Prix,R,4343.253000,BOR,5,bortoleto,audi,140.751000,8.000000,1.000000,,,41.904000,58.134000,40.713000,4244.487000,4302.621000,4343.334000,119.000000,54.000000,190.000000,96.000000,False,MEDIUM,8.000000,True,Audi,4202.502000,,4,14.000000,False,,False,False
2026,4,Miami Grand Prix,R,4485.871000,BOR,5,bortoleto,audi,142.618000,9.000000,1.000000,,,44.019000,58.609000,39.990000,4387.353000,4445.962000,4485.952000,118.000000,115.000000,234.000000,137.000000,False,MEDIUM,9.000000,True,Audi,4343.253000,,4,14.000000,False,,False,False
2026,4,Miami Grand Prix,R,4626.645000,BOR,5,bortoleto,audi,140.774000,10.000000,1.000000,,,46.963000,58.869000,34.942000,4532.915000,4591.784000,4626.726000,101.000000,104.000000,238.000000,153.000000,False,MEDIUM,10.000000,True,Audi,4485.871000,,4,14.000000,False,,False,False
2026,4,Miami Grand Prix,R,4768.149000,BOR,5,bortoleto,audi,141.504000,11.000000,1.000000,,,46.105000,45.160000,50.239000,4672.831000,4717.991000,4768.230000,149.000000,129.000000,263.000000,40.000000,False,MEDIUM,11.000000,True,Audi,4626.645000,,41,14.000000,False,,False,False
2026,4,Miami Grand Prix,R,4865.309000,BOR,5,bortoleto,audi,97.160000,12.000000,1.000000,,,33.726000,36.792000,26.642000,4801.956000,4838.748000,4865.390000,208.000000,182.000000,267.000000,282.000000,False,MEDIUM,12.000000,True,Audi,4768.149000,,1,15.000000,False,,False,True
2026,4,Miami Grand Prix,R,4960.858000,BOR,5,bortoleto,audi,95.549000,13.000000,1.000000,,,33.996000,35.113000,26.440000,4899.386000,4934.499000,4960.939000,211.000000,180.000000,258.000000,301.000000,True,MEDIUM,13.000000,True,Audi,4865.309000,,1,14.000000,False,,False,True
2026,4,Miami Grand Prix,R,5056.665000,BOR,5,bortoleto,audi,95.807000,14.000000,1.000000,,,34.078000,35.269000,26.460000,4995.017000,5030.286000,5056.746000,211.000000,182.000000,258.000000,297.000000,False,MEDIUM,14.000000,True,Audi,4960.858000,,1,14.000000,False,,False,True
2026,4,Miami Grand Prix,R,5152.387000,BOR,5,bortoleto,audi,95.722000,15.000000,1.000000,,,33.653000,35.555000,26.514000,5090.399000,5125.954000,5152.468000,210.000000,181.000000,259.000000,303.000000,False,MEDIUM,15.000000,True,Audi,5056.665000,,12,14.000000,False,,False,True
2026,4,Miami Grand Prix,R,5247.872000,BOR,5,bortoleto,audi,95.485000,16.000000,1.000000,,,33.546000,35.495000,26.444000,5186.014000,5221.509000,5247.953000,210.000000,181.000000,261.000000,301.000000,True,MEDIUM,16.000000,True,Audi,5152.387000,,1,14.000000,False,,False,True
2026,4,Miami Grand Prix,R,5343.365000,BOR,5,bortoleto,audi,95.493000,17.000000,1.000000,,,33.644000,35.456000,26.393000,5281.597000,5317.053000,5343.446000,209.000000,181.000000,267.000000,299.000000,False,MEDIUM,17.000000,True,Audi,5247.872000,,1,14.000000,False,,False,True
2026,4,Miami Grand Prix,R,5439.208000,BOR,5,bortoleto,audi,95.843000,18.000000,1.000000,,,33.675000,35.746000,26.422000,5377.121000,5412.867000,5439.289000,208.000000,180.000000,272.000000,303.000000,False,MEDIUM,18.000000,True,Audi,5343.365000,,1,14.000000,False,,False,True
2026,4,Miami Grand Prix,R,5535.001000,BOR,5,bortoleto,audi,95.793000,19.000000,1.000000,,,33.708000,35.457000,26.628000,5472.997000,5508.454000,5535.082000,207.000000,179.000000,262.000000,291.000000,False,MEDIUM,19.000000,True,Audi,5439.208000,,1,13.000000,False,,False,True
2026,4,Miami Grand Prix,R,5630.790000,BOR,5,bortoleto,audi,95.789000,20.000000,1.000000,,,33.580000,35.773000,26.436000,5568.662000,5604.435000,5630.871000,209.000000,182.000000,266.000000,297.000000,False,MEDIUM,20.000000,True,Audi,5535.001000,,1,13.000000,False,,False,True
2026,4,Miami Grand Prix,R,5725.940000,BOR,5,bortoleto,audi,95.150000,21.000000,1.000000,,,33.331000,35.428000,26.391000,5664.202000,5699.630000,5726.021000,209.000000,182.000000,264.000000,297.000000,True,MEDIUM,21.000000,True,Audi,5630.790000,,1,13.000000,False,,False,True
2026,4,Miami Grand Prix,R,5820.989000,BOR,5,bortoleto,audi,95.049000,22.000000,1.000000,,,33.261000,35.468000,26.320000,5759.282000,5794.750000,5821.070000,208.000000,183.000000,264.000000,297.000000,True,MEDIUM,22.000000,True,Audi,5725.940000,,1,13.000000,False,,False,True
2026,4,Miami Grand Prix,R,5915.642000,BOR,5,bortoleto,audi,94.653000,23.000000,1.000000,,,33.213000,35.117000,26.323000,5854.283000,5889.400000,5915.723000,209.000000,183.000000,263.000000,299.000000,True,MEDIUM,23.000000,True,Audi,5820.989000,,1,13.000000,False,,False,True
2026,4,Miami Grand Prix,R,6010.638000,BOR,5,bortoleto,audi,94.996000,24.000000,1.000000,,,33.352000,35.389000,26.255000,5949.075000,5984.464000,6010.719000,209.000000,183.000000,263.000000,300.000000,False,MEDIUM,24.000000,True,Audi,5915.642000,,1,13.000000,False,,False,True
2026,4,Miami Grand Prix,R,6105.639000,BOR,5,bortoleto,audi,95.001000,25.000000,1.000000,,,33.263000,35.735000,26.003000,6043.982000,6079.717000,6105.720000,203.000000,182.000000,260.000000,310.000000,False,MEDIUM,25.000000,True,Audi,6010.638000,,1,13.000000,False,,False,True
2026,4,Miami Grand Prix,R,6200.550000,BOR,5,bortoleto,audi,94.911000,26.000000,1.000000,,,33.422000,35.448000,26.041000,6139.142000,6174.590000,6200.631000,209.000000,184.000000,257.000000,310.000000,False,MEDIUM,26.000000,True,Audi,6105.639000,,1,13.000000,False,,False,True
2026,4,Miami Grand Prix,R,6295.802000,BOR,5,bortoleto,audi,95.252000,27.000000,1.000000,,,33.419000,35.312000,26.521000,6234.050000,6269.362000,6295.883000,210.000000,182.000000,262.000000,296.000000,False,MEDIUM,27.000000,True,Audi,6200.550000,,1,12.000000,False,,False,True
2026,4,Miami Grand Prix,R,6390.775000,BOR,5,bortoleto,audi,94.973000,28.000000,1.000000,,,33.525000,35.434000,26.014000,6329.408000,6364.842000,6390.856000,210.000000,184.000000,260.000000,309.000000,False,MEDIUM,28.000000,True,Audi,6295.802000,,1,11.000000,False,,False,True
2026,4,Miami Grand Prix,R,6485.798000,BOR,5,bortoleto,audi,95.023000,29.000000,1.000000,,,33.452000,35.513000,26.058000,6424.308000,6459.821000,6485.879000,210.000000,183.000000,261.000000,308.000000,False,MEDIUM,29.000000,True,Audi,6390.775000,,1,10.000000,False,,False,True
2026,4,Miami Grand Prix,R,6580.824000,BOR,5,bortoleto,audi,95.026000,30.000000,1.000000,,,33.372000,35.441000,26.213000,6519.251000,6554.692000,6580.905000,208.000000,184.000000,264.000000,298.000000,False,MEDIUM,30.000000,True,Audi,6485.798000,,1,10.000000,False,,False,True
2026,4,Miami Grand Prix,R,6676.028000,BOR,5,bortoleto,audi,95.204000,31.000000,1.000000,,,33.319000,35.410000,26.475000,6614.224000,6649.634000,6676.109000,210.000000,183.000000,268.000000,297.000000,False,MEDIUM,31.000000,True,Audi,6580.824000,,1,9.000000,False,,False,True
2026,4,Miami Grand Prix,R,6776.500000,BOR,5,bortoleto,audi,100.472000,32.000000,1.000000,,6770.817000,33.276000,35.196000,32.000000,6709.385000,6744.581000,6776.581000,209.000000,183.000000,,305.000000,False,MEDIUM,32.000000,True,Audi,6676.028000,,1,12.000000,False,,False,False
2026,4,Miami Grand Prix,R,6885.329000,BOR,5,bortoleto,audi,108.829000,33.000000,2.000000,6794.743000,,48.591000,34.416000,25.822000,6825.172000,6859.588000,6885.410000,214.000000,185.000000,267.000000,304.000000,False,HARD,1.000000,True,Audi,6776.500000,,1,13.000000,False,,False,False
2026,4,Miami Grand Prix,R,6978.888000,BOR,5,bortoleto,audi,93.559000,34.000000,2.000000,,,32.640000,35.155000,25.764000,6918.050000,6953.205000,6978.969000,213.000000,185.000000,260.000000,309.000000,True,HARD,2.000000,True,Audi,6885.329000,,1,13.000000,False,,False,True
2026,4,Miami Grand Prix,R,7072.790000,BOR,5,bortoleto,audi,93.902000,35.000000,2.000000,,,32.803000,35.163000,25.936000,7011.772000,7046.935000,7072.871000,213.000000,184.000000,264.000000,300.000000,False,HARD,3.000000,True,Audi,6978.888000,,1,13.000000,False,,False,True
2026,4,Miami Grand Prix,R,7166.380000,BOR,5,bortoleto,audi,93.590000,36.000000,2.000000,,,32.445000,35.269000,25.876000,7105.316000,7140.585000,7166.461000,213.000000,186.000000,264.000000,301.000000,False,HARD,4.000000,True,Audi,7072.790000,,1,13.000000,False,,False,True
2026,4,Miami Grand Prix,R,7260.125000,BOR,5,bortoleto,audi,93.745000,37.000000,2.000000,,,32.519000,35.301000,25.925000,7198.980000,7234.281000,7260.206000,213.000000,185.000000,266.000000,301.000000,False,HARD,5.000000,True,Audi,7166.380000,,1,13.000000,False,,False,True
2026,4,Miami Grand Prix,R,7354.057000,BOR,5,bortoleto,audi,93.932000,38.000000,2.000000,,,32.665000,35.359000,25.908000,7292.871000,7328.230000,7354.138000,212.000000,185.000000,265.000000,304.000000,False,HARD,6.000000,True,Audi,7260.125000,,1,13.000000,False,,False,True
2026,4,Miami Grand Prix,R,7448.012000,BOR,5,bortoleto,audi,93.955000,39.000000,2.000000,,,32.807000,35.188000,25.960000,7386.945000,7422.133000,7448.093000,212.000000,185.000000,265.000000,305.000000,False,HARD,7.000000,True,Audi,7354.057000,,1,13.000000,False,,False,True
2026,4,Miami Grand Prix,R,7542.047000,BOR,5,bortoleto,audi,94.035000,40.000000,2.000000,,,32.782000,35.369000,25.884000,7480.875000,7516.244000,7542.128000,212.000000,184.000000,263.000000,304.000000,False,HARD,8.000000,True,Audi,7448.012000,,1,13.000000,False,,False,True
2026,4,Miami Grand Prix,R,7635.686000,BOR,5,bortoleto,audi,93.639000,41.000000,2.000000,,,32.707000,35.255000,25.677000,7574.835000,7610.090000,7635.767000,213.000000,184.000000,265.000000,313.000000,False,HARD,9.000000,True,Audi,7542.047000,,1,13.000000,False,,False,True
2026,4,Miami Grand Prix,R,7729.728000,BOR,5,bortoleto,audi,94.042000,42.000000,2.000000,,,32.881000,35.150000,26.011000,7668.648000,7703.798000,7729.809000,212.000000,182.000000,269.000000,310.000000,False,HARD,10.000000,True,Audi,7635.686000,,1,13.000000,False,,False,True
2026,4,Miami Grand Prix,R,7824.466000,BOR,5,bortoleto,audi,94.738000,43.000000,2.000000,,,33.270000,35.409000,26.059000,7763.079000,7798.488000,7824.547000,210.000000,181.000000,272.000000,302.000000,False,HARD,11.000000,True,Audi,7729.728000,,1,13.000000,False,,False,True
2026,4,Miami Grand Prix,R,7918.976000,BOR,5,bortoleto,audi,94.510000,44.000000,2.000000,,,33.011000,35.519000,25.980000,7857.558000,7893.077000,7919.057000,212.000000,183.000000,271.000000,302.000000,False,HARD,12.000000,True,Audi,7824.466000,,1,13.000000,False,,False,True
2026,4,Miami Grand Prix,R,8013.403000,BOR,5,bortoleto,audi,94.427000,45.000000,2.000000,,,32.871000,35.523000,26.033000,7951.928000,7987.451000,8013.484000,213.000000,183.000000,286.000000,295.000000,False,HARD,13.000000,True,Audi,7918.976000,,1,13.000000,False,,False,True
2026,4,Miami Grand Prix,R,8108.266000,BOR,5,bortoleto,audi,94.863000,46.000000,2.000000,,,33.407000,35.200000,26.256000,8046.891000,8082.091000,8108.347000,213.000000,183.000000,264.000000,291.000000,False,HARD,14.000000,True,Audi,8013.403000,,1,12.000000,False,,False,True
2026,4,Miami Grand Prix,R,8202.437000,BOR,5,bortoleto,audi,94.171000,47.000000,2.000000,,,32.954000,35.407000,25.810000,8141.301000,8176.708000,8202.518000,211.000000,183.000000,261.000000,318.000000,False,HARD,15.000000,True,Audi,8108.266000,,12,12.000000,False,,False,True
2026,4,Miami Grand Prix,R,8296.278000,BOR,5,bortoleto,audi,93.841000,48.000000,2.000000,,,32.777000,35.278000,25.786000,8235.295000,8270.573000,8296.359000,209.000000,183.000000,258.000000,318.000000,False,HARD,16.000000,True,Audi,8202.437000,,1,12.000000,False,,False,True
2026,4,Miami Grand Prix,R,8390.548000,BOR,5,bortoleto,audi,94.270000,49.000000,2.000000,,,32.715000,35.814000,25.741000,8329.074000,8364.888000,8390.629000,213.000000,186.000000,263.000000,319.000000,False,HARD,17.000000,True,Audi,8296.278000,,1,12.000000,False,,False,True
2026,4,Miami Grand Prix,R,8484.957000,BOR,5,bortoleto,audi,94.409000,50.000000,2.000000,,,32.755000,35.723000,25.931000,8423.384000,8459.107000,8485.038000,212.000000,184.000000,266.000000,302.000000,False,HARD,18.000000,True,Audi,8390.548000,,1,12.000000,False,,False,True
2026,4,Miami Grand Prix,R,8580.700000,BOR,5,bortoleto,audi,95.743000,51.000000,2.000000,,,32.917000,36.526000,26.300000,8517.955000,8554.481000,8580.781000,213.000000,179.000000,244.000000,314.000000,False,HARD,19.000000,True,Audi,8484.957000,,1,12.000000,False,,False,True
2026,4,Miami Grand Prix,R,8675.451000,BOR,5,bortoleto,audi,94.751000,52.000000,2.000000,,,33.624000,35.369000,25.758000,8614.405000,8649.774000,8675.532000,213.000000,181.000000,268.000000,315.000000,False,HARD,20.000000,True,Audi,8580.700000,,1,12.000000,False,,False,True
2026,4,Miami Grand Prix,R,8769.305000,BOR,5,bortoleto,audi,93.854000,53.000000,2.000000,,,32.707000,35.332000,25.815000,8708.239000,8743.571000,8769.386000,214.000000,183.000000,266.000000,311.000000,False,HARD,21.000000,True,Audi,8675.451000,,1,12.000000,False,,False,True
2026,4,Miami Grand Prix,R,8863.031000,BOR,5,bortoleto,audi,93.726000,54.000000,2.000000,,,32.656000,35.259000,25.811000,8802.042000,8837.301000,8863.112000,213.000000,184.000000,268.000000,311.000000,False,HARD,22.000000,True,Audi,8769.305000,,1,12.000000,False,,False,True
2026,4,Miami Grand Prix,R,8956.531000,BOR,5,bortoleto,audi,93.500000,55.000000,2.000000,,,32.653000,35.061000,25.786000,8895.765000,8930.826000,8956.612000,212.000000,185.000000,267.000000,312.000000,True,HARD,23.000000,True,Audi,8863.031000,,1,12.000000,False,,False,True
2026,4,Miami Grand Prix,R,9050.619000,BOR,5,bortoleto,audi,94.088000,56.000000,2.000000,,,32.882000,35.313000,25.893000,8989.494000,9024.807000,9050.700000,214.000000,185.000000,275.000000,309.000000,False,HARD,24.000000,True,Audi,8956.531000,,12,12.000000,False,,False,True
2026,4,Miami Grand Prix,R,3547.228000,SAI,55,sainz,williams,105.235000,1.000000,1.000000,,,,36.562000,27.239000,,3520.207000,3547.457000,208.000000,180.000000,251.000000,305.000000,False,MEDIUM,1.000000,True,Williams,3441.749000,,1,11.000000,False,,False,False
2026,4,Miami Grand Prix,R,3643.117000,SAI,55,sainz,williams,95.889000,2.000000,1.000000,,,34.802000,35.030000,26.057000,3582.103000,3617.133000,3643.190000,211.000000,186.000000,256.000000,322.000000,True,MEDIUM,2.000000,True,Williams,3547.228000,,1,12.000000,False,,False,True
2026,4,Miami Grand Prix,R,3738.412000,SAI,55,sainz,williams,95.295000,3.000000,1.000000,,,34.279000,35.056000,25.960000,3677.469000,3712.525000,3738.485000,211.000000,185.000000,254.000000,314.000000,True,MEDIUM,3.000000,True,Williams,3643.117000,,1,12.000000,False,,False,True
2026,4,Miami Grand Prix,R,3833.256000,SAI,55,sainz,williams,94.844000,4.000000,1.000000,,,34.167000,34.955000,25.722000,3772.652000,3807.607000,3833.329000,212.000000,185.000000,264.000000,321.000000,True,MEDIUM,4.000000,True,Williams,3738.412000,,1,12.000000,False,,False,True
2026,4,Miami Grand Prix,R,3929.937000,SAI,55,sainz,williams,96.681000,5.000000,1.000000,,,34.299000,35.643000,26.739000,3867.628000,3903.271000,3930.010000,208.000000,184.000000,258.000000,290.000000,False,MEDIUM,5.000000,True,Williams,3833.256000,,12,10.000000,False,,False,True
2026,4,Miami Grand Prix,R,4064.238000,SAI,55,sainz,williams,134.301000,6.000000,1.000000,,,43.913000,47.461000,42.927000,3973.923000,4021.384000,4064.311000,176.000000,130.000000,205.000000,120.000000,False,MEDIUM,6.000000,True,Williams,3929.937000,,24,10.000000,False,,False,False
2026,4,Miami Grand Prix,R,4192.662000,SAI,55,sainz,williams,128.424000,7.000000,1.000000,,,37.028000,49.207000,42.189000,4101.339000,4150.546000,4192.735000,176.000000,92.000000,244.000000,80.000000,False,MEDIUM,7.000000,True,Williams,4064.238000,,4,9.000000,False,,False,False
2026,4,Miami Grand Prix,R,4337.320000,SAI,55,sainz,williams,144.658000,8.000000,1.000000,,,46.192000,57.307000,41.159000,4238.927000,4296.234000,4337.393000,94.000000,63.000000,223.000000,91.000000,False,MEDIUM,8.000000,True,Williams,4192.662000,,4,9.000000,False,,False,False
2026,4,Miami Grand Prix,R,4480.610000,SAI,55,sainz,williams,143.290000,9.000000,1.000000,,,44.337000,57.019000,41.934000,4381.730000,4438.749000,4480.683000,110.000000,68.000000,222.000000,123.000000,False,MEDIUM,9.000000,True,Williams,4337.320000,,4,9.000000,False,,False,False
2026,4,Miami Grand Prix,R,4620.849000,SAI,55,sainz,williams,140.239000,10.000000,1.000000,,,47.092000,57.138000,36.009000,4527.775000,4584.913000,4620.922000,91.000000,85.000000,224.000000,161.000000,False,MEDIUM,10.000000,True,Williams,4480.610000,,4,9.000000,False,,False,False
2026,4,Miami Grand Prix,R,4765.212000,SAI,55,sainz,williams,144.363000,11.000000,1.000000,,,46.368000,46.694000,51.301000,4667.290000,4713.984000,4765.285000,120.000000,123.000000,269.000000,48.000000,False,MEDIUM,11.000000,True,Williams,4620.849000,,41,9.000000,False,,False,False
2026,4,Miami Grand Prix,R,4860.373000,SAI,55,sainz,williams,95.161000,12.000000,1.000000,,,33.837000,35.506000,25.818000,4799.122000,4834.628000,4860.446000,213.000000,186.000000,259.000000,321.000000,False,MEDIUM,12.000000,True,Williams,4765.212000,,1,9.000000,False,,False,True
2026,4,Miami Grand Prix,R,4955.257000,SAI,55,sainz,williams,94.884000,13.000000,1.000000,,,33.952000,35.201000,25.731000,4894.398000,4929.599000,4955.330000,211.000000,184.000000,271.000000,317.000000,False,MEDIUM,13.000000,True,Williams,4860.373000,,1,9.000000,False,,False,True
2026,4,Miami Grand Prix,R,5049.235000,SAI,55,sainz,williams,93.978000,14.000000,1.000000,,,33.339000,34.981000,25.658000,4988.669000,5023.650000,5049.308000,210.000000,184.000000,271.000000,319.000000,True,MEDIUM,14.000000,True,Williams,4955.257000,,1,9.000000,False,,False,True
2026,4,Miami Grand Prix,R,5143.458000,SAI,55,sainz,williams,94.223000,15.000000,1.000000,,,33.518000,34.855000,25.850000,5082.826000,5117.681000,5143.531000,212.000000,184.000000,261.000000,314.000000,False,MEDIUM,15.000000,True,Williams,5049.235000,,1,8.000000,False,,False,True
2026,4,Miami Grand Prix,R,5238.225000,SAI,55,sainz,williams,94.767000,16.000000,1.000000,,,33.601000,35.206000,25.960000,5177.132000,5212.338000,5238.298000,211.000000,184.000000,265.000000,317.000000,False,MEDIUM,16.000000,True,Williams,5143.458000,,12,8.000000,False,,False,True
2026,4,Miami Grand Prix,R,5333.044000,SAI,55,sainz,williams,94.819000,17.000000,1.000000,,,33.444000,35.308000,26.067000,5271.742000,5307.050000,5333.117000,212.000000,182.000000,267.000000,315.000000,False,MEDIUM,17.000000,True,Williams,5238.225000,,1,8.000000,False,,False,True
2026,4,Miami Grand Prix,R,5428.507000,SAI,55,sainz,williams,95.463000,18.000000,1.000000,,,34.208000,35.321000,25.934000,5367.325000,5402.646000,5428.580000,210.000000,182.000000,269.000000,316.000000,False,MEDIUM,18.000000,True,Williams,5333.044000,,1,9.000000,False,,False,True
2026,4,Miami Grand Prix,R,5523.280000,SAI,55,sainz,williams,94.773000,19.000000,1.000000,,,33.519000,35.300000,25.954000,5462.099000,5497.399000,5523.353000,210.000000,183.000000,272.000000,317.000000,False,MEDIUM,19.000000,True,Williams,5428.507000,,1,9.000000,False,,False,True
2026,4,Miami Grand Prix,R,5618.080000,SAI,55,sainz,williams,94.800000,20.000000,1.000000,,,33.525000,35.315000,25.960000,5556.878000,5592.193000,5618.153000,210.000000,183.000000,278.000000,315.000000,False,MEDIUM,20.000000,True,Williams,5523.280000,,1,9.000000,False,,False,True
2026,4,Miami Grand Prix,R,5713.048000,SAI,55,sainz,williams,94.968000,21.000000,1.000000,,,33.466000,35.401000,26.101000,5651.619000,5687.020000,5713.121000,211.000000,185.000000,264.000000,312.000000,False,MEDIUM,21.000000,True,Williams,5618.080000,,1,8.000000,False,,False,True
2026,4,Miami Grand Prix,R,5807.649000,SAI,55,sainz,williams,94.601000,22.000000,1.000000,,,33.346000,35.241000,26.014000,5746.467000,5781.708000,5807.722000,209.000000,185.000000,273.000000,312.000000,False,MEDIUM,22.000000,True,Williams,5713.048000,,1,7.000000,False,,False,True
2026,4,Miami Grand Prix,R,5902.300000,SAI,55,sainz,williams,94.651000,23.000000,1.000000,,,33.307000,35.237000,26.107000,5841.029000,5876.266000,5902.373000,210.000000,185.000000,272.000000,311.000000,False,MEDIUM,23.000000,True,Williams,5807.649000,,1,7.000000,False,,False,True
2026,4,Miami Grand Prix,R,5996.924000,SAI,55,sainz,williams,94.624000,24.000000,1.000000,,,33.253000,35.284000,26.087000,5935.626000,5970.910000,5996.997000,210.000000,184.000000,270.000000,311.000000,False,MEDIUM,24.000000,True,Williams,5902.300000,,1,7.000000,False,,False,True
2026,4,Miami Grand Prix,R,6092.221000,SAI,55,sainz,williams,95.297000,25.000000,1.000000,,,33.334000,35.903000,26.060000,6030.331000,6066.234000,6092.294000,211.000000,185.000000,275.000000,309.000000,False,MEDIUM,25.000000,True,Williams,5996.924000,,1,7.000000,False,,False,True
2026,4,Miami Grand Prix,R,6188.357000,SAI,55,sainz,williams,96.136000,26.000000,1.000000,,,33.381000,36.239000,26.516000,6125.675000,6161.914000,6188.430000,212.000000,184.000000,273.000000,299.000000,False,MEDIUM,26.000000,True,Williams,6092.221000,,1,9.000000,False,,False,True
2026,4,Miami Grand Prix,R,6283.199000,SAI,55,sainz,williams,94.842000,27.000000,1.000000,,,33.668000,35.249000,25.925000,6222.098000,6257.347000,6283.272000,210.000000,184.000000,277.000000,318.000000,False,MEDIUM,27.000000,True,Williams,6188.357000,,1,9.000000,False,,False,True
2026,4,Miami Grand Prix,R,6383.059000,SAI,55,sainz,williams,99.860000,28.000000,1.000000,,6377.667000,33.553000,35.338000,30.969000,6316.825000,6352.163000,6383.132000,211.000000,184.000000,,313.000000,False,MEDIUM,28.000000,True,Williams,6283.199000,,1,9.000000,False,,False,False
2026,4,Miami Grand Prix,R,6491.593000,SAI,55,sainz,williams,108.534000,29.000000,2.000000,6401.365000,,48.320000,34.474000,25.740000,6431.452000,6465.926000,6491.666000,218.000000,190.000000,275.000000,310.000000,False,HARD,1.000000,True,Williams,6383.059000,,1,11.000000,False,,False,False
2026,4,Miami Grand Prix,R,6584.619000,SAI,55,sainz,williams,93.026000,30.000000,2.000000,,,32.706000,34.713000,25.607000,6524.372000,6559.085000,6584.692000,214.000000,187.000000,273.000000,314.000000,True,HARD,2.000000,True,Williams,6491.593000,,1,11.000000,False,,False,True
2026,4,Miami Grand Prix,R,6677.930000,SAI,55,sainz,williams,93.311000,31.000000,2.000000,,,32.807000,34.819000,25.685000,6617.499000,6652.318000,6678.003000,214.000000,186.000000,277.000000,315.000000,False,HARD,3.000000,True,Williams,6584.619000,,1,11.000000,False,,False,True
2026,4,Miami Grand Prix,R,6771.667000,SAI,55,sainz,williams,93.737000,32.000000,2.000000,,,33.028000,34.886000,25.823000,6711.031000,6745.917000,6771.740000,212.000000,187.000000,260.000000,319.000000,False,HARD,4.000000,True,Williams,6677.930000,,1,9.000000,False,,False,True
2026,4,Miami Grand Prix,R,6865.214000,SAI,55,sainz,williams,93.547000,33.000000,2.000000,,,32.983000,34.738000,25.826000,6804.723000,6839.461000,6865.287000,213.000000,185.000000,281.000000,309.000000,False,HARD,5.000000,True,Williams,6771.667000,,1,9.000000,False,,False,True
2026,4,Miami Grand Prix,R,6959.256000,SAI,55,sainz,williams,94.042000,34.000000,2.000000,,,32.919000,35.205000,25.918000,6898.206000,6933.411000,6959.329000,213.000000,186.000000,275.000000,308.000000,False,HARD,6.000000,True,Williams,6865.214000,,1,9.000000,False,,False,True
2026,4,Miami Grand Prix,R,7053.224000,SAI,55,sainz,williams,93.968000,35.000000,2.000000,,,32.789000,35.303000,25.876000,6992.118000,7027.421000,7053.297000,212.000000,184.000000,274.000000,309.000000,False,HARD,7.000000,True,Williams,6959.256000,,1,9.000000,False,,False,True
2026,4,Miami Grand Prix,R,7147.042000,SAI,55,sainz,williams,93.818000,36.000000,2.000000,,,32.821000,35.152000,25.845000,7086.118000,7121.270000,7147.115000,212.000000,186.000000,272.000000,310.000000,False,HARD,8.000000,True,Williams,7053.224000,,1,9.000000,False,,False,True
2026,4,Miami Grand Prix,R,7241.124000,SAI,55,sainz,williams,94.082000,37.000000,2.000000,,,32.907000,35.259000,25.916000,7180.022000,7215.281000,7241.197000,210.000000,186.000000,271.000000,311.000000,False,HARD,9.000000,True,Williams,7147.042000,,1,9.000000,False,,False,True
2026,4,Miami Grand Prix,R,7335.361000,SAI,55,sainz,williams,94.237000,38.000000,2.000000,,,33.089000,35.232000,25.916000,7274.286000,7309.518000,7335.434000,211.000000,184.000000,275.000000,311.000000,False,HARD,10.000000,True,Williams,7241.124000,,1,9.000000,False,,False,True
2026,4,Miami Grand Prix,R,7429.595000,SAI,55,sainz,williams,94.234000,39.000000,2.000000,,,33.097000,35.183000,25.954000,7368.531000,7403.714000,7429.668000,213.000000,184.000000,280.000000,315.000000,False,HARD,11.000000,True,Williams,7335.361000,,1,9.000000,False,,False,True
2026,4,Miami Grand Prix,R,7523.583000,SAI,55,sainz,williams,93.988000,40.000000,2.000000,,,33.087000,35.018000,25.883000,7462.755000,7497.773000,7523.656000,209.000000,184.000000,280.000000,310.000000,False,HARD,12.000000,True,Williams,7429.595000,,1,9.000000,False,,False,True
2026,4,Miami Grand Prix,R,7617.898000,SAI,55,sainz,williams,94.315000,41.000000,2.000000,,,33.181000,35.204000,25.930000,7556.837000,7592.041000,7617.971000,210.000000,184.000000,274.000000,309.000000,False,HARD,13.000000,True,Williams,7523.583000,,1,9.000000,False,,False,True
2026,4,Miami Grand Prix,R,7712.292000,SAI,55,sainz,williams,94.394000,42.000000,2.000000,,,33.046000,35.349000,25.999000,7651.017000,7686.366000,7712.365000,209.000000,185.000000,273.000000,308.000000,False,HARD,14.000000,True,Williams,7617.898000,,1,9.000000,False,,False,True
2026,4,Miami Grand Prix,R,7806.533000,SAI,55,sainz,williams,94.241000,43.000000,2.000000,,,33.051000,35.254000,25.936000,7745.416000,7780.670000,7806.606000,212.000000,185.000000,275.000000,309.000000,False,HARD,15.000000,True,Williams,7712.292000,,1,9.000000,False,,False,True
2026,4,Miami Grand Prix,R,7900.399000,SAI,55,sainz,williams,93.866000,44.000000,2.000000,,,32.919000,34.999000,25.948000,7839.525000,7874.524000,7900.472000,213.000000,185.000000,275.000000,309.000000,False,HARD,16.000000,True,Williams,7806.533000,,1,9.000000,False,,False,True
2026,4,Miami Grand Prix,R,7994.445000,SAI,55,sainz,williams,94.046000,45.000000,2.000000,,,33.018000,35.061000,25.967000,7933.490000,7968.551000,7994.518000,213.000000,186.000000,277.000000,309.000000,False,HARD,17.000000,True,Williams,7900.399000,,1,9.000000,False,,False,True
2026,4,Miami Grand Prix,R,8088.515000,SAI,55,sainz,williams,94.070000,46.000000,2.000000,,,33.012000,35.133000,25.925000,8027.530000,8062.663000,8088.588000,213.000000,185.000000,276.000000,310.000000,False,HARD,18.000000,True,Williams,7994.445000,,1,9.000000,False,,False,True
2026,4,Miami Grand Prix,R,8182.493000,SAI,55,sainz,williams,93.978000,47.000000,2.000000,,,32.969000,35.085000,25.924000,8121.557000,8156.642000,8182.566000,213.000000,184.000000,277.000000,311.000000,False,HARD,19.000000,True,Williams,8088.515000,,12,9.000000,False,,False,True
2026,4,Miami Grand Prix,R,8276.497000,SAI,55,sainz,williams,94.004000,48.000000,2.000000,,,32.957000,35.209000,25.838000,8215.523000,8250.732000,8276.570000,213.000000,185.000000,279.000000,313.000000,False,HARD,20.000000,True,Williams,8182.493000,,1,9.000000,False,,False,True
2026,4,Miami Grand Prix,R,8370.477000,SAI,55,sainz,williams,93.980000,49.000000,2.000000,,,32.875000,35.208000,25.897000,8309.445000,8344.653000,8370.550000,213.000000,184.000000,272.000000,312.000000,False,HARD,21.000000,True,Williams,8276.497000,,1,9.000000,False,,False,True
2026,4,Miami Grand Prix,R,8464.370000,SAI,55,sainz,williams,93.893000,50.000000,2.000000,,,32.934000,35.121000,25.838000,8403.484000,8438.605000,8464.443000,213.000000,184.000000,278.000000,313.000000,False,HARD,22.000000,True,Williams,8370.477000,,1,9.000000,False,,False,True
2026,4,Miami Grand Prix,R,8558.472000,SAI,55,sainz,williams,94.102000,51.000000,2.000000,,,33.144000,35.195000,25.763000,8497.587000,8532.782000,8558.545000,210.000000,187.000000,275.000000,313.000000,False,HARD,23.000000,True,Williams,8464.370000,,1,9.000000,False,,False,True
2026,4,Miami Grand Prix,R,8652.644000,SAI,55,sainz,williams,94.172000,52.000000,2.000000,,,33.030000,35.313000,25.829000,8591.575000,8626.888000,8652.717000,212.000000,186.000000,277.000000,315.000000,False,HARD,24.000000,True,Williams,8558.472000,,1,9.000000,False,,False,True
2026,4,Miami Grand Prix,R,8746.633000,SAI,55,sainz,williams,93.989000,53.000000,2.000000,,,32.995000,35.256000,25.738000,8685.712000,8720.968000,8746.706000,214.000000,185.000000,282.000000,317.000000,False,HARD,25.000000,True,Williams,8652.644000,,1,9.000000,False,,False,True
2026,4,Miami Grand Prix,R,8840.491000,SAI,55,sainz,williams,93.858000,54.000000,2.000000,,,33.020000,35.100000,25.738000,8779.726000,8814.826000,8840.564000,213.000000,186.000000,280.000000,318.000000,False,HARD,26.000000,True,Williams,8746.633000,,1,9.000000,False,,False,True
2026,4,Miami Grand Prix,R,8934.442000,SAI,55,sainz,williams,93.951000,55.000000,2.000000,,,33.050000,35.202000,25.699000,8873.614000,8908.816000,8934.515000,213.000000,186.000000,279.000000,319.000000,False,HARD,27.000000,True,Williams,8840.491000,,1,9.000000,False,,False,True
2026,4,Miami Grand Prix,R,9028.783000,SAI,55,sainz,williams,94.341000,56.000000,2.000000,,,33.202000,35.225000,25.914000,8967.717000,9002.942000,9028.856000,215.000000,184.000000,277.000000,318.000000,False,HARD,28.000000,True,Williams,8934.442000,,12,9.000000,False,,False,True
2026,4,Miami Grand Prix,R,9123.338000,SAI,55,sainz,williams,94.555000,57.000000,2.000000,,,33.396000,35.308000,25.851000,9062.252000,9097.560000,9123.411000,214.000000,184.000000,279.000000,316.000000,False,HARD,29.000000,True,Williams,9028.783000,,1,9.000000,False,,False,True
2026,4,Miami Grand Prix,R,3551.620000,HAD,6,hadjar,red_bull,109.627000,1.000000,1.000000,3451.308000,,,38.922000,25.914000,,3525.829000,3551.620000,196.000000,181.000000,262.000000,314.000000,False,HARD,1.000000,True,Red Bull Racing,3441.749000,,1,19.000000,False,,False,False
2026,4,Miami Grand Prix,R,3647.688000,HAD,6,hadjar,red_bull,96.068000,2.000000,1.000000,,,33.998000,36.071000,25.999000,3585.618000,3621.689000,3647.688000,206.000000,183.000000,262.000000,289.000000,True,HARD,2.000000,True,Red Bull Racing,3551.620000,,1,18.000000,False,,False,True
2026,4,Miami Grand Prix,R,3742.876000,HAD,6,hadjar,red_bull,95.188000,3.000000,1.000000,,,33.917000,35.496000,25.775000,3681.605000,3717.101000,3742.876000,207.000000,183.000000,260.000000,324.000000,True,HARD,3.000000,True,Red Bull Racing,3647.688000,,1,16.000000,False,,False,True
2026,4,Miami Grand Prix,R,3837.709000,HAD,6,hadjar,red_bull,94.833000,4.000000,1.000000,,,33.538000,35.375000,25.920000,3776.414000,3811.789000,3837.709000,208.000000,182.000000,262.000000,312.000000,True,HARD,4.000000,True,Red Bull Racing,3742.876000,,1,16.000000,False,,False,True
2026,4,Miami Grand Prix,R,3987.709000,HAD,6,hadjar,red_bull,,5.000000,1.000000,,,,,,,,,,,,,,HARD,5.000000,True,Red Bull Racing,3837.709000,,124,,False,,True,False
2026,4,Miami Grand Prix,R,3541.251000,RUS,63,russell,mercedes,99.258000,1.000000,1.000000,,,,34.730000,25.557000,,3515.802000,3541.509000,213.000000,186.000000,257.000000,331.000000,False,MEDIUM,1.000000,True,Mercedes,3441.749000,,1,5.000000,False,,False,False
2026,4,Miami Grand Prix,R,3634.445000,RUS,63,russell,mercedes,93.194000,2.000000,1.000000,,,33.022000,34.637000,25.535000,3574.321000,3608.958000,3634.493000,213.000000,187.000000,283.000000,322.000000,True,MEDIUM,2.000000,True,Mercedes,3541.251000,,1,5.000000,False,,False,True
2026,4,Miami Grand Prix,R,3728.019000,RUS,63,russell,mercedes,93.574000,3.000000,1.000000,,,32.852000,34.905000,25.817000,3667.345000,3702.250000,3728.067000,213.000000,186.000000,263.000000,317.000000,False,MEDIUM,3.000000,True,Mercedes,3634.445000,,1,4.000000,False,,False,True
2026,4,Miami Grand Prix,R,3821.892000,RUS,63,russell,mercedes,93.873000,4.000000,1.000000,,,32.893000,34.913000,26.067000,3760.960000,3795.873000,3821.940000,212.000000,186.000000,263.000000,313.000000,False,MEDIUM,4.000000,True,Mercedes,3728.019000,,1,4.000000,False,,False,True
2026,4,Miami Grand Prix,R,3915.729000,RUS,63,russell,mercedes,93.837000,5.000000,1.000000,,,32.666000,35.055000,26.116000,3854.606000,3889.661000,3915.777000,211.000000,186.000000,259.000000,316.000000,False,MEDIUM,5.000000,True,Mercedes,3821.892000,,12,4.000000,False,,False,True
2026,4,Miami Grand Prix,R,4046.657000,RUS,63,russell,mercedes,130.928000,6.000000,1.000000,,,42.079000,50.039000,38.810000,3957.856000,4007.895000,4046.705000,112.000000,105.000000,242.000000,74.000000,False,MEDIUM,6.000000,True,Mercedes,3915.729000,,24,4.000000,False,,False,False
2026,4,Miami Grand Prix,R,4184.141000,RUS,63,russell,mercedes,137.484000,7.000000,1.000000,,,41.531000,55.300000,40.653000,4088.236000,4143.536000,4184.189000,136.000000,97.000000,229.000000,124.000000,False,MEDIUM,7.000000,True,Mercedes,4046.657000,,4,4.000000,False,,False,False
2026,4,Miami Grand Prix,R,4327.091000,RUS,63,russell,mercedes,142.950000,8.000000,1.000000,,,50.101000,55.634000,37.215000,4234.290000,4289.924000,4327.139000,86.000000,73.000000,238.000000,117.000000,False,MEDIUM,8.000000,True,Mercedes,4184.141000,,4,4.000000,False,,False,False
2026,4,Miami Grand Prix,R,4474.536000,RUS,63,russell,mercedes,147.445000,9.000000,1.000000,,,48.471000,56.496000,42.478000,4375.610000,4432.106000,4474.584000,150.000000,70.000000,231.000000,143.000000,False,MEDIUM,9.000000,True,Mercedes,4327.091000,,4,4.000000,False,,False,False
2026,4,Miami Grand Prix,R,4612.929000,RUS,63,russell,mercedes,138.393000,10.000000,1.000000,,,48.656000,56.276000,33.461000,4523.240000,4579.516000,4612.977000,115.000000,77.000000,254.000000,172.000000,False,MEDIUM,10.000000,True,Mercedes,4474.536000,,4,4.000000,False,,False,False
2026,4,Miami Grand Prix,R,4762.887000,RUS,63,russell,mercedes,149.958000,11.000000,1.000000,,,49.351000,47.238000,53.369000,4662.328000,4709.566000,4762.935000,132.000000,107.000000,253.000000,62.000000,False,MEDIUM,11.000000,True,Mercedes,4612.929000,,41,4.000000,False,,False,False
2026,4,Miami Grand Prix,R,4857.838000,RUS,63,russell,mercedes,94.951000,12.000000,1.000000,,,34.169000,34.829000,25.953000,4797.104000,4831.933000,4857.886000,212.000000,187.000000,260.000000,305.000000,False,MEDIUM,12.000000,True,Mercedes,4762.887000,,1,5.000000,False,,False,True
2026,4,Miami Grand Prix,R,4951.421000,RUS,63,russell,mercedes,93.583000,13.000000,1.000000,,,32.744000,35.089000,25.750000,4890.630000,4925.719000,4951.469000,208.000000,186.000000,274.000000,313.000000,False,MEDIUM,13.000000,True,Mercedes,4857.838000,,1,5.000000,False,,False,True
2026,4,Miami Grand Prix,R,5045.239000,RUS,63,russell,mercedes,93.818000,14.000000,1.000000,,,32.804000,35.067000,25.947000,4984.273000,5019.340000,5045.287000,208.000000,186.000000,266.000000,320.000000,False,MEDIUM,14.000000,True,Mercedes,4951.421000,,1,5.000000,False,,False,True
2026,4,Miami Grand Prix,R,5138.734000,RUS,63,russell,mercedes,93.495000,15.000000,1.000000,,,32.665000,35.069000,25.761000,5077.952000,5113.021000,5138.782000,212.000000,185.000000,271.000000,317.000000,False,MEDIUM,15.000000,True,Mercedes,5045.239000,,1,5.000000,False,,False,True
2026,4,Miami Grand Prix,R,5232.299000,RUS,63,russell,mercedes,93.565000,16.000000,1.000000,,,32.708000,34.962000,25.895000,5171.490000,5206.452000,5232.347000,211.000000,185.000000,258.000000,320.000000,False,MEDIUM,16.000000,True,Mercedes,5138.734000,,12,5.000000,False,,False,True
2026,4,Miami Grand Prix,R,5326.289000,RUS,63,russell,mercedes,93.990000,17.000000,1.000000,,,32.802000,35.385000,25.803000,5265.149000,5300.534000,5326.337000,211.000000,183.000000,276.000000,324.000000,False,MEDIUM,17.000000,True,Mercedes,5232.299000,,1,5.000000,False,,False,True
2026,4,Miami Grand Prix,R,5420.347000,RUS,63,russell,mercedes,94.058000,18.000000,1.000000,,,33.056000,35.137000,25.865000,5359.393000,5394.530000,5420.395000,209.000000,184.000000,266.000000,323.000000,False,MEDIUM,18.000000,True,Mercedes,5326.289000,,1,5.000000,False,,False,True
2026,4,Miami Grand Prix,R,5514.220000,RUS,63,russell,mercedes,93.873000,19.000000,1.000000,,,32.939000,35.158000,25.776000,5453.334000,5488.492000,5514.268000,207.000000,184.000000,276.000000,312.000000,False,MEDIUM,19.000000,True,Mercedes,5420.347000,,1,5.000000,False,,False,True
2026,4,Miami Grand Prix,R,5613.334000,RUS,63,russell,mercedes,99.114000,20.000000,1.000000,,5608.001000,32.987000,35.077000,31.050000,5547.255000,5582.332000,5613.382000,211.000000,185.000000,,319.000000,False,MEDIUM,20.000000,True,Mercedes,5514.220000,,1,6.000000,False,,False,False
2026,4,Miami Grand Prix,R,5719.307000,RUS,63,russell,mercedes,105.973000,21.000000,2.000000,5629.953000,,46.129000,34.405000,25.439000,5659.511000,5693.916000,5719.355000,216.000000,190.000000,253.000000,332.000000,False,HARD,1.000000,True,Mercedes,5613.334000,,1,12.000000,False,,False,False
2026,4,Miami Grand Prix,R,5811.943000,RUS,63,russell,mercedes,92.636000,22.000000,2.000000,,,32.687000,34.455000,25.494000,5752.042000,5786.497000,5811.991000,214.000000,187.000000,290.000000,326.000000,True,HARD,2.000000,True,Mercedes,5719.307000,,1,10.000000,False,,False,True
2026,4,Miami Grand Prix,R,5905.695000,RUS,63,russell,mercedes,93.752000,23.000000,2.000000,,,32.843000,35.148000,25.761000,5844.834000,5879.982000,5905.743000,212.000000,187.000000,277.000000,318.000000,False,HARD,3.000000,True,Mercedes,5811.943000,,1,9.000000,False,,False,True
2026,4,Miami Grand Prix,R,6000.058000,RUS,63,russell,mercedes,94.363000,24.000000,2.000000,,,33.614000,35.004000,25.745000,5939.357000,5974.361000,6000.106000,209.000000,186.000000,274.000000,315.000000,False,HARD,4.000000,True,Mercedes,5905.695000,,1,8.000000,False,,False,True
2026,4,Miami Grand Prix,R,6093.127000,RUS,63,russell,mercedes,93.069000,25.000000,2.000000,,,32.511000,35.007000,25.551000,6032.617000,6067.624000,6093.175000,211.000000,188.000000,275.000000,322.000000,False,HARD,5.000000,True,Mercedes,6000.058000,,1,8.000000,False,,False,True
2026,4,Miami Grand Prix,R,6186.550000,RUS,63,russell,mercedes,93.423000,26.000000,2.000000,,,32.833000,34.695000,25.895000,6126.008000,6160.703000,6186.598000,213.000000,186.000000,270.000000,310.000000,False,HARD,6.000000,True,Mercedes,6093.127000,,1,7.000000,False,,False,True
2026,4,Miami Grand Prix,R,6279.755000,RUS,63,russell,mercedes,93.205000,27.000000,2.000000,,,32.599000,34.749000,25.857000,6219.197000,6253.946000,6279.803000,211.000000,187.000000,268.000000,310.000000,False,HARD,7.000000,True,Mercedes,6186.550000,,1,7.000000,False,,False,True
2026,4,Miami Grand Prix,R,6372.712000,RUS,63,russell,mercedes,92.957000,28.000000,2.000000,,,32.441000,34.633000,25.883000,6312.244000,6346.877000,6372.760000,213.000000,187.000000,264.000000,311.000000,False,HARD,8.000000,True,Mercedes,6279.755000,,1,6.000000,False,,False,True
2026,4,Miami Grand Prix,R,6465.618000,RUS,63,russell,mercedes,92.906000,29.000000,2.000000,,,32.525000,34.607000,25.774000,6405.285000,6439.892000,6465.666000,212.000000,186.000000,270.000000,313.000000,False,HARD,9.000000,True,Mercedes,6372.712000,,1,5.000000,False,,False,True
2026,4,Miami Grand Prix,R,6559.257000,RUS,63,russell,mercedes,93.639000,30.000000,2.000000,,,33.013000,34.850000,25.776000,6498.679000,6533.529000,6559.305000,212.000000,186.000000,252.000000,328.000000,False,HARD,10.000000,True,Mercedes,6465.618000,,1,5.000000,False,,False,True
2026,4,Miami Grand Prix,R,6653.491000,RUS,63,russell,mercedes,94.234000,31.000000,2.000000,,,33.604000,34.783000,25.847000,6592.909000,6627.692000,6653.539000,212.000000,184.000000,250.000000,333.000000,False,HARD,11.000000,True,Mercedes,6559.257000,,1,5.000000,False,,False,True
2026,4,Miami Grand Prix,R,6746.817000,RUS,63,russell,mercedes,93.326000,32.000000,2.000000,,,33.032000,34.492000,25.802000,6686.571000,6721.063000,6746.865000,210.000000,185.000000,258.000000,320.000000,False,HARD,12.000000,True,Mercedes,6653.491000,,1,5.000000,False,,False,True
2026,4,Miami Grand Prix,R,6840.364000,RUS,63,russell,mercedes,93.547000,33.000000,2.000000,,,33.039000,34.820000,25.688000,6779.904000,6814.724000,6840.412000,214.000000,185.000000,285.000000,318.000000,False,HARD,13.000000,True,Mercedes,6746.817000,,1,5.000000,False,,False,True
2026,4,Miami Grand Prix,R,6934.694000,RUS,63,russell,mercedes,94.330000,34.000000,2.000000,,,33.083000,34.937000,26.310000,6873.495000,6908.432000,6934.742000,212.000000,185.000000,277.000000,302.000000,False,HARD,14.000000,True,Mercedes,6840.364000,,1,5.000000,False,,False,True
2026,4,Miami Grand Prix,R,7029.646000,RUS,63,russell,mercedes,94.952000,35.000000,2.000000,,,33.681000,34.827000,26.444000,6968.423000,7003.250000,7029.694000,213.000000,185.000000,267.000000,289.000000,False,HARD,15.000000,True,Mercedes,6934.694000,,1,6.000000,False,,False,True
2026,4,Miami Grand Prix,R,7123.368000,RUS,63,russell,mercedes,93.722000,36.000000,2.000000,,,32.909000,35.094000,25.719000,7062.603000,7097.697000,7123.416000,211.000000,185.000000,271.000000,320.000000,False,HARD,16.000000,True,Mercedes,7029.646000,,1,6.000000,False,,False,True
2026,4,Miami Grand Prix,R,7216.571000,RUS,63,russell,mercedes,93.203000,37.000000,2.000000,,,32.780000,34.870000,25.553000,7156.196000,7191.066000,7216.619000,212.000000,184.000000,277.000000,323.000000,False,HARD,17.000000,True,Mercedes,7123.368000,,1,6.000000,False,,False,True
2026,4,Miami Grand Prix,R,7309.808000,RUS,63,russell,mercedes,93.237000,38.000000,2.000000,,,32.689000,34.943000,25.605000,7249.308000,7284.251000,7309.856000,212.000000,185.000000,282.000000,318.000000,False,HARD,18.000000,True,Mercedes,7216.571000,,1,6.000000,False,,False,True
2026,4,Miami Grand Prix,R,7402.785000,RUS,63,russell,mercedes,92.977000,39.000000,2.000000,,,32.380000,34.876000,25.721000,7342.236000,7377.112000,7402.833000,213.000000,185.000000,281.000000,317.000000,False,HARD,19.000000,True,Mercedes,7309.808000,,1,6.000000,False,,False,True
2026,4,Miami Grand Prix,R,7495.962000,RUS,63,russell,mercedes,93.177000,40.000000,2.000000,,,32.518000,35.030000,25.629000,7435.351000,7470.381000,7496.010000,211.000000,185.000000,280.000000,315.000000,False,HARD,20.000000,True,Mercedes,7402.785000,,1,6.000000,False,,False,True
2026,4,Miami Grand Prix,R,7588.860000,RUS,63,russell,mercedes,92.898000,41.000000,2.000000,,,32.517000,34.805000,25.576000,7528.527000,7563.332000,7588.908000,212.000000,187.000000,280.000000,318.000000,False,HARD,21.000000,True,Mercedes,7495.962000,,1,6.000000,False,,False,True
2026,4,Miami Grand Prix,R,7682.058000,RUS,63,russell,mercedes,93.198000,42.000000,2.000000,,,32.502000,34.916000,25.780000,7621.410000,7656.326000,7682.106000,211.000000,186.000000,273.000000,317.000000,False,HARD,22.000000,True,Mercedes,7588.860000,,1,6.000000,False,,False,True
2026,4,Miami Grand Prix,R,7775.351000,RUS,63,russell,mercedes,93.293000,43.000000,2.000000,,,32.571000,35.038000,25.684000,7714.677000,7749.715000,7775.399000,212.000000,187.000000,279.000000,319.000000,False,HARD,23.000000,True,Mercedes,7682.058000,,1,6.000000,False,,False,True
2026,4,Miami Grand Prix,R,7869.098000,RUS,63,russell,mercedes,93.747000,44.000000,2.000000,,,32.575000,35.405000,25.767000,7807.974000,7843.379000,7869.146000,211.000000,186.000000,274.000000,313.000000,False,HARD,24.000000,True,Mercedes,7775.351000,,1,6.000000,False,,False,True
2026,4,Miami Grand Prix,R,7962.168000,RUS,63,russell,mercedes,93.070000,45.000000,2.000000,,,32.510000,34.887000,25.673000,7901.656000,7936.543000,7962.216000,212.000000,187.000000,275.000000,313.000000,False,HARD,25.000000,True,Mercedes,7869.098000,,1,6.000000,False,,False,True
2026,4,Miami Grand Prix,R,8055.470000,RUS,63,russell,mercedes,93.302000,46.000000,2.000000,,,32.508000,34.979000,25.815000,7994.724000,8029.703000,8055.518000,212.000000,187.000000,279.000000,313.000000,False,HARD,26.000000,True,Mercedes,7962.168000,,1,6.000000,False,,False,True
2026,4,Miami Grand Prix,R,8148.731000,RUS,63,russell,mercedes,93.261000,47.000000,2.000000,,,32.491000,35.063000,25.707000,8088.009000,8123.072000,8148.779000,213.000000,186.000000,280.000000,313.000000,False,HARD,27.000000,True,Mercedes,8055.470000,,1,6.000000,False,,False,True
2026,4,Miami Grand Prix,R,8242.003000,RUS,63,russell,mercedes,93.272000,48.000000,2.000000,,,32.603000,34.938000,25.731000,8181.382000,8216.320000,8242.051000,213.000000,187.000000,277.000000,315.000000,False,HARD,28.000000,True,Mercedes,8148.731000,,12,6.000000,False,,False,True
2026,4,Miami Grand Prix,R,8334.744000,RUS,63,russell,mercedes,92.741000,49.000000,2.000000,,,32.328000,34.767000,25.646000,8274.379000,8309.146000,8334.792000,214.000000,185.000000,280.000000,316.000000,False,HARD,29.000000,True,Mercedes,8242.003000,,1,6.000000,False,,False,True
2026,4,Miami Grand Prix,R,8427.445000,RUS,63,russell,mercedes,92.701000,50.000000,2.000000,,,32.411000,34.709000,25.581000,8367.203000,8401.912000,8427.493000,214.000000,187.000000,278.000000,316.000000,False,HARD,30.000000,True,Mercedes,8334.744000,,1,6.000000,False,,False,True
2026,4,Miami Grand Prix,R,8520.252000,RUS,63,russell,mercedes,92.807000,51.000000,2.000000,,,32.364000,34.920000,25.523000,8459.857000,8494.777000,8520.300000,214.000000,186.000000,283.000000,322.000000,False,HARD,31.000000,True,Mercedes,8427.445000,,1,6.000000,False,,False,True
2026,4,Miami Grand Prix,R,8613.129000,RUS,63,russell,mercedes,92.877000,52.000000,2.000000,,,32.334000,35.100000,25.443000,8552.634000,8587.734000,8613.177000,213.000000,188.000000,283.000000,321.000000,False,HARD,32.000000,True,Mercedes,8520.252000,,1,6.000000,False,,False,True
2026,4,Miami Grand Prix,R,8705.575000,RUS,63,russell,mercedes,92.446000,53.000000,2.000000,,,32.127000,34.890000,25.429000,8645.304000,8680.194000,8705.623000,213.000000,185.000000,281.000000,324.000000,True,HARD,33.000000,True,Mercedes,8613.129000,,1,6.000000,False,,False,True
2026,4,Miami Grand Prix,R,8799.385000,RUS,63,russell,mercedes,93.810000,54.000000,2.000000,,,32.840000,35.120000,25.850000,8738.463000,8773.583000,8799.433000,214.000000,186.000000,286.000000,310.000000,False,HARD,34.000000,True,Mercedes,8705.575000,,1,6.000000,False,,False,True
2026,4,Miami Grand Prix,R,8895.588000,RUS,63,russell,mercedes,96.203000,55.000000,2.000000,,,33.883000,35.665000,26.655000,8833.316000,8868.981000,8895.636000,211.000000,184.000000,253.000000,327.000000,False,HARD,35.000000,True,Mercedes,8799.385000,,1,6.000000,False,,False,True
2026,4,Miami Grand Prix,R,8989.775000,RUS,63,russell,mercedes,94.187000,56.000000,2.000000,,,33.226000,35.525000,25.436000,8928.862000,8964.387000,8989.823000,210.000000,184.000000,265.000000,331.000000,False,HARD,36.000000,True,Mercedes,8895.588000,,1,5.000000,False,,False,True
2026,4,Miami Grand Prix,R,9084.317000,RUS,63,russell,mercedes,94.542000,57.000000,2.000000,,,32.860000,35.629000,26.053000,9022.683000,9058.312000,9084.365000,214.000000,183.000000,273.000000,334.000000,False,HARD,37.000000,True,Mercedes,8989.775000,,12,4.000000,False,,False,True
2026,4,Miami Grand Prix,R,3552.487000,BOT,77,bottas,cadillac,110.494000,1.000000,1.000000,,,,39.110000,26.234000,,3526.366000,3552.525000,195.000000,186.000000,284.000000,293.000000,False,MEDIUM,1.000000,True,Cadillac,3441.749000,,1,21.000000,False,,False,False
2026,4,Miami Grand Prix,R,3649.275000,BOT,77,bottas,cadillac,96.788000,2.000000,1.000000,,,34.971000,35.873000,25.944000,3587.496000,3623.369000,3649.313000,212.000000,187.000000,276.000000,306.000000,True,MEDIUM,2.000000,True,Cadillac,3552.487000,,1,21.000000,False,,False,True
2026,4,Miami Grand Prix,R,3745.882000,BOT,77,bottas,cadillac,96.607000,3.000000,1.000000,,,34.590000,36.087000,25.930000,3683.903000,3719.990000,3745.920000,209.000000,185.000000,277.000000,307.000000,True,MEDIUM,3.000000,True,Cadillac,3649.275000,,1,21.000000,False,,False,True
2026,4,Miami Grand Prix,R,3842.499000,BOT,77,bottas,cadillac,96.617000,4.000000,1.000000,,,34.585000,36.051000,25.981000,3780.505000,3816.556000,3842.537000,207.000000,185.000000,277.000000,302.000000,False,MEDIUM,4.000000,True,Cadillac,3745.882000,,1,21.000000,False,,False,True
2026,4,Miami Grand Prix,R,3945.141000,BOT,77,bottas,cadillac,102.642000,5.000000,1.000000,,,34.423000,36.772000,31.447000,3876.960000,3913.732000,3945.179000,206.000000,185.000000,83.000000,281.000000,False,MEDIUM,5.000000,True,Cadillac,3842.499000,,124,18.000000,False,,False,False
2026,4,Miami Grand Prix,R,4082.470000,BOT,77,bottas,cadillac,137.329000,6.000000,1.000000,,4077.173000,44.266000,51.216000,41.847000,3989.445000,4040.661000,4082.508000,192.000000,160.000000,,98.000000,False,MEDIUM,6.000000,True,Cadillac,3945.141000,,4,18.000000,False,,False,False
2026,4,Miami Grand Prix,R,4211.170000,BOT,77,bottas,cadillac,128.700000,7.000000,2.000000,4100.692000,,51.346000,41.493000,35.861000,4133.854000,4175.347000,4211.208000,179.000000,158.000000,233.000000,123.000000,False,SOFT,1.000000,True,Cadillac,4082.470000,,4,18.000000,False,,False,False
2026,4,Miami Grand Prix,R,4351.312000,BOT,77,bottas,cadillac,140.142000,8.000000,2.000000,,,38.863000,59.037000,42.242000,4250.071000,4309.108000,4351.350000,153.000000,56.000000,268.000000,122.000000,False,SOFT,2.000000,True,Cadillac,4211.170000,,4,18.000000,False,,False,False
2026,4,Miami Grand Prix,R,4495.165000,BOT,77,bottas,cadillac,143.853000,9.000000,2.000000,,,40.627000,63.467000,39.759000,4391.977000,4455.444000,4495.203000,136.000000,85.000000,272.000000,175.000000,False,SOFT,3.000000,True,Cadillac,4351.312000,,4,18.000000,False,,False,False
2026,4,Miami Grand Prix,R,4633.283000,BOT,77,bottas,cadillac,138.118000,10.000000,2.000000,,,42.340000,61.164000,34.614000,4537.543000,4598.707000,4633.321000,99.000000,59.000000,251.000000,165.000000,False,SOFT,4.000000,True,Cadillac,4495.165000,,4,18.000000,False,,False,False
2026,4,Miami Grand Prix,R,4770.103000,BOT,77,bottas,cadillac,136.820000,11.000000,2.000000,,,44.735000,46.705000,45.380000,4678.056000,4724.761000,4770.141000,159.000000,181.000000,285.000000,43.000000,False,SOFT,5.000000,True,Cadillac,4633.283000,,41,18.000000,False,,False,False
2026,4,Miami Grand Prix,R,4866.522000,BOT,77,bottas,cadillac,96.419000,12.000000,2.000000,,,34.192000,36.154000,26.073000,4804.333000,4840.487000,4866.560000,213.000000,188.000000,280.000000,273.000000,True,SOFT,6.000000,True,Cadillac,4770.103000,,1,18.000000,False,,False,True
2026,4,Miami Grand Prix,R,4963.132000,BOT,77,bottas,cadillac,96.610000,13.000000,2.000000,,,34.593000,36.087000,25.930000,4901.153000,4937.240000,4963.170000,207.000000,187.000000,277.000000,308.000000,False,SOFT,7.000000,True,Cadillac,4866.522000,,1,18.000000,False,,False,True
2026,4,Miami Grand Prix,R,5059.458000,BOT,77,bottas,cadillac,96.326000,14.000000,2.000000,,,34.514000,35.922000,25.890000,4997.684000,5033.606000,5059.496000,207.000000,184.000000,278.000000,306.000000,True,SOFT,8.000000,True,Cadillac,4963.132000,,1,18.000000,False,,False,True
2026,4,Miami Grand Prix,R,5155.813000,BOT,77,bottas,cadillac,96.355000,15.000000,2.000000,,,34.098000,36.047000,26.210000,5093.594000,5129.641000,5155.851000,211.000000,184.000000,276.000000,306.000000,False,SOFT,9.000000,True,Cadillac,5059.458000,,12,16.000000,False,,False,True
2026,4,Miami Grand Prix,R,5251.893000,BOT,77,bottas,cadillac,96.080000,16.000000,2.000000,,,33.755000,36.117000,26.208000,5189.606000,5225.723000,5251.931000,210.000000,185.000000,279.000000,301.000000,True,SOFT,10.000000,True,Cadillac,5155.813000,,1,16.000000,False,,False,True
2026,4,Miami Grand Prix,R,5348.659000,BOT,77,bottas,cadillac,96.766000,17.000000,2.000000,,,34.034000,36.350000,26.382000,5285.965000,5322.315000,5348.697000,209.000000,185.000000,273.000000,298.000000,False,SOFT,11.000000,True,Cadillac,5251.893000,,1,16.000000,False,,False,True
2026,4,Miami Grand Prix,R,5445.378000,BOT,77,bottas,cadillac,96.719000,18.000000,2.000000,,,34.158000,36.205000,26.356000,5382.855000,5419.060000,5445.416000,208.000000,185.000000,274.000000,299.000000,False,SOFT,12.000000,True,Cadillac,5348.659000,,1,16.000000,False,,False,True
2026,4,Miami Grand Prix,R,5542.280000,BOT,77,bottas,cadillac,96.902000,19.000000,2.000000,,,34.268000,36.289000,26.345000,5479.684000,5515.973000,5542.318000,209.000000,184.000000,277.000000,293.000000,False,SOFT,13.000000,True,Cadillac,5445.378000,,1,16.000000,False,,False,True
2026,4,Miami Grand Prix,R,5640.184000,BOT,77,bottas,cadillac,97.904000,20.000000,2.000000,,,34.360000,37.279000,26.265000,5576.678000,5613.957000,5640.222000,202.000000,183.000000,278.000000,307.000000,False,SOFT,14.000000,True,Cadillac,5542.280000,,1,17.000000,False,,False,True
2026,4,Miami Grand Prix,R,5742.981000,BOT,77,bottas,cadillac,102.797000,21.000000,2.000000,,5737.576000,34.603000,36.586000,31.608000,5674.825000,5711.411000,5743.019000,207.000000,183.000000,,287.000000,False,SOFT,15.000000,True,Cadillac,5640.184000,,1,17.000000,False,,False,False
2026,4,Miami Grand Prix,R,5854.629000,BOT,77,bottas,cadillac,111.648000,22.000000,3.000000,5761.376000,,49.751000,35.662000,26.235000,5792.770000,5828.432000,5854.667000,210.000000,190.000000,279.000000,276.000000,False,MEDIUM,1.000000,True,Cadillac,5742.981000,,1,17.000000,False,,False,False
2026,4,Miami Grand Prix,R,5951.004000,BOT,77,bottas,cadillac,96.375000,23.000000,3.000000,,,33.355000,36.158000,26.862000,5888.022000,5924.180000,5951.042000,209.000000,188.000000,281.000000,294.000000,False,MEDIUM,2.000000,True,Cadillac,5854.629000,,1,18.000000,False,,False,True
2026,4,Miami Grand Prix,R,6048.452000,BOT,77,bottas,cadillac,97.448000,24.000000,3.000000,,,34.355000,36.669000,26.424000,5985.397000,6022.066000,6048.490000,206.000000,187.000000,276.000000,286.000000,False,MEDIUM,3.000000,True,Cadillac,5951.004000,,1,18.000000,False,,False,True
2026,4,Miami Grand Prix,R,6144.901000,BOT,77,bottas,cadillac,96.449000,25.000000,3.000000,,,34.110000,36.163000,26.176000,6082.600000,6118.763000,6144.939000,210.000000,185.000000,276.000000,290.000000,False,MEDIUM,4.000000,True,Cadillac,6048.452000,,1,18.000000,False,,False,True
2026,4,Miami Grand Prix,R,6241.163000,BOT,77,bottas,cadillac,96.262000,26.000000,3.000000,,,34.133000,35.972000,26.157000,6179.072000,6215.044000,6241.201000,208.000000,185.000000,279.000000,298.000000,False,MEDIUM,5.000000,True,Cadillac,6144.901000,,1,18.000000,False,,False,True
2026,4,Miami Grand Prix,R,6337.734000,BOT,77,bottas,cadillac,96.571000,27.000000,3.000000,,,34.104000,36.107000,26.360000,6275.305000,6311.412000,6337.772000,206.000000,185.000000,276.000000,298.000000,False,MEDIUM,6.000000,True,Cadillac,6241.163000,,1,18.000000,False,,False,True
2026,4,Miami Grand Prix,R,6434.383000,BOT,77,bottas,cadillac,96.649000,28.000000,3.000000,,,34.098000,36.198000,26.353000,6371.870000,6408.068000,6434.421000,207.000000,183.000000,280.000000,291.000000,False,MEDIUM,7.000000,True,Cadillac,6337.734000,,1,18.000000,False,,False,True
2026,4,Miami Grand Prix,R,6530.864000,BOT,77,bottas,cadillac,96.481000,29.000000,3.000000,,,33.985000,36.161000,26.335000,6468.406000,6504.567000,6530.902000,207.000000,184.000000,278.000000,293.000000,False,MEDIUM,8.000000,True,Cadillac,6434.383000,,1,18.000000,False,,False,True
2026,4,Miami Grand Prix,R,6633.448000,BOT,77,bottas,cadillac,102.584000,30.000000,3.000000,,6628.107000,34.192000,36.379000,32.013000,6565.094000,6601.473000,6633.486000,201.000000,184.000000,,296.000000,False,MEDIUM,9.000000,True,Cadillac,6530.864000,,1,18.000000,False,,False,False
2026,4,Miami Grand Prix,R,6742.227000,BOT,77,bottas,cadillac,108.779000,31.000000,4.000000,6645.117000,,46.409000,36.030000,26.340000,6679.895000,6715.925000,6742.265000,208.000000,184.000000,283.000000,280.000000,False,MEDIUM,10.000000,False,Cadillac,6633.448000,,1,18.000000,False,,False,False
2026,4,Miami Grand Prix,R,6841.970000,BOT,77,bottas,cadillac,99.743000,32.000000,4.000000,,,34.250000,37.357000,28.136000,6776.515000,6813.872000,6842.008000,207.000000,182.000000,276.000000,207.000000,False,MEDIUM,11.000000,False,Cadillac,6742.227000,,1,18.000000,False,,False,True
2026,4,Miami Grand Prix,R,6939.657000,BOT,77,bottas,cadillac,97.687000,33.000000,4.000000,,,34.721000,36.209000,26.757000,6876.729000,6912.938000,6939.695000,201.000000,183.000000,275.000000,295.000000,False,MEDIUM,12.000000,False,Cadillac,6841.970000,,1,18.000000,False,,False,True
2026,4,Miami Grand Prix,R,7037.514000,BOT,77,bottas,cadillac,97.857000,34.000000,4.000000,,,35.174000,36.464000,26.219000,6974.869000,7011.333000,7037.552000,206.000000,182.000000,283.000000,288.000000,False,MEDIUM,13.000000,False,Cadillac,6939.657000,,1,18.000000,False,,False,True
2026,4,Miami Grand Prix,R,7134.628000,BOT,77,bottas,cadillac,97.114000,35.000000,4.000000,,,34.373000,36.342000,26.399000,7071.925000,7108.267000,7134.666000,203.000000,182.000000,281.000000,295.000000,False,MEDIUM,14.000000,False,Cadillac,7037.514000,,1,18.000000,False,,False,True
2026,4,Miami Grand Prix,R,7233.290000,BOT,77,bottas,cadillac,98.662000,36.000000,4.000000,,,34.391000,37.967000,26.304000,7169.057000,7207.024000,7233.328000,202.000000,180.000000,281.000000,303.000000,False,MEDIUM,15.000000,False,Cadillac,7134.628000,,1,18.000000,False,,False,True
2026,4,Miami Grand Prix,R,7331.370000,BOT,77,bottas,cadillac,98.080000,37.000000,4.000000,,,34.727000,36.831000,26.522000,7268.055000,7304.886000,7331.408000,199.000000,181.000000,281.000000,293.000000,False,MEDIUM,16.000000,False,Cadillac,7233.290000,,1,18.000000,False,,False,True
2026,4,Miami Grand Prix,R,7429.129000,BOT,77,bottas,cadillac,97.759000,38.000000,4.000000,,,34.528000,36.701000,26.530000,7365.936000,7402.637000,7429.167000,205.000000,183.000000,278.000000,290.000000,False,MEDIUM,17.000000,False,Cadillac,7331.370000,,1,18.000000,False,,False,True
2026,4,Miami Grand Prix,R,7528.362000,BOT,77,bottas,cadillac,99.233000,39.000000,4.000000,,,35.711000,36.834000,26.688000,7464.878000,7501.712000,7528.400000,203.000000,182.000000,283.000000,288.000000,False,MEDIUM,18.000000,False,Cadillac,7429.129000,,1,18.000000,False,,False,True
2026,4,Miami Grand Prix,R,7628.557000,BOT,77,bottas,cadillac,100.195000,40.000000,4.000000,,,37.314000,36.502000,26.379000,7565.714000,7602.216000,7628.595000,205.000000,181.000000,282.000000,296.000000,False,MEDIUM,19.000000,False,Cadillac,7528.362000,,1,18.000000,False,,False,True
2026,4,Miami Grand Prix,R,7726.412000,BOT,77,bottas,cadillac,97.855000,41.000000,4.000000,,,34.669000,36.747000,26.439000,7663.264000,7700.011000,7726.450000,204.000000,182.000000,284.000000,293.000000,False,MEDIUM,20.000000,False,Cadillac,7628.557000,,1,18.000000,False,,False,True
2026,4,Miami Grand Prix,R,7826.535000,BOT,77,bottas,cadillac,100.123000,42.000000,4.000000,,,34.569000,39.095000,26.459000,7761.019000,7800.114000,7826.573000,205.000000,181.000000,281.000000,306.000000,False,MEDIUM,21.000000,False,Cadillac,7726.412000,,1,18.000000,False,,False,True
2026,4,Miami Grand Prix,R,7924.176000,BOT,77,bottas,cadillac,97.641000,43.000000,4.000000,,,34.730000,36.503000,26.408000,7861.303000,7897.806000,7924.214000,204.000000,182.000000,284.000000,294.000000,False,MEDIUM,22.000000,False,Cadillac,7826.535000,,1,18.000000,False,,False,True
2026,4,Miami Grand Prix,R,8022.056000,BOT,77,bottas,cadillac,97.880000,44.000000,4.000000,,,34.689000,36.544000,26.647000,7958.903000,7995.447000,8022.094000,207.000000,182.000000,278.000000,298.000000,False,MEDIUM,23.000000,False,Cadillac,7924.176000,,1,18.000000,False,,False,True
2026,4,Miami Grand Prix,R,8122.711000,BOT,77,bottas,cadillac,100.655000,45.000000,4.000000,,,34.680000,39.534000,26.441000,8056.774000,8096.308000,8122.749000,206.000000,178.000000,283.000000,296.000000,False,MEDIUM,24.000000,False,Cadillac,8022.056000,,1,18.000000,False,,False,True
2026,4,Miami Grand Prix,R,8221.716000,BOT,77,bottas,cadillac,99.005000,46.000000,4.000000,,,34.535000,36.917000,27.553000,8157.284000,8194.201000,8221.754000,201.000000,182.000000,279.000000,236.000000,False,MEDIUM,25.000000,False,Cadillac,8122.711000,,12,18.000000,False,,False,True
2026,4,Miami Grand Prix,R,8319.423000,BOT,77,bottas,cadillac,97.707000,47.000000,4.000000,,,34.913000,36.440000,26.354000,8256.667000,8293.107000,8319.461000,208.000000,182.000000,277.000000,299.000000,False,MEDIUM,26.000000,False,Cadillac,8221.716000,,1,18.000000,False,,False,True
2026,4,Miami Grand Prix,R,8417.525000,BOT,77,bottas,cadillac,98.102000,48.000000,4.000000,,,34.668000,36.515000,26.919000,8354.129000,8390.644000,8417.563000,205.000000,183.000000,277.000000,296.000000,False,MEDIUM,27.000000,False,Cadillac,8319.423000,,1,18.000000,False,,False,True
2026,4,Miami Grand Prix,R,8519.789000,BOT,77,bottas,cadillac,102.264000,49.000000,4.000000,,,36.954000,38.619000,26.691000,8454.517000,8493.136000,8519.827000,202.000000,179.000000,282.000000,293.000000,False,MEDIUM,28.000000,False,Cadillac,8417.525000,,1,18.000000,False,,False,True
2026,4,Miami Grand Prix,R,8618.159000,BOT,77,bottas,cadillac,98.370000,50.000000,4.000000,,,35.406000,36.595000,26.369000,8555.233000,8591.828000,8618.197000,207.000000,182.000000,283.000000,302.000000,False,MEDIUM,29.000000,False,Cadillac,8519.789000,,1,18.000000,False,,False,True
2026,4,Miami Grand Prix,R,8715.442000,BOT,77,bottas,cadillac,97.283000,51.000000,4.000000,,,34.276000,36.620000,26.387000,8652.473000,8689.093000,8715.480000,204.000000,182.000000,283.000000,295.000000,False,MEDIUM,30.000000,False,Cadillac,8618.159000,,1,18.000000,False,,False,True
2026,4,Miami Grand Prix,R,8814.620000,BOT,77,bottas,cadillac,99.178000,52.000000,4.000000,,,36.186000,36.589000,26.403000,8751.666000,8788.255000,8814.658000,203.000000,184.000000,276.000000,295.000000,False,MEDIUM,31.000000,False,Cadillac,8715.442000,,1,18.000000,False,,False,True
2026,4,Miami Grand Prix,R,8911.942000,BOT,77,bottas,cadillac,97.322000,53.000000,4.000000,,,34.511000,36.462000,26.349000,8849.169000,8885.631000,8911.980000,205.000000,182.000000,285.000000,292.000000,False,MEDIUM,32.000000,False,Cadillac,8814.620000,,1,18.000000,False,,False,True
2026,4,Miami Grand Prix,R,9009.537000,BOT,77,bottas,cadillac,97.595000,54.000000,4.000000,,,34.248000,36.415000,26.932000,8946.228000,8982.643000,9009.575000,207.000000,183.000000,276.000000,302.000000,False,MEDIUM,33.000000,False,Cadillac,8911.942000,,12,18.000000,False,,False,True
2026,4,Miami Grand Prix,R,9109.521000,BOT,77,bottas,cadillac,99.984000,55.000000,4.000000,,,36.528000,36.971000,26.485000,9046.103000,9083.074000,9109.559000,199.000000,179.000000,281.000000,308.000000,False,MEDIUM,34.000000,False,Cadillac,9009.537000,,1,18.000000,False,,False,True
2026,4,Miami Grand Prix,R,3540.693000,PIA,81,piastri,mclaren,98.700000,1.000000,1.000000,,,,34.706000,25.632000,,3515.302000,3540.904000,214.000000,186.000000,266.000000,314.000000,False,MEDIUM,1.000000,True,McLaren,3441.749000,,1,4.000000,False,,False,False
2026,4,Miami Grand Prix,R,3634.218000,PIA,81,piastri,mclaren,93.525000,2.000000,1.000000,,,32.905000,34.639000,25.981000,3573.652000,3608.291000,3634.272000,213.000000,187.000000,265.000000,316.000000,True,MEDIUM,2.000000,True,McLaren,3540.693000,,1,4.000000,False,,False,True
2026,4,Miami Grand Prix,R,3728.582000,PIA,81,piastri,mclaren,94.364000,3.000000,1.000000,,,33.666000,34.945000,25.753000,3667.938000,3702.883000,3728.636000,211.000000,186.000000,268.000000,322.000000,False,MEDIUM,3.000000,True,McLaren,3634.218000,,1,5.000000,False,,False,True
2026,4,Miami Grand Prix,R,3822.671000,PIA,81,piastri,mclaren,94.089000,4.000000,1.000000,,,33.290000,34.946000,25.853000,3761.926000,3796.872000,3822.725000,211.000000,186.000000,272.000000,318.000000,False,MEDIUM,4.000000,True,McLaren,3728.582000,,1,5.000000,False,,False,True
2026,4,Miami Grand Prix,R,3916.162000,PIA,81,piastri,mclaren,93.491000,5.000000,1.000000,,,32.972000,35.003000,25.516000,3855.697000,3890.700000,3916.216000,207.000000,186.000000,279.000000,322.000000,True,MEDIUM,5.000000,True,McLaren,3822.671000,,12,5.000000,False,,False,True
2026,4,Miami Grand Prix,R,4048.069000,PIA,81,piastri,mclaren,131.907000,6.000000,1.000000,,,42.587000,51.840000,37.480000,3958.803000,4010.643000,4048.123000,97.000000,105.000000,248.000000,99.000000,False,MEDIUM,6.000000,True,McLaren,3916.162000,,24,5.000000,True,TRACK LIMITS AT TURN 15 LAP 6 ,False,False
2026,4,Miami Grand Prix,R,4185.383000,PIA,81,piastri,mclaren,137.314000,7.000000,1.000000,,,40.925000,55.651000,40.738000,4089.048000,4144.699000,4185.437000,111.000000,102.000000,233.000000,100.000000,False,MEDIUM,7.000000,True,McLaren,4048.069000,,4,5.000000,False,,False,False
2026,4,Miami Grand Prix,R,4329.013000,PIA,81,piastri,mclaren,143.630000,8.000000,1.000000,,,49.504000,56.192000,37.934000,4234.941000,4291.133000,4329.067000,85.000000,64.000000,234.000000,154.000000,False,MEDIUM,8.000000,True,McLaren,4185.383000,,4,5.000000,False,,False,False
2026,4,Miami Grand Prix,R,4476.389000,PIA,81,piastri,mclaren,147.376000,9.000000,1.000000,,,47.453000,57.423000,42.500000,4376.520000,4433.943000,4476.443000,122.000000,66.000000,227.000000,114.000000,False,MEDIUM,9.000000,True,McLaren,4329.013000,,4,5.000000,False,,False,False
2026,4,Miami Grand Prix,R,4614.924000,PIA,81,piastri,mclaren,138.535000,10.000000,1.000000,,,47.889000,56.288000,34.358000,4524.332000,4580.620000,4614.978000,101.000000,77.000000,237.000000,242.000000,False,MEDIUM,10.000000,True,McLaren,4476.389000,,4,5.000000,False,,False,False
2026,4,Miami Grand Prix,R,4763.332000,PIA,81,piastri,mclaren,148.408000,11.000000,1.000000,,,48.402000,47.036000,52.970000,4663.380000,4710.416000,4763.386000,99.000000,109.000000,281.000000,61.000000,False,MEDIUM,11.000000,True,McLaren,4614.924000,,41,5.000000,False,,False,False
2026,4,Miami Grand Prix,R,4856.850000,PIA,81,piastri,mclaren,93.518000,12.000000,1.000000,,,32.973000,34.946000,25.599000,4796.359000,4831.305000,4856.904000,213.000000,189.000000,276.000000,313.000000,False,MEDIUM,12.000000,True,McLaren,4763.332000,,1,4.000000,False,,False,True
2026,4,Miami Grand Prix,R,4950.313000,PIA,81,piastri,mclaren,93.463000,13.000000,1.000000,,,32.810000,34.989000,25.664000,4889.714000,4924.703000,4950.367000,211.000000,187.000000,276.000000,314.000000,True,MEDIUM,13.000000,True,McLaren,4856.850000,,1,4.000000,False,,False,True
2026,4,Miami Grand Prix,R,5043.533000,PIA,81,piastri,mclaren,93.220000,14.000000,1.000000,,,32.598000,34.938000,25.684000,4982.965000,5017.903000,5043.587000,212.000000,187.000000,277.000000,316.000000,True,MEDIUM,14.000000,True,McLaren,4950.313000,,1,4.000000,False,,False,True
2026,4,Miami Grand Prix,R,5137.030000,PIA,81,piastri,mclaren,93.497000,15.000000,1.000000,,,32.717000,35.101000,25.679000,5076.304000,5111.405000,5137.084000,211.000000,185.000000,272.000000,313.000000,False,MEDIUM,15.000000,True,McLaren,5043.533000,,1,4.000000,False,,False,True
2026,4,Miami Grand Prix,R,5230.774000,PIA,81,piastri,mclaren,93.744000,16.000000,1.000000,,,32.911000,35.104000,25.729000,5169.995000,5205.099000,5230.828000,211.000000,186.000000,277.000000,313.000000,False,MEDIUM,16.000000,True,McLaren,5137.030000,,12,4.000000,False,,False,True
2026,4,Miami Grand Prix,R,5325.355000,PIA,81,piastri,mclaren,94.581000,17.000000,1.000000,,,32.832000,35.996000,25.753000,5263.660000,5299.656000,5325.409000,207.000000,184.000000,278.000000,319.000000,False,MEDIUM,17.000000,True,McLaren,5230.774000,,1,4.000000,False,,False,True
2026,4,Miami Grand Prix,R,5419.368000,PIA,81,piastri,mclaren,94.013000,18.000000,1.000000,,,33.104000,35.169000,25.740000,5358.513000,5393.682000,5419.422000,211.000000,185.000000,280.000000,316.000000,False,MEDIUM,18.000000,True,McLaren,5325.355000,,1,4.000000,False,,False,True
2026,4,Miami Grand Prix,R,5513.086000,PIA,81,piastri,mclaren,93.718000,19.000000,1.000000,,,32.829000,35.179000,25.710000,5452.251000,5487.430000,5513.140000,208.000000,185.000000,280.000000,318.000000,False,MEDIUM,19.000000,True,McLaren,5419.368000,,1,4.000000,False,,False,True
2026,4,Miami Grand Prix,R,5606.563000,PIA,81,piastri,mclaren,93.477000,20.000000,1.000000,,,32.812000,35.122000,25.543000,5545.952000,5581.074000,5606.617000,212.000000,184.000000,279.000000,320.000000,False,MEDIUM,20.000000,True,McLaren,5513.086000,,1,4.000000,False,,False,True
2026,4,Miami Grand Prix,R,5700.104000,PIA,81,piastri,mclaren,93.541000,21.000000,1.000000,,,32.751000,35.036000,25.754000,5639.368000,5674.404000,5700.158000,211.000000,185.000000,280.000000,318.000000,False,MEDIUM,21.000000,True,McLaren,5606.563000,,1,3.000000,False,,False,True
2026,4,Miami Grand Prix,R,5793.978000,PIA,81,piastri,mclaren,93.874000,22.000000,1.000000,,,32.708000,35.309000,25.857000,5732.866000,5768.175000,5794.032000,207.000000,186.000000,281.000000,306.000000,False,MEDIUM,22.000000,True,McLaren,5700.104000,,1,3.000000,False,,False,True
2026,4,Miami Grand Prix,R,5887.808000,PIA,81,piastri,mclaren,93.830000,23.000000,1.000000,,,32.636000,35.224000,25.970000,5826.668000,5861.892000,5887.862000,210.000000,186.000000,279.000000,305.000000,False,MEDIUM,23.000000,True,McLaren,5793.978000,,1,3.000000,False,,False,True
2026,4,Miami Grand Prix,R,5981.448000,PIA,81,piastri,mclaren,93.640000,24.000000,1.000000,,,32.652000,35.072000,25.916000,5920.514000,5955.586000,5981.502000,212.000000,186.000000,275.000000,305.000000,False,MEDIUM,24.000000,True,McLaren,5887.808000,,1,3.000000,False,,False,True
2026,4,Miami Grand Prix,R,6075.999000,PIA,81,piastri,mclaren,94.551000,25.000000,1.000000,,,32.841000,35.826000,25.884000,6014.343000,6050.169000,6076.053000,211.000000,187.000000,273.000000,304.000000,False,MEDIUM,25.000000,True,McLaren,5981.448000,,1,3.000000,False,,False,True
2026,4,Miami Grand Prix,R,6170.070000,PIA,81,piastri,mclaren,94.071000,26.000000,1.000000,,,32.838000,35.349000,25.884000,6108.891000,6144.240000,6170.124000,211.000000,186.000000,274.000000,304.000000,False,MEDIUM,26.000000,True,McLaren,6075.999000,,1,3.000000,False,,False,True
2026,4,Miami Grand Prix,R,6264.020000,PIA,81,piastri,mclaren,93.950000,27.000000,1.000000,,,32.710000,35.273000,25.967000,6202.834000,6238.107000,6264.074000,211.000000,186.000000,278.000000,302.000000,False,MEDIUM,27.000000,True,McLaren,6170.070000,,1,2.000000,False,,False,True
2026,4,Miami Grand Prix,R,6363.011000,PIA,81,piastri,mclaren,98.991000,28.000000,1.000000,,6357.473000,32.765000,35.098000,31.128000,6296.839000,6331.937000,6363.065000,211.000000,188.000000,,303.000000,False,MEDIUM,28.000000,True,McLaren,6264.020000,,1,4.000000,False,,False,False
2026,4,Miami Grand Prix,R,6470.505000,PIA,81,piastri,mclaren,107.494000,29.000000,2.000000,6380.507000,,47.324000,34.434000,25.736000,6410.389000,6444.823000,6470.559000,213.000000,188.000000,272.000000,306.000000,False,HARD,1.000000,True,McLaren,6363.011000,,1,7.000000,False,,False,False
2026,4,Miami Grand Prix,R,6562.454000,PIA,81,piastri,mclaren,91.949000,30.000000,2.000000,,,31.898000,34.519000,25.532000,6502.457000,6536.976000,6562.508000,215.000000,187.000000,281.000000,314.000000,True,HARD,2.000000,True,McLaren,6470.505000,,1,7.000000,False,,False,True
2026,4,Miami Grand Prix,R,6654.893000,PIA,81,piastri,mclaren,92.439000,31.000000,2.000000,,,32.073000,34.830000,25.536000,6594.581000,6629.411000,6654.947000,213.000000,187.000000,280.000000,316.000000,False,HARD,3.000000,True,McLaren,6562.454000,,1,6.000000,False,,False,True
2026,4,Miami Grand Prix,R,6747.291000,PIA,81,piastri,mclaren,92.398000,32.000000,2.000000,,,32.236000,34.709000,25.453000,6687.183000,6721.892000,6747.345000,212.000000,187.000000,281.000000,323.000000,False,HARD,4.000000,True,McLaren,6654.893000,,1,6.000000,False,,False,True
2026,4,Miami Grand Prix,R,6840.611000,PIA,81,piastri,mclaren,93.320000,33.000000,2.000000,,,33.037000,34.837000,25.446000,6780.382000,6815.219000,6840.665000,209.000000,185.000000,286.000000,322.000000,False,HARD,5.000000,True,McLaren,6747.291000,,1,6.000000,False,,False,True
2026,4,Miami Grand Prix,R,6934.828000,PIA,81,piastri,mclaren,94.217000,34.000000,2.000000,,,33.241000,35.074000,25.902000,6873.906000,6908.980000,6934.882000,212.000000,187.000000,289.000000,319.000000,False,HARD,6.000000,True,McLaren,6840.611000,,1,6.000000,False,,False,True
2026,4,Miami Grand Prix,R,7029.085000,PIA,81,piastri,mclaren,94.257000,35.000000,2.000000,,,32.687000,36.210000,25.360000,6967.569000,7003.779000,7029.139000,216.000000,184.000000,282.000000,318.000000,False,HARD,7.000000,True,McLaren,6934.828000,,1,5.000000,False,,False,True
2026,4,Miami Grand Prix,R,7122.353000,PIA,81,piastri,mclaren,93.268000,36.000000,2.000000,,,32.403000,35.299000,25.566000,7061.542000,7096.841000,7122.407000,213.000000,188.000000,283.000000,309.000000,False,HARD,8.000000,True,McLaren,7029.085000,,1,5.000000,False,,False,True
2026,4,Miami Grand Prix,R,7215.189000,PIA,81,piastri,mclaren,92.836000,37.000000,2.000000,,,32.187000,35.011000,25.638000,7154.594000,7189.605000,7215.243000,212.000000,187.000000,280.000000,308.000000,False,HARD,9.000000,True,McLaren,7122.353000,,1,5.000000,False,,False,True
2026,4,Miami Grand Prix,R,7307.739000,PIA,81,piastri,mclaren,92.550000,38.000000,2.000000,,,32.190000,34.863000,25.497000,7247.433000,7282.296000,7307.793000,210.000000,188.000000,280.000000,310.000000,False,HARD,10.000000,True,McLaren,7215.189000,,1,5.000000,False,,False,True
2026,4,Miami Grand Prix,R,7400.332000,PIA,81,piastri,mclaren,92.593000,39.000000,2.000000,,,32.040000,35.020000,25.533000,7339.833000,7374.853000,7400.386000,212.000000,187.000000,283.000000,312.000000,False,HARD,11.000000,True,McLaren,7307.739000,,1,5.000000,False,,False,True
2026,4,Miami Grand Prix,R,7492.856000,PIA,81,piastri,mclaren,92.524000,40.000000,2.000000,,,32.056000,34.846000,25.622000,7432.442000,7467.288000,7492.910000,212.000000,187.000000,281.000000,310.000000,False,HARD,12.000000,True,McLaren,7400.332000,,1,5.000000,False,,False,True
2026,4,Miami Grand Prix,R,7585.656000,PIA,81,piastri,mclaren,92.800000,41.000000,2.000000,,,32.305000,34.873000,25.622000,7525.215000,7560.088000,7585.710000,212.000000,187.000000,280.000000,308.000000,False,HARD,13.000000,True,McLaren,7492.856000,,1,5.000000,False,,False,True
2026,4,Miami Grand Prix,R,7678.320000,PIA,81,piastri,mclaren,92.664000,42.000000,2.000000,,,32.163000,34.908000,25.593000,7617.873000,7652.781000,7678.374000,212.000000,186.000000,284.000000,312.000000,False,HARD,14.000000,True,McLaren,7585.656000,,1,5.000000,False,,False,True
2026,4,Miami Grand Prix,R,7771.158000,PIA,81,piastri,mclaren,92.838000,43.000000,2.000000,,,32.384000,34.800000,25.654000,7710.758000,7745.558000,7771.212000,211.000000,187.000000,281.000000,309.000000,False,HARD,15.000000,True,McLaren,7678.320000,,1,5.000000,False,,False,True
2026,4,Miami Grand Prix,R,7863.942000,PIA,81,piastri,mclaren,92.784000,44.000000,2.000000,,,32.152000,34.994000,25.638000,7803.364000,7838.358000,7863.996000,214.000000,187.000000,281.000000,309.000000,False,HARD,16.000000,True,McLaren,7771.158000,,1,5.000000,False,,False,True
2026,4,Miami Grand Prix,R,7956.240000,PIA,81,piastri,mclaren,92.298000,45.000000,2.000000,,,32.012000,34.817000,25.469000,7896.008000,7930.825000,7956.294000,210.000000,187.000000,282.000000,311.000000,False,HARD,17.000000,True,McLaren,7863.942000,,1,5.000000,False,,False,True
2026,4,Miami Grand Prix,R,8048.736000,PIA,81,piastri,mclaren,92.496000,46.000000,2.000000,,,32.078000,34.855000,25.563000,7988.372000,8023.227000,8048.790000,214.000000,187.000000,283.000000,312.000000,False,HARD,18.000000,True,McLaren,7956.240000,,1,5.000000,False,,False,True
2026,4,Miami Grand Prix,R,8141.346000,PIA,81,piastri,mclaren,92.610000,47.000000,2.000000,,,32.306000,34.882000,25.422000,8081.096000,8115.978000,8141.400000,213.000000,186.000000,284.000000,322.000000,False,HARD,19.000000,True,McLaren,8048.736000,,1,5.000000,False,,False,True
2026,4,Miami Grand Prix,R,8234.924000,PIA,81,piastri,mclaren,93.578000,48.000000,2.000000,,,32.872000,35.180000,25.526000,8174.272000,8209.452000,8234.978000,210.000000,183.000000,282.000000,317.000000,False,HARD,20.000000,True,McLaren,8141.346000,,12,4.000000,False,,False,True
2026,4,Miami Grand Prix,R,8327.683000,PIA,81,piastri,mclaren,92.759000,49.000000,2.000000,,,32.304000,34.912000,25.543000,8267.282000,8302.194000,8327.737000,213.000000,188.000000,281.000000,313.000000,False,HARD,21.000000,True,McLaren,8234.924000,,1,4.000000,False,,False,True
2026,4,Miami Grand Prix,R,8420.108000,PIA,81,piastri,mclaren,92.425000,50.000000,2.000000,,,32.073000,34.649000,25.703000,8359.810000,8394.459000,8420.162000,214.000000,187.000000,284.000000,314.000000,False,HARD,22.000000,True,McLaren,8327.683000,,1,4.000000,False,,False,True
2026,4,Miami Grand Prix,R,8512.524000,PIA,81,piastri,mclaren,92.416000,51.000000,2.000000,,,32.095000,34.769000,25.552000,8452.257000,8487.026000,8512.578000,214.000000,187.000000,285.000000,312.000000,False,HARD,23.000000,True,McLaren,8420.108000,,1,4.000000,False,,False,True
2026,4,Miami Grand Prix,R,8604.973000,PIA,81,piastri,mclaren,92.449000,52.000000,2.000000,,,32.186000,34.830000,25.433000,8544.764000,8579.594000,8605.027000,214.000000,185.000000,283.000000,315.000000,False,HARD,24.000000,True,McLaren,8512.524000,,1,4.000000,False,,False,True
2026,4,Miami Grand Prix,R,8697.193000,PIA,81,piastri,mclaren,92.220000,53.000000,2.000000,,,32.094000,34.772000,25.354000,8637.121000,8671.893000,8697.247000,215.000000,187.000000,286.000000,318.000000,False,HARD,25.000000,True,McLaren,8604.973000,,1,4.000000,False,,False,True
2026,4,Miami Grand Prix,R,8789.179000,PIA,81,piastri,mclaren,91.986000,54.000000,2.000000,,,32.078000,34.575000,25.333000,8729.325000,8763.900000,8789.233000,214.000000,186.000000,286.000000,321.000000,False,HARD,26.000000,True,McLaren,8697.193000,,1,4.000000,False,,False,True
2026,4,Miami Grand Prix,R,8881.875000,PIA,81,piastri,mclaren,92.696000,55.000000,2.000000,,,32.270000,34.974000,25.452000,8821.503000,8856.477000,8881.929000,214.000000,186.000000,288.000000,323.000000,False,HARD,27.000000,True,McLaren,8789.179000,,1,4.000000,False,,False,True
2026,4,Miami Grand Prix,R,8975.121000,PIA,81,piastri,mclaren,93.246000,56.000000,2.000000,,,32.448000,35.285000,25.513000,8914.377000,8949.662000,8975.175000,213.000000,185.000000,287.000000,312.000000,False,HARD,28.000000,True,McLaren,8881.875000,,1,3.000000,False,,False,True
2026,4,Miami Grand Prix,R,9068.358000,PIA,81,piastri,mclaren,93.237000,57.000000,2.000000,,,32.345000,35.237000,25.655000,9007.520000,9042.757000,9068.412000,213.000000,186.000000,284.000000,308.000000,False,HARD,29.000000,True,McLaren,8975.121000,,12,3.000000,False,,False,True
2026,4,Miami Grand Prix,R,3547.751000,BEA,87,bearman,haas,105.758000,1.000000,1.000000,,,,37.513000,25.825000,,3522.073000,3548.024000,206.000000,185.000000,288.000000,286.000000,False,MEDIUM,1.000000,True,Haas F1 Team,3441.749000,,1,14.000000,False,,False,False
2026,4,Miami Grand Prix,R,3644.697000,BEA,87,bearman,haas,96.946000,2.000000,1.000000,,,34.800000,35.808000,26.338000,3582.619000,3618.427000,3644.765000,208.000000,186.000000,272.000000,316.000000,True,MEDIUM,2.000000,True,Haas F1 Team,3547.751000,,1,13.000000,False,,False,True
2026,4,Miami Grand Prix,R,3739.589000,BEA,87,bearman,haas,94.892000,3.000000,1.000000,,,33.577000,35.332000,25.983000,3678.342000,3713.674000,3739.657000,211.000000,184.000000,281.000000,305.000000,True,MEDIUM,3.000000,True,Haas F1 Team,3644.697000,,1,13.000000,False,,False,True
2026,4,Miami Grand Prix,R,3834.630000,BEA,87,bearman,haas,95.041000,4.000000,1.000000,,,33.759000,35.260000,26.022000,3773.416000,3808.676000,3834.698000,210.000000,183.000000,283.000000,315.000000,False,MEDIUM,4.000000,True,Haas F1 Team,3739.589000,,1,13.000000,False,,False,True
2026,4,Miami Grand Prix,R,3930.426000,BEA,87,bearman,haas,95.796000,5.000000,1.000000,,,33.608000,35.698000,26.490000,3868.306000,3904.004000,3930.494000,203.000000,181.000000,281.000000,297.000000,False,MEDIUM,5.000000,True,Haas F1 Team,3834.630000,,12,11.000000,False,,False,True
2026,4,Miami Grand Prix,R,4065.301000,BEA,87,bearman,haas,134.875000,6.000000,1.000000,,,44.924000,48.134000,41.817000,3975.418000,4023.552000,4065.369000,180.000000,121.000000,209.000000,128.000000,False,MEDIUM,6.000000,True,Haas F1 Team,3930.426000,,24,11.000000,False,,False,False
2026,4,Miami Grand Prix,R,4194.658000,BEA,87,bearman,haas,129.357000,7.000000,1.000000,,,37.359000,48.330000,43.668000,4102.728000,4151.058000,4194.726000,176.000000,94.000000,250.000000,77.000000,False,MEDIUM,7.000000,True,Haas F1 Team,4065.301000,,4,10.000000,False,,False,False
2026,4,Miami Grand Prix,R,4338.051000,BEA,87,bearman,haas,143.393000,8.000000,1.000000,,,44.754000,57.993000,40.646000,4239.480000,4297.473000,4338.119000,95.000000,55.000000,232.000000,76.000000,False,MEDIUM,8.000000,True,Haas F1 Team,4194.658000,,4,10.000000,False,,False,False
2026,4,Miami Grand Prix,R,4481.352000,BEA,87,bearman,haas,143.301000,9.000000,1.000000,,,44.407000,57.490000,41.404000,4382.526000,4440.016000,4481.420000,105.000000,72.000000,222.000000,145.000000,False,MEDIUM,9.000000,True,Haas F1 Team,4338.051000,,4,10.000000,False,,False,False
2026,4,Miami Grand Prix,R,4621.138000,BEA,87,bearman,haas,139.786000,10.000000,1.000000,,,47.051000,57.473000,35.262000,4528.471000,4585.944000,4621.206000,90.000000,88.000000,236.000000,156.000000,False,MEDIUM,10.000000,True,Haas F1 Team,4481.352000,,4,10.000000,False,,False,False
2026,4,Miami Grand Prix,R,4765.792000,BEA,87,bearman,haas,144.654000,11.000000,1.000000,,,46.780000,46.559000,51.315000,4667.986000,4714.545000,4765.860000,121.000000,133.000000,283.000000,46.000000,False,MEDIUM,11.000000,True,Haas F1 Team,4621.138000,,41,10.000000,False,,False,False
2026,4,Miami Grand Prix,R,4861.061000,BEA,87,bearman,haas,95.269000,12.000000,1.000000,,,33.800000,35.516000,25.953000,4799.660000,4835.176000,4861.129000,210.000000,182.000000,283.000000,311.000000,False,MEDIUM,12.000000,True,Haas F1 Team,4765.792000,,1,10.000000,False,,False,True
2026,4,Miami Grand Prix,R,4956.093000,BEA,87,bearman,haas,95.032000,13.000000,1.000000,,,33.863000,35.306000,25.863000,4894.992000,4930.298000,4956.161000,207.000000,182.000000,281.000000,307.000000,False,MEDIUM,13.000000,True,Haas F1 Team,4861.061000,,1,10.000000,False,,False,True
2026,4,Miami Grand Prix,R,5050.710000,BEA,87,bearman,haas,94.617000,14.000000,1.000000,,,33.448000,35.231000,25.938000,4989.609000,5024.840000,5050.778000,207.000000,182.000000,280.000000,301.000000,True,MEDIUM,14.000000,True,Haas F1 Team,4956.093000,,1,10.000000,False,,False,True
2026,4,Miami Grand Prix,R,5145.821000,BEA,87,bearman,haas,95.111000,15.000000,1.000000,,,33.344000,35.524000,26.243000,5084.122000,5119.646000,5145.889000,209.000000,181.000000,284.000000,309.000000,False,MEDIUM,15.000000,True,Haas F1 Team,5050.710000,,1,11.000000,False,,False,True
2026,4,Miami Grand Prix,R,5240.697000,BEA,87,bearman,haas,94.876000,16.000000,1.000000,,,33.807000,35.205000,25.864000,5179.696000,5214.901000,5240.765000,209.000000,180.000000,280.000000,316.000000,False,MEDIUM,16.000000,True,Haas F1 Team,5145.821000,,12,11.000000,False,,False,True
2026,4,Miami Grand Prix,R,5335.904000,BEA,87,bearman,haas,95.207000,17.000000,1.000000,,,33.871000,35.451000,25.885000,5274.636000,5310.087000,5335.972000,208.000000,179.000000,285.000000,321.000000,False,MEDIUM,17.000000,True,Haas F1 Team,5240.697000,,1,11.000000,False,,False,True
2026,4,Miami Grand Prix,R,5431.080000,BEA,87,bearman,haas,95.176000,18.000000,1.000000,,,33.831000,35.470000,25.875000,5369.803000,5405.273000,5431.148000,206.000000,180.000000,279.000000,323.000000,False,MEDIUM,18.000000,True,Haas F1 Team,5335.904000,,1,11.000000,False,,False,True
2026,4,Miami Grand Prix,R,5526.177000,BEA,87,bearman,haas,95.097000,19.000000,1.000000,,,33.796000,35.436000,25.865000,5464.944000,5500.380000,5526.245000,208.000000,181.000000,281.000000,324.000000,False,MEDIUM,19.000000,True,Haas F1 Team,5431.080000,,1,11.000000,False,,False,True
2026,4,Miami Grand Prix,R,5621.282000,BEA,87,bearman,haas,95.105000,20.000000,1.000000,,,33.822000,35.439000,25.844000,5560.067000,5595.506000,5621.350000,206.000000,181.000000,282.000000,325.000000,False,MEDIUM,20.000000,True,Haas F1 Team,5526.177000,,1,11.000000,False,,False,True
2026,4,Miami Grand Prix,R,5716.553000,BEA,87,bearman,haas,95.271000,21.000000,1.000000,,,33.966000,35.486000,25.819000,5655.316000,5690.802000,5716.621000,208.000000,180.000000,281.000000,320.000000,False,MEDIUM,21.000000,True,Haas F1 Team,5621.282000,,1,10.000000,False,,False,True
2026,4,Miami Grand Prix,R,5811.524000,BEA,87,bearman,haas,94.971000,22.000000,1.000000,,,33.677000,35.312000,25.982000,5750.298000,5785.610000,5811.592000,207.000000,180.000000,284.000000,318.000000,False,MEDIUM,22.000000,True,Haas F1 Team,5716.553000,,1,9.000000,False,,False,True
2026,4,Miami Grand Prix,R,5908.053000,BEA,87,bearman,haas,96.529000,23.000000,1.000000,,,34.154000,36.188000,26.187000,5845.746000,5881.934000,5908.121000,209.000000,179.000000,284.000000,310.000000,False,MEDIUM,23.000000,True,Haas F1 Team,5811.524000,,1,11.000000,False,,False,True
2026,4,Miami Grand Prix,R,6003.160000,BEA,87,bearman,haas,95.107000,24.000000,1.000000,,,33.767000,35.307000,26.033000,5941.888000,5977.195000,6003.228000,209.000000,182.000000,278.000000,320.000000,False,MEDIUM,24.000000,True,Haas F1 Team,5908.053000,,1,11.000000,False,,False,True
2026,4,Miami Grand Prix,R,6098.175000,BEA,87,bearman,haas,95.015000,25.000000,1.000000,,,33.495000,35.506000,26.014000,6036.723000,6072.229000,6098.243000,208.000000,184.000000,284.000000,314.000000,False,MEDIUM,25.000000,True,Haas F1 Team,6003.160000,,1,11.000000,False,,False,True
2026,4,Miami Grand Prix,R,6197.863000,BEA,87,bearman,haas,99.688000,26.000000,1.000000,,6192.473000,33.414000,35.395000,30.879000,6131.657000,6167.052000,6197.931000,209.000000,181.000000,,332.000000,False,MEDIUM,26.000000,True,Haas F1 Team,6098.175000,,1,12.000000,False,,False,False
2026,4,Miami Grand Prix,R,6306.397000,BEA,87,bearman,haas,108.534000,27.000000,2.000000,6215.883000,,48.026000,34.724000,25.784000,6245.957000,6280.681000,6306.465000,214.000000,183.000000,282.000000,310.000000,False,HARD,1.000000,True,Haas F1 Team,6197.863000,,1,14.000000,False,,False,False
2026,4,Miami Grand Prix,R,6400.141000,BEA,87,bearman,haas,93.744000,28.000000,2.000000,,,33.077000,34.875000,25.792000,6339.542000,6374.417000,6400.209000,210.000000,185.000000,284.000000,316.000000,True,HARD,2.000000,True,Haas F1 Team,6306.397000,,1,13.000000,False,,False,True
2026,4,Miami Grand Prix,R,6494.202000,BEA,87,bearman,haas,94.061000,29.000000,2.000000,,,33.097000,35.258000,25.706000,6433.306000,6468.564000,6494.270000,207.000000,181.000000,285.000000,317.000000,False,HARD,3.000000,True,Haas F1 Team,6400.141000,,1,13.000000,False,,False,True
2026,4,Miami Grand Prix,R,6588.043000,BEA,87,bearman,haas,93.841000,30.000000,2.000000,,,33.077000,35.033000,25.731000,6527.347000,6562.380000,6588.111000,208.000000,184.000000,287.000000,319.000000,False,HARD,4.000000,True,Haas F1 Team,6494.202000,,1,13.000000,False,,False,True
2026,4,Miami Grand Prix,R,6682.128000,BEA,87,bearman,haas,94.085000,31.000000,2.000000,,,32.994000,35.181000,25.910000,6621.105000,6656.286000,6682.196000,208.000000,183.000000,282.000000,315.000000,False,HARD,5.000000,True,Haas F1 Team,6588.043000,,1,13.000000,False,,False,True
2026,4,Miami Grand Prix,R,6776.230000,BEA,87,bearman,haas,94.102000,32.000000,2.000000,,,33.116000,35.182000,25.804000,6715.312000,6750.494000,6776.298000,210.000000,183.000000,285.000000,315.000000,False,HARD,6.000000,True,Haas F1 Team,6682.128000,,1,11.000000,False,,False,True
2026,4,Miami Grand Prix,R,6870.097000,BEA,87,bearman,haas,93.867000,33.000000,2.000000,,,33.002000,35.096000,25.769000,6809.300000,6844.396000,6870.165000,211.000000,184.000000,287.000000,316.000000,False,HARD,7.000000,True,Haas F1 Team,6776.230000,,1,11.000000,False,,False,True
2026,4,Miami Grand Prix,R,6964.400000,BEA,87,bearman,haas,94.303000,34.000000,2.000000,,,33.235000,35.289000,25.779000,6903.400000,6938.689000,6964.468000,211.000000,182.000000,287.000000,316.000000,False,HARD,8.000000,True,Haas F1 Team,6870.097000,,1,11.000000,False,,False,True
2026,4,Miami Grand Prix,R,7058.598000,BEA,87,bearman,haas,94.198000,35.000000,2.000000,,,33.156000,35.340000,25.702000,6997.624000,7032.964000,7058.666000,211.000000,183.000000,287.000000,318.000000,False,HARD,9.000000,True,Haas F1 Team,6964.400000,,1,11.000000,False,,False,True
2026,4,Miami Grand Prix,R,7152.871000,BEA,87,bearman,haas,94.273000,36.000000,2.000000,,,33.182000,35.358000,25.733000,7091.848000,7127.206000,7152.939000,209.000000,181.000000,287.000000,318.000000,False,HARD,10.000000,True,Haas F1 Team,7058.598000,,1,11.000000,False,,False,True
2026,4,Miami Grand Prix,R,7247.116000,BEA,87,bearman,haas,94.245000,37.000000,2.000000,,,33.187000,35.291000,25.767000,7186.126000,7221.417000,7247.184000,209.000000,183.000000,287.000000,320.000000,False,HARD,11.000000,True,Haas F1 Team,7152.871000,,1,11.000000,False,,False,True
2026,4,Miami Grand Prix,R,7341.485000,BEA,87,bearman,haas,94.369000,38.000000,2.000000,,,33.376000,35.225000,25.768000,7280.560000,7315.785000,7341.553000,209.000000,182.000000,284.000000,322.000000,False,HARD,12.000000,True,Haas F1 Team,7247.116000,,1,11.000000,False,,False,True
2026,4,Miami Grand Prix,R,7435.888000,BEA,87,bearman,haas,94.403000,39.000000,2.000000,,,33.383000,35.163000,25.857000,7374.936000,7410.099000,7435.956000,209.000000,181.000000,283.000000,324.000000,False,HARD,13.000000,True,Haas F1 Team,7341.485000,,1,11.000000,False,,False,True
2026,4,Miami Grand Prix,R,7530.247000,BEA,87,bearman,haas,94.359000,40.000000,2.000000,,,33.441000,35.170000,25.748000,7469.397000,7504.567000,7530.315000,207.000000,181.000000,283.000000,327.000000,False,HARD,14.000000,True,Haas F1 Team,7435.888000,,1,11.000000,False,,False,True
2026,4,Miami Grand Prix,R,7624.691000,BEA,87,bearman,haas,94.444000,41.000000,2.000000,,,33.491000,35.262000,25.691000,7563.806000,7599.068000,7624.759000,212.000000,182.000000,283.000000,321.000000,False,HARD,15.000000,True,Haas F1 Team,7530.247000,,1,11.000000,False,,False,True
2026,4,Miami Grand Prix,R,7719.099000,BEA,87,bearman,haas,94.408000,42.000000,2.000000,,,33.396000,35.257000,25.755000,7658.155000,7693.412000,7719.167000,209.000000,182.000000,283.000000,321.000000,False,HARD,16.000000,True,Haas F1 Team,7624.691000,,1,11.000000,False,,False,True
2026,4,Miami Grand Prix,R,7813.978000,BEA,87,bearman,haas,94.879000,43.000000,2.000000,,,33.431000,35.467000,25.981000,7752.598000,7788.065000,7814.046000,204.000000,182.000000,286.000000,317.000000,False,HARD,17.000000,True,Haas F1 Team,7719.099000,,1,11.000000,False,,False,True
2026,4,Miami Grand Prix,R,7908.460000,BEA,87,bearman,haas,94.482000,44.000000,2.000000,,,33.342000,35.301000,25.839000,7847.388000,7882.689000,7908.528000,210.000000,183.000000,286.000000,312.000000,False,HARD,18.000000,True,Haas F1 Team,7813.978000,,1,11.000000,False,,False,True
2026,4,Miami Grand Prix,R,8003.048000,BEA,87,bearman,haas,94.588000,45.000000,2.000000,,,33.221000,35.440000,25.927000,7941.749000,7977.189000,8003.116000,210.000000,184.000000,285.000000,312.000000,False,HARD,19.000000,True,Haas F1 Team,7908.460000,,1,11.000000,False,,False,True
2026,4,Miami Grand Prix,R,8097.401000,BEA,87,bearman,haas,94.353000,46.000000,2.000000,,,33.212000,35.318000,25.823000,8036.328000,8071.646000,8097.469000,208.000000,184.000000,287.000000,312.000000,False,HARD,20.000000,True,Haas F1 Team,8003.048000,,1,11.000000,False,,False,True
2026,4,Miami Grand Prix,R,8194.936000,BEA,87,bearman,haas,97.535000,47.000000,2.000000,,,34.937000,36.353000,26.245000,8132.406000,8168.759000,8195.004000,189.000000,182.000000,285.000000,308.000000,False,HARD,21.000000,True,Haas F1 Team,8097.401000,,12,11.000000,True,TRACK LIMITS AT TURN 7 LAP 47 ,False,True
2026,4,Miami Grand Prix,R,8289.689000,BEA,87,bearman,haas,94.753000,48.000000,2.000000,,,33.345000,35.384000,26.024000,8228.349000,8263.733000,8289.757000,212.000000,185.000000,285.000000,310.000000,False,HARD,22.000000,True,Haas F1 Team,8194.936000,,1,11.000000,False,,False,True
2026,4,Miami Grand Prix,R,8384.031000,BEA,87,bearman,haas,94.342000,49.000000,2.000000,,,33.094000,35.303000,25.945000,8322.851000,8358.154000,8384.099000,212.000000,186.000000,286.000000,309.000000,False,HARD,23.000000,True,Haas F1 Team,8289.689000,,1,11.000000,False,,False,True
2026,4,Miami Grand Prix,R,8478.318000,BEA,87,bearman,haas,94.287000,50.000000,2.000000,,,33.156000,35.168000,25.963000,8417.255000,8452.423000,8478.386000,212.000000,185.000000,286.000000,309.000000,False,HARD,24.000000,True,Haas F1 Team,8384.031000,,1,11.000000,False,,False,True
2026,4,Miami Grand Prix,R,8572.765000,BEA,87,bearman,haas,94.447000,51.000000,2.000000,,,33.134000,35.359000,25.954000,8511.520000,8546.879000,8572.833000,209.000000,182.000000,287.000000,309.000000,False,HARD,25.000000,True,Haas F1 Team,8478.318000,,1,11.000000,False,,False,True
2026,4,Miami Grand Prix,R,8667.485000,BEA,87,bearman,haas,94.720000,52.000000,2.000000,,,33.114000,35.561000,26.045000,8605.947000,8641.508000,8667.553000,208.000000,183.000000,287.000000,309.000000,False,HARD,26.000000,True,Haas F1 Team,8572.765000,,1,11.000000,False,,False,True
2026,4,Miami Grand Prix,R,8761.841000,BEA,87,bearman,haas,94.356000,53.000000,2.000000,,,33.070000,35.390000,25.896000,8700.623000,8736.013000,8761.909000,211.000000,184.000000,288.000000,309.000000,False,HARD,27.000000,True,Haas F1 Team,8667.485000,,1,11.000000,False,,False,True
2026,4,Miami Grand Prix,R,8857.256000,BEA,87,bearman,haas,95.415000,54.000000,2.000000,,,32.943000,36.504000,25.968000,8794.852000,8831.356000,8857.324000,211.000000,182.000000,288.000000,317.000000,False,HARD,28.000000,True,Haas F1 Team,8761.841000,,1,11.000000,False,,False,True
2026,4,Miami Grand Prix,R,8953.152000,BEA,87,bearman,haas,95.896000,55.000000,2.000000,,,34.829000,35.118000,25.949000,8892.153000,8927.271000,8953.220000,212.000000,185.000000,290.000000,317.000000,False,HARD,29.000000,True,Haas F1 Team,8857.256000,,1,11.000000,False,,False,True
2026,4,Miami Grand Prix,R,9047.666000,BEA,87,bearman,haas,94.514000,56.000000,2.000000,,,33.153000,35.399000,25.962000,8986.373000,9021.772000,9047.734000,207.000000,182.000000,289.000000,314.000000,False,HARD,30.000000,True,Haas F1 Team,8953.152000,,12,11.000000,False,,False,True
