season,round,event_name,session_type,Time_s,Driver,DriverNumber,DriverId,TeamId,LapTime_s,LapNumber,Stint,PitOutTime_s,PitInTime_s,Sector1Time_s,Sector2Time_s,Sector3Time_s,Sector1SessionTime_s,Sector2SessionTime_s,Sector3SessionTime_s,SpeedI1,SpeedI2,SpeedFL,SpeedST,IsPersonalBest,Compound,TyreLife,FreshTyre,Team,LapStartTime_s,LapStartDate,TrackStatus,Position,Deleted,DeletedReason,FastF1Generated,IsAccurate
2026,7,Barcelona Grand Prix,FP2,1086.732000,NOR,1,norris,mclaren,,1.000000,1.000000,966.725000,,,36.363000,32.304000,,1054.663000,1086.827000,113.000000,199.000000,295.000000,240.000000,False,MEDIUM,1.000000,True,McLaren,966.725000,,1,,False,,False,False
2026,7,Barcelona Grand Prix,FP2,1163.599000,NOR,1,norris,mclaren,76.867000,2.000000,1.000000,,,22.302000,31.269000,23.296000,1109.034000,1140.303000,1163.599000,275.000000,278.000000,281.000000,326.000000,True,MEDIUM,2.000000,True,McLaren,1086.732000,,1,,False,,False,True
2026,7,Barcelona Grand Prix,FP2,1286.119000,NOR,1,norris,mclaren,122.520000,3.000000,1.000000,,1283.364000,35.790000,48.639000,38.091000,1199.389000,1248.028000,1286.119000,170.000000,78.000000,,183.000000,False,MEDIUM,3.000000,True,McLaren,1163.599000,,1,,False,,False,False
2026,7,Barcelona Grand Prix,FP2,1403.019000,NOR,1,norris,mclaren,116.900000,4.000000,2.000000,1309.477000,,51.582000,39.153000,26.165000,1337.701000,1376.854000,1403.019000,220.000000,200.000000,291.000000,252.000000,False,MEDIUM,4.000000,False,McLaren,1286.119000,,1,,False,,False,False
2026,7,Barcelona Grand Prix,FP2,1479.593000,NOR,1,norris,mclaren,76.574000,5.000000,2.000000,,,22.240000,31.131000,23.203000,1425.259000,1456.390000,1479.593000,280.000000,278.000000,271.000000,327.000000,True,MEDIUM,5.000000,False,McLaren,1403.019000,,1,,False,,False,True
2026,7,Barcelona Grand Prix,FP2,1601.853000,NOR,1,norris,mclaren,122.260000,6.000000,2.000000,,,37.694000,49.351000,35.215000,1517.287000,1566.638000,1601.853000,166.000000,135.000000,163.000000,126.000000,False,MEDIUM,6.000000,False,McLaren,1479.593000,,1,,False,,False,True
2026,7,Barcelona Grand Prix,FP2,1727.375000,NOR,1,norris,mclaren,125.522000,7.000000,2.000000,,,39.460000,51.659000,34.403000,1641.313000,1692.972000,1727.375000,184.000000,199.000000,291.000000,190.000000,False,MEDIUM,7.000000,False,McLaren,1601.853000,,1,,False,,False,True
2026,7,Barcelona Grand Prix,FP2,1809.303000,NOR,1,norris,mclaren,81.928000,8.000000,2.000000,,,22.436000,31.022000,28.470000,1749.811000,1780.833000,1809.303000,277.000000,282.000000,111.000000,325.000000,False,MEDIUM,8.000000,False,McLaren,1727.375000,,126,,False,,False,False
2026,7,Barcelona Grand Prix,FP2,1968.827000,NOR,1,norris,mclaren,,9.000000,2.000000,,,53.195000,68.078000,38.188000,1862.789000,1930.723000,1968.829000,120.000000,102.000000,199.000000,123.000000,False,MEDIUM,9.000000,False,McLaren,1809.303000,,671,,False,,False,False
2026,7,Barcelona Grand Prix,FP2,2068.768000,NOR,1,norris,mclaren,99.941000,10.000000,2.000000,,,30.447000,42.870000,26.624000,1999.274000,2042.144000,2068.768000,195.000000,230.000000,287.000000,278.000000,False,MEDIUM,10.000000,False,McLaren,1968.827000,,1,,False,,False,True
2026,7,Barcelona Grand Prix,FP2,2146.910000,NOR,1,norris,mclaren,78.142000,11.000000,2.000000,,,22.431000,30.961000,24.750000,2091.199000,2122.160000,2146.910000,279.000000,291.000000,196.000000,326.000000,False,MEDIUM,11.000000,False,McLaren,2068.768000,,1,,False,,False,True
2026,7,Barcelona Grand Prix,FP2,2245.203000,NOR,1,norris,mclaren,98.293000,12.000000,2.000000,,2242.380000,28.168000,38.356000,31.769000,2175.078000,2213.434000,2245.203000,218.000000,111.000000,,247.000000,False,MEDIUM,12.000000,False,McLaren,2146.910000,,1,,False,,False,False
2026,7,Barcelona Grand Prix,FP2,2963.234000,NOR,1,norris,mclaren,,13.000000,3.000000,2861.841000,,,41.266000,26.849000,,2936.540000,2963.234000,214.000000,218.000000,291.000000,129.000000,False,SOFT,1.000000,True,McLaren,2245.203000,,1,,False,,False,False
2026,7,Barcelona Grand Prix,FP2,3038.660000,NOR,1,norris,mclaren,75.426000,14.000000,3.000000,,,22.045000,30.475000,22.906000,2985.279000,3015.754000,3038.660000,278.000000,284.000000,278.000000,332.000000,True,SOFT,2.000000,True,McLaren,2963.234000,,1,,False,,False,True
2026,7,Barcelona Grand Prix,FP2,3143.176000,NOR,1,norris,mclaren,104.516000,15.000000,3.000000,,3140.272000,32.804000,39.914000,31.798000,3071.464000,3111.378000,3143.176000,182.000000,210.000000,,223.000000,False,SOFT,3.000000,True,McLaren,3038.660000,,1,,False,,False,False
2026,7,Barcelona Grand Prix,FP2,3550.133000,NOR,1,norris,mclaren,,16.000000,4.000000,3423.366000,,,32.636000,24.297000,,3525.953000,3550.187000,256.000000,261.000000,294.000000,246.000000,False,SOFT,4.000000,False,McLaren,3143.176000,,1,,False,,False,False
2026,7,Barcelona Grand Prix,FP2,3631.240000,NOR,1,norris,mclaren,81.107000,17.000000,4.000000,,,23.645000,32.654000,24.808000,3573.778000,3606.432000,3631.240000,266.000000,262.000000,293.000000,324.000000,False,SOFT,5.000000,False,McLaren,3550.133000,,1,,False,,False,True
2026,7,Barcelona Grand Prix,FP2,3712.761000,NOR,1,norris,mclaren,81.521000,18.000000,4.000000,,,23.876000,32.749000,24.896000,3655.116000,3687.865000,3712.761000,261.000000,259.000000,292.000000,313.000000,False,SOFT,6.000000,False,McLaren,3631.240000,,1,,False,,False,True
2026,7,Barcelona Grand Prix,FP2,3794.310000,NOR,1,norris,mclaren,81.549000,19.000000,4.000000,,,23.922000,32.939000,24.688000,3736.683000,3769.622000,3794.310000,265.000000,262.000000,293.000000,313.000000,False,SOFT,7.000000,False,McLaren,3712.761000,,1,,False,,False,True
2026,7,Barcelona Grand Prix,FP2,3875.948000,NOR,1,norris,mclaren,81.638000,20.000000,4.000000,,,23.807000,32.910000,24.921000,3818.117000,3851.027000,3875.948000,261.000000,268.000000,294.000000,309.000000,False,SOFT,8.000000,False,McLaren,3794.310000,,1,,False,,False,True
2026,7,Barcelona Grand Prix,FP2,3957.687000,NOR,1,norris,mclaren,81.739000,21.000000,4.000000,,,23.825000,32.950000,24.964000,3899.773000,3932.723000,3957.687000,261.000000,271.000000,295.000000,322.000000,False,SOFT,9.000000,False,McLaren,3875.948000,,1,,False,,False,True
2026,7,Barcelona Grand Prix,FP2,4042.653000,NOR,1,norris,mclaren,84.966000,22.000000,4.000000,,,23.781000,33.979000,27.206000,3981.468000,4015.447000,4042.653000,259.000000,217.000000,295.000000,327.000000,False,SOFT,10.000000,False,McLaren,3957.687000,,1,,False,,False,True
2026,7,Barcelona Grand Prix,FP2,4125.634000,NOR,1,norris,mclaren,82.981000,23.000000,4.000000,,,24.181000,33.596000,25.204000,4066.834000,4100.430000,4125.634000,251.000000,268.000000,293.000000,337.000000,False,SOFT,11.000000,False,McLaren,4042.653000,,1,,False,,False,True
2026,7,Barcelona Grand Prix,FP2,4208.247000,NOR,1,norris,mclaren,82.613000,24.000000,4.000000,,,23.832000,33.560000,25.221000,4149.466000,4183.026000,4208.247000,260.000000,262.000000,296.000000,322.000000,False,SOFT,12.000000,False,McLaren,4125.634000,,1,,False,,False,True
2026,7,Barcelona Grand Prix,FP2,4291.330000,NOR,1,norris,mclaren,83.083000,25.000000,4.000000,,,23.970000,33.959000,25.154000,4232.217000,4266.176000,4291.330000,230.000000,264.000000,293.000000,337.000000,False,SOFT,13.000000,False,McLaren,4208.247000,,1,,False,,False,True
2026,7,Barcelona Grand Prix,FP2,4382.607000,NOR,1,norris,mclaren,91.277000,26.000000,4.000000,,4379.841000,24.041000,34.981000,32.255000,4315.371000,4350.352000,4382.607000,254.000000,207.000000,,332.000000,False,SOFT,14.000000,False,McLaren,4291.330000,,1,,False,,False,False
2026,7,Barcelona Grand Prix,FP2,4510.823000,NOR,1,norris,mclaren,128.216000,27.000000,5.000000,4402.639000,,52.821000,45.143000,30.252000,4435.428000,4480.571000,4510.823000,121.000000,157.000000,231.000000,156.000000,False,MEDIUM,13.000000,False,McLaren,4382.607000,,1,,False,,False,False
2026,7,Barcelona Grand Prix,FP2,4624.929000,NOR,1,norris,mclaren,114.106000,28.000000,5.000000,,,27.414000,38.832000,47.860000,4538.237000,4577.069000,4624.929000,205.000000,183.000000,59.000000,290.000000,False,MEDIUM,14.000000,False,McLaren,4510.823000,,1,,False,,False,True
2026,7,Barcelona Grand Prix,FP2,4761.869000,NOR,1,norris,mclaren,136.940000,29.000000,5.000000,,,60.946000,38.060000,37.934000,4685.875000,4723.935000,4761.869000,180.000000,169.000000,51.000000,299.000000,False,MEDIUM,15.000000,False,McLaren,4624.929000,,1,,False,,False,True
2026,7,Barcelona Grand Prix,FP2,4908.281000,NOR,1,norris,mclaren,146.412000,30.000000,5.000000,,4905.153000,69.322000,42.384000,34.706000,4831.191000,4873.575000,4908.281000,145.000000,151.000000,,288.000000,False,MEDIUM,16.000000,False,McLaren,4761.869000,,12,,False,,False,False
2026,7,Barcelona Grand Prix,FP2,1006.860000,VER,3,max_verstappen,red_bull,,1.000000,1.000000,914.599000,,,36.582000,26.115000,,980.947000,1006.950000,191.000000,239.000000,286.000000,206.000000,False,HARD,1.000000,True,Red Bull Racing,914.599000,,1,,False,,False,False
2026,7,Barcelona Grand Prix,FP2,1083.312000,VER,3,max_verstappen,red_bull,76.452000,2.000000,1.000000,,,22.155000,30.960000,23.337000,1029.015000,1059.975000,1083.312000,288.000000,287.000000,270.000000,324.000000,True,HARD,2.000000,True,Red Bull Racing,1006.860000,,1,,False,,False,True
2026,7,Barcelona Grand Prix,FP2,1191.639000,VER,3,max_verstappen,red_bull,108.327000,3.000000,1.000000,,1188.790000,29.757000,44.647000,33.923000,1113.069000,1157.716000,1191.639000,189.000000,177.000000,,191.000000,False,HARD,3.000000,True,Red Bull Racing,1083.312000,,1,,False,,False,False
2026,7,Barcelona Grand Prix,FP2,1345.942000,VER,3,max_verstappen,red_bull,,4.000000,2.000000,1224.786000,,71.585000,47.465000,35.218000,1263.568000,1310.821000,1346.081000,100.000000,211.000000,274.000000,191.000000,False,HARD,4.000000,False,Red Bull Racing,1191.639000,,1,,False,,False,False
2026,7,Barcelona Grand Prix,FP2,1423.849000,VER,3,max_verstappen,red_bull,77.907000,5.000000,2.000000,,,22.564000,31.654000,23.689000,1368.506000,1400.160000,1423.849000,286.000000,281.000000,265.000000,319.000000,False,HARD,5.000000,False,Red Bull Racing,1345.942000,,1,,False,,False,True
2026,7,Barcelona Grand Prix,FP2,1517.725000,VER,3,max_verstappen,red_bull,93.876000,6.000000,2.000000,,1514.877000,28.003000,35.221000,30.652000,1451.852000,1487.073000,1517.725000,219.000000,207.000000,,255.000000,False,HARD,6.000000,False,Red Bull Racing,1423.849000,,1,,False,,False,False
2026,7,Barcelona Grand Prix,FP2,2120.892000,VER,3,max_verstappen,red_bull,,7.000000,3.000000,2008.418000,,,50.755000,26.148000,,2094.864000,2120.898000,147.000000,235.000000,287.000000,156.000000,False,SOFT,1.000000,True,Red Bull Racing,1517.725000,,1267,,False,,False,False
2026,7,Barcelona Grand Prix,FP2,2197.213000,VER,3,max_verstappen,red_bull,76.321000,8.000000,3.000000,,,22.256000,30.790000,23.275000,2143.148000,2173.938000,2197.213000,289.000000,283.000000,266.000000,317.000000,True,SOFT,2.000000,True,Red Bull Racing,2120.892000,,1,,False,,False,True
2026,7,Barcelona Grand Prix,FP2,2290.528000,VER,3,max_verstappen,red_bull,93.315000,9.000000,3.000000,,2287.741000,27.830000,35.145000,30.340000,2225.043000,2260.188000,2290.528000,208.000000,230.000000,,238.000000,False,SOFT,3.000000,True,Red Bull Racing,2197.213000,,1,,False,,False,False
2026,7,Barcelona Grand Prix,FP2,2741.447000,VER,3,max_verstappen,red_bull,,10.000000,4.000000,2617.876000,,,35.851000,25.223000,,2716.385000,2741.506000,229.000000,256.000000,300.000000,153.000000,False,HARD,7.000000,False,Red Bull Racing,2290.528000,,1,,False,,False,False
2026,7,Barcelona Grand Prix,FP2,2822.878000,VER,3,max_verstappen,red_bull,81.431000,11.000000,4.000000,,,23.608000,33.162000,24.661000,2765.055000,2798.217000,2822.878000,245.000000,260.000000,296.000000,339.000000,False,HARD,8.000000,False,Red Bull Racing,2741.447000,,1,,False,,False,True
2026,7,Barcelona Grand Prix,FP2,2904.039000,VER,3,max_verstappen,red_bull,81.161000,12.000000,4.000000,,,23.415000,33.091000,24.655000,2846.293000,2879.384000,2904.039000,257.000000,265.000000,296.000000,329.000000,False,HARD,9.000000,False,Red Bull Racing,2822.878000,,1,,False,,False,True
2026,7,Barcelona Grand Prix,FP2,2985.133000,VER,3,max_verstappen,red_bull,81.094000,13.000000,4.000000,,,23.446000,32.948000,24.700000,2927.485000,2960.433000,2985.133000,261.000000,266.000000,297.000000,323.000000,False,HARD,10.000000,False,Red Bull Racing,2904.039000,,1,,False,,False,True
2026,7,Barcelona Grand Prix,FP2,3066.650000,VER,3,max_verstappen,red_bull,81.517000,14.000000,4.000000,,,23.514000,33.047000,24.956000,3008.647000,3041.694000,3066.650000,260.000000,266.000000,296.000000,320.000000,False,HARD,11.000000,False,Red Bull Racing,2985.133000,,1,,False,,False,True
2026,7,Barcelona Grand Prix,FP2,3148.500000,VER,3,max_verstappen,red_bull,81.850000,15.000000,4.000000,,,23.579000,33.230000,25.041000,3090.229000,3123.459000,3148.500000,257.000000,268.000000,296.000000,323.000000,False,HARD,12.000000,False,Red Bull Racing,3066.650000,,1,,False,,False,True
2026,7,Barcelona Grand Prix,FP2,3230.260000,VER,3,max_verstappen,red_bull,81.760000,16.000000,4.000000,,,23.632000,33.123000,25.005000,3172.132000,3205.255000,3230.260000,256.000000,271.000000,296.000000,330.000000,False,HARD,13.000000,False,Red Bull Racing,3148.500000,,1,,False,,False,True
2026,7,Barcelona Grand Prix,FP2,3314.365000,VER,3,max_verstappen,red_bull,84.105000,17.000000,4.000000,,,23.757000,33.627000,26.721000,3254.017000,3287.644000,3314.365000,256.000000,267.000000,294.000000,331.000000,False,HARD,14.000000,False,Red Bull Racing,3230.260000,,1,,False,,False,True
2026,7,Barcelona Grand Prix,FP2,3396.905000,VER,3,max_verstappen,red_bull,82.540000,18.000000,4.000000,,,23.978000,33.491000,25.071000,3338.343000,3371.834000,3396.905000,255.000000,266.000000,296.000000,311.000000,False,HARD,15.000000,False,Red Bull Racing,3314.365000,,1,,False,,False,True
2026,7,Barcelona Grand Prix,FP2,3479.438000,VER,3,max_verstappen,red_bull,82.533000,19.000000,4.000000,,,23.790000,33.454000,25.289000,3420.695000,3454.149000,3479.438000,253.000000,267.000000,292.000000,327.000000,False,HARD,16.000000,False,Red Bull Racing,3396.905000,,1,,False,,False,True
2026,7,Barcelona Grand Prix,FP2,3562.750000,VER,3,max_verstappen,red_bull,83.312000,20.000000,4.000000,,,24.101000,33.901000,25.310000,3503.539000,3537.440000,3562.750000,256.000000,260.000000,294.000000,329.000000,False,HARD,17.000000,False,Red Bull Racing,3479.438000,,1,,False,,False,True
2026,7,Barcelona Grand Prix,FP2,3650.679000,VER,3,max_verstappen,red_bull,87.929000,21.000000,4.000000,,3647.808000,23.936000,33.647000,30.346000,3586.686000,3620.333000,3650.679000,251.000000,276.000000,,331.000000,False,HARD,18.000000,False,Red Bull Racing,3562.750000,,1,,False,,False,False
2026,7,Barcelona Grand Prix,FP2,3754.594000,VER,3,max_verstappen,red_bull,103.915000,22.000000,5.000000,3672.384000,,46.115000,33.026000,24.774000,3696.794000,3729.820000,3754.594000,239.000000,256.000000,299.000000,253.000000,False,SOFT,4.000000,False,Red Bull Racing,3650.679000,,1,,False,,False,False
2026,7,Barcelona Grand Prix,FP2,3837.048000,VER,3,max_verstappen,red_bull,82.454000,23.000000,5.000000,,,23.750000,33.702000,25.002000,3778.344000,3812.046000,3837.048000,254.000000,263.000000,297.000000,327.000000,False,SOFT,5.000000,False,Red Bull Racing,3754.594000,,1,,False,,False,True
2026,7,Barcelona Grand Prix,FP2,3918.402000,VER,3,max_verstappen,red_bull,81.354000,24.000000,5.000000,,,23.563000,33.084000,24.707000,3860.611000,3893.695000,3918.402000,258.000000,267.000000,298.000000,325.000000,False,SOFT,6.000000,False,Red Bull Racing,3837.048000,,1,,False,,False,True
2026,7,Barcelona Grand Prix,FP2,3999.790000,VER,3,max_verstappen,red_bull,81.388000,25.000000,5.000000,,,23.697000,33.088000,24.603000,3942.099000,3975.187000,3999.790000,228.000000,267.000000,296.000000,335.000000,False,SOFT,7.000000,False,Red Bull Racing,3918.402000,,1,,False,,False,True
2026,7,Barcelona Grand Prix,FP2,4081.007000,VER,3,max_verstappen,red_bull,81.217000,26.000000,5.000000,,,23.466000,32.998000,24.753000,4023.256000,4056.254000,4081.007000,254.000000,267.000000,298.000000,331.000000,False,SOFT,8.000000,False,Red Bull Racing,3999.790000,,1,,False,,False,True
2026,7,Barcelona Grand Prix,FP2,4162.663000,VER,3,max_verstappen,red_bull,81.656000,27.000000,5.000000,,,23.529000,33.215000,24.912000,4104.536000,4137.751000,4162.663000,260.000000,272.000000,298.000000,333.000000,False,SOFT,9.000000,False,Red Bull Racing,4081.007000,,1,,False,,False,True
2026,7,Barcelona Grand Prix,FP2,4244.201000,VER,3,max_verstappen,red_bull,81.538000,28.000000,5.000000,,,23.490000,33.170000,24.878000,4186.153000,4219.323000,4244.201000,261.000000,270.000000,297.000000,331.000000,False,SOFT,10.000000,False,Red Bull Racing,4162.663000,,1,,False,,False,True
2026,7,Barcelona Grand Prix,FP2,4326.260000,VER,3,max_verstappen,red_bull,82.059000,29.000000,5.000000,,,23.506000,33.285000,25.268000,4267.707000,4300.992000,4326.260000,256.000000,270.000000,298.000000,332.000000,False,SOFT,11.000000,False,Red Bull Racing,4244.201000,,1,,False,,False,True
2026,7,Barcelona Grand Prix,FP2,4408.376000,VER,3,max_verstappen,red_bull,82.116000,30.000000,5.000000,,,23.621000,33.439000,25.056000,4349.881000,4383.320000,4408.376000,256.000000,271.000000,297.000000,350.000000,False,SOFT,12.000000,False,Red Bull Racing,4326.260000,,1,,False,,False,True
2026,7,Barcelona Grand Prix,FP2,4490.960000,VER,3,max_verstappen,red_bull,82.584000,31.000000,5.000000,,,23.627000,33.467000,25.490000,4432.003000,4465.470000,4490.960000,256.000000,269.000000,297.000000,336.000000,False,SOFT,13.000000,False,Red Bull Racing,4408.376000,,1,,False,,False,True
2026,7,Barcelona Grand Prix,FP2,4628.482000,VER,3,max_verstappen,red_bull,137.522000,32.000000,5.000000,,,33.633000,54.263000,49.626000,4524.593000,4578.856000,4628.482000,141.000000,121.000000,61.000000,198.000000,False,SOFT,14.000000,False,Red Bull Racing,4490.960000,,1,,False,,False,True
2026,7,Barcelona Grand Prix,FP2,4784.062000,VER,3,max_verstappen,red_bull,,33.000000,5.000000,,4781.130000,81.138000,42.242000,32.039000,4709.806000,4752.159000,4784.062000,169.000000,180.000000,,174.000000,False,SOFT,15.000000,False,Red Bull Racing,4628.482000,,1,,False,,False,False
2026,7,Barcelona Grand Prix,FP2,990.796000,BOR,5,bortoleto,audi,,1.000000,1.000000,844.746000,,,36.462000,45.305000,,945.749000,990.921000,218.000000,165.000000,273.000000,72.000000,False,MEDIUM,1.000000,True,Audi,844.746000,,1,,False,,False,False
2026,7,Barcelona Grand Prix,FP2,1068.685000,BOR,5,bortoleto,audi,77.889000,2.000000,1.000000,,,22.962000,31.412000,23.515000,1013.758000,1045.170000,1068.685000,282.000000,280.000000,272.000000,335.000000,True,MEDIUM,2.000000,True,Audi,990.796000,,1,,False,,False,True
2026,7,Barcelona Grand Prix,FP2,1202.646000,BOR,5,bortoleto,audi,133.961000,3.000000,1.000000,,1199.882000,40.054000,54.307000,39.600000,1108.739000,1163.046000,1202.646000,86.000000,137.000000,,190.000000,False,MEDIUM,3.000000,True,Audi,1068.685000,,1,,False,,False,False
2026,7,Barcelona Grand Prix,FP2,1332.065000,BOR,5,bortoleto,audi,129.419000,4.000000,2.000000,1227.880000,,61.953000,36.472000,30.994000,1264.599000,1301.071000,1332.065000,165.000000,230.000000,274.000000,160.000000,False,MEDIUM,4.000000,False,Audi,1202.646000,,1,,False,,False,False
2026,7,Barcelona Grand Prix,FP2,1409.759000,BOR,5,bortoleto,audi,77.694000,5.000000,2.000000,,,22.649000,31.601000,23.444000,1354.714000,1386.315000,1409.759000,280.000000,283.000000,273.000000,336.000000,True,MEDIUM,5.000000,False,Audi,1332.065000,,1,,False,,False,True
2026,7,Barcelona Grand Prix,FP2,1531.945000,BOR,5,bortoleto,audi,122.186000,6.000000,2.000000,,1528.993000,36.157000,48.240000,37.789000,1445.916000,1494.156000,1531.945000,113.000000,142.000000,,255.000000,False,MEDIUM,6.000000,False,Audi,1409.759000,,1,,False,,False,False
2026,7,Barcelona Grand Prix,FP2,1670.103000,BOR,5,bortoleto,audi,138.158000,7.000000,3.000000,1554.692000,,56.020000,44.107000,38.031000,1587.965000,1632.072000,1670.103000,182.000000,130.000000,276.000000,157.000000,False,MEDIUM,7.000000,False,Audi,1531.945000,,1,,False,,False,False
2026,7,Barcelona Grand Prix,FP2,1748.015000,BOR,5,bortoleto,audi,77.912000,8.000000,3.000000,,,22.742000,31.649000,23.521000,1692.845000,1724.494000,1748.015000,277.000000,285.000000,271.000000,329.000000,False,MEDIUM,8.000000,False,Audi,1670.103000,,1,,False,,False,True
2026,7,Barcelona Grand Prix,FP2,1854.824000,BOR,5,bortoleto,audi,106.809000,9.000000,3.000000,,1852.007000,29.803000,38.739000,38.267000,1777.818000,1816.557000,1854.824000,178.000000,156.000000,,247.000000,False,MEDIUM,9.000000,False,Audi,1748.015000,,126,,False,,False,False
2026,7,Barcelona Grand Prix,FP2,2628.859000,BOR,5,bortoleto,audi,,10.000000,4.000000,2524.131000,,,40.751000,35.527000,,2593.426000,2629.012000,186.000000,206.000000,277.000000,226.000000,False,SOFT,1.000000,True,Audi,1854.824000,,671,,False,,False,False
2026,7,Barcelona Grand Prix,FP2,2705.470000,BOR,5,bortoleto,audi,76.611000,11.000000,4.000000,,,22.399000,31.028000,23.184000,2651.258000,2682.286000,2705.470000,281.000000,285.000000,275.000000,333.000000,True,SOFT,2.000000,True,Audi,2628.859000,,1,,False,,False,True
2026,7,Barcelona Grand Prix,FP2,2837.546000,BOR,5,bortoleto,audi,132.076000,12.000000,4.000000,,2834.686000,35.504000,52.541000,44.031000,2740.974000,2793.515000,2837.546000,106.000000,119.000000,,199.000000,False,SOFT,3.000000,True,Audi,2705.470000,,1,,False,,False,False
2026,7,Barcelona Grand Prix,FP2,3046.921000,BOR,5,bortoleto,audi,,13.000000,5.000000,2937.087000,,,46.624000,27.863000,,3019.213000,3047.026000,163.000000,232.000000,276.000000,138.000000,False,SOFT,4.000000,False,Audi,2837.546000,,1,,False,,False,False
2026,7,Barcelona Grand Prix,FP2,3129.667000,BOR,5,bortoleto,audi,82.746000,14.000000,5.000000,,3126.682000,22.637000,31.587000,28.522000,3069.558000,3101.145000,3129.667000,277.000000,284.000000,,334.000000,False,SOFT,5.000000,False,Audi,3046.921000,,1,,False,,False,False
2026,7,Barcelona Grand Prix,FP2,3533.669000,BOR,5,bortoleto,audi,,15.000000,6.000000,3420.006000,,,33.427000,24.728000,,3509.171000,3533.781000,237.000000,271.000000,293.000000,204.000000,False,MEDIUM,10.000000,False,Audi,3129.667000,,1,,False,,False,False
2026,7,Barcelona Grand Prix,FP2,3615.812000,BOR,5,bortoleto,audi,82.143000,16.000000,6.000000,,,23.918000,33.222000,25.003000,3557.587000,3590.809000,3615.812000,255.000000,269.000000,291.000000,316.000000,False,MEDIUM,11.000000,False,Audi,3533.669000,,1,,False,,False,True
2026,7,Barcelona Grand Prix,FP2,3698.295000,BOR,5,bortoleto,audi,82.483000,17.000000,6.000000,,,23.872000,33.512000,25.099000,3639.684000,3673.196000,3698.295000,260.000000,264.000000,291.000000,321.000000,False,MEDIUM,12.000000,False,Audi,3615.812000,,1,,False,,False,True
2026,7,Barcelona Grand Prix,FP2,3781.270000,BOR,5,bortoleto,audi,82.975000,18.000000,6.000000,,,24.052000,33.649000,25.274000,3722.347000,3755.996000,3781.270000,257.000000,264.000000,294.000000,319.000000,False,MEDIUM,13.000000,False,Audi,3698.295000,,1,,False,,False,True
2026,7,Barcelona Grand Prix,FP2,3866.618000,BOR,5,bortoleto,audi,85.348000,19.000000,6.000000,,,24.355000,34.733000,26.260000,3805.625000,3840.358000,3866.618000,243.000000,225.000000,290.000000,321.000000,False,MEDIUM,14.000000,False,Audi,3781.270000,,1,,False,,False,True
2026,7,Barcelona Grand Prix,FP2,3953.696000,BOR,5,bortoleto,audi,87.078000,20.000000,6.000000,,,25.009000,35.647000,26.422000,3891.627000,3927.274000,3953.696000,228.000000,222.000000,292.000000,325.000000,False,MEDIUM,15.000000,False,Audi,3866.618000,,1,,False,,False,True
2026,7,Barcelona Grand Prix,FP2,4037.311000,BOR,5,bortoleto,audi,83.615000,21.000000,6.000000,,,24.052000,33.967000,25.596000,3977.748000,4011.715000,4037.311000,251.000000,263.000000,290.000000,335.000000,False,MEDIUM,16.000000,False,Audi,3953.696000,,1,,False,,False,True
2026,7,Barcelona Grand Prix,FP2,4121.415000,BOR,5,bortoleto,audi,84.104000,22.000000,6.000000,,,24.373000,34.175000,25.556000,4061.684000,4095.859000,4121.415000,250.000000,265.000000,290.000000,323.000000,False,MEDIUM,17.000000,False,Audi,4037.311000,,1,,False,,False,True
2026,7,Barcelona Grand Prix,FP2,4207.079000,BOR,5,bortoleto,audi,85.664000,23.000000,6.000000,,,24.348000,34.997000,26.319000,4145.763000,4180.760000,4207.079000,259.000000,265.000000,288.000000,322.000000,False,MEDIUM,18.000000,False,Audi,4121.415000,,1,,False,,False,True
2026,7,Barcelona Grand Prix,FP2,4299.184000,BOR,5,bortoleto,audi,92.105000,24.000000,6.000000,,4296.328000,24.797000,36.349000,30.959000,4231.876000,4268.225000,4299.184000,241.000000,220.000000,,326.000000,False,MEDIUM,19.000000,False,Audi,4207.079000,,1,,False,,False,False
2026,7,Barcelona Grand Prix,FP2,4438.694000,BOR,5,bortoleto,audi,139.510000,25.000000,7.000000,4328.375000,,80.404000,34.312000,24.794000,4379.588000,4413.900000,4438.694000,185.000000,270.000000,291.000000,175.000000,False,SOFT,6.000000,False,Audi,4299.184000,,1,,False,,False,False
2026,7,Barcelona Grand Prix,FP2,4533.098000,BOR,5,bortoleto,audi,94.404000,26.000000,7.000000,,,23.966000,33.391000,37.047000,4462.660000,4496.051000,4533.098000,260.000000,265.000000,115.000000,321.000000,False,SOFT,7.000000,False,Audi,4438.694000,,1,,False,,False,True
2026,7,Barcelona Grand Prix,FP2,4672.938000,BOR,5,bortoleto,audi,139.840000,27.000000,7.000000,,4669.970000,66.540000,40.851000,32.449000,4599.638000,4640.489000,4672.938000,197.000000,166.000000,,262.000000,False,SOFT,8.000000,False,Audi,4533.098000,,1,,False,,False,False
2026,7,Barcelona Grand Prix,FP2,1022.267000,HAD,6,hadjar,red_bull,,1.000000,1.000000,922.349000,,,40.473000,30.205000,,992.269000,1022.366000,194.000000,228.000000,285.000000,206.000000,False,MEDIUM,1.000000,True,Red Bull Racing,922.349000,,1,,False,,False,False
2026,7,Barcelona Grand Prix,FP2,1100.763000,HAD,6,hadjar,red_bull,78.496000,2.000000,1.000000,,,22.794000,31.750000,23.952000,1045.061000,1076.811000,1100.763000,281.000000,273.000000,276.000000,323.000000,True,MEDIUM,2.000000,True,Red Bull Racing,1022.267000,,1,,False,,False,True
2026,7,Barcelona Grand Prix,FP2,1233.805000,HAD,6,hadjar,red_bull,133.042000,3.000000,1.000000,,,35.136000,60.913000,36.993000,1135.899000,1196.812000,1233.805000,176.000000,147.000000,192.000000,192.000000,False,MEDIUM,3.000000,True,Red Bull Racing,1100.763000,,1,,False,,False,True
2026,7,Barcelona Grand Prix,FP2,1367.410000,HAD,6,hadjar,red_bull,133.605000,4.000000,1.000000,,,36.598000,55.978000,41.029000,1270.403000,1326.381000,1367.410000,167.000000,207.000000,281.000000,211.000000,False,MEDIUM,4.000000,True,Red Bull Racing,1233.805000,,1,,False,,False,True
2026,7,Barcelona Grand Prix,FP2,1445.817000,HAD,6,hadjar,red_bull,78.407000,5.000000,1.000000,,,22.735000,31.781000,23.891000,1390.145000,1421.926000,1445.817000,283.000000,271.000000,264.000000,320.000000,True,MEDIUM,5.000000,True,Red Bull Racing,1367.410000,,1,,False,,False,True
2026,7,Barcelona Grand Prix,FP2,1588.848000,HAD,6,hadjar,red_bull,143.031000,6.000000,1.000000,,1586.070000,46.069000,53.911000,43.051000,1491.886000,1545.797000,1588.848000,125.000000,139.000000,,159.000000,False,MEDIUM,6.000000,True,Red Bull Racing,1445.817000,,1,,False,,False,False
2026,7,Barcelona Grand Prix,FP2,1743.891000,HAD,6,hadjar,red_bull,,7.000000,2.000000,1616.414000,,62.094000,51.291000,41.590000,1651.165000,1702.483000,1743.891000,175.000000,88.000000,271.000000,188.000000,False,MEDIUM,7.000000,False,Red Bull Racing,1588.848000,,1,,False,,False,False
2026,7,Barcelona Grand Prix,FP2,1837.906000,HAD,6,hadjar,red_bull,94.015000,8.000000,2.000000,,1835.128000,22.965000,31.486000,39.564000,1766.856000,1798.342000,1837.906000,286.000000,281.000000,,316.000000,False,MEDIUM,8.000000,False,Red Bull Racing,1743.891000,,126,,False,,False,False
2026,7,Barcelona Grand Prix,FP2,2413.121000,HAD,6,hadjar,red_bull,,9.000000,3.000000,2310.907000,,,40.948000,30.272000,,2383.017000,2413.178000,199.000000,195.000000,285.000000,186.000000,False,SOFT,1.000000,True,Red Bull Racing,1837.906000,,671,,False,,False,False
2026,7,Barcelona Grand Prix,FP2,2489.795000,HAD,6,hadjar,red_bull,76.674000,10.000000,3.000000,,,22.360000,30.886000,23.428000,2435.481000,2466.367000,2489.795000,287.000000,283.000000,269.000000,318.000000,True,SOFT,2.000000,True,Red Bull Racing,2413.121000,,1,,False,,False,True
2026,7,Barcelona Grand Prix,FP2,2642.348000,HAD,6,hadjar,red_bull,,11.000000,3.000000,,,41.804000,64.046000,46.728000,2531.693000,2595.698000,2642.424000,87.000000,110.000000,161.000000,165.000000,False,SOFT,3.000000,True,Red Bull Racing,2489.795000,,1,,False,,False,False
2026,7,Barcelona Grand Prix,FP2,2766.750000,HAD,6,hadjar,red_bull,124.402000,12.000000,3.000000,,,42.252000,45.833000,36.317000,2684.600000,2730.433000,2766.750000,178.000000,234.000000,279.000000,212.000000,False,SOFT,4.000000,True,Red Bull Racing,2642.348000,,1,,False,,False,True
2026,7,Barcelona Grand Prix,FP2,2844.506000,HAD,6,hadjar,red_bull,77.756000,13.000000,3.000000,,,22.419000,31.519000,23.818000,2789.169000,2820.688000,2844.506000,291.000000,282.000000,266.000000,322.000000,False,SOFT,5.000000,True,Red Bull Racing,2766.750000,,1,,False,,False,True
2026,7,Barcelona Grand Prix,FP2,2931.614000,HAD,6,hadjar,red_bull,87.108000,14.000000,3.000000,,2928.790000,24.259000,33.113000,29.736000,2868.765000,2901.878000,2931.614000,258.000000,238.000000,,292.000000,False,SOFT,6.000000,True,Red Bull Racing,2844.506000,,1,,False,,False,False
2026,7,Barcelona Grand Prix,FP2,3348.296000,HAD,6,hadjar,red_bull,,15.000000,4.000000,3234.242000,,,34.471000,25.831000,,3322.584000,3348.368000,253.000000,253.000000,293.000000,244.000000,False,MEDIUM,9.000000,False,Red Bull Racing,2931.614000,,1,,False,,False,False
2026,7,Barcelona Grand Prix,FP2,3430.355000,HAD,6,hadjar,red_bull,82.059000,16.000000,4.000000,,,23.769000,33.067000,25.223000,3372.065000,3405.132000,3430.355000,256.000000,262.000000,288.000000,311.000000,False,MEDIUM,10.000000,False,Red Bull Racing,3348.296000,,1,,True,TRACK LIMITS AT TURN 10 LAP 17 ,False,True
2026,7,Barcelona Grand Prix,FP2,3513.136000,HAD,6,hadjar,red_bull,82.781000,17.000000,4.000000,,,24.261000,33.232000,25.288000,3454.616000,3487.848000,3513.136000,257.000000,267.000000,287.000000,300.000000,False,MEDIUM,11.000000,False,Red Bull Racing,3430.355000,,1,,False,,False,True
2026,7,Barcelona Grand Prix,FP2,3596.506000,HAD,6,hadjar,red_bull,83.370000,18.000000,4.000000,,,24.490000,33.382000,25.498000,3537.626000,3571.008000,3596.506000,252.000000,262.000000,285.000000,301.000000,False,MEDIUM,12.000000,False,Red Bull Racing,3513.136000,,1,,False,,False,True
2026,7,Barcelona Grand Prix,FP2,3679.549000,HAD,6,hadjar,red_bull,83.043000,19.000000,4.000000,,,24.500000,33.311000,25.232000,3621.006000,3654.317000,3679.549000,259.000000,274.000000,286.000000,300.000000,False,MEDIUM,13.000000,False,Red Bull Racing,3596.506000,,1,,False,,False,True
2026,7,Barcelona Grand Prix,FP2,3763.299000,HAD,6,hadjar,red_bull,83.750000,20.000000,4.000000,,,24.528000,33.634000,25.588000,3704.077000,3737.711000,3763.299000,258.000000,263.000000,292.000000,303.000000,False,MEDIUM,14.000000,False,Red Bull Racing,3679.549000,,1,,False,,False,True
2026,7,Barcelona Grand Prix,FP2,3849.058000,HAD,6,hadjar,red_bull,85.759000,21.000000,4.000000,,,24.256000,35.021000,26.482000,3787.555000,3822.576000,3849.058000,254.000000,239.000000,294.000000,337.000000,False,MEDIUM,15.000000,False,Red Bull Racing,3763.299000,,1,,False,,False,True
2026,7,Barcelona Grand Prix,FP2,3932.462000,HAD,6,hadjar,red_bull,83.404000,22.000000,4.000000,,,24.098000,33.656000,25.650000,3873.156000,3906.812000,3932.462000,252.000000,263.000000,292.000000,328.000000,False,MEDIUM,16.000000,False,Red Bull Racing,3849.058000,,1,,False,,False,True
2026,7,Barcelona Grand Prix,FP2,4019.372000,HAD,6,hadjar,red_bull,86.910000,23.000000,4.000000,,4016.411000,23.954000,33.783000,29.173000,3956.416000,3990.199000,4019.372000,256.000000,262.000000,,329.000000,False,MEDIUM,17.000000,False,Red Bull Racing,3932.462000,,1,,False,,False,False
2026,7,Barcelona Grand Prix,FP2,4122.328000,HAD,6,hadjar,red_bull,102.956000,24.000000,5.000000,4038.708000,,44.418000,33.178000,25.360000,4063.790000,4096.968000,4122.328000,255.000000,262.000000,294.000000,241.000000,False,SOFT,7.000000,False,Red Bull Racing,4019.372000,,1,,False,,False,False
2026,7,Barcelona Grand Prix,FP2,4205.174000,HAD,6,hadjar,red_bull,82.846000,25.000000,5.000000,,,23.812000,33.439000,25.595000,4146.140000,4179.579000,4205.174000,240.000000,268.000000,293.000000,336.000000,False,SOFT,8.000000,False,Red Bull Racing,4122.328000,,1,,False,,False,True
2026,7,Barcelona Grand Prix,FP2,4289.602000,HAD,6,hadjar,red_bull,84.428000,26.000000,5.000000,,,23.920000,34.544000,25.964000,4229.094000,4263.638000,4289.602000,246.000000,244.000000,294.000000,334.000000,False,SOFT,9.000000,False,Red Bull Racing,4205.174000,,1,,False,,False,True
2026,7,Barcelona Grand Prix,FP2,4372.560000,HAD,6,hadjar,red_bull,82.958000,27.000000,5.000000,,,23.958000,33.722000,25.278000,4313.560000,4347.282000,4372.560000,247.000000,265.000000,293.000000,336.000000,False,SOFT,10.000000,False,Red Bull Racing,4289.602000,,1,,False,,False,True
2026,7,Barcelona Grand Prix,FP2,4455.543000,HAD,6,hadjar,red_bull,82.983000,28.000000,5.000000,,,24.176000,33.669000,25.138000,4396.736000,4430.405000,4455.543000,262.000000,264.000000,294.000000,333.000000,False,SOFT,11.000000,False,Red Bull Racing,4372.560000,,1,,False,,False,True
2026,7,Barcelona Grand Prix,FP2,4586.789000,HAD,6,hadjar,red_bull,131.246000,29.000000,5.000000,,,31.683000,49.286000,50.277000,4487.226000,4536.512000,4586.789000,170.000000,185.000000,78.000000,309.000000,False,SOFT,12.000000,False,Red Bull Racing,4455.543000,,1,,False,,False,True
2026,7,Barcelona Grand Prix,FP2,4723.127000,HAD,6,hadjar,red_bull,136.338000,30.000000,5.000000,,4720.349000,64.643000,35.332000,36.363000,4651.432000,4686.764000,4723.127000,235.000000,245.000000,,290.000000,False,SOFT,13.000000,False,Red Bull Racing,4586.789000,,1,,False,,False,False
2026,7,Barcelona Grand Prix,FP2,960.736000,GAS,10,gasly,alpine,,1.000000,1.000000,847.414000,,,41.615000,32.234000,,928.615000,960.791000,195.000000,208.000000,272.000000,101.000000,False,MEDIUM,1.000000,True,Alpine,847.414000,,1,,False,,False,False
2026,7,Barcelona Grand Prix,FP2,1039.150000,GAS,10,gasly,alpine,78.414000,2.000000,1.000000,,,23.203000,31.696000,23.515000,983.939000,1015.635000,1039.150000,271.000000,283.000000,283.000000,322.000000,True,MEDIUM,2.000000,True,Alpine,960.736000,,1,,False,,False,True
2026,7,Barcelona Grand Prix,FP2,1167.402000,GAS,10,gasly,alpine,128.252000,3.000000,1.000000,,1164.552000,36.847000,51.211000,40.194000,1075.997000,1127.208000,1167.402000,134.000000,162.000000,,176.000000,False,MEDIUM,3.000000,True,Alpine,1039.150000,,1,,False,,False,False
2026,7,Barcelona Grand Prix,FP2,1289.901000,GAS,10,gasly,alpine,122.499000,4.000000,2.000000,1181.391000,,48.043000,45.035000,29.421000,1215.445000,1260.480000,1289.901000,203.000000,216.000000,273.000000,186.000000,False,MEDIUM,4.000000,False,Alpine,1167.402000,,1,,False,,False,False
2026,7,Barcelona Grand Prix,FP2,1367.908000,GAS,10,gasly,alpine,78.007000,5.000000,2.000000,,,22.766000,31.440000,23.801000,1312.667000,1344.107000,1367.908000,272.000000,282.000000,279.000000,328.000000,True,MEDIUM,5.000000,False,Alpine,1289.901000,,1,,False,,False,True
2026,7,Barcelona Grand Prix,FP2,1505.776000,GAS,10,gasly,alpine,137.868000,6.000000,2.000000,,1502.951000,39.009000,54.095000,44.764000,1406.917000,1461.012000,1505.776000,94.000000,127.000000,,304.000000,False,MEDIUM,6.000000,False,Alpine,1367.908000,,1,,False,,False,False
2026,7,Barcelona Grand Prix,FP2,1646.239000,GAS,10,gasly,alpine,140.463000,7.000000,3.000000,1531.041000,,64.129000,48.314000,28.020000,1569.905000,1618.219000,1646.239000,153.000000,229.000000,282.000000,131.000000,False,MEDIUM,7.000000,False,Alpine,1505.776000,,1,,False,,False,False
2026,7,Barcelona Grand Prix,FP2,1724.517000,GAS,10,gasly,alpine,78.278000,8.000000,3.000000,,,22.779000,31.624000,23.875000,1669.018000,1700.642000,1724.517000,269.000000,275.000000,284.000000,324.000000,False,MEDIUM,8.000000,False,Alpine,1646.239000,,1,,False,,False,True
2026,7,Barcelona Grand Prix,FP2,1830.591000,GAS,10,gasly,alpine,106.074000,9.000000,3.000000,,1827.879000,28.019000,40.945000,37.110000,1752.536000,1793.481000,1830.591000,228.000000,235.000000,,292.000000,False,MEDIUM,9.000000,False,Alpine,1724.517000,,126,,False,,False,False
2026,7,Barcelona Grand Prix,FP2,2520.955000,GAS,10,gasly,alpine,,10.000000,4.000000,2417.092000,,,39.416000,28.385000,,2492.736000,2520.996000,197.000000,209.000000,279.000000,119.000000,False,SOFT,1.000000,True,Alpine,1830.591000,,671,,False,,False,False
2026,7,Barcelona Grand Prix,FP2,2629.894000,GAS,10,gasly,alpine,108.939000,11.000000,4.000000,,2627.075000,22.597000,41.551000,44.791000,2543.552000,2585.103000,2629.894000,283.000000,129.000000,,329.000000,False,SOFT,2.000000,True,Alpine,2520.955000,,1,,False,,False,False
2026,7,Barcelona Grand Prix,FP2,2760.769000,GAS,10,gasly,alpine,130.875000,12.000000,5.000000,2643.690000,,49.601000,48.109000,33.165000,2679.495000,2727.604000,2760.769000,168.000000,214.000000,270.000000,153.000000,False,SOFT,3.000000,False,Alpine,2629.894000,,1,,False,,False,False
2026,7,Barcelona Grand Prix,FP2,2838.029000,GAS,10,gasly,alpine,77.260000,13.000000,5.000000,,,22.631000,31.143000,23.486000,2783.400000,2814.543000,2838.029000,275.000000,283.000000,273.000000,328.000000,True,SOFT,4.000000,False,Alpine,2760.769000,,1,,False,,False,True
2026,7,Barcelona Grand Prix,FP2,2945.123000,GAS,10,gasly,alpine,107.094000,14.000000,5.000000,,2942.302000,33.741000,40.059000,33.294000,2871.770000,2911.829000,2945.123000,134.000000,218.000000,,260.000000,False,SOFT,5.000000,False,Alpine,2838.029000,,1,,False,,False,False
2026,7,Barcelona Grand Prix,FP2,3436.918000,GAS,10,gasly,alpine,,15.000000,6.000000,3320.834000,,,34.552000,25.579000,,3411.491000,3436.935000,228.000000,243.000000,288.000000,237.000000,False,MEDIUM,10.000000,False,Alpine,2945.123000,,1,,False,,False,False
2026,7,Barcelona Grand Prix,FP2,3518.964000,GAS,10,gasly,alpine,82.046000,16.000000,6.000000,,,23.860000,33.210000,24.976000,3460.778000,3493.988000,3518.964000,258.000000,263.000000,291.000000,328.000000,False,MEDIUM,11.000000,False,Alpine,3436.918000,,1,,False,,False,True
2026,7,Barcelona Grand Prix,FP2,3601.589000,GAS,10,gasly,alpine,82.625000,17.000000,6.000000,,,23.974000,33.571000,25.080000,3542.938000,3576.509000,3601.589000,255.000000,268.000000,292.000000,324.000000,False,MEDIUM,12.000000,False,Alpine,3518.964000,,1,,False,,False,True
2026,7,Barcelona Grand Prix,FP2,3684.616000,GAS,10,gasly,alpine,83.027000,18.000000,6.000000,,,23.910000,33.781000,25.336000,3625.499000,3659.280000,3684.616000,261.000000,250.000000,292.000000,327.000000,False,MEDIUM,13.000000,False,Alpine,3601.589000,,1,,False,,False,True
2026,7,Barcelona Grand Prix,FP2,3768.104000,GAS,10,gasly,alpine,83.488000,19.000000,6.000000,,,24.226000,33.833000,25.429000,3708.842000,3742.675000,3768.104000,257.000000,264.000000,291.000000,321.000000,False,MEDIUM,14.000000,False,Alpine,3684.616000,,1,,False,,False,True
2026,7,Barcelona Grand Prix,FP2,3851.974000,GAS,10,gasly,alpine,83.870000,20.000000,6.000000,,,24.126000,34.055000,25.689000,3792.230000,3826.285000,3851.974000,254.000000,252.000000,290.000000,332.000000,False,MEDIUM,15.000000,False,Alpine,3768.104000,,1,,False,,False,True
2026,7,Barcelona Grand Prix,FP2,3936.510000,GAS,10,gasly,alpine,84.536000,21.000000,6.000000,,,24.391000,34.396000,25.749000,3876.365000,3910.761000,3936.510000,249.000000,259.000000,292.000000,332.000000,False,MEDIUM,16.000000,False,Alpine,3851.974000,,1,,False,,False,True
2026,7,Barcelona Grand Prix,FP2,4021.966000,GAS,10,gasly,alpine,85.456000,22.000000,6.000000,,,24.587000,34.894000,25.975000,3961.097000,3995.991000,4021.966000,239.000000,260.000000,289.000000,336.000000,False,MEDIUM,17.000000,False,Alpine,3936.510000,,1,,True,TRACK LIMITS AT TURN 13 LAP 23 ,False,True
2026,7,Barcelona Grand Prix,FP2,4114.408000,GAS,10,gasly,alpine,92.442000,23.000000,6.000000,,,24.654000,38.448000,29.340000,4046.620000,4085.068000,4114.408000,244.000000,133.000000,286.000000,331.000000,False,MEDIUM,18.000000,False,Alpine,4021.966000,,1,,False,,False,True
2026,7,Barcelona Grand Prix,FP2,4199.432000,GAS,10,gasly,alpine,85.024000,24.000000,6.000000,,,24.554000,34.591000,25.879000,4138.962000,4173.553000,4199.432000,244.000000,243.000000,288.000000,328.000000,False,MEDIUM,19.000000,False,Alpine,4114.408000,,1,,False,,False,True
2026,7,Barcelona Grand Prix,FP2,4285.100000,GAS,10,gasly,alpine,85.668000,25.000000,6.000000,,,24.557000,34.807000,26.304000,4223.989000,4258.796000,4285.100000,247.000000,250.000000,285.000000,330.000000,False,MEDIUM,20.000000,False,Alpine,4199.432000,,1,,False,,False,True
2026,7,Barcelona Grand Prix,FP2,4371.601000,GAS,10,gasly,alpine,86.501000,26.000000,6.000000,,,24.734000,35.199000,26.568000,4309.834000,4345.033000,4371.601000,250.000000,238.000000,284.000000,331.000000,False,MEDIUM,21.000000,False,Alpine,4285.100000,,1,,False,,False,True
2026,7,Barcelona Grand Prix,FP2,4459.600000,GAS,10,gasly,alpine,87.999000,27.000000,6.000000,,,25.042000,35.989000,26.968000,4396.643000,4432.632000,4459.600000,234.000000,236.000000,284.000000,331.000000,False,MEDIUM,22.000000,False,Alpine,4371.601000,,1,,False,,False,True
2026,7,Barcelona Grand Prix,FP2,4592.772000,GAS,10,gasly,alpine,133.172000,28.000000,6.000000,,,33.091000,46.580000,53.501000,4492.691000,4539.271000,4592.772000,150.000000,225.000000,69.000000,204.000000,False,MEDIUM,23.000000,False,Alpine,4459.600000,,1,,False,,False,True
2026,7,Barcelona Grand Prix,FP2,4737.081000,GAS,10,gasly,alpine,144.309000,29.000000,6.000000,,4734.364000,67.336000,38.217000,38.756000,4660.108000,4698.325000,4737.081000,218.000000,217.000000,,295.000000,False,MEDIUM,24.000000,False,Alpine,4592.772000,,1,,False,,False,False
2026,7,Barcelona Grand Prix,FP2,939.619000,PER,11,perez,cadillac,,1.000000,1.000000,837.824000,,,39.636000,29.018000,,910.865000,939.749000,178.000000,210.000000,280.000000,169.000000,False,MEDIUM,1.000000,True,Cadillac,837.824000,,1,,False,,False,False
2026,7,Barcelona Grand Prix,FP2,1020.137000,PER,11,perez,cadillac,80.518000,2.000000,1.000000,,,24.008000,32.217000,24.293000,963.627000,995.844000,1020.137000,250.000000,264.000000,293.000000,312.000000,True,MEDIUM,2.000000,True,Cadillac,939.619000,,1,,False,,False,True
2026,7,Barcelona Grand Prix,FP2,1128.134000,PER,11,perez,cadillac,107.997000,3.000000,1.000000,,,32.980000,42.629000,32.388000,1053.117000,1095.746000,1128.134000,178.000000,181.000000,202.000000,182.000000,False,MEDIUM,3.000000,True,Cadillac,1020.137000,,1,,False,,False,True
2026,7,Barcelona Grand Prix,FP2,1236.512000,PER,11,perez,cadillac,108.378000,4.000000,1.000000,,,31.285000,44.824000,32.269000,1159.419000,1204.243000,1236.512000,184.000000,136.000000,285.000000,260.000000,False,MEDIUM,4.000000,True,Cadillac,1128.134000,,1,,False,,False,True
2026,7,Barcelona Grand Prix,FP2,1316.414000,PER,11,perez,cadillac,79.902000,5.000000,1.000000,,,23.540000,32.133000,24.229000,1260.052000,1292.185000,1316.414000,264.000000,269.000000,291.000000,318.000000,True,MEDIUM,5.000000,True,Cadillac,1236.512000,,1,,False,,False,True
2026,7,Barcelona Grand Prix,FP2,1422.086000,PER,11,perez,cadillac,105.672000,6.000000,1.000000,,1419.245000,29.605000,40.802000,35.265000,1346.019000,1386.821000,1422.086000,180.000000,185.000000,,267.000000,False,MEDIUM,6.000000,True,Cadillac,1316.414000,,1,,False,,False,False
2026,7,Barcelona Grand Prix,FP2,1559.089000,PER,11,perez,cadillac,137.003000,7.000000,2.000000,1448.176000,,62.671000,45.517000,28.815000,1484.757000,1530.274000,1559.089000,191.000000,201.000000,287.000000,143.000000,False,MEDIUM,7.000000,False,Cadillac,1422.086000,,1,,False,,False,False
2026,7,Barcelona Grand Prix,FP2,1639.067000,PER,11,perez,cadillac,79.978000,8.000000,2.000000,,,23.291000,32.172000,24.515000,1582.380000,1614.552000,1639.067000,270.000000,286.000000,288.000000,316.000000,False,MEDIUM,8.000000,False,Cadillac,1559.089000,,1,,False,,False,True
2026,7,Barcelona Grand Prix,FP2,1753.505000,PER,11,perez,cadillac,114.438000,9.000000,2.000000,,1750.704000,37.161000,43.080000,34.197000,1676.228000,1719.308000,1753.505000,159.000000,201.000000,,161.000000,False,MEDIUM,9.000000,False,Cadillac,1639.067000,,1,,False,,False,False
2026,7,Barcelona Grand Prix,FP2,1914.254000,PER,11,perez,cadillac,,10.000000,3.000000,1781.396000,1911.536000,79.456000,45.521000,35.748000,1833.141000,1878.601000,1914.254000,131.000000,203.000000,,86.000000,False,MEDIUM,10.000000,False,Cadillac,1753.505000,,126,,False,,False,False
2026,7,Barcelona Grand Prix,FP2,2301.598000,PER,11,perez,cadillac,,11.000000,4.000000,2198.322000,,,42.887000,26.628000,,2275.135000,2301.772000,187.000000,220.000000,292.000000,178.000000,False,SOFT,1.000000,True,Cadillac,1914.254000,,671,,False,,False,False
2026,7,Barcelona Grand Prix,FP2,2380.859000,PER,11,perez,cadillac,79.261000,12.000000,4.000000,,,23.125000,31.594000,24.542000,2324.723000,2356.317000,2380.859000,273.000000,297.000000,284.000000,317.000000,True,SOFT,2.000000,True,Cadillac,2301.598000,,1,,False,,False,True
2026,7,Barcelona Grand Prix,FP2,2496.037000,PER,11,perez,cadillac,115.178000,13.000000,4.000000,,,34.371000,44.538000,36.269000,2415.230000,2459.768000,2496.037000,181.000000,163.000000,191.000000,154.000000,False,SOFT,3.000000,True,Cadillac,2380.859000,,1,,False,,False,True
2026,7,Barcelona Grand Prix,FP2,2616.336000,PER,11,perez,cadillac,120.299000,14.000000,4.000000,,,37.362000,53.265000,29.672000,2533.399000,2586.664000,2616.336000,96.000000,154.000000,283.000000,207.000000,False,SOFT,4.000000,True,Cadillac,2496.037000,,1,,False,,False,True
2026,7,Barcelona Grand Prix,FP2,2696.019000,PER,11,perez,cadillac,79.683000,15.000000,4.000000,,,23.331000,32.132000,24.220000,2639.667000,2671.799000,2696.019000,272.000000,280.000000,286.000000,315.000000,False,SOFT,5.000000,True,Cadillac,2616.336000,,1,,False,,False,True
2026,7,Barcelona Grand Prix,FP2,2798.852000,PER,11,perez,cadillac,102.833000,16.000000,4.000000,,2795.989000,28.986000,39.810000,34.037000,2725.005000,2764.815000,2798.852000,211.000000,199.000000,,270.000000,False,SOFT,6.000000,True,Cadillac,2696.019000,,1,,False,,False,False
2026,7,Barcelona Grand Prix,FP2,3171.672000,PER,11,perez,cadillac,,17.000000,5.000000,3073.690000,,,37.923000,25.755000,,3146.023000,3171.742000,175.000000,245.000000,290.000000,217.000000,False,MEDIUM,11.000000,False,Cadillac,2798.852000,,1,,False,,False,False
2026,7,Barcelona Grand Prix,FP2,3255.015000,PER,11,perez,cadillac,83.343000,18.000000,5.000000,,,24.191000,33.866000,25.286000,3195.863000,3229.729000,3255.015000,246.000000,260.000000,289.000000,320.000000,False,MEDIUM,12.000000,False,Cadillac,3171.672000,,1,,False,,False,True
2026,7,Barcelona Grand Prix,FP2,3338.899000,PER,11,perez,cadillac,83.884000,19.000000,5.000000,,,24.427000,33.957000,25.500000,3279.442000,3313.399000,3338.899000,250.000000,261.000000,286.000000,318.000000,False,MEDIUM,13.000000,False,Cadillac,3255.015000,,1,,False,,False,True
2026,7,Barcelona Grand Prix,FP2,3422.999000,PER,11,perez,cadillac,84.100000,20.000000,5.000000,,,24.487000,34.052000,25.561000,3363.386000,3397.438000,3422.999000,254.000000,258.000000,288.000000,320.000000,False,MEDIUM,14.000000,False,Cadillac,3338.899000,,1,,False,,False,True
2026,7,Barcelona Grand Prix,FP2,3507.450000,PER,11,perez,cadillac,84.451000,21.000000,5.000000,,,24.600000,34.269000,25.582000,3447.599000,3481.868000,3507.450000,252.000000,263.000000,288.000000,322.000000,False,MEDIUM,15.000000,False,Cadillac,3422.999000,,1,,False,,False,True
2026,7,Barcelona Grand Prix,FP2,3592.132000,PER,11,perez,cadillac,84.682000,22.000000,5.000000,,,24.724000,34.263000,25.695000,3532.174000,3566.437000,3592.132000,245.000000,268.000000,291.000000,322.000000,False,MEDIUM,16.000000,False,Cadillac,3507.450000,,1,,False,,False,True
2026,7,Barcelona Grand Prix,FP2,3677.165000,PER,11,perez,cadillac,85.033000,23.000000,5.000000,,,24.840000,34.390000,25.803000,3616.972000,3651.362000,3677.165000,250.000000,257.000000,289.000000,319.000000,False,MEDIUM,17.000000,False,Cadillac,3592.132000,,1,,False,,False,True
2026,7,Barcelona Grand Prix,FP2,3762.494000,PER,11,perez,cadillac,85.329000,24.000000,5.000000,,,24.806000,34.366000,26.157000,3701.971000,3736.337000,3762.494000,249.000000,264.000000,286.000000,320.000000,False,MEDIUM,18.000000,False,Cadillac,3677.165000,,1,,False,,False,True
2026,7,Barcelona Grand Prix,FP2,3848.733000,PER,11,perez,cadillac,86.239000,25.000000,5.000000,,,24.986000,34.898000,26.355000,3787.480000,3822.378000,3848.733000,249.000000,240.000000,286.000000,319.000000,False,MEDIUM,19.000000,False,Cadillac,3762.494000,,1,,False,,False,True
2026,7,Barcelona Grand Prix,FP2,3935.739000,PER,11,perez,cadillac,87.006000,26.000000,5.000000,,,25.501000,35.365000,26.140000,3874.234000,3909.599000,3935.739000,235.000000,259.000000,290.000000,320.000000,False,MEDIUM,20.000000,False,Cadillac,3848.733000,,1,,False,,False,True
2026,7,Barcelona Grand Prix,FP2,4021.193000,PER,11,perez,cadillac,85.454000,27.000000,5.000000,,,24.811000,34.591000,26.052000,3960.550000,3995.141000,4021.193000,245.000000,259.000000,288.000000,323.000000,False,MEDIUM,21.000000,False,Cadillac,3935.739000,,1,,False,,False,True
2026,7,Barcelona Grand Prix,FP2,4114.881000,PER,11,perez,cadillac,93.688000,28.000000,5.000000,,4111.728000,24.837000,34.545000,34.306000,4046.030000,4080.575000,4114.881000,254.000000,268.000000,,320.000000,False,MEDIUM,22.000000,False,Cadillac,4021.193000,,1,,False,,False,False
2026,7,Barcelona Grand Prix,FP2,4238.052000,PER,11,perez,cadillac,123.171000,29.000000,6.000000,4148.096000,,62.304000,34.877000,25.990000,4177.185000,4212.062000,4238.052000,199.000000,228.000000,293.000000,218.000000,False,SOFT,7.000000,False,Cadillac,4114.881000,,1,,False,,False,False
2026,7,Barcelona Grand Prix,FP2,4322.590000,PER,11,perez,cadillac,84.538000,30.000000,6.000000,,,24.683000,34.468000,25.387000,4262.735000,4297.203000,4322.590000,229.000000,260.000000,290.000000,328.000000,False,SOFT,8.000000,False,Cadillac,4238.052000,,1,,False,,False,True
2026,7,Barcelona Grand Prix,FP2,4406.911000,PER,11,perez,cadillac,84.321000,31.000000,6.000000,,,24.835000,34.017000,25.469000,4347.425000,4381.442000,4406.911000,240.000000,256.000000,291.000000,320.000000,False,SOFT,9.000000,False,Cadillac,4322.590000,,1,,False,,False,True
2026,7,Barcelona Grand Prix,FP2,4490.613000,PER,11,perez,cadillac,83.702000,32.000000,6.000000,,,24.427000,33.692000,25.583000,4431.338000,4465.030000,4490.613000,254.000000,273.000000,291.000000,322.000000,False,SOFT,10.000000,False,Cadillac,4406.911000,,1,,False,,False,True
2026,7,Barcelona Grand Prix,FP2,4610.221000,PER,11,perez,cadillac,119.608000,33.000000,6.000000,,,30.375000,41.923000,47.310000,4520.988000,4562.911000,4610.221000,173.000000,182.000000,60.000000,249.000000,False,SOFT,11.000000,False,Cadillac,4490.613000,,1,,False,,False,True
2026,7,Barcelona Grand Prix,FP2,4733.889000,PER,11,perez,cadillac,123.668000,34.000000,6.000000,,4731.036000,51.509000,36.679000,35.480000,4661.730000,4698.409000,4733.889000,226.000000,203.000000,,296.000000,False,SOFT,12.000000,False,Cadillac,4610.221000,,1,,False,,False,False
2026,7,Barcelona Grand Prix,FP2,1077.724000,ANT,12,antonelli,mercedes,,1.000000,1.000000,947.911000,,,43.295000,27.774000,,1050.085000,1077.904000,138.000000,150.000000,275.000000,214.000000,False,MEDIUM,1.000000,True,Mercedes,947.911000,,1,,False,,False,False
2026,7,Barcelona Grand Prix,FP2,1154.746000,ANT,12,antonelli,mercedes,77.022000,2.000000,1.000000,,,22.535000,31.171000,23.316000,1100.259000,1131.430000,1154.746000,270.000000,282.000000,284.000000,332.000000,True,MEDIUM,2.000000,True,Mercedes,1077.724000,,1,,False,,False,True
2026,7,Barcelona Grand Prix,FP2,1283.657000,ANT,12,antonelli,mercedes,128.911000,3.000000,1.000000,,1280.865000,40.049000,48.971000,39.891000,1194.795000,1243.766000,1283.657000,109.000000,170.000000,,141.000000,False,MEDIUM,3.000000,True,Mercedes,1154.746000,,1,,False,,False,False
2026,7,Barcelona Grand Prix,FP2,1473.264000,ANT,12,antonelli,mercedes,,4.000000,2.000000,1368.002000,,,41.082000,27.045000,,1446.285000,1473.410000,79.000000,232.000000,275.000000,163.000000,False,MEDIUM,4.000000,False,Mercedes,1283.657000,,1,,False,,False,False
2026,7,Barcelona Grand Prix,FP2,1563.927000,ANT,12,antonelli,mercedes,90.663000,5.000000,2.000000,,1561.067000,22.302000,31.308000,37.053000,1495.566000,1526.874000,1563.927000,271.000000,282.000000,,330.000000,False,MEDIUM,5.000000,False,Mercedes,1473.264000,,1,,False,,False,False
2026,7,Barcelona Grand Prix,FP2,1791.906000,ANT,12,antonelli,mercedes,,6.000000,3.000000,1681.842000,,,47.060000,27.474000,,1764.603000,1791.906000,158.000000,208.000000,270.000000,167.000000,False,MEDIUM,6.000000,False,Mercedes,1563.927000,,12,,False,,False,False
2026,7,Barcelona Grand Prix,FP2,1905.724000,ANT,12,antonelli,mercedes,113.818000,7.000000,3.000000,,1902.833000,34.815000,42.580000,36.423000,1826.721000,1869.301000,1905.724000,165.000000,159.000000,,284.000000,False,MEDIUM,7.000000,False,Mercedes,1791.906000,,126,,False,,False,False
2026,7,Barcelona Grand Prix,FP2,2061.041000,ANT,12,antonelli,mercedes,,8.000000,4.000000,1958.536000,,87.330000,40.108000,27.914000,1993.170000,2033.364000,2061.190000,187.000000,238.000000,278.000000,163.000000,False,MEDIUM,8.000000,False,Mercedes,1905.724000,,671,,False,,False,False
2026,7,Barcelona Grand Prix,FP2,2137.987000,ANT,12,antonelli,mercedes,76.946000,9.000000,4.000000,,,22.485000,31.239000,23.222000,2083.526000,2114.765000,2137.987000,269.000000,280.000000,280.000000,327.000000,True,MEDIUM,9.000000,False,Mercedes,2061.041000,,1,,False,,False,True
2026,7,Barcelona Grand Prix,FP2,2232.695000,ANT,12,antonelli,mercedes,94.708000,10.000000,4.000000,,2229.892000,27.429000,36.436000,30.843000,2165.416000,2201.852000,2232.695000,211.000000,229.000000,,266.000000,False,MEDIUM,10.000000,False,Mercedes,2137.987000,,1,,False,,False,False
2026,7,Barcelona Grand Prix,FP2,2660.709000,ANT,12,antonelli,mercedes,,11.000000,5.000000,2557.893000,,,40.492000,28.173000,,2632.816000,2660.894000,195.000000,145.000000,281.000000,158.000000,False,SOFT,1.000000,True,Mercedes,2232.695000,,1,,False,,False,False
2026,7,Barcelona Grand Prix,FP2,2736.724000,ANT,12,antonelli,mercedes,76.015000,12.000000,5.000000,,,22.086000,30.806000,23.123000,2682.795000,2713.601000,2736.724000,269.000000,282.000000,285.000000,329.000000,True,SOFT,2.000000,True,Mercedes,2660.709000,,1,,False,,False,True
2026,7,Barcelona Grand Prix,FP2,2841.319000,ANT,12,antonelli,mercedes,104.595000,13.000000,5.000000,,2838.599000,33.331000,35.549000,35.715000,2770.055000,2805.604000,2841.319000,209.000000,230.000000,,170.000000,False,SOFT,3.000000,True,Mercedes,2736.724000,,1,,False,,False,False
2026,7,Barcelona Grand Prix,FP2,3212.974000,ANT,12,antonelli,mercedes,,14.000000,6.000000,3100.737000,,,34.772000,24.810000,,3188.311000,3213.058000,239.000000,246.000000,292.000000,231.000000,False,SOFT,4.000000,False,Mercedes,2841.319000,,1,,False,,False,False
2026,7,Barcelona Grand Prix,FP2,3294.091000,ANT,12,antonelli,mercedes,81.117000,15.000000,6.000000,,,23.553000,32.984000,24.580000,3236.527000,3269.511000,3294.091000,260.000000,261.000000,294.000000,322.000000,False,SOFT,5.000000,False,Mercedes,3212.974000,,1,,False,,False,True
2026,7,Barcelona Grand Prix,FP2,3374.892000,ANT,12,antonelli,mercedes,80.801000,16.000000,6.000000,,,23.648000,32.582000,24.571000,3317.739000,3350.321000,3374.892000,264.000000,263.000000,293.000000,312.000000,False,SOFT,6.000000,False,Mercedes,3294.091000,,1,,False,,False,True
2026,7,Barcelona Grand Prix,FP2,3456.139000,ANT,12,antonelli,mercedes,81.247000,17.000000,6.000000,,,23.569000,32.856000,24.822000,3398.461000,3431.317000,3456.139000,259.000000,262.000000,293.000000,323.000000,False,SOFT,7.000000,False,Mercedes,3374.892000,,1,,False,,False,True
2026,7,Barcelona Grand Prix,FP2,3537.332000,ANT,12,antonelli,mercedes,81.193000,18.000000,6.000000,,,23.592000,32.912000,24.689000,3479.731000,3512.643000,3537.332000,258.000000,263.000000,295.000000,327.000000,False,SOFT,8.000000,False,Mercedes,3456.139000,,1,,False,,False,True
2026,7,Barcelona Grand Prix,FP2,3618.763000,ANT,12,antonelli,mercedes,81.431000,19.000000,6.000000,,,23.684000,32.961000,24.786000,3561.016000,3593.977000,3618.763000,262.000000,262.000000,294.000000,325.000000,False,SOFT,9.000000,False,Mercedes,3537.332000,,1,,False,,False,True
2026,7,Barcelona Grand Prix,FP2,3703.075000,ANT,12,antonelli,mercedes,84.312000,20.000000,6.000000,,,23.653000,35.607000,25.052000,3642.416000,3678.023000,3703.075000,261.000000,257.000000,294.000000,323.000000,False,SOFT,10.000000,False,Mercedes,3618.763000,,1,,False,,False,True
2026,7,Barcelona Grand Prix,FP2,3785.136000,ANT,12,antonelli,mercedes,82.061000,21.000000,6.000000,,,23.606000,33.358000,25.097000,3726.681000,3760.039000,3785.136000,258.000000,250.000000,295.000000,334.000000,False,SOFT,11.000000,False,Mercedes,3703.075000,,1,,False,,False,True
2026,7,Barcelona Grand Prix,FP2,3873.983000,ANT,12,antonelli,mercedes,88.847000,22.000000,6.000000,,,30.271000,33.565000,25.011000,3815.407000,3848.972000,3873.983000,235.000000,258.000000,294.000000,330.000000,False,SOFT,12.000000,False,Mercedes,3785.136000,,1,,False,,False,True
2026,7,Barcelona Grand Prix,FP2,3956.105000,ANT,12,antonelli,mercedes,82.122000,23.000000,6.000000,,,23.841000,33.262000,25.019000,3897.824000,3931.086000,3956.105000,257.000000,261.000000,295.000000,323.000000,False,SOFT,13.000000,False,Mercedes,3873.983000,,1,,False,,False,True
2026,7,Barcelona Grand Prix,FP2,4042.215000,ANT,12,antonelli,mercedes,86.110000,24.000000,6.000000,,,23.850000,35.377000,26.883000,3979.955000,4015.332000,4042.215000,257.000000,214.000000,293.000000,335.000000,False,SOFT,14.000000,False,Mercedes,3956.105000,,1,,False,,False,True
2026,7,Barcelona Grand Prix,FP2,4131.829000,ANT,12,antonelli,mercedes,89.614000,25.000000,6.000000,,4129.027000,23.914000,33.325000,32.375000,4066.129000,4099.454000,4131.829000,259.000000,270.000000,,330.000000,False,SOFT,15.000000,False,Mercedes,4042.215000,,1,,False,,False,False
2026,7,Barcelona Grand Prix,FP2,4249.536000,ANT,12,antonelli,mercedes,117.707000,26.000000,7.000000,4156.812000,,50.706000,32.712000,34.289000,4182.535000,4215.247000,4249.536000,255.000000,270.000000,289.000000,235.000000,False,MEDIUM,11.000000,False,Mercedes,4131.829000,,1,,False,,False,False
2026,7,Barcelona Grand Prix,FP2,4330.672000,ANT,12,antonelli,mercedes,81.136000,27.000000,7.000000,,,23.557000,32.770000,24.809000,4273.093000,4305.863000,4330.672000,261.000000,260.000000,294.000000,328.000000,False,MEDIUM,12.000000,False,Mercedes,4249.536000,,1,,False,,False,True
2026,7,Barcelona Grand Prix,FP2,4411.706000,ANT,12,antonelli,mercedes,81.034000,28.000000,7.000000,,,23.571000,32.733000,24.730000,4354.243000,4386.976000,4411.706000,268.000000,254.000000,295.000000,321.000000,False,MEDIUM,13.000000,False,Mercedes,4330.672000,,1,,False,,False,True
2026,7,Barcelona Grand Prix,FP2,4494.740000,ANT,12,antonelli,mercedes,83.034000,29.000000,7.000000,,,24.476000,33.940000,24.618000,4436.182000,4470.122000,4494.740000,246.000000,267.000000,296.000000,313.000000,False,MEDIUM,14.000000,False,Mercedes,4411.706000,,1,,False,,False,True
2026,7,Barcelona Grand Prix,FP2,4613.932000,ANT,12,antonelli,mercedes,119.192000,30.000000,7.000000,,,30.947000,44.955000,43.290000,4525.687000,4570.642000,4613.932000,160.000000,171.000000,33.000000,239.000000,False,MEDIUM,15.000000,False,Mercedes,4494.740000,,1,,False,,False,True
2026,7,Barcelona Grand Prix,FP2,4758.431000,ANT,12,antonelli,mercedes,144.499000,31.000000,7.000000,,4755.541000,61.285000,42.717000,40.497000,4675.217000,4717.934000,4758.431000,189.000000,133.000000,,301.000000,False,MEDIUM,16.000000,False,Mercedes,4613.932000,,1,,False,,False,False
2026,7,Barcelona Grand Prix,FP2,1097.792000,ALO,14,alonso,aston_martin,,1.000000,1.000000,996.536000,,,42.059000,27.530000,,1070.564000,1098.005000,106.000000,241.000000,282.000000,192.000000,False,MEDIUM,1.000000,True,Aston Martin,996.536000,,1,,False,,False,False
2026,7,Barcelona Grand Prix,FP2,1177.585000,ALO,14,alonso,aston_martin,79.793000,2.000000,1.000000,,,23.257000,32.313000,24.223000,1121.049000,1153.362000,1177.585000,265.000000,268.000000,262.000000,317.000000,True,MEDIUM,2.000000,True,Aston Martin,1097.792000,,1,,False,,False,True
2026,7,Barcelona Grand Prix,FP2,1300.418000,ALO,14,alonso,aston_martin,122.833000,3.000000,1.000000,,,45.236000,44.597000,33.000000,1222.821000,1267.418000,1300.418000,188.000000,231.000000,281.000000,88.000000,False,MEDIUM,3.000000,True,Aston Martin,1177.585000,,1,,False,,False,True
2026,7,Barcelona Grand Prix,FP2,1395.640000,ALO,14,alonso,aston_martin,95.222000,4.000000,1.000000,,,23.116000,38.557000,33.549000,1323.534000,1362.091000,1395.640000,269.000000,192.000000,189.000000,319.000000,False,MEDIUM,4.000000,True,Aston Martin,1300.418000,,1,,False,,False,True
2026,7,Barcelona Grand Prix,FP2,1510.037000,ALO,14,alonso,aston_martin,114.397000,5.000000,1.000000,,,39.357000,41.975000,33.065000,1434.997000,1476.972000,1510.037000,139.000000,209.000000,281.000000,159.000000,False,MEDIUM,5.000000,True,Aston Martin,1395.640000,,1,,False,,False,True
2026,7,Barcelona Grand Prix,FP2,1590.096000,ALO,14,alonso,aston_martin,80.059000,6.000000,1.000000,,,23.112000,32.559000,24.388000,1533.149000,1565.708000,1590.096000,272.000000,272.000000,272.000000,319.000000,False,MEDIUM,6.000000,True,Aston Martin,1510.037000,,1,,False,,False,True
2026,7,Barcelona Grand Prix,FP2,1692.368000,ALO,14,alonso,aston_martin,102.272000,7.000000,1.000000,,1689.764000,26.484000,39.726000,36.062000,1616.580000,1656.306000,1692.368000,194.000000,199.000000,,278.000000,False,MEDIUM,7.000000,True,Aston Martin,1590.096000,,1,,False,,False,False
2026,7,Barcelona Grand Prix,FP2,2752.711000,ALO,14,alonso,aston_martin,,8.000000,2.000000,2646.721000,,,40.913000,30.833000,,2722.138000,2752.801000,219.000000,248.000000,286.000000,181.000000,False,SOFT,1.000000,True,Aston Martin,1692.368000,,1267,,False,,False,False
2026,7,Barcelona Grand Prix,FP2,2831.997000,ALO,14,alonso,aston_martin,79.286000,9.000000,2.000000,,,23.084000,32.079000,24.123000,2775.795000,2807.874000,2831.997000,269.000000,273.000000,273.000000,317.000000,True,SOFT,2.000000,True,Aston Martin,2752.711000,,1,,False,,False,True
2026,7,Barcelona Grand Prix,FP2,2960.997000,ALO,14,alonso,aston_martin,129.000000,10.000000,2.000000,,2958.281000,44.386000,44.083000,40.531000,2876.383000,2920.466000,2960.997000,150.000000,156.000000,,102.000000,False,SOFT,3.000000,True,Aston Martin,2831.997000,,1,,False,,False,False
2026,7,Barcelona Grand Prix,FP2,3108.654000,ALO,14,alonso,aston_martin,147.657000,11.000000,3.000000,3000.306000,,72.151000,44.908000,30.598000,3033.148000,3078.056000,3108.654000,218.000000,224.000000,285.000000,200.000000,False,SOFT,4.000000,False,Aston Martin,2960.997000,,1,,False,,False,False
2026,7,Barcelona Grand Prix,FP2,3197.532000,ALO,14,alonso,aston_martin,88.878000,12.000000,3.000000,,3194.773000,23.268000,33.288000,32.322000,3131.922000,3165.210000,3197.532000,267.000000,198.000000,,315.000000,False,SOFT,5.000000,False,Aston Martin,3108.654000,,1,,False,,False,False
2026,7,Barcelona Grand Prix,FP2,3746.155000,ALO,14,alonso,aston_martin,,13.000000,4.000000,3622.558000,,,35.805000,26.220000,,3720.056000,3746.270000,228.000000,242.000000,281.000000,185.000000,False,SOFT,6.000000,False,Aston Martin,3197.532000,,1,,False,,False,False
2026,7,Barcelona Grand Prix,FP2,3831.975000,ALO,14,alonso,aston_martin,85.820000,14.000000,4.000000,,,24.727000,34.916000,26.177000,3770.882000,3805.798000,3831.975000,245.000000,246.000000,279.000000,304.000000,False,SOFT,7.000000,False,Aston Martin,3746.155000,,1,,False,,False,True
2026,7,Barcelona Grand Prix,FP2,3917.223000,ALO,14,alonso,aston_martin,85.248000,15.000000,4.000000,,,24.796000,34.699000,25.753000,3856.771000,3891.470000,3917.223000,240.000000,250.000000,282.000000,305.000000,False,SOFT,8.000000,False,Aston Martin,3831.975000,,1,,False,,False,True
2026,7,Barcelona Grand Prix,FP2,4003.357000,ALO,14,alonso,aston_martin,86.134000,16.000000,4.000000,,,24.657000,35.415000,26.062000,3941.880000,3977.295000,4003.357000,237.000000,250.000000,282.000000,302.000000,False,SOFT,9.000000,False,Aston Martin,3917.223000,,1,,False,,False,True
2026,7,Barcelona Grand Prix,FP2,4095.854000,ALO,14,alonso,aston_martin,92.497000,17.000000,4.000000,,4093.105000,24.662000,35.499000,32.336000,4028.019000,4063.518000,4095.854000,241.000000,252.000000,,306.000000,False,SOFT,10.000000,False,Aston Martin,4003.357000,,1,,False,,False,False
2026,7,Barcelona Grand Prix,FP2,4480.546000,ALO,14,alonso,aston_martin,,18.000000,5.000000,4364.091000,,,35.637000,28.315000,,4452.296000,4480.546000,215.000000,214.000000,241.000000,198.000000,False,MEDIUM,8.000000,False,Aston Martin,4095.854000,,1,,False,,False,False
2026,7,Barcelona Grand Prix,FP2,4583.430000,ALO,14,alonso,aston_martin,102.884000,19.000000,5.000000,,,27.022000,37.441000,38.421000,4507.568000,4545.009000,4583.430000,209.000000,169.000000,70.000000,266.000000,False,MEDIUM,9.000000,False,Aston Martin,4480.546000,,1,,False,,False,True
2026,7,Barcelona Grand Prix,FP2,4722.385000,ALO,14,alonso,aston_martin,138.955000,20.000000,5.000000,,,61.350000,36.992000,40.613000,4644.780000,4681.772000,4722.385000,199.000000,225.000000,82.000000,195.000000,False,MEDIUM,10.000000,False,Aston Martin,4583.430000,,1,,False,,False,True
2026,7,Barcelona Grand Prix,FP2,4900.216000,ALO,14,alonso,aston_martin,,21.000000,5.000000,,4897.184000,64.707000,59.188000,53.937000,4787.271000,4846.386000,4900.216000,174.000000,151.000000,,218.000000,False,MEDIUM,11.000000,False,Aston Martin,4722.385000,,12,,False,,False,False
2026,7,Barcelona Grand Prix,FP2,1013.695000,LEC,16,leclerc,ferrari,,1.000000,1.000000,908.224000,,,40.005000,32.174000,,981.775000,1013.850000,197.000000,191.000000,286.000000,165.000000,False,MEDIUM,1.000000,True,Ferrari,908.224000,,1,,False,,False,False
2026,7,Barcelona Grand Prix,FP2,1090.321000,LEC,16,leclerc,ferrari,76.626000,2.000000,1.000000,,,22.516000,30.746000,23.364000,1036.211000,1066.957000,1090.321000,259.000000,299.000000,272.000000,320.000000,True,MEDIUM,2.000000,True,Ferrari,1013.695000,,1,,False,,False,True
2026,7,Barcelona Grand Prix,FP2,1219.499000,LEC,16,leclerc,ferrari,129.178000,3.000000,1.000000,,1216.708000,41.284000,50.442000,37.452000,1131.605000,1182.047000,1219.499000,139.000000,168.000000,,149.000000,False,MEDIUM,3.000000,True,Ferrari,1090.321000,,1,,False,,False,False
2026,7,Barcelona Grand Prix,FP2,1359.956000,LEC,16,leclerc,ferrari,140.457000,4.000000,2.000000,1234.161000,,56.653000,48.826000,34.978000,1276.152000,1324.978000,1359.956000,115.000000,145.000000,285.000000,123.000000,False,MEDIUM,4.000000,False,Ferrari,1219.499000,,1,,False,,False,False
2026,7,Barcelona Grand Prix,FP2,1436.951000,LEC,16,leclerc,ferrari,76.995000,5.000000,2.000000,,,22.560000,30.887000,23.548000,1382.516000,1413.403000,1436.951000,268.000000,296.000000,271.000000,319.000000,False,MEDIUM,5.000000,False,Ferrari,1359.956000,,1,,False,,False,True
2026,7,Barcelona Grand Prix,FP2,1555.685000,LEC,16,leclerc,ferrari,118.734000,6.000000,2.000000,,1552.974000,35.145000,45.411000,38.178000,1472.096000,1517.507000,1555.685000,179.000000,162.000000,,145.000000,False,MEDIUM,6.000000,False,Ferrari,1436.951000,,1,,False,,False,False
2026,7,Barcelona Grand Prix,FP2,1705.464000,LEC,16,leclerc,ferrari,149.779000,7.000000,3.000000,1573.974000,,77.701000,45.508000,26.570000,1633.386000,1678.894000,1705.464000,139.000000,211.000000,287.000000,220.000000,False,MEDIUM,7.000000,False,Ferrari,1555.685000,,1,,False,,False,False
2026,7,Barcelona Grand Prix,FP2,1782.624000,LEC,16,leclerc,ferrari,77.160000,8.000000,3.000000,,,22.682000,31.024000,23.454000,1728.146000,1759.170000,1782.624000,252.000000,297.000000,261.000000,325.000000,False,MEDIUM,8.000000,False,Ferrari,1705.464000,,12,,False,,False,True
2026,7,Barcelona Grand Prix,FP2,1900.777000,LEC,16,leclerc,ferrari,118.153000,9.000000,3.000000,,1897.989000,34.113000,45.340000,38.700000,1816.737000,1862.077000,1900.777000,159.000000,184.000000,,217.000000,False,MEDIUM,9.000000,False,Ferrari,1782.624000,,216,,False,,False,False
2026,7,Barcelona Grand Prix,FP2,2580.677000,LEC,16,leclerc,ferrari,,10.000000,4.000000,2476.237000,,,43.008000,26.666000,,2554.157000,2580.868000,155.000000,212.000000,290.000000,161.000000,False,SOFT,1.000000,True,Ferrari,1900.777000,,671,,False,,False,False
2026,7,Barcelona Grand Prix,FP2,2656.476000,LEC,16,leclerc,ferrari,75.799000,11.000000,4.000000,,,22.247000,30.459000,23.093000,2602.924000,2633.383000,2656.476000,263.000000,293.000000,273.000000,325.000000,True,SOFT,2.000000,True,Ferrari,2580.677000,,1,,False,,False,True
2026,7,Barcelona Grand Prix,FP2,2778.687000,LEC,16,leclerc,ferrari,122.211000,12.000000,4.000000,,2775.895000,36.782000,47.656000,37.773000,2693.258000,2740.914000,2778.687000,150.000000,150.000000,,152.000000,False,SOFT,3.000000,True,Ferrari,2656.476000,,1,,False,,False,False
2026,7,Barcelona Grand Prix,FP2,2955.741000,LEC,16,leclerc,ferrari,,13.000000,5.000000,2849.827000,,,,25.691000,,,2955.741000,150.000000,232.000000,290.000000,179.000000,False,SOFT,4.000000,False,Ferrari,2778.687000,,1,,False,,False,False
2026,7,Barcelona Grand Prix,FP2,3038.167000,LEC,16,leclerc,ferrari,82.426000,14.000000,5.000000,,3035.213000,22.337000,30.775000,29.314000,2978.078000,3008.853000,3038.167000,265.000000,292.000000,,326.000000,False,SOFT,5.000000,False,Ferrari,2955.741000,,1,,False,,False,False
2026,7,Barcelona Grand Prix,FP2,3486.579000,LEC,16,leclerc,ferrari,,15.000000,6.000000,3367.506000,,,39.530000,29.889000,,3456.921000,3486.671000,238.000000,110.000000,291.000000,240.000000,False,MEDIUM,10.000000,False,Ferrari,3038.167000,,1,,False,,False,False
2026,7,Barcelona Grand Prix,FP2,3567.744000,LEC,16,leclerc,ferrari,81.165000,16.000000,6.000000,,,23.711000,32.944000,24.510000,3510.290000,3543.234000,3567.744000,256.000000,268.000000,293.000000,321.000000,False,MEDIUM,11.000000,False,Ferrari,3486.579000,,1,,False,,False,True
2026,7,Barcelona Grand Prix,FP2,3648.738000,LEC,16,leclerc,ferrari,80.994000,17.000000,6.000000,,,23.767000,32.750000,24.477000,3591.511000,3624.261000,3648.738000,253.000000,273.000000,292.000000,320.000000,False,MEDIUM,12.000000,False,Ferrari,3567.744000,,1,,False,,False,True
2026,7,Barcelona Grand Prix,FP2,3729.603000,LEC,16,leclerc,ferrari,80.865000,18.000000,6.000000,,,23.685000,32.742000,24.438000,3672.423000,3705.165000,3729.603000,249.000000,269.000000,294.000000,313.000000,False,MEDIUM,13.000000,False,Ferrari,3648.738000,,1,,False,,False,True
2026,7,Barcelona Grand Prix,FP2,3811.283000,LEC,16,leclerc,ferrari,81.680000,19.000000,6.000000,,,23.639000,33.165000,24.876000,3753.242000,3786.407000,3811.283000,252.000000,264.000000,292.000000,319.000000,False,MEDIUM,14.000000,False,Ferrari,3729.603000,,1,,False,,False,True
2026,7,Barcelona Grand Prix,FP2,3894.188000,LEC,16,leclerc,ferrari,82.905000,20.000000,6.000000,,,23.932000,33.512000,25.461000,3835.215000,3868.727000,3894.188000,250.000000,265.000000,293.000000,322.000000,False,MEDIUM,15.000000,False,Ferrari,3811.283000,,1,,False,,False,True
2026,7,Barcelona Grand Prix,FP2,3976.310000,LEC,16,leclerc,ferrari,82.122000,21.000000,6.000000,,,23.773000,33.433000,24.916000,3917.961000,3951.394000,3976.310000,248.000000,267.000000,292.000000,340.000000,False,MEDIUM,16.000000,False,Ferrari,3894.188000,,1,,False,,False,True
2026,7,Barcelona Grand Prix,FP2,4058.453000,LEC,16,leclerc,ferrari,82.143000,22.000000,6.000000,,,23.999000,33.304000,24.840000,4000.309000,4033.613000,4058.453000,249.000000,273.000000,293.000000,317.000000,False,MEDIUM,17.000000,False,Ferrari,3976.310000,,1,,False,,False,True
2026,7,Barcelona Grand Prix,FP2,4147.704000,LEC,16,leclerc,ferrari,89.251000,23.000000,6.000000,,4144.956000,24.105000,33.599000,31.547000,4082.558000,4116.157000,4147.704000,246.000000,264.000000,,320.000000,False,MEDIUM,18.000000,False,Ferrari,4058.453000,,1,,False,,False,False
2026,7,Barcelona Grand Prix,FP2,4251.646000,LEC,16,leclerc,ferrari,103.942000,24.000000,7.000000,4168.764000,,46.375000,32.958000,24.609000,4194.079000,4227.037000,4251.646000,248.000000,275.000000,294.000000,231.000000,False,SOFT,6.000000,False,Ferrari,4147.704000,,1,,False,,False,False
2026,7,Barcelona Grand Prix,FP2,4338.915000,LEC,16,leclerc,ferrari,87.269000,25.000000,7.000000,,4336.080000,23.723000,32.820000,30.726000,4275.369000,4308.189000,4338.915000,251.000000,268.000000,,323.000000,False,SOFT,7.000000,False,Ferrari,4251.646000,,1,,False,,False,False
2026,7,Barcelona Grand Prix,FP2,4443.390000,LEC,16,leclerc,ferrari,104.475000,26.000000,8.000000,4361.076000,,46.805000,33.159000,24.511000,4385.720000,4418.879000,4443.390000,255.000000,276.000000,295.000000,241.000000,False,SOFT,8.000000,False,Ferrari,4338.915000,,1,,False,,False,False
2026,7,Barcelona Grand Prix,FP2,4540.209000,LEC,16,leclerc,ferrari,96.819000,27.000000,8.000000,,,23.674000,33.032000,40.113000,4467.064000,4500.096000,4540.209000,246.000000,254.000000,67.000000,322.000000,False,SOFT,9.000000,False,Ferrari,4443.390000,,1,,False,,False,True
2026,7,Barcelona Grand Prix,FP2,4676.866000,LEC,16,leclerc,ferrari,136.657000,28.000000,8.000000,,,59.658000,41.591000,35.408000,4599.867000,4641.458000,4676.866000,188.000000,162.000000,76.000000,218.000000,False,SOFT,10.000000,False,Ferrari,4540.209000,,1,,False,,False,True
2026,7,Barcelona Grand Prix,FP2,4792.688000,LEC,16,leclerc,ferrari,115.822000,29.000000,8.000000,,4789.801000,53.007000,32.993000,29.822000,4729.873000,4762.866000,4792.688000,246.000000,273.000000,,277.000000,False,SOFT,11.000000,False,Ferrari,4676.866000,,1,,False,,False,False
2026,7,Barcelona Grand Prix,FP2,1118.562000,STR,18,stroll,aston_martin,,1.000000,1.000000,1017.482000,,,40.184000,29.114000,,1089.622000,1118.595000,191.000000,210.000000,288.000000,190.000000,False,MEDIUM,1.000000,True,Aston Martin,1017.482000,,1,,False,,False,False
2026,7,Barcelona Grand Prix,FP2,1198.921000,STR,18,stroll,aston_martin,80.359000,2.000000,1.000000,,,23.536000,32.387000,24.436000,1142.098000,1174.485000,1198.921000,267.000000,275.000000,265.000000,304.000000,True,MEDIUM,2.000000,True,Aston Martin,1118.562000,,1,,False,,False,True
2026,7,Barcelona Grand Prix,FP2,1327.419000,STR,18,stroll,aston_martin,128.498000,3.000000,1.000000,,,37.286000,53.337000,37.875000,1236.207000,1289.544000,1327.419000,139.000000,148.000000,175.000000,221.000000,False,MEDIUM,3.000000,True,Aston Martin,1198.921000,,1,,False,,False,True
2026,7,Barcelona Grand Prix,FP2,1452.242000,STR,18,stroll,aston_martin,124.823000,4.000000,1.000000,,,42.775000,48.484000,33.564000,1370.194000,1418.678000,1452.242000,142.000000,209.000000,278.000000,210.000000,False,MEDIUM,4.000000,True,Aston Martin,1327.419000,,1,,False,,False,True
2026,7,Barcelona Grand Prix,FP2,1532.849000,STR,18,stroll,aston_martin,80.607000,5.000000,1.000000,,,23.411000,32.621000,24.575000,1475.653000,1508.274000,1532.849000,265.000000,272.000000,262.000000,316.000000,False,MEDIUM,5.000000,True,Aston Martin,1452.242000,,1,,False,,False,True
2026,7,Barcelona Grand Prix,FP2,1669.330000,STR,18,stroll,aston_martin,136.481000,6.000000,1.000000,,1666.509000,36.168000,59.967000,40.346000,1569.017000,1628.984000,1669.330000,134.000000,139.000000,,224.000000,False,MEDIUM,6.000000,True,Aston Martin,1532.849000,,1,,False,,False,False
2026,7,Barcelona Grand Prix,FP2,2360.763000,STR,18,stroll,aston_martin,,7.000000,2.000000,2249.094000,,,46.208000,31.006000,,2329.914000,2360.782000,177.000000,194.000000,279.000000,164.000000,False,SOFT,1.000000,True,Aston Martin,1669.330000,,1267,,False,,False,False
2026,7,Barcelona Grand Prix,FP2,2440.222000,STR,18,stroll,aston_martin,79.459000,8.000000,2.000000,,,23.359000,31.895000,24.205000,2384.122000,2416.017000,2440.222000,266.000000,274.000000,266.000000,313.000000,True,SOFT,2.000000,True,Aston Martin,2360.763000,,1,,False,,False,True
2026,7,Barcelona Grand Prix,FP2,2571.283000,STR,18,stroll,aston_martin,131.061000,9.000000,2.000000,,2568.567000,38.047000,50.577000,42.437000,2478.269000,2528.846000,2571.283000,129.000000,148.000000,,182.000000,False,SOFT,3.000000,True,Aston Martin,2440.222000,,1,,False,,False,False
2026,7,Barcelona Grand Prix,FP2,2724.212000,STR,18,stroll,aston_martin,,10.000000,3.000000,2604.623000,,71.506000,52.216000,29.154000,2643.080000,2695.291000,2724.373000,146.000000,215.000000,281.000000,147.000000,False,SOFT,4.000000,False,Aston Martin,2571.283000,,1,,False,,False,False
2026,7,Barcelona Grand Prix,FP2,2822.939000,STR,18,stroll,aston_martin,98.727000,11.000000,3.000000,,2820.197000,23.305000,39.916000,35.506000,2747.517000,2787.433000,2822.939000,267.000000,132.000000,,316.000000,False,SOFT,5.000000,False,Aston Martin,2724.212000,,1,,False,,False,False
2026,7,Barcelona Grand Prix,FP2,3778.805000,STR,18,stroll,aston_martin,,12.000000,4.000000,3681.430000,,,38.038000,26.954000,,3751.984000,3778.866000,201.000000,221.000000,272.000000,151.000000,False,MEDIUM,7.000000,False,Aston Martin,2822.939000,,1,,False,,False,False
2026,7,Barcelona Grand Prix,FP2,3865.935000,STR,18,stroll,aston_martin,87.130000,13.000000,4.000000,,,25.992000,34.831000,26.307000,3804.797000,3839.628000,3865.935000,237.000000,251.000000,279.000000,276.000000,False,MEDIUM,8.000000,False,Aston Martin,3778.805000,,1,,False,,False,True
2026,7,Barcelona Grand Prix,FP2,3953.504000,STR,18,stroll,aston_martin,87.569000,14.000000,4.000000,,,25.557000,35.530000,26.482000,3891.492000,3927.022000,3953.504000,232.000000,246.000000,280.000000,303.000000,False,MEDIUM,9.000000,False,Aston Martin,3865.935000,,1,,False,,False,True
2026,7,Barcelona Grand Prix,FP2,4041.984000,STR,18,stroll,aston_martin,88.480000,15.000000,4.000000,,,25.664000,36.038000,26.778000,3979.168000,4015.206000,4041.984000,223.000000,228.000000,279.000000,313.000000,False,MEDIUM,10.000000,False,Aston Martin,3953.504000,,1,,False,,False,True
2026,7,Barcelona Grand Prix,FP2,4139.721000,STR,18,stroll,aston_martin,97.737000,16.000000,4.000000,,4136.479000,25.886000,35.545000,36.306000,4067.870000,4103.415000,4139.721000,235.000000,221.000000,,308.000000,False,MEDIUM,11.000000,False,Aston Martin,4041.984000,,1,,False,,False,False
2026,7,Barcelona Grand Prix,FP2,4457.922000,STR,18,stroll,aston_martin,,17.000000,5.000000,4347.641000,,,43.445000,31.568000,,4426.545000,4458.014000,138.000000,191.000000,265.000000,159.000000,False,MEDIUM,12.000000,False,Aston Martin,4139.721000,,1,,False,,False,False
2026,7,Barcelona Grand Prix,FP2,4575.606000,STR,18,stroll,aston_martin,117.684000,18.000000,5.000000,,,28.646000,42.406000,46.632000,4486.568000,4528.974000,4575.606000,176.000000,172.000000,62.000000,306.000000,False,MEDIUM,13.000000,False,Aston Martin,4457.922000,,1,,False,,False,True
2026,7,Barcelona Grand Prix,FP2,4719.792000,STR,18,stroll,aston_martin,144.186000,19.000000,5.000000,,,63.466000,39.017000,41.703000,4639.072000,4678.089000,4719.792000,202.000000,182.000000,70.000000,271.000000,False,MEDIUM,14.000000,False,Aston Martin,4575.606000,,1,,False,,False,True
2026,7,Barcelona Grand Prix,FP2,4852.347000,STR,18,stroll,aston_martin,132.555000,20.000000,5.000000,,4848.434000,50.799000,40.898000,40.858000,4770.591000,4811.489000,4852.347000,178.000000,177.000000,,262.000000,False,MEDIUM,15.000000,False,Aston Martin,4719.792000,,1,,False,,False,False
2026,7,Barcelona Grand Prix,FP2,995.305000,ALB,23,albon,williams,,1.000000,1.000000,863.674000,,,42.156000,32.049000,,963.382000,995.472000,197.000000,191.000000,296.000000,63.000000,False,MEDIUM,1.000000,True,Williams,863.674000,,1,,False,,False,False
2026,7,Barcelona Grand Prix,FP2,1074.227000,ALB,23,albon,williams,78.922000,2.000000,1.000000,,,23.003000,31.743000,24.176000,1018.308000,1050.051000,1074.227000,263.000000,265.000000,284.000000,318.000000,True,MEDIUM,2.000000,True,Williams,995.305000,,1,,False,,False,True
2026,7,Barcelona Grand Prix,FP2,1205.539000,ALB,23,albon,williams,131.312000,3.000000,1.000000,,,47.819000,47.782000,35.711000,1122.046000,1169.828000,1205.539000,116.000000,209.000000,231.000000,78.000000,False,MEDIUM,3.000000,True,Williams,1074.227000,,1,,False,,False,True
2026,7,Barcelona Grand Prix,FP2,1339.011000,ALB,23,albon,williams,133.472000,4.000000,1.000000,,,37.879000,58.720000,36.873000,1243.418000,1302.138000,1339.011000,161.000000,166.000000,297.000000,264.000000,False,MEDIUM,4.000000,True,Williams,1205.539000,,1,,False,,False,True
2026,7,Barcelona Grand Prix,FP2,1449.080000,ALB,23,albon,williams,110.069000,5.000000,1.000000,,,23.118000,49.095000,37.856000,1362.129000,1411.224000,1449.080000,282.000000,107.000000,227.000000,314.000000,False,MEDIUM,5.000000,True,Williams,1339.011000,,1,,False,,False,True
2026,7,Barcelona Grand Prix,FP2,1553.583000,ALB,23,albon,williams,104.503000,6.000000,1.000000,,,33.148000,42.209000,29.146000,1482.228000,1524.437000,1553.583000,217.000000,230.000000,296.000000,246.000000,False,MEDIUM,6.000000,True,Williams,1449.080000,,1,,False,,False,True
2026,7,Barcelona Grand Prix,FP2,1633.432000,ALB,23,albon,williams,79.849000,7.000000,1.000000,,,23.019000,32.385000,24.445000,1576.602000,1608.987000,1633.432000,279.000000,269.000000,285.000000,316.000000,False,MEDIUM,7.000000,True,Williams,1553.583000,,1,,False,,False,True
2026,7,Barcelona Grand Prix,FP2,1759.174000,ALB,23,albon,williams,125.742000,8.000000,1.000000,,,40.839000,45.967000,38.936000,1674.271000,1720.238000,1759.174000,178.000000,176.000000,196.000000,128.000000,False,MEDIUM,8.000000,True,Williams,1633.432000,,1,,False,,False,True
2026,7,Barcelona Grand Prix,FP2,1880.898000,ALB,23,albon,williams,121.724000,9.000000,1.000000,,1878.070000,38.311000,49.237000,34.176000,1797.485000,1846.722000,1880.898000,134.000000,218.000000,,152.000000,False,MEDIUM,9.000000,True,Williams,1759.174000,,126,,False,,False,False
2026,7,Barcelona Grand Prix,FP2,2385.644000,ALB,23,albon,williams,,10.000000,2.000000,2279.437000,,,47.115000,26.741000,,2359.054000,2385.735000,211.000000,203.000000,299.000000,183.000000,False,SOFT,1.000000,True,Williams,1880.898000,,671,,False,,False,False
2026,7,Barcelona Grand Prix,FP2,2464.434000,ALB,23,albon,williams,78.790000,11.000000,2.000000,,,23.205000,31.890000,23.695000,2408.849000,2440.739000,2464.434000,255.000000,279.000000,290.000000,314.000000,True,SOFT,2.000000,True,Williams,2385.644000,,1,,False,,False,True
2026,7,Barcelona Grand Prix,FP2,2618.664000,ALB,23,albon,williams,,12.000000,2.000000,,,58.017000,58.692000,37.410000,2522.736000,2581.274000,2618.702000,134.000000,193.000000,150.000000,70.000000,False,SOFT,3.000000,True,Williams,2464.434000,,1,,False,,False,False
2026,7,Barcelona Grand Prix,FP2,2735.016000,ALB,23,albon,williams,116.352000,13.000000,2.000000,,,42.773000,44.999000,28.580000,2661.437000,2706.436000,2735.016000,136.000000,231.000000,301.000000,189.000000,False,SOFT,4.000000,True,Williams,2618.664000,,1,,False,,False,True
2026,7,Barcelona Grand Prix,FP2,2831.104000,ALB,23,albon,williams,96.088000,14.000000,2.000000,,2828.092000,22.833000,34.865000,38.390000,2757.849000,2792.714000,2831.104000,278.000000,176.000000,,323.000000,False,SOFT,5.000000,True,Williams,2735.016000,,1,,False,,False,False
2026,7,Barcelona Grand Prix,FP2,3420.297000,ALB,23,albon,williams,,15.000000,3.000000,3315.724000,,,35.016000,25.732000,,3394.691000,3420.350000,234.000000,247.000000,286.000000,245.000000,False,MEDIUM,10.000000,False,Williams,2831.104000,,1,,False,,False,False
2026,7,Barcelona Grand Prix,FP2,3504.247000,ALB,23,albon,williams,83.950000,16.000000,3.000000,,,24.448000,34.060000,25.442000,3444.745000,3478.805000,3504.247000,252.000000,243.000000,292.000000,341.000000,False,MEDIUM,11.000000,False,Williams,3420.297000,,1,,False,,False,True
2026,7,Barcelona Grand Prix,FP2,3588.302000,ALB,23,albon,williams,84.055000,17.000000,3.000000,,,24.159000,34.224000,25.672000,3528.406000,3562.630000,3588.302000,243.000000,256.000000,291.000000,346.000000,False,MEDIUM,12.000000,False,Williams,3504.247000,,1,,False,,False,True
2026,7,Barcelona Grand Prix,FP2,3676.725000,ALB,23,albon,williams,88.423000,18.000000,3.000000,,3674.009000,24.342000,34.204000,29.877000,3612.644000,3646.848000,3676.725000,239.000000,260.000000,,336.000000,False,MEDIUM,13.000000,False,Williams,3588.302000,,1,,False,,False,False
2026,7,Barcelona Grand Prix,FP2,3797.953000,ALB,23,albon,williams,121.228000,19.000000,4.000000,3707.743000,,57.881000,33.774000,29.573000,3734.606000,3768.380000,3797.953000,238.000000,251.000000,290.000000,222.000000,False,SOFT,6.000000,False,Williams,3676.725000,,1,,False,,False,False
2026,7,Barcelona Grand Prix,FP2,3881.422000,ALB,23,albon,williams,83.469000,20.000000,4.000000,,,24.042000,34.065000,25.362000,3821.995000,3856.060000,3881.422000,248.000000,265.000000,290.000000,343.000000,False,SOFT,7.000000,False,Williams,3797.953000,,1,,False,,False,True
2026,7,Barcelona Grand Prix,FP2,3965.514000,ALB,23,albon,williams,84.092000,21.000000,4.000000,,,24.087000,34.183000,25.822000,3905.509000,3939.692000,3965.514000,254.000000,248.000000,286.000000,342.000000,False,SOFT,8.000000,False,Williams,3881.422000,,1,,False,,False,True
2026,7,Barcelona Grand Prix,FP2,4050.394000,ALB,23,albon,williams,84.880000,22.000000,4.000000,,,24.250000,34.745000,25.885000,3989.764000,4024.509000,4050.394000,243.000000,258.000000,288.000000,344.000000,False,SOFT,9.000000,False,Williams,3965.514000,,1,,False,,False,True
2026,7,Barcelona Grand Prix,FP2,4135.178000,ALB,23,albon,williams,84.784000,23.000000,4.000000,,,24.352000,34.571000,25.861000,4074.746000,4109.317000,4135.178000,251.000000,247.000000,288.000000,343.000000,False,SOFT,10.000000,False,Williams,4050.394000,,1,,False,,False,True
2026,7,Barcelona Grand Prix,FP2,4221.769000,ALB,23,albon,williams,86.591000,24.000000,4.000000,,,25.231000,35.261000,26.099000,4160.409000,4195.670000,4221.769000,237.000000,247.000000,285.000000,341.000000,False,SOFT,11.000000,False,Williams,4135.178000,,1,,False,,False,True
2026,7,Barcelona Grand Prix,FP2,4306.734000,ALB,23,albon,williams,84.965000,25.000000,4.000000,,,24.483000,34.650000,25.832000,4246.252000,4280.902000,4306.734000,243.000000,267.000000,286.000000,344.000000,False,SOFT,12.000000,False,Williams,4221.769000,,1,,False,,False,True
2026,7,Barcelona Grand Prix,FP2,4391.402000,ALB,23,albon,williams,84.668000,26.000000,4.000000,,,24.355000,34.526000,25.787000,4331.089000,4365.615000,4391.402000,253.000000,263.000000,287.000000,341.000000,False,SOFT,13.000000,False,Williams,4306.734000,,1,,False,,False,True
2026,7,Barcelona Grand Prix,FP2,4476.405000,ALB,23,albon,williams,85.003000,27.000000,4.000000,,,24.541000,34.717000,25.745000,4415.943000,4450.660000,4476.405000,252.000000,262.000000,289.000000,338.000000,False,SOFT,14.000000,False,Williams,4391.402000,,1,,False,,False,True
2026,7,Barcelona Grand Prix,FP2,4595.377000,ALB,23,albon,williams,118.972000,28.000000,4.000000,,,24.547000,44.012000,50.413000,4500.952000,4544.964000,4595.377000,254.000000,145.000000,42.000000,336.000000,False,SOFT,15.000000,False,Williams,4476.405000,,1,,False,,False,True
2026,7,Barcelona Grand Prix,FP2,4730.144000,ALB,23,albon,williams,134.767000,29.000000,4.000000,,4727.270000,58.387000,41.953000,34.427000,4653.764000,4695.717000,4730.144000,175.000000,211.000000,,294.000000,False,SOFT,16.000000,False,Williams,4595.377000,,1,,False,,False,False
2026,7,Barcelona Grand Prix,FP2,969.707000,HUL,27,hulkenberg,audi,,1.000000,1.000000,839.248000,,,37.462000,32.949000,,936.982000,969.865000,193.000000,193.000000,274.000000,62.000000,False,MEDIUM,1.000000,True,Audi,839.248000,,1,,False,,False,False
2026,7,Barcelona Grand Prix,FP2,1048.348000,HUL,27,hulkenberg,audi,78.641000,2.000000,1.000000,,,22.999000,31.901000,23.741000,992.706000,1024.607000,1048.348000,266.000000,258.000000,282.000000,336.000000,True,MEDIUM,2.000000,True,Audi,969.707000,,1,,False,,False,True
2026,7,Barcelona Grand Prix,FP2,1161.182000,HUL,27,hulkenberg,audi,112.834000,3.000000,1.000000,,,34.658000,47.905000,30.271000,1083.006000,1130.911000,1161.182000,148.000000,120.000000,220.000000,188.000000,False,MEDIUM,3.000000,True,Audi,1048.348000,,1,,False,,False,True
2026,7,Barcelona Grand Prix,FP2,1269.766000,HUL,27,hulkenberg,audi,108.584000,4.000000,1.000000,,,33.390000,44.978000,30.216000,1194.572000,1239.550000,1269.766000,164.000000,219.000000,269.000000,212.000000,False,MEDIUM,4.000000,True,Audi,1161.182000,,1,,False,,False,True
2026,7,Barcelona Grand Prix,FP2,1347.858000,HUL,27,hulkenberg,audi,78.092000,5.000000,1.000000,,,22.750000,31.611000,23.731000,1292.516000,1324.127000,1347.858000,269.000000,279.000000,274.000000,329.000000,True,MEDIUM,5.000000,True,Audi,1269.766000,,1,,False,,False,True
2026,7,Barcelona Grand Prix,FP2,1476.925000,HUL,27,hulkenberg,audi,129.067000,6.000000,1.000000,,1474.160000,37.995000,50.073000,40.999000,1385.853000,1435.926000,1476.925000,138.000000,136.000000,,162.000000,False,MEDIUM,6.000000,True,Audi,1347.858000,,1,,False,,False,False
2026,7,Barcelona Grand Prix,FP2,1608.138000,HUL,27,hulkenberg,audi,131.213000,7.000000,2.000000,1491.201000,,51.501000,49.774000,29.938000,1528.426000,1578.200000,1608.138000,149.000000,217.000000,277.000000,131.000000,False,MEDIUM,7.000000,False,Audi,1476.925000,,1,,False,,False,False
2026,7,Barcelona Grand Prix,FP2,1685.967000,HUL,27,hulkenberg,audi,77.829000,8.000000,2.000000,,,22.654000,31.642000,23.533000,1630.792000,1662.434000,1685.967000,278.000000,284.000000,274.000000,331.000000,True,MEDIUM,8.000000,False,Audi,1608.138000,,1,,False,,False,True
2026,7,Barcelona Grand Prix,FP2,1808.470000,HUL,27,hulkenberg,audi,122.503000,9.000000,2.000000,,1805.669000,35.037000,47.622000,39.844000,1721.004000,1768.626000,1808.470000,158.000000,148.000000,,171.000000,False,MEDIUM,9.000000,False,Audi,1685.967000,,126,,False,,False,False
2026,7,Barcelona Grand Prix,FP2,2330.447000,HUL,27,hulkenberg,audi,,10.000000,3.000000,2227.213000,,,42.839000,27.385000,,2303.221000,2330.548000,174.000000,220.000000,279.000000,185.000000,False,SOFT,1.000000,True,Audi,1808.470000,,671,,False,,False,False
2026,7,Barcelona Grand Prix,FP2,2407.381000,HUL,27,hulkenberg,audi,76.934000,11.000000,3.000000,,,22.418000,31.111000,23.405000,2352.865000,2383.976000,2407.381000,278.000000,287.000000,279.000000,331.000000,True,SOFT,2.000000,True,Audi,2330.447000,,1,,False,,False,True
2026,7,Barcelona Grand Prix,FP2,2531.094000,HUL,27,hulkenberg,audi,123.713000,12.000000,3.000000,,2528.193000,37.958000,47.306000,38.449000,2445.339000,2492.645000,2531.094000,147.000000,151.000000,,174.000000,False,SOFT,3.000000,True,Audi,2407.381000,,1,,False,,False,False
2026,7,Barcelona Grand Prix,FP2,2741.043000,HUL,27,hulkenberg,audi,,13.000000,4.000000,2631.701000,,,44.850000,28.823000,,2712.486000,2741.069000,156.000000,146.000000,280.000000,152.000000,False,SOFT,4.000000,False,Audi,2531.094000,,1,,False,,False,False
2026,7,Barcelona Grand Prix,FP2,2818.262000,HUL,27,hulkenberg,audi,77.219000,14.000000,4.000000,,,22.521000,31.309000,23.389000,2763.564000,2794.873000,2818.262000,281.000000,285.000000,281.000000,334.000000,False,SOFT,5.000000,False,Audi,2741.043000,,1,,False,,False,True
2026,7,Barcelona Grand Prix,FP2,2906.367000,HUL,27,hulkenberg,audi,88.105000,15.000000,4.000000,,2903.370000,24.396000,33.736000,29.973000,2842.658000,2876.394000,2906.367000,244.000000,229.000000,,291.000000,False,SOFT,6.000000,False,Audi,2818.262000,,1,,False,,False,False
2026,7,Barcelona Grand Prix,FP2,3367.637000,HUL,27,hulkenberg,audi,,16.000000,5.000000,3263.886000,,,33.917000,24.839000,,3342.946000,3367.662000,235.000000,256.000000,295.000000,239.000000,False,MEDIUM,10.000000,False,Audi,2906.367000,,1,,False,,False,False
2026,7,Barcelona Grand Prix,FP2,3449.347000,HUL,27,hulkenberg,audi,81.710000,17.000000,5.000000,,,23.674000,33.214000,24.822000,3391.311000,3424.525000,3449.347000,258.000000,266.000000,292.000000,320.000000,False,MEDIUM,11.000000,False,Audi,3367.637000,,1,,False,,False,True
2026,7,Barcelona Grand Prix,FP2,3531.449000,HUL,27,hulkenberg,audi,82.102000,18.000000,5.000000,,,23.825000,33.331000,24.946000,3473.172000,3506.503000,3531.449000,247.000000,264.000000,295.000000,328.000000,False,MEDIUM,12.000000,False,Audi,3449.347000,,1,,False,,False,True
2026,7,Barcelona Grand Prix,FP2,3613.942000,HUL,27,hulkenberg,audi,82.493000,19.000000,5.000000,,,23.750000,33.616000,25.127000,3555.199000,3588.815000,3613.942000,257.000000,265.000000,293.000000,335.000000,False,MEDIUM,13.000000,False,Audi,3531.449000,,1,,False,,False,True
2026,7,Barcelona Grand Prix,FP2,3701.324000,HUL,27,hulkenberg,audi,87.382000,20.000000,5.000000,,,24.017000,34.475000,28.890000,3637.959000,3672.434000,3701.324000,252.000000,171.000000,291.000000,327.000000,False,MEDIUM,14.000000,False,Audi,3613.942000,,1,,False,,False,True
2026,7,Barcelona Grand Prix,FP2,3784.212000,HUL,27,hulkenberg,audi,82.888000,21.000000,5.000000,,,24.101000,33.610000,25.177000,3725.425000,3759.035000,3784.212000,250.000000,271.000000,292.000000,332.000000,False,MEDIUM,15.000000,False,Audi,3701.324000,,1,,False,,False,True
2026,7,Barcelona Grand Prix,FP2,3867.390000,HUL,27,hulkenberg,audi,83.178000,22.000000,5.000000,,,24.050000,33.610000,25.518000,3808.262000,3841.872000,3867.390000,251.000000,268.000000,294.000000,325.000000,False,MEDIUM,16.000000,False,Audi,3784.212000,,1,,False,,False,True
2026,7,Barcelona Grand Prix,FP2,3961.401000,HUL,27,hulkenberg,audi,94.011000,23.000000,5.000000,,,27.583000,40.183000,26.245000,3894.973000,3935.156000,3961.401000,179.000000,237.000000,291.000000,338.000000,False,MEDIUM,17.000000,False,Audi,3867.390000,,1,,False,,False,True
2026,7,Barcelona Grand Prix,FP2,4044.693000,HUL,27,hulkenberg,audi,83.292000,24.000000,5.000000,,,24.127000,33.843000,25.322000,3985.528000,4019.371000,4044.693000,252.000000,271.000000,293.000000,328.000000,False,MEDIUM,18.000000,False,Audi,3961.401000,,1,,False,,False,True
2026,7,Barcelona Grand Prix,FP2,4129.030000,HUL,27,hulkenberg,audi,84.337000,25.000000,5.000000,,,24.160000,34.422000,25.755000,4068.853000,4103.275000,4129.030000,259.000000,258.000000,291.000000,331.000000,False,MEDIUM,19.000000,False,Audi,4044.693000,,1,,False,,False,True
2026,7,Barcelona Grand Prix,FP2,4217.090000,HUL,27,hulkenberg,audi,88.060000,26.000000,5.000000,,4213.965000,24.104000,33.896000,30.060000,4153.134000,4187.030000,4217.090000,257.000000,267.000000,,324.000000,False,MEDIUM,20.000000,False,Audi,4129.030000,,1,,False,,False,False
2026,7,Barcelona Grand Prix,FP2,4322.944000,HUL,27,hulkenberg,audi,105.854000,27.000000,6.000000,4237.841000,,46.360000,34.302000,25.192000,4263.450000,4297.752000,4322.944000,236.000000,261.000000,296.000000,243.000000,False,SOFT,7.000000,False,Audi,4217.090000,,1,,False,,False,False
2026,7,Barcelona Grand Prix,FP2,4404.646000,HUL,27,hulkenberg,audi,81.702000,28.000000,6.000000,,,23.762000,33.122000,24.818000,4346.706000,4379.828000,4404.646000,247.000000,264.000000,294.000000,340.000000,False,SOFT,8.000000,False,Audi,4322.944000,,1,,False,,False,True
2026,7,Barcelona Grand Prix,FP2,4486.794000,HUL,27,hulkenberg,audi,82.148000,29.000000,6.000000,,,23.825000,33.323000,25.000000,4428.471000,4461.794000,4486.794000,257.000000,275.000000,294.000000,329.000000,False,SOFT,9.000000,False,Audi,4404.646000,,1,,False,,False,True
2026,7,Barcelona Grand Prix,FP2,4601.000000,HUL,27,hulkenberg,audi,114.206000,30.000000,6.000000,,,27.965000,40.502000,45.739000,4514.759000,4555.261000,4601.000000,184.000000,167.000000,70.000000,269.000000,False,SOFT,10.000000,False,Audi,4486.794000,,1,,False,,False,True
2026,7,Barcelona Grand Prix,FP2,4735.158000,HUL,27,hulkenberg,audi,134.158000,31.000000,6.000000,,4732.161000,64.225000,35.564000,34.369000,4665.225000,4700.789000,4735.158000,216.000000,225.000000,,269.000000,False,SOFT,11.000000,False,Audi,4601.000000,,1,,False,,False,False
2026,7,Barcelona Grand Prix,FP2,1230.432000,LAW,30,lawson,rb,,1.000000,1.000000,1125.622000,,,41.006000,29.443000,,1201.176000,1230.583000,181.000000,156.000000,284.000000,160.000000,False,MEDIUM,1.000000,True,Racing Bulls,1125.622000,,1,,False,,False,False
2026,7,Barcelona Grand Prix,FP2,1307.399000,LAW,30,lawson,rb,76.967000,2.000000,1.000000,,,22.537000,30.935000,23.495000,1252.969000,1283.904000,1307.399000,267.000000,286.000000,275.000000,328.000000,True,MEDIUM,2.000000,True,Racing Bulls,1230.432000,,1,,False,,False,True
2026,7,Barcelona Grand Prix,FP2,1410.212000,LAW,30,lawson,rb,102.813000,3.000000,1.000000,,1407.514000,31.093000,38.883000,32.837000,1338.492000,1377.375000,1410.212000,201.000000,208.000000,,182.000000,False,MEDIUM,3.000000,True,Racing Bulls,1307.399000,,1,,False,,False,False
2026,7,Barcelona Grand Prix,FP2,1513.025000,LAW,30,lawson,rb,102.813000,4.000000,1.000000,1749.298000,3476.486000,,,32.837000,,,3794.381000,201.000000,208.000000,,46.000000,False,MEDIUM,4.000000,True,Racing Bulls,1410.212000,,1,,False,,False,False
2026,7,Barcelona Grand Prix,FP2,4421.846000,LAW,30,lawson,rb,,5.000000,2.000000,4323.688000,,,38.393000,25.951000,,4396.060000,4421.951000,195.000000,234.000000,289.000000,176.000000,False,SOFT,1.000000,True,Racing Bulls,1513.025000,,1267,,False,,False,False
2026,7,Barcelona Grand Prix,FP2,4499.808000,LAW,30,lawson,rb,77.962000,6.000000,2.000000,,,22.615000,31.606000,23.741000,4444.461000,4476.067000,4499.808000,272.000000,286.000000,281.000000,327.000000,False,SOFT,2.000000,True,Racing Bulls,4421.846000,,1,,False,,False,True
2026,7,Barcelona Grand Prix,FP2,4670.831000,LAW,30,lawson,rb,,7.000000,2.000000,,,30.132000,50.948000,89.859000,4530.122000,4580.979000,4670.860000,172.000000,171.000000,2.000000,295.000000,False,SOFT,3.000000,True,Racing Bulls,4499.808000,,1,,False,,False,False
2026,7,Barcelona Grand Prix,FP2,4797.993000,LAW,30,lawson,rb,127.162000,8.000000,2.000000,,4768.399000,30.882000,38.073000,58.207000,4701.713000,4739.786000,4797.993000,182.000000,199.000000,,301.000000,False,SOFT,4.000000,True,Racing Bulls,4670.831000,,1,,False,,False,False
2026,7,Barcelona Grand Prix,FP2,964.121000,OCO,31,ocon,haas,,1.000000,1.000000,849.203000,,,41.516000,28.178000,,936.111000,964.349000,173.000000,218.000000,288.000000,91.000000,False,MEDIUM,1.000000,True,Haas F1 Team,849.203000,,1,,False,,False,False
2026,7,Barcelona Grand Prix,FP2,1042.366000,OCO,31,ocon,haas,78.245000,2.000000,1.000000,,,22.858000,31.573000,23.814000,986.979000,1018.552000,1042.366000,265.000000,281.000000,287.000000,338.000000,True,MEDIUM,2.000000,True,Haas F1 Team,964.121000,,1,,False,,False,True
2026,7,Barcelona Grand Prix,FP2,1170.990000,OCO,31,ocon,haas,128.624000,3.000000,1.000000,,1168.302000,35.459000,51.053000,42.112000,1077.825000,1128.878000,1170.990000,135.000000,164.000000,,202.000000,False,MEDIUM,3.000000,True,Haas F1 Team,1042.366000,,1,,False,,False,False
2026,7,Barcelona Grand Prix,FP2,1372.765000,OCO,31,ocon,haas,,4.000000,2.000000,1246.599000,,,48.722000,42.098000,,1330.821000,1372.807000,166.000000,212.000000,194.000000,159.000000,False,MEDIUM,4.000000,False,Haas F1 Team,1170.990000,,1,,False,,False,False
2026,7,Barcelona Grand Prix,FP2,1488.542000,OCO,31,ocon,haas,115.777000,5.000000,2.000000,,,34.499000,48.599000,32.679000,1407.264000,1455.863000,1488.542000,133.000000,122.000000,286.000000,221.000000,False,MEDIUM,5.000000,False,Haas F1 Team,1372.765000,,1,,False,,False,True
2026,7,Barcelona Grand Prix,FP2,1568.489000,OCO,31,ocon,haas,79.947000,6.000000,2.000000,,,22.823000,32.138000,24.986000,1511.365000,1543.503000,1568.489000,269.000000,272.000000,290.000000,334.000000,False,MEDIUM,6.000000,False,Haas F1 Team,1488.542000,,1,,False,,False,True
2026,7,Barcelona Grand Prix,FP2,1670.768000,OCO,31,ocon,haas,102.279000,7.000000,2.000000,,1667.977000,28.077000,38.165000,36.037000,1596.566000,1634.731000,1670.768000,188.000000,216.000000,,291.000000,False,MEDIUM,7.000000,False,Haas F1 Team,1568.489000,,1,,False,,False,False
2026,7,Barcelona Grand Prix,FP2,2374.804000,OCO,31,ocon,haas,,8.000000,3.000000,2262.759000,,,44.514000,28.103000,,2346.872000,2374.935000,174.000000,226.000000,290.000000,122.000000,False,SOFT,1.000000,True,Haas F1 Team,1670.768000,,1267,,False,,False,False
2026,7,Barcelona Grand Prix,FP2,2452.342000,OCO,31,ocon,haas,77.538000,9.000000,3.000000,,,22.402000,31.157000,23.979000,2397.206000,2428.363000,2452.342000,273.000000,285.000000,263.000000,335.000000,True,SOFT,2.000000,True,Haas F1 Team,2374.804000,,1,,False,,False,True
2026,7,Barcelona Grand Prix,FP2,2577.933000,OCO,31,ocon,haas,125.591000,10.000000,3.000000,,2575.196000,33.054000,48.485000,44.052000,2485.396000,2533.881000,2577.933000,152.000000,144.000000,,206.000000,False,SOFT,3.000000,True,Haas F1 Team,2452.342000,,1,,False,,False,False
2026,7,Barcelona Grand Prix,FP2,2795.663000,OCO,31,ocon,haas,,11.000000,4.000000,2679.740000,,,47.149000,31.388000,,2764.379000,2795.663000,158.000000,229.000000,286.000000,135.000000,False,SOFT,4.000000,False,Haas F1 Team,2577.933000,,1,,False,,False,False
2026,7,Barcelona Grand Prix,FP2,2888.471000,OCO,31,ocon,haas,92.808000,12.000000,4.000000,,2885.369000,22.701000,31.820000,38.287000,2818.364000,2850.184000,2888.471000,268.000000,278.000000,,330.000000,False,SOFT,5.000000,False,Haas F1 Team,2795.663000,,1,,False,,False,False
2026,7,Barcelona Grand Prix,FP2,3332.006000,OCO,31,ocon,haas,,13.000000,5.000000,3243.495000,,,34.765000,26.253000,,3305.818000,3332.024000,224.000000,241.000000,283.000000,217.000000,False,MEDIUM,8.000000,False,Haas F1 Team,2888.471000,,1,,False,,False,False
2026,7,Barcelona Grand Prix,FP2,3415.064000,OCO,31,ocon,haas,83.058000,14.000000,5.000000,,,24.236000,33.665000,25.157000,3356.242000,3389.907000,3415.064000,250.000000,254.000000,289.000000,319.000000,False,MEDIUM,9.000000,False,Haas F1 Team,3332.006000,,1,,False,,False,True
2026,7,Barcelona Grand Prix,FP2,3502.799000,OCO,31,ocon,haas,87.735000,15.000000,5.000000,,,24.527000,34.399000,28.809000,3439.591000,3473.990000,3502.799000,233.000000,249.000000,285.000000,317.000000,False,MEDIUM,10.000000,False,Haas F1 Team,3415.064000,,1,,False,,False,True
2026,7,Barcelona Grand Prix,FP2,3586.607000,OCO,31,ocon,haas,83.808000,16.000000,5.000000,,,24.436000,33.910000,25.462000,3527.235000,3561.145000,3586.607000,247.000000,258.000000,288.000000,317.000000,False,MEDIUM,11.000000,False,Haas F1 Team,3502.799000,,1,,False,,False,True
2026,7,Barcelona Grand Prix,FP2,3670.821000,OCO,31,ocon,haas,84.214000,17.000000,5.000000,,,24.348000,34.091000,25.775000,3610.955000,3645.046000,3670.821000,245.000000,261.000000,286.000000,322.000000,False,MEDIUM,12.000000,False,Haas F1 Team,3586.607000,,1,,False,,False,True
2026,7,Barcelona Grand Prix,FP2,3755.599000,OCO,31,ocon,haas,84.778000,18.000000,5.000000,,,24.550000,34.074000,26.154000,3695.371000,3729.445000,3755.599000,244.000000,260.000000,289.000000,319.000000,False,MEDIUM,13.000000,False,Haas F1 Team,3670.821000,,1,,False,,False,True
2026,7,Barcelona Grand Prix,FP2,3840.040000,OCO,31,ocon,haas,84.441000,19.000000,5.000000,,,24.357000,34.176000,25.908000,3779.956000,3814.132000,3840.040000,246.000000,260.000000,287.000000,339.000000,False,MEDIUM,14.000000,False,Haas F1 Team,3755.599000,,1,,False,,False,True
2026,7,Barcelona Grand Prix,FP2,3927.784000,OCO,31,ocon,haas,87.744000,20.000000,5.000000,,,24.611000,37.299000,25.834000,3864.651000,3901.950000,3927.784000,235.000000,261.000000,286.000000,323.000000,False,MEDIUM,15.000000,False,Haas F1 Team,3840.040000,,1,,False,,False,True
2026,7,Barcelona Grand Prix,FP2,4012.683000,OCO,31,ocon,haas,84.899000,21.000000,5.000000,,,24.611000,34.377000,25.911000,,3986.772000,4012.683000,238.000000,256.000000,288.000000,321.000000,False,MEDIUM,16.000000,False,Haas F1 Team,3927.784000,,1,,False,,False,True
2026,7,Barcelona Grand Prix,FP2,4098.961000,OCO,31,ocon,haas,86.278000,22.000000,5.000000,,,24.842000,35.125000,26.311000,4037.525000,4072.650000,4098.961000,232.000000,249.000000,288.000000,333.000000,False,MEDIUM,17.000000,False,Haas F1 Team,4012.683000,,1,,False,,False,True
2026,7,Barcelona Grand Prix,FP2,4193.014000,OCO,31,ocon,haas,94.053000,23.000000,5.000000,,,24.729000,42.913000,26.411000,4123.690000,4166.603000,4193.014000,226.000000,225.000000,285.000000,345.000000,False,MEDIUM,18.000000,False,Haas F1 Team,4098.961000,,1,,False,,False,True
2026,7,Barcelona Grand Prix,FP2,4277.993000,OCO,31,ocon,haas,84.979000,24.000000,5.000000,,,24.746000,34.301000,25.932000,4217.760000,4252.061000,4277.993000,235.000000,262.000000,286.000000,321.000000,False,MEDIUM,19.000000,False,Haas F1 Team,4193.014000,,1,,False,,False,True
2026,7,Barcelona Grand Prix,FP2,4362.886000,OCO,31,ocon,haas,84.893000,25.000000,5.000000,,,24.527000,34.467000,25.899000,4302.520000,4336.987000,4362.886000,244.000000,259.000000,287.000000,322.000000,False,MEDIUM,20.000000,False,Haas F1 Team,4277.993000,,1,,False,,False,True
2026,7,Barcelona Grand Prix,FP2,4447.780000,OCO,31,ocon,haas,84.894000,26.000000,5.000000,,,24.491000,34.460000,25.943000,4387.377000,4421.837000,4447.780000,242.000000,267.000000,288.000000,342.000000,False,MEDIUM,21.000000,False,Haas F1 Team,4362.886000,,1,,False,,False,True
2026,7,Barcelona Grand Prix,FP2,4565.137000,OCO,31,ocon,haas,117.357000,27.000000,5.000000,,,31.086000,44.660000,41.611000,4478.866000,4523.526000,4565.137000,157.000000,168.000000,88.000000,234.000000,False,MEDIUM,22.000000,False,Haas F1 Team,4447.780000,,1,,False,,False,True
2026,7,Barcelona Grand Prix,FP2,4697.773000,OCO,31,ocon,haas,132.636000,28.000000,5.000000,,,53.481000,42.175000,36.980000,4618.618000,4660.793000,4697.773000,221.000000,168.000000,70.000000,287.000000,False,MEDIUM,23.000000,False,Haas F1 Team,4565.137000,,1,,False,,False,True
2026,7,Barcelona Grand Prix,FP2,4821.107000,OCO,31,ocon,haas,123.334000,29.000000,5.000000,,4818.268000,51.567000,40.495000,31.272000,4749.340000,4789.835000,4821.107000,177.000000,182.000000,,277.000000,False,MEDIUM,24.000000,False,Haas F1 Team,4697.773000,,1,,False,,False,False
2026,7,Barcelona Grand Prix,FP2,1215.856000,LIN,41,arvid_lindblad,rb,,1.000000,1.000000,1109.151000,,,42.698000,29.207000,,1186.853000,1215.958000,173.000000,191.000000,285.000000,158.000000,False,MEDIUM,1.000000,True,Racing Bulls,1109.151000,,1,,False,,False,False
2026,7,Barcelona Grand Prix,FP2,1292.914000,LIN,41,arvid_lindblad,rb,77.058000,2.000000,1.000000,,,22.313000,31.322000,23.423000,1238.169000,1269.491000,1292.914000,270.000000,278.000000,271.000000,330.000000,True,MEDIUM,2.000000,True,Racing Bulls,1215.856000,,1,,False,,False,True
2026,7,Barcelona Grand Prix,FP2,1400.263000,LIN,41,arvid_lindblad,rb,107.349000,3.000000,1.000000,,1397.454000,31.200000,42.640000,33.509000,1324.114000,1366.754000,1400.263000,165.000000,205.000000,,271.000000,False,MEDIUM,3.000000,True,Racing Bulls,1292.914000,,1,,False,,False,False
2026,7,Barcelona Grand Prix,FP2,1890.942000,LIN,41,arvid_lindblad,rb,,4.000000,2.000000,1770.806000,1888.129000,,47.546000,35.296000,,1855.898000,1890.942000,126.000000,149.000000,,123.000000,False,MEDIUM,4.000000,False,Racing Bulls,1400.263000,,126,,False,,False,False
2026,7,Barcelona Grand Prix,FP2,2112.890000,LIN,41,arvid_lindblad,rb,,5.000000,3.000000,2012.105000,,,39.141000,26.621000,,2086.534000,2112.987000,200.000000,217.000000,289.000000,132.000000,False,MEDIUM,5.000000,False,Racing Bulls,1890.942000,,671,,False,,False,False
2026,7,Barcelona Grand Prix,FP2,2190.356000,LIN,41,arvid_lindblad,rb,77.466000,6.000000,3.000000,,,22.478000,31.341000,23.647000,2135.368000,2166.709000,2190.356000,274.000000,284.000000,266.000000,328.000000,False,MEDIUM,6.000000,False,Racing Bulls,2112.890000,,1,,False,,False,True
2026,7,Barcelona Grand Prix,FP2,2281.499000,LIN,41,arvid_lindblad,rb,91.143000,7.000000,3.000000,,2278.688000,26.602000,36.465000,28.076000,2216.958000,2253.423000,2281.499000,235.000000,194.000000,,290.000000,False,MEDIUM,7.000000,False,Racing Bulls,2190.356000,,1,,False,,False,False
2026,7,Barcelona Grand Prix,FP2,2601.853000,LIN,41,arvid_lindblad,rb,,8.000000,4.000000,2492.594000,,,44.275000,31.039000,,2571.005000,2601.853000,191.000000,223.000000,290.000000,145.000000,False,SOFT,1.000000,True,Racing Bulls,2281.499000,,1,,False,,False,False
2026,7,Barcelona Grand Prix,FP2,2678.264000,LIN,41,arvid_lindblad,rb,76.411000,9.000000,4.000000,,,22.200000,30.866000,23.345000,2624.053000,2654.919000,2678.264000,278.000000,289.000000,266.000000,320.000000,True,SOFT,2.000000,True,Racing Bulls,2601.853000,,1,,False,,False,True
2026,7,Barcelona Grand Prix,FP2,2770.115000,LIN,41,arvid_lindblad,rb,91.851000,10.000000,4.000000,,2767.257000,30.127000,33.272000,28.452000,2708.391000,2741.663000,2770.115000,214.000000,233.000000,,268.000000,False,SOFT,3.000000,True,Racing Bulls,2678.264000,,1,,False,,False,False
2026,7,Barcelona Grand Prix,FP2,3143.651000,LIN,41,arvid_lindblad,rb,,11.000000,5.000000,3027.275000,,,34.683000,25.113000,,3118.727000,3143.787000,234.000000,262.000000,295.000000,193.000000,False,MEDIUM,8.000000,False,Racing Bulls,2770.115000,,1,,False,,False,False
2026,7,Barcelona Grand Prix,FP2,3225.776000,LIN,41,arvid_lindblad,rb,82.125000,12.000000,5.000000,,,24.032000,33.219000,24.874000,3167.683000,3200.902000,3225.776000,253.000000,267.000000,296.000000,325.000000,False,MEDIUM,9.000000,False,Racing Bulls,3143.651000,,1,,False,,False,True
2026,7,Barcelona Grand Prix,FP2,3308.144000,LIN,41,arvid_lindblad,rb,82.368000,13.000000,5.000000,,,23.932000,33.360000,25.076000,3249.708000,3283.068000,3308.144000,260.000000,264.000000,295.000000,322.000000,False,MEDIUM,10.000000,False,Racing Bulls,3225.776000,,1,,False,,False,True
2026,7,Barcelona Grand Prix,FP2,3391.072000,LIN,41,arvid_lindblad,rb,82.928000,14.000000,5.000000,,,23.961000,33.559000,25.408000,3332.105000,3365.664000,3391.072000,256.000000,263.000000,294.000000,322.000000,False,MEDIUM,11.000000,False,Racing Bulls,3308.144000,,1,,False,,False,True
2026,7,Barcelona Grand Prix,FP2,3474.002000,LIN,41,arvid_lindblad,rb,82.930000,15.000000,5.000000,,,24.115000,33.606000,25.209000,3415.187000,3448.793000,3474.002000,254.000000,270.000000,295.000000,322.000000,False,MEDIUM,12.000000,False,Racing Bulls,3391.072000,,1,,False,,False,True
2026,7,Barcelona Grand Prix,FP2,3557.203000,LIN,41,arvid_lindblad,rb,83.201000,16.000000,5.000000,,,24.136000,33.759000,25.306000,3498.138000,3531.897000,3557.203000,249.000000,268.000000,295.000000,320.000000,False,MEDIUM,13.000000,False,Racing Bulls,3474.002000,,1,,False,,False,True
2026,7,Barcelona Grand Prix,FP2,3640.757000,LIN,41,arvid_lindblad,rb,83.554000,17.000000,5.000000,,,24.243000,33.844000,25.467000,3581.446000,3615.290000,3640.757000,251.000000,265.000000,295.000000,325.000000,False,MEDIUM,14.000000,False,Racing Bulls,3557.203000,,1,,False,,False,True
2026,7,Barcelona Grand Prix,FP2,3725.442000,LIN,41,arvid_lindblad,rb,84.685000,18.000000,5.000000,,,24.739000,34.356000,25.590000,3665.496000,3699.852000,3725.442000,252.000000,258.000000,295.000000,323.000000,False,MEDIUM,15.000000,False,Racing Bulls,3640.757000,,1,,False,,False,True
2026,7,Barcelona Grand Prix,FP2,3809.331000,LIN,41,arvid_lindblad,rb,83.889000,19.000000,5.000000,,,24.275000,34.083000,25.531000,3749.717000,3783.800000,3809.331000,255.000000,267.000000,294.000000,332.000000,False,MEDIUM,16.000000,False,Racing Bulls,3725.442000,,1,,False,,False,True
2026,7,Barcelona Grand Prix,FP2,3893.851000,LIN,41,arvid_lindblad,rb,84.520000,20.000000,5.000000,,,24.392000,34.223000,25.905000,3833.723000,3867.946000,3893.851000,249.000000,263.000000,290.000000,322.000000,False,MEDIUM,17.000000,False,Racing Bulls,3809.331000,,1,,False,,False,True
2026,7,Barcelona Grand Prix,FP2,3979.854000,LIN,41,arvid_lindblad,rb,86.003000,21.000000,5.000000,,,25.087000,34.915000,26.001000,3918.938000,3953.853000,3979.854000,247.000000,267.000000,292.000000,325.000000,False,MEDIUM,18.000000,False,Racing Bulls,3893.851000,,1,,False,,False,True
2026,7,Barcelona Grand Prix,FP2,4064.622000,LIN,41,arvid_lindblad,rb,84.768000,22.000000,5.000000,,,24.404000,34.483000,25.881000,4004.258000,4038.741000,4064.622000,253.000000,265.000000,293.000000,328.000000,False,MEDIUM,19.000000,False,Racing Bulls,3979.854000,,1,,False,,False,True
2026,7,Barcelona Grand Prix,FP2,4149.571000,LIN,41,arvid_lindblad,rb,84.949000,23.000000,5.000000,,,24.456000,34.544000,25.949000,4089.078000,4123.622000,4149.571000,253.000000,269.000000,292.000000,327.000000,False,MEDIUM,20.000000,False,Racing Bulls,4064.622000,,1,,False,,False,True
2026,7,Barcelona Grand Prix,FP2,4237.279000,LIN,41,arvid_lindblad,rb,87.708000,24.000000,5.000000,,,24.523000,35.486000,27.699000,4174.094000,4209.580000,4237.279000,248.000000,258.000000,289.000000,325.000000,False,MEDIUM,21.000000,False,Racing Bulls,4149.571000,,1,,False,,False,True
2026,7,Barcelona Grand Prix,FP2,4325.712000,LIN,41,arvid_lindblad,rb,88.433000,25.000000,5.000000,,,25.115000,36.801000,26.517000,4262.394000,4299.195000,4325.712000,249.000000,251.000000,291.000000,337.000000,False,MEDIUM,22.000000,False,Racing Bulls,4237.279000,,1,,False,,False,True
2026,7,Barcelona Grand Prix,FP2,4414.325000,LIN,41,arvid_lindblad,rb,88.613000,26.000000,5.000000,,,25.241000,35.347000,28.025000,4350.953000,4386.300000,4414.325000,240.000000,251.000000,290.000000,333.000000,False,MEDIUM,23.000000,False,Racing Bulls,4325.712000,,1,,False,,False,True
2026,7,Barcelona Grand Prix,FP2,4503.474000,LIN,41,arvid_lindblad,rb,89.149000,27.000000,5.000000,,,24.825000,37.208000,27.116000,4439.150000,4476.358000,4503.474000,249.000000,194.000000,289.000000,333.000000,False,MEDIUM,24.000000,False,Racing Bulls,4414.325000,,1,,False,,False,True
2026,7,Barcelona Grand Prix,FP2,4616.494000,LIN,41,arvid_lindblad,rb,113.020000,28.000000,5.000000,,,29.001000,43.285000,40.734000,4532.475000,4575.760000,4616.494000,161.000000,203.000000,84.000000,330.000000,False,MEDIUM,25.000000,False,Racing Bulls,4503.474000,,1,,False,,False,True
2026,7,Barcelona Grand Prix,FP2,4739.999000,LIN,41,arvid_lindblad,rb,123.505000,29.000000,5.000000,,4737.208000,51.146000,38.237000,34.122000,4667.640000,4705.877000,4739.999000,225.000000,179.000000,,297.000000,False,MEDIUM,26.000000,False,Racing Bulls,4616.494000,,1,,False,,False,False
2026,7,Barcelona Grand Prix,FP2,978.319000,COL,43,colapinto,alpine,,1.000000,1.000000,854.503000,,,43.187000,33.578000,,945.055000,978.447000,167.000000,222.000000,288.000000,69.000000,False,MEDIUM,1.000000,True,Alpine,854.503000,,1,,False,,False,False
2026,7,Barcelona Grand Prix,FP2,1056.085000,COL,43,colapinto,alpine,77.766000,2.000000,1.000000,,,22.851000,31.434000,23.481000,1001.170000,1032.604000,1056.085000,271.000000,284.000000,285.000000,326.000000,True,MEDIUM,2.000000,True,Alpine,978.319000,,1,,False,,False,True
2026,7,Barcelona Grand Prix,FP2,1201.340000,COL,43,colapinto,alpine,145.255000,3.000000,1.000000,,1198.570000,43.350000,57.277000,44.628000,1099.435000,1156.712000,1201.340000,78.000000,137.000000,,168.000000,False,MEDIUM,3.000000,True,Alpine,1056.085000,,1,,False,,False,False
2026,7,Barcelona Grand Prix,FP2,1353.550000,COL,43,colapinto,alpine,,4.000000,2.000000,1217.286000,,63.220000,54.548000,34.307000,1264.834000,1319.262000,1353.550000,93.000000,225.000000,282.000000,114.000000,False,MEDIUM,4.000000,False,Alpine,1201.340000,,1,,False,,False,False
2026,7,Barcelona Grand Prix,FP2,1431.423000,COL,43,colapinto,alpine,77.873000,5.000000,2.000000,,,22.612000,31.610000,23.651000,1376.162000,1407.772000,1431.423000,277.000000,287.000000,281.000000,327.000000,False,MEDIUM,5.000000,False,Alpine,1353.550000,,1,,False,,False,True
2026,7,Barcelona Grand Prix,FP2,1587.644000,COL,43,colapinto,alpine,,6.000000,2.000000,,1584.667000,42.886000,66.675000,46.735000,1474.410000,1541.083000,1587.693000,89.000000,90.000000,,163.000000,False,MEDIUM,6.000000,False,Alpine,1431.423000,,1,,False,,False,False
2026,7,Barcelona Grand Prix,FP2,1734.878000,COL,43,colapinto,alpine,147.234000,7.000000,3.000000,1603.740000,,59.612000,52.788000,34.834000,1647.256000,1700.044000,1734.878000,145.000000,133.000000,279.000000,117.000000,False,MEDIUM,7.000000,False,Alpine,1587.644000,,1,,False,,False,False
2026,7,Barcelona Grand Prix,FP2,1820.110000,COL,43,colapinto,alpine,85.232000,8.000000,3.000000,,,22.729000,31.698000,30.805000,1757.607000,1789.305000,1820.110000,274.000000,281.000000,125.000000,323.000000,False,MEDIUM,8.000000,False,Alpine,1734.878000,,126,,False,,False,False
2026,7,Barcelona Grand Prix,FP2,1970.811000,COL,43,colapinto,alpine,,9.000000,3.000000,,1967.929000,45.516000,67.081000,38.097000,1865.757000,1932.911000,1970.811000,118.000000,100.000000,,108.000000,False,MEDIUM,9.000000,False,Alpine,1820.110000,,671,,False,,False,False
2026,7,Barcelona Grand Prix,FP2,2510.708000,COL,43,colapinto,alpine,,10.000000,4.000000,2410.342000,,,39.719000,27.125000,,2483.772000,2510.736000,218.000000,236.000000,287.000000,167.000000,False,SOFT,1.000000,True,Alpine,1970.811000,,1,,False,,False,False
2026,7,Barcelona Grand Prix,FP2,2587.759000,COL,43,colapinto,alpine,77.051000,11.000000,4.000000,,,22.306000,31.191000,23.554000,2533.014000,2564.205000,2587.759000,277.000000,286.000000,285.000000,327.000000,True,SOFT,2.000000,True,Alpine,2510.708000,,1,,False,,False,True
2026,7,Barcelona Grand Prix,FP2,2725.231000,COL,43,colapinto,alpine,137.472000,12.000000,4.000000,,2722.435000,38.699000,56.990000,41.783000,2626.458000,2683.448000,2725.231000,121.000000,151.000000,,171.000000,False,SOFT,3.000000,True,Alpine,2587.759000,,1,,False,,False,False
2026,7,Barcelona Grand Prix,FP2,2898.987000,COL,43,colapinto,alpine,,13.000000,5.000000,2751.696000,,74.201000,67.680000,31.809000,2799.669000,2867.178000,2898.995000,123.000000,182.000000,279.000000,138.000000,False,SOFT,4.000000,False,Alpine,2725.231000,,1,,False,,False,False
2026,7,Barcelona Grand Prix,FP2,2977.003000,COL,43,colapinto,alpine,78.016000,14.000000,5.000000,,,22.741000,31.600000,23.675000,2921.728000,2953.328000,2977.003000,275.000000,281.000000,288.000000,323.000000,False,SOFT,5.000000,False,Alpine,2898.987000,,1,,False,,False,True
2026,7,Barcelona Grand Prix,FP2,3079.569000,COL,43,colapinto,alpine,102.566000,15.000000,5.000000,,3076.665000,34.798000,37.125000,30.643000,3011.801000,3048.926000,3079.569000,210.000000,234.000000,,187.000000,False,SOFT,6.000000,False,Alpine,2977.003000,,1,,False,,False,False
2026,7,Barcelona Grand Prix,FP2,3448.453000,COL,43,colapinto,alpine,,16.000000,6.000000,3339.164000,,,35.293000,25.212000,,3423.475000,3448.586000,218.000000,259.000000,291.000000,202.000000,False,MEDIUM,10.000000,False,Alpine,3079.569000,,1,,False,,False,False
2026,7,Barcelona Grand Prix,FP2,3530.750000,COL,43,colapinto,alpine,82.297000,17.000000,6.000000,,,23.775000,33.570000,24.952000,3472.228000,3505.798000,3530.750000,258.000000,264.000000,294.000000,329.000000,False,MEDIUM,11.000000,False,Alpine,3448.453000,,1,,False,,False,True
2026,7,Barcelona Grand Prix,FP2,3613.118000,COL,43,colapinto,alpine,82.368000,18.000000,6.000000,,,23.826000,33.614000,24.928000,3554.576000,3588.190000,3613.118000,255.000000,263.000000,293.000000,317.000000,False,MEDIUM,12.000000,False,Alpine,3530.750000,,1,,False,,False,True
2026,7,Barcelona Grand Prix,FP2,3696.053000,COL,43,colapinto,alpine,82.935000,19.000000,6.000000,,,23.932000,33.671000,25.332000,3637.050000,3670.721000,3696.053000,261.000000,260.000000,293.000000,310.000000,False,MEDIUM,13.000000,False,Alpine,3613.118000,,1,,False,,False,True
2026,7,Barcelona Grand Prix,FP2,3779.911000,COL,43,colapinto,alpine,83.858000,20.000000,6.000000,,,24.146000,34.109000,25.603000,3720.199000,3754.308000,3779.911000,257.000000,256.000000,291.000000,320.000000,False,MEDIUM,14.000000,False,Alpine,3696.053000,,1,,False,,False,True
2026,7,Barcelona Grand Prix,FP2,3866.157000,COL,43,colapinto,alpine,86.246000,21.000000,6.000000,,,25.099000,34.888000,26.259000,3805.010000,3839.898000,3866.157000,229.000000,234.000000,292.000000,321.000000,False,MEDIUM,15.000000,False,Alpine,3779.911000,,1,,False,,False,True
2026,7,Barcelona Grand Prix,FP2,3951.020000,COL,43,colapinto,alpine,84.863000,22.000000,6.000000,,,24.290000,34.477000,26.096000,3890.447000,3924.924000,3951.020000,257.000000,256.000000,290.000000,323.000000,False,MEDIUM,16.000000,False,Alpine,3866.157000,,1,,False,,False,True
2026,7,Barcelona Grand Prix,FP2,4034.873000,COL,43,colapinto,alpine,83.853000,23.000000,6.000000,,,24.162000,34.114000,25.577000,3975.182000,4009.296000,4034.873000,256.000000,263.000000,292.000000,331.000000,False,MEDIUM,17.000000,False,Alpine,3951.020000,,1,,False,,False,True
2026,7,Barcelona Grand Prix,FP2,4118.877000,COL,43,colapinto,alpine,84.004000,24.000000,6.000000,,,24.108000,34.187000,25.709000,4058.981000,4093.168000,4118.877000,260.000000,259.000000,292.000000,331.000000,False,MEDIUM,18.000000,False,Alpine,4034.873000,,1,,False,,False,True
2026,7,Barcelona Grand Prix,FP2,4203.865000,COL,43,colapinto,alpine,84.988000,25.000000,6.000000,,,24.434000,34.686000,25.868000,4143.311000,4177.997000,4203.865000,253.000000,260.000000,290.000000,331.000000,False,MEDIUM,19.000000,False,Alpine,4118.877000,,1,,False,,False,True
2026,7,Barcelona Grand Prix,FP2,4289.255000,COL,43,colapinto,alpine,85.390000,26.000000,6.000000,,,24.471000,34.933000,25.986000,4228.336000,4263.269000,4289.255000,245.000000,260.000000,290.000000,332.000000,False,MEDIUM,20.000000,False,Alpine,4203.865000,,1,,False,,False,True
2026,7,Barcelona Grand Prix,FP2,4375.816000,COL,43,colapinto,alpine,86.561000,27.000000,6.000000,,,25.332000,34.986000,26.243000,4314.587000,4349.573000,4375.816000,242.000000,256.000000,290.000000,332.000000,False,MEDIUM,21.000000,False,Alpine,4289.255000,,1,,False,,False,True
2026,7,Barcelona Grand Prix,FP2,4461.600000,COL,43,colapinto,alpine,85.784000,28.000000,6.000000,,,24.650000,35.032000,26.102000,4400.466000,4435.498000,4461.600000,246.000000,254.000000,292.000000,332.000000,False,MEDIUM,22.000000,False,Alpine,4375.816000,,1,,False,,False,True
2026,7,Barcelona Grand Prix,FP2,4573.459000,COL,43,colapinto,alpine,111.859000,29.000000,6.000000,,,27.945000,37.621000,46.293000,4489.545000,4527.166000,4573.459000,225.000000,226.000000,70.000000,228.000000,False,MEDIUM,23.000000,False,Alpine,4461.600000,,1,,False,,False,True
2026,7,Barcelona Grand Prix,FP2,4698.824000,COL,43,colapinto,alpine,125.365000,30.000000,6.000000,,4695.986000,58.135000,36.360000,30.870000,4631.594000,4667.954000,4698.824000,230.000000,239.000000,,286.000000,False,MEDIUM,24.000000,False,Alpine,4573.459000,,1,,False,,False,False
2026,7,Barcelona Grand Prix,FP2,983.153000,HAM,44,hamilton,ferrari,,1.000000,1.000000,857.987000,,,44.262000,29.678000,,953.725000,983.322000,195.000000,202.000000,280.000000,95.000000,False,MEDIUM,1.000000,True,Ferrari,857.987000,,1,,False,,False,False
2026,7,Barcelona Grand Prix,FP2,1061.149000,HAM,44,hamilton,ferrari,77.996000,2.000000,1.000000,,,23.191000,31.299000,23.506000,1006.344000,1037.643000,1061.149000,240.000000,291.000000,274.000000,327.000000,True,MEDIUM,2.000000,True,Ferrari,983.153000,,1,,False,,False,True
2026,7,Barcelona Grand Prix,FP2,1193.946000,HAM,44,hamilton,ferrari,132.797000,3.000000,1.000000,,,42.593000,55.875000,34.329000,1103.742000,1159.617000,1193.946000,134.000000,191.000000,203.000000,164.000000,False,MEDIUM,3.000000,True,Ferrari,1061.149000,,1,,False,,False,True
2026,7,Barcelona Grand Prix,FP2,1307.151000,HAM,44,hamilton,ferrari,113.205000,4.000000,1.000000,,,35.048000,52.294000,25.863000,1228.994000,1281.288000,1307.151000,170.000000,219.000000,285.000000,235.000000,False,MEDIUM,4.000000,True,Ferrari,1193.946000,,1,,False,,False,True
2026,7,Barcelona Grand Prix,FP2,1384.581000,HAM,44,hamilton,ferrari,77.430000,5.000000,1.000000,,,22.743000,31.287000,23.400000,1329.894000,1361.181000,1384.581000,257.000000,299.000000,270.000000,330.000000,True,MEDIUM,5.000000,True,Ferrari,1307.151000,,1,,False,,False,True
2026,7,Barcelona Grand Prix,FP2,1539.583000,HAM,44,hamilton,ferrari,,6.000000,1.000000,,1536.598000,42.010000,62.330000,50.624000,1426.785000,1489.152000,1539.583000,117.000000,123.000000,,202.000000,False,MEDIUM,6.000000,True,Ferrari,1384.581000,,1,,False,,False,False
2026,7,Barcelona Grand Prix,FP2,1689.549000,HAM,44,hamilton,ferrari,149.966000,7.000000,2.000000,1569.224000,,81.023000,40.707000,28.236000,1620.606000,1661.313000,1689.549000,190.000000,102.000000,282.000000,233.000000,False,MEDIUM,7.000000,False,Ferrari,1539.583000,,1,,False,,False,False
2026,7,Barcelona Grand Prix,FP2,1800.298000,HAM,44,hamilton,ferrari,110.749000,8.000000,2.000000,,,22.934000,55.657000,32.158000,1712.483000,1768.140000,1800.298000,265.000000,132.000000,146.000000,315.000000,False,MEDIUM,8.000000,False,Ferrari,1689.549000,,12,,False,,False,True
2026,7,Barcelona Grand Prix,FP2,1965.819000,HAM,44,hamilton,ferrari,,9.000000,2.000000,,,59.629000,67.514000,38.352000,1860.148000,1927.723000,1965.819000,101.000000,144.000000,280.000000,90.000000,False,MEDIUM,9.000000,False,Ferrari,1800.298000,,2671,,False,,False,False
2026,7,Barcelona Grand Prix,FP2,2043.361000,HAM,44,hamilton,ferrari,77.542000,10.000000,2.000000,,,23.125000,30.906000,23.511000,1988.944000,2019.850000,2043.361000,248.000000,291.000000,269.000000,312.000000,False,MEDIUM,10.000000,False,Ferrari,1965.819000,,1,,False,,False,True
2026,7,Barcelona Grand Prix,FP2,2151.300000,HAM,44,hamilton,ferrari,107.939000,11.000000,2.000000,,2148.525000,39.007000,37.621000,31.311000,2082.368000,2119.989000,2151.300000,149.000000,240.000000,,208.000000,False,MEDIUM,11.000000,False,Ferrari,2043.361000,,1,,False,,False,False
2026,7,Barcelona Grand Prix,FP2,2636.171000,HAM,44,hamilton,ferrari,,12.000000,3.000000,2528.295000,,,40.692000,27.279000,,2609.031000,2636.274000,221.000000,229.000000,290.000000,172.000000,False,SOFT,1.000000,True,Ferrari,2151.300000,,1,,False,,False,False
2026,7,Barcelona Grand Prix,FP2,2712.802000,HAM,44,hamilton,ferrari,76.631000,13.000000,3.000000,,,22.293000,31.049000,23.289000,2658.464000,2689.513000,2712.802000,269.000000,294.000000,274.000000,328.000000,True,SOFT,2.000000,True,Ferrari,2636.171000,,1,,False,,False,True
2026,7,Barcelona Grand Prix,FP2,2887.172000,HAM,44,hamilton,ferrari,,14.000000,3.000000,,2883.916000,44.267000,72.630000,57.488000,2757.262000,2829.827000,2887.228000,85.000000,92.000000,,172.000000,False,SOFT,3.000000,True,Ferrari,2712.802000,,1,,False,,False,False
2026,7,Barcelona Grand Prix,FP2,3020.510000,HAM,44,hamilton,ferrari,133.338000,15.000000,4.000000,2904.219000,,63.345000,43.671000,26.322000,2950.517000,2994.188000,3020.510000,198.000000,233.000000,287.000000,92.000000,False,SOFT,4.000000,False,Ferrari,2887.172000,,1,,False,,False,False
2026,7,Barcelona Grand Prix,FP2,3122.714000,HAM,44,hamilton,ferrari,102.204000,16.000000,4.000000,,,22.660000,50.918000,28.626000,3043.170000,3094.088000,3122.714000,243.000000,158.000000,288.000000,316.000000,False,SOFT,5.000000,False,Ferrari,3020.510000,,1,,False,,False,True
2026,7,Barcelona Grand Prix,FP2,3199.630000,HAM,44,hamilton,ferrari,76.916000,17.000000,4.000000,,,22.670000,30.940000,23.306000,3145.384000,3176.324000,3199.630000,263.000000,297.000000,270.000000,317.000000,False,SOFT,6.000000,False,Ferrari,3122.714000,,1,,False,,False,True
2026,7,Barcelona Grand Prix,FP2,3289.675000,HAM,44,hamilton,ferrari,90.045000,18.000000,4.000000,,3286.828000,27.839000,33.062000,29.144000,3227.469000,3260.531000,3289.675000,219.000000,226.000000,,282.000000,False,SOFT,7.000000,False,Ferrari,3199.630000,,1,,False,,False,False
2026,7,Barcelona Grand Prix,FP2,3989.577000,HAM,44,hamilton,ferrari,,19.000000,5.000000,3881.804000,,,35.460000,28.400000,,3961.270000,3989.630000,225.000000,250.000000,289.000000,241.000000,False,MEDIUM,12.000000,False,Ferrari,3289.675000,,1,,False,,False,False
2026,7,Barcelona Grand Prix,FP2,4071.602000,HAM,44,hamilton,ferrari,82.025000,20.000000,5.000000,,,23.963000,33.186000,24.876000,4013.540000,4046.726000,4071.602000,249.000000,269.000000,290.000000,320.000000,False,MEDIUM,13.000000,False,Ferrari,3989.577000,,1,,False,,False,True
2026,7,Barcelona Grand Prix,FP2,4152.864000,HAM,44,hamilton,ferrari,81.262000,21.000000,5.000000,,,23.703000,32.831000,24.728000,4095.305000,4128.136000,4152.864000,262.000000,277.000000,290.000000,321.000000,False,MEDIUM,14.000000,False,Ferrari,4071.602000,,1,,False,,False,True
2026,7,Barcelona Grand Prix,FP2,4236.642000,HAM,44,hamilton,ferrari,83.778000,22.000000,5.000000,,,23.955000,33.447000,26.376000,4176.819000,4210.266000,4236.642000,256.000000,256.000000,287.000000,319.000000,False,MEDIUM,15.000000,False,Ferrari,4152.864000,,1,,False,,False,True
2026,7,Barcelona Grand Prix,FP2,4319.329000,HAM,44,hamilton,ferrari,82.687000,23.000000,5.000000,,,24.030000,33.628000,25.029000,4260.672000,4294.300000,4319.329000,241.000000,256.000000,289.000000,323.000000,False,MEDIUM,16.000000,False,Ferrari,4236.642000,,1,,False,,False,True
2026,7,Barcelona Grand Prix,FP2,4402.520000,HAM,44,hamilton,ferrari,83.191000,24.000000,5.000000,,,23.998000,33.832000,25.361000,4343.327000,4377.159000,4402.520000,247.000000,255.000000,288.000000,320.000000,False,MEDIUM,17.000000,False,Ferrari,4319.329000,,1,,True,TRACK LIMITS AT TURN 8 LAP 25 ,False,True
2026,7,Barcelona Grand Prix,FP2,4485.140000,HAM,44,hamilton,ferrari,82.620000,25.000000,5.000000,,,24.212000,33.419000,24.989000,4426.732000,4460.151000,4485.140000,243.000000,276.000000,289.000000,319.000000,False,MEDIUM,18.000000,False,Ferrari,4402.520000,,1,,False,,False,True
2026,7,Barcelona Grand Prix,FP2,4608.479000,HAM,44,hamilton,ferrari,123.339000,26.000000,5.000000,,,32.684000,38.951000,51.704000,4517.824000,4556.775000,4608.479000,162.000000,192.000000,65.000000,182.000000,False,MEDIUM,19.000000,False,Ferrari,4485.140000,,1,,False,,False,True
2026,7,Barcelona Grand Prix,FP2,4753.470000,HAM,44,hamilton,ferrari,144.991000,27.000000,5.000000,,,62.591000,44.616000,37.784000,4671.070000,4715.686000,4753.470000,236.000000,176.000000,68.000000,297.000000,False,MEDIUM,20.000000,False,Ferrari,4608.479000,,1,,False,,False,True
2026,7,Barcelona Grand Prix,FP2,4869.055000,HAM,44,hamilton,ferrari,115.585000,28.000000,5.000000,,4864.965000,51.017000,34.127000,30.441000,4804.487000,4838.614000,4869.055000,237.000000,276.000000,,275.000000,False,MEDIUM,21.000000,False,Ferrari,4753.470000,,1,,False,,False,False
2026,7,Barcelona Grand Prix,FP2,1241.291000,SAI,55,sainz,williams,,1.000000,1.000000,1132.252000,,,42.642000,33.454000,,1208.083000,1241.380000,193.000000,165.000000,295.000000,173.000000,False,MEDIUM,1.000000,True,Williams,1132.252000,,1,,False,,False,False
2026,7,Barcelona Grand Prix,FP2,1319.262000,SAI,55,sainz,williams,77.971000,2.000000,1.000000,,,22.686000,31.604000,23.681000,1263.977000,1295.581000,1319.262000,279.000000,284.000000,280.000000,333.000000,True,MEDIUM,2.000000,True,Williams,1241.291000,,1,,False,,False,True
2026,7,Barcelona Grand Prix,FP2,1453.726000,SAI,55,sainz,williams,134.464000,3.000000,1.000000,,1450.817000,43.007000,47.161000,44.296000,1362.269000,1409.430000,1453.726000,125.000000,182.000000,,158.000000,False,MEDIUM,3.000000,True,Williams,1319.262000,,1,,False,,False,False
2026,7,Barcelona Grand Prix,FP2,1585.647000,SAI,55,sainz,williams,131.921000,4.000000,2.000000,1477.551000,,61.354000,42.942000,27.625000,1515.080000,1558.022000,1585.647000,176.000000,155.000000,293.000000,146.000000,False,MEDIUM,4.000000,False,Williams,1453.726000,,1,,False,,False,False
2026,7,Barcelona Grand Prix,FP2,1664.328000,SAI,55,sainz,williams,78.681000,5.000000,2.000000,,,22.749000,31.945000,23.987000,1608.396000,1640.341000,1664.328000,267.000000,277.000000,278.000000,320.000000,False,MEDIUM,5.000000,False,Williams,1585.647000,,1,,False,,False,True
2026,7,Barcelona Grand Prix,FP2,1769.170000,SAI,55,sainz,williams,104.842000,6.000000,2.000000,,1766.416000,33.754000,37.859000,33.229000,1698.082000,1735.941000,1769.170000,186.000000,228.000000,,217.000000,False,MEDIUM,6.000000,False,Williams,1664.328000,,1,,False,,False,False
2026,7,Barcelona Grand Prix,FP2,2181.688000,SAI,55,sainz,williams,,7.000000,3.000000,2079.940000,,,39.406000,27.553000,,2154.195000,2181.688000,184.000000,232.000000,289.000000,131.000000,False,SOFT,1.000000,True,Williams,1769.170000,,1267,,False,,False,False
2026,7,Barcelona Grand Prix,FP2,2258.708000,SAI,55,sainz,williams,77.020000,8.000000,3.000000,,,22.332000,31.252000,23.436000,2204.020000,2235.272000,2258.708000,281.000000,276.000000,273.000000,328.000000,True,SOFT,2.000000,True,Williams,2181.688000,,1,,False,,False,True
2026,7,Barcelona Grand Prix,FP2,2368.825000,SAI,55,sainz,williams,110.117000,9.000000,3.000000,,2366.032000,35.300000,40.672000,34.145000,2294.008000,2334.680000,2368.825000,172.000000,214.000000,,165.000000,False,SOFT,3.000000,True,Williams,2258.708000,,1,,False,,False,False
2026,7,Barcelona Grand Prix,FP2,2967.783000,SAI,55,sainz,williams,,10.000000,4.000000,2854.863000,,,37.311000,26.519000,,2941.381000,2967.812000,207.000000,230.000000,281.000000,244.000000,False,MEDIUM,7.000000,False,Williams,2368.825000,,1,,False,,False,False
2026,7,Barcelona Grand Prix,FP2,3050.935000,SAI,55,sainz,williams,83.152000,11.000000,4.000000,,,24.222000,33.835000,25.095000,2992.005000,3025.840000,3050.935000,251.000000,250.000000,291.000000,327.000000,False,MEDIUM,8.000000,False,Williams,2967.783000,,1,,False,,False,True
2026,7,Barcelona Grand Prix,FP2,3134.133000,SAI,55,sainz,williams,83.198000,12.000000,4.000000,,,24.095000,33.828000,25.275000,3075.030000,3108.858000,3134.133000,255.000000,260.000000,288.000000,329.000000,False,MEDIUM,9.000000,False,Williams,3050.935000,,1,,False,,False,True
2026,7,Barcelona Grand Prix,FP2,3217.972000,SAI,55,sainz,williams,83.839000,13.000000,4.000000,,,24.286000,34.111000,25.442000,3158.419000,3192.530000,3217.972000,254.000000,252.000000,288.000000,325.000000,False,MEDIUM,10.000000,False,Williams,3134.133000,,1,,False,,False,True
2026,7,Barcelona Grand Prix,FP2,3302.898000,SAI,55,sainz,williams,84.926000,14.000000,4.000000,,,24.723000,34.491000,25.712000,3242.695000,3277.186000,3302.898000,240.000000,253.000000,286.000000,328.000000,False,MEDIUM,11.000000,False,Williams,3217.972000,,1,,False,,False,True
2026,7,Barcelona Grand Prix,FP2,3391.100000,SAI,55,sainz,williams,88.202000,15.000000,4.000000,,3388.362000,24.491000,34.333000,29.378000,3327.389000,3361.722000,3391.100000,250.000000,250.000000,,328.000000,False,MEDIUM,12.000000,False,Williams,3302.898000,,1,,False,,False,False
2026,7,Barcelona Grand Prix,FP2,3498.762000,SAI,55,sainz,williams,107.662000,16.000000,5.000000,3413.100000,,47.775000,34.318000,25.569000,3438.875000,3473.193000,3498.762000,240.000000,254.000000,288.000000,237.000000,False,MEDIUM,13.000000,False,Williams,3391.100000,,1,,False,,False,False
2026,7,Barcelona Grand Prix,FP2,3583.120000,SAI,55,sainz,williams,84.358000,17.000000,5.000000,,,24.409000,34.154000,25.795000,3523.171000,3557.325000,3583.120000,252.000000,268.000000,286.000000,327.000000,False,MEDIUM,14.000000,False,Williams,3498.762000,,1,,False,,False,True
2026,7,Barcelona Grand Prix,FP2,3668.073000,SAI,55,sainz,williams,84.953000,18.000000,5.000000,,,24.581000,34.567000,25.805000,3607.701000,3642.268000,3668.073000,250.000000,263.000000,285.000000,326.000000,False,MEDIUM,15.000000,False,Williams,3583.120000,,1,,False,,False,True
2026,7,Barcelona Grand Prix,FP2,3752.866000,SAI,55,sainz,williams,84.793000,19.000000,5.000000,,,24.612000,34.523000,25.658000,3692.685000,3727.208000,3752.866000,248.000000,261.000000,288.000000,327.000000,False,MEDIUM,16.000000,False,Williams,3668.073000,,1,,False,,False,True
2026,7,Barcelona Grand Prix,FP2,3838.117000,SAI,55,sainz,williams,85.251000,20.000000,5.000000,,,24.601000,34.534000,26.116000,3777.467000,3812.001000,3838.117000,250.000000,250.000000,288.000000,327.000000,False,MEDIUM,17.000000,False,Williams,3752.866000,,1,,False,,False,True
2026,7,Barcelona Grand Prix,FP2,3924.442000,SAI,55,sainz,williams,86.325000,21.000000,5.000000,,,24.870000,35.103000,26.352000,3862.987000,3898.090000,3924.442000,241.000000,259.000000,287.000000,333.000000,False,MEDIUM,18.000000,False,Williams,3838.117000,,1,,False,,False,True
2026,7,Barcelona Grand Prix,FP2,4011.817000,SAI,55,sainz,williams,87.375000,22.000000,5.000000,,,25.307000,35.553000,26.515000,3949.749000,3985.302000,4011.817000,240.000000,248.000000,285.000000,328.000000,False,MEDIUM,19.000000,False,Williams,3924.442000,,1,,False,,False,True
2026,7,Barcelona Grand Prix,FP2,4098.401000,SAI,55,sainz,williams,86.584000,23.000000,5.000000,,,25.135000,35.224000,26.225000,4036.952000,4072.176000,4098.401000,245.000000,252.000000,288.000000,328.000000,False,MEDIUM,20.000000,False,Williams,4011.817000,,1,,False,,False,True
2026,7,Barcelona Grand Prix,FP2,4184.367000,SAI,55,sainz,williams,85.966000,24.000000,5.000000,,,24.748000,34.966000,26.252000,4123.149000,4158.115000,4184.367000,248.000000,269.000000,287.000000,342.000000,False,MEDIUM,21.000000,False,Williams,4098.401000,,1,,False,,False,True
2026,7,Barcelona Grand Prix,FP2,4273.375000,SAI,55,sainz,williams,89.008000,25.000000,5.000000,,4270.597000,24.473000,34.891000,29.644000,4208.840000,4243.731000,4273.375000,251.000000,260.000000,,343.000000,False,MEDIUM,22.000000,False,Williams,4184.367000,,1,,False,,False,False
2026,7,Barcelona Grand Prix,FP2,4382.173000,SAI,55,sainz,williams,108.798000,26.000000,6.000000,4297.813000,,49.837000,33.731000,25.230000,4323.212000,4356.943000,4382.173000,234.000000,263.000000,290.000000,235.000000,False,SOFT,4.000000,False,Williams,4273.375000,,1,,False,,False,False
2026,7,Barcelona Grand Prix,FP2,4464.957000,SAI,55,sainz,williams,82.784000,27.000000,6.000000,,,23.958000,33.680000,25.146000,4406.131000,4439.811000,4464.957000,261.000000,265.000000,290.000000,328.000000,False,SOFT,5.000000,False,Williams,4382.173000,,1,,False,,False,True
2026,7,Barcelona Grand Prix,FP2,4578.290000,SAI,55,sainz,williams,113.333000,28.000000,6.000000,,,24.954000,44.277000,44.102000,4489.911000,4534.188000,4578.290000,223.000000,171.000000,46.000000,328.000000,False,SOFT,6.000000,False,Williams,4464.957000,,1,,False,,False,True
2026,7,Barcelona Grand Prix,FP2,4710.372000,SAI,55,sainz,williams,132.082000,29.000000,6.000000,,4707.622000,61.321000,36.693000,34.068000,4639.611000,4676.304000,4710.372000,210.000000,225.000000,,295.000000,False,SOFT,7.000000,False,Williams,4578.290000,,1,,False,,False,False
2026,7,Barcelona Grand Prix,FP2,1383.211000,RUS,63,russell,mercedes,,1.000000,1.000000,1278.459000,,,43.955000,27.990000,,1355.519000,1383.315000,162.000000,205.000000,282.000000,145.000000,False,MEDIUM,1.000000,True,Mercedes,1278.459000,,1,,False,,False,False
2026,7,Barcelona Grand Prix,FP2,1505.451000,RUS,63,russell,mercedes,122.240000,2.000000,1.000000,,,27.186000,65.056000,29.998000,1410.397000,1475.453000,1505.451000,101.000000,167.000000,284.000000,333.000000,False,MEDIUM,2.000000,True,Mercedes,1383.211000,,1,,True,TRACK LIMITS AT TURN 3 LAP 3 ,False,True
2026,7,Barcelona Grand Prix,FP2,1581.396000,RUS,63,russell,mercedes,75.945000,3.000000,1.000000,,,22.141000,30.791000,23.013000,1527.592000,1558.383000,1581.396000,270.000000,284.000000,284.000000,327.000000,True,MEDIUM,3.000000,True,Mercedes,1505.451000,,1,,False,,False,True
2026,7,Barcelona Grand Prix,FP2,1729.892000,RUS,63,russell,mercedes,148.496000,4.000000,1.000000,,1727.178000,45.617000,57.659000,45.220000,1627.013000,1684.672000,1729.892000,148.000000,154.000000,,107.000000,False,MEDIUM,4.000000,True,Mercedes,1581.396000,,1,,False,,False,False
2026,7,Barcelona Grand Prix,FP2,2160.215000,RUS,63,russell,mercedes,,5.000000,2.000000,2063.831000,,,38.918000,26.355000,,2134.027000,2160.333000,204.000000,235.000000,289.000000,187.000000,False,MEDIUM,5.000000,False,Mercedes,1729.892000,,1267,,False,,False,False
2026,7,Barcelona Grand Prix,FP2,2236.154000,RUS,63,russell,mercedes,75.939000,6.000000,2.000000,,,22.185000,30.792000,22.962000,2182.400000,2213.192000,2236.154000,271.000000,283.000000,280.000000,326.000000,True,MEDIUM,6.000000,False,Mercedes,2160.215000,,1,,False,,False,True
2026,7,Barcelona Grand Prix,FP2,2336.267000,RUS,63,russell,mercedes,100.113000,7.000000,2.000000,,2333.423000,27.431000,40.059000,32.623000,2263.585000,2303.644000,2336.267000,193.000000,216.000000,,271.000000,False,MEDIUM,7.000000,False,Mercedes,2236.154000,,1,,False,,False,False
2026,7,Barcelona Grand Prix,FP2,2651.128000,RUS,63,russell,mercedes,,8.000000,3.000000,2552.136000,,,40.597000,27.007000,,2624.397000,2651.223000,208.000000,225.000000,290.000000,180.000000,False,SOFT,1.000000,True,Mercedes,2336.267000,,1,,False,,False,False
2026,7,Barcelona Grand Prix,FP2,2726.563000,RUS,63,russell,mercedes,75.435000,9.000000,3.000000,,,21.917000,30.574000,22.944000,2673.045000,2703.619000,2726.563000,272.000000,280.000000,284.000000,329.000000,True,SOFT,2.000000,True,Mercedes,2651.128000,,1,,False,,False,True
2026,7,Barcelona Grand Prix,FP2,2838.459000,RUS,63,russell,mercedes,111.896000,10.000000,3.000000,,2835.742000,34.276000,40.490000,37.130000,2760.839000,2801.329000,2838.459000,199.000000,199.000000,,157.000000,False,SOFT,3.000000,True,Mercedes,2726.563000,,1,,False,,False,False
2026,7,Barcelona Grand Prix,FP2,3218.208000,RUS,63,russell,mercedes,,11.000000,4.000000,3106.582000,,,33.122000,25.080000,,3193.266000,3218.266000,236.000000,258.000000,301.000000,246.000000,False,MEDIUM,8.000000,False,Mercedes,2838.459000,,1,,False,,False,False
2026,7,Barcelona Grand Prix,FP2,3299.322000,RUS,63,russell,mercedes,81.114000,12.000000,4.000000,,,23.744000,32.902000,24.468000,3241.952000,3274.854000,3299.322000,254.000000,268.000000,296.000000,332.000000,False,MEDIUM,9.000000,False,Mercedes,3218.208000,,1,,False,,False,True
2026,7,Barcelona Grand Prix,FP2,3380.068000,RUS,63,russell,mercedes,80.746000,13.000000,4.000000,,,23.647000,32.587000,24.512000,3322.969000,3355.556000,3380.068000,260.000000,259.000000,296.000000,319.000000,False,MEDIUM,10.000000,False,Mercedes,3299.322000,,1,,False,,False,True
2026,7,Barcelona Grand Prix,FP2,3460.983000,RUS,63,russell,mercedes,80.915000,14.000000,4.000000,,,23.711000,32.771000,24.433000,3403.779000,3436.550000,3460.983000,258.000000,264.000000,297.000000,315.000000,False,MEDIUM,11.000000,False,Mercedes,3380.068000,,1,,False,,False,True
2026,7,Barcelona Grand Prix,FP2,3542.235000,RUS,63,russell,mercedes,81.252000,15.000000,4.000000,,,23.625000,32.960000,24.667000,3484.608000,3517.568000,3542.235000,257.000000,260.000000,296.000000,321.000000,False,MEDIUM,12.000000,False,Mercedes,3460.983000,,1,,False,,False,True
2026,7,Barcelona Grand Prix,FP2,3623.744000,RUS,63,russell,mercedes,81.509000,16.000000,4.000000,,,23.613000,33.116000,24.780000,3565.848000,3598.964000,3623.744000,258.000000,255.000000,296.000000,322.000000,False,MEDIUM,13.000000,False,Mercedes,3542.235000,,1,,False,,False,True
2026,7,Barcelona Grand Prix,FP2,3705.615000,RUS,63,russell,mercedes,81.871000,17.000000,4.000000,,,23.646000,33.218000,25.007000,3647.390000,3680.608000,3705.615000,259.000000,260.000000,297.000000,321.000000,False,MEDIUM,14.000000,False,Mercedes,3623.744000,,1,,False,,False,True
2026,7,Barcelona Grand Prix,FP2,3787.792000,RUS,63,russell,mercedes,82.177000,18.000000,4.000000,,,23.816000,33.367000,24.994000,3729.431000,3762.798000,3787.792000,258.000000,255.000000,296.000000,331.000000,False,MEDIUM,15.000000,False,Mercedes,3705.615000,,1,,False,,False,True
2026,7,Barcelona Grand Prix,FP2,3870.776000,RUS,63,russell,mercedes,82.984000,19.000000,4.000000,,,24.098000,33.747000,25.139000,3811.890000,3845.637000,3870.776000,255.000000,260.000000,293.000000,332.000000,False,MEDIUM,16.000000,False,Mercedes,3787.792000,,1,,False,,False,True
2026,7,Barcelona Grand Prix,FP2,3954.299000,RUS,63,russell,mercedes,83.523000,20.000000,4.000000,,,24.123000,33.957000,25.443000,3894.899000,3928.856000,3954.299000,235.000000,260.000000,296.000000,327.000000,False,MEDIUM,17.000000,False,Mercedes,3870.776000,,1,,False,,False,True
2026,7,Barcelona Grand Prix,FP2,4052.062000,RUS,63,russell,mercedes,97.763000,21.000000,4.000000,,4049.239000,24.476000,33.876000,39.411000,3978.775000,4012.651000,4052.062000,245.000000,261.000000,,337.000000,False,MEDIUM,18.000000,False,Mercedes,3954.299000,,1,,False,,False,False
2026,7,Barcelona Grand Prix,FP2,4179.219000,RUS,63,russell,mercedes,127.157000,22.000000,5.000000,4096.889000,,69.630000,32.973000,24.554000,4121.692000,4154.665000,4179.219000,256.000000,261.000000,296.000000,239.000000,False,SOFT,4.000000,False,Mercedes,4052.062000,,1,,False,,False,False
2026,7,Barcelona Grand Prix,FP2,4260.239000,RUS,63,russell,mercedes,81.020000,23.000000,5.000000,,,23.549000,32.735000,24.736000,4202.768000,4235.503000,4260.239000,263.000000,258.000000,295.000000,316.000000,False,SOFT,5.000000,False,Mercedes,4179.219000,,1,,False,,False,True
2026,7,Barcelona Grand Prix,FP2,4341.182000,RUS,63,russell,mercedes,80.943000,24.000000,5.000000,,,23.440000,32.836000,24.667000,4283.679000,4316.515000,4341.182000,254.000000,259.000000,294.000000,341.000000,False,SOFT,6.000000,False,Mercedes,4260.239000,,1,,False,,False,True
2026,7,Barcelona Grand Prix,FP2,4422.385000,RUS,63,russell,mercedes,81.203000,25.000000,5.000000,,,23.473000,32.770000,24.960000,4364.655000,4397.425000,4422.385000,255.000000,254.000000,299.000000,328.000000,False,SOFT,7.000000,False,Mercedes,4341.182000,,1,,False,,False,True
2026,7,Barcelona Grand Prix,FP2,4503.999000,RUS,63,russell,mercedes,81.614000,26.000000,5.000000,,,23.771000,33.100000,24.743000,4446.156000,4479.256000,4503.999000,260.000000,263.000000,298.000000,327.000000,False,SOFT,8.000000,False,Mercedes,4422.385000,,1,,False,,False,True
2026,7,Barcelona Grand Prix,FP2,4676.873000,RUS,63,russell,mercedes,,27.000000,5.000000,,,35.177000,52.681000,84.907000,4539.306000,4592.059000,4676.938000,122.000000,136.000000,3.000000,211.000000,False,SOFT,9.000000,False,Mercedes,4503.999000,,1,,False,,False,False
2026,7,Barcelona Grand Prix,FP2,4790.555000,RUS,63,russell,mercedes,113.682000,28.000000,5.000000,,4787.600000,28.792000,47.858000,37.032000,4705.665000,4753.523000,4790.555000,215.000000,92.000000,,300.000000,False,SOFT,10.000000,False,Mercedes,4676.873000,,1,,False,,False,False
2026,7,Barcelona Grand Prix,FP2,2974.326000,BOT,77,bottas,cadillac,,1.000000,1.000000,2865.663000,,,42.927000,32.616000,,2942.034000,2974.462000,178.000000,156.000000,283.000000,171.000000,False,MEDIUM,1.000000,True,Cadillac,2865.663000,,1,,False,,False,False
2026,7,Barcelona Grand Prix,FP2,3052.854000,BOT,77,bottas,cadillac,78.528000,2.000000,1.000000,,,23.040000,31.481000,24.007000,2997.366000,3028.847000,3052.854000,256.000000,283.000000,278.000000,315.000000,True,MEDIUM,2.000000,True,Cadillac,2974.326000,,1,,False,,False,True
2026,7,Barcelona Grand Prix,FP2,3156.130000,BOT,77,bottas,cadillac,103.276000,3.000000,1.000000,,3153.410000,29.332000,38.023000,35.921000,3082.186000,3120.209000,3156.130000,191.000000,228.000000,,259.000000,False,MEDIUM,3.000000,True,Cadillac,3052.854000,,1,,False,,False,False
2026,7,Barcelona Grand Prix,FP2,3280.259000,BOT,77,bottas,cadillac,124.129000,4.000000,2.000000,3177.607000,,54.624000,42.253000,27.252000,3210.754000,3253.007000,3280.259000,176.000000,201.000000,290.000000,147.000000,False,SOFT,1.000000,True,Cadillac,3156.130000,,1,,False,,False,False
2026,7,Barcelona Grand Prix,FP2,3358.484000,BOT,77,bottas,cadillac,78.225000,5.000000,2.000000,,,23.077000,31.461000,23.687000,3303.336000,3334.797000,3358.484000,263.000000,290.000000,282.000000,315.000000,True,SOFT,2.000000,True,Cadillac,3280.259000,,1,,False,,False,True
2026,7,Barcelona Grand Prix,FP2,3451.191000,BOT,77,bottas,cadillac,92.707000,6.000000,2.000000,,3448.525000,25.165000,33.628000,33.914000,3383.649000,3417.277000,3451.191000,252.000000,230.000000,,287.000000,False,SOFT,3.000000,True,Cadillac,3358.484000,,1,,False,,False,False
2026,7,Barcelona Grand Prix,FP2,1195.577000,PIA,81,piastri,mclaren,,1.000000,1.000000,1092.360000,,,40.408000,27.389000,,1168.349000,1195.679000,212.000000,235.000000,283.000000,148.000000,False,MEDIUM,1.000000,True,McLaren,1092.360000,,1,,False,,False,False
2026,7,Barcelona Grand Prix,FP2,1271.301000,PIA,81,piastri,mclaren,75.724000,2.000000,1.000000,,,22.198000,30.677000,22.849000,1217.775000,1248.452000,1271.301000,282.000000,276.000000,278.000000,333.000000,True,MEDIUM,2.000000,True,McLaren,1195.577000,,1,,False,,False,True
2026,7,Barcelona Grand Prix,FP2,1380.985000,PIA,81,piastri,mclaren,109.684000,3.000000,1.000000,,1378.192000,31.257000,42.770000,35.657000,1302.558000,1345.328000,1380.985000,192.000000,168.000000,,198.000000,False,MEDIUM,3.000000,True,McLaren,1271.301000,,1,,False,,False,False
2026,7,Barcelona Grand Prix,FP2,2075.638000,PIA,81,piastri,mclaren,,4.000000,2.000000,1975.875000,,,40.914000,26.471000,,2049.272000,2075.643000,223.000000,224.000000,280.000000,166.000000,False,MEDIUM,4.000000,False,McLaren,1380.985000,,1267,,False,,False,False
2026,7,Barcelona Grand Prix,FP2,2152.441000,PIA,81,piastri,mclaren,76.803000,5.000000,2.000000,,,22.478000,31.070000,23.255000,2098.116000,2129.186000,2152.441000,278.000000,287.000000,274.000000,329.000000,False,MEDIUM,5.000000,False,McLaren,2075.638000,,1,,False,,False,True
2026,7,Barcelona Grand Prix,FP2,2252.806000,PIA,81,piastri,mclaren,100.365000,6.000000,2.000000,,2250.007000,30.688000,37.134000,32.543000,2183.129000,2220.263000,2252.806000,189.000000,219.000000,,216.000000,False,MEDIUM,6.000000,False,McLaren,2152.441000,,1,,False,,False,False
2026,7,Barcelona Grand Prix,FP2,2867.653000,PIA,81,piastri,mclaren,,7.000000,3.000000,2770.025000,,,39.146000,27.563000,,2840.170000,2867.744000,209.000000,236.000000,285.000000,171.000000,False,SOFT,1.000000,True,McLaren,2252.806000,,1,,False,,False,False
2026,7,Barcelona Grand Prix,FP2,2943.136000,PIA,81,piastri,mclaren,75.483000,8.000000,3.000000,,,22.055000,30.532000,22.896000,2889.708000,2920.240000,2943.136000,282.000000,280.000000,275.000000,333.000000,True,SOFT,2.000000,True,McLaren,2867.653000,,1,,False,,False,True
2026,7,Barcelona Grand Prix,FP2,3047.458000,PIA,81,piastri,mclaren,104.322000,9.000000,3.000000,,3044.697000,28.599000,43.750000,31.973000,2971.735000,3015.485000,3047.458000,209.000000,94.000000,,245.000000,False,SOFT,3.000000,True,McLaren,2943.136000,,1,,False,,False,False
2026,7,Barcelona Grand Prix,FP2,3524.687000,PIA,81,piastri,mclaren,,10.000000,4.000000,3417.085000,,,33.784000,24.859000,,3499.906000,3524.812000,251.000000,262.000000,293.000000,246.000000,False,MEDIUM,7.000000,False,McLaren,3047.458000,,1,,False,,False,False
2026,7,Barcelona Grand Prix,FP2,3610.810000,PIA,81,piastri,mclaren,86.123000,11.000000,4.000000,,3607.962000,23.968000,33.075000,29.080000,3548.655000,3581.730000,3610.810000,261.000000,267.000000,,310.000000,False,MEDIUM,8.000000,False,McLaren,3524.687000,,1,,False,,False,False
2026,7,Barcelona Grand Prix,FP2,3722.504000,PIA,81,piastri,mclaren,111.694000,12.000000,5.000000,3640.605000,,53.862000,32.965000,24.867000,3664.672000,3697.637000,3722.504000,254.000000,265.000000,293.000000,253.000000,False,MEDIUM,9.000000,False,McLaren,3610.810000,,1,,False,,False,False
2026,7,Barcelona Grand Prix,FP2,3804.085000,PIA,81,piastri,mclaren,81.581000,13.000000,5.000000,,,23.806000,33.094000,24.681000,3746.310000,3779.404000,3804.085000,260.000000,272.000000,292.000000,311.000000,False,MEDIUM,10.000000,False,McLaren,3722.504000,,1,,False,,False,True
2026,7,Barcelona Grand Prix,FP2,3886.453000,PIA,81,piastri,mclaren,82.368000,14.000000,5.000000,,,23.958000,33.596000,24.814000,3828.043000,3861.639000,3886.453000,244.000000,269.000000,293.000000,320.000000,False,MEDIUM,11.000000,False,McLaren,3804.085000,,1,,False,,False,True
2026,7,Barcelona Grand Prix,FP2,3968.697000,PIA,81,piastri,mclaren,82.244000,15.000000,5.000000,,,23.980000,33.313000,24.951000,3910.433000,3943.746000,3968.697000,260.000000,266.000000,293.000000,329.000000,False,MEDIUM,12.000000,False,McLaren,3886.453000,,1,,False,,False,True
2026,7,Barcelona Grand Prix,FP2,4051.389000,PIA,81,piastri,mclaren,82.692000,16.000000,5.000000,,,24.056000,33.397000,25.239000,3992.753000,4026.150000,4051.389000,257.000000,271.000000,295.000000,331.000000,False,MEDIUM,13.000000,False,McLaren,3968.697000,,1,,False,,False,True
2026,7,Barcelona Grand Prix,FP2,4135.555000,PIA,81,piastri,mclaren,84.166000,17.000000,5.000000,,,24.108000,34.147000,25.911000,4075.497000,4109.644000,4135.555000,244.000000,246.000000,295.000000,336.000000,False,MEDIUM,14.000000,False,McLaren,4051.389000,,1,,False,,False,True
2026,7,Barcelona Grand Prix,FP2,4218.337000,PIA,81,piastri,mclaren,82.782000,18.000000,5.000000,,,24.011000,33.499000,25.272000,4159.566000,4193.065000,4218.337000,246.000000,265.000000,294.000000,353.000000,False,MEDIUM,15.000000,False,McLaren,4135.555000,,1,,False,,False,True
2026,7,Barcelona Grand Prix,FP2,4300.687000,PIA,81,piastri,mclaren,82.350000,19.000000,5.000000,,,23.973000,33.413000,24.964000,4242.310000,4275.723000,4300.687000,253.000000,270.000000,293.000000,330.000000,False,MEDIUM,16.000000,False,McLaren,4218.337000,,1,,False,,False,True
2026,7,Barcelona Grand Prix,FP2,4387.536000,PIA,81,piastri,mclaren,86.849000,20.000000,5.000000,,4384.639000,23.992000,33.897000,28.960000,4324.679000,4358.576000,4387.536000,255.000000,263.000000,,330.000000,False,MEDIUM,17.000000,False,McLaren,4300.687000,,1,,False,,False,False
2026,7,Barcelona Grand Prix,FP2,4510.220000,PIA,81,piastri,mclaren,122.684000,21.000000,6.000000,4411.404000,,48.337000,44.452000,29.895000,4435.873000,4480.325000,4510.220000,258.000000,165.000000,218.000000,245.000000,False,SOFT,4.000000,False,McLaren,4387.536000,,1,,False,,False,False
2026,7,Barcelona Grand Prix,FP2,4663.506000,PIA,81,piastri,mclaren,,22.000000,6.000000,,,32.812000,43.127000,77.257000,4543.166000,4586.260000,4663.595000,179.000000,171.000000,3.000000,207.000000,False,SOFT,5.000000,False,McLaren,4510.220000,,1,,False,,False,False
2026,7,Barcelona Grand Prix,FP2,4774.226000,PIA,81,piastri,mclaren,110.720000,23.000000,6.000000,,,29.589000,39.324000,41.807000,4693.095000,4732.419000,4774.226000,188.000000,225.000000,77.000000,299.000000,False,SOFT,6.000000,False,McLaren,4663.506000,,1,,False,,False,True
2026,7,Barcelona Grand Prix,FP2,4909.587000,PIA,81,piastri,mclaren,135.361000,24.000000,6.000000,,4906.075000,67.722000,34.513000,33.126000,4841.948000,4876.461000,4909.587000,243.000000,220.000000,,290.000000,False,SOFT,7.000000,False,McLaren,4774.226000,,12,,False,,False,False
2026,7,Barcelona Grand Prix,FP2,949.985000,BEA,87,bearman,haas,,1.000000,1.000000,843.144000,,,43.163000,27.661000,,922.349000,950.088000,178.000000,203.000000,283.000000,155.000000,False,MEDIUM,1.000000,True,Haas F1 Team,843.144000,,1,,False,,False,False
2026,7,Barcelona Grand Prix,FP2,1028.369000,BEA,87,bearman,haas,78.384000,2.000000,1.000000,,,22.802000,31.656000,23.926000,972.787000,1004.443000,1028.369000,272.000000,291.000000,288.000000,333.000000,True,MEDIUM,2.000000,True,Haas F1 Team,949.985000,,1,,False,,False,True
2026,7,Barcelona Grand Prix,FP2,1166.193000,BEA,87,bearman,haas,137.824000,3.000000,1.000000,,1163.427000,42.544000,54.089000,41.191000,1070.913000,1125.002000,1166.193000,118.000000,146.000000,,154.000000,False,MEDIUM,3.000000,True,Haas F1 Team,1028.369000,,1,,False,,False,False
2026,7,Barcelona Grand Prix,FP2,1374.635000,BEA,87,bearman,haas,,4.000000,2.000000,1251.333000,,,43.862000,37.733000,,1337.034000,1374.686000,116.000000,212.000000,282.000000,127.000000,False,MEDIUM,4.000000,False,Haas F1 Team,1166.193000,,1,,False,,False,False
2026,7,Barcelona Grand Prix,FP2,1483.605000,BEA,87,bearman,haas,108.970000,5.000000,2.000000,,,26.337000,51.853000,30.780000,1400.972000,1452.825000,1483.605000,124.000000,210.000000,285.000000,334.000000,False,MEDIUM,5.000000,False,Haas F1 Team,1374.635000,,1,,False,,False,True
2026,7,Barcelona Grand Prix,FP2,1578.583000,BEA,87,bearman,haas,94.978000,6.000000,2.000000,,1575.583000,22.776000,31.930000,40.272000,1506.381000,1538.311000,1578.583000,272.000000,282.000000,,333.000000,False,MEDIUM,6.000000,False,Haas F1 Team,1483.605000,,1,,False,,False,False
2026,7,Barcelona Grand Prix,FP2,1800.318000,BEA,87,bearman,haas,,7.000000,3.000000,1666.009000,,,54.205000,37.956000,,1762.494000,1800.318000,126.000000,151.000000,154.000000,118.000000,False,MEDIUM,7.000000,False,Haas F1 Team,1578.583000,,12,,False,,False,False
2026,7,Barcelona Grand Prix,FP2,1957.146000,BEA,87,bearman,haas,,8.000000,3.000000,,,55.598000,69.469000,31.888000,1855.913000,1925.364000,1957.192000,155.000000,141.000000,281.000000,101.000000,False,MEDIUM,8.000000,False,Haas F1 Team,1800.318000,,2671,,False,,False,False
2026,7,Barcelona Grand Prix,FP2,2035.606000,BEA,87,bearman,haas,78.460000,9.000000,3.000000,,,22.992000,31.629000,23.839000,1980.138000,2011.767000,2035.606000,269.000000,281.000000,291.000000,328.000000,False,MEDIUM,9.000000,False,Haas F1 Team,1957.146000,,1,,False,,False,True
2026,7,Barcelona Grand Prix,FP2,2150.291000,BEA,87,bearman,haas,114.685000,10.000000,3.000000,,2147.415000,32.155000,46.935000,35.595000,2067.761000,2114.696000,2150.291000,163.000000,110.000000,,195.000000,False,MEDIUM,10.000000,False,Haas F1 Team,2035.606000,,1,,False,,False,False
2026,7,Barcelona Grand Prix,FP2,2595.249000,BEA,87,bearman,haas,,11.000000,4.000000,2484.897000,,,44.455000,27.506000,,2568.015000,2595.440000,170.000000,197.000000,291.000000,129.000000,False,SOFT,1.000000,True,Haas F1 Team,2150.291000,,1,,False,,False,False
2026,7,Barcelona Grand Prix,FP2,2672.194000,BEA,87,bearman,haas,76.945000,12.000000,4.000000,,,22.335000,31.127000,23.483000,2617.584000,2648.711000,2672.194000,273.000000,279.000000,271.000000,337.000000,True,SOFT,2.000000,True,Haas F1 Team,2595.249000,,1,,False,,False,True
2026,7,Barcelona Grand Prix,FP2,2797.598000,BEA,87,bearman,haas,125.404000,13.000000,4.000000,,2794.778000,36.691000,47.644000,41.069000,2708.885000,2756.529000,2797.598000,142.000000,151.000000,,149.000000,False,SOFT,3.000000,True,Haas F1 Team,2672.194000,,1,,False,,False,False
2026,7,Barcelona Grand Prix,FP2,3239.577000,BEA,87,bearman,haas,,14.000000,5.000000,3151.742000,,,34.782000,25.501000,,3214.122000,3239.620000,228.000000,256.000000,287.000000,212.000000,False,SOFT,4.000000,False,Haas F1 Team,2797.598000,,1,,False,,False,False
2026,7,Barcelona Grand Prix,FP2,3322.962000,BEA,87,bearman,haas,83.385000,15.000000,5.000000,,,24.388000,33.749000,25.248000,3263.965000,3297.714000,3322.962000,236.000000,267.000000,287.000000,320.000000,False,SOFT,5.000000,False,Haas F1 Team,3239.577000,,1,,False,,False,True
2026,7,Barcelona Grand Prix,FP2,3406.513000,BEA,87,bearman,haas,83.551000,16.000000,5.000000,,,24.298000,33.828000,25.425000,3347.260000,3381.088000,3406.513000,246.000000,260.000000,288.000000,320.000000,False,SOFT,6.000000,False,Haas F1 Team,3322.962000,,1,,False,,False,True
2026,7,Barcelona Grand Prix,FP2,3490.000000,BEA,87,bearman,haas,83.487000,17.000000,5.000000,,,24.313000,33.668000,25.506000,3430.826000,3464.494000,3490.000000,254.000000,259.000000,289.000000,320.000000,False,SOFT,7.000000,False,Haas F1 Team,3406.513000,,1,,False,,False,True
2026,7,Barcelona Grand Prix,FP2,3573.479000,BEA,87,bearman,haas,83.479000,18.000000,5.000000,,,24.284000,33.599000,25.596000,3514.284000,3547.883000,3573.479000,256.000000,269.000000,290.000000,323.000000,False,SOFT,8.000000,False,Haas F1 Team,3490.000000,,1,,False,,False,True
2026,7,Barcelona Grand Prix,FP2,3657.017000,BEA,87,bearman,haas,83.538000,19.000000,5.000000,,,24.312000,33.727000,25.499000,3597.791000,3631.518000,3657.017000,257.000000,268.000000,290.000000,321.000000,False,SOFT,9.000000,False,Haas F1 Team,3573.479000,,1,,False,,False,True
2026,7,Barcelona Grand Prix,FP2,3740.766000,BEA,87,bearman,haas,83.749000,20.000000,5.000000,,,24.385000,33.910000,25.454000,3681.402000,3715.312000,3740.766000,249.000000,261.000000,290.000000,317.000000,False,SOFT,10.000000,False,Haas F1 Team,3657.017000,,1,,False,,False,True
2026,7,Barcelona Grand Prix,FP2,3824.675000,BEA,87,bearman,haas,83.909000,21.000000,5.000000,,,24.300000,33.981000,25.628000,3765.066000,3799.047000,3824.675000,249.000000,265.000000,288.000000,324.000000,False,SOFT,11.000000,False,Haas F1 Team,3740.766000,,1,,False,,False,True
2026,7,Barcelona Grand Prix,FP2,3908.870000,BEA,87,bearman,haas,84.195000,22.000000,5.000000,,,24.401000,34.206000,25.588000,3849.076000,3883.282000,3908.870000,251.000000,255.000000,289.000000,327.000000,False,SOFT,12.000000,False,Haas F1 Team,3824.675000,,1,,False,,False,True
2026,7,Barcelona Grand Prix,FP2,3992.787000,BEA,87,bearman,haas,83.917000,23.000000,5.000000,,,24.260000,33.999000,25.658000,3933.130000,3967.129000,3992.787000,252.000000,260.000000,289.000000,330.000000,False,SOFT,13.000000,False,Haas F1 Team,3908.870000,,1,,False,,False,True
2026,7,Barcelona Grand Prix,FP2,4076.485000,BEA,87,bearman,haas,83.698000,24.000000,5.000000,,,24.070000,33.946000,25.682000,4016.857000,4050.803000,4076.485000,253.000000,275.000000,290.000000,344.000000,False,SOFT,14.000000,False,Haas F1 Team,3992.787000,,1,,False,,False,True
2026,7,Barcelona Grand Prix,FP2,4170.536000,BEA,87,bearman,haas,94.051000,25.000000,5.000000,,4167.655000,24.350000,37.344000,32.357000,4100.835000,4138.179000,4170.536000,257.000000,122.000000,,324.000000,False,SOFT,15.000000,False,Haas F1 Team,4076.485000,,1,,False,,False,False
2026,7,Barcelona Grand Prix,FP2,4275.592000,BEA,87,bearman,haas,105.056000,26.000000,6.000000,4191.740000,,45.915000,33.783000,25.358000,4216.451000,4250.234000,4275.592000,254.000000,261.000000,288.000000,261.000000,False,MEDIUM,11.000000,False,Haas F1 Team,4170.536000,,1,,False,,False,False
2026,7,Barcelona Grand Prix,FP2,4358.631000,BEA,87,bearman,haas,83.039000,27.000000,6.000000,,,24.141000,33.660000,25.238000,4299.733000,4333.393000,4358.631000,253.000000,272.000000,290.000000,321.000000,False,MEDIUM,12.000000,False,Haas F1 Team,4275.592000,,1,,False,,False,True
2026,7,Barcelona Grand Prix,FP2,4441.249000,BEA,87,bearman,haas,82.618000,28.000000,6.000000,,,24.025000,33.406000,25.187000,4382.656000,4416.062000,4441.249000,253.000000,264.000000,291.000000,321.000000,False,MEDIUM,13.000000,False,Haas F1 Team,4358.631000,,1,,False,,False,True
2026,7,Barcelona Grand Prix,FP2,4548.501000,BEA,87,bearman,haas,107.252000,29.000000,6.000000,,,28.040000,44.737000,34.475000,4469.289000,4514.026000,4548.501000,151.000000,157.000000,67.000000,324.000000,False,MEDIUM,14.000000,False,Haas F1 Team,4441.249000,,1,,False,,False,True
2026,7,Barcelona Grand Prix,FP2,4671.985000,BEA,87,bearman,haas,123.484000,30.000000,6.000000,,,52.355000,35.766000,35.363000,4600.856000,4636.622000,4671.985000,224.000000,233.000000,69.000000,291.000000,False,MEDIUM,15.000000,False,Haas F1 Team,4548.501000,,1,,False,,False,True
2026,7,Barcelona Grand Prix,FP2,4784.810000,BEA,87,bearman,haas,112.825000,31.000000,6.000000,,4781.927000,48.593000,33.808000,30.424000,4720.578000,4754.386000,4784.810000,248.000000,213.000000,,271.000000,False,MEDIUM,16.000000,False,Haas F1 Team,4671.985000,,1,,False,,False,False
