season,round,event_name,session_type,Time_s,Driver,DriverNumber,DriverId,TeamId,LapTime_s,LapNumber,Stint,PitOutTime_s,PitInTime_s,Sector1Time_s,Sector2Time_s,Sector3Time_s,Sector1SessionTime_s,Sector2SessionTime_s,Sector3SessionTime_s,SpeedI1,SpeedI2,SpeedFL,SpeedST,IsPersonalBest,Compound,TyreLife,FreshTyre,Team,LapStartTime_s,LapStartDate,TrackStatus,Position,Deleted,DeletedReason,FastF1Generated,IsAccurate
2026,6,Monaco Grand Prix,FP2,924.580000,NOR,1,norris,mclaren,97.765000,1.000000,1.000000,828.272000,,34.307000,41.369000,22.089000,861.409000,902.751000,924.816000,144.000000,175.000000,260.000000,234.000000,False,MEDIUM,1.000000,True,McLaren,828.272000,,1,,False,,False,False
2026,6,Monaco Grand Prix,FP2,1001.591000,NOR,1,norris,mclaren,77.011000,2.000000,1.000000,,,20.596000,36.264000,20.151000,945.176000,981.440000,1001.591000,189.000000,196.000000,263.000000,276.000000,True,MEDIUM,2.000000,True,McLaren,924.580000,,1,,False,,False,True
2026,6,Monaco Grand Prix,FP2,1077.150000,NOR,1,norris,mclaren,75.559000,3.000000,1.000000,,,19.955000,35.620000,19.984000,1021.546000,1057.166000,1077.150000,198.000000,198.000000,264.000000,278.000000,True,MEDIUM,3.000000,True,McLaren,1001.591000,,1,,False,,False,True
2026,6,Monaco Grand Prix,FP2,1183.974000,NOR,1,norris,mclaren,106.824000,4.000000,1.000000,,,25.477000,50.073000,31.274000,1102.627000,1152.700000,1183.974000,124.000000,134.000000,251.000000,192.000000,False,MEDIUM,4.000000,True,McLaren,1077.150000,,1,,False,,False,True
2026,6,Monaco Grand Prix,FP2,1259.248000,NOR,1,norris,mclaren,75.274000,5.000000,1.000000,,,20.001000,35.510000,19.763000,1203.975000,1239.485000,1259.248000,203.000000,201.000000,263.000000,276.000000,True,MEDIUM,5.000000,True,McLaren,1183.974000,,1,,False,,False,True
2026,6,Monaco Grand Prix,FP2,1376.113000,NOR,1,norris,mclaren,116.865000,6.000000,1.000000,,1338.746000,21.397000,41.370000,54.098000,1280.645000,1322.015000,1376.113000,165.000000,158.000000,,233.000000,False,MEDIUM,6.000000,True,McLaren,1259.248000,,1,,False,,False,False
2026,6,Monaco Grand Prix,FP2,1487.290000,NOR,1,norris,mclaren,111.177000,7.000000,2.000000,1376.915000,,29.889000,48.470000,32.818000,1406.002000,1454.472000,1487.290000,60.000000,109.000000,256.000000,238.000000,False,MEDIUM,7.000000,False,McLaren,1376.113000,,1,,False,,False,False
2026,6,Monaco Grand Prix,FP2,4195.978000,NOR,1,norris,mclaren,,8.000000,2.000000,,4195.978000,20.327000,,,1507.922000,,,195.000000,,,278.000000,False,MEDIUM,8.000000,False,McLaren,1487.290000,,12675,,False,,False,False
2026,6,Monaco Grand Prix,FP2,878.582000,GAS,10,gasly,alpine,98.014000,1.000000,1.000000,781.614000,,32.899000,41.949000,23.166000,813.689000,855.563000,878.582000,137.000000,159.000000,241.000000,257.000000,False,MEDIUM,1.000000,True,Alpine,781.614000,,1,,False,,False,False
2026,6,Monaco Grand Prix,FP2,969.453000,GAS,10,gasly,alpine,90.871000,2.000000,1.000000,,,22.378000,38.317000,30.176000,900.960000,939.277000,969.453000,172.000000,166.000000,243.000000,283.000000,True,MEDIUM,2.000000,True,Alpine,878.582000,,1,,False,,False,True
2026,6,Monaco Grand Prix,FP2,1047.447000,GAS,10,gasly,alpine,77.994000,3.000000,1.000000,,,20.483000,36.201000,21.310000,989.936000,1026.137000,1047.447000,196.000000,188.000000,265.000000,284.000000,True,MEDIUM,3.000000,True,Alpine,969.453000,,1,,False,,False,True
2026,6,Monaco Grand Prix,FP2,1139.104000,GAS,10,gasly,alpine,91.657000,4.000000,1.000000,,,26.714000,43.214000,21.729000,1074.161000,1117.375000,1139.104000,123.000000,171.000000,263.000000,252.000000,False,MEDIUM,4.000000,True,Alpine,1047.447000,,1,,False,,False,True
2026,6,Monaco Grand Prix,FP2,1215.275000,GAS,10,gasly,alpine,76.171000,5.000000,1.000000,,,19.819000,35.789000,20.563000,1158.923000,1194.712000,1215.275000,200.000000,189.000000,266.000000,284.000000,True,MEDIUM,5.000000,True,Alpine,1139.104000,,1,,False,,False,True
2026,6,Monaco Grand Prix,FP2,1313.262000,GAS,10,gasly,alpine,97.987000,6.000000,1.000000,,,26.953000,43.054000,27.980000,1242.228000,1285.282000,1313.262000,72.000000,164.000000,240.000000,241.000000,False,MEDIUM,6.000000,True,Alpine,1215.275000,,1,,False,,False,True
2026,6,Monaco Grand Prix,FP2,1390.010000,GAS,10,gasly,alpine,76.748000,7.000000,1.000000,,,20.563000,35.763000,20.422000,1333.825000,1369.588000,1390.010000,199.000000,190.000000,265.000000,283.000000,False,MEDIUM,7.000000,True,Alpine,1313.262000,,1,,False,,False,True
2026,6,Monaco Grand Prix,FP2,1496.566000,GAS,10,gasly,alpine,106.556000,8.000000,1.000000,,,32.070000,42.688000,31.798000,1422.080000,1464.768000,1496.566000,154.000000,148.000000,201.000000,242.000000,False,MEDIUM,8.000000,True,Alpine,1390.010000,,1,,False,,False,True
2026,6,Monaco Grand Prix,FP2,1938.413000,GAS,10,gasly,alpine,,9.000000,1.000000,,1602.489000,27.627000,54.960000,,1524.449000,1579.270000,,119.000000,79.000000,,241.000000,False,MEDIUM,9.000000,True,Alpine,1496.566000,,1267,,False,,False,False
2026,6,Monaco Grand Prix,FP2,2029.021000,GAS,10,gasly,alpine,90.608000,10.000000,2.000000,1939.027000,,27.010000,39.948000,23.650000,1965.423000,2005.371000,2029.021000,165.000000,170.000000,242.000000,238.000000,False,SOFT,1.000000,True,Alpine,1938.413000,,1,,False,,False,False
2026,6,Monaco Grand Prix,FP2,2109.269000,GAS,10,gasly,alpine,80.248000,11.000000,2.000000,,,21.510000,37.685000,21.053000,2050.531000,2088.216000,2109.269000,184.000000,177.000000,262.000000,277.000000,False,SOFT,2.000000,True,Alpine,2029.021000,,1,,False,,False,True
2026,6,Monaco Grand Prix,FP2,2184.210000,GAS,10,gasly,alpine,74.941000,12.000000,2.000000,,,19.683000,35.358000,19.900000,2128.952000,2164.310000,2184.210000,206.000000,195.000000,264.000000,281.000000,True,SOFT,3.000000,True,Alpine,2109.269000,,1,,False,,False,True
2026,6,Monaco Grand Prix,FP2,2278.416000,GAS,10,gasly,alpine,94.206000,13.000000,2.000000,,,28.013000,43.673000,22.520000,2212.223000,2255.896000,2278.416000,94.000000,160.000000,259.000000,241.000000,False,SOFT,4.000000,True,Alpine,2184.210000,,1,,False,,False,True
2026,6,Monaco Grand Prix,FP2,2354.363000,GAS,10,gasly,alpine,75.947000,14.000000,2.000000,,,19.738000,36.185000,20.024000,2298.154000,2334.339000,2354.363000,211.000000,193.000000,265.000000,283.000000,False,SOFT,5.000000,True,Alpine,2278.416000,,1,,False,,False,True
2026,6,Monaco Grand Prix,FP2,2445.549000,GAS,10,gasly,alpine,91.186000,15.000000,2.000000,,,27.525000,41.716000,21.945000,2381.888000,2423.604000,2445.549000,125.000000,165.000000,264.000000,241.000000,False,SOFT,6.000000,True,Alpine,2354.363000,,1,,False,,False,True
2026,6,Monaco Grand Prix,FP2,2520.046000,GAS,10,gasly,alpine,74.497000,16.000000,2.000000,,,19.516000,35.131000,19.850000,2465.065000,2500.196000,2520.046000,211.000000,194.000000,265.000000,283.000000,True,SOFT,7.000000,True,Alpine,2445.549000,,1,,False,,False,True
2026,6,Monaco Grand Prix,FP2,2622.548000,GAS,10,gasly,alpine,102.502000,17.000000,2.000000,,,25.419000,48.051000,29.032000,2545.465000,2593.516000,2622.548000,100.000000,161.000000,239.000000,247.000000,False,SOFT,8.000000,True,Alpine,2520.046000,,1,,False,,False,True
2026,6,Monaco Grand Prix,FP2,2725.684000,GAS,10,gasly,alpine,103.136000,18.000000,2.000000,,,27.790000,45.986000,29.360000,2650.338000,2696.324000,2725.684000,144.000000,177.000000,243.000000,235.000000,False,SOFT,9.000000,True,Alpine,2622.548000,,1,,False,,False,True
2026,6,Monaco Grand Prix,FP2,2806.059000,GAS,10,gasly,alpine,80.375000,19.000000,2.000000,,,20.241000,38.888000,21.246000,2745.925000,2784.813000,2806.059000,190.000000,179.000000,264.000000,243.000000,False,SOFT,10.000000,True,Alpine,2725.684000,,1,,False,,False,True
2026,6,Monaco Grand Prix,FP2,2880.905000,GAS,10,gasly,alpine,74.846000,20.000000,2.000000,,,19.561000,35.367000,19.918000,2825.620000,2860.987000,2880.905000,208.000000,195.000000,266.000000,283.000000,False,SOFT,11.000000,True,Alpine,2806.059000,,1,,False,,False,True
2026,6,Monaco Grand Prix,FP2,2974.324000,GAS,10,gasly,alpine,93.419000,21.000000,2.000000,,,22.966000,46.952000,23.501000,2903.871000,2950.823000,2974.324000,115.000000,176.000000,264.000000,243.000000,False,SOFT,12.000000,True,Alpine,2880.905000,,1,,False,,False,True
2026,6,Monaco Grand Prix,FP2,3048.970000,GAS,10,gasly,alpine,74.646000,22.000000,2.000000,,,19.528000,35.324000,19.794000,2993.852000,3029.176000,3048.970000,205.000000,195.000000,264.000000,283.000000,False,SOFT,13.000000,True,Alpine,2974.324000,,1,,False,,False,True
2026,6,Monaco Grand Prix,FP2,3137.788000,GAS,10,gasly,alpine,88.818000,23.000000,2.000000,,,25.050000,40.547000,23.221000,3074.020000,3114.567000,3137.788000,99.000000,163.000000,264.000000,240.000000,False,SOFT,14.000000,True,Alpine,3048.970000,,1,,True,TRACK LIMITS AT TURN 10 LAP 24 ,False,True
2026,6,Monaco Grand Prix,FP2,3212.674000,GAS,10,gasly,alpine,74.886000,24.000000,2.000000,,,19.592000,35.418000,19.876000,3157.380000,3192.798000,3212.674000,207.000000,193.000000,265.000000,284.000000,False,SOFT,15.000000,True,Alpine,3137.788000,,1,,False,,False,True
2026,6,Monaco Grand Prix,FP2,3547.025000,GAS,10,gasly,alpine,,25.000000,2.000000,,3298.618000,28.449000,41.801000,,3241.327000,3283.151000,,152.000000,163.000000,,236.000000,False,SOFT,16.000000,True,Alpine,3212.674000,,1,,False,,False,False
2026,6,Monaco Grand Prix,FP2,3640.107000,GAS,10,gasly,alpine,93.082000,26.000000,3.000000,3547.773000,,26.923000,42.616000,23.543000,3573.948000,3616.564000,3640.107000,168.000000,171.000000,241.000000,258.000000,False,MEDIUM,10.000000,False,Alpine,3547.025000,,1,,False,,False,False
2026,6,Monaco Grand Prix,FP2,3718.720000,GAS,10,gasly,alpine,78.613000,27.000000,3.000000,,,21.123000,36.916000,20.574000,3661.230000,3698.146000,3718.720000,191.000000,185.000000,256.000000,267.000000,False,MEDIUM,11.000000,False,Alpine,3640.107000,,1,,False,,False,True
2026,6,Monaco Grand Prix,FP2,3796.404000,GAS,10,gasly,alpine,77.684000,28.000000,3.000000,,,20.907000,36.185000,20.592000,3739.627000,3775.812000,3796.404000,202.000000,189.000000,256.000000,270.000000,False,MEDIUM,12.000000,False,Alpine,3718.720000,,1,,False,,False,True
2026,6,Monaco Grand Prix,FP2,3878.114000,GAS,10,gasly,alpine,81.710000,29.000000,3.000000,,,20.771000,37.074000,23.865000,3817.175000,3854.249000,3878.114000,180.000000,190.000000,236.000000,267.000000,False,MEDIUM,13.000000,False,Alpine,3796.404000,,1,,False,,False,True
2026,6,Monaco Grand Prix,FP2,3956.040000,GAS,10,gasly,alpine,77.926000,30.000000,3.000000,,,21.002000,36.491000,20.433000,3899.116000,3935.607000,3956.040000,194.000000,189.000000,256.000000,271.000000,False,MEDIUM,14.000000,False,Alpine,3878.114000,,1,,False,,False,True
2026,6,Monaco Grand Prix,FP2,4033.337000,GAS,10,gasly,alpine,77.297000,31.000000,3.000000,,,20.284000,36.314000,20.699000,3976.324000,4012.638000,4033.337000,203.000000,191.000000,255.000000,272.000000,False,MEDIUM,15.000000,False,Alpine,3956.040000,,1,,False,,False,True
2026,6,Monaco Grand Prix,FP2,4225.338000,GAS,10,gasly,alpine,,32.000000,3.000000,,4120.302000,20.291000,,,4053.792000,,,202.000000,,,,False,MEDIUM,16.000000,False,Alpine,4033.337000,,125,,False,,False,False
2026,6,Monaco Grand Prix,FP2,4337.139000,GAS,10,gasly,alpine,111.801000,33.000000,4.000000,4251.349000,,53.019000,37.739000,21.043000,4278.357000,4316.096000,4337.139000,185.000000,184.000000,254.000000,263.000000,False,MEDIUM,17.000000,False,Alpine,4251.349000,,1,,False,,False,False
2026,6,Monaco Grand Prix,FP2,4413.903000,GAS,10,gasly,alpine,76.764000,34.000000,4.000000,,,20.300000,36.049000,20.415000,4357.439000,4393.488000,4413.903000,200.000000,189.000000,256.000000,270.000000,False,MEDIUM,18.000000,False,Alpine,4337.139000,,1,,False,,False,True
2026,6,Monaco Grand Prix,FP2,4533.783000,GAS,10,gasly,alpine,119.880000,35.000000,4.000000,,,25.753000,39.123000,55.004000,4439.656000,4478.779000,4533.783000,160.000000,173.000000,128.000000,239.000000,False,MEDIUM,19.000000,False,Alpine,4413.903000,,1,,False,,False,True
2026,6,Monaco Grand Prix,FP2,4664.874000,GAS,10,gasly,alpine,131.091000,36.000000,4.000000,,,25.843000,43.370000,61.878000,4559.626000,4602.996000,4664.874000,142.000000,145.000000,118.000000,240.000000,False,MEDIUM,20.000000,False,Alpine,4533.783000,,1,,False,,False,True
2026,6,Monaco Grand Prix,FP2,4754.441000,GAS,10,gasly,alpine,,37.000000,4.000000,,4754.441000,24.983000,47.254000,,4690.044000,4737.226000,,137.000000,137.000000,,198.000000,False,MEDIUM,21.000000,False,Alpine,4664.874000,,1,,False,,False,False
2026,6,Monaco Grand Prix,FP2,955.351000,PER,11,perez,cadillac,104.722000,1.000000,1.000000,851.506000,,40.439000,39.804000,24.479000,891.372000,931.150000,955.475000,153.000000,175.000000,258.000000,260.000000,False,MEDIUM,1.000000,True,Cadillac,851.506000,,1,,False,,False,False
2026,6,Monaco Grand Prix,FP2,1033.731000,PER,11,perez,cadillac,78.380000,2.000000,1.000000,,,20.920000,36.865000,20.595000,976.271000,1013.136000,1033.731000,189.000000,185.000000,259.000000,263.000000,True,MEDIUM,2.000000,True,Cadillac,955.351000,,1,,False,,False,True
2026,6,Monaco Grand Prix,FP2,1110.197000,PER,11,perez,cadillac,76.466000,3.000000,1.000000,,,20.155000,35.798000,20.513000,1053.886000,1089.684000,1110.197000,204.000000,190.000000,259.000000,277.000000,True,MEDIUM,3.000000,True,Cadillac,1033.731000,,1,,False,,False,True
2026,6,Monaco Grand Prix,FP2,1186.630000,PER,11,perez,cadillac,76.433000,4.000000,1.000000,,,20.120000,35.937000,20.376000,1130.317000,1166.254000,1186.630000,204.000000,190.000000,260.000000,277.000000,True,MEDIUM,4.000000,True,Cadillac,1110.197000,,1,,False,,False,True
2026,6,Monaco Grand Prix,FP2,1302.974000,PER,11,perez,cadillac,116.344000,5.000000,1.000000,,,36.491000,53.022000,26.831000,1223.121000,1276.143000,1302.974000,67.000000,127.000000,253.000000,249.000000,False,MEDIUM,5.000000,True,Cadillac,1186.630000,,1,,True,TRACK LIMITS AT TURN 10 LAP 6 ,False,True
2026,6,Monaco Grand Prix,FP2,1395.420000,PER,11,perez,cadillac,92.446000,6.000000,1.000000,,,20.388000,47.294000,24.764000,1323.362000,1370.656000,1395.420000,197.000000,179.000000,256.000000,227.000000,False,MEDIUM,6.000000,True,Cadillac,1302.974000,,1,,False,,False,True
2026,6,Monaco Grand Prix,FP2,1495.980000,PER,11,perez,cadillac,100.560000,7.000000,1.000000,,,20.357000,40.807000,39.396000,1415.777000,1456.584000,1495.980000,200.000000,145.000000,230.000000,268.000000,False,MEDIUM,7.000000,True,Cadillac,1395.420000,,1,,False,,False,True
2026,6,Monaco Grand Prix,FP2,1591.980000,PER,11,perez,cadillac,96.000000,8.000000,1.000000,,,21.486000,42.649000,31.865000,1517.466000,1560.115000,1591.980000,191.000000,173.000000,243.000000,253.000000,False,MEDIUM,8.000000,True,Cadillac,1495.980000,,126,,False,,False,False
2026,6,Monaco Grand Prix,FP2,1717.675000,PER,11,perez,cadillac,125.695000,9.000000,1.000000,,,27.649000,67.994000,30.052000,1619.629000,1687.623000,1717.675000,152.000000,84.000000,243.000000,158.000000,False,MEDIUM,9.000000,True,Cadillac,1591.980000,,6,,False,,False,False
2026,6,Monaco Grand Prix,FP2,1821.213000,PER,11,perez,cadillac,103.538000,10.000000,1.000000,,,23.908000,50.610000,29.020000,1741.583000,1792.193000,1821.213000,99.000000,123.000000,247.000000,183.000000,False,MEDIUM,10.000000,True,Cadillac,1717.675000,,6,,False,,False,False
2026,6,Monaco Grand Prix,FP2,1908.780000,PER,11,perez,cadillac,87.567000,11.000000,1.000000,,,21.776000,39.210000,26.581000,1842.989000,1882.199000,1908.780000,180.000000,175.000000,243.000000,269.000000,False,MEDIUM,11.000000,True,Cadillac,1821.213000,,671,,False,,False,False
2026,6,Monaco Grand Prix,FP2,1986.910000,PER,11,perez,cadillac,78.130000,12.000000,1.000000,,,20.563000,35.792000,21.775000,1929.343000,1965.135000,1986.910000,194.000000,181.000000,260.000000,262.000000,False,MEDIUM,12.000000,True,Cadillac,1908.780000,,1,,True,TRACK LIMITS AT TURN 10 LAP 13 ,False,True
2026,6,Monaco Grand Prix,FP2,2062.738000,PER,11,perez,cadillac,75.828000,13.000000,1.000000,,,20.039000,35.658000,20.131000,2006.949000,2042.607000,2062.738000,207.000000,194.000000,260.000000,278.000000,True,MEDIUM,13.000000,True,Cadillac,1986.910000,,1,,False,,False,True
2026,6,Monaco Grand Prix,FP2,2381.079000,PER,11,perez,cadillac,,14.000000,1.000000,,2142.155000,23.340000,40.296000,,2086.275000,2126.584000,,154.000000,172.000000,,263.000000,False,MEDIUM,14.000000,True,Cadillac,2062.738000,,1,,False,,False,False
2026,6,Monaco Grand Prix,FP2,2475.326000,PER,11,perez,cadillac,94.247000,15.000000,2.000000,2381.743000,,26.939000,39.889000,27.419000,2408.018000,2447.907000,2475.326000,166.000000,164.000000,259.000000,254.000000,False,SOFT,1.000000,True,Cadillac,2381.079000,,1,,False,,False,False
2026,6,Monaco Grand Prix,FP2,2553.730000,PER,11,perez,cadillac,78.404000,16.000000,2.000000,,,20.686000,36.551000,21.167000,2496.012000,2532.563000,2553.730000,199.000000,182.000000,262.000000,279.000000,False,SOFT,2.000000,True,Cadillac,2475.326000,,1,,False,,False,True
2026,6,Monaco Grand Prix,FP2,2628.846000,PER,11,perez,cadillac,75.116000,17.000000,2.000000,,,19.831000,35.260000,20.025000,2573.561000,2608.821000,2628.846000,209.000000,194.000000,263.000000,280.000000,True,SOFT,3.000000,True,Cadillac,2553.730000,,1,,False,,False,True
2026,6,Monaco Grand Prix,FP2,2729.433000,PER,11,perez,cadillac,100.587000,18.000000,2.000000,,,28.729000,39.712000,32.146000,2657.575000,2697.287000,2729.433000,172.000000,156.000000,239.000000,268.000000,False,SOFT,4.000000,True,Cadillac,2628.846000,,1,,False,,False,True
2026,6,Monaco Grand Prix,FP2,2809.500000,PER,11,perez,cadillac,80.067000,19.000000,2.000000,,,21.545000,36.949000,21.573000,2750.978000,2787.927000,2809.500000,178.000000,189.000000,264.000000,274.000000,False,SOFT,5.000000,True,Cadillac,2729.433000,,1,,False,,False,True
2026,6,Monaco Grand Prix,FP2,2884.757000,PER,11,perez,cadillac,75.257000,20.000000,2.000000,,,19.783000,35.222000,20.252000,2829.283000,2864.505000,2884.757000,207.000000,189.000000,263.000000,281.000000,False,SOFT,6.000000,True,Cadillac,2809.500000,,1,,False,,False,True
2026,6,Monaco Grand Prix,FP2,2979.328000,PER,11,perez,cadillac,94.571000,21.000000,2.000000,,,25.516000,42.039000,27.016000,2910.273000,2952.312000,2979.328000,155.000000,148.000000,253.000000,262.000000,False,SOFT,7.000000,True,Cadillac,2884.757000,,1,,False,,False,True
2026,6,Monaco Grand Prix,FP2,3068.250000,PER,11,perez,cadillac,88.922000,22.000000,2.000000,,,19.979000,39.665000,29.278000,2999.307000,3038.972000,3068.250000,207.000000,151.000000,250.000000,251.000000,False,SOFT,8.000000,True,Cadillac,2979.328000,,1,,False,,False,True
2026,6,Monaco Grand Prix,FP2,3450.565000,PER,11,perez,cadillac,,23.000000,2.000000,,3143.148000,20.094000,37.075000,,3088.491000,3125.618000,,202.000000,126.000000,,278.000000,False,SOFT,9.000000,True,Cadillac,3068.250000,,1,,False,,False,False
2026,6,Monaco Grand Prix,FP2,3558.866000,PER,11,perez,cadillac,108.301000,24.000000,3.000000,3451.439000,3533.713000,27.860000,39.556000,40.885000,3478.425000,3517.981000,3558.866000,135.000000,178.000000,,262.000000,False,MEDIUM,15.000000,False,Cadillac,3450.565000,,1,,False,,False,False
2026,6,Monaco Grand Prix,FP2,3643.893000,PER,11,perez,cadillac,85.027000,25.000000,4.000000,3559.504000,,25.242000,37.590000,22.195000,3584.108000,3621.698000,3643.893000,167.000000,186.000000,253.000000,267.000000,False,SOFT,10.000000,False,Cadillac,3558.866000,,1,,False,,False,False
2026,6,Monaco Grand Prix,FP2,3722.168000,PER,11,perez,cadillac,78.275000,26.000000,4.000000,,,20.984000,36.555000,20.736000,3664.877000,3701.432000,3722.168000,195.000000,186.000000,252.000000,266.000000,False,SOFT,11.000000,False,Cadillac,3643.893000,,1,,False,,False,True
2026,6,Monaco Grand Prix,FP2,3800.211000,PER,11,perez,cadillac,78.043000,27.000000,4.000000,,,20.760000,36.438000,20.845000,3742.928000,3779.366000,3800.211000,199.000000,186.000000,252.000000,265.000000,False,SOFT,12.000000,False,Cadillac,3722.168000,,1,,False,,False,True
2026,6,Monaco Grand Prix,FP2,3879.816000,PER,11,perez,cadillac,79.605000,28.000000,4.000000,,,20.683000,37.212000,21.710000,3820.894000,3858.106000,3879.816000,199.000000,182.000000,258.000000,267.000000,False,SOFT,13.000000,False,Cadillac,3800.211000,,1,,False,,False,True
2026,6,Monaco Grand Prix,FP2,3958.028000,PER,11,perez,cadillac,78.212000,29.000000,4.000000,,,21.062000,36.425000,20.725000,3900.878000,3937.303000,3958.028000,191.000000,188.000000,253.000000,277.000000,False,SOFT,14.000000,False,Cadillac,3879.816000,,1,,False,,False,True
2026,6,Monaco Grand Prix,FP2,4037.104000,PER,11,perez,cadillac,79.076000,30.000000,4.000000,,,20.621000,36.379000,22.076000,3978.649000,4015.028000,4037.104000,199.000000,188.000000,243.000000,267.000000,False,SOFT,15.000000,False,Cadillac,3958.028000,,1,,False,,False,True
2026,6,Monaco Grand Prix,FP2,4070.319000,PER,11,perez,cadillac,,31.000000,4.000000,,,,,,,,,,,,,,SOFT,16.000000,False,Cadillac,4037.104000,,12,,False,,True,False
2026,6,Monaco Grand Prix,FP2,952.249000,ANT,12,antonelli,mercedes,105.331000,1.000000,1.000000,848.005000,,36.283000,45.338000,23.710000,883.406000,928.790000,952.406000,140.000000,166.000000,246.000000,252.000000,False,MEDIUM,1.000000,True,Mercedes,848.005000,,1,,False,,False,False
2026,6,Monaco Grand Prix,FP2,1035.565000,ANT,12,antonelli,mercedes,83.316000,2.000000,1.000000,,,21.733000,38.094000,23.489000,973.982000,1012.076000,1035.565000,179.000000,177.000000,261.000000,266.000000,True,MEDIUM,2.000000,True,Mercedes,952.249000,,1,,False,,False,True
2026,6,Monaco Grand Prix,FP2,1111.238000,ANT,12,antonelli,mercedes,75.673000,3.000000,1.000000,,,19.966000,35.590000,20.117000,1055.531000,1091.121000,1111.238000,199.000000,194.000000,264.000000,281.000000,True,MEDIUM,3.000000,True,Mercedes,1035.565000,,1,,False,,False,True
2026,6,Monaco Grand Prix,FP2,1204.945000,ANT,12,antonelli,mercedes,93.707000,4.000000,1.000000,,,23.395000,48.176000,22.136000,1134.633000,1182.809000,1204.945000,168.000000,160.000000,262.000000,210.000000,False,MEDIUM,4.000000,True,Mercedes,1111.238000,,1,,False,,False,True
2026,6,Monaco Grand Prix,FP2,1279.153000,ANT,12,antonelli,mercedes,74.208000,5.000000,1.000000,,,19.605000,35.031000,19.572000,1224.550000,1259.581000,1279.153000,208.000000,194.000000,263.000000,281.000000,True,MEDIUM,5.000000,True,Mercedes,1204.945000,,1,,False,,False,True
2026,6,Monaco Grand Prix,FP2,1394.188000,ANT,12,antonelli,mercedes,115.035000,6.000000,1.000000,,,24.779000,57.175000,33.081000,1303.932000,1361.107000,1394.188000,109.000000,168.000000,225.000000,184.000000,False,MEDIUM,6.000000,True,Mercedes,1279.153000,,1,,True,TRACK LIMITS AT TURN 16 LAP 7 ,False,True
2026,6,Monaco Grand Prix,FP2,1507.424000,ANT,12,antonelli,mercedes,113.236000,7.000000,1.000000,,1487.279000,28.197000,46.216000,38.823000,1422.385000,1468.601000,1507.424000,148.000000,151.000000,,240.000000,False,MEDIUM,7.000000,True,Mercedes,1394.188000,,1,,False,,False,False
2026,6,Monaco Grand Prix,FP2,1626.737000,ANT,12,antonelli,mercedes,119.313000,8.000000,2.000000,1508.261000,,28.930000,59.680000,30.703000,1536.354000,1596.034000,1626.737000,174.000000,69.000000,215.000000,142.000000,False,MEDIUM,8.000000,False,Mercedes,1507.424000,,126,,False,,False,False
2026,6,Monaco Grand Prix,FP2,1730.742000,ANT,12,antonelli,mercedes,104.005000,9.000000,2.000000,,,26.795000,50.498000,26.712000,1653.532000,1704.030000,1730.742000,154.000000,153.000000,215.000000,160.000000,False,MEDIUM,9.000000,False,Mercedes,1626.737000,,6,,False,,False,False
2026,6,Monaco Grand Prix,FP2,2134.374000,ANT,12,antonelli,mercedes,,10.000000,2.000000,,1823.647000,23.129000,51.378000,,1754.180000,1805.537000,,162.000000,133.000000,,184.000000,False,MEDIUM,10.000000,False,Mercedes,1730.742000,,671,,False,,False,False
2026,6,Monaco Grand Prix,FP2,2221.337000,ANT,12,antonelli,mercedes,86.963000,11.000000,3.000000,2135.087000,,25.496000,40.074000,21.393000,2159.870000,2199.944000,2221.337000,172.000000,175.000000,253.000000,236.000000,False,SOFT,1.000000,True,Mercedes,2134.374000,,1,,False,,False,False
2026,6,Monaco Grand Prix,FP2,2304.249000,ANT,12,antonelli,mercedes,82.912000,12.000000,3.000000,,,20.941000,37.613000,24.358000,2242.278000,2279.891000,2304.249000,193.000000,182.000000,260.000000,265.000000,False,SOFT,2.000000,True,Mercedes,2221.337000,,1,,False,,False,True
2026,6,Monaco Grand Prix,FP2,2378.099000,ANT,12,antonelli,mercedes,73.850000,13.000000,3.000000,,,19.440000,34.872000,19.538000,2323.689000,2358.561000,2378.099000,208.000000,195.000000,263.000000,281.000000,True,SOFT,3.000000,True,Mercedes,2304.249000,,1,,False,,False,True
2026,6,Monaco Grand Prix,FP2,2469.717000,ANT,12,antonelli,mercedes,91.618000,14.000000,3.000000,,,27.815000,41.257000,22.546000,2405.914000,2447.171000,2469.717000,102.000000,155.000000,263.000000,244.000000,False,SOFT,4.000000,True,Mercedes,2378.099000,,1,,False,,False,True
2026,6,Monaco Grand Prix,FP2,2561.211000,ANT,12,antonelli,mercedes,91.494000,15.000000,3.000000,,,19.306000,48.827000,23.361000,2489.023000,2537.850000,2561.211000,205.000000,125.000000,260.000000,143.000000,False,SOFT,5.000000,True,Mercedes,2469.717000,,1,,True,TRACK LIMITS AT TURN 10 LAP 16 ,False,True
2026,6,Monaco Grand Prix,FP2,2648.545000,ANT,12,antonelli,mercedes,87.334000,16.000000,3.000000,,,22.367000,43.227000,21.740000,2583.578000,2626.805000,2648.545000,145.000000,171.000000,263.000000,255.000000,False,SOFT,6.000000,True,Mercedes,2561.211000,,1,,False,,False,True
2026,6,Monaco Grand Prix,FP2,2722.297000,ANT,12,antonelli,mercedes,73.752000,17.000000,3.000000,,,19.237000,34.851000,19.664000,2667.782000,2702.633000,2722.297000,210.000000,201.000000,265.000000,283.000000,True,SOFT,7.000000,True,Mercedes,2648.545000,,1,,False,,False,True
2026,6,Monaco Grand Prix,FP2,2826.873000,ANT,12,antonelli,mercedes,104.576000,18.000000,3.000000,,,26.173000,57.187000,21.216000,2748.470000,2805.657000,2826.873000,45.000000,180.000000,263.000000,131.000000,False,SOFT,8.000000,True,Mercedes,2722.297000,,1,,False,,False,True
2026,6,Monaco Grand Prix,FP2,2900.427000,ANT,12,antonelli,mercedes,73.554000,19.000000,3.000000,,,19.222000,34.887000,19.445000,2846.095000,2880.982000,2900.427000,213.000000,198.000000,264.000000,283.000000,True,SOFT,9.000000,True,Mercedes,2826.873000,,1,,False,,False,True
2026,6,Monaco Grand Prix,FP2,3000.192000,ANT,12,antonelli,mercedes,99.765000,20.000000,3.000000,,,28.343000,49.764000,21.658000,2928.770000,2978.534000,3000.192000,75.000000,163.000000,262.000000,216.000000,False,SOFT,10.000000,True,Mercedes,2900.427000,,1,,False,,False,True
2026,6,Monaco Grand Prix,FP2,3080.730000,ANT,12,antonelli,mercedes,80.538000,21.000000,3.000000,,,19.320000,34.770000,26.448000,3019.512000,3054.282000,3080.730000,211.000000,199.000000,197.000000,283.000000,False,SOFT,11.000000,True,Mercedes,3000.192000,,1,,True,TRACK LIMITS AT TURN 16 LAP 22 ,False,True
2026,6,Monaco Grand Prix,FP2,3180.755000,ANT,12,antonelli,mercedes,100.025000,22.000000,3.000000,,,33.214000,45.769000,21.042000,3113.944000,3159.713000,3180.755000,122.000000,178.000000,262.000000,214.000000,False,SOFT,12.000000,True,Mercedes,3080.730000,,1,,True,TRACK LIMITS AT TURN 1 LAP 23 ,False,True
2026,6,Monaco Grand Prix,FP2,3261.879000,ANT,12,antonelli,mercedes,81.124000,23.000000,3.000000,,,19.311000,34.694000,27.119000,3200.066000,3234.760000,3261.879000,211.000000,200.000000,141.000000,281.000000,False,SOFT,13.000000,True,Mercedes,3180.755000,,1,,True,TRACK LIMITS AT TURN 16 LAP 24 ,False,True
2026,6,Monaco Grand Prix,FP2,3361.723000,ANT,12,antonelli,mercedes,99.844000,24.000000,3.000000,,,25.564000,51.345000,22.935000,3287.443000,3338.788000,3361.723000,145.000000,171.000000,262.000000,191.000000,False,SOFT,14.000000,True,Mercedes,3261.879000,,1,,False,,False,True
2026,6,Monaco Grand Prix,FP2,3435.252000,ANT,12,antonelli,mercedes,73.529000,25.000000,3.000000,,,19.283000,34.721000,19.525000,3381.006000,3415.727000,3435.252000,211.000000,199.000000,264.000000,280.000000,True,SOFT,15.000000,True,Mercedes,3361.723000,,1,,False,,False,True
2026,6,Monaco Grand Prix,FP2,3804.687000,ANT,12,antonelli,mercedes,,26.000000,3.000000,,3513.959000,22.824000,40.310000,,3458.294000,3498.685000,,153.000000,166.000000,,232.000000,False,SOFT,16.000000,True,Mercedes,3435.252000,,1,,False,,False,False
2026,6,Monaco Grand Prix,FP2,3889.785000,ANT,12,antonelli,mercedes,85.098000,27.000000,4.000000,3805.317000,,26.451000,37.123000,21.524000,3831.138000,3868.261000,3889.785000,187.000000,165.000000,254.000000,257.000000,False,SOFT,17.000000,False,Mercedes,3804.687000,,1,,True,TRACK LIMITS AT TURN 10 LAP 28 ,False,False
2026,6,Monaco Grand Prix,FP2,3966.916000,ANT,12,antonelli,mercedes,77.131000,28.000000,4.000000,,,20.509000,36.284000,20.338000,3910.294000,3946.578000,3966.916000,195.000000,186.000000,255.000000,258.000000,False,SOFT,18.000000,False,Mercedes,3889.785000,,1,,False,,False,True
2026,6,Monaco Grand Prix,FP2,4047.944000,ANT,12,antonelli,mercedes,81.028000,29.000000,4.000000,,,20.177000,35.871000,24.980000,3987.093000,4022.964000,4047.944000,198.000000,189.000000,237.000000,269.000000,False,SOFT,19.000000,False,Mercedes,3966.916000,,1,,False,,False,True
2026,6,Monaco Grand Prix,FP2,4279.996000,ANT,12,antonelli,mercedes,,30.000000,4.000000,,4141.806000,20.662000,,,4068.701000,,,197.000000,,,,False,SOFT,20.000000,False,Mercedes,4047.944000,,125,,False,,False,False
2026,6,Monaco Grand Prix,FP2,4367.385000,ANT,12,antonelli,mercedes,87.389000,31.000000,5.000000,4280.837000,,26.386000,38.125000,22.878000,4306.382000,4344.507000,4367.385000,176.000000,179.000000,253.000000,265.000000,False,SOFT,21.000000,False,Mercedes,4280.837000,,1,,False,,False,False
2026,6,Monaco Grand Prix,FP2,4447.439000,ANT,12,antonelli,mercedes,80.054000,32.000000,5.000000,,,20.430000,37.269000,22.355000,4387.815000,4425.084000,4447.439000,191.000000,166.000000,232.000000,271.000000,False,SOFT,22.000000,False,Mercedes,4367.385000,,1,,False,,False,True
2026,6,Monaco Grand Prix,FP2,4589.628000,ANT,12,antonelli,mercedes,142.189000,33.000000,5.000000,,,26.856000,48.647000,66.686000,4474.295000,4522.942000,4589.628000,126.000000,121.000000,183.000000,154.000000,False,SOFT,23.000000,False,Mercedes,4447.439000,,1,,False,,False,True
2026,6,Monaco Grand Prix,FP2,4742.245000,ANT,12,antonelli,mercedes,,34.000000,5.000000,,,23.974000,45.128000,83.421000,4613.696000,4658.873000,4742.284000,133.000000,128.000000,4.000000,194.000000,False,SOFT,24.000000,False,Mercedes,4589.628000,,1,,False,,False,False
2026,6,Monaco Grand Prix,FP2,4827.285000,ANT,12,antonelli,mercedes,,35.000000,5.000000,,4827.285000,24.674000,42.794000,,4766.969000,4809.810000,,136.000000,143.000000,,210.000000,False,SOFT,25.000000,False,Mercedes,4742.245000,,1,,False,,False,False
2026,6,Monaco Grand Prix,FP2,971.694000,ALO,14,alonso,aston_martin,96.218000,1.000000,1.000000,876.268000,,31.390000,41.379000,23.449000,907.052000,948.482000,971.869000,153.000000,166.000000,253.000000,260.000000,False,SOFT,1.000000,True,Aston Martin,876.268000,,1,,False,,False,False
2026,6,Monaco Grand Prix,FP2,1063.541000,ALO,14,alonso,aston_martin,91.847000,2.000000,1.000000,,,22.481000,45.021000,24.345000,994.175000,1039.196000,1063.541000,163.000000,168.000000,254.000000,262.000000,True,SOFT,2.000000,True,Aston Martin,971.694000,,1,,False,,False,True
2026,6,Monaco Grand Prix,FP2,1141.214000,ALO,14,alonso,aston_martin,77.673000,3.000000,1.000000,,,20.682000,36.276000,20.715000,1084.223000,1120.499000,1141.214000,194.000000,185.000000,256.000000,275.000000,True,SOFT,3.000000,True,Aston Martin,1063.541000,,1,,False,,False,True
2026,6,Monaco Grand Prix,FP2,1218.142000,ALO,14,alonso,aston_martin,76.928000,4.000000,1.000000,,,20.437000,36.096000,20.395000,1161.651000,1197.747000,1218.142000,200.000000,188.000000,256.000000,275.000000,True,SOFT,4.000000,True,Aston Martin,1141.214000,,1,,False,,False,True
2026,6,Monaco Grand Prix,FP2,1319.113000,ALO,14,alonso,aston_martin,100.971000,5.000000,1.000000,,,24.891000,46.629000,29.451000,1243.033000,1289.662000,1319.113000,122.000000,164.000000,246.000000,247.000000,False,SOFT,5.000000,True,Aston Martin,1218.142000,,1,,False,,False,True
2026,6,Monaco Grand Prix,FP2,1395.854000,ALO,14,alonso,aston_martin,76.741000,6.000000,1.000000,,,20.433000,35.925000,20.383000,1339.546000,1375.471000,1395.854000,204.000000,188.000000,257.000000,275.000000,True,SOFT,6.000000,True,Aston Martin,1319.113000,,1,,False,,False,True
2026,6,Monaco Grand Prix,FP2,1494.794000,ALO,14,alonso,aston_martin,98.940000,7.000000,1.000000,,,24.991000,42.229000,31.720000,1420.845000,1463.074000,1494.794000,161.000000,171.000000,247.000000,259.000000,False,SOFT,7.000000,True,Aston Martin,1395.854000,,1,,False,,False,True
2026,6,Monaco Grand Prix,FP2,1782.281000,ALO,14,alonso,aston_martin,,8.000000,1.000000,,1594.451000,24.810000,50.774000,,1519.936000,1570.614000,,56.000000,98.000000,,242.000000,False,SOFT,8.000000,True,Aston Martin,1494.794000,,126,,False,,False,False
2026,6,Monaco Grand Prix,FP2,1876.648000,ALO,14,alonso,aston_martin,94.367000,9.000000,2.000000,1783.020000,,28.851000,43.185000,22.331000,1811.132000,1854.317000,1876.648000,163.000000,169.000000,252.000000,255.000000,False,SOFT,9.000000,False,Aston Martin,1782.281000,,671,,False,,False,False
2026,6,Monaco Grand Prix,FP2,1956.091000,ALO,14,alonso,aston_martin,79.443000,10.000000,2.000000,,,20.884000,37.435000,21.124000,1897.532000,1934.967000,1956.091000,193.000000,182.000000,255.000000,270.000000,False,SOFT,10.000000,False,Aston Martin,1876.648000,,1,,False,,False,True
2026,6,Monaco Grand Prix,FP2,2032.437000,ALO,14,alonso,aston_martin,76.346000,11.000000,2.000000,,,20.150000,35.911000,20.285000,1976.241000,2012.152000,2032.437000,205.000000,190.000000,255.000000,274.000000,True,SOFT,11.000000,False,Aston Martin,1956.091000,,1,,False,,False,True
2026,6,Monaco Grand Prix,FP2,2116.933000,ALO,14,alonso,aston_martin,84.496000,12.000000,2.000000,,,20.430000,41.139000,22.927000,2052.867000,2094.006000,2116.933000,181.000000,170.000000,256.000000,262.000000,False,SOFT,12.000000,False,Aston Martin,2032.437000,,1,,False,,False,True
2026,6,Monaco Grand Prix,FP2,2192.919000,ALO,14,alonso,aston_martin,75.986000,13.000000,2.000000,,,20.086000,35.725000,20.175000,2137.019000,2172.744000,2192.919000,205.000000,191.000000,256.000000,276.000000,True,SOFT,13.000000,False,Aston Martin,2116.933000,,1,,False,,False,True
2026,6,Monaco Grand Prix,FP2,2290.094000,ALO,14,alonso,aston_martin,97.175000,14.000000,2.000000,,,22.762000,44.668000,29.745000,2215.681000,2260.349000,2290.094000,180.000000,169.000000,255.000000,254.000000,False,SOFT,14.000000,False,Aston Martin,2192.919000,,1,,False,,False,True
2026,6,Monaco Grand Prix,FP2,2915.657000,ALO,14,alonso,aston_martin,,15.000000,2.000000,,2370.757000,21.498000,44.128000,,2311.885000,2355.875000,,174.000000,166.000000,,219.000000,False,SOFT,15.000000,False,Aston Martin,2290.094000,,1,,False,,False,False
2026,6,Monaco Grand Prix,FP2,3006.422000,ALO,14,alonso,aston_martin,90.765000,16.000000,3.000000,2916.282000,,26.394000,41.301000,23.070000,2942.051000,2983.352000,3006.422000,166.000000,168.000000,209.000000,253.000000,False,SOFT,1.000000,True,Aston Martin,2915.657000,,1,,False,,False,False
2026,6,Monaco Grand Prix,FP2,3089.470000,ALO,14,alonso,aston_martin,83.048000,17.000000,3.000000,,,21.628000,37.672000,23.748000,3028.050000,3065.722000,3089.470000,193.000000,175.000000,255.000000,262.000000,False,SOFT,2.000000,True,Aston Martin,3006.422000,,1,,False,,False,True
2026,6,Monaco Grand Prix,FP2,3173.889000,ALO,14,alonso,aston_martin,84.419000,18.000000,3.000000,,,20.038000,37.231000,27.150000,3109.508000,3146.739000,3173.889000,207.000000,174.000000,256.000000,254.000000,False,SOFT,3.000000,True,Aston Martin,3089.470000,,1,,False,,False,True
2026,6,Monaco Grand Prix,FP2,3249.346000,ALO,14,alonso,aston_martin,75.457000,19.000000,3.000000,,,19.963000,35.463000,20.031000,3193.852000,3229.315000,3249.346000,207.000000,190.000000,258.000000,276.000000,True,SOFT,4.000000,True,Aston Martin,3173.889000,,1,,False,,False,True
2026,6,Monaco Grand Prix,FP2,3324.640000,ALO,14,alonso,aston_martin,75.294000,20.000000,3.000000,,,19.922000,35.434000,19.938000,3269.268000,3304.702000,3324.640000,206.000000,194.000000,258.000000,277.000000,True,SOFT,5.000000,True,Aston Martin,3249.346000,,1,,False,,False,True
2026,6,Monaco Grand Prix,FP2,3420.119000,ALO,14,alonso,aston_martin,95.479000,21.000000,3.000000,,,25.815000,46.209000,23.455000,3350.455000,3396.664000,3420.119000,169.000000,169.000000,255.000000,262.000000,False,SOFT,6.000000,True,Aston Martin,3324.640000,,1,,False,,False,True
2026,6,Monaco Grand Prix,FP2,3501.192000,ALO,14,alonso,aston_martin,81.073000,22.000000,3.000000,,,20.002000,38.985000,22.086000,3440.121000,3479.106000,3501.192000,208.000000,169.000000,256.000000,260.000000,False,SOFT,7.000000,True,Aston Martin,3420.119000,,1,,False,,False,True
2026,6,Monaco Grand Prix,FP2,3851.991000,ALO,14,alonso,aston_martin,,23.000000,3.000000,,3576.640000,19.934000,39.887000,,3521.312000,3561.232000,,209.000000,165.000000,,256.000000,False,SOFT,8.000000,True,Aston Martin,3501.192000,,1,,False,,False,False
2026,6,Monaco Grand Prix,FP2,3946.447000,ALO,14,alonso,aston_martin,94.456000,24.000000,4.000000,3852.590000,,25.613000,41.441000,27.402000,3877.604000,3919.045000,3946.447000,132.000000,164.000000,249.000000,260.000000,False,SOFT,9.000000,False,Aston Martin,3851.991000,,1,,False,,False,False
2026,6,Monaco Grand Prix,FP2,4026.756000,ALO,14,alonso,aston_martin,80.309000,25.000000,4.000000,,,21.499000,37.542000,21.268000,3967.946000,4005.488000,4026.756000,182.000000,178.000000,248.000000,271.000000,False,SOFT,10.000000,False,Aston Martin,3946.447000,,1,,False,,False,True
2026,6,Monaco Grand Prix,FP2,4287.538000,ALO,14,alonso,aston_martin,,26.000000,4.000000,,4111.726000,21.008000,,,4047.985000,,,192.000000,,,,False,SOFT,11.000000,False,Aston Martin,4026.756000,,125,,False,,False,False
2026,6,Monaco Grand Prix,FP2,4380.946000,ALO,14,alonso,aston_martin,93.408000,27.000000,5.000000,4288.176000,,27.954000,41.597000,23.857000,4315.492000,4357.089000,4380.946000,159.000000,169.000000,243.000000,252.000000,False,SOFT,16.000000,False,Aston Martin,4288.176000,,1,,False,,False,False
2026,6,Monaco Grand Prix,FP2,4508.452000,ALO,14,alonso,aston_martin,127.506000,28.000000,5.000000,,,22.587000,43.852000,61.067000,4403.533000,4447.385000,4508.452000,169.000000,162.000000,4.000000,171.000000,False,SOFT,17.000000,False,Aston Martin,4380.946000,,1,,False,,False,True
2026,6,Monaco Grand Prix,FP2,4626.650000,ALO,14,alonso,aston_martin,118.198000,29.000000,5.000000,,,26.303000,43.572000,48.323000,4534.755000,4578.327000,4626.650000,149.000000,161.000000,6.000000,194.000000,False,SOFT,18.000000,False,Aston Martin,4508.452000,,1,,False,,False,True
2026,6,Monaco Grand Prix,FP2,4712.856000,ALO,14,alonso,aston_martin,,30.000000,5.000000,,4712.856000,25.329000,43.832000,,4652.084000,4696.050000,,156.000000,159.000000,,203.000000,False,SOFT,19.000000,False,Aston Martin,4626.650000,,1,,False,,False,False
2026,6,Monaco Grand Prix,FP2,939.188000,LEC,16,leclerc,ferrari,105.470000,1.000000,1.000000,834.662000,,38.563000,43.349000,23.558000,872.550000,915.982000,939.377000,127.000000,163.000000,257.000000,228.000000,False,MEDIUM,1.000000,True,Ferrari,834.662000,,1,,False,,False,False
2026,6,Monaco Grand Prix,FP2,1016.212000,LEC,16,leclerc,ferrari,77.024000,2.000000,1.000000,,,20.656000,36.100000,20.268000,959.844000,995.944000,1016.212000,195.000000,190.000000,261.000000,277.000000,True,MEDIUM,2.000000,True,Ferrari,939.188000,,1,,False,,False,True
2026,6,Monaco Grand Prix,FP2,1090.452000,LEC,16,leclerc,ferrari,74.240000,3.000000,1.000000,,,19.694000,34.850000,19.696000,1035.906000,1070.756000,1090.452000,210.000000,197.000000,261.000000,279.000000,True,MEDIUM,3.000000,True,Ferrari,1016.212000,,1,,False,,False,True
2026,6,Monaco Grand Prix,FP2,1190.157000,LEC,16,leclerc,ferrari,99.705000,4.000000,1.000000,,,22.755000,50.229000,26.721000,1113.207000,1163.436000,1190.157000,141.000000,164.000000,259.000000,234.000000,False,MEDIUM,4.000000,True,Ferrari,1090.452000,,1,,False,,False,True
2026,6,Monaco Grand Prix,FP2,1264.349000,LEC,16,leclerc,ferrari,74.192000,5.000000,1.000000,,,19.590000,34.742000,19.860000,1209.747000,1244.489000,1264.349000,213.000000,199.000000,261.000000,278.000000,True,MEDIUM,5.000000,True,Ferrari,1190.157000,,1,,False,,False,True
2026,6,Monaco Grand Prix,FP2,1338.524000,LEC,16,leclerc,ferrari,74.175000,6.000000,1.000000,,,19.632000,34.898000,19.645000,1283.981000,1318.879000,1338.524000,209.000000,197.000000,261.000000,280.000000,True,MEDIUM,6.000000,True,Ferrari,1264.349000,,1,,False,,False,True
2026,6,Monaco Grand Prix,FP2,1439.398000,LEC,16,leclerc,ferrari,100.874000,7.000000,1.000000,,,27.726000,48.843000,24.305000,1366.250000,1415.093000,1439.398000,146.000000,132.000000,259.000000,179.000000,False,MEDIUM,7.000000,True,Ferrari,1338.524000,,1,,False,,False,True
2026,6,Monaco Grand Prix,FP2,1520.227000,LEC,16,leclerc,ferrari,80.829000,8.000000,1.000000,,,19.564000,39.519000,21.746000,1458.962000,1498.481000,1520.227000,214.000000,176.000000,260.000000,247.000000,False,MEDIUM,8.000000,True,Ferrari,1439.398000,,1,,False,,False,True
2026,6,Monaco Grand Prix,FP2,1624.972000,LEC,16,leclerc,ferrari,104.745000,9.000000,1.000000,,,19.304000,55.028000,30.413000,1539.531000,1594.559000,1624.972000,217.000000,78.000000,177.000000,261.000000,False,MEDIUM,9.000000,True,Ferrari,1520.227000,,126,,False,,False,False
2026,6,Monaco Grand Prix,FP2,1729.050000,LEC,16,leclerc,ferrari,104.078000,10.000000,1.000000,,,27.194000,51.060000,25.824000,1652.166000,1703.226000,1729.050000,157.000000,123.000000,247.000000,179.000000,False,MEDIUM,10.000000,True,Ferrari,1624.972000,,6,,False,,False,False
2026,6,Monaco Grand Prix,FP2,1830.133000,LEC,16,leclerc,ferrari,101.083000,11.000000,1.000000,,,22.709000,52.026000,26.348000,1751.759000,1803.785000,1830.133000,178.000000,138.000000,243.000000,214.000000,False,MEDIUM,11.000000,True,Ferrari,1729.050000,,6,,False,,False,False
2026,6,Monaco Grand Prix,FP2,1921.239000,LEC,16,leclerc,ferrari,91.106000,12.000000,1.000000,,,24.823000,41.782000,24.501000,1854.956000,1896.738000,1921.239000,180.000000,152.000000,261.000000,254.000000,False,MEDIUM,12.000000,True,Ferrari,1830.133000,,671,,False,,False,False
2026,6,Monaco Grand Prix,FP2,1999.176000,LEC,16,leclerc,ferrari,77.937000,13.000000,1.000000,,,19.350000,36.115000,22.472000,1940.589000,1976.704000,1999.176000,213.000000,155.000000,262.000000,280.000000,False,MEDIUM,13.000000,True,Ferrari,1921.239000,,1,,True,TRACK LIMITS AT TURN 10 LAP 14 ,False,True
2026,6,Monaco Grand Prix,FP2,2072.789000,LEC,16,leclerc,ferrari,73.613000,14.000000,1.000000,,,19.159000,34.779000,19.675000,2018.335000,2053.114000,2072.789000,218.000000,200.000000,262.000000,281.000000,True,MEDIUM,14.000000,True,Ferrari,1999.176000,,1,,False,,False,True
2026,6,Monaco Grand Prix,FP2,2161.827000,LEC,16,leclerc,ferrari,89.038000,15.000000,1.000000,,,19.293000,42.331000,27.414000,2092.082000,2134.413000,2161.827000,217.000000,123.000000,262.000000,234.000000,False,MEDIUM,15.000000,True,Ferrari,2072.789000,,1,,True,TRACK LIMITS AT TURN 10 LAP 16 ,False,True
2026,6,Monaco Grand Prix,FP2,2519.648000,LEC,16,leclerc,ferrari,,16.000000,1.000000,,2230.367000,19.376000,34.839000,,2181.428000,2216.353000,,212.000000,200.000000,,280.000000,False,MEDIUM,16.000000,True,Ferrari,2161.827000,,1,,False,,False,False
2026,6,Monaco Grand Prix,FP2,2626.130000,LEC,16,leclerc,ferrari,106.482000,17.000000,2.000000,2520.588000,,35.158000,44.513000,26.811000,2554.806000,2599.319000,2626.130000,146.000000,156.000000,235.000000,214.000000,False,SOFT,1.000000,True,Ferrari,2519.648000,,1,,False,,False,False
2026,6,Monaco Grand Prix,FP2,2712.823000,LEC,16,leclerc,ferrari,86.693000,18.000000,2.000000,,,21.829000,39.225000,25.639000,2647.959000,2687.184000,2712.823000,185.000000,162.000000,261.000000,252.000000,False,SOFT,2.000000,True,Ferrari,2626.130000,,1,,False,,False,True
2026,6,Monaco Grand Prix,FP2,2790.778000,LEC,16,leclerc,ferrari,77.955000,19.000000,2.000000,,,19.555000,37.324000,21.076000,2732.378000,2769.702000,2790.778000,208.000000,177.000000,262.000000,255.000000,False,SOFT,3.000000,True,Ferrari,2712.823000,,1,,False,,False,True
2026,6,Monaco Grand Prix,FP2,2863.915000,LEC,16,leclerc,ferrari,73.137000,20.000000,2.000000,,,19.323000,34.479000,19.335000,2810.101000,2844.580000,2863.915000,217.000000,201.000000,263.000000,280.000000,True,SOFT,4.000000,True,Ferrari,2790.778000,,1,,False,,False,True
2026,6,Monaco Grand Prix,FP2,2963.819000,LEC,16,leclerc,ferrari,99.904000,21.000000,2.000000,,,23.782000,48.507000,27.615000,2887.697000,2936.204000,2963.819000,83.000000,150.000000,261.000000,252.000000,False,SOFT,5.000000,True,Ferrari,2863.915000,,1,,True,TRACK LIMITS AT TURN 10 LAP 22 ,False,True
2026,6,Monaco Grand Prix,FP2,3051.265000,LEC,16,leclerc,ferrari,87.446000,22.000000,2.000000,,,20.806000,41.733000,24.907000,2984.625000,3026.358000,3051.265000,177.000000,165.000000,262.000000,242.000000,False,SOFT,6.000000,True,Ferrari,2963.819000,,1,,False,,False,True
2026,6,Monaco Grand Prix,FP2,3166.900000,LEC,16,leclerc,ferrari,115.635000,23.000000,2.000000,,,36.441000,46.071000,33.123000,3087.706000,3133.777000,3166.900000,64.000000,150.000000,250.000000,252.000000,False,SOFT,7.000000,True,Ferrari,3051.265000,,1,,True,TRACK LIMITS AT TURN 1 LAP 24 ,False,True
2026,6,Monaco Grand Prix,FP2,3261.570000,LEC,16,leclerc,ferrari,94.670000,24.000000,2.000000,,,20.838000,52.434000,21.398000,3187.738000,3240.172000,3261.570000,176.000000,175.000000,260.000000,244.000000,False,SOFT,8.000000,True,Ferrari,3166.900000,,1,,False,,False,True
2026,6,Monaco Grand Prix,FP2,3341.013000,LEC,16,leclerc,ferrari,79.443000,25.000000,2.000000,,,19.385000,37.067000,22.991000,3280.955000,3318.022000,3341.013000,212.000000,148.000000,262.000000,273.000000,False,SOFT,9.000000,True,Ferrari,3261.570000,,1,,False,,False,True
2026,6,Monaco Grand Prix,FP2,3414.203000,LEC,16,leclerc,ferrari,73.190000,26.000000,2.000000,,,19.265000,34.533000,19.392000,3360.278000,3394.811000,3414.203000,217.000000,201.000000,262.000000,279.000000,False,SOFT,10.000000,True,Ferrari,3341.013000,,1,,False,,False,True
2026,6,Monaco Grand Prix,FP2,3487.369000,LEC,16,leclerc,ferrari,73.166000,27.000000,2.000000,,,19.278000,34.390000,19.498000,3433.481000,3467.871000,3487.369000,217.000000,202.000000,262.000000,280.000000,False,SOFT,11.000000,True,Ferrari,3414.203000,,1,,False,,False,True
2026,6,Monaco Grand Prix,FP2,3590.082000,LEC,16,leclerc,ferrari,102.713000,28.000000,2.000000,,,27.668000,51.868000,23.177000,3515.037000,3566.905000,3590.082000,122.000000,147.000000,263.000000,250.000000,False,SOFT,12.000000,True,Ferrari,3487.369000,,1,,True,TRACK LIMITS AT TURN 1 LAP 29 ,False,True
2026,6,Monaco Grand Prix,FP2,3663.294000,LEC,16,leclerc,ferrari,73.212000,29.000000,2.000000,,,19.352000,34.437000,19.423000,3609.434000,3643.871000,3663.294000,215.000000,200.000000,262.000000,280.000000,False,SOFT,13.000000,True,Ferrari,3590.082000,,1,,False,,False,True
2026,6,Monaco Grand Prix,FP2,4043.748000,LEC,16,leclerc,ferrari,,30.000000,2.000000,,3742.141000,22.643000,40.804000,,3686.102000,3727.031000,,153.000000,169.000000,,242.000000,False,SOFT,14.000000,True,Ferrari,3663.294000,,1,,False,,False,False
2026,6,Monaco Grand Prix,FP2,4253.270000,LEC,16,leclerc,ferrari,,31.000000,3.000000,4043.748000,4144.307000,,,,,,,,,,,False,MEDIUM,17.000000,False,Ferrari,4043.748000,,125,,False,,False,False
2026,6,Monaco Grand Prix,FP2,4343.789000,LEC,16,leclerc,ferrari,90.519000,32.000000,4.000000,4254.219000,,29.295000,39.465000,21.759000,4282.565000,4322.030000,4343.789000,159.000000,170.000000,250.000000,260.000000,False,MEDIUM,18.000000,False,Ferrari,4254.219000,,1,,False,,False,False
2026,6,Monaco Grand Prix,FP2,4421.804000,LEC,16,leclerc,ferrari,78.015000,33.000000,4.000000,,,20.864000,36.431000,20.720000,4364.653000,4401.084000,4421.804000,196.000000,180.000000,253.000000,263.000000,False,MEDIUM,19.000000,False,Ferrari,4343.789000,,1,,False,,False,True
2026,6,Monaco Grand Prix,FP2,4552.671000,LEC,16,leclerc,ferrari,130.867000,34.000000,4.000000,,,20.622000,41.159000,69.086000,4442.426000,4483.585000,4552.671000,190.000000,141.000000,4.000000,204.000000,False,MEDIUM,20.000000,False,Ferrari,4421.804000,,1,,False,,False,True
2026,6,Monaco Grand Prix,FP2,4675.673000,LEC,16,leclerc,ferrari,123.002000,35.000000,4.000000,,,27.186000,41.309000,54.507000,4579.857000,4621.166000,4675.673000,159.000000,166.000000,4.000000,246.000000,False,MEDIUM,21.000000,False,Ferrari,4552.671000,,1,,False,,False,True
2026,6,Monaco Grand Prix,FP2,4757.802000,LEC,16,leclerc,ferrari,,36.000000,4.000000,,4757.802000,24.743000,40.527000,,4700.503000,4740.986000,,161.000000,148.000000,,266.000000,False,MEDIUM,22.000000,False,Ferrari,4675.673000,,1,,False,,False,False
2026,6,Monaco Grand Prix,FP2,970.346000,STR,18,stroll,aston_martin,104.691000,1.000000,1.000000,866.721000,,38.804000,41.859000,24.028000,904.722000,946.483000,970.549000,127.000000,166.000000,253.000000,255.000000,False,SOFT,1.000000,True,Aston Martin,866.721000,,1,,False,,False,False
2026,6,Monaco Grand Prix,FP2,1052.790000,STR,18,stroll,aston_martin,82.444000,2.000000,1.000000,,,22.315000,37.641000,22.488000,992.661000,1030.302000,1052.790000,182.000000,181.000000,255.000000,272.000000,True,SOFT,2.000000,True,Aston Martin,970.346000,,1,,False,,False,True
2026,6,Monaco Grand Prix,FP2,1130.665000,STR,18,stroll,aston_martin,77.875000,3.000000,1.000000,,,20.941000,36.391000,20.543000,1073.731000,1110.122000,1130.665000,199.000000,187.000000,257.000000,275.000000,True,SOFT,3.000000,True,Aston Martin,1052.790000,,1,,False,,False,True
2026,6,Monaco Grand Prix,FP2,1222.138000,STR,18,stroll,aston_martin,91.473000,4.000000,1.000000,,,23.577000,39.518000,28.378000,1154.242000,1193.760000,1222.138000,154.000000,171.000000,252.000000,263.000000,False,SOFT,4.000000,True,Aston Martin,1130.665000,,1,,False,,False,True
2026,6,Monaco Grand Prix,FP2,1299.872000,STR,18,stroll,aston_martin,77.734000,5.000000,1.000000,,,20.469000,36.239000,21.026000,1242.607000,1278.846000,1299.872000,203.000000,188.000000,255.000000,275.000000,True,SOFT,5.000000,True,Aston Martin,1222.138000,,1,,False,,False,True
2026,6,Monaco Grand Prix,FP2,1381.737000,STR,18,stroll,aston_martin,81.865000,6.000000,1.000000,,,20.357000,38.331000,23.177000,1320.229000,1358.560000,1381.737000,204.000000,151.000000,254.000000,276.000000,False,SOFT,6.000000,True,Aston Martin,1299.872000,,1,,True,TRACK LIMITS AT TURN 10 LAP 7 ,False,True
2026,6,Monaco Grand Prix,FP2,1458.594000,STR,18,stroll,aston_martin,76.857000,7.000000,1.000000,,,20.402000,35.983000,20.472000,1402.139000,1438.122000,1458.594000,208.000000,191.000000,256.000000,273.000000,True,SOFT,7.000000,True,Aston Martin,1381.737000,,1,,False,,False,True
2026,6,Monaco Grand Prix,FP2,1561.682000,STR,18,stroll,aston_martin,103.088000,8.000000,1.000000,,,28.206000,48.671000,26.211000,1486.800000,1535.471000,1561.682000,65.000000,146.000000,254.000000,256.000000,False,SOFT,8.000000,True,Aston Martin,1458.594000,,126,,False,,False,False
2026,6,Monaco Grand Prix,FP2,1711.520000,STR,18,stroll,aston_martin,149.838000,9.000000,1.000000,,,36.643000,81.772000,31.423000,1598.325000,1680.097000,1711.520000,109.000000,99.000000,197.000000,69.000000,False,SOFT,9.000000,True,Aston Martin,1561.682000,,6,,False,,False,False
2026,6,Monaco Grand Prix,FP2,1810.557000,STR,18,stroll,aston_martin,99.037000,10.000000,1.000000,,,25.618000,49.048000,24.371000,1737.138000,1786.186000,1810.557000,153.000000,158.000000,206.000000,171.000000,False,SOFT,10.000000,True,Aston Martin,1711.520000,,6,,False,,False,False
2026,6,Monaco Grand Prix,FP2,1895.445000,STR,18,stroll,aston_martin,84.888000,11.000000,1.000000,,,23.194000,39.860000,21.834000,1833.751000,1873.611000,1895.445000,176.000000,179.000000,253.000000,265.000000,False,SOFT,11.000000,True,Aston Martin,1810.557000,,671,,False,,False,False
2026,6,Monaco Grand Prix,FP2,1974.111000,STR,18,stroll,aston_martin,78.666000,12.000000,1.000000,,,21.076000,36.700000,20.890000,1916.521000,1953.221000,1974.111000,192.000000,188.000000,256.000000,272.000000,False,SOFT,12.000000,True,Aston Martin,1895.445000,,1,,False,,False,True
2026,6,Monaco Grand Prix,FP2,2051.159000,STR,18,stroll,aston_martin,77.048000,13.000000,1.000000,,,20.315000,36.247000,20.486000,1994.426000,2030.673000,2051.159000,199.000000,190.000000,256.000000,274.000000,False,SOFT,13.000000,True,Aston Martin,1974.111000,,1,,False,,False,True
2026,6,Monaco Grand Prix,FP2,2128.337000,STR,18,stroll,aston_martin,77.178000,14.000000,1.000000,,,20.413000,36.211000,20.554000,2071.572000,2107.783000,2128.337000,203.000000,189.000000,256.000000,275.000000,False,SOFT,14.000000,True,Aston Martin,2051.159000,,1,,False,,False,True
2026,6,Monaco Grand Prix,FP2,2653.723000,STR,18,stroll,aston_martin,,15.000000,1.000000,,2212.127000,27.701000,40.027000,,2156.274000,2196.278000,,154.000000,170.000000,,266.000000,False,SOFT,15.000000,True,Aston Martin,2128.337000,,1,,False,,False,False
2026,6,Monaco Grand Prix,FP2,2747.925000,STR,18,stroll,aston_martin,94.202000,16.000000,2.000000,2654.387000,,28.395000,41.185000,24.622000,2682.118000,2723.303000,2747.925000,157.000000,173.000000,209.000000,257.000000,False,SOFT,1.000000,True,Aston Martin,2653.723000,,1,,False,,False,False
2026,6,Monaco Grand Prix,FP2,2831.014000,STR,18,stroll,aston_martin,83.089000,17.000000,2.000000,,,22.328000,38.085000,22.676000,2770.253000,2808.338000,2831.014000,178.000000,175.000000,256.000000,261.000000,False,SOFT,2.000000,True,Aston Martin,2747.925000,,1,,False,,False,True
2026,6,Monaco Grand Prix,FP2,2907.790000,STR,18,stroll,aston_martin,76.776000,18.000000,2.000000,,,20.286000,36.005000,20.485000,2851.300000,2887.305000,2907.790000,208.000000,182.000000,257.000000,273.000000,True,SOFT,3.000000,True,Aston Martin,2831.014000,,1,,False,,False,True
2026,6,Monaco Grand Prix,FP2,2984.034000,STR,18,stroll,aston_martin,76.244000,19.000000,2.000000,,,20.117000,35.725000,20.402000,2927.907000,2963.632000,2984.034000,208.000000,194.000000,254.000000,274.000000,True,SOFT,4.000000,True,Aston Martin,2907.790000,,1,,False,,False,True
2026,6,Monaco Grand Prix,FP2,3075.880000,STR,18,stroll,aston_martin,91.846000,20.000000,2.000000,,,24.109000,43.570000,24.167000,3008.143000,3051.713000,3075.880000,146.000000,141.000000,255.000000,253.000000,False,SOFT,5.000000,True,Aston Martin,2984.034000,,1,,False,,False,True
2026,6,Monaco Grand Prix,FP2,3152.054000,STR,18,stroll,aston_martin,76.174000,21.000000,2.000000,,,20.207000,35.653000,20.314000,3096.087000,3131.740000,3152.054000,206.000000,191.000000,258.000000,277.000000,True,SOFT,6.000000,True,Aston Martin,3075.880000,,1,,False,,False,True
2026,6,Monaco Grand Prix,FP2,3236.653000,STR,18,stroll,aston_martin,84.599000,22.000000,2.000000,,,23.199000,39.003000,22.397000,3175.253000,3214.256000,3236.653000,172.000000,172.000000,257.000000,261.000000,False,SOFT,7.000000,True,Aston Martin,3152.054000,,1,,False,,False,True
2026,6,Monaco Grand Prix,FP2,3313.005000,STR,18,stroll,aston_martin,76.352000,23.000000,2.000000,,,20.110000,35.839000,20.403000,3256.763000,3292.602000,3313.005000,206.000000,191.000000,258.000000,277.000000,False,SOFT,8.000000,True,Aston Martin,3236.653000,,1,,False,,False,True
2026,6,Monaco Grand Prix,FP2,3389.288000,STR,18,stroll,aston_martin,76.283000,24.000000,2.000000,,,20.244000,35.759000,20.280000,3333.249000,3369.008000,3389.288000,211.000000,192.000000,256.000000,276.000000,False,SOFT,9.000000,True,Aston Martin,3313.005000,,1,,False,,False,True
2026,6,Monaco Grand Prix,FP2,3478.906000,STR,18,stroll,aston_martin,89.618000,25.000000,2.000000,,,27.002000,40.583000,22.033000,3416.290000,3456.873000,3478.906000,112.000000,176.000000,256.000000,262.000000,False,SOFT,10.000000,True,Aston Martin,3389.288000,,1,,False,,False,True
2026,6,Monaco Grand Prix,FP2,3556.330000,STR,18,stroll,aston_martin,77.424000,26.000000,2.000000,,,20.146000,36.209000,21.069000,3499.052000,3535.261000,3556.330000,209.000000,189.000000,255.000000,274.000000,False,SOFT,11.000000,True,Aston Martin,3478.906000,,1,,False,,False,True
2026,6,Monaco Grand Prix,FP2,3632.702000,STR,18,stroll,aston_martin,,27.000000,2.000000,,3632.702000,20.020000,39.552000,,3576.598000,3616.141000,,210.000000,166.000000,,265.000000,False,SOFT,12.000000,True,Aston Martin,3556.330000,,1,,False,,False,False
2026,6,Monaco Grand Prix,FP2,959.248000,ALB,23,albon,williams,100.840000,1.000000,1.000000,859.507000,,35.602000,41.561000,23.677000,894.289000,935.810000,959.358000,156.000000,163.000000,241.000000,256.000000,False,MEDIUM,1.000000,True,Williams,859.507000,,1,,False,,False,False
2026,6,Monaco Grand Prix,FP2,1044.508000,ALB,23,albon,williams,85.260000,2.000000,1.000000,,,21.758000,40.551000,22.951000,981.006000,1021.557000,1044.508000,176.000000,162.000000,244.000000,260.000000,True,MEDIUM,2.000000,True,Williams,959.248000,,1,,False,,False,True
2026,6,Monaco Grand Prix,FP2,1129.612000,ALB,23,albon,williams,85.104000,3.000000,1.000000,,,20.936000,40.247000,23.921000,1065.444000,1105.691000,1129.612000,187.000000,165.000000,244.000000,242.000000,False,MEDIUM,3.000000,True,Williams,1044.508000,,1,,True,TRACK LIMITS AT TURN 10 LAP 4 ,False,True
2026,6,Monaco Grand Prix,FP2,1207.777000,ALB,23,albon,williams,78.165000,4.000000,1.000000,,,21.055000,36.490000,20.620000,1150.667000,1187.157000,1207.777000,200.000000,183.000000,263.000000,280.000000,False,MEDIUM,4.000000,True,Williams,1129.612000,,1,,True,TRACK LIMITS AT TURN 10 LAP 5 ,False,True
2026,6,Monaco Grand Prix,FP2,1284.465000,ALB,23,albon,williams,76.688000,5.000000,1.000000,,,20.423000,36.101000,20.164000,1228.200000,1264.301000,1284.465000,199.000000,190.000000,264.000000,280.000000,True,MEDIUM,5.000000,True,Williams,1207.777000,,1,,False,,False,True
2026,6,Monaco Grand Prix,FP2,1375.468000,ALB,23,albon,williams,91.003000,6.000000,1.000000,,,23.749000,41.859000,25.395000,1308.214000,1350.073000,1375.468000,155.000000,158.000000,246.000000,240.000000,False,MEDIUM,6.000000,True,Williams,1284.465000,,1,,False,,False,True
2026,6,Monaco Grand Prix,FP2,1451.690000,ALB,23,albon,williams,76.222000,7.000000,1.000000,,,20.401000,35.671000,20.150000,1395.869000,1431.540000,1451.690000,209.000000,192.000000,263.000000,279.000000,True,MEDIUM,7.000000,True,Williams,1375.468000,,1,,False,,False,True
2026,6,Monaco Grand Prix,FP2,1542.429000,ALB,23,albon,williams,90.739000,8.000000,1.000000,,,23.088000,45.211000,22.440000,1474.778000,1519.989000,1542.429000,142.000000,158.000000,262.000000,249.000000,False,MEDIUM,8.000000,True,Williams,1451.690000,,12,,False,,False,True
2026,6,Monaco Grand Prix,FP2,1642.154000,ALB,23,albon,williams,99.725000,9.000000,1.000000,,,20.212000,55.184000,24.329000,1562.641000,1617.825000,1642.154000,207.000000,166.000000,221.000000,158.000000,False,MEDIUM,9.000000,True,Williams,1542.429000,,26,,False,,False,False
2026,6,Monaco Grand Prix,FP2,1746.213000,ALB,23,albon,williams,104.059000,10.000000,1.000000,,,26.133000,53.086000,24.840000,1668.287000,1721.373000,1746.213000,115.000000,171.000000,219.000000,204.000000,False,MEDIUM,10.000000,True,Williams,1642.154000,,6,,False,,False,False
2026,6,Monaco Grand Prix,FP2,1852.860000,ALB,23,albon,williams,106.647000,11.000000,1.000000,,,27.762000,53.501000,25.384000,1773.975000,1827.476000,1852.860000,174.000000,171.000000,238.000000,238.000000,False,MEDIUM,11.000000,True,Williams,1746.213000,,671,,False,,False,False
2026,6,Monaco Grand Prix,FP2,1933.937000,ALB,23,albon,williams,81.077000,12.000000,1.000000,,,21.518000,37.637000,21.922000,1874.378000,1912.015000,1933.937000,188.000000,175.000000,254.000000,278.000000,False,MEDIUM,12.000000,True,Williams,1852.860000,,1,,False,,False,True
2026,6,Monaco Grand Prix,FP2,2015.722000,ALB,23,albon,williams,81.785000,13.000000,1.000000,,,20.214000,37.865000,23.706000,1954.151000,1992.016000,2015.722000,207.000000,138.000000,255.000000,279.000000,False,MEDIUM,13.000000,True,Williams,1933.937000,,1,,False,,False,True
2026,6,Monaco Grand Prix,FP2,2091.205000,ALB,23,albon,williams,75.483000,14.000000,1.000000,,,19.877000,35.678000,19.928000,2035.599000,2071.277000,2091.205000,207.000000,196.000000,263.000000,280.000000,True,MEDIUM,14.000000,True,Williams,2015.722000,,1,,False,,False,True
2026,6,Monaco Grand Prix,FP2,2175.275000,ALB,23,albon,williams,84.070000,15.000000,1.000000,,,21.075000,41.169000,21.826000,2112.280000,2153.449000,2175.275000,160.000000,170.000000,260.000000,241.000000,False,MEDIUM,15.000000,True,Williams,2091.205000,,1,,False,,False,True
2026,6,Monaco Grand Prix,FP2,2250.620000,ALB,23,albon,williams,75.345000,16.000000,1.000000,,,19.812000,35.631000,19.902000,2195.087000,2230.718000,2250.620000,214.000000,188.000000,263.000000,279.000000,True,MEDIUM,16.000000,True,Williams,2175.275000,,1,,False,,False,True
2026,6,Monaco Grand Prix,FP2,2361.893000,ALB,23,albon,williams,111.273000,17.000000,1.000000,,2331.064000,22.216000,43.086000,45.971000,2272.836000,2315.922000,2361.893000,162.000000,170.000000,,170.000000,False,MEDIUM,17.000000,True,Williams,2250.620000,,1,,False,,False,False
2026,6,Monaco Grand Prix,FP2,2450.450000,ALB,23,albon,williams,88.557000,18.000000,2.000000,2362.725000,,25.886000,39.668000,23.003000,2387.779000,2427.447000,2450.450000,184.000000,159.000000,244.000000,258.000000,False,SOFT,1.000000,True,Williams,2361.893000,,1,,False,,False,False
2026,6,Monaco Grand Prix,FP2,2531.626000,ALB,23,albon,williams,81.176000,19.000000,2.000000,,,21.651000,38.682000,20.843000,2472.101000,2510.783000,2531.626000,186.000000,179.000000,264.000000,273.000000,False,SOFT,2.000000,True,Williams,2450.450000,,1,,False,,False,True
2026,6,Monaco Grand Prix,FP2,2619.951000,ALB,23,albon,williams,88.325000,20.000000,2.000000,,,19.894000,40.856000,27.575000,2551.520000,2592.376000,2619.951000,205.000000,177.000000,242.000000,252.000000,False,SOFT,3.000000,True,Williams,2531.626000,,1,,False,,False,True
2026,6,Monaco Grand Prix,FP2,2702.084000,ALB,23,albon,williams,82.133000,21.000000,2.000000,,,20.277000,39.186000,22.670000,2640.228000,2679.414000,2702.084000,203.000000,150.000000,248.000000,276.000000,False,SOFT,4.000000,True,Williams,2619.951000,,1,,False,,False,True
2026,6,Monaco Grand Prix,FP2,2777.303000,ALB,23,albon,williams,75.219000,22.000000,2.000000,,,19.927000,35.562000,19.730000,2722.011000,2757.573000,2777.303000,210.000000,196.000000,264.000000,279.000000,True,SOFT,5.000000,True,Williams,2702.084000,,1,,False,,False,True
2026,6,Monaco Grand Prix,FP2,2869.310000,ALB,23,albon,williams,92.007000,23.000000,2.000000,,,23.006000,46.630000,22.371000,2800.309000,2846.939000,2869.310000,159.000000,160.000000,264.000000,205.000000,False,SOFT,6.000000,True,Williams,2777.303000,,1,,False,,False,True
2026,6,Monaco Grand Prix,FP2,2943.910000,ALB,23,albon,williams,74.600000,24.000000,2.000000,,,19.807000,35.083000,19.710000,2889.117000,2924.200000,2943.910000,215.000000,198.000000,263.000000,281.000000,True,SOFT,7.000000,True,Williams,2869.310000,,1,,False,,False,True
2026,6,Monaco Grand Prix,FP2,3038.813000,ALB,23,albon,williams,94.903000,25.000000,2.000000,,,25.982000,46.811000,22.110000,2969.892000,3016.703000,3038.813000,138.000000,173.000000,265.000000,177.000000,False,SOFT,8.000000,True,Williams,2943.910000,,1,,False,,False,True
2026,6,Monaco Grand Prix,FP2,3124.267000,ALB,23,albon,williams,85.454000,26.000000,2.000000,,,19.598000,40.799000,25.057000,3058.411000,3099.210000,3124.267000,214.000000,140.000000,223.000000,280.000000,False,SOFT,9.000000,True,Williams,3038.813000,,1,,True,TRACK LIMITS AT TURN 10 LAP 27 ,False,True
2026,6,Monaco Grand Prix,FP2,3216.371000,ALB,23,albon,williams,92.104000,27.000000,2.000000,,,23.798000,46.273000,22.033000,3148.065000,3194.338000,3216.371000,78.000000,176.000000,264.000000,206.000000,False,SOFT,10.000000,True,Williams,3124.267000,,1,,False,,False,True
2026,6,Monaco Grand Prix,FP2,3302.738000,ALB,23,albon,williams,86.367000,28.000000,2.000000,,,23.775000,41.014000,21.578000,3240.146000,3281.160000,3302.738000,171.000000,170.000000,264.000000,242.000000,False,SOFT,11.000000,True,Williams,3216.371000,,1,,False,,False,True
2026,6,Monaco Grand Prix,FP2,3691.120000,ALB,23,albon,williams,,29.000000,2.000000,,3372.431000,19.555000,35.653000,,3322.484000,3358.211000,,215.000000,169.000000,,281.000000,False,SOFT,12.000000,True,Williams,3302.738000,,1,,False,,False,False
2026,6,Monaco Grand Prix,FP2,3785.135000,ALB,23,albon,williams,94.015000,30.000000,3.000000,3691.711000,,27.553000,41.549000,24.913000,3718.673000,3760.222000,3785.135000,164.000000,168.000000,240.000000,219.000000,False,MEDIUM,18.000000,False,Williams,3691.120000,,1,,False,,False,False
2026,6,Monaco Grand Prix,FP2,3865.036000,ALB,23,albon,williams,79.901000,31.000000,3.000000,,,21.061000,37.676000,21.164000,3806.196000,3843.872000,3865.036000,193.000000,181.000000,254.000000,261.000000,False,MEDIUM,19.000000,False,Williams,3785.135000,,1,,False,,False,True
2026,6,Monaco Grand Prix,FP2,3943.223000,ALB,23,albon,williams,78.187000,32.000000,3.000000,,,20.479000,36.986000,20.722000,3885.515000,3922.501000,3943.223000,194.000000,183.000000,260.000000,260.000000,False,MEDIUM,20.000000,False,Williams,3865.036000,,1,,False,,False,True
2026,6,Monaco Grand Prix,FP2,4021.478000,ALB,23,albon,williams,78.255000,33.000000,3.000000,,,20.519000,37.106000,20.630000,3963.742000,4000.848000,4021.478000,201.000000,187.000000,260.000000,258.000000,False,MEDIUM,21.000000,False,Williams,3943.223000,,1,,False,,False,True
2026,6,Monaco Grand Prix,FP2,4263.208000,ALB,23,albon,williams,,34.000000,3.000000,,4109.763000,20.505000,,,4042.169000,,,204.000000,,,260.000000,False,MEDIUM,22.000000,False,Williams,4021.478000,,125,,False,,False,False
2026,6,Monaco Grand Prix,FP2,4353.791000,ALB,23,albon,williams,90.583000,35.000000,4.000000,4263.903000,,25.623000,38.160000,26.800000,4288.831000,4326.991000,4353.791000,176.000000,179.000000,244.000000,264.000000,False,SOFT,13.000000,False,Williams,4263.903000,,1,,False,,False,False
2026,6,Monaco Grand Prix,FP2,4431.680000,ALB,23,albon,williams,77.889000,36.000000,4.000000,,,20.752000,36.676000,20.461000,4374.543000,4411.219000,4431.680000,192.000000,181.000000,262.000000,279.000000,False,SOFT,14.000000,False,Williams,4353.791000,,1,,True,TRACK LIMITS AT TURN 10 LAP 37 ,False,True
2026,6,Monaco Grand Prix,FP2,4567.394000,ALB,23,albon,williams,135.714000,37.000000,4.000000,,,25.301000,47.367000,63.046000,4456.981000,4504.348000,4567.394000,135.000000,110.000000,81.000000,246.000000,False,SOFT,15.000000,False,Williams,4431.680000,,1,,False,,False,True
2026,6,Monaco Grand Prix,FP2,4688.604000,ALB,23,albon,williams,121.210000,38.000000,4.000000,,,23.118000,39.462000,58.630000,4590.512000,4629.974000,4688.604000,181.000000,154.000000,82.000000,261.000000,False,SOFT,16.000000,False,Williams,4567.394000,,1,,False,,False,True
2026,6,Monaco Grand Prix,FP2,4765.735000,ALB,23,albon,williams,,39.000000,4.000000,,4765.735000,22.852000,38.196000,,4711.650000,4749.788000,,185.000000,168.000000,,265.000000,False,SOFT,17.000000,False,Williams,4688.604000,,1,,False,,False,False
2026,6,Monaco Grand Prix,FP2,882.422000,HUL,27,hulkenberg,audi,95.270000,1.000000,1.000000,787.915000,,29.969000,42.070000,23.231000,817.303000,859.438000,882.451000,136.000000,163.000000,242.000000,260.000000,False,MEDIUM,1.000000,True,Audi,787.915000,,1,,False,,False,False
2026,6,Monaco Grand Prix,FP2,964.075000,HUL,27,hulkenberg,audi,81.653000,2.000000,1.000000,,,21.992000,37.560000,22.101000,904.414000,941.974000,964.075000,169.000000,184.000000,264.000000,282.000000,True,MEDIUM,2.000000,True,Audi,882.422000,,1,,False,,False,True
2026,6,Monaco Grand Prix,FP2,1050.741000,HUL,27,hulkenberg,audi,86.666000,3.000000,1.000000,,,21.854000,39.189000,25.623000,985.929000,1025.118000,1050.741000,180.000000,128.000000,263.000000,278.000000,False,MEDIUM,3.000000,True,Audi,964.075000,,1,,False,,False,True
2026,6,Monaco Grand Prix,FP2,1127.116000,HUL,27,hulkenberg,audi,76.375000,4.000000,1.000000,,,20.412000,35.820000,20.143000,1071.153000,1106.973000,1127.116000,201.000000,194.000000,265.000000,282.000000,True,MEDIUM,4.000000,True,Audi,1050.741000,,1,,False,,False,True
2026,6,Monaco Grand Prix,FP2,1214.985000,HUL,27,hulkenberg,audi,87.869000,5.000000,1.000000,,,25.934000,38.374000,23.561000,1153.050000,1191.424000,1214.985000,170.000000,176.000000,227.000000,265.000000,False,MEDIUM,5.000000,True,Audi,1127.116000,,1,,False,,False,True
2026,6,Monaco Grand Prix,FP2,1295.152000,HUL,27,hulkenberg,audi,80.167000,6.000000,1.000000,,,20.435000,36.939000,22.793000,1235.420000,1272.359000,1295.152000,205.000000,163.000000,263.000000,273.000000,False,MEDIUM,6.000000,True,Audi,1214.985000,,1,,True,TRACK LIMITS AT TURN 10 LAP 7 ,False,True
2026,6,Monaco Grand Prix,FP2,1374.836000,HUL,27,hulkenberg,audi,79.684000,7.000000,1.000000,,,19.816000,35.603000,24.265000,1314.968000,1350.571000,1374.836000,211.000000,188.000000,204.000000,281.000000,False,MEDIUM,7.000000,True,Audi,1295.152000,,1,,False,,False,True
2026,6,Monaco Grand Prix,FP2,1468.825000,HUL,27,hulkenberg,audi,93.989000,8.000000,1.000000,,,26.579000,45.369000,22.041000,1401.415000,1446.784000,1468.825000,98.000000,163.000000,263.000000,221.000000,False,MEDIUM,8.000000,True,Audi,1374.836000,,1,,True,TRACK LIMITS AT TURN 1 LAP 9 ,False,True
2026,6,Monaco Grand Prix,FP2,1544.013000,HUL,27,hulkenberg,audi,75.188000,9.000000,1.000000,,,19.909000,35.466000,19.813000,1488.734000,1524.200000,1544.013000,210.000000,197.000000,265.000000,281.000000,True,MEDIUM,9.000000,True,Audi,1468.825000,,12,,False,,False,True
2026,6,Monaco Grand Prix,FP2,2099.853000,HUL,27,hulkenberg,audi,,10.000000,1.000000,,1649.188000,31.316000,54.868000,,1575.778000,1630.380000,,94.000000,129.000000,,165.000000,False,MEDIUM,10.000000,True,Audi,1544.013000,,2671,,False,,False,False
2026,6,Monaco Grand Prix,FP2,2190.809000,HUL,27,hulkenberg,audi,90.956000,11.000000,2.000000,2101.222000,,28.316000,41.066000,21.574000,2128.169000,2169.235000,2190.809000,125.000000,170.000000,263.000000,266.000000,False,SOFT,1.000000,True,Audi,2099.853000,,1,,True,TRACK LIMITS AT TURN 10 LAP 12 ,False,False
2026,6,Monaco Grand Prix,FP2,2268.385000,HUL,27,hulkenberg,audi,77.576000,12.000000,2.000000,,,20.732000,36.398000,20.446000,2211.541000,2247.939000,2268.385000,195.000000,189.000000,264.000000,280.000000,False,SOFT,2.000000,True,Audi,2190.809000,,1,,False,,False,True
2026,6,Monaco Grand Prix,FP2,2342.479000,HUL,27,hulkenberg,audi,74.094000,13.000000,2.000000,,,19.506000,35.036000,19.552000,2287.891000,2322.927000,2342.479000,216.000000,194.000000,264.000000,282.000000,True,SOFT,3.000000,True,Audi,2268.385000,,1,,False,,False,True
2026,6,Monaco Grand Prix,FP2,2438.855000,HUL,27,hulkenberg,audi,96.376000,14.000000,2.000000,,,27.155000,45.624000,23.597000,2369.634000,2415.258000,2438.855000,102.000000,161.000000,263.000000,226.000000,False,SOFT,4.000000,True,Audi,2342.479000,,1,,False,,False,True
2026,6,Monaco Grand Prix,FP2,2519.411000,HUL,27,hulkenberg,audi,80.556000,15.000000,2.000000,,,19.676000,35.280000,25.600000,2458.531000,2493.811000,2519.411000,213.000000,192.000000,160.000000,281.000000,False,SOFT,5.000000,True,Audi,2438.855000,,1,,False,,False,True
2026,6,Monaco Grand Prix,FP2,2617.525000,HUL,27,hulkenberg,audi,98.114000,16.000000,2.000000,,,25.543000,43.018000,29.553000,2544.954000,2587.972000,2617.525000,172.000000,157.000000,249.000000,247.000000,False,SOFT,6.000000,True,Audi,2519.411000,,1,,False,,False,True
2026,6,Monaco Grand Prix,FP2,2692.478000,HUL,27,hulkenberg,audi,74.953000,17.000000,2.000000,,,19.948000,35.247000,19.758000,2637.473000,2672.720000,2692.478000,209.000000,196.000000,265.000000,282.000000,False,SOFT,7.000000,True,Audi,2617.525000,,1,,False,,False,True
2026,6,Monaco Grand Prix,FP2,2787.293000,HUL,27,hulkenberg,audi,94.815000,18.000000,2.000000,,,25.879000,46.314000,22.622000,2718.357000,2764.671000,2787.293000,152.000000,158.000000,242.000000,228.000000,False,SOFT,8.000000,True,Audi,2692.478000,,1,,False,,False,True
2026,6,Monaco Grand Prix,FP2,2874.317000,HUL,27,hulkenberg,audi,87.024000,19.000000,2.000000,,,21.811000,39.462000,25.751000,2809.104000,2848.566000,2874.317000,126.000000,183.000000,264.000000,276.000000,False,SOFT,9.000000,True,Audi,2787.293000,,1,,False,,False,True
2026,6,Monaco Grand Prix,FP2,3294.347000,HUL,27,hulkenberg,audi,,20.000000,2.000000,,2944.905000,19.728000,35.323000,,2894.291000,2929.641000,,211.000000,178.000000,,282.000000,False,SOFT,10.000000,True,Audi,2874.317000,,1,,False,,False,False
2026,6,Monaco Grand Prix,FP2,3382.480000,HUL,27,hulkenberg,audi,88.133000,21.000000,3.000000,3294.919000,,24.793000,41.532000,21.808000,3319.140000,3360.672000,3382.480000,168.000000,166.000000,255.000000,156.000000,False,MEDIUM,11.000000,False,Audi,3294.347000,,1,,False,,False,False
2026,6,Monaco Grand Prix,FP2,3460.895000,HUL,27,hulkenberg,audi,78.415000,22.000000,3.000000,,,20.979000,36.746000,20.690000,3403.459000,3440.205000,3460.895000,194.000000,178.000000,255.000000,269.000000,False,MEDIUM,12.000000,False,Audi,3382.480000,,1,,False,,False,True
2026,6,Monaco Grand Prix,FP2,3540.399000,HUL,27,hulkenberg,audi,79.504000,23.000000,3.000000,,,20.834000,36.734000,21.936000,3481.729000,3518.463000,3540.399000,194.000000,180.000000,259.000000,270.000000,False,MEDIUM,13.000000,False,Audi,3460.895000,,1,,False,,False,True
2026,6,Monaco Grand Prix,FP2,3617.221000,HUL,27,hulkenberg,audi,76.822000,24.000000,3.000000,,,20.377000,36.042000,20.403000,3560.776000,3596.818000,3617.221000,200.000000,188.000000,255.000000,277.000000,False,MEDIUM,14.000000,False,Audi,3540.399000,,1,,False,,False,True
2026,6,Monaco Grand Prix,FP2,3695.581000,HUL,27,hulkenberg,audi,78.360000,25.000000,3.000000,,,20.320000,37.631000,20.409000,3637.541000,3675.172000,3695.581000,201.000000,186.000000,254.000000,265.000000,False,MEDIUM,15.000000,False,Audi,3617.221000,,1,,False,,False,True
2026,6,Monaco Grand Prix,FP2,3772.323000,HUL,27,hulkenberg,audi,76.742000,26.000000,3.000000,,,20.190000,36.125000,20.427000,3715.771000,3751.896000,3772.323000,201.000000,187.000000,254.000000,269.000000,False,MEDIUM,16.000000,False,Audi,3695.581000,,1,,False,,False,True
2026,6,Monaco Grand Prix,FP2,3848.962000,HUL,27,hulkenberg,audi,76.639000,27.000000,3.000000,,,20.221000,36.155000,20.263000,3792.544000,3828.699000,3848.962000,201.000000,189.000000,255.000000,268.000000,False,MEDIUM,17.000000,False,Audi,3772.323000,,1,,False,,False,True
2026,6,Monaco Grand Prix,FP2,3925.679000,HUL,27,hulkenberg,audi,76.717000,28.000000,3.000000,,,20.342000,36.128000,20.247000,3869.304000,3905.432000,3925.679000,201.000000,189.000000,255.000000,269.000000,False,MEDIUM,18.000000,False,Audi,3848.962000,,1,,False,,False,True
2026,6,Monaco Grand Prix,FP2,4002.184000,HUL,27,hulkenberg,audi,76.505000,29.000000,3.000000,,,20.097000,36.101000,20.307000,3945.776000,3981.877000,4002.184000,205.000000,190.000000,253.000000,269.000000,False,MEDIUM,19.000000,False,Audi,3925.679000,,1,,False,,False,True
2026,6,Monaco Grand Prix,FP2,4272.449000,HUL,27,hulkenberg,audi,,30.000000,3.000000,,4185.969000,20.339000,36.197000,,4022.678000,4058.912000,,204.000000,189.000000,,265.000000,False,MEDIUM,20.000000,False,Audi,4002.184000,,125,,False,,False,False
2026,6,Monaco Grand Prix,FP2,4372.605000,HUL,27,hulkenberg,audi,100.156000,31.000000,4.000000,4273.032000,,24.969000,43.858000,31.329000,4297.418000,4341.276000,4372.605000,169.000000,132.000000,217.000000,232.000000,False,MEDIUM,21.000000,False,Audi,4273.032000,,1,,False,,False,False
2026,6,Monaco Grand Prix,FP2,4494.001000,HUL,27,hulkenberg,audi,121.396000,32.000000,4.000000,,,23.630000,39.228000,58.538000,4396.235000,4435.463000,4494.001000,185.000000,170.000000,4.000000,266.000000,False,MEDIUM,22.000000,False,Audi,4372.605000,,1,,False,,False,True
2026,6,Monaco Grand Prix,FP2,4622.751000,HUL,27,hulkenberg,audi,128.750000,33.000000,4.000000,,,24.893000,42.014000,61.843000,4518.894000,4560.908000,4622.751000,170.000000,121.000000,4.000000,258.000000,False,MEDIUM,23.000000,False,Audi,4494.001000,,1,,False,,False,True
2026,6,Monaco Grand Prix,FP2,4703.327000,HUL,27,hulkenberg,audi,,34.000000,4.000000,,4703.327000,26.732000,38.981000,,4649.541000,4688.585000,,155.000000,176.000000,,260.000000,False,MEDIUM,24.000000,False,Audi,4622.751000,,1,,False,,False,False
2026,6,Monaco Grand Prix,FP2,865.901000,VER,3,max_verstappen,red_bull,90.990000,1.000000,1.000000,776.355000,,28.672000,40.055000,22.263000,803.889000,843.883000,866.037000,169.000000,171.000000,233.000000,260.000000,False,MEDIUM,1.000000,True,Red Bull Racing,776.355000,,1,,False,,False,False
2026,6,Monaco Grand Prix,FP2,949.940000,VER,3,max_verstappen,red_bull,84.039000,2.000000,1.000000,,,21.285000,37.901000,24.853000,887.186000,925.087000,949.940000,183.000000,178.000000,263.000000,267.000000,True,MEDIUM,2.000000,True,Red Bull Racing,865.901000,,1,,False,,False,True
2026,6,Monaco Grand Prix,FP2,1025.873000,VER,3,max_verstappen,red_bull,75.933000,3.000000,1.000000,,,19.980000,35.987000,19.966000,969.920000,1005.907000,1025.873000,195.000000,191.000000,263.000000,280.000000,True,MEDIUM,3.000000,True,Red Bull Racing,949.940000,,1,,False,,False,True
2026,6,Monaco Grand Prix,FP2,1100.833000,VER,3,max_verstappen,red_bull,74.960000,4.000000,1.000000,,,19.648000,35.476000,19.836000,1045.521000,1080.997000,1100.833000,209.000000,197.000000,263.000000,281.000000,True,MEDIUM,4.000000,True,Red Bull Racing,1025.873000,,1,,False,,False,True
2026,6,Monaco Grand Prix,FP2,1200.417000,VER,3,max_verstappen,red_bull,99.584000,5.000000,1.000000,,,25.350000,50.492000,23.742000,1126.183000,1176.675000,1200.417000,100.000000,178.000000,263.000000,197.000000,False,MEDIUM,5.000000,True,Red Bull Racing,1100.833000,,1,,False,,False,True
2026,6,Monaco Grand Prix,FP2,1283.029000,VER,3,max_verstappen,red_bull,82.612000,6.000000,1.000000,,,20.800000,41.669000,20.143000,1221.217000,1262.886000,1283.029000,173.000000,191.000000,264.000000,183.000000,False,MEDIUM,6.000000,True,Red Bull Racing,1200.417000,,1,,False,,False,True
2026,6,Monaco Grand Prix,FP2,1357.037000,VER,3,max_verstappen,red_bull,74.008000,7.000000,1.000000,,,19.485000,35.019000,19.504000,1302.514000,1337.533000,1357.037000,213.000000,194.000000,263.000000,280.000000,True,MEDIUM,7.000000,True,Red Bull Racing,1283.029000,,1,,False,,False,True
2026,6,Monaco Grand Prix,FP2,1448.582000,VER,3,max_verstappen,red_bull,91.545000,8.000000,1.000000,,,25.116000,44.711000,21.718000,1382.153000,1426.864000,1448.582000,144.000000,167.000000,261.000000,213.000000,False,MEDIUM,8.000000,True,Red Bull Racing,1357.037000,,1,,False,,False,True
2026,6,Monaco Grand Prix,FP2,1522.757000,VER,3,max_verstappen,red_bull,74.175000,9.000000,1.000000,,,19.488000,35.075000,19.612000,1468.070000,1503.145000,1522.757000,212.000000,198.000000,259.000000,281.000000,False,MEDIUM,9.000000,True,Red Bull Racing,1448.582000,,1,,False,,False,True
2026,6,Monaco Grand Prix,FP2,2095.031000,VER,3,max_verstappen,red_bull,,10.000000,1.000000,,1621.178000,23.211000,56.601000,,1546.373000,1602.835000,,89.000000,154.000000,,124.000000,False,MEDIUM,10.000000,True,Red Bull Racing,1522.757000,,1267,,False,,False,False
2026,6,Monaco Grand Prix,FP2,2180.700000,VER,3,max_verstappen,red_bull,85.669000,11.000000,2.000000,2095.753000,,25.120000,39.182000,21.367000,2120.151000,2159.333000,2180.700000,183.000000,181.000000,228.000000,256.000000,False,SOFT,1.000000,True,Red Bull Racing,2095.031000,,1,,False,,False,False
2026,6,Monaco Grand Prix,FP2,2258.229000,VER,3,max_verstappen,red_bull,77.529000,12.000000,2.000000,,,20.769000,36.585000,20.175000,2201.469000,2238.054000,2258.229000,198.000000,193.000000,263.000000,263.000000,False,SOFT,2.000000,True,Red Bull Racing,2180.700000,,1,,False,,False,True
2026,6,Monaco Grand Prix,FP2,2332.131000,VER,3,max_verstappen,red_bull,73.902000,13.000000,2.000000,,,19.566000,34.898000,19.438000,2277.795000,2312.693000,2332.131000,217.000000,198.000000,262.000000,280.000000,True,SOFT,3.000000,True,Red Bull Racing,2258.229000,,1,,False,,False,True
2026,6,Monaco Grand Prix,FP2,2405.598000,VER,3,max_verstappen,red_bull,73.467000,14.000000,2.000000,,,19.332000,34.600000,19.535000,2351.463000,2386.063000,2405.598000,218.000000,198.000000,263.000000,281.000000,True,SOFT,4.000000,True,Red Bull Racing,2332.131000,,1,,False,,False,True
2026,6,Monaco Grand Prix,FP2,2506.226000,VER,3,max_verstappen,red_bull,100.628000,15.000000,2.000000,,,27.873000,50.760000,21.995000,2433.471000,2484.231000,2506.226000,121.000000,161.000000,262.000000,197.000000,False,SOFT,5.000000,True,Red Bull Racing,2405.598000,,1,,True,TRACK LIMITS AT TURN 10 LAP 16 ,False,True
2026,6,Monaco Grand Prix,FP2,2591.625000,VER,3,max_verstappen,red_bull,85.399000,16.000000,2.000000,,,20.832000,38.391000,26.176000,2527.058000,2565.449000,2591.625000,183.000000,187.000000,262.000000,267.000000,False,SOFT,6.000000,True,Red Bull Racing,2506.226000,,1,,False,,False,True
2026,6,Monaco Grand Prix,FP2,2665.125000,VER,3,max_verstappen,red_bull,73.500000,17.000000,2.000000,,,19.303000,34.707000,19.490000,2610.928000,2645.635000,2665.125000,216.000000,198.000000,264.000000,281.000000,False,SOFT,7.000000,True,Red Bull Racing,2591.625000,,1,,False,,False,True
2026,6,Monaco Grand Prix,FP2,2745.785000,VER,3,max_verstappen,red_bull,80.660000,18.000000,2.000000,,,21.633000,37.090000,21.937000,2686.758000,2723.848000,2745.785000,166.000000,193.000000,266.000000,265.000000,False,SOFT,8.000000,True,Red Bull Racing,2665.125000,,1,,False,,False,True
2026,6,Monaco Grand Prix,FP2,2818.979000,VER,3,max_verstappen,red_bull,73.194000,19.000000,2.000000,,,19.254000,34.550000,19.390000,2765.039000,2799.589000,2818.979000,217.000000,199.000000,264.000000,281.000000,True,SOFT,9.000000,True,Red Bull Racing,2745.785000,,1,,False,,False,True
2026,6,Monaco Grand Prix,FP2,3185.631000,VER,3,max_verstappen,red_bull,,20.000000,2.000000,,2897.492000,19.195000,44.063000,,2838.396000,2882.529000,,219.000000,165.000000,,240.000000,False,SOFT,10.000000,True,Red Bull Racing,2818.979000,,1,,False,,False,False
2026,6,Monaco Grand Prix,FP2,3272.684000,VER,3,max_verstappen,red_bull,87.053000,21.000000,3.000000,3186.310000,,26.743000,38.780000,21.530000,3212.374000,3251.154000,3272.684000,180.000000,176.000000,259.000000,268.000000,False,SOFT,11.000000,False,Red Bull Racing,3185.631000,,1,,False,,False,False
2026,6,Monaco Grand Prix,FP2,3350.389000,VER,3,max_verstappen,red_bull,77.705000,22.000000,3.000000,,,20.704000,36.375000,20.626000,3293.388000,3329.763000,3350.389000,194.000000,186.000000,254.000000,277.000000,False,SOFT,12.000000,False,Red Bull Racing,3272.684000,,1,,False,,False,True
2026,6,Monaco Grand Prix,FP2,3427.090000,VER,3,max_verstappen,red_bull,76.701000,23.000000,3.000000,,,20.215000,36.196000,20.290000,3370.604000,3406.800000,3427.090000,204.000000,187.000000,255.000000,268.000000,False,SOFT,13.000000,False,Red Bull Racing,3350.389000,,1,,False,,False,True
2026,6,Monaco Grand Prix,FP2,3503.529000,VER,3,max_verstappen,red_bull,76.439000,24.000000,3.000000,,,20.078000,36.173000,20.188000,3447.168000,3483.341000,3503.529000,202.000000,191.000000,256.000000,268.000000,False,SOFT,14.000000,False,Red Bull Racing,3427.090000,,1,,False,,False,True
2026,6,Monaco Grand Prix,FP2,3579.995000,VER,3,max_verstappen,red_bull,76.466000,25.000000,3.000000,,,20.162000,36.110000,20.194000,3523.691000,3559.801000,3579.995000,205.000000,192.000000,255.000000,270.000000,False,SOFT,15.000000,False,Red Bull Racing,3503.529000,,1,,False,,False,True
2026,6,Monaco Grand Prix,FP2,3656.464000,VER,3,max_verstappen,red_bull,76.469000,26.000000,3.000000,,,20.149000,35.971000,20.349000,3600.144000,3636.115000,3656.464000,206.000000,192.000000,255.000000,270.000000,False,SOFT,16.000000,False,Red Bull Racing,3579.995000,,1,,False,,False,True
2026,6,Monaco Grand Prix,FP2,3732.811000,VER,3,max_verstappen,red_bull,76.347000,27.000000,3.000000,,,20.109000,36.007000,20.231000,3676.573000,3712.580000,3732.811000,208.000000,191.000000,255.000000,270.000000,False,SOFT,17.000000,False,Red Bull Racing,3656.464000,,1,,False,,False,True
2026,6,Monaco Grand Prix,FP2,3809.388000,VER,3,max_verstappen,red_bull,76.577000,28.000000,3.000000,,,20.143000,36.224000,20.210000,3752.954000,3789.178000,3809.388000,204.000000,189.000000,256.000000,269.000000,False,SOFT,18.000000,False,Red Bull Racing,3732.811000,,1,,False,,False,True
2026,6,Monaco Grand Prix,FP2,3886.298000,VER,3,max_verstappen,red_bull,76.910000,29.000000,3.000000,,,20.068000,36.011000,20.831000,3829.456000,3865.467000,3886.298000,209.000000,189.000000,256.000000,270.000000,False,SOFT,19.000000,False,Red Bull Racing,3809.388000,,1,,False,,False,True
2026,6,Monaco Grand Prix,FP2,3987.371000,VER,3,max_verstappen,red_bull,101.073000,30.000000,3.000000,,3958.224000,20.202000,36.605000,44.266000,3906.500000,3943.105000,3987.371000,203.000000,189.000000,,272.000000,False,SOFT,20.000000,False,Red Bull Racing,3886.298000,,1,,False,,False,False
2026,6,Monaco Grand Prix,FP2,4301.870000,VER,3,max_verstappen,red_bull,,31.000000,4.000000,3988.072000,4174.769000,24.801000,38.378000,,4012.269000,4050.696000,,157.000000,184.000000,,266.000000,False,MEDIUM,11.000000,False,Red Bull Racing,3987.371000,,125,,False,,False,False
2026,6,Monaco Grand Prix,FP2,4389.102000,VER,3,max_verstappen,red_bull,87.232000,32.000000,5.000000,4302.439000,,26.282000,39.151000,21.799000,4328.152000,4367.303000,4389.102000,173.000000,178.000000,216.000000,250.000000,False,MEDIUM,12.000000,False,Red Bull Racing,4302.439000,,1,,False,,False,False
2026,6,Monaco Grand Prix,FP2,4521.743000,VER,3,max_verstappen,red_bull,132.641000,33.000000,5.000000,,,21.927000,39.900000,70.814000,4411.029000,4450.929000,4521.743000,193.000000,168.000000,10.000000,240.000000,False,MEDIUM,13.000000,False,Red Bull Racing,4389.102000,,1,,False,,False,True
2026,6,Monaco Grand Prix,FP2,4649.731000,VER,3,max_verstappen,red_bull,127.988000,34.000000,5.000000,,,24.629000,39.955000,63.404000,4546.372000,4586.327000,4649.731000,178.000000,151.000000,77.000000,246.000000,False,MEDIUM,14.000000,False,Red Bull Racing,4521.743000,,1,,False,,False,True
2026,6,Monaco Grand Prix,FP2,4731.851000,VER,3,max_verstappen,red_bull,,35.000000,5.000000,,4731.851000,23.683000,42.020000,,4673.628000,4715.619000,,167.000000,173.000000,,241.000000,False,MEDIUM,15.000000,False,Red Bull Racing,4649.731000,,1,,False,,False,False
2026,6,Monaco Grand Prix,FP2,900.835000,LAW,30,lawson,rb,99.150000,1.000000,1.000000,802.561000,,31.810000,42.314000,25.026000,833.772000,876.061000,900.929000,139.000000,159.000000,223.000000,257.000000,False,MEDIUM,1.000000,True,Racing Bulls,802.561000,,1,,False,,False,False
2026,6,Monaco Grand Prix,FP2,989.185000,LAW,30,lawson,rb,88.350000,2.000000,1.000000,,,21.514000,39.625000,27.211000,922.349000,961.974000,989.185000,182.000000,162.000000,262.000000,251.000000,True,MEDIUM,2.000000,True,Racing Bulls,900.835000,,1,,False,,False,True
2026,6,Monaco Grand Prix,FP2,1066.177000,LAW,30,lawson,rb,76.992000,3.000000,1.000000,,,20.428000,36.303000,20.261000,1009.613000,1045.916000,1066.177000,194.000000,195.000000,265.000000,285.000000,True,MEDIUM,3.000000,True,Racing Bulls,989.185000,,1,,False,,False,True
2026,6,Monaco Grand Prix,FP2,1142.459000,LAW,30,lawson,rb,76.282000,4.000000,1.000000,,,20.158000,35.823000,20.301000,1086.335000,1122.158000,1142.459000,200.000000,194.000000,266.000000,285.000000,True,MEDIUM,4.000000,True,Racing Bulls,1066.177000,,1,,False,,False,True
2026,6,Monaco Grand Prix,FP2,1234.050000,LAW,30,lawson,rb,91.591000,5.000000,1.000000,,,23.630000,43.399000,24.562000,1166.089000,1209.488000,1234.050000,160.000000,152.000000,263.000000,234.000000,False,MEDIUM,5.000000,True,Racing Bulls,1142.459000,,1,,False,,False,True
2026,6,Monaco Grand Prix,FP2,1321.890000,LAW,30,lawson,rb,87.840000,6.000000,1.000000,,,20.093000,44.607000,23.140000,1254.143000,1298.750000,1321.890000,202.000000,158.000000,262.000000,253.000000,False,MEDIUM,6.000000,True,Racing Bulls,1234.050000,,1,,False,,False,True
2026,6,Monaco Grand Prix,FP2,1397.890000,LAW,30,lawson,rb,76.000000,7.000000,1.000000,,,19.937000,35.913000,20.150000,1341.827000,1377.740000,1397.890000,203.000000,195.000000,265.000000,283.000000,True,MEDIUM,7.000000,True,Racing Bulls,1321.890000,,1,,False,,False,True
2026,6,Monaco Grand Prix,FP2,1499.381000,LAW,30,lawson,rb,101.491000,8.000000,1.000000,,,25.917000,47.675000,27.899000,1423.807000,1471.482000,1499.381000,142.000000,137.000000,261.000000,250.000000,False,MEDIUM,8.000000,True,Racing Bulls,1397.890000,,1,,False,,False,True
2026,6,Monaco Grand Prix,FP2,1588.894000,LAW,30,lawson,rb,89.513000,9.000000,1.000000,,,20.192000,39.773000,29.548000,1519.573000,1559.346000,1588.894000,201.000000,134.000000,210.000000,264.000000,False,MEDIUM,9.000000,True,Racing Bulls,1499.381000,,126,,False,,False,False
2026,6,Monaco Grand Prix,FP2,1716.508000,LAW,30,lawson,rb,127.614000,10.000000,1.000000,,,29.271000,68.760000,29.583000,1618.165000,1686.925000,1716.508000,140.000000,66.000000,253.000000,130.000000,False,MEDIUM,10.000000,True,Racing Bulls,1588.894000,,6,,False,,False,False
2026,6,Monaco Grand Prix,FP2,1814.963000,LAW,30,lawson,rb,98.455000,11.000000,1.000000,,,24.232000,50.313000,23.910000,1740.740000,1791.053000,1814.963000,102.000000,144.000000,261.000000,209.000000,False,MEDIUM,11.000000,True,Racing Bulls,1716.508000,,6,,False,,False,False
2026,6,Monaco Grand Prix,FP2,1904.709000,LAW,30,lawson,rb,89.746000,12.000000,1.000000,,,21.755000,45.112000,22.879000,1836.718000,1881.830000,1904.709000,158.000000,167.000000,264.000000,266.000000,False,MEDIUM,12.000000,True,Racing Bulls,1814.963000,,671,,False,,False,False
2026,6,Monaco Grand Prix,FP2,1983.500000,LAW,30,lawson,rb,78.791000,13.000000,1.000000,,,20.158000,36.758000,21.875000,1924.867000,1961.625000,1983.500000,203.000000,178.000000,264.000000,282.000000,False,MEDIUM,13.000000,True,Racing Bulls,1904.709000,,1,,False,,False,True
2026,6,Monaco Grand Prix,FP2,2059.002000,LAW,30,lawson,rb,75.502000,14.000000,1.000000,,,19.906000,35.652000,19.944000,2003.406000,2039.058000,2059.002000,196.000000,195.000000,265.000000,282.000000,True,MEDIUM,14.000000,True,Racing Bulls,1983.500000,,1,,False,,False,True
2026,6,Monaco Grand Prix,FP2,2367.619000,LAW,30,lawson,rb,,15.000000,1.000000,,2137.001000,21.788000,40.121000,,2081.084000,2121.099000,,176.000000,171.000000,,266.000000,False,MEDIUM,15.000000,True,Racing Bulls,2059.002000,,1,,False,,False,False
2026,6,Monaco Grand Prix,FP2,2461.898000,LAW,30,lawson,rb,94.279000,16.000000,2.000000,2368.423000,,27.383000,39.822000,27.074000,2395.002000,2434.824000,2461.898000,152.000000,170.000000,261.000000,268.000000,False,SOFT,1.000000,True,Racing Bulls,2367.619000,,1,,False,,False,False
2026,6,Monaco Grand Prix,FP2,2547.821000,LAW,30,lawson,rb,85.923000,17.000000,2.000000,,,21.612000,39.780000,24.531000,2483.510000,2523.290000,2547.821000,166.000000,158.000000,264.000000,263.000000,False,SOFT,2.000000,True,Racing Bulls,2461.898000,,1,,False,,False,True
2026,6,Monaco Grand Prix,FP2,2623.456000,LAW,30,lawson,rb,75.635000,18.000000,2.000000,,,19.937000,35.501000,20.197000,2567.758000,2603.259000,2623.456000,200.000000,196.000000,266.000000,283.000000,False,SOFT,3.000000,True,Racing Bulls,2547.821000,,1,,False,,False,True
2026,6,Monaco Grand Prix,FP2,2720.612000,LAW,30,lawson,rb,97.156000,19.000000,2.000000,,,26.375000,44.866000,25.915000,2649.831000,2694.697000,2720.612000,153.000000,107.000000,263.000000,265.000000,False,SOFT,4.000000,True,Racing Bulls,2623.456000,,1,,False,,False,True
2026,6,Monaco Grand Prix,FP2,2795.852000,LAW,30,lawson,rb,75.240000,20.000000,2.000000,,,19.845000,35.516000,19.879000,2740.457000,2775.973000,2795.852000,204.000000,199.000000,265.000000,283.000000,True,SOFT,5.000000,True,Racing Bulls,2720.612000,,1,,False,,False,True
2026,6,Monaco Grand Prix,FP2,2870.989000,LAW,30,lawson,rb,75.137000,21.000000,2.000000,,,19.783000,35.454000,19.900000,2815.635000,2851.089000,2870.989000,207.000000,199.000000,265.000000,283.000000,True,SOFT,6.000000,True,Racing Bulls,2795.852000,,1,,False,,False,True
2026,6,Monaco Grand Prix,FP2,2971.379000,LAW,30,lawson,rb,100.390000,22.000000,2.000000,,,27.552000,47.451000,25.387000,2898.541000,2945.992000,2971.379000,107.000000,130.000000,244.000000,205.000000,False,SOFT,7.000000,True,Racing Bulls,2870.989000,,1,,False,,False,True
2026,6,Monaco Grand Prix,FP2,3072.321000,LAW,30,lawson,rb,100.942000,23.000000,2.000000,,,24.531000,48.964000,27.447000,2995.910000,3044.874000,3072.321000,160.000000,134.000000,261.000000,180.000000,False,SOFT,8.000000,True,Racing Bulls,2971.379000,,1,,False,,False,True
2026,6,Monaco Grand Prix,FP2,3162.990000,LAW,30,lawson,rb,90.669000,24.000000,2.000000,,,22.650000,46.127000,21.892000,3094.971000,3141.098000,3162.990000,103.000000,172.000000,261.000000,193.000000,False,SOFT,9.000000,True,Racing Bulls,3072.321000,,1,,False,,False,True
2026,6,Monaco Grand Prix,FP2,3238.191000,LAW,30,lawson,rb,75.201000,25.000000,2.000000,,,19.856000,35.477000,19.868000,3182.846000,3218.323000,3238.191000,204.000000,196.000000,264.000000,281.000000,False,SOFT,10.000000,True,Racing Bulls,3162.990000,,1,,False,,False,True
2026,6,Monaco Grand Prix,FP2,3321.877000,LAW,30,lawson,rb,83.686000,26.000000,2.000000,,,19.719000,41.424000,22.543000,3257.910000,3299.334000,3321.877000,202.000000,165.000000,262.000000,199.000000,False,SOFT,11.000000,True,Racing Bulls,3238.191000,,1,,False,,False,True
2026,6,Monaco Grand Prix,FP2,3396.662000,LAW,30,lawson,rb,74.785000,27.000000,2.000000,,,19.698000,35.266000,19.821000,3341.575000,3376.841000,3396.662000,203.000000,198.000000,264.000000,282.000000,True,SOFT,12.000000,True,Racing Bulls,3321.877000,,1,,False,,False,True
2026,6,Monaco Grand Prix,FP2,3895.496000,LAW,30,lawson,rb,,28.000000,2.000000,,3474.739000,22.955000,38.874000,,3419.974000,3458.824000,,171.000000,175.000000,,261.000000,False,SOFT,13.000000,True,Racing Bulls,3396.662000,,1,,False,,False,False
2026,6,Monaco Grand Prix,FP2,3981.764000,LAW,30,lawson,rb,86.268000,29.000000,3.000000,3896.118000,,25.031000,39.519000,21.718000,3920.527000,3960.046000,3981.764000,147.000000,167.000000,253.000000,260.000000,False,MEDIUM,16.000000,False,Racing Bulls,3895.496000,,1,,True,TRACK LIMITS AT TURN 10 LAP 30 ,False,False
2026,6,Monaco Grand Prix,FP2,4061.865000,LAW,30,lawson,rb,80.101000,30.000000,3.000000,,,21.350000,37.800000,20.951000,4003.114000,4040.914000,4061.865000,179.000000,185.000000,255.000000,268.000000,False,MEDIUM,17.000000,False,Racing Bulls,3981.764000,,1,,False,,False,True
2026,6,Monaco Grand Prix,FP2,4278.215000,LAW,30,lawson,rb,,31.000000,3.000000,,4164.703000,,,,,,,,,,,False,MEDIUM,18.000000,False,Racing Bulls,4061.865000,,125,,False,,False,False
2026,6,Monaco Grand Prix,FP2,4365.629000,LAW,30,lawson,rb,87.414000,32.000000,4.000000,4278.803000,,26.398000,38.912000,22.104000,4304.613000,4343.525000,4365.629000,161.000000,177.000000,257.000000,268.000000,False,MEDIUM,19.000000,False,Racing Bulls,4278.803000,,1,,False,,False,False
2026,6,Monaco Grand Prix,FP2,4444.985000,LAW,30,lawson,rb,79.356000,33.000000,4.000000,,,20.912000,37.417000,21.027000,4386.541000,4423.958000,4444.985000,183.000000,187.000000,253.000000,279.000000,False,MEDIUM,20.000000,False,Racing Bulls,4365.629000,,1,,False,,False,True
2026,6,Monaco Grand Prix,FP2,4584.791000,LAW,30,lawson,rb,139.806000,34.000000,4.000000,,,26.342000,45.643000,67.821000,4471.327000,4516.970000,4584.791000,122.000000,160.000000,170.000000,248.000000,False,MEDIUM,21.000000,False,Racing Bulls,4444.985000,,1,,False,,False,True
2026,6,Monaco Grand Prix,FP2,4717.628000,LAW,30,lawson,rb,132.837000,35.000000,4.000000,,,22.669000,44.660000,65.508000,4607.460000,4652.120000,4717.628000,140.000000,158.000000,149.000000,231.000000,False,MEDIUM,22.000000,False,Racing Bulls,4584.791000,,1,,False,,False,True
2026,6,Monaco Grand Prix,FP2,4805.744000,LAW,30,lawson,rb,,36.000000,4.000000,,4805.744000,23.522000,45.720000,,4741.251000,4786.954000,,139.000000,149.000000,,223.000000,False,MEDIUM,23.000000,False,Racing Bulls,4717.628000,,1,,False,,False,False
2026,6,Monaco Grand Prix,FP2,963.632000,OCO,31,ocon,haas,101.054000,1.000000,1.000000,863.471000,,34.901000,41.051000,25.102000,897.677000,938.773000,963.844000,136.000000,166.000000,259.000000,259.000000,False,MEDIUM,1.000000,True,Haas F1 Team,863.471000,,1,,False,,False,False
2026,6,Monaco Grand Prix,FP2,1047.140000,OCO,31,ocon,haas,83.508000,2.000000,1.000000,,,21.635000,38.227000,23.646000,985.267000,1023.494000,1047.140000,167.000000,176.000000,261.000000,280.000000,True,MEDIUM,2.000000,True,Haas F1 Team,963.632000,,1,,False,,False,True
2026,6,Monaco Grand Prix,FP2,1124.911000,OCO,31,ocon,haas,77.771000,3.000000,1.000000,,,20.583000,36.666000,20.522000,1067.723000,1104.389000,1124.911000,194.000000,191.000000,262.000000,280.000000,True,MEDIUM,3.000000,True,Haas F1 Team,1047.140000,,1,,False,,False,True
2026,6,Monaco Grand Prix,FP2,1201.461000,OCO,31,ocon,haas,76.550000,4.000000,1.000000,,,20.062000,36.133000,20.355000,1144.973000,1181.106000,1201.461000,198.000000,189.000000,262.000000,280.000000,True,MEDIUM,4.000000,True,Haas F1 Team,1124.911000,,1,,False,,False,True
2026,6,Monaco Grand Prix,FP2,1310.288000,OCO,31,ocon,haas,108.827000,5.000000,1.000000,,,27.832000,51.643000,29.352000,1229.293000,1280.936000,1310.288000,118.000000,167.000000,250.000000,225.000000,False,MEDIUM,5.000000,True,Haas F1 Team,1201.461000,,1,,False,,False,True
2026,6,Monaco Grand Prix,FP2,1386.722000,OCO,31,ocon,haas,76.434000,6.000000,1.000000,,,20.224000,35.928000,20.282000,1330.512000,1366.440000,1386.722000,196.000000,190.000000,264.000000,281.000000,True,MEDIUM,6.000000,True,Haas F1 Team,1310.288000,,1,,False,,False,True
2026,6,Monaco Grand Prix,FP2,1491.415000,OCO,31,ocon,haas,104.693000,7.000000,1.000000,,,23.274000,45.819000,35.600000,1409.996000,1455.815000,1491.415000,94.000000,153.000000,241.000000,238.000000,False,MEDIUM,7.000000,True,Haas F1 Team,1386.722000,,1,,False,,False,True
2026,6,Monaco Grand Prix,FP2,1577.584000,OCO,31,ocon,haas,86.169000,8.000000,1.000000,,,20.699000,38.464000,27.006000,1512.114000,1550.578000,1577.584000,189.000000,177.000000,137.000000,279.000000,False,MEDIUM,8.000000,True,Haas F1 Team,1491.415000,,126,,False,,False,False
2026,6,Monaco Grand Prix,FP2,1714.184000,OCO,31,ocon,haas,136.600000,9.000000,1.000000,,,35.887000,67.581000,33.132000,1613.471000,1681.052000,1714.184000,150.000000,102.000000,248.000000,66.000000,False,MEDIUM,9.000000,True,Haas F1 Team,1577.584000,,6,,False,,False,False
2026,6,Monaco Grand Prix,FP2,1812.618000,OCO,31,ocon,haas,98.434000,10.000000,1.000000,,,24.626000,49.429000,24.379000,1738.810000,1788.239000,1812.618000,126.000000,157.000000,258.000000,158.000000,False,MEDIUM,10.000000,True,Haas F1 Team,1714.184000,,6,,False,,False,False
2026,6,Monaco Grand Prix,FP2,1899.516000,OCO,31,ocon,haas,86.898000,11.000000,1.000000,,,22.361000,42.701000,21.836000,1834.979000,1877.680000,1899.516000,152.000000,182.000000,260.000000,269.000000,False,MEDIUM,11.000000,True,Haas F1 Team,1812.618000,,671,,False,,False,False
2026,6,Monaco Grand Prix,FP2,1978.530000,OCO,31,ocon,haas,79.014000,12.000000,1.000000,,,20.286000,37.070000,21.658000,1919.802000,1956.872000,1978.530000,189.000000,181.000000,261.000000,279.000000,False,MEDIUM,12.000000,True,Haas F1 Team,1899.516000,,1,,False,,False,True
2026,6,Monaco Grand Prix,FP2,2054.463000,OCO,31,ocon,haas,75.933000,13.000000,1.000000,,,20.083000,35.774000,20.076000,1998.613000,2034.387000,2054.463000,199.000000,195.000000,262.000000,279.000000,True,MEDIUM,13.000000,True,Haas F1 Team,1978.530000,,1,,False,,False,True
2026,6,Monaco Grand Prix,FP2,2129.979000,OCO,31,ocon,haas,75.516000,14.000000,1.000000,,,19.751000,35.552000,20.213000,2074.214000,2109.766000,2129.979000,205.000000,195.000000,263.000000,281.000000,True,MEDIUM,14.000000,True,Haas F1 Team,2054.463000,,1,,False,,False,True
2026,6,Monaco Grand Prix,FP2,2424.921000,OCO,31,ocon,haas,,15.000000,1.000000,,2206.819000,22.472000,39.153000,,2152.675000,2191.841000,,168.000000,177.000000,,263.000000,False,MEDIUM,15.000000,True,Haas F1 Team,2129.979000,,1,,False,,False,False
2026,6,Monaco Grand Prix,FP2,2515.885000,OCO,31,ocon,haas,90.964000,16.000000,2.000000,2425.659000,,27.324000,39.303000,24.337000,2452.245000,2491.548000,2515.885000,161.000000,173.000000,259.000000,264.000000,False,SOFT,1.000000,True,Haas F1 Team,2424.921000,,1,,False,,False,False
2026,6,Monaco Grand Prix,FP2,2596.576000,OCO,31,ocon,haas,80.691000,17.000000,2.000000,,,20.829000,37.770000,22.092000,2536.714000,2574.484000,2596.576000,181.000000,169.000000,263.000000,278.000000,False,SOFT,2.000000,True,Haas F1 Team,2515.885000,,1,,False,,False,True
2026,6,Monaco Grand Prix,FP2,2676.455000,OCO,31,ocon,haas,79.879000,18.000000,2.000000,,,19.898000,36.304000,23.677000,2616.474000,2652.778000,2676.455000,203.000000,171.000000,263.000000,280.000000,False,SOFT,3.000000,True,Haas F1 Team,2596.576000,,1,,False,,False,True
2026,6,Monaco Grand Prix,FP2,2751.566000,OCO,31,ocon,haas,75.111000,19.000000,2.000000,,,19.750000,35.524000,19.837000,2696.205000,2731.729000,2751.566000,201.000000,198.000000,264.000000,281.000000,True,SOFT,4.000000,True,Haas F1 Team,2676.455000,,1,,False,,False,True
2026,6,Monaco Grand Prix,FP2,2843.274000,OCO,31,ocon,haas,91.708000,20.000000,2.000000,,,24.296000,38.886000,28.526000,2775.862000,2814.748000,2843.274000,133.000000,179.000000,252.000000,268.000000,False,SOFT,5.000000,True,Haas F1 Team,2751.566000,,1,,False,,False,True
2026,6,Monaco Grand Prix,FP2,2918.398000,OCO,31,ocon,haas,75.124000,21.000000,2.000000,,,19.882000,35.275000,19.967000,2863.156000,2898.431000,2918.398000,207.000000,197.000000,264.000000,282.000000,False,SOFT,6.000000,True,Haas F1 Team,2843.274000,,1,,False,,False,True
2026,6,Monaco Grand Prix,FP2,3004.172000,OCO,31,ocon,haas,85.774000,22.000000,2.000000,,,22.685000,41.264000,21.825000,2941.083000,2982.347000,3004.172000,162.000000,175.000000,264.000000,263.000000,False,SOFT,7.000000,True,Haas F1 Team,2918.398000,,1,,False,,False,True
2026,6,Monaco Grand Prix,FP2,3079.017000,OCO,31,ocon,haas,74.845000,23.000000,2.000000,,,19.620000,35.358000,19.867000,3023.792000,3059.150000,3079.017000,203.000000,199.000000,263.000000,281.000000,True,SOFT,8.000000,True,Haas F1 Team,3004.172000,,1,,False,,False,True
2026,6,Monaco Grand Prix,FP2,3169.818000,OCO,31,ocon,haas,90.801000,24.000000,2.000000,,,26.364000,39.131000,25.306000,3105.381000,3144.512000,3169.818000,150.000000,183.000000,261.000000,266.000000,False,SOFT,9.000000,True,Haas F1 Team,3079.017000,,1,,True,TRACK LIMITS AT TURN 1 LAP 25 ,False,True
2026,6,Monaco Grand Prix,FP2,3244.806000,OCO,31,ocon,haas,74.988000,25.000000,2.000000,,,19.694000,35.362000,19.932000,3189.512000,3224.874000,3244.806000,203.000000,199.000000,263.000000,281.000000,False,SOFT,10.000000,True,Haas F1 Team,3169.818000,,1,,False,,False,True
2026,6,Monaco Grand Prix,FP2,3787.127000,OCO,31,ocon,haas,,26.000000,2.000000,,3326.961000,25.364000,41.004000,,3270.451000,3311.441000,,115.000000,168.000000,,251.000000,False,SOFT,11.000000,True,Haas F1 Team,3244.806000,,1,,False,,False,False
2026,6,Monaco Grand Prix,FP2,3873.563000,OCO,31,ocon,haas,86.436000,27.000000,3.000000,3787.776000,,26.424000,38.463000,21.549000,3813.551000,3852.014000,3873.563000,162.000000,177.000000,253.000000,265.000000,False,MEDIUM,16.000000,False,Haas F1 Team,3787.127000,,1,,False,,False,False
2026,6,Monaco Grand Prix,FP2,3952.193000,OCO,31,ocon,haas,78.630000,28.000000,3.000000,,,20.840000,37.004000,20.786000,3894.403000,3931.407000,3952.193000,192.000000,187.000000,254.000000,267.000000,False,MEDIUM,17.000000,False,Haas F1 Team,3873.563000,,1,,False,,False,True
2026,6,Monaco Grand Prix,FP2,4030.244000,OCO,31,ocon,haas,78.051000,29.000000,3.000000,,,20.767000,36.591000,20.693000,3972.960000,4009.551000,4030.244000,192.000000,187.000000,254.000000,268.000000,False,MEDIUM,18.000000,False,Haas F1 Team,3952.193000,,1,,False,,False,True
2026,6,Monaco Grand Prix,FP2,4258.064000,OCO,31,ocon,haas,,30.000000,3.000000,,4119.479000,20.401000,,,4050.847000,,,199.000000,,,,False,MEDIUM,19.000000,False,Haas F1 Team,4030.244000,,125,,False,,False,False
2026,6,Monaco Grand Prix,FP2,4349.138000,OCO,31,ocon,haas,91.074000,31.000000,4.000000,4258.850000,,27.702000,38.870000,24.502000,4285.766000,4324.636000,4349.138000,156.000000,155.000000,247.000000,266.000000,False,MEDIUM,20.000000,False,Haas F1 Team,4258.850000,,1,,False,,False,False
2026,6,Monaco Grand Prix,FP2,4427.699000,OCO,31,ocon,haas,78.561000,32.000000,4.000000,,,21.024000,36.929000,20.608000,4370.162000,4407.091000,4427.699000,189.000000,188.000000,255.000000,269.000000,False,MEDIUM,21.000000,False,Haas F1 Team,4349.138000,,1,,False,,False,True
2026,6,Monaco Grand Prix,FP2,4567.986000,OCO,31,ocon,haas,140.287000,33.000000,4.000000,,,24.861000,43.283000,72.143000,4452.560000,4495.843000,4567.986000,143.000000,155.000000,115.000000,221.000000,False,MEDIUM,22.000000,False,Haas F1 Team,4427.699000,,1,,False,,False,True
2026,6,Monaco Grand Prix,FP2,4692.075000,OCO,31,ocon,haas,124.089000,34.000000,4.000000,,,25.534000,41.613000,56.942000,4593.520000,4635.133000,4692.075000,149.000000,159.000000,103.000000,246.000000,False,MEDIUM,23.000000,False,Haas F1 Team,4567.986000,,1,,False,,False,True
2026,6,Monaco Grand Prix,FP2,4771.551000,OCO,31,ocon,haas,,35.000000,4.000000,,4771.551000,23.657000,39.635000,,4715.962000,4755.514000,,161.000000,166.000000,,258.000000,False,MEDIUM,24.000000,False,Haas F1 Team,4692.075000,,1,,False,,False,False
2026,6,Monaco Grand Prix,FP2,888.997000,LIN,41,arvid_lindblad,rb,96.992000,1.000000,1.000000,793.343000,,31.339000,42.655000,22.998000,823.685000,866.280000,889.167000,146.000000,165.000000,218.000000,256.000000,False,MEDIUM,1.000000,True,Racing Bulls,793.343000,,1,,False,,False,False
2026,6,Monaco Grand Prix,FP2,978.775000,LIN,41,arvid_lindblad,rb,89.778000,2.000000,1.000000,,,22.070000,43.961000,23.747000,911.067000,955.028000,978.775000,154.000000,159.000000,262.000000,251.000000,False,MEDIUM,2.000000,True,Racing Bulls,888.997000,,1,,True,TRACK LIMITS AT TURN 10 LAP 3 ,False,True
2026,6,Monaco Grand Prix,FP2,1056.121000,LIN,41,arvid_lindblad,rb,77.346000,3.000000,1.000000,,,20.558000,36.615000,20.173000,999.333000,1035.948000,1056.121000,198.000000,193.000000,265.000000,282.000000,True,MEDIUM,3.000000,True,Racing Bulls,978.775000,,1,,False,,False,True
2026,6,Monaco Grand Prix,FP2,1132.979000,LIN,41,arvid_lindblad,rb,76.858000,4.000000,1.000000,,,20.342000,36.453000,20.063000,1076.463000,1112.916000,1132.979000,200.000000,195.000000,266.000000,283.000000,True,MEDIUM,4.000000,True,Racing Bulls,1056.121000,,1,,False,,False,True
2026,6,Monaco Grand Prix,FP2,1237.429000,LIN,41,arvid_lindblad,rb,104.450000,5.000000,1.000000,,,26.260000,51.341000,26.849000,1159.239000,1210.580000,1237.429000,91.000000,92.000000,263.000000,177.000000,False,MEDIUM,5.000000,True,Racing Bulls,1132.979000,,1,,False,,False,True
2026,6,Monaco Grand Prix,FP2,1313.603000,LIN,41,arvid_lindblad,rb,76.174000,6.000000,1.000000,,,20.046000,36.073000,20.055000,1257.475000,1293.548000,1313.603000,210.000000,195.000000,265.000000,282.000000,True,MEDIUM,6.000000,True,Racing Bulls,1237.429000,,1,,False,,False,True
2026,6,Monaco Grand Prix,FP2,1416.821000,LIN,41,arvid_lindblad,rb,103.218000,7.000000,1.000000,,,26.192000,53.698000,23.328000,1339.795000,1393.493000,1416.821000,81.000000,128.000000,263.000000,189.000000,False,MEDIUM,7.000000,True,Racing Bulls,1313.603000,,1,,False,,False,True
2026,6,Monaco Grand Prix,FP2,1503.139000,LIN,41,arvid_lindblad,rb,86.318000,8.000000,1.000000,,,19.914000,38.102000,28.302000,1436.735000,1474.837000,1503.139000,208.000000,123.000000,263.000000,282.000000,False,MEDIUM,8.000000,True,Racing Bulls,1416.821000,,1,,True,TRACK LIMITS AT TURN 10 LAP 9 ,False,True
2026,6,Monaco Grand Prix,FP2,1598.295000,LIN,41,arvid_lindblad,rb,95.156000,9.000000,1.000000,,,20.155000,41.796000,33.205000,1523.294000,1565.090000,1598.295000,211.000000,79.000000,219.000000,254.000000,False,MEDIUM,9.000000,True,Racing Bulls,1503.139000,,126,,False,,False,False
2026,6,Monaco Grand Prix,FP2,1722.721000,LIN,41,arvid_lindblad,rb,124.426000,10.000000,1.000000,,,25.130000,68.150000,31.146000,1623.425000,1691.575000,1722.721000,126.000000,84.000000,250.000000,149.000000,False,MEDIUM,10.000000,True,Racing Bulls,1598.295000,,6,,False,,False,False
2026,6,Monaco Grand Prix,FP2,1822.133000,LIN,41,arvid_lindblad,rb,99.412000,11.000000,1.000000,,,23.165000,53.449000,22.798000,1745.886000,1799.335000,1822.133000,161.000000,165.000000,255.000000,174.000000,False,MEDIUM,11.000000,True,Racing Bulls,1722.721000,,6,,False,,False,False
2026,6,Monaco Grand Prix,FP2,1911.678000,LIN,41,arvid_lindblad,rb,89.545000,12.000000,1.000000,,,24.349000,40.729000,24.467000,1846.482000,1887.211000,1911.678000,169.000000,137.000000,262.000000,265.000000,False,MEDIUM,12.000000,True,Racing Bulls,1822.133000,,671,,False,,False,False
2026,6,Monaco Grand Prix,FP2,1990.332000,LIN,41,arvid_lindblad,rb,78.654000,13.000000,1.000000,,,20.283000,38.119000,20.252000,1931.961000,1970.080000,1990.332000,201.000000,191.000000,265.000000,282.000000,False,MEDIUM,13.000000,True,Racing Bulls,1911.678000,,1,,False,,False,True
2026,6,Monaco Grand Prix,FP2,2259.568000,LIN,41,arvid_lindblad,rb,,14.000000,1.000000,,2061.229000,19.730000,35.638000,,2010.326000,2046.029000,,208.000000,196.000000,,283.000000,False,MEDIUM,14.000000,True,Racing Bulls,1990.332000,,1,,False,,False,False
2026,6,Monaco Grand Prix,FP2,2350.172000,LIN,41,arvid_lindblad,rb,90.604000,15.000000,2.000000,2260.334000,,27.597000,41.954000,21.053000,2287.165000,2329.119000,2350.172000,76.000000,178.000000,263.000000,268.000000,False,SOFT,1.000000,True,Racing Bulls,2259.568000,,1,,False,,False,False
2026,6,Monaco Grand Prix,FP2,2425.886000,LIN,41,arvid_lindblad,rb,75.714000,16.000000,2.000000,,,19.944000,35.903000,19.867000,2370.116000,2406.019000,2425.886000,209.000000,196.000000,264.000000,280.000000,True,SOFT,2.000000,True,Racing Bulls,2350.172000,,1,,False,,False,True
2026,6,Monaco Grand Prix,FP2,2500.634000,LIN,41,arvid_lindblad,rb,74.748000,17.000000,2.000000,,,19.552000,35.386000,19.810000,2445.438000,2480.824000,2500.634000,214.000000,198.000000,265.000000,282.000000,True,SOFT,3.000000,True,Racing Bulls,2425.886000,,1,,False,,False,True
2026,6,Monaco Grand Prix,FP2,2602.220000,LIN,41,arvid_lindblad,rb,101.586000,18.000000,2.000000,,,24.754000,52.627000,24.205000,2525.388000,2578.015000,2602.220000,78.000000,109.000000,262.000000,175.000000,False,SOFT,4.000000,True,Racing Bulls,2500.634000,,1,,True,TRACK LIMITS AT TURN 10 LAP 19 ,False,True
2026,6,Monaco Grand Prix,FP2,2689.684000,LIN,41,arvid_lindblad,rb,87.464000,19.000000,2.000000,,,19.803000,41.387000,26.274000,2622.023000,2663.410000,2689.684000,211.000000,147.000000,261.000000,214.000000,False,SOFT,5.000000,True,Racing Bulls,2602.220000,,1,,False,,False,True
2026,6,Monaco Grand Prix,FP2,2767.984000,LIN,41,arvid_lindblad,rb,78.300000,20.000000,2.000000,,,19.785000,35.627000,22.888000,2709.469000,2745.096000,2767.984000,212.000000,196.000000,263.000000,280.000000,False,SOFT,6.000000,True,Racing Bulls,2689.684000,,1,,False,,False,True
2026,6,Monaco Grand Prix,FP2,2859.533000,LIN,41,arvid_lindblad,rb,91.549000,21.000000,2.000000,,,19.655000,40.560000,31.334000,2787.639000,2828.199000,2859.533000,211.000000,110.000000,130.000000,283.000000,False,SOFT,7.000000,True,Racing Bulls,2767.984000,,1,,True,TRACK LIMITS AT TURN 10 LAP 22 ,False,True
2026,6,Monaco Grand Prix,FP2,2966.794000,LIN,41,arvid_lindblad,rb,107.261000,22.000000,2.000000,,,30.971000,52.155000,24.135000,2890.504000,2942.659000,2966.794000,81.000000,141.000000,261.000000,255.000000,False,SOFT,8.000000,True,Racing Bulls,2859.533000,,1,,False,,False,True
2026,6,Monaco Grand Prix,FP2,3053.728000,LIN,41,arvid_lindblad,rb,86.934000,23.000000,2.000000,,,20.462000,39.848000,26.624000,2987.256000,3027.104000,3053.728000,159.000000,162.000000,264.000000,261.000000,False,SOFT,9.000000,True,Racing Bulls,2966.794000,,1,,False,,False,True
2026,6,Monaco Grand Prix,FP2,3133.703000,LIN,41,arvid_lindblad,rb,79.975000,24.000000,2.000000,,,19.808000,38.117000,22.050000,3073.536000,3111.653000,3133.703000,212.000000,139.000000,264.000000,279.000000,False,SOFT,10.000000,True,Racing Bulls,3053.728000,,1,,False,,False,True
2026,6,Monaco Grand Prix,FP2,3209.265000,LIN,41,arvid_lindblad,rb,75.562000,25.000000,2.000000,,,19.584000,35.740000,20.238000,3153.287000,3189.027000,3209.265000,210.000000,195.000000,265.000000,283.000000,False,SOFT,11.000000,True,Racing Bulls,3133.703000,,1,,False,,False,True
2026,6,Monaco Grand Prix,FP2,3315.223000,LIN,41,arvid_lindblad,rb,105.958000,26.000000,2.000000,,,35.933000,45.255000,24.770000,3245.198000,3290.453000,3315.223000,63.000000,162.000000,265.000000,239.000000,False,SOFT,12.000000,True,Racing Bulls,3209.265000,,1,,False,,False,True
2026,6,Monaco Grand Prix,FP2,3395.195000,LIN,41,arvid_lindblad,rb,79.972000,27.000000,2.000000,,,19.981000,38.772000,21.219000,3335.204000,3373.976000,3395.195000,214.000000,149.000000,262.000000,281.000000,False,SOFT,13.000000,True,Racing Bulls,3315.223000,,1,,False,,False,True
2026,6,Monaco Grand Prix,FP2,3470.319000,LIN,41,arvid_lindblad,rb,75.124000,28.000000,2.000000,,,19.684000,35.388000,20.052000,3414.879000,3450.267000,3470.319000,206.000000,198.000000,264.000000,280.000000,False,SOFT,14.000000,True,Racing Bulls,3395.195000,,1,,False,,False,True
2026,6,Monaco Grand Prix,FP2,3870.773000,LIN,41,arvid_lindblad,rb,,29.000000,2.000000,,3559.041000,22.964000,45.641000,,3493.556000,3539.086000,,189.000000,70.000000,,262.000000,False,SOFT,15.000000,True,Racing Bulls,3470.319000,,1,,False,,False,False
2026,6,Monaco Grand Prix,FP2,3961.455000,LIN,41,arvid_lindblad,rb,90.682000,30.000000,3.000000,3871.288000,,26.085000,42.864000,21.733000,3896.858000,3939.722000,3961.455000,174.000000,166.000000,253.000000,267.000000,False,SOFT,16.000000,False,Racing Bulls,3870.773000,,1,,True,TRACK LIMITS AT TURN 16 LAP 31 ,False,False
2026,6,Monaco Grand Prix,FP2,4041.156000,LIN,41,arvid_lindblad,rb,79.701000,31.000000,3.000000,,,20.781000,37.955000,20.965000,3982.236000,4020.191000,4041.156000,195.000000,182.000000,254.000000,268.000000,False,SOFT,17.000000,False,Racing Bulls,3961.455000,,1,,True,TRACK LIMITS AT TURN 10 LAP 32 ,False,True
2026,6,Monaco Grand Prix,FP2,4265.835000,LIN,41,arvid_lindblad,rb,,32.000000,3.000000,,4131.622000,22.074000,,,4063.303000,,,189.000000,,,,False,SOFT,18.000000,False,Racing Bulls,4041.156000,,125,,False,,False,False
2026,6,Monaco Grand Prix,FP2,4361.436000,LIN,41,arvid_lindblad,rb,95.601000,33.000000,4.000000,4266.534000,,25.870000,39.628000,30.103000,4291.705000,4331.333000,4361.436000,162.000000,174.000000,241.000000,267.000000,False,SOFT,19.000000,False,Racing Bulls,4266.534000,,1,,False,,False,False
2026,6,Monaco Grand Prix,FP2,4440.523000,LIN,41,arvid_lindblad,rb,79.087000,34.000000,4.000000,,,21.366000,36.627000,21.094000,4382.802000,4419.429000,4440.523000,184.000000,177.000000,254.000000,270.000000,False,SOFT,20.000000,False,Racing Bulls,4361.436000,,1,,True,TRACK LIMITS AT TURN 10 LAP 35 ,False,True
2026,6,Monaco Grand Prix,FP2,4572.334000,LIN,41,arvid_lindblad,rb,131.811000,35.000000,4.000000,,,22.231000,43.970000,65.610000,4462.754000,4506.724000,4572.334000,164.000000,128.000000,140.000000,218.000000,False,SOFT,21.000000,False,Racing Bulls,4440.523000,,1,,False,,False,True
2026,6,Monaco Grand Prix,FP2,4698.785000,LIN,41,arvid_lindblad,rb,126.451000,36.000000,4.000000,,,23.718000,42.075000,60.658000,4596.052000,4638.127000,4698.785000,118.000000,149.000000,61.000000,223.000000,False,SOFT,22.000000,False,Racing Bulls,4572.334000,,1,,False,,False,True
2026,6,Monaco Grand Prix,FP2,4786.797000,LIN,41,arvid_lindblad,rb,,37.000000,4.000000,,4786.797000,28.516000,44.354000,,4727.446000,4771.785000,,130.000000,156.000000,,209.000000,False,SOFT,23.000000,False,Racing Bulls,4698.785000,,1,,False,,False,False
2026,6,Monaco Grand Prix,FP2,917.226000,COL,43,colapinto,alpine,98.447000,1.000000,1.000000,820.263000,,33.390000,42.490000,22.567000,852.381000,894.981000,917.372000,154.000000,168.000000,262.000000,234.000000,False,MEDIUM,1.000000,True,Alpine,820.263000,,1,,False,,False,False
2026,6,Monaco Grand Prix,FP2,999.337000,COL,43,colapinto,alpine,82.111000,2.000000,1.000000,,,21.228000,37.531000,23.352000,938.454000,975.985000,999.337000,182.000000,184.000000,250.000000,279.000000,True,MEDIUM,2.000000,True,Alpine,917.226000,,1,,False,,False,True
2026,6,Monaco Grand Prix,FP2,1076.038000,COL,43,colapinto,alpine,76.701000,3.000000,1.000000,,,20.180000,36.114000,20.407000,1019.517000,1055.631000,1076.038000,193.000000,190.000000,265.000000,283.000000,True,MEDIUM,3.000000,True,Alpine,999.337000,,1,,False,,False,True
2026,6,Monaco Grand Prix,FP2,1176.862000,COL,43,colapinto,alpine,100.824000,4.000000,1.000000,,,27.512000,44.304000,29.008000,1103.550000,1147.854000,1176.862000,136.000000,163.000000,243.000000,232.000000,False,MEDIUM,4.000000,True,Alpine,1076.038000,,1,,False,,False,True
2026,6,Monaco Grand Prix,FP2,1253.002000,COL,43,colapinto,alpine,76.140000,5.000000,1.000000,,,20.144000,35.919000,20.077000,1197.006000,1232.925000,1253.002000,202.000000,194.000000,264.000000,281.000000,True,MEDIUM,5.000000,True,Alpine,1176.862000,,1,,False,,False,True
2026,6,Monaco Grand Prix,FP2,1343.047000,COL,43,colapinto,alpine,90.045000,6.000000,1.000000,,,24.332000,42.934000,22.779000,1277.334000,1320.268000,1343.047000,151.000000,168.000000,260.000000,241.000000,False,MEDIUM,6.000000,True,Alpine,1253.002000,,1,,True,TRACK LIMITS AT TURN 10 LAP 7 ,False,True
2026,6,Monaco Grand Prix,FP2,1418.911000,COL,43,colapinto,alpine,75.864000,7.000000,1.000000,,,19.720000,35.913000,20.231000,1362.767000,1398.680000,1418.911000,200.000000,175.000000,264.000000,282.000000,True,MEDIUM,7.000000,True,Alpine,1343.047000,,1,,False,,False,True
2026,6,Monaco Grand Prix,FP2,1527.002000,COL,43,colapinto,alpine,108.091000,8.000000,1.000000,,,32.571000,53.342000,22.178000,1451.482000,1504.824000,1527.002000,120.000000,161.000000,261.000000,244.000000,False,MEDIUM,8.000000,True,Alpine,1418.911000,,1,,False,,False,True
2026,6,Monaco Grand Prix,FP2,1627.948000,COL,43,colapinto,alpine,100.946000,9.000000,1.000000,,,20.213000,54.096000,26.637000,1547.215000,1601.311000,1627.948000,198.000000,138.000000,217.000000,140.000000,False,MEDIUM,9.000000,True,Alpine,1527.002000,,126,,False,,False,False
2026,6,Monaco Grand Prix,FP2,2243.332000,COL,43,colapinto,alpine,,10.000000,1.000000,,1723.317000,26.720000,50.619000,,1654.937000,1705.601000,,152.000000,155.000000,,148.000000,False,MEDIUM,10.000000,True,Alpine,1627.948000,,671,,False,,False,False
2026,6,Monaco Grand Prix,FP2,2337.232000,COL,43,colapinto,alpine,93.900000,11.000000,2.000000,2243.977000,,28.867000,42.003000,23.030000,2272.199000,2314.202000,2337.232000,160.000000,166.000000,241.000000,266.000000,False,SOFT,1.000000,True,Alpine,2243.332000,,1,,True,TRACK LIMITS AT TURN 10 LAP 12 ,False,False
2026,6,Monaco Grand Prix,FP2,2418.218000,COL,43,colapinto,alpine,80.986000,12.000000,2.000000,,,21.743000,38.091000,21.152000,2358.975000,2397.066000,2418.218000,178.000000,180.000000,262.000000,276.000000,False,SOFT,2.000000,True,Alpine,2337.232000,,1,,False,,False,True
2026,6,Monaco Grand Prix,FP2,2493.255000,COL,43,colapinto,alpine,75.037000,13.000000,2.000000,,,19.704000,35.426000,19.907000,2437.922000,2473.348000,2493.255000,201.000000,193.000000,263.000000,281.000000,True,SOFT,3.000000,True,Alpine,2418.218000,,1,,False,,False,True
2026,6,Monaco Grand Prix,FP2,2585.029000,COL,43,colapinto,alpine,91.774000,14.000000,2.000000,,,27.340000,42.341000,22.093000,2520.595000,2562.936000,2585.029000,162.000000,168.000000,262.000000,241.000000,False,SOFT,4.000000,True,Alpine,2493.255000,,1,,False,,False,True
2026,6,Monaco Grand Prix,FP2,2659.787000,COL,43,colapinto,alpine,74.758000,15.000000,2.000000,,,19.494000,35.459000,19.805000,2604.523000,2639.982000,2659.787000,206.000000,196.000000,264.000000,282.000000,True,SOFT,5.000000,True,Alpine,2585.029000,,1,,False,,False,True
2026,6,Monaco Grand Prix,FP2,2773.364000,COL,43,colapinto,alpine,113.577000,16.000000,2.000000,,,32.250000,54.752000,26.575000,2692.037000,2746.789000,2773.364000,121.000000,143.000000,231.000000,132.000000,False,SOFT,6.000000,True,Alpine,2659.787000,,1,,False,,False,True
2026,6,Monaco Grand Prix,FP2,2859.065000,COL,43,colapinto,alpine,85.701000,17.000000,2.000000,,,21.146000,41.208000,23.347000,2794.510000,2835.718000,2859.065000,137.000000,173.000000,258.000000,238.000000,False,SOFT,7.000000,True,Alpine,2773.364000,,1,,False,,False,True
2026,6,Monaco Grand Prix,FP2,2933.921000,COL,43,colapinto,alpine,74.856000,18.000000,2.000000,,,19.714000,35.338000,19.804000,2878.779000,2914.117000,2933.921000,202.000000,194.000000,265.000000,282.000000,False,SOFT,8.000000,True,Alpine,2859.065000,,1,,False,,False,True
2026,6,Monaco Grand Prix,FP2,3028.474000,COL,43,colapinto,alpine,94.553000,19.000000,2.000000,,,27.503000,44.859000,22.191000,2961.424000,3006.283000,3028.474000,155.000000,177.000000,263.000000,231.000000,False,SOFT,9.000000,True,Alpine,2933.921000,,1,,False,,False,True
2026,6,Monaco Grand Prix,FP2,3610.137000,COL,43,colapinto,alpine,,20.000000,2.000000,,3133.865000,32.065000,53.148000,,3060.716000,3113.808000,,85.000000,127.000000,,148.000000,False,SOFT,10.000000,True,Alpine,3028.474000,,1,,False,,False,False
2026,6,Monaco Grand Prix,FP2,3698.479000,COL,43,colapinto,alpine,88.342000,21.000000,3.000000,3610.798000,,26.579000,39.975000,21.788000,3636.716000,3676.691000,3698.479000,164.000000,168.000000,251.000000,254.000000,False,MEDIUM,11.000000,False,Alpine,3610.137000,,1,,False,,False,False
2026,6,Monaco Grand Prix,FP2,3778.515000,COL,43,colapinto,alpine,80.036000,22.000000,3.000000,,,21.200000,37.821000,21.015000,3719.679000,3757.500000,3778.515000,181.000000,184.000000,254.000000,257.000000,False,MEDIUM,12.000000,False,Alpine,3698.479000,,1,,False,,False,True
2026,6,Monaco Grand Prix,FP2,3856.546000,COL,43,colapinto,alpine,78.031000,23.000000,3.000000,,,20.536000,36.830000,20.665000,3799.051000,3835.881000,3856.546000,186.000000,187.000000,255.000000,267.000000,False,MEDIUM,13.000000,False,Alpine,3778.515000,,1,,False,,False,True
2026,6,Monaco Grand Prix,FP2,3934.937000,COL,43,colapinto,alpine,78.391000,24.000000,3.000000,,,20.780000,36.781000,20.830000,3877.326000,3914.107000,3934.937000,193.000000,187.000000,254.000000,268.000000,False,MEDIUM,14.000000,False,Alpine,3856.546000,,1,,False,,False,True
2026,6,Monaco Grand Prix,FP2,4012.856000,COL,43,colapinto,alpine,77.919000,25.000000,3.000000,,,20.513000,36.693000,20.713000,3955.450000,3992.143000,4012.856000,195.000000,186.000000,256.000000,268.000000,False,MEDIUM,15.000000,False,Alpine,3934.937000,,1,,False,,False,True
2026,6,Monaco Grand Prix,FP2,4275.841000,COL,43,colapinto,alpine,,26.000000,3.000000,,4088.302000,20.282000,36.518000,,4033.357000,4069.935000,,200.000000,188.000000,,269.000000,False,MEDIUM,16.000000,False,Alpine,4012.856000,,125,,False,,False,False
2026,6,Monaco Grand Prix,FP2,4361.891000,COL,43,colapinto,alpine,86.050000,27.000000,4.000000,4276.573000,,25.227000,39.023000,21.800000,4301.068000,4340.091000,4361.891000,173.000000,179.000000,253.000000,264.000000,False,MEDIUM,17.000000,False,Alpine,4276.573000,,1,,False,,False,False
2026,6,Monaco Grand Prix,FP2,4443.449000,COL,43,colapinto,alpine,81.558000,28.000000,4.000000,,,21.392000,37.016000,23.150000,4383.283000,4420.299000,4443.449000,178.000000,170.000000,193.000000,269.000000,False,MEDIUM,18.000000,False,Alpine,4361.891000,,1,,True,TRACK LIMITS AT TURN 10 LAP 29 ,False,True
2026,6,Monaco Grand Prix,FP2,4579.527000,COL,43,colapinto,alpine,136.078000,29.000000,4.000000,,,25.516000,43.842000,66.720000,4468.965000,4512.807000,4579.527000,155.000000,146.000000,155.000000,176.000000,False,MEDIUM,19.000000,False,Alpine,4443.449000,,1,,False,,False,True
2026,6,Monaco Grand Prix,FP2,4711.646000,COL,43,colapinto,alpine,132.119000,30.000000,4.000000,,,25.984000,44.422000,61.713000,4605.511000,4649.933000,4711.646000,149.000000,138.000000,131.000000,177.000000,False,MEDIUM,20.000000,False,Alpine,4579.527000,,1,,False,,False,True
2026,6,Monaco Grand Prix,FP2,4802.287000,COL,43,colapinto,alpine,,31.000000,4.000000,,4802.287000,28.816000,44.886000,,4740.650000,4785.479000,,148.000000,150.000000,,167.000000,False,MEDIUM,21.000000,False,Alpine,4711.646000,,1,,False,,False,False
2026,6,Monaco Grand Prix,FP2,905.918000,HAM,44,hamilton,ferrari,93.505000,1.000000,1.000000,813.829000,,31.088000,40.768000,21.649000,843.689000,884.490000,906.025000,161.000000,178.000000,259.000000,248.000000,False,MEDIUM,1.000000,True,Ferrari,813.829000,,1,,False,,False,False
2026,6,Monaco Grand Prix,FP2,994.396000,HAM,44,hamilton,ferrari,88.478000,2.000000,1.000000,,,20.501000,46.552000,21.425000,926.419000,972.971000,994.396000,183.000000,176.000000,261.000000,279.000000,True,MEDIUM,2.000000,True,Ferrari,905.918000,,1,,False,,False,True
2026,6,Monaco Grand Prix,FP2,1068.702000,HAM,44,hamilton,ferrari,74.306000,3.000000,1.000000,,,19.617000,34.846000,19.843000,1014.013000,1048.859000,1068.702000,208.000000,195.000000,262.000000,280.000000,True,MEDIUM,3.000000,True,Ferrari,994.396000,,1,,False,,False,True
2026,6,Monaco Grand Prix,FP2,1171.929000,HAM,44,hamilton,ferrari,103.227000,4.000000,1.000000,,,33.336000,45.531000,24.360000,1102.038000,1147.569000,1171.929000,140.000000,154.000000,256.000000,217.000000,False,MEDIUM,4.000000,True,Ferrari,1068.702000,,1,,False,,False,True
2026,6,Monaco Grand Prix,FP2,1265.804000,HAM,44,hamilton,ferrari,93.875000,5.000000,1.000000,,,19.702000,50.503000,23.670000,1191.631000,1242.134000,1265.804000,212.000000,153.000000,258.000000,216.000000,False,MEDIUM,5.000000,True,Ferrari,1171.929000,,1,,False,,False,True
2026,6,Monaco Grand Prix,FP2,1354.339000,HAM,44,hamilton,ferrari,88.535000,6.000000,1.000000,,,22.535000,41.576000,24.424000,1288.339000,1329.915000,1354.339000,154.000000,180.000000,260.000000,257.000000,False,MEDIUM,6.000000,True,Ferrari,1265.804000,,1,,False,,False,True
2026,6,Monaco Grand Prix,FP2,1428.068000,HAM,44,hamilton,ferrari,73.729000,7.000000,1.000000,,,19.394000,34.646000,19.689000,1373.733000,1408.379000,1428.068000,216.000000,196.000000,262.000000,279.000000,True,MEDIUM,7.000000,True,Ferrari,1354.339000,,1,,False,,False,True
2026,6,Monaco Grand Prix,FP2,1536.367000,HAM,44,hamilton,ferrari,108.299000,8.000000,1.000000,,,32.179000,49.345000,26.775000,1460.247000,1509.592000,1536.367000,110.000000,142.000000,185.000000,233.000000,False,MEDIUM,8.000000,True,Ferrari,1428.068000,,1,,False,,False,True
2026,6,Monaco Grand Prix,FP2,1652.148000,HAM,44,hamilton,ferrari,115.781000,9.000000,1.000000,,,31.416000,57.650000,26.715000,1567.783000,1625.433000,1652.148000,82.000000,165.000000,230.000000,154.000000,False,MEDIUM,9.000000,True,Ferrari,1536.367000,,126,,False,,False,False
2026,6,Monaco Grand Prix,FP2,1759.665000,HAM,44,hamilton,ferrari,107.517000,10.000000,1.000000,,,25.281000,55.400000,26.836000,1677.429000,1732.829000,1759.665000,165.000000,176.000000,248.000000,227.000000,False,MEDIUM,10.000000,True,Ferrari,1652.148000,,6,,False,,False,False
2026,6,Monaco Grand Prix,FP2,1863.261000,HAM,44,hamilton,ferrari,103.596000,11.000000,1.000000,,,21.859000,55.816000,25.921000,1781.524000,1837.340000,1863.261000,183.000000,180.000000,257.000000,232.000000,False,MEDIUM,11.000000,True,Ferrari,1759.665000,,671,,False,,False,False
2026,6,Monaco Grand Prix,FP2,1942.668000,HAM,44,hamilton,ferrari,79.407000,12.000000,1.000000,,,20.827000,37.721000,20.859000,1884.088000,1921.809000,1942.668000,186.000000,188.000000,264.000000,252.000000,False,MEDIUM,12.000000,True,Ferrari,1863.261000,,1,,False,,False,True
2026,6,Monaco Grand Prix,FP2,2027.899000,HAM,44,hamilton,ferrari,85.231000,13.000000,1.000000,,,19.368000,42.597000,23.266000,1962.036000,2004.633000,2027.899000,214.000000,156.000000,259.000000,220.000000,False,MEDIUM,13.000000,True,Ferrari,1942.668000,,1,,False,,False,True
2026,6,Monaco Grand Prix,FP2,2101.570000,HAM,44,hamilton,ferrari,73.671000,14.000000,1.000000,,,19.467000,34.667000,19.537000,2047.366000,2082.033000,2101.570000,215.000000,195.000000,262.000000,279.000000,True,MEDIUM,14.000000,True,Ferrari,2027.899000,,1,,False,,False,True
2026,6,Monaco Grand Prix,FP2,2202.287000,HAM,44,hamilton,ferrari,100.717000,15.000000,1.000000,,,28.491000,45.799000,26.427000,2130.061000,2175.860000,2202.287000,110.000000,150.000000,189.000000,228.000000,False,MEDIUM,15.000000,True,Ferrari,2101.570000,,1,,False,,False,True
2026,6,Monaco Grand Prix,FP2,2297.394000,HAM,44,hamilton,ferrari,95.107000,16.000000,1.000000,,,24.750000,42.808000,27.549000,2227.037000,2269.845000,2297.394000,114.000000,180.000000,250.000000,250.000000,False,MEDIUM,16.000000,True,Ferrari,2202.287000,,1,,False,,False,True
2026,6,Monaco Grand Prix,FP2,2382.516000,HAM,44,hamilton,ferrari,85.122000,17.000000,1.000000,,,21.144000,38.326000,25.652000,2318.538000,2356.864000,2382.516000,184.000000,139.000000,263.000000,255.000000,False,MEDIUM,17.000000,True,Ferrari,2297.394000,,1,,False,,False,True
2026,6,Monaco Grand Prix,FP2,2456.065000,HAM,44,hamilton,ferrari,73.549000,18.000000,1.000000,,,19.403000,34.521000,19.625000,2401.919000,2436.440000,2456.065000,215.000000,197.000000,263.000000,282.000000,True,MEDIUM,18.000000,True,Ferrari,2382.516000,,1,,False,,False,True
2026,6,Monaco Grand Prix,FP2,2743.418000,HAM,44,hamilton,ferrari,,19.000000,1.000000,,2534.832000,25.793000,37.905000,,2482.038000,2519.921000,,180.000000,170.000000,,258.000000,False,MEDIUM,19.000000,True,Ferrari,2456.065000,,1,,False,,False,False
2026,6,Monaco Grand Prix,FP2,2837.324000,HAM,44,hamilton,ferrari,93.906000,20.000000,2.000000,2744.088000,,28.493000,41.420000,23.993000,2771.911000,2813.331000,2837.324000,161.000000,177.000000,248.000000,247.000000,False,SOFT,1.000000,True,Ferrari,2743.418000,,1,,False,,False,False
2026,6,Monaco Grand Prix,FP2,2917.473000,HAM,44,hamilton,ferrari,80.149000,21.000000,2.000000,,,20.902000,38.472000,20.775000,2858.226000,2896.698000,2917.473000,198.000000,188.000000,264.000000,253.000000,False,SOFT,2.000000,True,Ferrari,2837.324000,,1,,False,,False,True
2026,6,Monaco Grand Prix,FP2,2990.499000,HAM,44,hamilton,ferrari,73.026000,22.000000,2.000000,,,19.295000,34.365000,19.366000,2936.768000,2971.133000,2990.499000,214.000000,199.000000,263.000000,280.000000,True,SOFT,3.000000,True,Ferrari,2917.473000,,1,,False,,False,True
2026,6,Monaco Grand Prix,FP2,3101.218000,HAM,44,hamilton,ferrari,110.719000,23.000000,2.000000,,,30.533000,51.593000,28.593000,3021.032000,3072.625000,3101.218000,99.000000,108.000000,187.000000,243.000000,False,SOFT,4.000000,True,Ferrari,2990.499000,,1,,False,,False,True
2026,6,Monaco Grand Prix,FP2,3190.668000,HAM,44,hamilton,ferrari,89.450000,24.000000,2.000000,,,25.686000,41.939000,21.825000,3126.904000,3168.843000,3190.668000,168.000000,181.000000,262.000000,252.000000,False,SOFT,5.000000,True,Ferrari,3101.218000,,1,,False,,False,True
2026,6,Monaco Grand Prix,FP2,3272.048000,HAM,44,hamilton,ferrari,81.380000,25.000000,2.000000,,,19.370000,40.625000,21.385000,3210.038000,3250.663000,3272.048000,214.000000,177.000000,262.000000,245.000000,False,SOFT,6.000000,True,Ferrari,3190.668000,,1,,False,,False,True
2026,6,Monaco Grand Prix,FP2,3393.926000,HAM,44,hamilton,ferrari,121.878000,26.000000,2.000000,,3351.094000,19.363000,40.268000,62.247000,3291.411000,3331.679000,3393.926000,214.000000,131.000000,,280.000000,False,SOFT,7.000000,True,Ferrari,3272.048000,,1,,False,,False,False
2026,6,Monaco Grand Prix,FP2,3489.148000,HAM,44,hamilton,ferrari,95.222000,27.000000,3.000000,3394.633000,,29.624000,41.893000,23.705000,3423.550000,3465.443000,3489.148000,156.000000,180.000000,247.000000,251.000000,False,SOFT,8.000000,False,Ferrari,3393.926000,,1,,False,,False,False
2026,6,Monaco Grand Prix,FP2,3576.021000,HAM,44,hamilton,ferrari,86.873000,28.000000,3.000000,,,21.673000,37.621000,27.579000,3510.821000,3548.442000,3576.021000,188.000000,187.000000,263.000000,254.000000,False,SOFT,9.000000,False,Ferrari,3489.148000,,1,,False,,False,True
2026,6,Monaco Grand Prix,FP2,3649.381000,HAM,44,hamilton,ferrari,73.360000,29.000000,3.000000,,,19.357000,34.570000,19.433000,3595.378000,3629.948000,3649.381000,216.000000,204.000000,262.000000,280.000000,False,SOFT,10.000000,False,Ferrari,3576.021000,,1,,False,,False,True
2026,6,Monaco Grand Prix,FP2,4016.134000,HAM,44,hamilton,ferrari,,30.000000,3.000000,,3732.975000,22.040000,44.524000,,3671.587000,3716.115000,,146.000000,161.000000,,239.000000,False,SOFT,11.000000,False,Ferrari,3649.381000,,1,,False,,False,False
2026,6,Monaco Grand Prix,FP2,4264.325000,HAM,44,hamilton,ferrari,,31.000000,4.000000,4016.134000,4105.893000,24.570000,,,4040.220000,,,182.000000,,,268.000000,False,MEDIUM,20.000000,False,Ferrari,4016.134000,,125,,False,,False,False
2026,6,Monaco Grand Prix,FP2,4358.008000,HAM,44,hamilton,ferrari,93.683000,32.000000,5.000000,4265.030000,,25.146000,38.693000,29.844000,4289.471000,4328.164000,4358.008000,176.000000,184.000000,241.000000,265.000000,False,MEDIUM,21.000000,False,Ferrari,4265.030000,,1,,False,,False,False
2026,6,Monaco Grand Prix,FP2,4435.934000,HAM,44,hamilton,ferrari,77.926000,33.000000,5.000000,,,21.013000,36.318000,20.595000,4379.021000,4415.339000,4435.934000,192.000000,186.000000,254.000000,264.000000,False,MEDIUM,22.000000,False,Ferrari,4358.008000,,1,,False,,False,True
2026,6,Monaco Grand Prix,FP2,4556.296000,HAM,44,hamilton,ferrari,120.362000,34.000000,5.000000,,,21.707000,43.593000,55.062000,4457.641000,4501.234000,4556.296000,119.000000,175.000000,6.000000,245.000000,False,MEDIUM,23.000000,False,Ferrari,4435.934000,,1,,False,,False,True
2026,6,Monaco Grand Prix,FP2,4684.984000,HAM,44,hamilton,ferrari,128.688000,35.000000,5.000000,,,23.622000,36.558000,68.508000,4579.918000,4616.476000,4684.984000,186.000000,192.000000,6.000000,265.000000,False,MEDIUM,24.000000,False,Ferrari,4556.296000,,1,,False,,False,True
2026,6,Monaco Grand Prix,FP2,4789.479000,HAM,44,hamilton,ferrari,,36.000000,5.000000,,4789.479000,52.213000,38.333000,,4737.385000,4775.585000,,157.000000,183.000000,,262.000000,False,MEDIUM,25.000000,False,Ferrari,4684.984000,,1,,False,,False,False
2026,6,Monaco Grand Prix,FP2,894.882000,BOR,5,bortoleto,audi,98.200000,1.000000,1.000000,798.093000,,30.028000,41.977000,26.195000,827.216000,868.877000,895.050000,149.000000,166.000000,262.000000,263.000000,False,MEDIUM,1.000000,True,Audi,798.093000,,1,,False,,False,False
2026,6,Monaco Grand Prix,FP2,975.535000,BOR,5,bortoleto,audi,80.653000,2.000000,1.000000,,,20.983000,37.563000,22.107000,915.865000,953.428000,975.535000,180.000000,186.000000,262.000000,282.000000,True,MEDIUM,2.000000,True,Audi,894.882000,,1,,False,,False,True
2026,6,Monaco Grand Prix,FP2,1053.400000,BOR,5,bortoleto,audi,77.865000,3.000000,1.000000,,,20.204000,35.915000,21.746000,995.739000,1031.654000,1053.400000,190.000000,184.000000,263.000000,282.000000,False,MEDIUM,3.000000,True,Audi,975.535000,,1,,True,TRACK LIMITS AT TURN 10 LAP 4 ,False,True
2026,6,Monaco Grand Prix,FP2,1150.158000,BOR,5,bortoleto,audi,96.758000,4.000000,1.000000,,,25.639000,39.838000,31.281000,1079.039000,1118.877000,1150.158000,156.000000,166.000000,258.000000,259.000000,False,MEDIUM,4.000000,True,Audi,1053.400000,,1,,True,TRACK LIMITS AT TURN 16 LAP 5 ,False,True
2026,6,Monaco Grand Prix,FP2,1245.331000,BOR,5,bortoleto,audi,95.173000,5.000000,1.000000,,,21.755000,42.017000,31.401000,1171.913000,1213.930000,1245.331000,176.000000,158.000000,251.000000,250.000000,False,MEDIUM,5.000000,True,Audi,1150.158000,,1,,False,,False,True
2026,6,Monaco Grand Prix,FP2,1325.195000,BOR,5,bortoleto,audi,79.864000,6.000000,1.000000,,,20.445000,36.279000,23.140000,1265.776000,1302.055000,1325.195000,194.000000,187.000000,262.000000,280.000000,True,MEDIUM,6.000000,True,Audi,1245.331000,,1,,False,,False,True
2026,6,Monaco Grand Prix,FP2,1401.162000,BOR,5,bortoleto,audi,75.967000,7.000000,1.000000,,,19.810000,35.871000,20.286000,1345.005000,1380.876000,1401.162000,205.000000,192.000000,263.000000,281.000000,False,MEDIUM,7.000000,True,Audi,1325.195000,,1,,True,TRACK LIMITS AT TURN 10 LAP 8 ,False,True
2026,6,Monaco Grand Prix,FP2,1507.956000,BOR,5,bortoleto,audi,106.794000,8.000000,1.000000,,,24.069000,50.080000,32.645000,1425.231000,1475.311000,1507.956000,160.000000,147.000000,254.000000,246.000000,False,MEDIUM,8.000000,True,Audi,1401.162000,,1,,False,,False,True
2026,6,Monaco Grand Prix,FP2,1630.765000,BOR,5,bortoleto,audi,122.809000,9.000000,1.000000,,1599.926000,20.442000,47.352000,55.015000,1528.398000,1575.750000,1630.765000,192.000000,84.000000,,262.000000,False,MEDIUM,9.000000,True,Audi,1507.956000,,126,,False,,False,False
2026,6,Monaco Grand Prix,FP2,1736.838000,BOR,5,bortoleto,audi,106.073000,10.000000,2.000000,1631.414000,,28.513000,50.741000,26.819000,1659.278000,1710.019000,1736.838000,146.000000,151.000000,225.000000,161.000000,False,MEDIUM,10.000000,False,Audi,1630.765000,,6,,False,,False,False
2026,6,Monaco Grand Prix,FP2,2198.946000,BOR,5,bortoleto,audi,,11.000000,2.000000,,1829.039000,25.013000,48.665000,,1762.057000,1810.651000,,159.000000,134.000000,,170.000000,False,MEDIUM,11.000000,False,Audi,1736.838000,,671,,False,,False,False
2026,6,Monaco Grand Prix,FP2,2306.415000,BOR,5,bortoleto,audi,107.469000,12.000000,3.000000,2199.701000,,32.062000,40.078000,35.329000,2231.008000,2271.086000,2306.415000,154.000000,165.000000,249.000000,268.000000,False,SOFT,1.000000,True,Audi,2198.946000,,1,,False,,False,False
2026,6,Monaco Grand Prix,FP2,2385.255000,BOR,5,bortoleto,audi,78.840000,13.000000,3.000000,,,20.884000,36.361000,21.595000,2327.299000,2363.660000,2385.255000,185.000000,191.000000,263.000000,282.000000,True,SOFT,2.000000,True,Audi,2306.415000,,1,,False,,False,True
2026,6,Monaco Grand Prix,FP2,2460.078000,BOR,5,bortoleto,audi,74.823000,14.000000,3.000000,,,19.820000,35.052000,19.951000,2405.075000,2440.127000,2460.078000,202.000000,197.000000,261.000000,282.000000,True,SOFT,3.000000,True,Audi,2385.255000,,1,,False,,False,True
2026,6,Monaco Grand Prix,FP2,2540.795000,BOR,5,bortoleto,audi,80.717000,15.000000,3.000000,,,19.722000,39.301000,21.694000,2479.800000,2519.101000,2540.795000,194.000000,178.000000,264.000000,240.000000,False,SOFT,4.000000,True,Audi,2460.078000,,1,,False,,False,True
2026,6,Monaco Grand Prix,FP2,2615.622000,BOR,5,bortoleto,audi,74.827000,16.000000,3.000000,,,19.442000,35.309000,20.076000,2560.237000,2595.546000,2615.622000,206.000000,192.000000,264.000000,282.000000,False,SOFT,5.000000,True,Audi,2540.795000,,1,,False,,False,True
2026,6,Monaco Grand Prix,FP2,2717.428000,BOR,5,bortoleto,audi,101.806000,17.000000,3.000000,,,28.203000,47.577000,26.026000,2643.825000,2691.402000,2717.428000,101.000000,115.000000,263.000000,237.000000,False,SOFT,6.000000,True,Audi,2615.622000,,1,,False,,False,True
2026,6,Monaco Grand Prix,FP2,2792.133000,BOR,5,bortoleto,audi,74.705000,18.000000,3.000000,,,19.628000,35.269000,19.808000,2737.056000,2772.325000,2792.133000,210.000000,197.000000,264.000000,280.000000,True,SOFT,7.000000,True,Audi,2717.428000,,1,,False,,False,True
2026,6,Monaco Grand Prix,FP2,2878.764000,BOR,5,bortoleto,audi,86.631000,19.000000,3.000000,,,25.915000,39.894000,20.822000,2818.048000,2857.942000,2878.764000,173.000000,182.000000,264.000000,253.000000,False,SOFT,8.000000,True,Audi,2792.133000,,1,,False,,False,True
2026,6,Monaco Grand Prix,FP2,2953.600000,BOR,5,bortoleto,audi,74.836000,20.000000,3.000000,,,19.427000,35.490000,19.919000,2898.191000,2933.681000,2953.600000,207.000000,191.000000,263.000000,281.000000,False,SOFT,9.000000,True,Audi,2878.764000,,1,,False,,False,True
2026,6,Monaco Grand Prix,FP2,3058.780000,BOR,5,bortoleto,audi,105.180000,21.000000,3.000000,,,33.055000,46.391000,25.734000,2986.655000,3033.046000,3058.780000,107.000000,132.000000,262.000000,234.000000,False,SOFT,10.000000,True,Audi,2953.600000,,1,,True,TRACK LIMITS AT TURN 10 LAP 22 ,False,True
2026,6,Monaco Grand Prix,FP2,3147.533000,BOR,5,bortoleto,audi,88.753000,22.000000,3.000000,,,19.676000,42.084000,26.993000,3078.456000,3120.540000,3147.533000,204.000000,93.000000,262.000000,209.000000,False,SOFT,11.000000,True,Audi,3058.780000,,1,,True,TRACK LIMITS AT TURN 16 LAP 23 ,False,True
2026,6,Monaco Grand Prix,FP2,3221.892000,BOR,5,bortoleto,audi,74.359000,23.000000,3.000000,,,19.579000,35.156000,19.624000,3167.112000,3202.268000,3221.892000,207.000000,193.000000,264.000000,280.000000,True,SOFT,12.000000,True,Audi,3147.533000,,1,,False,,False,True
2026,6,Monaco Grand Prix,FP2,3326.557000,BOR,5,bortoleto,audi,104.665000,24.000000,3.000000,,,25.508000,50.436000,28.721000,3247.400000,3297.836000,3326.557000,102.000000,78.000000,260.000000,253.000000,False,SOFT,13.000000,True,Audi,3221.892000,,1,,False,,False,True
2026,6,Monaco Grand Prix,FP2,3406.034000,BOR,5,bortoleto,audi,79.477000,25.000000,3.000000,,,20.238000,37.805000,21.434000,3346.795000,3384.600000,3406.034000,179.000000,188.000000,264.000000,253.000000,False,SOFT,14.000000,True,Audi,3326.557000,,1,,False,,False,True
2026,6,Monaco Grand Prix,FP2,3485.060000,BOR,5,bortoleto,audi,79.026000,26.000000,3.000000,,,19.484000,35.525000,24.017000,3425.518000,3461.043000,3485.060000,208.000000,189.000000,260.000000,281.000000,False,SOFT,15.000000,True,Audi,3406.034000,,1,,True,TRACK LIMITS AT TURN 16 LAP 27 ,False,True
2026,6,Monaco Grand Prix,FP2,3844.406000,BOR,5,bortoleto,audi,,27.000000,3.000000,,3557.412000,19.721000,35.919000,,3505.052000,3540.979000,,202.000000,163.000000,,281.000000,False,SOFT,16.000000,True,Audi,3485.060000,,1,,False,,False,False
2026,6,Monaco Grand Prix,FP2,3932.356000,BOR,5,bortoleto,audi,87.950000,28.000000,4.000000,3845.044000,,27.927000,38.707000,21.316000,3872.333000,3911.040000,3932.356000,165.000000,179.000000,253.000000,264.000000,False,MEDIUM,12.000000,False,Audi,3844.406000,,1,,False,,False,False
2026,6,Monaco Grand Prix,FP2,4010.479000,BOR,5,bortoleto,audi,78.123000,29.000000,4.000000,,,21.120000,36.489000,20.514000,3953.476000,3989.965000,4010.479000,198.000000,185.000000,255.000000,266.000000,False,MEDIUM,13.000000,False,Audi,3932.356000,,1,,True,TRACK LIMITS AT TURN 1 LAP 30 ,False,True
2026,6,Monaco Grand Prix,FP2,4255.489000,BOR,5,bortoleto,audi,,30.000000,4.000000,,4085.537000,20.085000,35.839000,,4030.717000,4066.545000,,203.000000,190.000000,,269.000000,False,MEDIUM,14.000000,False,Audi,4010.479000,,125,,False,,False,False
2026,6,Monaco Grand Prix,FP2,4346.543000,BOR,5,bortoleto,audi,91.054000,31.000000,5.000000,4256.181000,,27.791000,39.523000,23.740000,4283.280000,4322.803000,4346.543000,160.000000,148.000000,241.000000,259.000000,False,MEDIUM,15.000000,False,Audi,4256.181000,,1,,False,,False,False
2026,6,Monaco Grand Prix,FP2,4425.337000,BOR,5,bortoleto,audi,78.794000,32.000000,5.000000,,,21.238000,36.879000,20.677000,4367.781000,4404.660000,4425.337000,197.000000,184.000000,254.000000,266.000000,False,MEDIUM,16.000000,False,Audi,4346.543000,,1,,False,,False,True
2026,6,Monaco Grand Prix,FP2,4560.126000,BOR,5,bortoleto,audi,134.789000,33.000000,5.000000,,,24.583000,38.838000,71.368000,4449.920000,4488.758000,4560.126000,177.000000,176.000000,13.000000,253.000000,False,MEDIUM,17.000000,False,Audi,4425.337000,,1,,False,,False,True
2026,6,Monaco Grand Prix,FP2,4684.476000,BOR,5,bortoleto,audi,124.350000,34.000000,5.000000,,,25.353000,42.088000,56.909000,4585.479000,4627.567000,4684.476000,170.000000,153.000000,5.000000,205.000000,False,MEDIUM,18.000000,False,Audi,4560.126000,,1,,False,,False,True
2026,6,Monaco Grand Prix,FP2,4765.125000,BOR,5,bortoleto,audi,,35.000000,5.000000,,4765.125000,23.598000,40.727000,,4708.241000,4748.918000,,178.000000,158.000000,,240.000000,False,MEDIUM,19.000000,False,Audi,4684.476000,,1,,False,,False,False
2026,6,Monaco Grand Prix,FP2,985.352000,SAI,55,sainz,williams,93.080000,1.000000,1.000000,892.975000,,26.981000,41.041000,25.058000,919.472000,960.598000,985.525000,163.000000,170.000000,244.000000,262.000000,False,MEDIUM,1.000000,True,Williams,892.975000,,1,,False,,False,False
2026,6,Monaco Grand Prix,FP2,1075.070000,SAI,55,sainz,williams,89.718000,2.000000,1.000000,,,21.524000,43.480000,24.714000,1006.876000,1050.356000,1075.070000,190.000000,173.000000,250.000000,280.000000,True,MEDIUM,2.000000,True,Williams,985.352000,,1,,False,,False,True
2026,6,Monaco Grand Prix,FP2,1155.802000,SAI,55,sainz,williams,80.732000,3.000000,1.000000,,,20.891000,37.117000,22.724000,1095.961000,1133.078000,1155.802000,200.000000,181.000000,258.000000,281.000000,True,MEDIUM,3.000000,True,Williams,1075.070000,,1,,False,,False,True
2026,6,Monaco Grand Prix,FP2,1232.377000,SAI,55,sainz,williams,76.575000,4.000000,1.000000,,,20.345000,35.957000,20.273000,1176.147000,1212.104000,1232.377000,211.000000,190.000000,263.000000,281.000000,True,MEDIUM,4.000000,True,Williams,1155.802000,,1,,False,,False,True
2026,6,Monaco Grand Prix,FP2,1308.140000,SAI,55,sainz,williams,75.763000,5.000000,1.000000,,,19.773000,35.749000,20.241000,1252.150000,1287.899000,1308.140000,210.000000,195.000000,264.000000,281.000000,True,MEDIUM,5.000000,True,Williams,1232.377000,,1,,False,,False,True
2026,6,Monaco Grand Prix,FP2,1408.516000,SAI,55,sainz,williams,100.376000,6.000000,1.000000,,,30.007000,48.132000,22.237000,1338.147000,1386.279000,1408.516000,103.000000,176.000000,260.000000,243.000000,False,MEDIUM,6.000000,True,Williams,1308.140000,,1,,False,,False,True
2026,6,Monaco Grand Prix,FP2,1512.772000,SAI,55,sainz,williams,104.256000,7.000000,1.000000,,,20.872000,52.960000,30.424000,1429.388000,1482.348000,1512.772000,154.000000,176.000000,241.000000,240.000000,False,MEDIUM,7.000000,True,Williams,1408.516000,,1,,False,,False,True
2026,6,Monaco Grand Prix,FP2,1617.575000,SAI,55,sainz,williams,104.803000,8.000000,1.000000,,,21.010000,48.380000,35.413000,1533.782000,1582.162000,1617.575000,199.000000,87.000000,218.000000,277.000000,False,MEDIUM,8.000000,True,Williams,1512.772000,,126,,False,,False,False
2026,6,Monaco Grand Prix,FP2,1737.005000,SAI,55,sainz,williams,119.430000,9.000000,1.000000,,1717.882000,22.862000,56.004000,40.564000,1640.437000,1696.441000,1737.005000,173.000000,153.000000,,230.000000,False,MEDIUM,9.000000,True,Williams,1617.575000,,6,,False,,False,False
2026,6,Monaco Grand Prix,FP2,1840.765000,SAI,55,sainz,williams,103.760000,10.000000,2.000000,1737.813000,,30.741000,47.638000,25.381000,1767.746000,1815.384000,1840.765000,177.000000,170.000000,241.000000,270.000000,False,MEDIUM,10.000000,False,Williams,1737.005000,,67,,False,,False,False
2026,6,Monaco Grand Prix,FP2,1925.344000,SAI,55,sainz,williams,84.579000,11.000000,2.000000,,,21.517000,39.984000,23.078000,1862.282000,1902.266000,1925.344000,197.000000,176.000000,261.000000,276.000000,False,MEDIUM,11.000000,False,Williams,1840.765000,,71,,True,TRACK LIMITS AT TURN 10 LAP 12 ,False,False
2026,6,Monaco Grand Prix,FP2,2004.643000,SAI,55,sainz,williams,79.299000,12.000000,2.000000,,,20.475000,37.440000,21.384000,1945.819000,1983.259000,2004.643000,203.000000,181.000000,263.000000,279.000000,False,MEDIUM,12.000000,False,Williams,1925.344000,,1,,False,,False,True
2026,6,Monaco Grand Prix,FP2,2079.897000,SAI,55,sainz,williams,75.254000,13.000000,2.000000,,,19.708000,35.661000,19.885000,2024.351000,2060.012000,2079.897000,211.000000,194.000000,262.000000,282.000000,True,MEDIUM,13.000000,False,Williams,2004.643000,,1,,False,,False,True
2026,6,Monaco Grand Prix,FP2,2516.520000,SAI,55,sainz,williams,,14.000000,2.000000,,2158.578000,19.879000,42.940000,,2100.028000,2142.929000,,209.000000,158.000000,,247.000000,False,MEDIUM,14.000000,False,Williams,2079.897000,,1,,False,,False,False
2026,6,Monaco Grand Prix,FP2,2623.376000,SAI,55,sainz,williams,106.856000,15.000000,3.000000,2517.102000,,32.064000,48.759000,26.033000,2548.584000,2597.343000,2623.376000,135.000000,175.000000,258.000000,260.000000,False,SOFT,1.000000,True,Williams,2516.520000,,1,,False,,False,False
2026,6,Monaco Grand Prix,FP2,2707.487000,SAI,55,sainz,williams,84.111000,16.000000,3.000000,,,21.093000,38.908000,24.110000,2644.469000,2683.377000,2707.487000,190.000000,181.000000,260.000000,280.000000,False,SOFT,2.000000,True,Williams,2623.376000,,1,,False,,False,True
2026,6,Monaco Grand Prix,FP2,2785.097000,SAI,55,sainz,williams,77.610000,17.000000,3.000000,,,19.898000,36.425000,21.287000,2727.385000,2763.810000,2785.097000,199.000000,176.000000,262.000000,280.000000,False,SOFT,3.000000,True,Williams,2707.487000,,1,,True,TRACK LIMITS AT TURN 10 LAP 18 ,False,True
2026,6,Monaco Grand Prix,FP2,2859.609000,SAI,55,sainz,williams,74.512000,18.000000,3.000000,,,19.580000,35.228000,19.704000,2804.677000,2839.905000,2859.609000,214.000000,196.000000,264.000000,280.000000,True,SOFT,4.000000,True,Williams,2785.097000,,1,,False,,False,True
2026,6,Monaco Grand Prix,FP2,2957.454000,SAI,55,sainz,williams,97.845000,19.000000,3.000000,,,27.630000,44.347000,25.868000,2887.239000,2931.586000,2957.454000,87.000000,156.000000,243.000000,241.000000,False,SOFT,5.000000,True,Williams,2859.609000,,1,,True,TRACK LIMITS AT TURN 10 LAP 20 ,False,True
2026,6,Monaco Grand Prix,FP2,3044.598000,SAI,55,sainz,williams,87.144000,20.000000,3.000000,,,21.473000,39.215000,26.456000,2978.927000,3018.142000,3044.598000,173.000000,105.000000,259.000000,264.000000,False,SOFT,6.000000,True,Williams,2957.454000,,1,,False,,False,True
2026,6,Monaco Grand Prix,FP2,3128.684000,SAI,55,sainz,williams,84.086000,21.000000,3.000000,,,20.099000,39.634000,24.353000,3064.697000,3104.331000,3128.684000,203.000000,181.000000,256.000000,276.000000,False,SOFT,7.000000,True,Williams,3044.598000,,1,,True,TRACK LIMITS AT TURN 10 LAP 22 ,False,True
2026,6,Monaco Grand Prix,FP2,3208.545000,SAI,55,sainz,williams,79.861000,22.000000,3.000000,,,19.862000,38.571000,21.428000,3148.546000,3187.117000,3208.545000,184.000000,184.000000,261.000000,268.000000,False,SOFT,8.000000,True,Williams,3128.684000,,1,,True,TRACK LIMITS AT TURN 16 LAP 23 ,False,True
2026,6,Monaco Grand Prix,FP2,3290.749000,SAI,55,sainz,williams,82.204000,23.000000,3.000000,,,19.611000,39.389000,23.204000,3228.156000,3267.545000,3290.749000,214.000000,166.000000,264.000000,244.000000,False,SOFT,9.000000,True,Williams,3208.545000,,1,,False,,False,True
2026,6,Monaco Grand Prix,FP2,3370.419000,SAI,55,sainz,williams,79.670000,24.000000,3.000000,,,19.636000,35.460000,24.574000,3310.385000,3345.845000,3370.419000,212.000000,195.000000,210.000000,281.000000,False,SOFT,10.000000,True,Williams,3290.749000,,1,,True,TRACK LIMITS AT TURN 16 LAP 25 ,False,True
2026,6,Monaco Grand Prix,FP2,3457.857000,SAI,55,sainz,williams,87.438000,25.000000,3.000000,,,25.341000,40.862000,21.235000,3395.760000,3436.622000,3457.857000,151.000000,182.000000,264.000000,239.000000,False,SOFT,11.000000,True,Williams,3370.419000,,1,,True,TRACK LIMITS AT TURN 10 LAP 26 ,False,True
2026,6,Monaco Grand Prix,FP2,3790.496000,SAI,55,sainz,williams,,26.000000,3.000000,,3526.652000,19.713000,35.399000,,3477.652000,3513.111000,,212.000000,196.000000,,282.000000,False,SOFT,12.000000,True,Williams,3457.857000,,1,,False,,False,False
2026,6,Monaco Grand Prix,FP2,3879.870000,SAI,55,sainz,williams,89.374000,27.000000,4.000000,3791.026000,,26.176000,41.031000,22.167000,3816.672000,3857.703000,3879.870000,158.000000,181.000000,244.000000,256.000000,False,SOFT,13.000000,False,Williams,3790.496000,,1,,False,,False,False
2026,6,Monaco Grand Prix,FP2,3972.201000,SAI,55,sainz,williams,92.331000,28.000000,4.000000,,,23.570000,45.009000,23.752000,3903.440000,3948.449000,3972.201000,163.000000,169.000000,244.000000,264.000000,False,SOFT,14.000000,False,Williams,3879.870000,,1,,False,,False,True
2026,6,Monaco Grand Prix,FP2,4050.789000,SAI,55,sainz,williams,78.588000,29.000000,4.000000,,,21.017000,36.767000,20.804000,3993.218000,4029.985000,4050.789000,181.000000,183.000000,262.000000,279.000000,False,SOFT,15.000000,False,Williams,3972.201000,,1,,False,,False,True
2026,6,Monaco Grand Prix,FP2,4281.078000,SAI,55,sainz,williams,,30.000000,4.000000,,4146.433000,,,,,,,,,,,False,SOFT,16.000000,False,Williams,4050.789000,,125,,False,,False,False
2026,6,Monaco Grand Prix,FP2,4373.915000,SAI,55,sainz,williams,92.837000,31.000000,5.000000,4281.761000,,27.160000,40.153000,25.524000,4308.238000,4348.391000,4373.915000,157.000000,171.000000,239.000000,265.000000,False,SOFT,17.000000,False,Williams,4281.761000,,1,,False,,False,False
2026,6,Monaco Grand Prix,FP2,4492.898000,SAI,55,sainz,williams,118.983000,32.000000,5.000000,,,23.142000,41.326000,54.515000,4397.057000,4438.383000,4492.898000,170.000000,169.000000,4.000000,246.000000,False,SOFT,18.000000,False,Williams,4373.915000,,1,,False,,False,True
2026,6,Monaco Grand Prix,FP2,4617.326000,SAI,55,sainz,williams,124.428000,33.000000,5.000000,,,25.048000,40.377000,59.003000,4517.946000,4558.323000,4617.326000,172.000000,164.000000,3.000000,264.000000,False,SOFT,19.000000,False,Williams,4492.898000,,1,,False,,False,True
2026,6,Monaco Grand Prix,FP2,4697.109000,SAI,55,sainz,williams,,34.000000,5.000000,,4697.109000,24.294000,40.000000,,4641.783000,4681.684000,,172.000000,169.000000,,261.000000,False,SOFT,20.000000,False,Williams,4617.326000,,1,,False,,False,False
2026,6,Monaco Grand Prix,FP2,1539.778000,HAD,6,hadjar,red_bull,107.893000,1.000000,1.000000,1432.634000,,31.977000,46.334000,29.582000,1464.156000,1510.336000,1539.849000,141.000000,134.000000,202.000000,249.000000,False,MEDIUM,1.000000,True,Red Bull Racing,1432.634000,,1,,False,,False,False
2026,6,Monaco Grand Prix,FP2,1653.156000,HAD,6,hadjar,red_bull,113.378000,2.000000,1.000000,,,29.543000,57.740000,26.095000,1569.321000,1627.061000,1653.156000,79.000000,157.000000,200.000000,199.000000,True,MEDIUM,2.000000,True,Red Bull Racing,1539.778000,,126,,False,,False,False
2026,6,Monaco Grand Prix,FP2,2036.987000,HAD,6,hadjar,red_bull,,3.000000,1.000000,,1752.779000,25.842000,55.311000,,1679.137000,1734.528000,,153.000000,148.000000,,211.000000,False,MEDIUM,3.000000,True,Red Bull Racing,1653.156000,,671,,False,,False,False
2026,6,Monaco Grand Prix,FP2,2126.754000,HAD,6,hadjar,red_bull,89.767000,4.000000,2.000000,2037.673000,,27.467000,39.954000,22.346000,2064.454000,2104.408000,2126.754000,170.000000,171.000000,255.000000,258.000000,False,MEDIUM,4.000000,False,Red Bull Racing,2036.987000,,1,,False,,False,False
2026,6,Monaco Grand Prix,FP2,2207.627000,HAD,6,hadjar,red_bull,80.873000,5.000000,2.000000,,,21.441000,38.155000,21.277000,2148.195000,2186.350000,2207.627000,180.000000,177.000000,262.000000,265.000000,True,MEDIUM,5.000000,False,Red Bull Racing,2126.754000,,1,,False,,False,True
2026,6,Monaco Grand Prix,FP2,2284.452000,HAD,6,hadjar,red_bull,76.825000,6.000000,2.000000,,,20.186000,36.180000,20.459000,2227.813000,2263.993000,2284.452000,199.000000,187.000000,262.000000,280.000000,True,MEDIUM,6.000000,False,Red Bull Racing,2207.627000,,1,,False,,False,True
2026,6,Monaco Grand Prix,FP2,2360.366000,HAD,6,hadjar,red_bull,75.914000,7.000000,2.000000,,,19.972000,35.764000,20.178000,2304.424000,2340.188000,2360.366000,204.000000,189.000000,262.000000,280.000000,True,MEDIUM,7.000000,False,Red Bull Racing,2284.452000,,1,,False,,False,True
2026,6,Monaco Grand Prix,FP2,2457.502000,HAD,6,hadjar,red_bull,97.136000,8.000000,2.000000,,,23.156000,45.372000,28.608000,2383.522000,2428.894000,2457.502000,148.000000,92.000000,259.000000,235.000000,False,MEDIUM,8.000000,False,Red Bull Racing,2360.366000,,1,,False,,False,True
2026,6,Monaco Grand Prix,FP2,2533.009000,HAD,6,hadjar,red_bull,75.507000,9.000000,2.000000,,,19.945000,35.625000,19.937000,2477.447000,2513.072000,2533.009000,206.000000,191.000000,264.000000,281.000000,True,MEDIUM,9.000000,False,Red Bull Racing,2457.502000,,1,,False,,False,True
2026,6,Monaco Grand Prix,FP2,2634.418000,HAD,6,hadjar,red_bull,101.409000,10.000000,2.000000,,,22.751000,49.620000,29.038000,2555.760000,2605.380000,2634.418000,145.000000,151.000000,257.000000,255.000000,False,MEDIUM,10.000000,False,Red Bull Racing,2533.009000,,1,,False,,False,True
2026,6,Monaco Grand Prix,FP2,3110.490000,HAD,6,hadjar,red_bull,,11.000000,2.000000,,2704.080000,19.881000,35.754000,,2654.525000,2690.368000,,210.000000,190.000000,,282.000000,False,MEDIUM,11.000000,False,Red Bull Racing,2634.418000,,1,,False,,False,False
2026,6,Monaco Grand Prix,FP2,3201.117000,HAD,6,hadjar,red_bull,90.627000,12.000000,3.000000,3111.232000,,28.402000,40.321000,21.904000,3138.892000,3179.213000,3201.117000,156.000000,172.000000,255.000000,262.000000,False,SOFT,1.000000,True,Red Bull Racing,3110.490000,,1,,False,,False,False
2026,6,Monaco Grand Prix,FP2,3280.139000,HAD,6,hadjar,red_bull,79.022000,13.000000,3.000000,,,20.711000,37.237000,21.074000,3221.828000,3259.065000,3280.139000,193.000000,180.000000,263.000000,274.000000,False,SOFT,2.000000,True,Red Bull Racing,3201.117000,,1,,False,,False,True
2026,6,Monaco Grand Prix,FP2,3355.203000,HAD,6,hadjar,red_bull,75.064000,14.000000,3.000000,,,19.554000,35.604000,19.906000,3299.693000,3335.297000,3355.203000,204.000000,193.000000,263.000000,281.000000,True,SOFT,3.000000,True,Red Bull Racing,3280.139000,,1,,False,,False,True
2026,6,Monaco Grand Prix,FP2,3448.469000,HAD,6,hadjar,red_bull,93.266000,15.000000,3.000000,,,25.710000,44.347000,23.209000,3380.913000,3425.260000,3448.469000,88.000000,145.000000,259.000000,222.000000,False,SOFT,4.000000,True,Red Bull Racing,3355.203000,,1,,False,,False,True
2026,6,Monaco Grand Prix,FP2,3523.189000,HAD,6,hadjar,red_bull,74.720000,16.000000,3.000000,,,19.623000,35.312000,19.785000,3468.092000,3503.404000,3523.189000,210.000000,191.000000,262.000000,279.000000,True,SOFT,5.000000,True,Red Bull Racing,3448.469000,,1,,False,,False,True
2026,6,Monaco Grand Prix,FP2,3597.276000,HAD,6,hadjar,red_bull,74.087000,17.000000,3.000000,,,19.402000,34.997000,19.688000,3542.591000,3577.588000,3597.276000,211.000000,194.000000,262.000000,279.000000,True,SOFT,6.000000,True,Red Bull Racing,3523.189000,,1,,False,,False,True
2026,6,Monaco Grand Prix,FP2,3682.406000,HAD,6,hadjar,red_bull,85.130000,18.000000,3.000000,,,22.887000,39.487000,22.756000,3620.163000,3659.650000,3682.406000,159.000000,178.000000,261.000000,270.000000,False,SOFT,7.000000,True,Red Bull Racing,3597.276000,,1,,False,,False,True
2026,6,Monaco Grand Prix,FP2,4060.705000,HAD,6,hadjar,red_bull,,19.000000,3.000000,,3757.097000,19.482000,38.381000,,3702.098000,3740.531000,,214.000000,159.000000,,231.000000,False,SOFT,8.000000,True,Red Bull Racing,3682.406000,,1,,False,,False,False
2026,6,Monaco Grand Prix,FP2,4320.255000,HAD,6,hadjar,red_bull,,20.000000,4.000000,4060.705000,4166.246000,,,,,,,,,,,False,MEDIUM,12.000000,False,Red Bull Racing,4060.705000,,125,,False,,False,False
2026,6,Monaco Grand Prix,FP2,4405.889000,HAD,6,hadjar,red_bull,85.634000,21.000000,5.000000,4320.908000,,25.236000,38.796000,21.602000,4345.491000,4384.287000,4405.889000,170.000000,175.000000,254.000000,255.000000,False,MEDIUM,13.000000,False,Red Bull Racing,4320.908000,,1,,False,,False,False
2026,6,Monaco Grand Prix,FP2,4523.202000,HAD,6,hadjar,red_bull,117.313000,22.000000,5.000000,,,21.082000,37.060000,59.171000,4426.971000,4464.031000,4523.202000,195.000000,179.000000,101.000000,265.000000,False,MEDIUM,14.000000,False,Red Bull Racing,4405.889000,,1,,False,,False,True
2026,6,Monaco Grand Prix,FP2,4659.580000,HAD,6,hadjar,red_bull,136.378000,23.000000,5.000000,,,25.250000,39.834000,71.294000,4548.452000,4588.286000,4659.580000,165.000000,172.000000,91.000000,257.000000,False,MEDIUM,15.000000,False,Red Bull Racing,4523.202000,,1,,False,,False,True
2026,6,Monaco Grand Prix,FP2,4739.951000,HAD,6,hadjar,red_bull,,24.000000,5.000000,,4739.951000,22.212000,38.555000,,4681.906000,4720.539000,,193.000000,138.000000,,258.000000,False,MEDIUM,16.000000,False,Red Bull Racing,4659.580000,,1,,False,,False,False
2026,6,Monaco Grand Prix,FP2,863.765000,RUS,63,russell,mercedes,,1.000000,1.000000,771.119000,,,42.009000,22.345000,,841.707000,863.830000,144.000000,174.000000,254.000000,237.000000,False,MEDIUM,1.000000,True,Mercedes,771.119000,,1,,False,,False,False
2026,6,Monaco Grand Prix,FP2,945.941000,RUS,63,russell,mercedes,82.176000,2.000000,1.000000,,,21.828000,38.100000,22.248000,885.593000,923.693000,945.941000,176.000000,177.000000,261.000000,266.000000,True,MEDIUM,2.000000,True,Mercedes,863.765000,,1,,False,,False,True
2026,6,Monaco Grand Prix,FP2,1024.245000,RUS,63,russell,mercedes,78.304000,3.000000,1.000000,,,20.321000,37.099000,20.884000,966.262000,1003.361000,1024.245000,199.000000,184.000000,262.000000,257.000000,True,MEDIUM,3.000000,True,Mercedes,945.941000,,1,,False,,False,True
2026,6,Monaco Grand Prix,FP2,1099.526000,RUS,63,russell,mercedes,75.281000,4.000000,1.000000,,,19.678000,35.334000,20.269000,1043.923000,1079.257000,1099.526000,214.000000,198.000000,262.000000,280.000000,True,MEDIUM,4.000000,True,Mercedes,1024.245000,,1,,False,,False,True
2026,6,Monaco Grand Prix,FP2,1196.740000,RUS,63,russell,mercedes,97.214000,5.000000,1.000000,,,25.145000,50.571000,21.498000,1124.671000,1175.242000,1196.740000,167.000000,151.000000,262.000000,209.000000,False,MEDIUM,5.000000,True,Mercedes,1099.526000,,1,,False,,False,True
2026,6,Monaco Grand Prix,FP2,1271.318000,RUS,63,russell,mercedes,74.578000,6.000000,1.000000,,,19.665000,35.101000,19.812000,1216.405000,1251.506000,1271.318000,210.000000,198.000000,262.000000,280.000000,True,MEDIUM,6.000000,True,Mercedes,1196.740000,,1,,False,,False,True
2026,6,Monaco Grand Prix,FP2,1386.139000,RUS,63,russell,mercedes,114.821000,7.000000,1.000000,,,29.253000,54.266000,31.302000,1300.571000,1354.837000,1386.139000,142.000000,52.000000,246.000000,197.000000,False,MEDIUM,7.000000,True,Mercedes,1271.318000,,1,,False,,False,True
2026,6,Monaco Grand Prix,FP2,1482.753000,RUS,63,russell,mercedes,96.614000,8.000000,1.000000,,,22.047000,45.322000,29.245000,1408.186000,1453.508000,1482.753000,177.000000,110.000000,260.000000,184.000000,False,MEDIUM,8.000000,True,Mercedes,1386.139000,,1,,False,,False,True
2026,6,Monaco Grand Prix,FP2,1558.780000,RUS,63,russell,mercedes,76.027000,9.000000,1.000000,,,19.817000,34.889000,21.321000,1502.570000,1537.459000,1558.780000,214.000000,197.000000,224.000000,281.000000,False,MEDIUM,9.000000,True,Mercedes,1482.753000,,12,,False,,False,True
2026,6,Monaco Grand Prix,FP2,1709.273000,RUS,63,russell,mercedes,,10.000000,1.000000,,,37.542000,81.660000,31.104000,1596.516000,1678.217000,1709.273000,125.000000,62.000000,213.000000,72.000000,False,MEDIUM,10.000000,True,Mercedes,1558.780000,,26,,False,,False,False
2026,6,Monaco Grand Prix,FP2,2147.468000,RUS,63,russell,mercedes,,11.000000,1.000000,,1800.081000,26.432000,49.305000,,1735.779000,1785.104000,,155.000000,163.000000,,154.000000,False,MEDIUM,11.000000,True,Mercedes,1709.273000,,671,,False,,False,False
2026,6,Monaco Grand Prix,FP2,2231.526000,RUS,63,russell,mercedes,84.058000,12.000000,2.000000,2148.409000,,25.262000,37.780000,21.016000,2172.730000,2210.510000,2231.526000,180.000000,185.000000,255.000000,268.000000,False,SOFT,1.000000,True,Mercedes,2147.468000,,1,,False,,False,False
2026,6,Monaco Grand Prix,FP2,2311.018000,RUS,63,russell,mercedes,79.492000,13.000000,2.000000,,,21.620000,37.470000,20.402000,2253.146000,2290.616000,2311.018000,175.000000,184.000000,262.000000,261.000000,False,SOFT,2.000000,True,Mercedes,2231.526000,,1,,False,,False,True
2026,6,Monaco Grand Prix,FP2,2388.317000,RUS,63,russell,mercedes,77.299000,14.000000,2.000000,,,19.278000,34.764000,23.257000,2330.296000,2365.060000,2388.317000,210.000000,199.000000,224.000000,282.000000,False,SOFT,3.000000,True,Mercedes,2311.018000,,1,,False,,False,True
2026,6,Monaco Grand Prix,FP2,2489.383000,RUS,63,russell,mercedes,101.066000,15.000000,2.000000,,,29.643000,50.074000,21.349000,2417.960000,2468.034000,2489.383000,131.000000,149.000000,261.000000,161.000000,False,SOFT,4.000000,True,Mercedes,2388.317000,,1,,False,,False,True
2026,6,Monaco Grand Prix,FP2,2562.898000,RUS,63,russell,mercedes,73.515000,16.000000,2.000000,,,19.320000,34.614000,19.581000,2508.703000,2543.317000,2562.898000,216.000000,198.000000,262.000000,280.000000,True,SOFT,5.000000,True,Mercedes,2489.383000,,1,,False,,False,True
2026,6,Monaco Grand Prix,FP2,2671.965000,RUS,63,russell,mercedes,109.067000,17.000000,2.000000,,,32.930000,55.075000,21.062000,2595.828000,2650.903000,2671.965000,108.000000,172.000000,261.000000,182.000000,False,SOFT,6.000000,True,Mercedes,2562.898000,,1,,True,TRACK LIMITS AT TURN 10 LAP 18 ,False,True
2026,6,Monaco Grand Prix,FP2,2755.702000,RUS,63,russell,mercedes,83.737000,18.000000,2.000000,,,22.065000,41.057000,20.615000,2694.030000,2735.087000,2755.702000,181.000000,185.000000,263.000000,239.000000,False,SOFT,7.000000,True,Mercedes,2671.965000,,1,,False,,False,True
2026,6,Monaco Grand Prix,FP2,2836.166000,RUS,63,russell,mercedes,80.464000,19.000000,2.000000,,,19.343000,36.344000,24.777000,2775.045000,2811.389000,2836.166000,214.000000,178.000000,260.000000,282.000000,False,SOFT,8.000000,True,Mercedes,2755.702000,,1,,False,,False,True
2026,6,Monaco Grand Prix,FP2,2909.794000,RUS,63,russell,mercedes,73.628000,20.000000,2.000000,,,19.393000,34.593000,19.642000,2855.559000,2890.152000,2909.794000,212.000000,200.000000,263.000000,281.000000,False,SOFT,9.000000,True,Mercedes,2836.166000,,1,,False,,False,True
2026,6,Monaco Grand Prix,FP2,3015.890000,RUS,63,russell,mercedes,106.096000,21.000000,2.000000,,,28.301000,56.528000,21.267000,2938.095000,2994.623000,3015.890000,84.000000,142.000000,262.000000,119.000000,False,SOFT,10.000000,True,Mercedes,2909.794000,,1,,True,TRACK LIMITS AT TURN 1 LAP 22 ,False,True
2026,6,Monaco Grand Prix,FP2,3112.362000,RUS,63,russell,mercedes,96.472000,22.000000,2.000000,,,19.219000,47.295000,29.958000,3035.109000,3082.404000,3112.362000,216.000000,110.000000,190.000000,197.000000,False,SOFT,11.000000,True,Mercedes,3015.890000,,1,,False,,False,True
2026,6,Monaco Grand Prix,FP2,3199.757000,RUS,63,russell,mercedes,87.395000,23.000000,2.000000,,,25.820000,40.212000,21.363000,3138.182000,3178.394000,3199.757000,163.000000,176.000000,262.000000,235.000000,False,SOFT,12.000000,True,Mercedes,3112.362000,,1,,False,,False,True
2026,6,Monaco Grand Prix,FP2,3273.162000,RUS,63,russell,mercedes,73.405000,24.000000,2.000000,,,19.185000,34.596000,19.624000,3218.942000,3253.538000,3273.162000,217.000000,202.000000,264.000000,281.000000,True,SOFT,13.000000,True,Mercedes,3199.757000,,1,,False,,False,True
2026,6,Monaco Grand Prix,FP2,3657.176000,RUS,63,russell,mercedes,,25.000000,2.000000,,3354.331000,23.032000,41.106000,,3296.438000,3337.565000,,174.000000,146.000000,,242.000000,False,SOFT,14.000000,True,Mercedes,3273.162000,,1,,False,,False,False
2026,6,Monaco Grand Prix,FP2,3753.166000,RUS,63,russell,mercedes,95.990000,26.000000,3.000000,3657.844000,,26.935000,47.296000,21.759000,3684.111000,3731.407000,3753.166000,167.000000,173.000000,249.000000,242.000000,False,SOFT,15.000000,False,Mercedes,3657.176000,,1,,False,,False,False
2026,6,Monaco Grand Prix,FP2,3831.203000,RUS,63,russell,mercedes,78.037000,27.000000,3.000000,,,20.950000,36.556000,20.531000,3774.116000,3810.672000,3831.203000,187.000000,188.000000,254.000000,266.000000,False,SOFT,16.000000,False,Mercedes,3753.166000,,1,,False,,False,True
2026,6,Monaco Grand Prix,FP2,3907.477000,RUS,63,russell,mercedes,76.274000,28.000000,3.000000,,,20.216000,35.737000,20.321000,3851.419000,3887.156000,3907.477000,204.000000,191.000000,254.000000,268.000000,False,SOFT,17.000000,False,Mercedes,3831.203000,,1,,False,,False,True
2026,6,Monaco Grand Prix,FP2,3983.829000,RUS,63,russell,mercedes,76.352000,29.000000,3.000000,,,20.195000,35.829000,20.328000,3927.672000,3963.501000,3983.829000,203.000000,191.000000,256.000000,268.000000,False,SOFT,18.000000,False,Mercedes,3907.477000,,1,,False,,False,True
2026,6,Monaco Grand Prix,FP2,4069.483000,RUS,63,russell,mercedes,85.654000,30.000000,3.000000,,,20.308000,43.559000,21.787000,4004.137000,4047.696000,4069.483000,193.000000,149.000000,254.000000,268.000000,False,SOFT,19.000000,False,Mercedes,3983.829000,,12,,False,,False,True
2026,6,Monaco Grand Prix,FP2,4291.857000,RUS,63,russell,mercedes,,31.000000,3.000000,,4168.674000,,,,,,,,,,,False,SOFT,20.000000,False,Mercedes,4069.483000,,251,,False,,False,False
2026,6,Monaco Grand Prix,FP2,4383.949000,RUS,63,russell,mercedes,92.092000,32.000000,4.000000,4292.503000,,27.320000,40.828000,23.944000,4319.177000,4360.005000,4383.949000,167.000000,156.000000,239.000000,254.000000,False,MEDIUM,21.000000,False,Mercedes,4292.503000,,1,,False,,False,False
2026,6,Monaco Grand Prix,FP2,4513.273000,RUS,63,russell,mercedes,129.324000,33.000000,4.000000,,,23.671000,42.243000,63.410000,4407.620000,4449.863000,4513.273000,167.000000,139.000000,79.000000,234.000000,False,MEDIUM,22.000000,False,Mercedes,4383.949000,,1,,False,,False,True
2026,6,Monaco Grand Prix,FP2,4637.343000,RUS,63,russell,mercedes,124.070000,34.000000,4.000000,,,24.382000,41.720000,57.968000,4537.655000,4579.375000,4637.343000,126.000000,151.000000,4.000000,231.000000,False,MEDIUM,23.000000,False,Mercedes,4513.273000,,1,,False,,False,True
2026,6,Monaco Grand Prix,FP2,4716.150000,RUS,63,russell,mercedes,,35.000000,4.000000,,4716.150000,23.009000,39.077000,,4660.584000,4699.550000,,184.000000,158.000000,,240.000000,False,MEDIUM,24.000000,False,Mercedes,4637.343000,,1,,False,,False,False
2026,6,Monaco Grand Prix,FP2,961.485000,BOT,77,bottas,cadillac,108.010000,1.000000,1.000000,854.194000,,38.676000,41.187000,28.147000,892.417000,933.573000,961.597000,156.000000,166.000000,243.000000,257.000000,False,MEDIUM,1.000000,True,Cadillac,854.194000,,1,,False,,False,False
2026,6,Monaco Grand Prix,FP2,1041.319000,BOT,77,bottas,cadillac,79.834000,2.000000,1.000000,,,21.528000,37.391000,20.915000,983.013000,1020.404000,1041.319000,188.000000,182.000000,262.000000,276.000000,True,MEDIUM,2.000000,True,Cadillac,961.485000,,1,,False,,False,True
2026,6,Monaco Grand Prix,FP2,1118.993000,BOT,77,bottas,cadillac,77.674000,3.000000,1.000000,,,20.321000,36.346000,21.007000,1061.640000,1097.986000,1118.993000,202.000000,185.000000,262.000000,280.000000,False,MEDIUM,3.000000,True,Cadillac,1041.319000,,1,,True,TRACK LIMITS AT TURN 10 LAP 4 ,False,True
2026,6,Monaco Grand Prix,FP2,1211.795000,BOT,77,bottas,cadillac,92.802000,4.000000,1.000000,,,22.821000,42.668000,27.313000,1141.814000,1184.482000,1211.795000,152.000000,173.000000,255.000000,260.000000,False,MEDIUM,4.000000,True,Cadillac,1118.993000,,1,,False,,False,True
2026,6,Monaco Grand Prix,FP2,1298.278000,BOT,77,bottas,cadillac,86.483000,5.000000,1.000000,,,20.441000,40.887000,25.155000,1232.236000,1273.123000,1298.278000,201.000000,155.000000,257.000000,241.000000,False,MEDIUM,5.000000,True,Cadillac,1211.795000,,1,,False,,False,True
2026,6,Monaco Grand Prix,FP2,1375.682000,BOT,77,bottas,cadillac,77.404000,6.000000,1.000000,,,20.559000,36.217000,20.628000,1318.837000,1355.054000,1375.682000,199.000000,185.000000,262.000000,277.000000,True,MEDIUM,6.000000,True,Cadillac,1298.278000,,1,,False,,False,True
2026,6,Monaco Grand Prix,FP2,1473.357000,BOT,77,bottas,cadillac,97.675000,7.000000,1.000000,,,26.429000,46.791000,24.455000,1402.111000,1448.902000,1473.357000,93.000000,165.000000,260.000000,249.000000,False,MEDIUM,7.000000,True,Cadillac,1375.682000,,1,,False,,False,True
2026,6,Monaco Grand Prix,FP2,1550.468000,BOT,77,bottas,cadillac,77.111000,8.000000,1.000000,,,20.281000,36.120000,20.710000,1493.638000,1529.758000,1550.468000,207.000000,188.000000,262.000000,277.000000,True,MEDIUM,8.000000,True,Cadillac,1473.357000,,12,,False,,False,True
2026,6,Monaco Grand Prix,FP2,2235.180000,BOT,77,bottas,cadillac,,9.000000,1.000000,,1652.757000,28.200000,53.524000,,1578.934000,1632.372000,,120.000000,115.000000,,153.000000,False,MEDIUM,9.000000,True,Cadillac,1550.468000,,2671,,False,,False,False
2026,6,Monaco Grand Prix,FP2,2321.424000,BOT,77,bottas,cadillac,86.244000,10.000000,2.000000,2235.925000,,25.619000,39.204000,21.421000,2260.799000,2300.003000,2321.424000,175.000000,175.000000,261.000000,262.000000,False,SOFT,1.000000,True,Cadillac,2235.180000,,1,,False,,False,False
2026,6,Monaco Grand Prix,FP2,2397.311000,BOT,77,bottas,cadillac,75.887000,11.000000,2.000000,,,20.138000,35.605000,20.144000,2341.562000,2377.167000,2397.311000,207.000000,188.000000,263.000000,279.000000,True,SOFT,2.000000,True,Cadillac,2321.424000,,1,,False,,False,True
2026,6,Monaco Grand Prix,FP2,2492.353000,BOT,77,bottas,cadillac,95.042000,12.000000,2.000000,,,24.052000,47.442000,23.548000,2421.363000,2468.805000,2492.353000,156.000000,147.000000,263.000000,161.000000,False,SOFT,3.000000,True,Cadillac,2397.311000,,1,,False,,False,True
2026,6,Monaco Grand Prix,FP2,2568.396000,BOT,77,bottas,cadillac,76.043000,13.000000,2.000000,,,20.131000,35.703000,20.209000,2512.484000,2548.187000,2568.396000,207.000000,192.000000,264.000000,280.000000,False,SOFT,4.000000,True,Cadillac,2492.353000,,1,,False,,False,True
2026,6,Monaco Grand Prix,FP2,2663.946000,BOT,77,bottas,cadillac,95.550000,14.000000,2.000000,,,27.508000,45.557000,22.485000,2595.904000,2641.461000,2663.946000,152.000000,153.000000,263.000000,224.000000,False,SOFT,5.000000,True,Cadillac,2568.396000,,1,,False,,False,True
2026,6,Monaco Grand Prix,FP2,2739.705000,BOT,77,bottas,cadillac,75.759000,15.000000,2.000000,,,19.945000,35.706000,20.108000,2683.891000,2719.597000,2739.705000,204.000000,190.000000,263.000000,280.000000,True,SOFT,6.000000,True,Cadillac,2663.946000,,1,,False,,False,True
2026,6,Monaco Grand Prix,FP2,2839.517000,BOT,77,bottas,cadillac,99.812000,16.000000,2.000000,,,25.135000,47.932000,26.745000,2764.840000,2812.772000,2839.517000,88.000000,164.000000,249.000000,249.000000,False,SOFT,7.000000,True,Cadillac,2739.705000,,1,,True,TRACK LIMITS AT TURN 10 LAP 17 ,False,True
2026,6,Monaco Grand Prix,FP2,2930.983000,BOT,77,bottas,cadillac,91.466000,17.000000,2.000000,,,22.829000,45.679000,22.958000,2862.346000,2908.025000,2930.983000,107.000000,145.000000,262.000000,230.000000,False,SOFT,8.000000,True,Cadillac,2839.517000,,1,,False,,False,True
2026,6,Monaco Grand Prix,FP2,3021.787000,BOT,77,bottas,cadillac,90.804000,18.000000,2.000000,,,20.170000,44.742000,25.892000,2951.153000,2995.895000,3021.787000,209.000000,123.000000,263.000000,239.000000,False,SOFT,9.000000,True,Cadillac,2930.983000,,1,,False,,False,True
2026,6,Monaco Grand Prix,FP2,3097.834000,BOT,77,bottas,cadillac,76.047000,19.000000,2.000000,,,20.098000,35.690000,20.259000,3041.885000,3077.575000,3097.834000,209.000000,192.000000,263.000000,280.000000,False,SOFT,10.000000,True,Cadillac,3021.787000,,1,,False,,False,True
2026,6,Monaco Grand Prix,FP2,3470.100000,BOT,77,bottas,cadillac,,20.000000,2.000000,,3187.748000,30.520000,42.153000,,3128.629000,3170.917000,,152.000000,147.000000,,262.000000,False,SOFT,11.000000,True,Cadillac,3097.834000,,1,,False,,False,False
2026,6,Monaco Grand Prix,FP2,3561.452000,BOT,77,bottas,cadillac,91.352000,21.000000,3.000000,3470.853000,,27.068000,41.630000,22.654000,3497.168000,3538.798000,3561.452000,171.000000,170.000000,251.000000,256.000000,False,SOFT,12.000000,False,Cadillac,3470.100000,,1,,False,,False,False
2026,6,Monaco Grand Prix,FP2,3641.142000,BOT,77,bottas,cadillac,79.690000,22.000000,3.000000,,,21.160000,37.178000,21.352000,3582.612000,3619.790000,3641.142000,199.000000,181.000000,252.000000,266.000000,False,SOFT,13.000000,False,Cadillac,3561.452000,,1,,False,,False,True
2026,6,Monaco Grand Prix,FP2,3734.484000,BOT,77,bottas,cadillac,93.342000,23.000000,3.000000,,,21.456000,46.545000,25.341000,3662.598000,3709.143000,3734.484000,191.000000,142.000000,248.000000,262.000000,False,SOFT,14.000000,False,Cadillac,3641.142000,,1,,False,,False,True
2026,6,Monaco Grand Prix,FP2,3814.217000,BOT,77,bottas,cadillac,79.733000,24.000000,3.000000,,,21.486000,37.153000,21.094000,3755.970000,3793.123000,3814.217000,195.000000,181.000000,253.000000,266.000000,False,SOFT,15.000000,False,Cadillac,3734.484000,,1,,False,,False,True
2026,6,Monaco Grand Prix,FP2,3893.173000,BOT,77,bottas,cadillac,78.956000,25.000000,3.000000,,,20.910000,36.842000,21.204000,3835.127000,3871.969000,3893.173000,196.000000,181.000000,253.000000,267.000000,False,SOFT,16.000000,False,Cadillac,3814.217000,,1,,False,,False,True
2026,6,Monaco Grand Prix,FP2,3972.919000,BOT,77,bottas,cadillac,79.746000,26.000000,3.000000,,,21.336000,37.164000,21.246000,3914.509000,3951.673000,3972.919000,192.000000,183.000000,253.000000,268.000000,False,SOFT,17.000000,False,Cadillac,3893.173000,,1,,False,,False,True
2026,6,Monaco Grand Prix,FP2,4052.478000,BOT,77,bottas,cadillac,79.559000,27.000000,3.000000,,,21.300000,37.145000,21.114000,3994.219000,4031.364000,4052.478000,191.000000,183.000000,254.000000,268.000000,False,SOFT,18.000000,False,Cadillac,3972.919000,,1,,False,,False,True
2026,6,Monaco Grand Prix,FP2,4070.319000,BOT,77,bottas,cadillac,,28.000000,3.000000,,,,,,,,,,,,,,SOFT,19.000000,False,Cadillac,4052.478000,,12,,False,,True,False
2026,6,Monaco Grand Prix,FP2,980.384000,PIA,81,piastri,mclaren,101.635000,1.000000,1.000000,879.472000,,32.825000,45.232000,23.578000,911.797000,957.016000,980.621000,107.000000,160.000000,250.000000,232.000000,False,MEDIUM,1.000000,True,McLaren,879.472000,,1,,True,TRACK LIMITS AT TURN 10 LAP 2 ,False,False
2026,6,Monaco Grand Prix,FP2,1070.991000,PIA,81,piastri,mclaren,90.607000,2.000000,1.000000,,,21.801000,39.104000,29.702000,1002.185000,1041.289000,1070.991000,171.000000,176.000000,249.000000,271.000000,True,MEDIUM,2.000000,True,McLaren,980.384000,,1,,False,,False,True
2026,6,Monaco Grand Prix,FP2,1147.309000,PIA,81,piastri,mclaren,76.318000,3.000000,1.000000,,,20.586000,35.592000,20.140000,1091.577000,1127.169000,1147.309000,203.000000,201.000000,263.000000,278.000000,True,MEDIUM,3.000000,True,McLaren,1070.991000,,1,,False,,False,True
2026,6,Monaco Grand Prix,FP2,1251.413000,PIA,81,piastri,mclaren,104.104000,4.000000,1.000000,,,24.311000,48.180000,31.613000,1171.620000,1219.800000,1251.413000,63.000000,113.000000,253.000000,252.000000,False,MEDIUM,4.000000,True,McLaren,1147.309000,,1,,False,,False,True
2026,6,Monaco Grand Prix,FP2,1326.521000,PIA,81,piastri,mclaren,75.108000,5.000000,1.000000,,,19.928000,35.225000,19.955000,1271.341000,1306.566000,1326.521000,207.000000,201.000000,265.000000,279.000000,True,MEDIUM,5.000000,True,McLaren,1251.413000,,1,,False,,False,True
2026,6,Monaco Grand Prix,FP2,1425.902000,PIA,81,piastri,mclaren,99.381000,6.000000,1.000000,,,25.548000,48.709000,25.124000,1352.069000,1400.778000,1425.902000,132.000000,152.000000,261.000000,220.000000,False,MEDIUM,6.000000,True,McLaren,1326.521000,,1,,False,,False,True
2026,6,Monaco Grand Prix,FP2,1500.609000,PIA,81,piastri,mclaren,74.707000,7.000000,1.000000,,,19.776000,35.115000,19.816000,1445.678000,1480.793000,1500.609000,209.000000,203.000000,265.000000,281.000000,True,MEDIUM,7.000000,True,McLaren,1425.902000,,1,,False,,False,True
2026,6,Monaco Grand Prix,FP2,2181.401000,PIA,81,piastri,mclaren,,8.000000,1.000000,,1612.378000,27.689000,58.599000,,1528.657000,1587.156000,,75.000000,93.000000,,220.000000,False,MEDIUM,8.000000,True,McLaren,1500.609000,,1267,,False,,False,False
2026,6,Monaco Grand Prix,FP2,2274.838000,PIA,81,piastri,mclaren,93.437000,9.000000,2.000000,2182.184000,,29.954000,41.018000,22.465000,2211.355000,2252.373000,2274.838000,82.000000,173.000000,251.000000,271.000000,False,SOFT,1.000000,True,McLaren,2181.401000,,1,,False,,False,False
2026,6,Monaco Grand Prix,FP2,2358.520000,PIA,81,piastri,mclaren,83.682000,10.000000,2.000000,,,20.974000,41.469000,21.239000,2295.812000,2337.281000,2358.520000,178.000000,181.000000,263.000000,264.000000,False,SOFT,2.000000,True,McLaren,2274.838000,,1,,False,,False,True
2026,6,Monaco Grand Prix,FP2,2476.193000,PIA,81,piastri,mclaren,117.673000,11.000000,2.000000,,2435.664000,19.691000,41.247000,56.735000,2378.211000,2419.458000,2476.193000,209.000000,169.000000,,221.000000,False,SOFT,3.000000,True,McLaren,2358.520000,,1,,False,,False,False
2026,6,Monaco Grand Prix,FP2,2566.834000,PIA,81,piastri,mclaren,90.641000,12.000000,3.000000,2476.966000,,25.835000,39.606000,25.200000,2502.028000,2541.634000,2566.834000,168.000000,169.000000,262.000000,241.000000,False,SOFT,4.000000,False,McLaren,2476.193000,,1,,False,,False,False
2026,6,Monaco Grand Prix,FP2,2641.461000,PIA,81,piastri,mclaren,74.627000,13.000000,3.000000,,,19.735000,35.200000,19.692000,2586.569000,2621.769000,2641.461000,211.000000,200.000000,265.000000,280.000000,True,SOFT,5.000000,False,McLaren,2566.834000,,1,,False,,False,True
2026,6,Monaco Grand Prix,FP2,2737.101000,PIA,81,piastri,mclaren,95.640000,14.000000,3.000000,,,22.572000,44.869000,28.199000,2664.033000,2708.902000,2737.101000,142.000000,146.000000,254.000000,228.000000,False,SOFT,6.000000,False,McLaren,2641.461000,,1,,False,,False,True
2026,6,Monaco Grand Prix,FP2,2811.189000,PIA,81,piastri,mclaren,74.088000,15.000000,3.000000,,,19.632000,34.908000,19.548000,2756.733000,2791.641000,2811.189000,209.000000,203.000000,266.000000,281.000000,True,SOFT,7.000000,False,McLaren,2737.101000,,1,,False,,False,True
2026,6,Monaco Grand Prix,FP2,2911.487000,PIA,81,piastri,mclaren,100.298000,16.000000,3.000000,,,27.199000,45.997000,27.102000,2838.388000,2884.385000,2911.487000,70.000000,162.000000,262.000000,253.000000,False,SOFT,8.000000,False,McLaren,2811.189000,,1,,False,,False,True
2026,6,Monaco Grand Prix,FP2,2985.810000,PIA,81,piastri,mclaren,74.323000,17.000000,3.000000,,,19.522000,35.039000,19.762000,2931.009000,2966.048000,2985.810000,214.000000,201.000000,265.000000,281.000000,False,SOFT,9.000000,False,McLaren,2911.487000,,1,,False,,False,True
2026,6,Monaco Grand Prix,FP2,3082.325000,PIA,81,piastri,mclaren,96.515000,18.000000,3.000000,,,25.428000,44.999000,26.088000,3011.238000,3056.237000,3082.325000,137.000000,152.000000,260.000000,257.000000,False,SOFT,10.000000,False,McLaren,2985.810000,,1,,False,,False,True
2026,6,Monaco Grand Prix,FP2,3474.971000,PIA,81,piastri,mclaren,,19.000000,3.000000,,3155.484000,19.629000,35.328000,,3102.194000,3137.511000,,204.000000,136.000000,,282.000000,False,SOFT,11.000000,False,McLaren,3082.325000,,1,,False,,False,False
2026,6,Monaco Grand Prix,FP2,3566.139000,PIA,81,piastri,mclaren,91.168000,20.000000,4.000000,3475.595000,,27.937000,40.480000,22.751000,3502.908000,3543.388000,3566.139000,155.000000,170.000000,258.000000,263.000000,False,SOFT,12.000000,False,McLaren,3474.971000,,1,,False,,False,False
2026,6,Monaco Grand Prix,FP2,3644.991000,PIA,81,piastri,mclaren,78.852000,21.000000,4.000000,,,20.612000,37.299000,20.941000,3586.751000,3624.050000,3644.991000,192.000000,185.000000,254.000000,258.000000,False,SOFT,13.000000,False,McLaren,3566.139000,,1,,False,,False,True
2026,6,Monaco Grand Prix,FP2,3727.728000,PIA,81,piastri,mclaren,82.737000,22.000000,4.000000,,,20.848000,37.119000,24.770000,3665.839000,3702.958000,3727.728000,190.000000,141.000000,248.000000,268.000000,False,SOFT,14.000000,False,McLaren,3644.991000,,1,,False,,False,True
2026,6,Monaco Grand Prix,FP2,3805.680000,PIA,81,piastri,mclaren,77.952000,23.000000,4.000000,,,20.902000,36.437000,20.613000,3748.630000,3785.067000,3805.680000,192.000000,191.000000,253.000000,267.000000,False,SOFT,15.000000,False,McLaren,3727.728000,,1,,False,,False,True
2026,6,Monaco Grand Prix,FP2,3882.862000,PIA,81,piastri,mclaren,77.182000,24.000000,4.000000,,,20.526000,36.121000,20.535000,3826.206000,3862.327000,3882.862000,193.000000,194.000000,254.000000,266.000000,False,SOFT,16.000000,False,McLaren,3805.680000,,1,,False,,False,True
2026,6,Monaco Grand Prix,FP2,3962.668000,PIA,81,piastri,mclaren,79.806000,25.000000,4.000000,,,20.723000,38.429000,20.654000,3903.585000,3942.014000,3962.668000,172.000000,187.000000,253.000000,267.000000,False,SOFT,17.000000,False,McLaren,3882.862000,,1,,False,,False,True
2026,6,Monaco Grand Prix,FP2,4043.303000,PIA,81,piastri,mclaren,80.635000,26.000000,4.000000,,,20.617000,37.525000,22.493000,3983.285000,4020.810000,4043.303000,189.000000,145.000000,251.000000,268.000000,False,SOFT,18.000000,False,McLaren,3962.668000,,1,,False,,False,True
2026,6,Monaco Grand Prix,FP2,4284.166000,PIA,81,piastri,mclaren,,27.000000,4.000000,,4136.447000,21.735000,,,4065.244000,,,150.000000,,,,False,SOFT,19.000000,False,McLaren,4043.303000,,125,,False,,False,False
2026,6,Monaco Grand Prix,FP2,4377.014000,PIA,81,piastri,mclaren,92.848000,28.000000,5.000000,4284.840000,,27.253000,42.321000,23.274000,4311.419000,4353.740000,4377.014000,170.000000,160.000000,245.000000,259.000000,False,MEDIUM,9.000000,False,McLaren,4284.840000,,1,,False,,False,False
2026,6,Monaco Grand Prix,FP2,4510.361000,PIA,81,piastri,mclaren,133.347000,29.000000,5.000000,,,22.751000,42.956000,67.640000,4399.765000,4442.721000,4510.361000,155.000000,149.000000,3.000000,255.000000,False,MEDIUM,10.000000,False,McLaren,4377.014000,,1,,False,,False,True
2026,6,Monaco Grand Prix,FP2,4649.732000,PIA,81,piastri,mclaren,139.371000,30.000000,5.000000,,,25.411000,45.746000,68.214000,4535.772000,4581.518000,4649.732000,132.000000,141.000000,65.000000,248.000000,False,MEDIUM,11.000000,False,McLaren,4510.361000,,1,,False,,False,True
2026,6,Monaco Grand Prix,FP2,4735.151000,PIA,81,piastri,mclaren,,31.000000,5.000000,,4735.151000,25.183000,44.682000,,4675.132000,4719.752000,,149.000000,150.000000,,238.000000,False,MEDIUM,12.000000,False,McLaren,4649.732000,,1,,False,,False,False
2026,6,Monaco Grand Prix,FP2,942.477000,BEA,87,bearman,haas,102.853000,1.000000,1.000000,840.549000,,37.210000,42.375000,23.268000,877.066000,919.472000,942.607000,135.000000,169.000000,257.000000,259.000000,False,MEDIUM,2.000000,False,Haas F1 Team,840.549000,,1,,False,,False,False
2026,6,Monaco Grand Prix,FP2,1029.668000,BEA,87,bearman,haas,87.191000,2.000000,1.000000,,,22.150000,43.239000,21.802000,964.627000,1007.866000,1029.668000,169.000000,179.000000,260.000000,236.000000,True,MEDIUM,3.000000,False,Haas F1 Team,942.477000,,1,,False,,False,True
2026,6,Monaco Grand Prix,FP2,1106.300000,BEA,87,bearman,haas,76.632000,3.000000,1.000000,,,20.398000,35.997000,20.237000,1050.066000,1086.063000,1106.300000,195.000000,191.000000,261.000000,279.000000,True,MEDIUM,4.000000,False,Haas F1 Team,1029.668000,,1,,False,,False,True
2026,6,Monaco Grand Prix,FP2,1182.016000,BEA,87,bearman,haas,75.716000,4.000000,1.000000,,,20.039000,35.610000,20.067000,1126.339000,1161.949000,1182.016000,203.000000,193.000000,261.000000,279.000000,True,MEDIUM,5.000000,False,Haas F1 Team,1106.300000,,1,,False,,False,True
2026,6,Monaco Grand Prix,FP2,1306.402000,BEA,87,bearman,haas,124.386000,5.000000,1.000000,,,39.498000,55.231000,29.657000,1221.514000,1276.745000,1306.402000,93.000000,173.000000,257.000000,139.000000,False,MEDIUM,6.000000,False,Haas F1 Team,1182.016000,,1,,True,TRACK LIMITS AT TURN 16 LAP 6 ,False,True
2026,6,Monaco Grand Prix,FP2,1391.977000,BEA,87,bearman,haas,85.575000,6.000000,1.000000,,,20.123000,38.373000,27.079000,1326.525000,1364.898000,1391.977000,206.000000,158.000000,259.000000,270.000000,False,MEDIUM,7.000000,False,Haas F1 Team,1306.402000,,1,,True,TRACK LIMITS AT TURN 16 LAP 7 ,False,True
2026,6,Monaco Grand Prix,FP2,1478.270000,BEA,87,bearman,haas,86.293000,7.000000,1.000000,,,19.882000,39.450000,26.961000,1411.859000,1451.309000,1478.270000,212.000000,128.000000,260.000000,279.000000,False,MEDIUM,8.000000,False,Haas F1 Team,1391.977000,,1,,True,TRACK LIMITS AT TURN 10 LAP 8 ,False,True
2026,6,Monaco Grand Prix,FP2,1553.869000,BEA,87,bearman,haas,75.599000,8.000000,1.000000,,,19.762000,35.763000,20.074000,1498.032000,1533.795000,1553.869000,211.000000,195.000000,262.000000,280.000000,True,MEDIUM,9.000000,False,Haas F1 Team,1478.270000,,12,,False,,False,True
2026,6,Monaco Grand Prix,FP2,1707.169000,BEA,87,bearman,haas,,9.000000,1.000000,,,40.986000,82.334000,29.906000,1595.180000,1677.470000,1707.169000,89.000000,64.000000,193.000000,69.000000,False,MEDIUM,10.000000,False,Haas F1 Team,1553.869000,,26,,False,,False,False
2026,6,Monaco Grand Prix,FP2,1804.866000,BEA,87,bearman,haas,97.697000,10.000000,1.000000,,,26.297000,47.063000,24.337000,1733.466000,1780.529000,1804.866000,142.000000,153.000000,247.000000,155.000000,False,MEDIUM,11.000000,False,Haas F1 Team,1707.169000,,6,,False,,False,False
2026,6,Monaco Grand Prix,FP2,1887.029000,BEA,87,bearman,haas,82.163000,11.000000,1.000000,,,22.525000,38.352000,21.286000,1827.391000,1865.743000,1887.029000,169.000000,182.000000,254.000000,263.000000,False,MEDIUM,12.000000,False,Haas F1 Team,1804.866000,,671,,False,,False,False
2026,6,Monaco Grand Prix,FP2,1967.072000,BEA,87,bearman,haas,80.043000,12.000000,1.000000,,,20.745000,37.552000,21.746000,1907.774000,1945.326000,1967.072000,193.000000,184.000000,259.000000,263.000000,False,MEDIUM,13.000000,False,Haas F1 Team,1887.029000,,1,,False,,False,True
2026,6,Monaco Grand Prix,FP2,2042.312000,BEA,87,bearman,haas,75.240000,13.000000,1.000000,,,19.875000,35.358000,20.007000,1986.947000,2022.305000,2042.312000,207.000000,194.000000,260.000000,279.000000,True,MEDIUM,14.000000,False,Haas F1 Team,1967.072000,,1,,False,,False,True
2026,6,Monaco Grand Prix,FP2,2356.191000,BEA,87,bearman,haas,,14.000000,1.000000,,2125.719000,25.017000,38.381000,,2067.438000,2105.935000,,163.000000,183.000000,,266.000000,False,MEDIUM,15.000000,False,Haas F1 Team,2042.312000,,1,,False,,False,False
2026,6,Monaco Grand Prix,FP2,2446.710000,BEA,87,bearman,haas,90.519000,15.000000,2.000000,2356.825000,,28.254000,39.793000,22.472000,2384.445000,2424.238000,2446.710000,158.000000,177.000000,258.000000,267.000000,False,SOFT,1.000000,True,Haas F1 Team,2356.191000,,1,,False,,False,False
2026,6,Monaco Grand Prix,FP2,2527.443000,BEA,87,bearman,haas,80.733000,16.000000,2.000000,,,21.108000,38.198000,21.427000,2467.818000,2506.016000,2527.443000,196.000000,180.000000,263.000000,264.000000,False,SOFT,2.000000,True,Haas F1 Team,2446.710000,,1,,False,,False,True
2026,6,Monaco Grand Prix,FP2,2610.767000,BEA,87,bearman,haas,83.324000,17.000000,2.000000,,,19.821000,40.093000,23.410000,2547.264000,2587.357000,2610.767000,208.000000,131.000000,262.000000,280.000000,False,SOFT,3.000000,True,Haas F1 Team,2527.443000,,1,,True,TRACK LIMITS AT TURN 10 LAP 18 ,False,True
2026,6,Monaco Grand Prix,FP2,2685.322000,BEA,87,bearman,haas,74.555000,18.000000,2.000000,,,19.641000,35.126000,19.788000,2630.408000,2665.534000,2685.322000,212.000000,195.000000,262.000000,280.000000,True,SOFT,4.000000,True,Haas F1 Team,2610.767000,,1,,False,,False,True
2026,6,Monaco Grand Prix,FP2,2800.579000,BEA,87,bearman,haas,115.257000,19.000000,2.000000,,,38.401000,55.319000,21.537000,2723.723000,2779.042000,2800.579000,78.000000,172.000000,263.000000,159.000000,False,SOFT,5.000000,True,Haas F1 Team,2685.322000,,1,,True,TRACK LIMITS AT TURN 10 LAP 20 ,False,True
2026,6,Monaco Grand Prix,FP2,2883.796000,BEA,87,bearman,haas,83.217000,20.000000,2.000000,,,20.365000,41.288000,21.564000,2820.944000,2862.232000,2883.796000,138.000000,178.000000,264.000000,266.000000,False,SOFT,6.000000,True,Haas F1 Team,2800.579000,,1,,False,,False,True
2026,6,Monaco Grand Prix,FP2,2958.640000,BEA,87,bearman,haas,74.844000,21.000000,2.000000,,,19.616000,35.350000,19.878000,2903.412000,2938.762000,2958.640000,212.000000,199.000000,263.000000,281.000000,False,SOFT,7.000000,True,Haas F1 Team,2883.796000,,1,,False,,False,True
2026,6,Monaco Grand Prix,FP2,3062.972000,BEA,87,bearman,haas,104.332000,22.000000,2.000000,,,28.962000,47.608000,27.762000,2987.602000,3035.210000,3062.972000,109.000000,131.000000,263.000000,254.000000,False,SOFT,8.000000,True,Haas F1 Team,2958.640000,,1,,False,,False,True
2026,6,Monaco Grand Prix,FP2,3143.779000,BEA,87,bearman,haas,80.807000,23.000000,2.000000,,,20.850000,38.533000,21.424000,3083.822000,3122.355000,3143.779000,159.000000,180.000000,264.000000,265.000000,False,SOFT,9.000000,True,Haas F1 Team,3062.972000,,1,,False,,False,True
2026,6,Monaco Grand Prix,FP2,3218.235000,BEA,87,bearman,haas,74.456000,24.000000,2.000000,,,19.575000,35.066000,19.815000,3163.354000,3198.420000,3218.235000,216.000000,198.000000,264.000000,281.000000,True,SOFT,10.000000,True,Haas F1 Team,3143.779000,,1,,False,,False,True
2026,6,Monaco Grand Prix,FP2,3535.921000,BEA,87,bearman,haas,,25.000000,2.000000,,3301.949000,28.973000,39.233000,,3247.399000,3286.584000,,155.000000,178.000000,,263.000000,False,SOFT,11.000000,True,Haas F1 Team,3218.235000,,1,,False,,False,False
2026,6,Monaco Grand Prix,FP2,3623.464000,BEA,87,bearman,haas,87.543000,26.000000,3.000000,3536.486000,,28.733000,37.999000,20.811000,3564.654000,3602.653000,3623.464000,176.000000,181.000000,254.000000,265.000000,False,SOFT,12.000000,False,Haas F1 Team,3535.921000,,1,,False,,False,False
2026,6,Monaco Grand Prix,FP2,3700.820000,BEA,87,bearman,haas,77.356000,27.000000,3.000000,,,20.393000,36.391000,20.572000,3643.857000,3680.248000,3700.820000,205.000000,189.000000,254.000000,267.000000,False,SOFT,13.000000,False,Haas F1 Team,3623.464000,,1,,False,,False,True
2026,6,Monaco Grand Prix,FP2,3779.039000,BEA,87,bearman,haas,78.219000,28.000000,3.000000,,,20.485000,36.685000,21.049000,3721.305000,3757.990000,3779.039000,201.000000,188.000000,260.000000,269.000000,False,SOFT,14.000000,False,Haas F1 Team,3700.820000,,1,,False,,False,True
2026,6,Monaco Grand Prix,FP2,3861.395000,BEA,87,bearman,haas,82.356000,29.000000,3.000000,,,20.625000,36.722000,25.009000,3799.664000,3836.386000,3861.395000,193.000000,189.000000,252.000000,277.000000,False,SOFT,15.000000,False,Haas F1 Team,3779.039000,,1,,False,,False,True
2026,6,Monaco Grand Prix,FP2,3938.352000,BEA,87,bearman,haas,76.957000,30.000000,3.000000,,,20.331000,36.191000,20.435000,3881.726000,3917.917000,3938.352000,210.000000,191.000000,255.000000,276.000000,False,SOFT,16.000000,False,Haas F1 Team,3861.395000,,1,,False,,False,True
2026,6,Monaco Grand Prix,FP2,4015.676000,BEA,87,bearman,haas,77.324000,31.000000,3.000000,,,20.611000,36.259000,20.454000,3958.963000,3995.222000,4015.676000,203.000000,190.000000,254.000000,268.000000,False,SOFT,17.000000,False,Haas F1 Team,3938.352000,,1,,False,,False,True
2026,6,Monaco Grand Prix,FP2,4261.283000,BEA,87,bearman,haas,,32.000000,3.000000,,4103.958000,20.336000,,,4036.216000,,,202.000000,,,268.000000,False,SOFT,18.000000,False,Haas F1 Team,4015.676000,,125,,False,,False,False
2026,6,Monaco Grand Prix,FP2,4351.409000,BEA,87,bearman,haas,90.126000,33.000000,4.000000,4262.009000,,25.508000,38.243000,26.375000,4286.791000,4325.034000,4351.409000,177.000000,179.000000,257.000000,268.000000,False,MEDIUM,16.000000,False,Haas F1 Team,4262.009000,,1,,False,,False,False
2026,6,Monaco Grand Prix,FP2,4428.747000,BEA,87,bearman,haas,77.338000,34.000000,4.000000,,,20.424000,36.235000,20.679000,4371.833000,4408.068000,4428.747000,202.000000,187.000000,260.000000,279.000000,False,MEDIUM,17.000000,False,Haas F1 Team,4351.409000,,1,,False,,False,True
2026,6,Monaco Grand Prix,FP2,4561.342000,BEA,87,bearman,haas,132.595000,35.000000,4.000000,,,26.850000,47.580000,58.165000,4455.597000,4503.177000,4561.342000,147.000000,117.000000,6.000000,261.000000,False,MEDIUM,18.000000,False,Haas F1 Team,4428.747000,,1,,False,,False,True
2026,6,Monaco Grand Prix,FP2,4690.775000,BEA,87,bearman,haas,129.433000,36.000000,4.000000,,,25.755000,41.237000,62.441000,4587.097000,4628.334000,4690.775000,172.000000,154.000000,5.000000,213.000000,False,MEDIUM,19.000000,False,Haas F1 Team,4561.342000,,1,,False,,False,True
2026,6,Monaco Grand Prix,FP2,4808.598000,BEA,87,bearman,haas,,37.000000,4.000000,,4808.598000,35.881000,60.980000,,4726.843000,4787.807000,,35.000000,169.000000,,257.000000,False,MEDIUM,20.000000,False,Haas F1 Team,4690.775000,,1,,False,,False,False
