season,round,event_name,session_type,Time_s,Driver,DriverNumber,DriverId,TeamId,LapTime_s,LapNumber,Stint,PitOutTime_s,PitInTime_s,Sector1Time_s,Sector2Time_s,Sector3Time_s,Sector1SessionTime_s,Sector2SessionTime_s,Sector3SessionTime_s,SpeedI1,SpeedI2,SpeedFL,SpeedST,IsPersonalBest,Compound,TyreLife,FreshTyre,Team,LapStartTime_s,LapStartDate,TrackStatus,Position,Deleted,DeletedReason,FastF1Generated,IsAccurate
2026,6,Monaco Grand Prix,R,3410.495000,NOR,1,norris,mclaren,90.629000,1.000000,1.000000,,,,39.379000,21.696000,,3388.909000,3410.714000,151.000000,181.000000,257.000000,265.000000,False,MEDIUM,1.000000,True,McLaren,3319.645000,,12,8.000000,False,,False,False
2026,6,Monaco Grand Prix,R,3491.179000,NOR,1,norris,mclaren,80.684000,2.000000,1.000000,,,21.738000,37.534000,21.412000,3432.256000,3469.790000,3491.202000,178.000000,177.000000,258.000000,273.000000,True,MEDIUM,2.000000,True,McLaren,3410.495000,,1,8.000000,False,,False,True
2026,6,Monaco Grand Prix,R,3571.374000,NOR,1,norris,mclaren,80.195000,3.000000,1.000000,,,21.482000,37.614000,21.099000,3512.684000,3550.298000,3571.397000,177.000000,187.000000,259.000000,277.000000,True,MEDIUM,3.000000,True,McLaren,3491.179000,,1,8.000000,False,,False,True
2026,6,Monaco Grand Prix,R,3650.865000,NOR,1,norris,mclaren,79.491000,4.000000,1.000000,,,21.206000,37.169000,21.116000,3592.603000,3629.772000,3650.888000,189.000000,182.000000,259.000000,276.000000,True,MEDIUM,4.000000,True,McLaren,3571.374000,,1,8.000000,False,,False,True
2026,6,Monaco Grand Prix,R,3729.853000,NOR,1,norris,mclaren,78.988000,5.000000,1.000000,,,20.871000,36.960000,21.157000,3671.759000,3708.719000,3729.876000,184.000000,179.000000,259.000000,276.000000,True,MEDIUM,5.000000,True,McLaren,3650.865000,,1,8.000000,False,,False,True
2026,6,Monaco Grand Prix,R,3808.086000,NOR,1,norris,mclaren,78.233000,6.000000,1.000000,,,20.752000,36.693000,20.788000,3750.628000,3787.321000,3808.109000,190.000000,190.000000,259.000000,275.000000,True,MEDIUM,6.000000,True,McLaren,3729.853000,,1,8.000000,False,,False,True
2026,6,Monaco Grand Prix,R,3886.329000,NOR,1,norris,mclaren,78.243000,7.000000,1.000000,,,20.606000,36.680000,20.957000,3828.715000,3865.395000,3886.352000,191.000000,187.000000,259.000000,275.000000,False,MEDIUM,7.000000,True,McLaren,3808.086000,,1,8.000000,False,,False,True
2026,6,Monaco Grand Prix,R,3964.408000,NOR,1,norris,mclaren,78.079000,8.000000,1.000000,,,20.598000,36.576000,20.905000,3906.950000,3943.526000,3964.431000,193.000000,192.000000,261.000000,278.000000,True,MEDIUM,8.000000,True,McLaren,3886.329000,,1,8.000000,False,,False,True
2026,6,Monaco Grand Prix,R,4042.467000,NOR,1,norris,mclaren,78.059000,9.000000,1.000000,,,20.876000,36.456000,20.727000,3985.307000,4021.763000,4042.490000,183.000000,194.000000,260.000000,277.000000,True,MEDIUM,9.000000,True,McLaren,3964.408000,,1,8.000000,False,,False,True
2026,6,Monaco Grand Prix,R,4121.095000,NOR,1,norris,mclaren,78.628000,10.000000,1.000000,,,20.611000,36.654000,21.363000,4063.101000,4099.755000,4121.118000,189.000000,185.000000,259.000000,278.000000,False,MEDIUM,10.000000,True,McLaren,4042.467000,,1,8.000000,False,,False,True
2026,6,Monaco Grand Prix,R,4199.508000,NOR,1,norris,mclaren,78.413000,11.000000,1.000000,,,20.555000,36.981000,20.877000,4141.673000,4178.654000,4199.531000,196.000000,187.000000,256.000000,277.000000,False,MEDIUM,11.000000,True,McLaren,4121.095000,,1,8.000000,False,,False,True
2026,6,Monaco Grand Prix,R,4277.230000,NOR,1,norris,mclaren,77.722000,12.000000,1.000000,,,20.680000,36.379000,20.663000,4220.211000,4256.590000,4277.253000,193.000000,193.000000,260.000000,270.000000,True,MEDIUM,12.000000,True,McLaren,4199.508000,,1,8.000000,False,,False,True
2026,6,Monaco Grand Prix,R,4355.621000,NOR,1,norris,mclaren,78.391000,13.000000,1.000000,,,20.760000,36.899000,20.732000,4298.013000,4334.912000,4355.644000,184.000000,189.000000,261.000000,276.000000,False,MEDIUM,13.000000,True,McLaren,4277.230000,,1,8.000000,False,,False,True
2026,6,Monaco Grand Prix,R,4433.791000,NOR,1,norris,mclaren,78.170000,14.000000,1.000000,,,20.523000,36.851000,20.796000,4376.167000,4413.018000,4433.814000,190.000000,187.000000,262.000000,279.000000,False,MEDIUM,14.000000,True,McLaren,4355.621000,,1,8.000000,False,,False,True
2026,6,Monaco Grand Prix,R,4512.414000,NOR,1,norris,mclaren,78.623000,15.000000,1.000000,,,20.671000,37.009000,20.943000,4454.485000,4491.494000,4512.437000,189.000000,190.000000,260.000000,279.000000,False,MEDIUM,15.000000,True,McLaren,4433.791000,,1,8.000000,False,,False,True
2026,6,Monaco Grand Prix,R,4591.052000,NOR,1,norris,mclaren,78.638000,16.000000,1.000000,,,20.822000,36.824000,20.992000,4533.259000,4570.083000,4591.075000,186.000000,191.000000,260.000000,275.000000,False,MEDIUM,16.000000,True,McLaren,4512.414000,,1,8.000000,False,,False,True
2026,6,Monaco Grand Prix,R,4669.794000,NOR,1,norris,mclaren,78.742000,17.000000,1.000000,,,20.606000,37.153000,20.983000,4611.681000,4648.834000,4669.817000,185.000000,187.000000,261.000000,277.000000,False,MEDIUM,17.000000,True,McLaren,4591.052000,,1,8.000000,False,,False,True
2026,6,Monaco Grand Prix,R,4748.788000,NOR,1,norris,mclaren,78.994000,18.000000,1.000000,,,20.986000,36.999000,21.009000,4690.803000,4727.802000,4748.811000,189.000000,185.000000,262.000000,279.000000,False,MEDIUM,18.000000,True,McLaren,4669.794000,,1,8.000000,False,,False,True
2026,6,Monaco Grand Prix,R,4827.494000,NOR,1,norris,mclaren,78.706000,19.000000,1.000000,,,20.768000,36.957000,20.981000,4769.579000,4806.536000,4827.517000,188.000000,188.000000,262.000000,280.000000,False,MEDIUM,19.000000,True,McLaren,4748.788000,,1,8.000000,False,,False,True
2026,6,Monaco Grand Prix,R,4905.806000,NOR,1,norris,mclaren,78.312000,20.000000,1.000000,,,20.696000,36.744000,20.872000,4848.213000,4884.957000,4905.829000,185.000000,191.000000,261.000000,279.000000,False,MEDIUM,20.000000,True,McLaren,4827.494000,,1,8.000000,False,,False,True
2026,6,Monaco Grand Prix,R,4984.872000,NOR,1,norris,mclaren,79.066000,21.000000,1.000000,,,20.635000,36.935000,21.496000,4926.464000,4963.399000,4984.895000,187.000000,186.000000,261.000000,279.000000,False,MEDIUM,21.000000,True,McLaren,4905.806000,,1,8.000000,False,,False,True
2026,6,Monaco Grand Prix,R,5062.797000,NOR,1,norris,mclaren,77.925000,22.000000,1.000000,,,20.317000,36.612000,20.996000,5005.212000,5041.824000,5062.820000,196.000000,189.000000,261.000000,279.000000,False,MEDIUM,22.000000,True,McLaren,4984.872000,,1,8.000000,False,,False,True
2026,6,Monaco Grand Prix,R,5141.046000,NOR,1,norris,mclaren,78.249000,23.000000,1.000000,,,20.647000,36.713000,20.889000,5083.467000,5120.180000,5141.069000,195.000000,191.000000,262.000000,279.000000,False,MEDIUM,23.000000,True,McLaren,5062.797000,,1,8.000000,False,,False,True
2026,6,Monaco Grand Prix,R,5219.722000,NOR,1,norris,mclaren,78.676000,24.000000,1.000000,,,20.743000,36.994000,20.939000,5161.812000,5198.806000,5219.745000,194.000000,188.000000,261.000000,280.000000,False,MEDIUM,24.000000,True,McLaren,5141.046000,,1,8.000000,False,,False,True
2026,6,Monaco Grand Prix,R,5298.038000,NOR,1,norris,mclaren,78.316000,25.000000,1.000000,,,20.780000,36.744000,20.792000,5240.525000,5277.269000,5298.061000,191.000000,192.000000,262.000000,279.000000,False,MEDIUM,25.000000,True,McLaren,5219.722000,,1,8.000000,False,,False,True
2026,6,Monaco Grand Prix,R,5376.516000,NOR,1,norris,mclaren,78.478000,26.000000,1.000000,,,20.600000,36.848000,21.030000,5318.661000,5355.509000,5376.539000,191.000000,191.000000,261.000000,280.000000,False,MEDIUM,26.000000,True,McLaren,5298.038000,,1,8.000000,False,,False,True
2026,6,Monaco Grand Prix,R,5454.892000,NOR,1,norris,mclaren,78.376000,27.000000,1.000000,,,20.645000,36.776000,20.955000,5397.184000,5433.960000,5454.915000,189.000000,190.000000,262.000000,280.000000,False,MEDIUM,27.000000,True,McLaren,5376.516000,,1,8.000000,False,,False,True
2026,6,Monaco Grand Prix,R,5533.356000,NOR,1,norris,mclaren,78.464000,28.000000,1.000000,,,20.576000,36.746000,21.142000,5475.491000,5512.237000,5533.379000,196.000000,190.000000,263.000000,277.000000,False,MEDIUM,28.000000,True,McLaren,5454.892000,,1,8.000000,False,,False,True
2026,6,Monaco Grand Prix,R,5611.554000,NOR,1,norris,mclaren,78.198000,29.000000,1.000000,,,20.736000,36.722000,20.740000,5554.115000,5590.837000,5611.577000,196.000000,185.000000,263.000000,278.000000,False,MEDIUM,29.000000,True,McLaren,5533.356000,,1,8.000000,False,,False,True
2026,6,Monaco Grand Prix,R,5689.875000,NOR,1,norris,mclaren,78.321000,30.000000,1.000000,,,20.577000,36.833000,20.911000,5632.154000,5668.987000,5689.898000,192.000000,189.000000,260.000000,279.000000,False,MEDIUM,30.000000,True,McLaren,5611.554000,,1,8.000000,False,,False,True
2026,6,Monaco Grand Prix,R,5768.175000,NOR,1,norris,mclaren,78.300000,31.000000,1.000000,,,20.568000,36.845000,20.887000,5710.466000,5747.311000,5768.198000,197.000000,190.000000,259.000000,280.000000,False,MEDIUM,31.000000,True,McLaren,5689.875000,,1,7.000000,False,,False,True
2026,6,Monaco Grand Prix,R,5846.364000,NOR,1,norris,mclaren,78.189000,32.000000,1.000000,,,20.594000,36.761000,20.834000,5788.792000,5825.553000,5846.387000,195.000000,190.000000,259.000000,267.000000,False,MEDIUM,32.000000,True,McLaren,5768.175000,,1,6.000000,False,,False,True
2026,6,Monaco Grand Prix,R,5926.594000,NOR,1,norris,mclaren,80.230000,33.000000,1.000000,,,20.865000,38.298000,21.067000,5867.252000,5905.550000,5926.617000,177.000000,188.000000,254.000000,209.000000,False,MEDIUM,33.000000,True,McLaren,5846.364000,,1,6.000000,True,TRACK LIMITS AT TURN 16 LAP 33 ,False,True
2026,6,Monaco Grand Prix,R,6004.264000,NOR,1,norris,mclaren,77.670000,34.000000,1.000000,,,20.565000,36.469000,20.636000,5947.182000,5983.651000,6004.287000,195.000000,192.000000,249.000000,268.000000,True,MEDIUM,34.000000,True,McLaren,5926.594000,,1,6.000000,False,,False,True
2026,6,Monaco Grand Prix,R,6082.097000,NOR,1,norris,mclaren,77.833000,35.000000,1.000000,,,20.533000,36.554000,20.746000,6024.820000,6061.374000,6082.120000,197.000000,190.000000,247.000000,270.000000,False,MEDIUM,35.000000,True,McLaren,6004.264000,,1,6.000000,False,,False,True
2026,6,Monaco Grand Prix,R,6160.321000,NOR,1,norris,mclaren,78.224000,36.000000,1.000000,,,20.542000,36.866000,20.816000,6102.662000,6139.528000,6160.344000,193.000000,190.000000,261.000000,274.000000,False,MEDIUM,36.000000,True,McLaren,6082.097000,,1,6.000000,False,,False,True
2026,6,Monaco Grand Prix,R,6239.060000,NOR,1,norris,mclaren,78.739000,37.000000,1.000000,,,20.564000,37.024000,21.151000,6180.908000,6217.932000,6239.083000,192.000000,188.000000,259.000000,274.000000,False,MEDIUM,37.000000,True,McLaren,6160.321000,,1,6.000000,False,,False,True
2026,6,Monaco Grand Prix,R,6318.068000,NOR,1,norris,mclaren,79.008000,38.000000,1.000000,,,20.732000,36.970000,21.306000,6259.815000,6296.785000,6318.091000,189.000000,191.000000,257.000000,275.000000,False,MEDIUM,38.000000,True,McLaren,6239.060000,,1,6.000000,False,,False,True
2026,6,Monaco Grand Prix,R,6397.379000,NOR,1,norris,mclaren,79.311000,39.000000,1.000000,,,20.905000,37.081000,21.325000,6338.996000,6376.077000,6397.402000,186.000000,192.000000,259.000000,273.000000,False,MEDIUM,39.000000,True,McLaren,6318.068000,,1,6.000000,False,,False,True
2026,6,Monaco Grand Prix,R,6476.327000,NOR,1,norris,mclaren,78.948000,40.000000,1.000000,,,20.672000,37.148000,21.128000,6418.074000,6455.222000,6476.350000,192.000000,186.000000,260.000000,279.000000,False,MEDIUM,40.000000,True,McLaren,6397.379000,,1,6.000000,False,,False,True
2026,6,Monaco Grand Prix,R,6557.208000,NOR,1,norris,mclaren,80.881000,41.000000,1.000000,,,20.981000,38.093000,21.807000,6497.331000,6535.424000,6557.231000,178.000000,180.000000,253.000000,277.000000,False,MEDIUM,41.000000,True,McLaren,6476.327000,,1,6.000000,False,,False,True
2026,6,Monaco Grand Prix,R,6637.352000,NOR,1,norris,mclaren,80.144000,42.000000,1.000000,,,21.282000,37.697000,21.165000,6578.513000,6616.210000,6637.375000,201.000000,185.000000,255.000000,268.000000,False,MEDIUM,42.000000,True,McLaren,6557.208000,,1,6.000000,False,,False,True
2026,6,Monaco Grand Prix,R,6716.575000,NOR,1,norris,mclaren,79.223000,43.000000,1.000000,,,20.998000,37.437000,20.788000,6658.373000,6695.810000,6716.598000,204.000000,192.000000,254.000000,265.000000,False,MEDIUM,43.000000,True,McLaren,6637.352000,,1,6.000000,False,,False,True
2026,6,Monaco Grand Prix,R,6794.519000,NOR,1,norris,mclaren,,44.000000,1.000000,,6794.542000,20.617000,41.184000,,6737.292000,6778.573000,,180.000000,140.000000,,205.000000,False,MEDIUM,44.000000,True,McLaren,6716.575000,,1,6.000000,False,,False,False
2026,6,Monaco Grand Prix,R,3409.971000,GAS,10,gasly,alpine,90.105000,1.000000,1.000000,,,,39.269000,21.649000,,3388.405000,3410.120000,151.000000,178.000000,257.000000,268.000000,False,MEDIUM,1.000000,True,Alpine,3319.645000,,12,7.000000,False,,False,False
2026,6,Monaco Grand Prix,R,3490.686000,GAS,10,gasly,alpine,80.715000,2.000000,1.000000,,,21.782000,37.450000,21.483000,3431.807000,3469.257000,3490.740000,184.000000,182.000000,253.000000,279.000000,True,MEDIUM,2.000000,True,Alpine,3409.971000,,1,7.000000,False,,False,True
2026,6,Monaco Grand Prix,R,3570.759000,GAS,10,gasly,alpine,80.073000,3.000000,1.000000,,,21.429000,37.648000,20.996000,3512.169000,3549.817000,3570.813000,178.000000,185.000000,254.000000,271.000000,True,MEDIUM,3.000000,True,Alpine,3490.686000,,1,7.000000,False,,False,True
2026,6,Monaco Grand Prix,R,3649.883000,GAS,10,gasly,alpine,79.124000,4.000000,1.000000,,,21.231000,36.890000,21.003000,3592.044000,3628.934000,3649.937000,186.000000,184.000000,255.000000,271.000000,True,MEDIUM,4.000000,True,Alpine,3570.759000,,1,7.000000,False,,False,True
2026,6,Monaco Grand Prix,R,3728.975000,GAS,10,gasly,alpine,79.092000,5.000000,1.000000,,,20.995000,37.121000,20.976000,3670.932000,3708.053000,3729.029000,181.000000,188.000000,254.000000,270.000000,True,MEDIUM,5.000000,True,Alpine,3649.883000,,1,7.000000,False,,False,True
2026,6,Monaco Grand Prix,R,3807.280000,GAS,10,gasly,alpine,78.305000,6.000000,1.000000,,,20.683000,36.674000,20.948000,3749.712000,3786.386000,3807.334000,192.000000,187.000000,254.000000,270.000000,True,MEDIUM,6.000000,True,Alpine,3728.975000,,1,7.000000,False,,False,True
2026,6,Monaco Grand Prix,R,3885.860000,GAS,10,gasly,alpine,78.580000,7.000000,1.000000,,,20.895000,36.690000,20.995000,3828.229000,3864.919000,3885.914000,193.000000,182.000000,255.000000,271.000000,False,MEDIUM,7.000000,True,Alpine,3807.280000,,1,7.000000,False,,False,True
2026,6,Monaco Grand Prix,R,3963.806000,GAS,10,gasly,alpine,77.946000,8.000000,1.000000,,,20.595000,36.653000,20.698000,3906.509000,3943.162000,3963.860000,191.000000,186.000000,256.000000,271.000000,True,MEDIUM,8.000000,True,Alpine,3885.860000,,1,7.000000,False,,False,True
2026,6,Monaco Grand Prix,R,4041.936000,GAS,10,gasly,alpine,78.130000,9.000000,1.000000,,,20.431000,36.686000,21.013000,3984.291000,4020.977000,4041.990000,197.000000,185.000000,254.000000,271.000000,False,MEDIUM,9.000000,True,Alpine,3963.806000,,1,7.000000,False,,False,True
2026,6,Monaco Grand Prix,R,4119.976000,GAS,10,gasly,alpine,78.040000,10.000000,1.000000,,,20.600000,36.592000,20.848000,4062.590000,4099.182000,4120.030000,195.000000,184.000000,255.000000,271.000000,False,MEDIUM,10.000000,True,Alpine,4041.936000,,1,7.000000,False,,False,True
2026,6,Monaco Grand Prix,R,4198.380000,GAS,10,gasly,alpine,78.404000,11.000000,1.000000,,,20.819000,36.793000,20.792000,4140.849000,4177.642000,4198.434000,188.000000,185.000000,255.000000,270.000000,False,MEDIUM,11.000000,True,Alpine,4119.976000,,1,7.000000,False,,False,True
2026,6,Monaco Grand Prix,R,4276.738000,GAS,10,gasly,alpine,78.358000,12.000000,1.000000,,,20.650000,36.819000,20.889000,4219.084000,4255.903000,4276.792000,187.000000,189.000000,256.000000,271.000000,False,MEDIUM,12.000000,True,Alpine,4198.380000,,1,7.000000,False,,False,True
2026,6,Monaco Grand Prix,R,4355.071000,GAS,10,gasly,alpine,78.333000,13.000000,1.000000,,,20.480000,36.809000,21.044000,4297.272000,4334.081000,4355.125000,193.000000,186.000000,255.000000,271.000000,False,MEDIUM,13.000000,True,Alpine,4276.738000,,1,7.000000,False,,False,True
2026,6,Monaco Grand Prix,R,4433.275000,GAS,10,gasly,alpine,78.204000,14.000000,1.000000,,,20.581000,36.700000,20.923000,4375.706000,4412.406000,4433.329000,194.000000,184.000000,255.000000,271.000000,False,MEDIUM,14.000000,True,Alpine,4355.071000,,1,7.000000,False,,False,True
2026,6,Monaco Grand Prix,R,4511.367000,GAS,10,gasly,alpine,78.092000,15.000000,1.000000,,,20.563000,36.571000,20.958000,4453.892000,4490.463000,4511.421000,197.000000,186.000000,256.000000,272.000000,False,MEDIUM,15.000000,True,Alpine,4433.275000,,1,7.000000,False,,False,True
2026,6,Monaco Grand Prix,R,4590.495000,GAS,10,gasly,alpine,79.128000,16.000000,1.000000,,,20.533000,37.210000,21.385000,4531.954000,4569.164000,4590.549000,189.000000,182.000000,252.000000,271.000000,False,MEDIUM,16.000000,True,Alpine,4511.367000,,1,7.000000,False,,False,True
2026,6,Monaco Grand Prix,R,4669.277000,GAS,10,gasly,alpine,78.782000,17.000000,1.000000,,,20.656000,36.929000,21.197000,4611.205000,4648.134000,4669.331000,195.000000,185.000000,256.000000,271.000000,False,MEDIUM,17.000000,True,Alpine,4590.495000,,1,7.000000,False,,False,True
2026,6,Monaco Grand Prix,R,4748.332000,GAS,10,gasly,alpine,79.055000,18.000000,1.000000,,,20.964000,37.022000,21.069000,4690.295000,4727.317000,4748.386000,191.000000,182.000000,256.000000,271.000000,False,MEDIUM,18.000000,True,Alpine,4669.277000,,1,7.000000,False,,False,True
2026,6,Monaco Grand Prix,R,4827.019000,GAS,10,gasly,alpine,78.687000,19.000000,1.000000,,,20.752000,36.971000,20.964000,4769.138000,4806.109000,4827.073000,190.000000,184.000000,257.000000,271.000000,False,MEDIUM,19.000000,True,Alpine,4748.332000,,1,7.000000,False,,False,True
2026,6,Monaco Grand Prix,R,4905.250000,GAS,10,gasly,alpine,78.231000,20.000000,1.000000,,,20.535000,36.749000,20.947000,4847.608000,4884.357000,4905.304000,196.000000,186.000000,256.000000,271.000000,False,MEDIUM,20.000000,True,Alpine,4827.019000,,1,7.000000,False,,False,True
2026,6,Monaco Grand Prix,R,4983.636000,GAS,10,gasly,alpine,78.386000,21.000000,1.000000,,,20.553000,36.755000,21.078000,4925.857000,4962.612000,4983.690000,196.000000,184.000000,256.000000,272.000000,False,MEDIUM,21.000000,True,Alpine,4905.250000,,1,7.000000,False,,False,True
2026,6,Monaco Grand Prix,R,5062.111000,GAS,10,gasly,alpine,78.475000,22.000000,1.000000,,,20.492000,36.986000,20.997000,5004.182000,5041.168000,5062.165000,196.000000,183.000000,256.000000,272.000000,False,MEDIUM,22.000000,True,Alpine,4983.636000,,1,7.000000,False,,False,True
2026,6,Monaco Grand Prix,R,5140.572000,GAS,10,gasly,alpine,78.461000,23.000000,1.000000,,,20.566000,36.842000,21.053000,5082.731000,5119.573000,5140.626000,197.000000,188.000000,256.000000,272.000000,False,MEDIUM,23.000000,True,Alpine,5062.111000,,1,7.000000,False,,False,True
2026,6,Monaco Grand Prix,R,5219.092000,GAS,10,gasly,alpine,78.520000,24.000000,1.000000,,,20.686000,36.907000,20.927000,5161.312000,5198.219000,5219.146000,194.000000,186.000000,256.000000,271.000000,False,MEDIUM,24.000000,True,Alpine,5140.572000,,1,7.000000,False,,False,True
2026,6,Monaco Grand Prix,R,5297.478000,GAS,10,gasly,alpine,78.386000,25.000000,1.000000,,,20.533000,36.907000,20.946000,5239.679000,5276.586000,5297.532000,197.000000,186.000000,256.000000,271.000000,False,MEDIUM,25.000000,True,Alpine,5219.092000,,1,7.000000,False,,False,True
2026,6,Monaco Grand Prix,R,5375.939000,GAS,10,gasly,alpine,78.461000,26.000000,1.000000,,,20.625000,36.904000,20.932000,5318.157000,5355.061000,5375.993000,195.000000,187.000000,256.000000,272.000000,False,MEDIUM,26.000000,True,Alpine,5297.478000,,1,7.000000,False,,False,True
2026,6,Monaco Grand Prix,R,5454.460000,GAS,10,gasly,alpine,78.521000,27.000000,1.000000,,,20.522000,37.072000,20.927000,5396.515000,5433.587000,5454.514000,197.000000,188.000000,256.000000,271.000000,False,MEDIUM,27.000000,True,Alpine,5375.939000,,1,7.000000,False,,False,True
2026,6,Monaco Grand Prix,R,5533.056000,GAS,10,gasly,alpine,78.596000,28.000000,1.000000,,,20.471000,36.895000,21.230000,5474.985000,5511.880000,5533.110000,195.000000,185.000000,255.000000,272.000000,False,MEDIUM,28.000000,True,Alpine,5454.460000,,1,7.000000,False,,False,True
2026,6,Monaco Grand Prix,R,5611.112000,GAS,10,gasly,alpine,78.056000,29.000000,1.000000,,,20.508000,36.767000,20.781000,5553.618000,5590.385000,5611.166000,194.000000,187.000000,257.000000,272.000000,False,MEDIUM,29.000000,True,Alpine,5533.056000,,1,7.000000,False,,False,True
2026,6,Monaco Grand Prix,R,5689.290000,GAS,10,gasly,alpine,78.178000,30.000000,1.000000,,,20.503000,36.788000,20.887000,5631.669000,5668.457000,5689.344000,197.000000,188.000000,256.000000,271.000000,False,MEDIUM,30.000000,True,Alpine,5611.112000,,1,7.000000,False,,False,True
2026,6,Monaco Grand Prix,R,5767.650000,GAS,10,gasly,alpine,78.360000,31.000000,1.000000,,,20.548000,36.907000,20.905000,5709.892000,5746.799000,5767.704000,195.000000,186.000000,256.000000,272.000000,False,MEDIUM,31.000000,True,Alpine,5689.290000,,1,6.000000,False,,False,True
2026,6,Monaco Grand Prix,R,5845.679000,GAS,10,gasly,alpine,78.029000,32.000000,1.000000,,,20.512000,36.709000,20.808000,5788.216000,5824.925000,5845.733000,197.000000,189.000000,257.000000,272.000000,False,MEDIUM,32.000000,True,Alpine,5767.650000,,1,5.000000,False,,False,True
2026,6,Monaco Grand Prix,R,5924.486000,GAS,10,gasly,alpine,78.807000,33.000000,1.000000,,,20.663000,37.063000,21.081000,5866.396000,5903.459000,5924.540000,194.000000,184.000000,256.000000,271.000000,False,MEDIUM,33.000000,True,Alpine,5845.679000,,1,5.000000,False,,False,True
2026,6,Monaco Grand Prix,R,6003.145000,GAS,10,gasly,alpine,78.659000,34.000000,1.000000,,,20.793000,36.991000,20.875000,5945.333000,5982.324000,6003.199000,195.000000,185.000000,255.000000,271.000000,False,MEDIUM,34.000000,True,Alpine,5924.486000,,1,5.000000,False,,False,True
2026,6,Monaco Grand Prix,R,6081.477000,GAS,10,gasly,alpine,78.332000,35.000000,1.000000,,,20.572000,36.845000,20.915000,6023.771000,6060.616000,6081.531000,195.000000,188.000000,255.000000,271.000000,False,MEDIUM,35.000000,True,Alpine,6003.145000,,1,5.000000,False,,False,True
2026,6,Monaco Grand Prix,R,6159.655000,GAS,10,gasly,alpine,78.178000,36.000000,1.000000,,,20.577000,36.834000,20.767000,6102.108000,6138.942000,6159.709000,194.000000,185.000000,257.000000,272.000000,False,MEDIUM,36.000000,True,Alpine,6081.477000,,1,5.000000,False,,False,True
2026,6,Monaco Grand Prix,R,6238.604000,GAS,10,gasly,alpine,78.949000,37.000000,1.000000,,,20.681000,37.176000,21.092000,6180.390000,6217.566000,6238.658000,197.000000,187.000000,257.000000,272.000000,False,MEDIUM,37.000000,True,Alpine,6159.655000,,1,5.000000,False,,False,True
2026,6,Monaco Grand Prix,R,6317.672000,GAS,10,gasly,alpine,79.068000,38.000000,1.000000,,,20.706000,37.063000,21.299000,6259.364000,6296.427000,6317.726000,197.000000,184.000000,257.000000,272.000000,False,MEDIUM,38.000000,True,Alpine,6238.604000,,1,5.000000,False,,False,True
2026,6,Monaco Grand Prix,R,6396.899000,GAS,10,gasly,alpine,79.227000,39.000000,1.000000,,,20.758000,37.083000,21.386000,6338.484000,6375.567000,6396.953000,195.000000,185.000000,256.000000,272.000000,False,MEDIUM,39.000000,True,Alpine,6317.672000,,1,5.000000,False,,False,True
2026,6,Monaco Grand Prix,R,6475.923000,GAS,10,gasly,alpine,79.024000,40.000000,1.000000,,,20.673000,37.145000,21.206000,6417.626000,6454.771000,6475.977000,195.000000,186.000000,261.000000,271.000000,False,MEDIUM,40.000000,True,Alpine,6396.899000,,1,5.000000,False,,False,True
2026,6,Monaco Grand Prix,R,6554.857000,GAS,10,gasly,alpine,78.934000,41.000000,1.000000,,,20.722000,37.197000,21.015000,6496.699000,6533.896000,6554.911000,190.000000,186.000000,257.000000,277.000000,False,MEDIUM,41.000000,True,Alpine,6475.923000,,1,5.000000,False,,False,True
2026,6,Monaco Grand Prix,R,6633.513000,GAS,10,gasly,alpine,78.656000,42.000000,1.000000,,,20.719000,37.083000,20.854000,6575.630000,6612.713000,6633.567000,195.000000,188.000000,257.000000,270.000000,False,MEDIUM,42.000000,True,Alpine,6554.857000,,1,5.000000,False,,False,True
2026,6,Monaco Grand Prix,R,6712.422000,GAS,10,gasly,alpine,78.909000,43.000000,1.000000,,,20.639000,37.231000,21.039000,6654.206000,6691.437000,6712.476000,193.000000,187.000000,257.000000,270.000000,False,MEDIUM,43.000000,True,Alpine,6633.513000,,1,5.000000,False,,False,True
2026,6,Monaco Grand Prix,R,6791.199000,GAS,10,gasly,alpine,78.777000,44.000000,1.000000,,,20.670000,37.085000,21.022000,6733.146000,6770.231000,6791.253000,194.000000,182.000000,257.000000,271.000000,False,MEDIUM,44.000000,True,Alpine,6712.422000,,1,5.000000,False,,False,True
2026,6,Monaco Grand Prix,R,6888.388000,GAS,10,gasly,alpine,97.189000,45.000000,1.000000,,6863.524000,20.809000,37.074000,39.306000,6812.062000,6849.136000,6888.442000,194.000000,186.000000,,271.000000,False,MEDIUM,45.000000,True,Alpine,6791.199000,,1,7.000000,False,,False,False
2026,6,Monaco Grand Prix,R,6972.031000,GAS,10,gasly,alpine,83.643000,46.000000,2.000000,6889.152000,,24.394000,38.026000,21.223000,6912.836000,6950.862000,6972.085000,172.000000,182.000000,255.000000,267.000000,False,HARD,1.000000,True,Alpine,6888.388000,,1,7.000000,False,,False,False
2026,6,Monaco Grand Prix,R,7050.706000,GAS,10,gasly,alpine,78.675000,47.000000,2.000000,,,20.898000,36.914000,20.863000,6992.983000,7029.897000,7050.760000,194.000000,185.000000,255.000000,270.000000,False,HARD,2.000000,True,Alpine,6972.031000,,1,7.000000,False,,False,True
2026,6,Monaco Grand Prix,R,7128.924000,GAS,10,gasly,alpine,78.218000,48.000000,2.000000,,,20.650000,36.728000,20.840000,7071.410000,7108.138000,7128.978000,194.000000,187.000000,255.000000,273.000000,False,HARD,3.000000,True,Alpine,7050.706000,,1,7.000000,False,,False,True
2026,6,Monaco Grand Prix,R,7209.646000,GAS,10,gasly,alpine,80.722000,49.000000,2.000000,,,21.953000,37.730000,21.039000,7150.931000,7188.661000,7209.700000,132.000000,184.000000,255.000000,272.000000,False,HARD,4.000000,True,Alpine,7128.924000,,1,7.000000,False,,False,True
2026,6,Monaco Grand Prix,R,7288.571000,GAS,10,gasly,alpine,78.925000,50.000000,2.000000,,,20.469000,36.696000,21.760000,7230.169000,7266.865000,7288.625000,195.000000,187.000000,224.000000,272.000000,False,HARD,5.000000,True,Alpine,7209.646000,,1,7.000000,False,,False,True
2026,6,Monaco Grand Prix,R,7367.919000,GAS,10,gasly,alpine,79.348000,51.000000,2.000000,,,21.751000,36.847000,20.750000,7310.376000,7347.223000,7367.973000,199.000000,188.000000,257.000000,273.000000,False,HARD,6.000000,True,Alpine,7288.571000,,1,7.000000,False,,False,True
2026,6,Monaco Grand Prix,R,7445.869000,GAS,10,gasly,alpine,77.950000,52.000000,2.000000,,,20.649000,36.744000,20.557000,7388.622000,7425.366000,7445.923000,197.000000,188.000000,257.000000,273.000000,False,HARD,7.000000,True,Alpine,7367.919000,,1,7.000000,False,,False,True
2026,6,Monaco Grand Prix,R,7522.924000,GAS,10,gasly,alpine,77.055000,53.000000,2.000000,,,20.234000,36.289000,20.532000,7466.157000,7502.446000,7522.978000,199.000000,188.000000,257.000000,275.000000,True,HARD,8.000000,True,Alpine,7445.869000,,1,7.000000,False,,False,True
2026,6,Monaco Grand Prix,R,7600.211000,GAS,10,gasly,alpine,77.287000,54.000000,2.000000,,,20.267000,36.416000,20.604000,7543.245000,7579.661000,7600.265000,199.000000,190.000000,257.000000,272.000000,False,HARD,9.000000,True,Alpine,7522.924000,,1,7.000000,False,,False,True
2026,6,Monaco Grand Prix,R,7677.337000,GAS,10,gasly,alpine,77.126000,55.000000,2.000000,,,20.252000,36.258000,20.616000,7620.517000,7656.775000,7677.391000,201.000000,187.000000,256.000000,273.000000,False,HARD,10.000000,True,Alpine,7600.211000,,1,7.000000,False,,False,True
2026,6,Monaco Grand Prix,R,7754.846000,GAS,10,gasly,alpine,77.509000,56.000000,2.000000,,,20.391000,36.416000,20.702000,7697.782000,7734.198000,7754.900000,196.000000,190.000000,257.000000,274.000000,False,HARD,11.000000,True,Alpine,7677.337000,,1,7.000000,False,,False,True
2026,6,Monaco Grand Prix,R,7832.809000,GAS,10,gasly,alpine,77.963000,57.000000,2.000000,,,20.427000,36.651000,20.885000,7775.327000,7811.978000,7832.863000,199.000000,186.000000,258.000000,273.000000,False,HARD,12.000000,True,Alpine,7754.846000,,1,7.000000,False,,False,True
2026,6,Monaco Grand Prix,R,7910.421000,GAS,10,gasly,alpine,77.612000,58.000000,2.000000,,,20.615000,36.296000,20.701000,7853.478000,7889.774000,7910.475000,194.000000,189.000000,258.000000,273.000000,False,HARD,13.000000,True,Alpine,7832.809000,,1,7.000000,False,,False,True
2026,6,Monaco Grand Prix,R,8009.603000,GAS,10,gasly,alpine,99.182000,59.000000,2.000000,,,20.615000,50.237000,28.330000,,7981.327000,8009.657000,194.000000,161.000000,182.000000,115.000000,False,HARD,14.000000,True,Alpine,7910.421000,,124,6.000000,False,,False,False
2026,6,Monaco Grand Prix,R,8122.739000,GAS,10,gasly,alpine,113.136000,60.000000,2.000000,,8103.876000,27.636000,49.190000,36.310000,8037.293000,8086.483000,8122.793000,160.000000,138.000000,,224.000000,False,HARD,15.000000,True,Alpine,8009.603000,,4,6.000000,False,,False,False
2026,6,Monaco Grand Prix,R,8215.922000,GAS,10,gasly,alpine,93.183000,61.000000,3.000000,8123.580000,,27.682000,40.548000,24.953000,8150.475000,8191.023000,8215.976000,168.000000,169.000000,155.000000,240.000000,False,HARD,16.000000,False,Alpine,8122.739000,,4,6.000000,False,,False,False
2026,6,Monaco Grand Prix,R,8334.363000,GAS,10,gasly,alpine,118.441000,62.000000,3.000000,,,34.367000,51.347000,32.727000,8250.343000,8301.690000,8334.417000,118.000000,152.000000,117.000000,147.000000,False,HARD,17.000000,False,Alpine,8215.922000,,4,6.000000,False,,False,False
2026,6,Monaco Grand Prix,R,8427.322000,GAS,10,gasly,alpine,92.959000,63.000000,3.000000,,,29.641000,40.888000,22.430000,8364.058000,8404.946000,8427.376000,155.000000,176.000000,250.000000,240.000000,False,HARD,18.000000,False,Alpine,8334.363000,,4,6.000000,False,,False,False
2026,6,Monaco Grand Prix,R,8511.999000,GAS,10,gasly,alpine,84.677000,64.000000,3.000000,,,22.968000,39.465000,22.244000,8450.344000,8489.809000,8512.053000,172.000000,176.000000,251.000000,243.000000,False,HARD,19.000000,False,Alpine,8427.322000,,4,6.000000,False,,False,False
2026,6,Monaco Grand Prix,R,8593.809000,GAS,10,gasly,alpine,81.810000,65.000000,3.000000,,,22.448000,37.703000,21.659000,8534.501000,8572.204000,8593.863000,172.000000,183.000000,249.000000,270.000000,False,HARD,20.000000,False,Alpine,8511.999000,,412,5.000000,False,,False,False
2026,6,Monaco Grand Prix,R,8708.210000,GAS,10,gasly,alpine,114.401000,66.000000,3.000000,,8685.664000,23.574000,49.917000,40.910000,8617.437000,8667.354000,8708.264000,136.000000,165.000000,,191.000000,False,HARD,21.000000,False,Alpine,8593.809000,,24,5.000000,False,,False,False
2026,6,Monaco Grand Prix,R,8814.620000,GAS,10,gasly,alpine,106.410000,67.000000,4.000000,8708.960000,,27.312000,50.516000,28.582000,8735.576000,8786.092000,8814.674000,156.000000,132.000000,229.000000,231.000000,False,HARD,22.000000,False,Alpine,8708.210000,,4,5.000000,False,,False,False
2026,6,Monaco Grand Prix,R,11070.224000,GAS,10,gasly,alpine,,68.000000,4.000000,,8919.387000,23.829000,54.814000,,8838.635000,8893.416000,,112.000000,114.000000,,154.000000,False,HARD,23.000000,False,Alpine,8814.620000,,451,5.000000,False,,False,False
2026,6,Monaco Grand Prix,R,11166.746000,GAS,10,gasly,alpine,96.522000,69.000000,5.000000,11070.923000,,27.964000,40.872000,27.686000,11098.242000,11139.114000,11166.800000,149.000000,163.000000,204.000000,234.000000,False,SOFT,5.000000,False,Alpine,11070.224000,,14,5.000000,False,,False,False
2026,6,Monaco Grand Prix,R,11331.610000,GAS,10,gasly,alpine,,70.000000,5.000000,,,30.533000,49.943000,84.452000,11197.487000,11247.252000,11332.046000,84.000000,167.000000,62.000000,204.000000,False,SOFT,6.000000,False,Alpine,11166.746000,,41,5.000000,False,,False,False
2026,6,Monaco Grand Prix,R,11417.800000,GAS,10,gasly,alpine,86.190000,71.000000,5.000000,,,25.664000,39.627000,20.899000,11357.328000,11396.955000,11417.854000,155.000000,183.000000,257.000000,266.000000,False,SOFT,7.000000,False,Alpine,11331.610000,,12,4.000000,False,,False,True
2026,6,Monaco Grand Prix,R,11495.261000,GAS,10,gasly,alpine,77.461000,72.000000,5.000000,,,20.568000,36.405000,20.488000,11438.422000,11474.827000,11495.315000,204.000000,192.000000,256.000000,271.000000,False,SOFT,8.000000,False,Alpine,11417.800000,,1,3.000000,False,,False,True
2026,6,Monaco Grand Prix,R,11571.315000,GAS,10,gasly,alpine,76.054000,73.000000,5.000000,,,20.181000,35.734000,20.139000,11515.496000,11551.230000,11571.369000,206.000000,194.000000,257.000000,271.000000,True,SOFT,9.000000,False,Alpine,11495.261000,,1,3.000000,False,,False,True
2026,6,Monaco Grand Prix,R,11647.914000,GAS,10,gasly,alpine,76.599000,74.000000,5.000000,,,19.994000,35.426000,21.179000,11591.363000,11626.789000,11647.968000,205.000000,192.000000,256.000000,273.000000,False,SOFT,10.000000,False,Alpine,11571.315000,,1,3.000000,False,,False,True
2026,6,Monaco Grand Prix,R,11724.210000,GAS,10,gasly,alpine,76.296000,75.000000,5.000000,,,20.373000,35.613000,20.310000,11668.341000,11703.954000,11724.264000,202.000000,194.000000,257.000000,273.000000,False,SOFT,11.000000,False,Alpine,11647.914000,,1,3.000000,False,,False,True
2026,6,Monaco Grand Prix,R,11800.109000,GAS,10,gasly,alpine,75.899000,76.000000,5.000000,,,20.091000,35.554000,20.254000,11744.355000,11779.909000,11800.163000,208.000000,192.000000,258.000000,273.000000,True,SOFT,12.000000,False,Alpine,11724.210000,,1,3.000000,False,,False,True
2026,6,Monaco Grand Prix,R,11875.606000,GAS,10,gasly,alpine,75.497000,77.000000,5.000000,,,19.791000,35.531000,20.175000,11819.954000,11855.485000,11875.660000,205.000000,193.000000,259.000000,273.000000,True,SOFT,13.000000,False,Alpine,11800.109000,,1,3.000000,False,,False,True
2026,6,Monaco Grand Prix,R,11951.487000,GAS,10,gasly,alpine,75.881000,78.000000,5.000000,,,19.923000,35.652000,20.306000,11895.583000,11931.235000,11951.541000,202.000000,194.000000,258.000000,272.000000,False,SOFT,14.000000,False,Alpine,11875.606000,,1,3.000000,False,,False,True
2026,6,Monaco Grand Prix,R,3415.039000,PER,11,perez,cadillac,95.173000,1.000000,1.000000,,,,41.311000,21.803000,,3393.366000,3415.042000,155.000000,174.000000,259.000000,259.000000,False,SOFT,1.000000,True,Cadillac,3319.645000,,12,14.000000,False,,False,False
2026,6,Monaco Grand Prix,R,3496.543000,PER,11,perez,cadillac,81.504000,2.000000,1.000000,,,21.897000,38.022000,21.585000,3436.939000,3474.961000,3496.546000,173.000000,177.000000,255.000000,257.000000,True,SOFT,2.000000,True,Cadillac,3415.039000,,1,14.000000,False,,False,True
2026,6,Monaco Grand Prix,R,3577.022000,PER,11,perez,cadillac,80.479000,3.000000,1.000000,,,21.578000,37.710000,21.191000,3518.124000,3555.834000,3577.025000,172.000000,182.000000,259.000000,260.000000,True,SOFT,3.000000,True,Cadillac,3496.543000,,1,14.000000,False,,False,True
2026,6,Monaco Grand Prix,R,3677.088000,PER,11,perez,cadillac,100.066000,4.000000,1.000000,,3650.721000,21.416000,37.433000,41.217000,3598.441000,3635.874000,3677.091000,178.000000,180.000000,,260.000000,False,SOFT,4.000000,True,Cadillac,3577.022000,,1,16.000000,False,,False,False
2026,6,Monaco Grand Prix,R,3759.120000,PER,11,perez,cadillac,82.032000,5.000000,2.000000,3677.862000,,23.857000,37.316000,20.859000,3700.948000,3738.264000,3759.123000,183.000000,180.000000,254.000000,256.000000,False,MEDIUM,1.000000,True,Cadillac,3677.088000,,1,16.000000,False,,False,False
2026,6,Monaco Grand Prix,R,3838.644000,PER,11,perez,cadillac,79.524000,6.000000,2.000000,,,21.108000,37.669000,20.747000,3780.231000,3817.900000,3838.647000,173.000000,186.000000,254.000000,257.000000,True,MEDIUM,2.000000,True,Cadillac,3759.120000,,1,16.000000,False,,False,True
2026,6,Monaco Grand Prix,R,3916.534000,PER,11,perez,cadillac,77.890000,7.000000,2.000000,,,20.694000,36.464000,20.732000,3859.341000,3895.805000,3916.537000,192.000000,185.000000,254.000000,258.000000,True,MEDIUM,3.000000,True,Cadillac,3838.644000,,1,16.000000,False,,False,True
2026,6,Monaco Grand Prix,R,3995.228000,PER,11,perez,cadillac,78.694000,8.000000,2.000000,,,20.734000,37.034000,20.926000,3937.271000,3974.305000,3995.231000,192.000000,183.000000,253.000000,258.000000,False,MEDIUM,4.000000,True,Cadillac,3916.534000,,1,16.000000,False,,False,True
2026,6,Monaco Grand Prix,R,4086.731000,PER,11,perez,cadillac,91.503000,9.000000,2.000000,,4067.749000,20.836000,36.978000,33.689000,4016.067000,4053.045000,4086.734000,189.000000,185.000000,,258.000000,False,MEDIUM,5.000000,True,Cadillac,3995.228000,,1,18.000000,False,,False,False
2026,6,Monaco Grand Prix,R,4168.935000,PER,11,perez,cadillac,82.204000,10.000000,3.000000,4087.530000,,23.706000,37.421000,21.077000,4110.440000,4147.861000,4168.938000,187.000000,181.000000,254.000000,256.000000,False,MEDIUM,6.000000,False,Cadillac,4086.731000,,1,18.000000,False,,False,False
2026,6,Monaco Grand Prix,R,4247.671000,PER,11,perez,cadillac,78.736000,11.000000,3.000000,,,20.753000,37.037000,20.946000,4189.691000,4226.728000,4247.674000,191.000000,183.000000,245.000000,257.000000,False,MEDIUM,7.000000,False,Cadillac,4168.935000,,1,18.000000,False,,False,True
2026,6,Monaco Grand Prix,R,4329.320000,PER,11,perez,cadillac,81.649000,12.000000,3.000000,,,23.130000,37.183000,21.336000,4270.804000,4307.987000,4329.323000,176.000000,184.000000,194.000000,258.000000,False,MEDIUM,8.000000,False,Cadillac,4247.671000,,1,18.000000,False,,False,True
2026,6,Monaco Grand Prix,R,4409.543000,PER,11,perez,cadillac,80.223000,13.000000,3.000000,,,22.242000,37.047000,20.934000,4351.565000,4388.612000,4409.546000,188.000000,182.000000,254.000000,258.000000,False,MEDIUM,9.000000,False,Cadillac,4329.320000,,1,18.000000,False,,False,True
2026,6,Monaco Grand Prix,R,4488.053000,PER,11,perez,cadillac,78.510000,14.000000,3.000000,,,20.780000,36.748000,20.982000,4430.326000,4467.074000,4488.056000,190.000000,184.000000,225.000000,259.000000,False,MEDIUM,10.000000,False,Cadillac,4409.543000,,1,18.000000,False,,False,True
2026,6,Monaco Grand Prix,R,4568.864000,PER,11,perez,cadillac,80.811000,15.000000,3.000000,,,22.651000,37.177000,20.983000,4510.707000,4547.884000,4568.867000,186.000000,182.000000,254.000000,259.000000,False,MEDIUM,11.000000,False,Cadillac,4488.053000,,1,18.000000,False,,False,True
2026,6,Monaco Grand Prix,R,4647.442000,PER,11,perez,cadillac,78.578000,16.000000,3.000000,,,20.695000,36.894000,20.989000,4589.562000,4626.456000,4647.445000,194.000000,184.000000,255.000000,259.000000,False,MEDIUM,12.000000,False,Cadillac,4568.864000,,1,18.000000,False,,False,True
2026,6,Monaco Grand Prix,R,4726.571000,PER,11,perez,cadillac,79.129000,17.000000,3.000000,,,20.757000,37.371000,21.001000,4668.202000,4705.573000,4726.574000,186.000000,182.000000,250.000000,257.000000,False,MEDIUM,13.000000,False,Cadillac,4647.442000,,1,18.000000,False,,False,True
2026,6,Monaco Grand Prix,R,4805.271000,PER,11,perez,cadillac,78.700000,18.000000,3.000000,,,20.790000,37.049000,20.861000,4747.364000,4784.413000,4805.274000,188.000000,185.000000,255.000000,259.000000,False,MEDIUM,14.000000,False,Cadillac,4726.571000,,1,18.000000,False,,False,True
2026,6,Monaco Grand Prix,R,4884.178000,PER,11,perez,cadillac,78.907000,19.000000,3.000000,,,20.837000,37.062000,21.008000,4826.111000,4863.173000,4884.181000,187.000000,184.000000,255.000000,259.000000,False,MEDIUM,15.000000,False,Cadillac,4805.271000,,1,18.000000,False,,False,True
2026,6,Monaco Grand Prix,R,4963.108000,PER,11,perez,cadillac,78.930000,20.000000,3.000000,,,20.950000,36.998000,20.982000,4905.131000,4942.129000,4963.111000,190.000000,185.000000,255.000000,260.000000,False,MEDIUM,16.000000,False,Cadillac,4884.178000,,1,18.000000,False,,False,True
2026,6,Monaco Grand Prix,R,5042.199000,PER,11,perez,cadillac,79.091000,21.000000,3.000000,,,20.880000,37.140000,21.071000,4983.991000,5021.131000,5042.202000,186.000000,184.000000,260.000000,260.000000,False,MEDIUM,17.000000,False,Cadillac,4963.108000,,1,18.000000,False,,False,True
2026,6,Monaco Grand Prix,R,5122.758000,PER,11,perez,cadillac,80.559000,22.000000,3.000000,,,22.077000,37.413000,21.069000,5064.279000,5101.692000,5122.761000,189.000000,182.000000,254.000000,254.000000,False,MEDIUM,18.000000,False,Cadillac,5042.199000,,1,18.000000,False,,False,True
2026,6,Monaco Grand Prix,R,5202.258000,PER,11,perez,cadillac,79.500000,23.000000,3.000000,,,21.019000,37.377000,21.104000,5143.780000,5181.157000,5202.261000,187.000000,182.000000,254.000000,256.000000,False,MEDIUM,19.000000,False,Cadillac,5122.758000,,1,18.000000,False,,False,True
2026,6,Monaco Grand Prix,R,5281.583000,PER,11,perez,cadillac,79.325000,24.000000,3.000000,,,21.064000,37.229000,21.032000,5223.325000,5260.554000,5281.586000,189.000000,183.000000,254.000000,254.000000,False,MEDIUM,20.000000,False,Cadillac,5202.258000,,1,18.000000,False,,False,True
2026,6,Monaco Grand Prix,R,5361.121000,PER,11,perez,cadillac,79.538000,25.000000,3.000000,,,21.010000,37.417000,21.111000,5302.596000,5340.013000,5361.124000,191.000000,182.000000,255.000000,253.000000,False,MEDIUM,21.000000,False,Cadillac,5281.583000,,1,18.000000,False,,False,True
2026,6,Monaco Grand Prix,R,5439.819000,PER,11,perez,cadillac,78.698000,26.000000,3.000000,,,20.777000,37.061000,20.860000,5381.901000,5418.962000,5439.822000,190.000000,182.000000,255.000000,258.000000,False,MEDIUM,22.000000,False,Cadillac,5361.121000,,1,18.000000,False,,False,True
2026,6,Monaco Grand Prix,R,5518.589000,PER,11,perez,cadillac,78.770000,27.000000,3.000000,,,20.744000,37.091000,20.935000,5460.566000,5497.657000,5518.592000,190.000000,183.000000,255.000000,258.000000,False,MEDIUM,23.000000,False,Cadillac,5439.819000,,1,18.000000,False,,False,True
2026,6,Monaco Grand Prix,R,5597.437000,PER,11,perez,cadillac,78.848000,28.000000,3.000000,,,20.791000,37.151000,20.906000,5539.383000,5576.534000,5597.440000,187.000000,182.000000,255.000000,258.000000,False,MEDIUM,24.000000,False,Cadillac,5518.589000,,1,18.000000,False,,False,True
2026,6,Monaco Grand Prix,R,5676.309000,PER,11,perez,cadillac,78.872000,29.000000,3.000000,,,20.808000,37.099000,20.965000,5618.248000,5655.347000,5676.312000,190.000000,183.000000,255.000000,259.000000,False,MEDIUM,25.000000,False,Cadillac,5597.437000,,1,18.000000,False,,False,True
2026,6,Monaco Grand Prix,R,5755.212000,PER,11,perez,cadillac,78.903000,30.000000,3.000000,,,20.714000,37.153000,21.036000,5697.026000,5734.179000,5755.215000,188.000000,184.000000,254.000000,259.000000,False,MEDIUM,26.000000,False,Cadillac,5676.309000,,1,18.000000,False,,False,True
2026,6,Monaco Grand Prix,R,5834.550000,PER,11,perez,cadillac,79.338000,31.000000,3.000000,,,20.851000,37.357000,21.130000,5776.066000,5813.423000,5834.553000,190.000000,184.000000,256.000000,252.000000,False,MEDIUM,27.000000,False,Cadillac,5755.212000,,1,18.000000,False,,False,True
2026,6,Monaco Grand Prix,R,5914.206000,PER,11,perez,cadillac,79.656000,32.000000,3.000000,,,20.883000,37.540000,21.233000,5855.436000,5892.976000,5914.209000,192.000000,181.000000,251.000000,257.000000,False,MEDIUM,28.000000,False,Cadillac,5834.550000,,1,18.000000,False,,False,True
2026,6,Monaco Grand Prix,R,5994.123000,PER,11,perez,cadillac,79.917000,33.000000,3.000000,,,21.203000,37.523000,21.191000,5935.412000,5972.935000,5994.126000,181.000000,181.000000,255.000000,257.000000,False,MEDIUM,29.000000,False,Cadillac,5914.206000,,1,18.000000,False,,False,True
2026,6,Monaco Grand Prix,R,6074.104000,PER,11,perez,cadillac,79.981000,34.000000,3.000000,,,20.947000,37.464000,21.570000,6015.073000,6052.537000,6074.107000,190.000000,183.000000,204.000000,257.000000,False,MEDIUM,30.000000,False,Cadillac,5994.123000,,1,18.000000,False,,False,True
2026,6,Monaco Grand Prix,R,6155.580000,PER,11,perez,cadillac,81.476000,35.000000,3.000000,,,23.064000,36.890000,21.522000,6097.171000,6134.061000,6155.583000,188.000000,175.000000,255.000000,259.000000,False,MEDIUM,31.000000,False,Cadillac,6074.104000,,1,18.000000,True,TRACK LIMITS AT TURN 10 LAP 35 ,False,True
2026,6,Monaco Grand Prix,R,6235.331000,PER,11,perez,cadillac,79.751000,36.000000,3.000000,,,21.124000,37.422000,21.205000,6176.707000,6214.129000,6235.334000,190.000000,180.000000,256.000000,259.000000,False,MEDIUM,32.000000,False,Cadillac,6155.580000,,1,18.000000,False,,False,True
2026,6,Monaco Grand Prix,R,6315.130000,PER,11,perez,cadillac,79.799000,37.000000,3.000000,,,21.065000,37.443000,21.291000,6256.399000,6293.842000,6315.133000,188.000000,183.000000,254.000000,258.000000,False,MEDIUM,33.000000,False,Cadillac,6235.331000,,1,18.000000,False,,False,True
2026,6,Monaco Grand Prix,R,6394.500000,PER,11,perez,cadillac,79.370000,38.000000,3.000000,,,21.080000,37.219000,21.071000,6336.213000,6373.432000,6394.503000,189.000000,183.000000,255.000000,258.000000,False,MEDIUM,34.000000,False,Cadillac,6315.130000,,1,18.000000,False,,False,True
2026,6,Monaco Grand Prix,R,6476.187000,PER,11,perez,cadillac,81.687000,39.000000,3.000000,,,21.168000,37.781000,22.738000,6415.671000,6453.452000,6476.190000,186.000000,177.000000,205.000000,257.000000,False,MEDIUM,35.000000,False,Cadillac,6394.500000,,1,18.000000,False,,False,True
2026,6,Monaco Grand Prix,R,6558.517000,PER,11,perez,cadillac,82.330000,40.000000,3.000000,,,22.881000,38.076000,21.373000,6499.071000,6537.147000,6558.520000,173.000000,181.000000,254.000000,258.000000,False,MEDIUM,36.000000,False,Cadillac,6476.187000,,1,18.000000,False,,False,True
2026,6,Monaco Grand Prix,R,6639.356000,PER,11,perez,cadillac,80.839000,41.000000,3.000000,,,21.447000,37.701000,21.691000,6579.967000,6617.668000,6639.359000,182.000000,180.000000,251.000000,259.000000,False,MEDIUM,37.000000,False,Cadillac,6558.517000,,1,18.000000,False,,False,True
2026,6,Monaco Grand Prix,R,6721.450000,PER,11,perez,cadillac,82.094000,42.000000,3.000000,,,21.185000,39.572000,21.337000,6660.544000,6700.116000,6721.453000,180.000000,183.000000,254.000000,268.000000,False,MEDIUM,38.000000,False,Cadillac,6639.356000,,1,18.000000,False,,False,True
2026,6,Monaco Grand Prix,R,6802.489000,PER,11,perez,cadillac,81.039000,43.000000,3.000000,,,21.748000,37.731000,21.560000,6743.201000,6780.932000,6802.492000,189.000000,183.000000,255.000000,269.000000,False,MEDIUM,39.000000,False,Cadillac,6721.450000,,1,18.000000,False,,False,True
2026,6,Monaco Grand Prix,R,6883.706000,PER,11,perez,cadillac,81.217000,44.000000,3.000000,,,21.955000,38.015000,21.247000,6824.447000,6862.462000,6883.709000,155.000000,182.000000,255.000000,270.000000,False,MEDIUM,40.000000,False,Cadillac,6802.489000,,1,18.000000,False,,False,True
2026,6,Monaco Grand Prix,R,6963.273000,PER,11,perez,cadillac,79.567000,45.000000,3.000000,,,21.139000,37.280000,21.148000,6904.848000,6942.128000,6963.276000,190.000000,183.000000,255.000000,269.000000,False,MEDIUM,41.000000,False,Cadillac,6883.706000,,1,17.000000,False,,False,True
2026,6,Monaco Grand Prix,R,7042.428000,PER,11,perez,cadillac,79.155000,46.000000,3.000000,,,20.727000,37.216000,21.212000,6984.003000,7021.219000,7042.431000,194.000000,184.000000,255.000000,268.000000,False,MEDIUM,42.000000,False,Cadillac,6963.273000,,1,17.000000,False,,False,True
2026,6,Monaco Grand Prix,R,7121.460000,PER,11,perez,cadillac,79.032000,47.000000,3.000000,,,20.690000,37.266000,21.076000,7063.121000,7100.387000,7121.463000,196.000000,178.000000,255.000000,267.000000,False,MEDIUM,43.000000,False,Cadillac,7042.428000,,1,17.000000,False,,False,True
2026,6,Monaco Grand Prix,R,7202.847000,PER,11,perez,cadillac,81.387000,48.000000,3.000000,,,21.621000,38.358000,21.408000,7143.084000,7181.442000,7202.850000,184.000000,180.000000,255.000000,269.000000,False,MEDIUM,44.000000,False,Cadillac,7121.460000,,1,17.000000,False,,False,True
2026,6,Monaco Grand Prix,R,7283.764000,PER,11,perez,cadillac,80.917000,49.000000,3.000000,,,21.273000,37.629000,22.015000,7224.123000,7261.752000,7283.767000,184.000000,182.000000,199.000000,270.000000,False,MEDIUM,45.000000,False,Cadillac,7202.847000,,1,17.000000,False,,False,True
2026,6,Monaco Grand Prix,R,7365.355000,PER,11,perez,cadillac,81.591000,50.000000,3.000000,,,21.994000,37.708000,21.889000,7305.761000,7343.469000,7365.358000,182.000000,183.000000,236.000000,270.000000,False,MEDIUM,46.000000,False,Cadillac,7283.764000,,1,17.000000,False,,False,True
2026,6,Monaco Grand Prix,R,7448.296000,PER,11,perez,cadillac,82.941000,51.000000,3.000000,,,21.823000,39.222000,21.896000,7387.181000,7426.403000,7448.299000,184.000000,162.000000,255.000000,269.000000,False,MEDIUM,47.000000,False,Cadillac,7365.355000,,1,17.000000,True,TRACK LIMITS AT TURN 10 LAP 51 ,False,True
2026,6,Monaco Grand Prix,R,7529.128000,PER,11,perez,cadillac,80.832000,52.000000,3.000000,,,21.418000,37.858000,21.556000,7469.717000,7507.575000,7529.131000,179.000000,180.000000,255.000000,270.000000,False,MEDIUM,48.000000,False,Cadillac,7448.296000,,1,17.000000,False,,False,True
2026,6,Monaco Grand Prix,R,7609.961000,PER,11,perez,cadillac,80.833000,53.000000,3.000000,,,21.366000,37.892000,21.575000,7550.497000,7588.389000,7609.964000,193.000000,182.000000,255.000000,270.000000,False,MEDIUM,49.000000,False,Cadillac,7529.128000,,1,17.000000,False,,False,True
2026,6,Monaco Grand Prix,R,7690.012000,PER,11,perez,cadillac,80.051000,54.000000,3.000000,,,21.028000,37.604000,21.419000,7630.992000,7668.596000,7690.015000,189.000000,181.000000,255.000000,269.000000,False,MEDIUM,50.000000,False,Cadillac,7609.961000,,1,17.000000,False,,False,True
2026,6,Monaco Grand Prix,R,7771.875000,PER,11,perez,cadillac,81.863000,55.000000,3.000000,,,21.235000,39.048000,21.580000,7711.250000,7750.298000,7771.878000,186.000000,172.000000,254.000000,268.000000,False,MEDIUM,51.000000,False,Cadillac,7690.012000,,1,17.000000,False,,False,True
2026,6,Monaco Grand Prix,R,7851.699000,PER,11,perez,cadillac,79.824000,56.000000,3.000000,,,21.055000,37.619000,21.150000,7792.933000,7830.552000,7851.702000,183.000000,181.000000,256.000000,271.000000,False,MEDIUM,52.000000,False,Cadillac,7771.875000,,1,17.000000,False,,False,True
2026,6,Monaco Grand Prix,R,7932.754000,PER,11,perez,cadillac,81.055000,57.000000,3.000000,,,21.159000,37.588000,22.308000,7872.861000,7910.449000,7932.757000,187.000000,178.000000,221.000000,269.000000,False,MEDIUM,53.000000,False,Cadillac,7851.699000,,124,16.000000,False,,False,False
2026,6,Monaco Grand Prix,R,8041.256000,PER,11,perez,cadillac,108.502000,58.000000,3.000000,,,31.009000,46.948000,30.545000,7963.766000,8010.714000,8041.259000,119.000000,149.000000,144.000000,197.000000,False,MEDIUM,54.000000,False,Cadillac,7932.754000,,4,16.000000,False,,False,False
2026,6,Monaco Grand Prix,R,8158.447000,PER,11,perez,cadillac,117.191000,59.000000,3.000000,,8133.220000,26.687000,48.825000,41.679000,8067.946000,8116.771000,8158.450000,137.000000,167.000000,,182.000000,False,MEDIUM,55.000000,False,Cadillac,8041.256000,,4,16.000000,False,,False,False
2026,6,Monaco Grand Prix,R,8254.037000,PER,11,perez,cadillac,95.590000,60.000000,4.000000,8159.123000,,30.919000,41.626000,23.045000,8189.369000,8230.995000,8254.040000,146.000000,176.000000,249.000000,255.000000,False,SOFT,1.000000,True,Cadillac,8158.447000,,4,16.000000,False,,False,False
2026,6,Monaco Grand Prix,R,8340.719000,PER,11,perez,cadillac,86.682000,61.000000,4.000000,,,21.613000,40.781000,24.288000,8275.653000,8316.434000,8340.722000,176.000000,149.000000,160.000000,268.000000,False,SOFT,2.000000,True,Cadillac,8254.037000,,4,16.000000,False,,False,False
2026,6,Monaco Grand Prix,R,8432.380000,PER,11,perez,cadillac,91.661000,62.000000,4.000000,,,29.163000,39.909000,22.589000,8369.885000,8409.794000,8432.383000,150.000000,177.000000,248.000000,258.000000,False,SOFT,3.000000,True,Cadillac,8340.719000,,4,16.000000,False,,False,False
2026,6,Monaco Grand Prix,R,8515.988000,PER,11,perez,cadillac,83.608000,63.000000,4.000000,,,21.650000,38.694000,23.264000,8454.033000,8492.727000,8515.991000,177.000000,176.000000,239.000000,270.000000,False,SOFT,4.000000,True,Cadillac,8432.380000,,4,16.000000,False,,False,False
2026,6,Monaco Grand Prix,R,8597.243000,PER,11,perez,cadillac,81.255000,64.000000,4.000000,,,21.762000,37.658000,21.835000,8537.753000,8575.411000,8597.246000,176.000000,187.000000,254.000000,273.000000,False,SOFT,5.000000,True,Cadillac,8515.988000,,412,16.000000,False,,False,False
2026,6,Monaco Grand Prix,R,8713.618000,PER,11,perez,cadillac,116.375000,65.000000,4.000000,,8690.586000,27.859000,47.764000,40.752000,8625.105000,8672.869000,8713.621000,111.000000,167.000000,,184.000000,False,SOFT,6.000000,True,Cadillac,8597.243000,,24,15.000000,False,,False,False
2026,6,Monaco Grand Prix,R,8818.928000,PER,11,perez,cadillac,105.310000,66.000000,5.000000,8714.363000,,28.467000,49.438000,27.405000,8742.088000,8791.526000,8818.931000,137.000000,145.000000,198.000000,223.000000,False,SOFT,7.000000,False,Cadillac,8713.618000,,4,15.000000,False,,False,False
2026,6,Monaco Grand Prix,R,10952.299000,PER,11,perez,cadillac,,67.000000,5.000000,,8926.028000,28.699000,51.477000,,8847.775000,8899.325000,,92.000000,136.000000,,158.000000,False,SOFT,8.000000,False,Cadillac,8818.928000,,451,15.000000,False,,False,False
2026,6,Monaco Grand Prix,R,11101.455000,PER,11,perez,cadillac,149.156000,68.000000,6.000000,10952.953000,11036.288000,27.518000,39.855000,81.783000,10979.820000,11019.675000,11101.458000,144.000000,179.000000,,266.000000,False,SOFT,7.000000,False,Cadillac,10952.299000,,14,15.000000,False,,False,False
2026,6,Monaco Grand Prix,R,11189.242000,PER,11,perez,cadillac,87.787000,69.000000,7.000000,11102.289000,,25.787000,39.236000,22.764000,11127.245000,11166.481000,11189.245000,172.000000,176.000000,249.000000,268.000000,False,SOFT,1.000000,False,Cadillac,11101.455000,,4,15.000000,False,,False,False
2026,6,Monaco Grand Prix,R,11333.767000,PER,11,perez,cadillac,144.525000,70.000000,7.000000,,,22.652000,48.534000,73.339000,11211.897000,11260.431000,11333.770000,136.000000,173.000000,172.000000,247.000000,False,SOFT,2.000000,False,Cadillac,11189.242000,,41,15.000000,False,,False,False
2026,6,Monaco Grand Prix,R,11423.701000,PER,11,perez,cadillac,89.934000,71.000000,7.000000,,,26.615000,41.748000,21.571000,11360.385000,11402.133000,11423.704000,153.000000,176.000000,263.000000,272.000000,False,SOFT,3.000000,False,Cadillac,11333.767000,,12,12.000000,False,,False,True
2026,6,Monaco Grand Prix,R,11504.667000,PER,11,perez,cadillac,80.966000,72.000000,7.000000,,,21.547000,37.777000,21.642000,11445.251000,11483.028000,11504.670000,180.000000,182.000000,262.000000,271.000000,False,SOFT,4.000000,False,Cadillac,11423.701000,,1,12.000000,False,,False,True
2026,6,Monaco Grand Prix,R,11584.524000,PER,11,perez,cadillac,79.857000,73.000000,7.000000,,,21.261000,37.692000,20.904000,11525.931000,11563.623000,11584.527000,169.000000,184.000000,257.000000,269.000000,False,SOFT,5.000000,False,Cadillac,11504.667000,,1,11.000000,False,,False,True
2026,6,Monaco Grand Prix,R,11662.042000,PER,11,perez,cadillac,77.518000,74.000000,7.000000,,,20.624000,36.348000,20.546000,11605.151000,11641.499000,11662.045000,197.000000,185.000000,258.000000,274.000000,True,SOFT,6.000000,False,Cadillac,11584.524000,,1,11.000000,False,,False,True
2026,6,Monaco Grand Prix,R,11739.435000,PER,11,perez,cadillac,77.393000,75.000000,7.000000,,,20.506000,36.227000,20.660000,11682.551000,11718.778000,11739.438000,192.000000,190.000000,258.000000,273.000000,True,SOFT,7.000000,False,Cadillac,11662.042000,,1,11.000000,False,,False,True
2026,6,Monaco Grand Prix,R,11816.552000,PER,11,perez,cadillac,77.117000,76.000000,7.000000,,,20.368000,36.238000,20.511000,11759.806000,11796.044000,11816.555000,193.000000,190.000000,258.000000,273.000000,True,SOFT,8.000000,False,Cadillac,11739.435000,,1,11.000000,False,,False,True
2026,6,Monaco Grand Prix,R,11893.446000,PER,11,perez,cadillac,76.894000,77.000000,7.000000,,,20.343000,36.097000,20.454000,11836.898000,11872.995000,11893.449000,198.000000,192.000000,259.000000,273.000000,True,SOFT,9.000000,False,Cadillac,11816.552000,,1,11.000000,False,,False,True
2026,6,Monaco Grand Prix,R,11970.337000,PER,11,perez,cadillac,76.891000,78.000000,7.000000,,,20.437000,35.919000,20.535000,11913.886000,11949.805000,11970.340000,195.000000,190.000000,258.000000,273.000000,True,SOFT,10.000000,False,Cadillac,11893.446000,,1,11.000000,False,,False,True
2026,6,Monaco Grand Prix,R,3402.391000,ANT,12,antonelli,mercedes,82.525000,1.000000,1.000000,,,,36.931000,20.513000,,3382.008000,3402.542000,187.000000,187.000000,253.000000,264.000000,False,MEDIUM,1.000000,True,Mercedes,3319.645000,,12,1.000000,False,,False,False
2026,6,Monaco Grand Prix,R,3480.044000,ANT,12,antonelli,mercedes,77.653000,2.000000,1.000000,,,20.656000,36.552000,20.445000,3423.077000,3459.629000,3480.074000,186.000000,189.000000,254.000000,266.000000,True,MEDIUM,2.000000,True,Mercedes,3402.391000,,1,1.000000,False,,False,True
2026,6,Monaco Grand Prix,R,3557.040000,ANT,12,antonelli,mercedes,76.996000,3.000000,1.000000,,,20.513000,36.153000,20.330000,3500.587000,3536.740000,3557.070000,192.000000,187.000000,255.000000,267.000000,True,MEDIUM,3.000000,True,Mercedes,3480.044000,,1,1.000000,False,,False,True
2026,6,Monaco Grand Prix,R,3634.088000,ANT,12,antonelli,mercedes,77.048000,4.000000,1.000000,,,20.453000,36.316000,20.279000,3577.523000,3613.839000,3634.118000,192.000000,187.000000,256.000000,265.000000,False,MEDIUM,4.000000,True,Mercedes,3557.040000,,1,1.000000,False,,False,True
2026,6,Monaco Grand Prix,R,3710.749000,ANT,12,antonelli,mercedes,76.661000,5.000000,1.000000,,,20.276000,36.097000,20.288000,3654.394000,3690.491000,3710.779000,200.000000,187.000000,256.000000,266.000000,True,MEDIUM,5.000000,True,Mercedes,3634.088000,,1,1.000000,False,,False,True
2026,6,Monaco Grand Prix,R,3787.472000,ANT,12,antonelli,mercedes,76.723000,6.000000,1.000000,,,20.404000,36.093000,20.226000,3731.183000,3767.276000,3787.502000,199.000000,191.000000,255.000000,267.000000,False,MEDIUM,6.000000,True,Mercedes,3710.749000,,1,1.000000,False,,False,True
2026,6,Monaco Grand Prix,R,3863.522000,ANT,12,antonelli,mercedes,76.050000,7.000000,1.000000,,,20.206000,35.689000,20.155000,3807.708000,3843.397000,3863.552000,199.000000,194.000000,256.000000,268.000000,True,MEDIUM,7.000000,True,Mercedes,3787.472000,,1,1.000000,False,,False,True
2026,6,Monaco Grand Prix,R,3939.806000,ANT,12,antonelli,mercedes,76.284000,8.000000,1.000000,,,20.160000,35.918000,20.206000,3883.712000,3919.630000,3939.836000,201.000000,190.000000,256.000000,270.000000,False,MEDIUM,8.000000,True,Mercedes,3863.522000,,1,1.000000,False,,False,True
2026,6,Monaco Grand Prix,R,4016.104000,ANT,12,antonelli,mercedes,76.298000,9.000000,1.000000,,,20.182000,35.817000,20.299000,3960.018000,3995.835000,4016.134000,198.000000,187.000000,257.000000,271.000000,False,MEDIUM,9.000000,True,Mercedes,3939.806000,,1,1.000000,False,,False,True
2026,6,Monaco Grand Prix,R,4093.171000,ANT,12,antonelli,mercedes,77.067000,10.000000,1.000000,,,20.281000,36.205000,20.581000,4036.415000,4072.620000,4093.201000,194.000000,192.000000,257.000000,269.000000,False,MEDIUM,10.000000,True,Mercedes,4016.104000,,1,1.000000,False,,False,True
2026,6,Monaco Grand Prix,R,4171.394000,ANT,12,antonelli,mercedes,78.223000,11.000000,1.000000,,,20.921000,36.878000,20.424000,4114.122000,4151.000000,4171.424000,197.000000,189.000000,257.000000,266.000000,False,MEDIUM,11.000000,True,Mercedes,4093.171000,,1,1.000000,False,,False,True
2026,6,Monaco Grand Prix,R,4248.824000,ANT,12,antonelli,mercedes,77.430000,12.000000,1.000000,,,20.399000,36.363000,20.668000,4191.823000,4228.186000,4248.854000,199.000000,187.000000,258.000000,268.000000,False,MEDIUM,12.000000,True,Mercedes,4171.394000,,1,1.000000,False,,False,True
2026,6,Monaco Grand Prix,R,4326.137000,ANT,12,antonelli,mercedes,77.313000,13.000000,1.000000,,,20.520000,36.343000,20.450000,4269.374000,4305.717000,4326.167000,198.000000,187.000000,256.000000,267.000000,False,MEDIUM,13.000000,True,Mercedes,4248.824000,,1,1.000000,False,,False,True
2026,6,Monaco Grand Prix,R,4403.359000,ANT,12,antonelli,mercedes,77.222000,14.000000,1.000000,,,20.361000,36.359000,20.502000,4346.528000,4382.887000,4403.389000,197.000000,187.000000,256.000000,267.000000,False,MEDIUM,14.000000,True,Mercedes,4326.137000,,1,1.000000,False,,False,True
2026,6,Monaco Grand Prix,R,4480.552000,ANT,12,antonelli,mercedes,77.193000,15.000000,1.000000,,,20.295000,36.307000,20.591000,4423.684000,4459.991000,4480.582000,198.000000,189.000000,256.000000,268.000000,False,MEDIUM,15.000000,True,Mercedes,4403.359000,,1,1.000000,False,,False,True
2026,6,Monaco Grand Prix,R,4557.792000,ANT,12,antonelli,mercedes,77.240000,16.000000,1.000000,,,20.462000,36.362000,20.416000,4501.044000,4537.406000,4557.822000,194.000000,187.000000,257.000000,268.000000,False,MEDIUM,16.000000,True,Mercedes,4480.552000,,1,1.000000,False,,False,True
2026,6,Monaco Grand Prix,R,4634.842000,ANT,12,antonelli,mercedes,77.050000,17.000000,1.000000,,,20.373000,36.251000,20.426000,4578.195000,4614.446000,4634.872000,194.000000,193.000000,257.000000,265.000000,False,MEDIUM,17.000000,True,Mercedes,4557.792000,,1,1.000000,False,,False,True
2026,6,Monaco Grand Prix,R,4711.644000,ANT,12,antonelli,mercedes,76.802000,18.000000,1.000000,,,20.296000,36.153000,20.353000,4655.168000,4691.321000,4711.674000,195.000000,193.000000,257.000000,267.000000,False,MEDIUM,18.000000,True,Mercedes,4634.842000,,1,1.000000,False,,False,True
2026,6,Monaco Grand Prix,R,4787.705000,ANT,12,antonelli,mercedes,76.061000,19.000000,1.000000,,,19.961000,35.816000,20.284000,4731.635000,4767.451000,4787.735000,203.000000,194.000000,257.000000,268.000000,False,MEDIUM,19.000000,True,Mercedes,4711.644000,,1,1.000000,False,,False,True
2026,6,Monaco Grand Prix,R,4864.173000,ANT,12,antonelli,mercedes,76.468000,20.000000,1.000000,,,20.117000,35.949000,20.402000,4807.852000,4843.801000,4864.203000,206.000000,191.000000,257.000000,269.000000,False,MEDIUM,20.000000,True,Mercedes,4787.705000,,1,1.000000,False,,False,True
2026,6,Monaco Grand Prix,R,4940.823000,ANT,12,antonelli,mercedes,76.650000,21.000000,1.000000,,,20.262000,35.998000,20.390000,4884.465000,4920.463000,4940.853000,196.000000,191.000000,257.000000,270.000000,False,MEDIUM,21.000000,True,Mercedes,4864.173000,,1,1.000000,False,,False,True
2026,6,Monaco Grand Prix,R,5017.192000,ANT,12,antonelli,mercedes,76.369000,22.000000,1.000000,,,20.058000,36.024000,20.287000,4960.911000,4996.935000,5017.222000,201.000000,192.000000,257.000000,270.000000,False,MEDIUM,22.000000,True,Mercedes,4940.823000,,1,1.000000,False,,False,True
2026,6,Monaco Grand Prix,R,5093.730000,ANT,12,antonelli,mercedes,76.538000,23.000000,1.000000,,,20.104000,35.997000,20.437000,5037.326000,5073.323000,5093.760000,204.000000,190.000000,257.000000,270.000000,False,MEDIUM,23.000000,True,Mercedes,5017.192000,,1,1.000000,False,,False,True
2026,6,Monaco Grand Prix,R,5170.399000,ANT,12,antonelli,mercedes,76.669000,24.000000,1.000000,,,20.102000,36.033000,20.534000,5113.862000,5149.895000,5170.429000,206.000000,189.000000,256.000000,272.000000,False,MEDIUM,24.000000,True,Mercedes,5093.730000,,1,1.000000,False,,False,True
2026,6,Monaco Grand Prix,R,5247.287000,ANT,12,antonelli,mercedes,76.888000,25.000000,1.000000,,,20.209000,36.186000,20.493000,5190.638000,5226.824000,5247.317000,198.000000,187.000000,257.000000,272.000000,False,MEDIUM,25.000000,True,Mercedes,5170.399000,,1,1.000000,False,,False,True
2026,6,Monaco Grand Prix,R,5324.251000,ANT,12,antonelli,mercedes,76.964000,26.000000,1.000000,,,20.234000,36.206000,20.524000,5267.551000,5303.757000,5324.281000,197.000000,190.000000,258.000000,273.000000,False,MEDIUM,26.000000,True,Mercedes,5247.287000,,1,1.000000,False,,False,True
2026,6,Monaco Grand Prix,R,5401.541000,ANT,12,antonelli,mercedes,77.290000,27.000000,1.000000,,,20.420000,36.431000,20.439000,5344.701000,5381.132000,5401.571000,196.000000,187.000000,257.000000,271.000000,False,MEDIUM,27.000000,True,Mercedes,5324.251000,,1,1.000000,False,,False,True
2026,6,Monaco Grand Prix,R,5478.185000,ANT,12,antonelli,mercedes,76.644000,28.000000,1.000000,,,20.016000,36.217000,20.411000,5421.587000,5457.804000,5478.215000,201.000000,190.000000,258.000000,272.000000,False,MEDIUM,28.000000,True,Mercedes,5401.541000,,1,1.000000,False,,False,True
2026,6,Monaco Grand Prix,R,5555.142000,ANT,12,antonelli,mercedes,76.957000,29.000000,1.000000,,,20.152000,36.273000,20.532000,5498.367000,5534.640000,5555.172000,197.000000,190.000000,262.000000,271.000000,False,MEDIUM,29.000000,True,Mercedes,5478.185000,,1,1.000000,False,,False,True
2026,6,Monaco Grand Prix,R,5631.980000,ANT,12,antonelli,mercedes,76.838000,30.000000,1.000000,,,20.193000,36.139000,20.506000,5575.365000,5611.504000,5632.010000,198.000000,194.000000,262.000000,280.000000,False,MEDIUM,30.000000,True,Mercedes,5555.142000,,1,1.000000,False,,False,True
2026,6,Monaco Grand Prix,R,5708.597000,ANT,12,antonelli,mercedes,76.617000,31.000000,1.000000,,,19.869000,36.379000,20.369000,5651.879000,5688.258000,5708.627000,200.000000,193.000000,258.000000,280.000000,False,MEDIUM,31.000000,True,Mercedes,5631.980000,,1,1.000000,False,,False,True
2026,6,Monaco Grand Prix,R,5785.385000,ANT,12,antonelli,mercedes,76.788000,32.000000,1.000000,,,20.027000,36.174000,20.587000,5728.654000,5764.828000,5785.415000,204.000000,191.000000,262.000000,270.000000,False,MEDIUM,32.000000,True,Mercedes,5708.597000,,1,1.000000,False,,False,True
2026,6,Monaco Grand Prix,R,5862.247000,ANT,12,antonelli,mercedes,76.862000,33.000000,1.000000,,,20.051000,36.396000,20.415000,5805.466000,5841.862000,5862.277000,198.000000,190.000000,258.000000,279.000000,False,MEDIUM,33.000000,True,Mercedes,5785.385000,,1,1.000000,True,TRACK LIMITS AT TURN 10 LAP 33 ,False,True
2026,6,Monaco Grand Prix,R,5939.448000,ANT,12,antonelli,mercedes,77.201000,34.000000,1.000000,,,20.075000,36.549000,20.577000,5882.352000,5918.901000,5939.478000,201.000000,191.000000,262.000000,271.000000,False,MEDIUM,34.000000,True,Mercedes,5862.247000,,1,1.000000,False,,False,True
2026,6,Monaco Grand Prix,R,6015.639000,ANT,12,antonelli,mercedes,76.191000,35.000000,1.000000,,,19.933000,35.922000,20.336000,5959.411000,5995.333000,6015.669000,204.000000,193.000000,257.000000,279.000000,False,MEDIUM,35.000000,True,Mercedes,5939.448000,,1,1.000000,False,,False,True
2026,6,Monaco Grand Prix,R,6091.995000,ANT,12,antonelli,mercedes,76.356000,36.000000,1.000000,,,20.019000,36.076000,20.261000,6035.688000,6071.764000,6092.025000,203.000000,192.000000,258.000000,271.000000,False,MEDIUM,36.000000,True,Mercedes,6015.639000,,1,1.000000,False,,False,True
2026,6,Monaco Grand Prix,R,6185.590000,ANT,12,antonelli,mercedes,93.595000,37.000000,1.000000,,6162.250000,20.039000,36.090000,37.466000,6112.064000,6148.154000,6185.620000,202.000000,193.000000,,272.000000,False,MEDIUM,37.000000,True,Mercedes,6091.995000,,1,1.000000,False,,False,False
2026,6,Monaco Grand Prix,R,6267.804000,ANT,12,antonelli,mercedes,82.214000,38.000000,2.000000,6186.328000,,24.422000,37.245000,20.547000,6210.042000,6247.287000,6267.834000,187.000000,185.000000,257.000000,268.000000,False,HARD,1.000000,True,Mercedes,6185.590000,,1,1.000000,False,,False,False
2026,6,Monaco Grand Prix,R,6344.610000,ANT,12,antonelli,mercedes,76.806000,39.000000,2.000000,,,20.281000,36.119000,20.406000,6288.115000,6324.234000,6344.640000,197.000000,188.000000,258.000000,269.000000,False,HARD,2.000000,True,Mercedes,6267.804000,,1,1.000000,False,,False,True
2026,6,Monaco Grand Prix,R,6421.367000,ANT,12,antonelli,mercedes,76.757000,40.000000,2.000000,,,20.387000,36.000000,20.370000,6365.027000,6401.027000,6421.397000,203.000000,190.000000,257.000000,268.000000,False,HARD,3.000000,True,Mercedes,6344.610000,,1,1.000000,False,,False,True
2026,6,Monaco Grand Prix,R,6497.433000,ANT,12,antonelli,mercedes,76.066000,41.000000,2.000000,,,20.033000,35.827000,20.206000,6441.430000,6477.257000,6497.463000,202.000000,192.000000,258.000000,269.000000,False,HARD,4.000000,True,Mercedes,6421.367000,,1,1.000000,False,,False,True
2026,6,Monaco Grand Prix,R,6573.775000,ANT,12,antonelli,mercedes,76.342000,42.000000,2.000000,,,20.019000,35.902000,20.421000,6517.482000,6553.384000,6573.805000,206.000000,190.000000,258.000000,270.000000,False,HARD,5.000000,True,Mercedes,6497.433000,,1,1.000000,False,,False,True
2026,6,Monaco Grand Prix,R,6650.846000,ANT,12,antonelli,mercedes,77.071000,43.000000,2.000000,,,20.141000,36.343000,20.587000,6593.946000,6630.289000,6650.876000,201.000000,189.000000,258.000000,270.000000,False,HARD,6.000000,True,Mercedes,6573.775000,,1,1.000000,False,,False,True
2026,6,Monaco Grand Prix,R,6726.562000,ANT,12,antonelli,mercedes,75.716000,44.000000,2.000000,,,19.841000,35.731000,20.144000,6670.717000,6706.448000,6726.592000,208.000000,195.000000,258.000000,271.000000,True,HARD,7.000000,True,Mercedes,6650.846000,,1,1.000000,False,,False,True
2026,6,Monaco Grand Prix,R,6803.665000,ANT,12,antonelli,mercedes,77.103000,45.000000,2.000000,,,20.114000,36.082000,20.907000,6746.706000,6782.788000,6803.695000,199.000000,186.000000,263.000000,273.000000,False,HARD,8.000000,True,Mercedes,6726.562000,,1,1.000000,False,,False,True
2026,6,Monaco Grand Prix,R,6880.641000,ANT,12,antonelli,mercedes,76.976000,46.000000,2.000000,,,20.440000,36.043000,20.493000,6824.135000,6860.178000,6880.671000,199.000000,189.000000,257.000000,278.000000,False,HARD,9.000000,True,Mercedes,6803.665000,,1,1.000000,False,,False,True
2026,6,Monaco Grand Prix,R,6956.213000,ANT,12,antonelli,mercedes,75.572000,47.000000,2.000000,,,19.879000,35.623000,20.070000,6900.550000,6936.173000,6956.243000,203.000000,195.000000,258.000000,271.000000,True,HARD,10.000000,True,Mercedes,6880.641000,,1,1.000000,False,,False,True
2026,6,Monaco Grand Prix,R,7032.460000,ANT,12,antonelli,mercedes,76.247000,48.000000,2.000000,,,19.898000,36.023000,20.326000,6976.141000,7012.164000,7032.490000,199.000000,190.000000,258.000000,271.000000,False,HARD,11.000000,True,Mercedes,6956.213000,,1,1.000000,False,,False,True
2026,6,Monaco Grand Prix,R,7108.587000,ANT,12,antonelli,mercedes,76.127000,49.000000,2.000000,,,19.944000,36.061000,20.122000,7052.434000,7088.495000,7108.617000,200.000000,189.000000,259.000000,274.000000,False,HARD,12.000000,True,Mercedes,7032.460000,,1,1.000000,False,,False,True
2026,6,Monaco Grand Prix,R,7185.445000,ANT,12,antonelli,mercedes,76.858000,50.000000,2.000000,,,20.004000,36.654000,20.200000,7128.621000,7165.275000,7185.475000,200.000000,190.000000,258.000000,274.000000,False,HARD,13.000000,True,Mercedes,7108.587000,,1,1.000000,False,,False,True
2026,6,Monaco Grand Prix,R,7261.382000,ANT,12,antonelli,mercedes,75.937000,51.000000,2.000000,,,19.854000,35.537000,20.546000,7205.329000,7240.866000,7261.412000,207.000000,193.000000,264.000000,274.000000,False,HARD,14.000000,True,Mercedes,7185.445000,,1,1.000000,False,,False,True
2026,6,Monaco Grand Prix,R,7337.600000,ANT,12,antonelli,mercedes,76.218000,52.000000,2.000000,,,19.820000,35.871000,20.527000,7281.232000,7317.103000,7337.630000,202.000000,192.000000,263.000000,283.000000,False,HARD,15.000000,True,Mercedes,7261.382000,,1,1.000000,False,,False,True
2026,6,Monaco Grand Prix,R,7414.337000,ANT,12,antonelli,mercedes,76.737000,53.000000,2.000000,,,20.226000,36.419000,20.092000,7357.856000,7394.275000,7414.367000,182.000000,192.000000,259.000000,277.000000,False,HARD,16.000000,True,Mercedes,7337.600000,,1,1.000000,False,,False,True
2026,6,Monaco Grand Prix,R,7490.226000,ANT,12,antonelli,mercedes,75.889000,54.000000,2.000000,,,19.841000,35.782000,20.266000,7434.208000,7469.990000,7490.256000,201.000000,187.000000,258.000000,272.000000,False,HARD,17.000000,True,Mercedes,7414.337000,,1,1.000000,False,,False,True
2026,6,Monaco Grand Prix,R,7565.216000,ANT,12,antonelli,mercedes,74.990000,55.000000,2.000000,,,19.720000,35.395000,19.875000,7509.976000,7545.371000,7565.246000,205.000000,194.000000,258.000000,270.000000,True,HARD,18.000000,True,Mercedes,7490.226000,,1,1.000000,False,,False,True
2026,6,Monaco Grand Prix,R,7640.518000,ANT,12,antonelli,mercedes,75.302000,56.000000,2.000000,,,19.841000,35.461000,20.000000,7585.087000,7620.548000,7640.548000,204.000000,195.000000,258.000000,270.000000,False,HARD,19.000000,True,Mercedes,7565.216000,,1,1.000000,False,,False,True
2026,6,Monaco Grand Prix,R,7715.656000,ANT,12,antonelli,mercedes,75.138000,57.000000,2.000000,,,19.858000,35.377000,19.903000,7660.406000,7695.783000,7715.686000,206.000000,196.000000,258.000000,268.000000,False,HARD,20.000000,True,Mercedes,7640.518000,,1,1.000000,False,,False,True
2026,6,Monaco Grand Prix,R,7791.468000,ANT,12,antonelli,mercedes,75.812000,58.000000,2.000000,,,19.925000,35.676000,20.211000,7735.611000,7771.287000,7791.498000,204.000000,194.000000,256.000000,268.000000,False,HARD,21.000000,True,Mercedes,7715.656000,,1,1.000000,False,,False,True
2026,6,Monaco Grand Prix,R,7867.525000,ANT,12,antonelli,mercedes,76.057000,59.000000,2.000000,,,20.003000,35.860000,20.194000,7811.501000,7847.361000,7867.555000,204.000000,190.000000,258.000000,269.000000,False,HARD,22.000000,True,Mercedes,7791.468000,,1,1.000000,False,,False,True
2026,6,Monaco Grand Prix,R,7949.997000,ANT,12,antonelli,mercedes,82.472000,60.000000,2.000000,,,19.871000,35.677000,26.924000,7887.426000,7923.103000,7950.027000,206.000000,192.000000,148.000000,271.000000,False,HARD,23.000000,True,Mercedes,7867.525000,,124,1.000000,False,,False,False
2026,6,Monaco Grand Prix,R,8086.742000,ANT,12,antonelli,mercedes,136.745000,61.000000,2.000000,,8060.549000,30.467000,57.259000,49.019000,7980.494000,8037.753000,8086.772000,139.000000,106.000000,,133.000000,False,HARD,24.000000,True,Mercedes,7949.997000,,4,1.000000,False,,False,False
2026,6,Monaco Grand Prix,R,8207.103000,ANT,12,antonelli,mercedes,120.361000,62.000000,3.000000,8087.516000,,34.932000,53.267000,32.162000,8121.704000,8174.971000,8207.133000,126.000000,98.000000,145.000000,157.000000,False,SOFT,5.000000,False,Mercedes,8086.742000,,4,1.000000,False,,False,False
2026,6,Monaco Grand Prix,R,8327.515000,ANT,12,antonelli,mercedes,120.412000,63.000000,3.000000,,,33.844000,51.152000,35.416000,8240.977000,8292.129000,8327.545000,143.000000,146.000000,104.000000,163.000000,False,SOFT,6.000000,False,Mercedes,8207.103000,,4,1.000000,False,,False,False
2026,6,Monaco Grand Prix,R,8460.353000,ANT,12,antonelli,mercedes,132.838000,64.000000,3.000000,,,44.180000,56.951000,31.707000,8371.725000,8428.676000,8460.383000,120.000000,144.000000,158.000000,152.000000,False,SOFT,7.000000,False,Mercedes,8327.515000,,4,1.000000,False,,False,False
2026,6,Monaco Grand Prix,R,8579.576000,ANT,12,antonelli,mercedes,119.223000,65.000000,3.000000,,,32.392000,56.689000,30.142000,8492.775000,8549.464000,8579.606000,147.000000,64.000000,251.000000,164.000000,False,SOFT,8.000000,False,Mercedes,8460.353000,,412,1.000000,False,,False,False
2026,6,Monaco Grand Prix,R,8690.758000,ANT,12,antonelli,mercedes,111.182000,66.000000,3.000000,,8670.695000,20.781000,49.698000,40.703000,8600.387000,8650.085000,8690.788000,191.000000,122.000000,,210.000000,False,SOFT,9.000000,False,Mercedes,8579.576000,,24,1.000000,False,,False,False
2026,6,Monaco Grand Prix,R,8796.240000,ANT,12,antonelli,mercedes,105.482000,67.000000,4.000000,8691.461000,,27.893000,49.277000,28.312000,8718.681000,8767.958000,8796.270000,115.000000,150.000000,160.000000,168.000000,False,SOFT,10.000000,False,Mercedes,8690.758000,,4,1.000000,False,,False,False
2026,6,Monaco Grand Prix,R,11059.060000,ANT,12,antonelli,mercedes,,68.000000,4.000000,,8905.488000,29.670000,55.835000,,8826.041000,8881.947000,,157.000000,117.000000,,132.000000,False,SOFT,11.000000,False,Mercedes,8796.240000,,451,1.000000,False,,False,False
2026,6,Monaco Grand Prix,R,11162.533000,ANT,12,antonelli,mercedes,103.473000,69.000000,5.000000,11059.751000,,24.942000,49.812000,28.719000,11084.032000,11133.844000,11162.563000,178.000000,105.000000,188.000000,151.000000,False,SOFT,5.000000,False,Mercedes,11059.060000,,14,1.000000,False,,False,False
2026,6,Monaco Grand Prix,R,11329.800000,ANT,12,antonelli,mercedes,,70.000000,5.000000,,,29.940000,48.839000,88.532000,11192.494000,11241.304000,11330.030000,161.000000,114.000000,2.000000,179.000000,False,SOFT,6.000000,False,Mercedes,11162.533000,,41,1.000000,False,,False,False
2026,6,Monaco Grand Prix,R,11410.071000,ANT,12,antonelli,mercedes,80.271000,71.000000,5.000000,,,23.269000,36.623000,20.379000,11353.099000,11389.722000,11410.101000,190.000000,191.000000,257.000000,265.000000,False,SOFT,7.000000,False,Mercedes,11329.800000,,12,1.000000,False,,False,True
2026,6,Monaco Grand Prix,R,11485.808000,ANT,12,antonelli,mercedes,75.737000,72.000000,5.000000,,,20.096000,35.611000,20.030000,11430.197000,11465.808000,11485.838000,197.000000,198.000000,257.000000,266.000000,False,SOFT,8.000000,False,Mercedes,11410.071000,,1,1.000000,False,,False,True
2026,6,Monaco Grand Prix,R,11560.393000,ANT,12,antonelli,mercedes,74.585000,73.000000,5.000000,,,19.715000,35.103000,19.767000,11505.553000,11540.656000,11560.423000,205.000000,199.000000,257.000000,269.000000,True,SOFT,9.000000,False,Mercedes,11485.808000,,1,1.000000,False,,False,True
2026,6,Monaco Grand Prix,R,11634.351000,ANT,12,antonelli,mercedes,73.958000,74.000000,5.000000,,,19.573000,34.721000,19.664000,11579.996000,11614.717000,11634.381000,209.000000,200.000000,258.000000,268.000000,True,SOFT,10.000000,False,Mercedes,11560.393000,,1,1.000000,False,,False,True
2026,6,Monaco Grand Prix,R,11708.359000,ANT,12,antonelli,mercedes,74.008000,75.000000,5.000000,,,19.626000,34.730000,19.652000,11654.007000,11688.737000,11708.389000,213.000000,200.000000,258.000000,270.000000,False,SOFT,11.000000,False,Mercedes,11634.351000,,1,1.000000,False,,False,True
2026,6,Monaco Grand Prix,R,11781.840000,ANT,12,antonelli,mercedes,73.481000,76.000000,5.000000,,,19.379000,34.566000,19.536000,11727.768000,11762.334000,11781.870000,213.000000,199.000000,258.000000,271.000000,True,SOFT,12.000000,False,Mercedes,11708.359000,,1,1.000000,False,,False,True
2026,6,Monaco Grand Prix,R,11855.568000,ANT,12,antonelli,mercedes,73.728000,77.000000,5.000000,,,19.403000,34.699000,19.626000,11801.273000,11835.972000,11855.598000,207.000000,203.000000,259.000000,271.000000,False,SOFT,13.000000,False,Mercedes,11781.840000,,1,1.000000,False,,False,True
2026,6,Monaco Grand Prix,R,11931.182000,ANT,12,antonelli,mercedes,75.614000,78.000000,5.000000,,,19.722000,35.243000,20.649000,11875.320000,11910.563000,11931.212000,196.000000,188.000000,255.000000,271.000000,False,SOFT,14.000000,False,Mercedes,11855.568000,,1,1.000000,False,,False,True
2026,6,Monaco Grand Prix,R,3417.131000,ALO,14,alonso,aston_martin,97.265000,1.000000,1.000000,,,,41.903000,22.140000,,3395.221000,3417.261000,164.000000,171.000000,253.000000,259.000000,False,MEDIUM,1.000000,True,Aston Martin,3319.645000,,12,17.000000,False,,False,False
2026,6,Monaco Grand Prix,R,3499.474000,ALO,14,alonso,aston_martin,82.343000,2.000000,1.000000,,,22.096000,38.491000,21.756000,3439.287000,3477.778000,3499.534000,177.000000,174.000000,248.000000,276.000000,True,MEDIUM,2.000000,True,Aston Martin,3417.131000,,1,17.000000,False,,False,True
2026,6,Monaco Grand Prix,R,3598.523000,ALO,14,alonso,aston_martin,99.049000,3.000000,1.000000,,3574.283000,21.783000,38.422000,38.844000,3521.317000,3559.739000,3598.583000,186.000000,176.000000,,261.000000,False,MEDIUM,3.000000,True,Aston Martin,3499.474000,,1,18.000000,False,,False,False
2026,6,Monaco Grand Prix,R,3681.835000,ALO,14,alonso,aston_martin,83.312000,4.000000,2.000000,3599.362000,,24.311000,37.896000,21.105000,3622.894000,3660.790000,3681.895000,180.000000,181.000000,249.000000,264.000000,False,SOFT,1.000000,True,Aston Martin,3598.523000,,1,18.000000,False,,False,False
2026,6,Monaco Grand Prix,R,3762.161000,ALO,14,alonso,aston_martin,80.326000,5.000000,2.000000,,,21.289000,37.813000,21.224000,3703.184000,3740.997000,3762.221000,190.000000,177.000000,250.000000,265.000000,True,SOFT,2.000000,True,Aston Martin,3681.835000,,1,17.000000,False,,False,True
2026,6,Monaco Grand Prix,R,3841.933000,ALO,14,alonso,aston_martin,79.772000,6.000000,2.000000,,,21.032000,37.525000,21.215000,3783.253000,3820.778000,3841.993000,190.000000,178.000000,250.000000,265.000000,True,SOFT,3.000000,True,Aston Martin,3762.161000,,1,17.000000,False,,False,True
2026,6,Monaco Grand Prix,R,3921.093000,ALO,14,alonso,aston_martin,79.160000,7.000000,2.000000,,,20.833000,37.326000,21.001000,3862.826000,3900.152000,3921.153000,193.000000,181.000000,250.000000,265.000000,True,SOFT,4.000000,True,Aston Martin,3841.933000,,1,17.000000,False,,False,True
2026,6,Monaco Grand Prix,R,4000.306000,ALO,14,alonso,aston_martin,79.213000,8.000000,2.000000,,,20.941000,37.299000,20.973000,3942.094000,3979.393000,4000.366000,192.000000,180.000000,250.000000,265.000000,False,SOFT,5.000000,True,Aston Martin,3921.093000,,1,17.000000,False,,False,True
2026,6,Monaco Grand Prix,R,4079.737000,ALO,14,alonso,aston_martin,79.431000,9.000000,2.000000,,,20.850000,37.400000,21.181000,4021.216000,4058.616000,4079.797000,194.000000,182.000000,250.000000,265.000000,False,SOFT,6.000000,True,Aston Martin,4000.306000,,1,16.000000,False,,False,True
2026,6,Monaco Grand Prix,R,4159.730000,ALO,14,alonso,aston_martin,79.993000,10.000000,2.000000,,,21.013000,37.663000,21.317000,4100.810000,4138.473000,4159.790000,193.000000,180.000000,250.000000,265.000000,False,SOFT,7.000000,True,Aston Martin,4079.737000,,1,16.000000,False,,False,True
2026,6,Monaco Grand Prix,R,4239.325000,ALO,14,alonso,aston_martin,79.595000,11.000000,2.000000,,,20.944000,37.632000,21.019000,4180.734000,4218.366000,4239.385000,193.000000,182.000000,250.000000,265.000000,False,SOFT,8.000000,True,Aston Martin,4159.730000,,1,16.000000,False,,False,True
2026,6,Monaco Grand Prix,R,4318.356000,ALO,14,alonso,aston_martin,79.031000,12.000000,2.000000,,,20.762000,37.207000,21.062000,4260.147000,4297.354000,4318.416000,195.000000,183.000000,250.000000,265.000000,True,SOFT,9.000000,True,Aston Martin,4239.325000,,1,16.000000,False,,False,True
2026,6,Monaco Grand Prix,R,4397.388000,ALO,14,alonso,aston_martin,79.032000,13.000000,2.000000,,,20.802000,37.128000,21.102000,4339.218000,4376.346000,4397.448000,197.000000,180.000000,250.000000,265.000000,False,SOFT,10.000000,True,Aston Martin,4318.356000,,1,16.000000,False,,False,True
2026,6,Monaco Grand Prix,R,4476.726000,ALO,14,alonso,aston_martin,79.338000,14.000000,2.000000,,,20.794000,37.349000,21.195000,4418.242000,4455.591000,4476.786000,195.000000,179.000000,250.000000,265.000000,False,SOFT,11.000000,True,Aston Martin,4397.388000,,1,16.000000,False,,False,True
2026,6,Monaco Grand Prix,R,4556.141000,ALO,14,alonso,aston_martin,79.415000,15.000000,2.000000,,,20.838000,37.394000,21.183000,4497.624000,4535.018000,4556.201000,198.000000,180.000000,250.000000,265.000000,False,SOFT,12.000000,True,Aston Martin,4476.726000,,1,16.000000,False,,False,True
2026,6,Monaco Grand Prix,R,4637.056000,ALO,14,alonso,aston_martin,80.915000,16.000000,2.000000,,,20.792000,38.728000,21.395000,4576.993000,4615.721000,4637.116000,191.000000,178.000000,250.000000,227.000000,False,SOFT,13.000000,True,Aston Martin,4556.141000,,1,16.000000,False,,False,True
2026,6,Monaco Grand Prix,R,4718.576000,ALO,14,alonso,aston_martin,81.520000,17.000000,2.000000,,,22.633000,37.870000,21.017000,4659.749000,4697.619000,4718.636000,186.000000,179.000000,251.000000,265.000000,False,SOFT,14.000000,True,Aston Martin,4637.056000,,1,16.000000,False,,False,True
2026,6,Monaco Grand Prix,R,4799.355000,ALO,14,alonso,aston_martin,80.779000,18.000000,2.000000,,,20.897000,37.463000,22.419000,4739.533000,4776.996000,4799.415000,195.000000,179.000000,251.000000,266.000000,False,SOFT,15.000000,True,Aston Martin,4718.576000,,1,16.000000,False,,False,True
2026,6,Monaco Grand Prix,R,4879.291000,ALO,14,alonso,aston_martin,79.936000,19.000000,2.000000,,,21.200000,37.546000,21.190000,4820.615000,4858.161000,4879.351000,195.000000,181.000000,251.000000,265.000000,False,SOFT,16.000000,True,Aston Martin,4799.355000,,1,16.000000,False,,False,True
2026,6,Monaco Grand Prix,R,4958.578000,ALO,14,alonso,aston_martin,79.287000,20.000000,2.000000,,,20.760000,37.485000,21.042000,4900.111000,4937.596000,4958.638000,200.000000,182.000000,250.000000,266.000000,False,SOFT,17.000000,True,Aston Martin,4879.291000,,1,16.000000,False,,False,True
2026,6,Monaco Grand Prix,R,5037.824000,ALO,14,alonso,aston_martin,79.246000,21.000000,2.000000,,,20.762000,37.361000,21.123000,4979.400000,5016.761000,5037.884000,198.000000,182.000000,250.000000,265.000000,False,SOFT,18.000000,True,Aston Martin,4958.578000,,1,16.000000,False,,False,True
2026,6,Monaco Grand Prix,R,5116.993000,ALO,14,alonso,aston_martin,79.169000,22.000000,2.000000,,,20.816000,37.288000,21.065000,5058.700000,5095.988000,5117.053000,199.000000,182.000000,250.000000,265.000000,False,SOFT,19.000000,True,Aston Martin,5037.824000,,1,16.000000,False,,False,True
2026,6,Monaco Grand Prix,R,5196.150000,ALO,14,alonso,aston_martin,79.157000,23.000000,2.000000,,,20.785000,37.204000,21.168000,5137.838000,5175.042000,5196.210000,195.000000,183.000000,250.000000,265.000000,False,SOFT,20.000000,True,Aston Martin,5116.993000,,1,16.000000,False,,False,True
2026,6,Monaco Grand Prix,R,5275.222000,ALO,14,alonso,aston_martin,79.072000,24.000000,2.000000,,,20.710000,37.302000,21.060000,5216.920000,5254.222000,5275.282000,195.000000,184.000000,251.000000,265.000000,False,SOFT,21.000000,True,Aston Martin,5196.150000,,1,16.000000,False,,False,True
2026,6,Monaco Grand Prix,R,5354.239000,ALO,14,alonso,aston_martin,79.017000,25.000000,2.000000,,,20.701000,37.225000,21.091000,5295.983000,5333.208000,5354.299000,196.000000,182.000000,251.000000,265.000000,True,SOFT,22.000000,True,Aston Martin,5275.222000,,1,16.000000,False,,False,True
2026,6,Monaco Grand Prix,R,5433.120000,ALO,14,alonso,aston_martin,78.881000,26.000000,2.000000,,,20.724000,37.267000,20.890000,5375.023000,5412.290000,5433.180000,197.000000,183.000000,251.000000,265.000000,True,SOFT,23.000000,True,Aston Martin,5354.239000,,1,16.000000,False,,False,True
2026,6,Monaco Grand Prix,R,5512.407000,ALO,14,alonso,aston_martin,79.287000,27.000000,2.000000,,,20.716000,37.452000,21.119000,5453.896000,5491.348000,5512.467000,199.000000,182.000000,251.000000,265.000000,False,SOFT,24.000000,True,Aston Martin,5433.120000,,1,16.000000,False,,False,True
2026,6,Monaco Grand Prix,R,5591.579000,ALO,14,alonso,aston_martin,79.172000,28.000000,2.000000,,,20.827000,37.290000,21.055000,5533.294000,5570.584000,5591.639000,196.000000,180.000000,251.000000,266.000000,False,SOFT,25.000000,True,Aston Martin,5512.407000,,1,16.000000,False,,False,True
2026,6,Monaco Grand Prix,R,5670.830000,ALO,14,alonso,aston_martin,79.251000,29.000000,2.000000,,,20.682000,37.476000,21.093000,5612.321000,5649.797000,5670.890000,200.000000,182.000000,252.000000,265.000000,False,SOFT,26.000000,True,Aston Martin,5591.579000,,1,16.000000,False,,False,True
2026,6,Monaco Grand Prix,R,5750.060000,ALO,14,alonso,aston_martin,79.230000,30.000000,2.000000,,,20.715000,37.498000,21.017000,5691.605000,5729.103000,5750.120000,200.000000,182.000000,251.000000,265.000000,False,SOFT,27.000000,True,Aston Martin,5670.830000,,1,16.000000,False,,False,True
2026,6,Monaco Grand Prix,R,5829.074000,ALO,14,alonso,aston_martin,79.014000,31.000000,2.000000,,,20.652000,37.339000,21.023000,5770.772000,5808.111000,5829.134000,198.000000,183.000000,251.000000,265.000000,False,SOFT,28.000000,True,Aston Martin,5750.060000,,1,16.000000,False,,False,True
2026,6,Monaco Grand Prix,R,5907.872000,ALO,14,alonso,aston_martin,78.798000,32.000000,2.000000,,,20.571000,37.302000,20.925000,5849.705000,5887.007000,5907.932000,197.000000,182.000000,251.000000,265.000000,True,SOFT,29.000000,True,Aston Martin,5829.074000,,1,16.000000,False,,False,True
2026,6,Monaco Grand Prix,R,5986.568000,ALO,14,alonso,aston_martin,78.696000,33.000000,2.000000,,,20.690000,37.177000,20.829000,5928.622000,5965.799000,5986.628000,202.000000,186.000000,252.000000,265.000000,True,SOFT,30.000000,True,Aston Martin,5907.872000,,1,16.000000,False,,False,True
2026,6,Monaco Grand Prix,R,6065.322000,ALO,14,alonso,aston_martin,78.754000,34.000000,2.000000,,,20.614000,37.209000,20.931000,6007.242000,6044.451000,6065.382000,200.000000,185.000000,251.000000,265.000000,False,SOFT,31.000000,True,Aston Martin,5986.568000,,1,16.000000,False,,False,True
2026,6,Monaco Grand Prix,R,6144.459000,ALO,14,alonso,aston_martin,79.137000,35.000000,2.000000,,,20.631000,37.397000,21.109000,6086.013000,6123.410000,6144.519000,197.000000,183.000000,251.000000,266.000000,False,SOFT,32.000000,True,Aston Martin,6065.322000,,1,16.000000,False,,False,True
2026,6,Monaco Grand Prix,R,6223.370000,ALO,14,alonso,aston_martin,78.911000,36.000000,2.000000,,,20.694000,37.281000,20.936000,6165.213000,6202.494000,6223.430000,199.000000,182.000000,252.000000,266.000000,False,SOFT,33.000000,True,Aston Martin,6144.459000,,1,16.000000,False,,False,True
2026,6,Monaco Grand Prix,R,6302.380000,ALO,14,alonso,aston_martin,79.010000,37.000000,2.000000,,,20.814000,37.240000,20.956000,6244.244000,6281.484000,6302.440000,196.000000,183.000000,252.000000,266.000000,False,SOFT,34.000000,True,Aston Martin,6223.370000,,1,16.000000,False,,False,True
2026,6,Monaco Grand Prix,R,6381.278000,ALO,14,alonso,aston_martin,78.898000,38.000000,2.000000,,,20.738000,37.236000,20.924000,6323.178000,6360.414000,6381.338000,196.000000,182.000000,252.000000,267.000000,False,SOFT,35.000000,True,Aston Martin,6302.380000,,1,16.000000,False,,False,True
2026,6,Monaco Grand Prix,R,6460.174000,ALO,14,alonso,aston_martin,78.896000,39.000000,2.000000,,,20.656000,37.276000,20.964000,6401.994000,6439.270000,6460.234000,196.000000,184.000000,251.000000,266.000000,False,SOFT,36.000000,True,Aston Martin,6381.278000,,1,16.000000,False,,False,True
2026,6,Monaco Grand Prix,R,6539.194000,ALO,14,alonso,aston_martin,79.020000,40.000000,2.000000,,,20.774000,37.345000,20.901000,6481.008000,6518.353000,6539.254000,199.000000,184.000000,251.000000,267.000000,False,SOFT,37.000000,True,Aston Martin,6460.174000,,1,16.000000,False,,False,True
2026,6,Monaco Grand Prix,R,6618.409000,ALO,14,alonso,aston_martin,79.215000,41.000000,2.000000,,,20.691000,37.455000,21.069000,6559.945000,6597.400000,6618.469000,199.000000,182.000000,252.000000,267.000000,False,SOFT,38.000000,True,Aston Martin,6539.194000,,1,16.000000,False,,False,True
2026,6,Monaco Grand Prix,R,6697.823000,ALO,14,alonso,aston_martin,79.414000,42.000000,2.000000,,,20.963000,37.385000,21.066000,6639.432000,6676.817000,6697.883000,196.000000,184.000000,252.000000,267.000000,False,SOFT,39.000000,True,Aston Martin,6618.409000,,1,16.000000,False,,False,True
2026,6,Monaco Grand Prix,R,6777.522000,ALO,14,alonso,aston_martin,79.699000,43.000000,2.000000,,,20.910000,37.577000,21.212000,6718.793000,6756.370000,6777.582000,197.000000,182.000000,252.000000,267.000000,False,SOFT,40.000000,True,Aston Martin,6697.823000,,1,16.000000,False,,False,True
2026,6,Monaco Grand Prix,R,6857.140000,ALO,14,alonso,aston_martin,79.618000,44.000000,2.000000,,,20.859000,37.534000,21.225000,6798.441000,6835.975000,6857.200000,198.000000,180.000000,251.000000,267.000000,False,SOFT,41.000000,True,Aston Martin,6777.522000,,1,16.000000,False,,False,True
2026,6,Monaco Grand Prix,R,6937.053000,ALO,14,alonso,aston_martin,79.913000,45.000000,2.000000,,,21.120000,37.674000,21.119000,6878.320000,6915.994000,6937.113000,193.000000,182.000000,251.000000,267.000000,False,SOFT,42.000000,True,Aston Martin,6857.140000,,1,15.000000,False,,False,True
2026,6,Monaco Grand Prix,R,7017.197000,ALO,14,alonso,aston_martin,80.144000,46.000000,2.000000,,,20.936000,38.010000,21.198000,6958.049000,6996.059000,7017.257000,195.000000,179.000000,251.000000,268.000000,False,SOFT,43.000000,True,Aston Martin,6937.053000,,1,15.000000,False,,False,True
2026,6,Monaco Grand Prix,R,7098.459000,ALO,14,alonso,aston_martin,81.262000,47.000000,2.000000,,,21.137000,38.554000,21.571000,7038.394000,7076.948000,7098.519000,194.000000,180.000000,252.000000,266.000000,False,SOFT,44.000000,True,Aston Martin,7017.197000,,1,15.000000,False,,False,True
2026,6,Monaco Grand Prix,R,7179.509000,ALO,14,alonso,aston_martin,81.050000,48.000000,2.000000,,,21.436000,38.244000,21.370000,7119.955000,7158.199000,7179.569000,194.000000,180.000000,251.000000,268.000000,False,SOFT,45.000000,True,Aston Martin,7098.459000,,1,15.000000,False,,False,True
2026,6,Monaco Grand Prix,R,7261.149000,ALO,14,alonso,aston_martin,81.640000,49.000000,2.000000,,,21.053000,39.099000,21.488000,7200.622000,7239.721000,7261.209000,194.000000,179.000000,218.000000,263.000000,False,SOFT,46.000000,True,Aston Martin,7179.509000,,1,15.000000,False,,False,True
2026,6,Monaco Grand Prix,R,7342.073000,ALO,14,alonso,aston_martin,80.924000,50.000000,2.000000,,,22.040000,37.820000,21.064000,7283.249000,7321.069000,7342.133000,193.000000,181.000000,252.000000,267.000000,False,SOFT,47.000000,True,Aston Martin,7261.149000,,1,15.000000,False,,False,True
2026,6,Monaco Grand Prix,R,7423.318000,ALO,14,alonso,aston_martin,81.245000,51.000000,2.000000,,,21.853000,38.255000,21.137000,7363.986000,7402.241000,7423.378000,109.000000,183.000000,252.000000,269.000000,False,SOFT,48.000000,True,Aston Martin,7342.073000,,1,15.000000,False,,False,True
2026,6,Monaco Grand Prix,R,7502.846000,ALO,14,alonso,aston_martin,79.528000,52.000000,2.000000,,,20.884000,37.487000,21.157000,7444.262000,7481.749000,7502.906000,198.000000,184.000000,252.000000,267.000000,False,SOFT,49.000000,True,Aston Martin,7423.318000,,1,15.000000,False,,False,True
2026,6,Monaco Grand Prix,R,7582.831000,ALO,14,alonso,aston_martin,79.985000,53.000000,2.000000,,,20.863000,37.904000,21.218000,7523.769000,7561.673000,7582.891000,198.000000,180.000000,253.000000,268.000000,False,SOFT,50.000000,True,Aston Martin,7502.846000,,1,15.000000,False,,False,True
2026,6,Monaco Grand Prix,R,7662.551000,ALO,14,alonso,aston_martin,79.720000,54.000000,2.000000,,,20.873000,37.976000,20.871000,7603.764000,7641.740000,7662.611000,195.000000,183.000000,253.000000,268.000000,False,SOFT,51.000000,True,Aston Martin,7582.831000,,1,15.000000,False,,False,True
2026,6,Monaco Grand Prix,R,7743.519000,ALO,14,alonso,aston_martin,80.968000,55.000000,2.000000,,,20.848000,38.603000,21.517000,7683.459000,7722.062000,7743.579000,196.000000,177.000000,220.000000,267.000000,False,SOFT,52.000000,True,Aston Martin,7662.551000,,1,15.000000,True,TRACK LIMITS AT TURN 10 LAP 55 ,False,True
2026,6,Monaco Grand Prix,R,7825.985000,ALO,14,alonso,aston_martin,82.466000,56.000000,2.000000,,,22.193000,38.885000,21.388000,7765.772000,7804.657000,7826.045000,187.000000,179.000000,251.000000,265.000000,False,SOFT,53.000000,True,Aston Martin,7743.519000,,1,15.000000,False,,False,True
2026,6,Monaco Grand Prix,R,7905.613000,ALO,14,alonso,aston_martin,79.628000,57.000000,2.000000,,,21.004000,37.489000,21.135000,7847.049000,7884.538000,7905.673000,197.000000,184.000000,252.000000,268.000000,False,SOFT,54.000000,True,Aston Martin,7825.985000,,1,15.000000,False,,False,True
2026,6,Monaco Grand Prix,R,8020.897000,ALO,14,alonso,aston_martin,115.284000,58.000000,2.000000,,7995.246000,20.985000,50.913000,43.386000,7926.658000,7977.571000,8020.957000,194.000000,161.000000,,221.000000,False,SOFT,55.000000,True,Aston Martin,7905.613000,,124,15.000000,False,,False,False
2026,6,Monaco Grand Prix,R,8134.210000,ALO,14,alonso,aston_martin,113.313000,59.000000,3.000000,8022.018000,8114.967000,27.175000,49.541000,36.597000,8048.132000,8097.673000,8134.270000,167.000000,167.000000,,190.000000,False,SOFT,1.000000,True,Aston Martin,8020.897000,,4,15.000000,False,,False,False
2026,6,Monaco Grand Prix,R,8226.586000,ALO,14,alonso,aston_martin,92.376000,60.000000,4.000000,8135.220000,,31.544000,38.787000,22.045000,8165.814000,8204.601000,8226.646000,174.000000,179.000000,249.000000,265.000000,False,SOFT,2.000000,False,Aston Martin,8134.210000,,4,15.000000,False,,False,False
2026,6,Monaco Grand Prix,R,8336.767000,ALO,14,alonso,aston_martin,110.181000,61.000000,4.000000,,,27.688000,51.131000,31.362000,8254.334000,8305.465000,8336.827000,106.000000,165.000000,110.000000,197.000000,False,SOFT,3.000000,False,Aston Martin,8226.586000,,4,15.000000,False,,False,False
2026,6,Monaco Grand Prix,R,8430.454000,ALO,14,alonso,aston_martin,93.687000,62.000000,4.000000,,,28.525000,43.409000,21.753000,8365.352000,8408.761000,8430.514000,161.000000,175.000000,251.000000,253.000000,False,SOFT,4.000000,False,Aston Martin,8336.767000,,4,15.000000,False,,False,False
2026,6,Monaco Grand Prix,R,8514.436000,ALO,14,alonso,aston_martin,83.982000,63.000000,4.000000,,,21.833000,39.317000,22.832000,8452.347000,8491.664000,8514.496000,180.000000,177.000000,252.000000,269.000000,False,SOFT,5.000000,False,Aston Martin,8430.454000,,4,15.000000,False,,False,False
2026,6,Monaco Grand Prix,R,8596.558000,ALO,14,alonso,aston_martin,82.122000,64.000000,4.000000,,,21.862000,38.290000,21.970000,8536.358000,8574.648000,8596.618000,176.000000,182.000000,253.000000,269.000000,False,SOFT,6.000000,False,Aston Martin,8514.436000,,412,15.000000,False,,False,False
2026,6,Monaco Grand Prix,R,8712.109000,ALO,14,alonso,aston_martin,115.551000,65.000000,4.000000,,8688.727000,25.548000,49.813000,40.190000,8622.166000,8671.979000,8712.169000,172.000000,160.000000,,163.000000,False,SOFT,7.000000,False,Aston Martin,8596.558000,,24,14.000000,False,,False,False
2026,6,Monaco Grand Prix,R,8818.404000,ALO,14,alonso,aston_martin,106.295000,66.000000,5.000000,8712.876000,,29.061000,49.681000,27.553000,8741.230000,8790.911000,8818.464000,138.000000,152.000000,184.000000,234.000000,False,SOFT,8.000000,False,Aston Martin,8712.109000,,4,14.000000,False,,False,False
2026,6,Monaco Grand Prix,R,10948.674000,ALO,14,alonso,aston_martin,,67.000000,5.000000,,8924.621000,27.951000,51.724000,,8846.525000,8898.199000,,101.000000,151.000000,,153.000000,False,SOFT,9.000000,False,Aston Martin,8818.404000,,451,14.000000,False,,False,False
2026,6,Monaco Grand Prix,R,11098.911000,ALO,14,alonso,aston_martin,,68.000000,6.000000,10949.297000,11034.777000,30.290000,40.033000,80.003000,10978.985000,11019.119000,11099.203000,156.000000,178.000000,,262.000000,False,SOFT,9.000000,False,Aston Martin,10948.674000,,14,14.000000,False,,False,False
2026,6,Monaco Grand Prix,R,11188.228000,ALO,14,alonso,aston_martin,89.317000,69.000000,7.000000,11099.733000,,26.761000,39.723000,22.833000,11125.732000,11165.455000,11188.288000,176.000000,180.000000,250.000000,265.000000,False,SOFT,9.000000,False,Aston Martin,11098.911000,,4,14.000000,False,,False,False
2026,6,Monaco Grand Prix,R,11333.521000,ALO,14,alonso,aston_martin,145.293000,70.000000,7.000000,,,23.077000,48.134000,74.082000,11211.365000,11259.499000,11333.581000,135.000000,174.000000,159.000000,261.000000,False,SOFT,10.000000,False,Aston Martin,11188.228000,,41,14.000000,False,,False,False
2026,6,Monaco Grand Prix,R,11424.073000,ALO,14,alonso,aston_martin,90.552000,71.000000,7.000000,,,26.381000,42.901000,21.270000,11359.962000,11402.863000,11424.133000,159.000000,178.000000,258.000000,268.000000,False,SOFT,11.000000,False,Aston Martin,11333.521000,,12,13.000000,False,,False,True
2026,6,Monaco Grand Prix,R,11504.971000,ALO,14,alonso,aston_martin,80.898000,72.000000,7.000000,,,21.498000,37.869000,21.531000,11445.631000,11483.500000,11505.031000,189.000000,181.000000,260.000000,280.000000,False,SOFT,12.000000,False,Aston Martin,11424.073000,,1,13.000000,False,,False,True
2026,6,Monaco Grand Prix,R,11585.121000,ALO,14,alonso,aston_martin,80.150000,73.000000,7.000000,,,21.241000,38.089000,20.820000,11526.272000,11564.361000,11585.181000,178.000000,182.000000,259.000000,280.000000,False,SOFT,13.000000,False,Aston Martin,11504.971000,,1,12.000000,False,,False,True
2026,6,Monaco Grand Prix,R,11663.422000,ALO,14,alonso,aston_martin,78.301000,74.000000,7.000000,,,20.822000,36.766000,20.713000,11606.003000,11642.769000,11663.482000,199.000000,184.000000,255.000000,280.000000,True,SOFT,14.000000,False,Aston Martin,11585.121000,,1,12.000000,False,,False,True
2026,6,Monaco Grand Prix,R,11741.478000,ALO,14,alonso,aston_martin,78.056000,75.000000,7.000000,,,20.605000,36.686000,20.765000,11684.087000,11720.773000,11741.538000,200.000000,184.000000,254.000000,271.000000,True,SOFT,15.000000,False,Aston Martin,11663.422000,,1,12.000000,False,,False,True
2026,6,Monaco Grand Prix,R,11818.754000,ALO,14,alonso,aston_martin,77.276000,76.000000,7.000000,,,20.463000,36.348000,20.465000,11762.001000,11798.349000,11818.814000,201.000000,190.000000,255.000000,270.000000,True,SOFT,16.000000,False,Aston Martin,11741.478000,,1,12.000000,False,,False,True
2026,6,Monaco Grand Prix,R,11895.874000,ALO,14,alonso,aston_martin,77.120000,77.000000,7.000000,,,20.291000,36.402000,20.427000,11839.105000,11875.507000,11895.934000,204.000000,187.000000,255.000000,271.000000,True,SOFT,17.000000,False,Aston Martin,11818.754000,,1,12.000000,False,,False,True
2026,6,Monaco Grand Prix,R,11973.014000,ALO,14,alonso,aston_martin,77.140000,78.000000,7.000000,,,20.342000,36.359000,20.439000,11916.276000,11952.635000,11973.074000,203.000000,190.000000,255.000000,270.000000,False,SOFT,18.000000,False,Aston Martin,11895.874000,,1,12.000000,False,,False,True
2026,6,Monaco Grand Prix,R,3405.380000,LEC,16,leclerc,ferrari,85.514000,1.000000,1.000000,,,,37.540000,21.112000,,3384.339000,3405.558000,172.000000,182.000000,252.000000,266.000000,False,MEDIUM,1.000000,True,Ferrari,3319.645000,,12,3.000000,False,,False,False
2026,6,Monaco Grand Prix,R,3483.933000,LEC,16,leclerc,ferrari,78.553000,2.000000,1.000000,,,20.968000,36.826000,20.759000,3426.353000,3463.179000,3483.938000,198.000000,185.000000,253.000000,267.000000,True,MEDIUM,2.000000,True,Ferrari,3405.380000,,1,3.000000,False,,False,True
2026,6,Monaco Grand Prix,R,3561.726000,LEC,16,leclerc,ferrari,77.793000,3.000000,1.000000,,,20.756000,36.413000,20.624000,3504.694000,3541.107000,3561.731000,196.000000,188.000000,259.000000,268.000000,True,MEDIUM,3.000000,True,Ferrari,3483.933000,,1,3.000000,False,,False,True
2026,6,Monaco Grand Prix,R,3639.196000,LEC,16,leclerc,ferrari,77.470000,4.000000,1.000000,,,20.570000,36.318000,20.582000,3582.301000,3618.619000,3639.201000,192.000000,187.000000,254.000000,276.000000,True,MEDIUM,4.000000,True,Ferrari,3561.726000,,1,3.000000,False,,False,True
2026,6,Monaco Grand Prix,R,3716.851000,LEC,16,leclerc,ferrari,77.655000,5.000000,1.000000,,,20.468000,36.600000,20.587000,3659.669000,3696.269000,3716.856000,200.000000,187.000000,254.000000,268.000000,False,MEDIUM,5.000000,True,Ferrari,3639.196000,,1,3.000000,False,,False,True
2026,6,Monaco Grand Prix,R,3794.591000,LEC,16,leclerc,ferrari,77.740000,6.000000,1.000000,,,20.553000,36.650000,20.537000,3737.409000,3774.059000,3794.596000,194.000000,187.000000,252.000000,259.000000,False,MEDIUM,6.000000,True,Ferrari,3716.851000,,1,3.000000,False,,False,True
2026,6,Monaco Grand Prix,R,3871.929000,LEC,16,leclerc,ferrari,77.338000,7.000000,1.000000,,,20.563000,36.320000,20.455000,3815.159000,3851.479000,3871.934000,202.000000,189.000000,253.000000,258.000000,True,MEDIUM,7.000000,True,Ferrari,3794.591000,,1,3.000000,False,,False,True
2026,6,Monaco Grand Prix,R,3948.838000,LEC,16,leclerc,ferrari,76.909000,8.000000,1.000000,,,20.338000,36.157000,20.414000,3892.272000,3928.429000,3948.843000,200.000000,192.000000,253.000000,261.000000,True,MEDIUM,8.000000,True,Ferrari,3871.929000,,1,3.000000,False,,False,True
2026,6,Monaco Grand Prix,R,4026.026000,LEC,16,leclerc,ferrari,77.188000,9.000000,1.000000,,,20.312000,36.319000,20.557000,3969.155000,4005.474000,4026.031000,196.000000,187.000000,253.000000,262.000000,False,MEDIUM,9.000000,True,Ferrari,3948.838000,,1,3.000000,False,,False,True
2026,6,Monaco Grand Prix,R,4102.866000,LEC,16,leclerc,ferrari,76.840000,10.000000,1.000000,,,20.384000,36.055000,20.401000,4046.415000,4082.470000,4102.871000,197.000000,191.000000,253.000000,262.000000,True,MEDIUM,10.000000,True,Ferrari,4026.026000,,1,3.000000,False,,False,True
2026,6,Monaco Grand Prix,R,4179.879000,LEC,16,leclerc,ferrari,77.013000,11.000000,1.000000,,,20.358000,36.128000,20.527000,4123.229000,4159.357000,4179.884000,199.000000,190.000000,254.000000,263.000000,False,MEDIUM,11.000000,True,Ferrari,4102.866000,,1,3.000000,False,,False,True
2026,6,Monaco Grand Prix,R,4257.439000,LEC,16,leclerc,ferrari,77.560000,12.000000,1.000000,,,20.392000,36.347000,20.821000,4200.276000,4236.623000,4257.444000,194.000000,188.000000,258.000000,266.000000,False,MEDIUM,12.000000,True,Ferrari,4179.879000,,1,3.000000,False,,False,True
2026,6,Monaco Grand Prix,R,4334.520000,LEC,16,leclerc,ferrari,77.081000,13.000000,1.000000,,,20.342000,36.193000,20.546000,4277.786000,4313.979000,4334.525000,197.000000,188.000000,253.000000,264.000000,False,MEDIUM,13.000000,True,Ferrari,4257.439000,,1,3.000000,False,,False,True
2026,6,Monaco Grand Prix,R,4411.676000,LEC,16,leclerc,ferrari,77.156000,14.000000,1.000000,,,20.349000,36.229000,20.578000,4354.874000,4391.103000,4411.681000,198.000000,190.000000,254.000000,264.000000,False,MEDIUM,14.000000,True,Ferrari,4334.520000,,1,3.000000,False,,False,True
2026,6,Monaco Grand Prix,R,4488.989000,LEC,16,leclerc,ferrari,77.313000,15.000000,1.000000,,,20.421000,36.302000,20.590000,4432.102000,4468.404000,4488.994000,200.000000,190.000000,253.000000,263.000000,False,MEDIUM,15.000000,True,Ferrari,4411.676000,,1,3.000000,False,,False,True
2026,6,Monaco Grand Prix,R,4566.004000,LEC,16,leclerc,ferrari,77.015000,16.000000,1.000000,,,20.288000,36.131000,20.596000,4509.282000,4545.413000,4566.009000,204.000000,187.000000,253.000000,263.000000,False,MEDIUM,16.000000,True,Ferrari,4488.989000,,1,3.000000,False,,False,True
2026,6,Monaco Grand Prix,R,4643.692000,LEC,16,leclerc,ferrari,77.688000,17.000000,1.000000,,,20.346000,36.388000,20.954000,4586.355000,4622.743000,4643.697000,199.000000,187.000000,258.000000,262.000000,False,MEDIUM,17.000000,True,Ferrari,4566.004000,,1,3.000000,False,,False,True
2026,6,Monaco Grand Prix,R,4721.055000,LEC,16,leclerc,ferrari,77.363000,18.000000,1.000000,,,20.423000,36.440000,20.500000,4664.120000,4700.560000,4721.060000,198.000000,189.000000,253.000000,265.000000,False,MEDIUM,18.000000,True,Ferrari,4643.692000,,1,3.000000,False,,False,True
2026,6,Monaco Grand Prix,R,4798.753000,LEC,16,leclerc,ferrari,77.698000,19.000000,1.000000,,,20.389000,36.527000,20.782000,4741.449000,4777.976000,4798.758000,201.000000,187.000000,259.000000,266.000000,False,MEDIUM,19.000000,True,Ferrari,4721.055000,,1,3.000000,False,,False,True
2026,6,Monaco Grand Prix,R,4875.972000,LEC,16,leclerc,ferrari,77.219000,20.000000,1.000000,,,20.352000,36.266000,20.601000,4819.110000,4855.376000,4875.977000,195.000000,188.000000,253.000000,264.000000,False,MEDIUM,20.000000,True,Ferrari,4798.753000,,1,3.000000,False,,False,True
2026,6,Monaco Grand Prix,R,4952.853000,LEC,16,leclerc,ferrari,76.881000,21.000000,1.000000,,,20.199000,36.283000,20.399000,4896.176000,4932.459000,4952.858000,203.000000,190.000000,253.000000,263.000000,False,MEDIUM,21.000000,True,Ferrari,4875.972000,,1,3.000000,False,,False,True
2026,6,Monaco Grand Prix,R,5029.824000,LEC,16,leclerc,ferrari,76.971000,22.000000,1.000000,,,20.252000,36.199000,20.520000,4973.110000,5009.309000,5029.829000,200.000000,189.000000,253.000000,263.000000,False,MEDIUM,22.000000,True,Ferrari,4952.853000,,1,3.000000,False,,False,True
2026,6,Monaco Grand Prix,R,5107.708000,LEC,16,leclerc,ferrari,77.884000,23.000000,1.000000,,,20.195000,36.961000,20.728000,5050.024000,5086.985000,5107.713000,203.000000,185.000000,253.000000,265.000000,False,MEDIUM,23.000000,True,Ferrari,5029.824000,,1,3.000000,True,TRACK LIMITS AT TURN 10 LAP 23 ,False,True
2026,6,Monaco Grand Prix,R,5184.663000,LEC,16,leclerc,ferrari,76.955000,24.000000,1.000000,,,20.243000,36.226000,20.486000,5127.956000,5164.182000,5184.668000,208.000000,189.000000,254.000000,265.000000,False,MEDIUM,24.000000,True,Ferrari,5107.708000,,1,3.000000,False,,False,True
2026,6,Monaco Grand Prix,R,5261.646000,LEC,16,leclerc,ferrari,76.983000,25.000000,1.000000,,,20.291000,36.264000,20.428000,5204.959000,5241.223000,5261.651000,202.000000,192.000000,253.000000,262.000000,False,MEDIUM,25.000000,True,Ferrari,5184.663000,,1,3.000000,False,,False,True
2026,6,Monaco Grand Prix,R,5338.667000,LEC,16,leclerc,ferrari,77.021000,26.000000,1.000000,,,20.252000,36.372000,20.397000,5281.903000,5318.275000,5338.672000,203.000000,190.000000,255.000000,266.000000,False,MEDIUM,26.000000,True,Ferrari,5261.646000,,1,3.000000,False,,False,True
2026,6,Monaco Grand Prix,R,5415.835000,LEC,16,leclerc,ferrari,77.168000,27.000000,1.000000,,,20.271000,36.377000,20.520000,5358.943000,5395.320000,5415.840000,203.000000,187.000000,255.000000,268.000000,False,MEDIUM,27.000000,True,Ferrari,5338.667000,,1,3.000000,False,,False,True
2026,6,Monaco Grand Prix,R,5493.407000,LEC,16,leclerc,ferrari,77.572000,28.000000,1.000000,,,20.260000,36.507000,20.805000,5436.100000,5472.607000,5493.412000,201.000000,187.000000,255.000000,268.000000,False,MEDIUM,28.000000,True,Ferrari,5415.835000,,1,2.000000,False,,False,True
2026,6,Monaco Grand Prix,R,5570.595000,LEC,16,leclerc,ferrari,77.188000,29.000000,1.000000,,,20.306000,36.305000,20.577000,5513.718000,5550.023000,5570.600000,204.000000,189.000000,254.000000,268.000000,False,MEDIUM,29.000000,True,Ferrari,5493.407000,,1,2.000000,False,,False,True
2026,6,Monaco Grand Prix,R,5647.665000,LEC,16,leclerc,ferrari,77.070000,30.000000,1.000000,,,20.267000,36.292000,20.511000,5590.867000,5627.159000,5647.670000,201.000000,188.000000,255.000000,268.000000,False,MEDIUM,30.000000,True,Ferrari,5570.595000,,1,2.000000,False,,False,True
2026,6,Monaco Grand Prix,R,5725.244000,LEC,16,leclerc,ferrari,77.579000,31.000000,1.000000,,,20.361000,36.563000,20.655000,5668.031000,5704.594000,5725.249000,200.000000,186.000000,254.000000,269.000000,False,MEDIUM,31.000000,True,Ferrari,5647.665000,,1,2.000000,False,,False,True
2026,6,Monaco Grand Prix,R,5803.163000,LEC,16,leclerc,ferrari,77.919000,32.000000,1.000000,,,20.432000,36.844000,20.643000,5745.681000,5782.525000,5803.168000,195.000000,187.000000,255.000000,270.000000,False,MEDIUM,32.000000,True,Ferrari,5725.244000,,1,2.000000,False,,False,True
2026,6,Monaco Grand Prix,R,5880.829000,LEC,16,leclerc,ferrari,77.666000,33.000000,1.000000,,,20.453000,36.632000,20.581000,5823.621000,5860.253000,5880.834000,203.000000,188.000000,255.000000,269.000000,False,MEDIUM,33.000000,True,Ferrari,5803.163000,,1,2.000000,False,,False,True
2026,6,Monaco Grand Prix,R,5958.736000,LEC,16,leclerc,ferrari,77.907000,34.000000,1.000000,,,20.644000,36.651000,20.612000,5901.478000,5938.129000,5958.741000,196.000000,189.000000,255.000000,270.000000,False,MEDIUM,34.000000,True,Ferrari,5880.829000,,1,2.000000,False,,False,True
2026,6,Monaco Grand Prix,R,6055.236000,LEC,16,leclerc,ferrari,96.500000,35.000000,1.000000,,6030.549000,20.678000,36.922000,38.900000,5979.419000,6016.341000,6055.241000,194.000000,187.000000,,271.000000,False,MEDIUM,35.000000,True,Ferrari,5958.736000,,1,3.000000,False,,False,False
2026,6,Monaco Grand Prix,R,6138.662000,LEC,16,leclerc,ferrari,83.426000,36.000000,2.000000,6055.996000,,25.177000,37.496000,20.753000,6080.418000,6117.914000,6138.667000,179.000000,180.000000,253.000000,268.000000,False,HARD,1.000000,True,Ferrari,6055.236000,,1,3.000000,False,,False,False
2026,6,Monaco Grand Prix,R,6216.314000,LEC,16,leclerc,ferrari,77.652000,37.000000,2.000000,,,20.580000,36.701000,20.371000,6159.247000,6195.948000,6216.319000,194.000000,184.000000,254.000000,258.000000,False,HARD,2.000000,True,Ferrari,6138.662000,,1,3.000000,False,,False,True
2026,6,Monaco Grand Prix,R,6293.186000,LEC,16,leclerc,ferrari,76.872000,38.000000,2.000000,,,20.324000,36.166000,20.382000,6236.643000,6272.809000,6293.191000,196.000000,187.000000,254.000000,257.000000,False,HARD,3.000000,True,Ferrari,6216.314000,,1,3.000000,False,,False,True
2026,6,Monaco Grand Prix,R,6369.755000,LEC,16,leclerc,ferrari,76.569000,39.000000,2.000000,,,20.175000,36.023000,20.371000,6313.366000,6349.389000,6369.760000,200.000000,188.000000,255.000000,260.000000,True,HARD,4.000000,True,Ferrari,6293.186000,,1,3.000000,False,,False,True
2026,6,Monaco Grand Prix,R,6446.319000,LEC,16,leclerc,ferrari,76.564000,40.000000,2.000000,,,20.104000,35.945000,20.515000,6389.864000,6425.809000,6446.324000,204.000000,186.000000,254.000000,271.000000,True,HARD,5.000000,True,Ferrari,6369.755000,,1,3.000000,False,,False,True
2026,6,Monaco Grand Prix,R,6524.191000,LEC,16,leclerc,ferrari,77.872000,41.000000,2.000000,,,20.324000,36.536000,21.012000,6466.648000,6503.184000,6524.196000,199.000000,185.000000,259.000000,259.000000,False,HARD,6.000000,True,Ferrari,6446.319000,,1,3.000000,False,,False,True
2026,6,Monaco Grand Prix,R,6601.727000,LEC,16,leclerc,ferrari,77.536000,42.000000,2.000000,,,20.610000,36.520000,20.406000,6544.806000,6581.326000,6601.732000,199.000000,189.000000,254.000000,258.000000,False,HARD,7.000000,True,Ferrari,6524.191000,,1,3.000000,False,,False,True
2026,6,Monaco Grand Prix,R,6678.301000,LEC,16,leclerc,ferrari,76.574000,43.000000,2.000000,,,20.235000,36.092000,20.247000,6621.967000,6658.059000,6678.306000,195.000000,192.000000,254.000000,257.000000,False,HARD,8.000000,True,Ferrari,6601.727000,,1,3.000000,False,,False,True
2026,6,Monaco Grand Prix,R,6754.646000,LEC,16,leclerc,ferrari,76.345000,44.000000,2.000000,,,20.117000,35.866000,20.362000,6698.423000,6734.289000,6754.651000,194.000000,191.000000,254.000000,258.000000,True,HARD,9.000000,True,Ferrari,6678.301000,,1,3.000000,False,,False,True
2026,6,Monaco Grand Prix,R,6831.184000,LEC,16,leclerc,ferrari,76.538000,45.000000,2.000000,,,20.096000,36.100000,20.342000,6774.747000,6810.847000,6831.189000,197.000000,193.000000,254.000000,258.000000,False,HARD,10.000000,True,Ferrari,6754.646000,,1,3.000000,False,,False,True
2026,6,Monaco Grand Prix,R,6907.455000,LEC,16,leclerc,ferrari,76.271000,46.000000,2.000000,,,20.088000,35.960000,20.223000,6851.277000,6887.237000,6907.460000,202.000000,190.000000,255.000000,258.000000,True,HARD,11.000000,True,Ferrari,6831.184000,,1,3.000000,False,,False,True
2026,6,Monaco Grand Prix,R,6983.492000,LEC,16,leclerc,ferrari,76.037000,47.000000,2.000000,,,20.058000,35.827000,20.152000,6927.518000,6963.345000,6983.497000,201.000000,193.000000,254.000000,258.000000,True,HARD,12.000000,True,Ferrari,6907.455000,,1,3.000000,False,,False,True
2026,6,Monaco Grand Prix,R,7059.709000,LEC,16,leclerc,ferrari,76.217000,48.000000,2.000000,,,20.059000,35.948000,20.210000,7003.556000,7039.504000,7059.714000,202.000000,192.000000,255.000000,260.000000,False,HARD,13.000000,True,Ferrari,6983.492000,,1,3.000000,False,,False,True
2026,6,Monaco Grand Prix,R,7135.904000,LEC,16,leclerc,ferrari,76.195000,49.000000,2.000000,,,20.069000,35.913000,20.213000,7079.783000,7115.696000,7135.909000,200.000000,190.000000,255.000000,260.000000,False,HARD,14.000000,True,Ferrari,7059.709000,,1,3.000000,False,,False,True
2026,6,Monaco Grand Prix,R,7212.115000,LEC,16,leclerc,ferrari,76.211000,50.000000,2.000000,,,19.974000,35.914000,20.323000,7155.883000,7191.797000,7212.120000,203.000000,191.000000,255.000000,260.000000,False,HARD,15.000000,True,Ferrari,7135.904000,,1,3.000000,False,,False,True
2026,6,Monaco Grand Prix,R,7288.589000,LEC,16,leclerc,ferrari,76.474000,51.000000,2.000000,,,20.006000,36.085000,20.383000,7232.126000,7268.211000,7288.594000,207.000000,191.000000,256.000000,272.000000,False,HARD,16.000000,True,Ferrari,7212.115000,,1,3.000000,False,,False,True
2026,6,Monaco Grand Prix,R,7365.285000,LEC,16,leclerc,ferrari,76.696000,52.000000,2.000000,,,20.261000,36.085000,20.350000,7308.855000,7344.940000,7365.290000,202.000000,192.000000,255.000000,262.000000,False,HARD,17.000000,True,Ferrari,7288.589000,,1,3.000000,False,,False,True
2026,6,Monaco Grand Prix,R,7441.249000,LEC,16,leclerc,ferrari,75.964000,53.000000,2.000000,,,19.934000,35.864000,20.166000,7385.224000,7421.088000,7441.254000,203.000000,192.000000,255.000000,260.000000,True,HARD,18.000000,True,Ferrari,7365.285000,,1,3.000000,False,,False,True
2026,6,Monaco Grand Prix,R,7517.399000,LEC,16,leclerc,ferrari,76.150000,54.000000,2.000000,,,20.110000,35.892000,20.148000,7461.364000,7497.256000,7517.404000,205.000000,191.000000,256.000000,259.000000,False,HARD,19.000000,True,Ferrari,7441.249000,,1,3.000000,False,,False,True
2026,6,Monaco Grand Prix,R,7593.455000,LEC,16,leclerc,ferrari,76.056000,55.000000,2.000000,,,19.968000,35.951000,20.137000,7537.372000,7573.323000,7593.460000,205.000000,191.000000,256.000000,261.000000,False,HARD,20.000000,True,Ferrari,7517.399000,,1,3.000000,False,,False,True
2026,6,Monaco Grand Prix,R,7670.543000,LEC,16,leclerc,ferrari,77.088000,56.000000,2.000000,,,20.094000,36.834000,20.160000,7613.554000,7650.388000,7670.548000,200.000000,192.000000,256.000000,265.000000,False,HARD,21.000000,True,Ferrari,7593.455000,,1,3.000000,False,,False,True
2026,6,Monaco Grand Prix,R,7746.936000,LEC,16,leclerc,ferrari,76.393000,57.000000,2.000000,,,20.118000,35.900000,20.375000,7690.666000,7726.566000,7746.941000,200.000000,189.000000,256.000000,263.000000,False,HARD,22.000000,True,Ferrari,7670.543000,,1,3.000000,False,,False,True
2026,6,Monaco Grand Prix,R,7823.314000,LEC,16,leclerc,ferrari,76.378000,58.000000,2.000000,,,20.160000,36.021000,20.197000,7767.101000,7803.122000,7823.319000,202.000000,191.000000,257.000000,266.000000,False,HARD,23.000000,True,Ferrari,7746.936000,,1,3.000000,False,,False,True
2026,6,Monaco Grand Prix,R,7899.790000,LEC,16,leclerc,ferrari,76.476000,59.000000,2.000000,,,20.119000,36.120000,20.237000,7843.438000,7879.558000,7899.795000,200.000000,194.000000,256.000000,261.000000,False,HARD,24.000000,True,Ferrari,7823.314000,,1,3.000000,False,,False,True
2026,6,Monaco Grand Prix,R,8021.447000,LEC,16,leclerc,ferrari,121.657000,60.000000,2.000000,,7987.296000,20.065000,49.146000,52.446000,7919.860000,7969.006000,8021.452000,203.000000,157.000000,,176.000000,False,HARD,25.000000,True,Ferrari,7899.790000,,124,3.000000,False,,False,False
2026,6,Monaco Grand Prix,R,8136.752000,LEC,16,leclerc,ferrari,115.305000,61.000000,3.000000,8022.190000,8117.658000,27.736000,49.272000,38.297000,8049.188000,8098.460000,8136.757000,161.000000,149.000000,,193.000000,False,SOFT,5.000000,False,Ferrari,8021.447000,,4,3.000000,False,,False,False
2026,6,Monaco Grand Prix,R,8231.422000,LEC,16,leclerc,ferrari,94.670000,62.000000,4.000000,8137.533000,,30.777000,41.764000,22.129000,8167.534000,8209.298000,8231.427000,152.000000,173.000000,251.000000,263.000000,False,SOFT,6.000000,False,Ferrari,8136.752000,,4,3.000000,False,,False,False
2026,6,Monaco Grand Prix,R,8338.272000,LEC,16,leclerc,ferrari,106.850000,63.000000,4.000000,,,24.204000,50.646000,32.000000,8255.631000,8306.277000,8338.277000,148.000000,153.000000,117.000000,180.000000,False,SOFT,7.000000,False,Ferrari,8231.422000,,4,3.000000,False,,False,False
2026,6,Monaco Grand Prix,R,8462.715000,LEC,16,leclerc,ferrari,124.443000,64.000000,4.000000,,,35.547000,57.888000,31.008000,8373.824000,8431.712000,8462.720000,98.000000,135.000000,217.000000,157.000000,False,SOFT,8.000000,False,Ferrari,8338.272000,,4,3.000000,False,,False,False
2026,6,Monaco Grand Prix,R,8834.713000,LEC,16,leclerc,ferrari,,65.000000,4.000000,,,,,,,,,,,,,,SOFT,9.000000,False,Ferrari,8462.715000,,412,,False,,True,False
2026,6,Monaco Grand Prix,R,3419.063000,STR,18,stroll,aston_martin,99.197000,1.000000,1.000000,,,,42.992000,22.142000,,3397.058000,3419.089000,151.000000,175.000000,252.000000,260.000000,False,MEDIUM,1.000000,True,Aston Martin,3319.645000,,12,18.000000,False,,False,False
2026,6,Monaco Grand Prix,R,3501.145000,STR,18,stroll,aston_martin,82.082000,2.000000,1.000000,,,21.701000,38.678000,21.703000,3440.764000,3479.442000,3501.145000,175.000000,179.000000,249.000000,267.000000,True,MEDIUM,2.000000,True,Aston Martin,3419.063000,,1,18.000000,False,,False,True
2026,6,Monaco Grand Prix,R,3583.045000,STR,18,stroll,aston_martin,81.900000,3.000000,1.000000,,,21.738000,38.502000,21.660000,3522.883000,3561.385000,3583.045000,180.000000,178.000000,248.000000,260.000000,True,MEDIUM,3.000000,True,Aston Martin,3501.145000,,1,17.000000,False,,False,True
2026,6,Monaco Grand Prix,R,3681.554000,STR,18,stroll,aston_martin,98.509000,4.000000,1.000000,,3657.503000,21.459000,38.057000,38.993000,3604.504000,3642.561000,3681.554000,184.000000,179.000000,,263.000000,False,MEDIUM,4.000000,True,Aston Martin,3583.045000,,1,17.000000,False,,False,False
2026,6,Monaco Grand Prix,R,3765.572000,STR,18,stroll,aston_martin,84.018000,5.000000,2.000000,3682.362000,,24.665000,38.192000,21.161000,3706.219000,3744.411000,3765.572000,174.000000,184.000000,248.000000,260.000000,False,SOFT,1.000000,True,Aston Martin,3681.554000,,1,18.000000,False,,False,False
2026,6,Monaco Grand Prix,R,3845.327000,STR,18,stroll,aston_martin,79.755000,6.000000,2.000000,,,21.180000,37.352000,21.223000,3786.752000,3824.104000,3845.327000,191.000000,182.000000,249.000000,262.000000,True,SOFT,2.000000,True,Aston Martin,3765.572000,,1,18.000000,False,,False,True
2026,6,Monaco Grand Prix,R,3924.929000,STR,18,stroll,aston_martin,79.602000,7.000000,2.000000,,,20.910000,37.465000,21.227000,3866.237000,3903.702000,3924.929000,192.000000,182.000000,249.000000,264.000000,True,SOFT,3.000000,True,Aston Martin,3845.327000,,1,18.000000,False,,False,True
2026,6,Monaco Grand Prix,R,4004.105000,STR,18,stroll,aston_martin,79.176000,8.000000,2.000000,,,20.857000,37.072000,21.247000,3945.786000,3982.858000,4004.105000,197.000000,183.000000,249.000000,264.000000,True,SOFT,4.000000,True,Aston Martin,3924.929000,,1,18.000000,False,,False,True
2026,6,Monaco Grand Prix,R,4083.249000,STR,18,stroll,aston_martin,79.144000,9.000000,2.000000,,,20.654000,37.180000,21.310000,4024.759000,4061.939000,4083.249000,196.000000,184.000000,250.000000,265.000000,True,SOFT,5.000000,True,Aston Martin,4004.105000,,1,17.000000,False,,False,True
2026,6,Monaco Grand Prix,R,4162.563000,STR,18,stroll,aston_martin,79.314000,10.000000,2.000000,,,20.835000,37.110000,21.369000,4104.084000,4141.194000,4162.563000,195.000000,182.000000,250.000000,265.000000,False,SOFT,6.000000,True,Aston Martin,4083.249000,,1,17.000000,False,,False,True
2026,6,Monaco Grand Prix,R,4242.106000,STR,18,stroll,aston_martin,79.543000,11.000000,2.000000,,,20.981000,37.352000,21.210000,4183.544000,4220.896000,4242.106000,192.000000,181.000000,250.000000,263.000000,False,SOFT,7.000000,True,Aston Martin,4162.563000,,1,17.000000,False,,False,True
2026,6,Monaco Grand Prix,R,4321.544000,STR,18,stroll,aston_martin,79.438000,12.000000,2.000000,,,20.812000,37.406000,21.220000,4262.918000,4300.324000,4321.544000,192.000000,182.000000,250.000000,264.000000,False,SOFT,8.000000,True,Aston Martin,4242.106000,,1,17.000000,False,,False,True
2026,6,Monaco Grand Prix,R,4400.684000,STR,18,stroll,aston_martin,79.140000,13.000000,2.000000,,,20.777000,37.218000,21.145000,4342.321000,4379.539000,4400.684000,196.000000,183.000000,250.000000,265.000000,True,SOFT,9.000000,True,Aston Martin,4321.544000,,1,17.000000,False,,False,True
2026,6,Monaco Grand Prix,R,4481.584000,STR,18,stroll,aston_martin,80.900000,14.000000,2.000000,,,20.772000,37.475000,22.653000,4421.456000,4458.931000,4481.584000,190.000000,180.000000,254.000000,265.000000,False,SOFT,10.000000,True,Aston Martin,4400.684000,,1,17.000000,False,,False,True
2026,6,Monaco Grand Prix,R,4563.205000,STR,18,stroll,aston_martin,81.621000,15.000000,2.000000,,,21.085000,39.176000,21.360000,4502.669000,4541.845000,4563.205000,195.000000,180.000000,250.000000,272.000000,False,SOFT,11.000000,True,Aston Martin,4481.584000,,1,17.000000,False,,False,True
2026,6,Monaco Grand Prix,R,4644.646000,STR,18,stroll,aston_martin,81.441000,16.000000,2.000000,,,20.973000,37.591000,22.877000,4584.178000,4621.769000,4644.646000,193.000000,180.000000,249.000000,265.000000,False,SOFT,12.000000,True,Aston Martin,4563.205000,,1,17.000000,False,,False,True
2026,6,Monaco Grand Prix,R,4724.257000,STR,18,stroll,aston_martin,79.611000,17.000000,2.000000,,,21.177000,37.180000,21.254000,4665.823000,4703.003000,4724.257000,196.000000,178.000000,250.000000,265.000000,False,SOFT,13.000000,True,Aston Martin,4644.646000,,1,17.000000,True,TRACK LIMITS AT TURN 10 LAP 17 ,False,True
2026,6,Monaco Grand Prix,R,4803.588000,STR,18,stroll,aston_martin,79.331000,18.000000,2.000000,,,20.898000,37.254000,21.179000,4745.155000,4782.409000,4803.588000,199.000000,182.000000,251.000000,265.000000,False,SOFT,14.000000,True,Aston Martin,4724.257000,,1,17.000000,False,,False,True
2026,6,Monaco Grand Prix,R,4882.834000,STR,18,stroll,aston_martin,79.246000,19.000000,2.000000,,,20.885000,37.304000,21.057000,4824.473000,4861.777000,4882.834000,194.000000,182.000000,250.000000,265.000000,False,SOFT,15.000000,True,Aston Martin,4803.588000,,1,17.000000,False,,False,True
2026,6,Monaco Grand Prix,R,4961.981000,STR,18,stroll,aston_martin,79.147000,20.000000,2.000000,,,20.864000,37.214000,21.069000,4903.698000,4940.912000,4961.981000,198.000000,182.000000,250.000000,265.000000,False,SOFT,16.000000,True,Aston Martin,4882.834000,,1,17.000000,False,,False,True
2026,6,Monaco Grand Prix,R,5041.314000,STR,18,stroll,aston_martin,79.333000,21.000000,2.000000,,,20.784000,37.456000,21.093000,4982.765000,5020.221000,5041.314000,195.000000,183.000000,250.000000,265.000000,False,SOFT,17.000000,True,Aston Martin,4961.981000,,1,17.000000,False,,False,True
2026,6,Monaco Grand Prix,R,5120.710000,STR,18,stroll,aston_martin,79.396000,22.000000,2.000000,,,20.865000,37.217000,21.314000,5062.179000,5099.396000,5120.710000,196.000000,183.000000,250.000000,265.000000,False,SOFT,18.000000,True,Aston Martin,5041.314000,,1,17.000000,False,,False,True
2026,6,Monaco Grand Prix,R,5200.181000,STR,18,stroll,aston_martin,79.471000,23.000000,2.000000,,,21.087000,37.302000,21.082000,5141.797000,5179.099000,5200.181000,197.000000,183.000000,250.000000,265.000000,False,SOFT,19.000000,True,Aston Martin,5120.710000,,1,17.000000,False,,False,True
2026,6,Monaco Grand Prix,R,5279.227000,STR,18,stroll,aston_martin,79.046000,24.000000,2.000000,,,20.843000,37.152000,21.051000,5221.024000,5258.176000,5279.227000,197.000000,182.000000,251.000000,265.000000,True,SOFT,20.000000,True,Aston Martin,5200.181000,,1,17.000000,False,,False,True
2026,6,Monaco Grand Prix,R,5358.100000,STR,18,stroll,aston_martin,78.873000,25.000000,2.000000,,,20.706000,37.154000,21.013000,5299.933000,5337.087000,5358.100000,200.000000,182.000000,250.000000,265.000000,True,SOFT,21.000000,True,Aston Martin,5279.227000,,1,17.000000,False,,False,True
2026,6,Monaco Grand Prix,R,5437.343000,STR,18,stroll,aston_martin,79.243000,26.000000,2.000000,,,20.740000,37.120000,21.383000,5378.840000,5415.960000,5437.343000,201.000000,183.000000,250.000000,265.000000,False,SOFT,22.000000,True,Aston Martin,5358.100000,,1,17.000000,False,,False,True
2026,6,Monaco Grand Prix,R,5516.553000,STR,18,stroll,aston_martin,79.210000,27.000000,2.000000,,,20.951000,37.219000,21.040000,5458.294000,5495.513000,5516.553000,201.000000,182.000000,251.000000,265.000000,False,SOFT,23.000000,True,Aston Martin,5437.343000,,1,17.000000,False,,False,True
2026,6,Monaco Grand Prix,R,5595.731000,STR,18,stroll,aston_martin,79.178000,28.000000,2.000000,,,20.761000,37.204000,21.213000,5537.314000,5574.518000,5595.731000,199.000000,182.000000,251.000000,265.000000,False,SOFT,24.000000,True,Aston Martin,5516.553000,,1,17.000000,False,,False,True
2026,6,Monaco Grand Prix,R,5674.699000,STR,18,stroll,aston_martin,78.968000,29.000000,2.000000,,,20.716000,37.225000,21.027000,5616.447000,5653.672000,5674.699000,200.000000,183.000000,252.000000,265.000000,False,SOFT,25.000000,True,Aston Martin,5595.731000,,1,17.000000,False,,False,True
2026,6,Monaco Grand Prix,R,5753.744000,STR,18,stroll,aston_martin,79.045000,30.000000,2.000000,,,20.629000,37.209000,21.207000,5695.328000,5732.537000,5753.744000,201.000000,184.000000,250.000000,265.000000,False,SOFT,26.000000,True,Aston Martin,5674.699000,,1,17.000000,False,,False,True
2026,6,Monaco Grand Prix,R,5832.710000,STR,18,stroll,aston_martin,78.966000,31.000000,2.000000,,,20.712000,37.164000,21.090000,5774.456000,5811.620000,5832.710000,198.000000,186.000000,253.000000,265.000000,False,SOFT,27.000000,True,Aston Martin,5753.744000,,1,17.000000,False,,False,True
2026,6,Monaco Grand Prix,R,5911.762000,STR,18,stroll,aston_martin,79.052000,32.000000,2.000000,,,20.650000,37.211000,21.191000,5853.360000,5890.571000,5911.762000,198.000000,184.000000,250.000000,265.000000,False,SOFT,28.000000,True,Aston Martin,5832.710000,,1,17.000000,False,,False,True
2026,6,Monaco Grand Prix,R,5990.981000,STR,18,stroll,aston_martin,79.219000,33.000000,2.000000,,,20.918000,37.193000,21.108000,5932.680000,5969.873000,5990.981000,201.000000,184.000000,251.000000,265.000000,False,SOFT,29.000000,True,Aston Martin,5911.762000,,1,17.000000,False,,False,True
2026,6,Monaco Grand Prix,R,6069.931000,STR,18,stroll,aston_martin,78.950000,34.000000,2.000000,,,20.753000,37.210000,20.987000,6011.734000,6048.944000,6069.931000,195.000000,185.000000,251.000000,265.000000,False,SOFT,30.000000,True,Aston Martin,5990.981000,,1,17.000000,False,,False,True
2026,6,Monaco Grand Prix,R,6149.030000,STR,18,stroll,aston_martin,79.099000,35.000000,2.000000,,,20.798000,37.245000,21.056000,6090.729000,6127.974000,6149.030000,198.000000,183.000000,251.000000,265.000000,False,SOFT,31.000000,True,Aston Martin,6069.931000,,1,17.000000,False,,False,True
2026,6,Monaco Grand Prix,R,6227.875000,STR,18,stroll,aston_martin,78.845000,36.000000,2.000000,,,20.721000,37.194000,20.930000,6169.751000,6206.945000,6227.875000,202.000000,184.000000,252.000000,266.000000,True,SOFT,32.000000,True,Aston Martin,6149.030000,,1,17.000000,False,,False,True
2026,6,Monaco Grand Prix,R,6306.883000,STR,18,stroll,aston_martin,79.008000,37.000000,2.000000,,,20.706000,36.363000,21.939000,6248.581000,6284.944000,6306.883000,201.000000,153.000000,251.000000,266.000000,False,SOFT,33.000000,True,Aston Martin,6227.875000,,1,17.000000,True,TRACK LIMITS AT TURN 10 LAP 37 ,False,True
2026,6,Monaco Grand Prix,R,6386.075000,STR,18,stroll,aston_martin,79.192000,38.000000,2.000000,,,20.729000,37.070000,21.393000,6327.612000,6364.682000,6386.075000,199.000000,180.000000,252.000000,266.000000,False,SOFT,34.000000,True,Aston Martin,6306.883000,,1,17.000000,True,TRACK LIMITS AT TURN 10 LAP 38 ,False,True
2026,6,Monaco Grand Prix,R,6465.311000,STR,18,stroll,aston_martin,79.236000,39.000000,2.000000,,,20.803000,37.228000,21.205000,6406.878000,6444.106000,6465.311000,198.000000,184.000000,251.000000,266.000000,False,SOFT,35.000000,True,Aston Martin,6386.075000,,1,17.000000,False,,False,True
2026,6,Monaco Grand Prix,R,6548.126000,STR,18,stroll,aston_martin,82.815000,40.000000,2.000000,,,23.934000,37.731000,21.150000,6489.245000,6526.976000,6548.126000,184.000000,185.000000,252.000000,266.000000,False,SOFT,36.000000,True,Aston Martin,6465.311000,,1,17.000000,False,,False,True
2026,6,Monaco Grand Prix,R,6627.486000,STR,18,stroll,aston_martin,79.360000,41.000000,2.000000,,,20.797000,37.399000,21.164000,6568.923000,6606.322000,6627.486000,199.000000,187.000000,253.000000,267.000000,False,SOFT,37.000000,True,Aston Martin,6548.126000,,1,17.000000,False,,False,True
2026,6,Monaco Grand Prix,R,6706.481000,STR,18,stroll,aston_martin,78.995000,42.000000,2.000000,,,20.720000,37.085000,21.190000,6648.206000,6685.291000,6706.481000,196.000000,181.000000,251.000000,267.000000,False,SOFT,38.000000,True,Aston Martin,6627.486000,,1,17.000000,True,TRACK LIMITS AT TURN 10 LAP 42 ,False,True
2026,6,Monaco Grand Prix,R,6785.785000,STR,18,stroll,aston_martin,79.304000,43.000000,2.000000,,,20.783000,37.423000,21.098000,6727.264000,6764.687000,6785.785000,199.000000,184.000000,252.000000,267.000000,False,SOFT,39.000000,True,Aston Martin,6706.481000,,1,17.000000,False,,False,True
2026,6,Monaco Grand Prix,R,6865.213000,STR,18,stroll,aston_martin,79.428000,44.000000,2.000000,,,20.875000,37.442000,21.111000,6806.660000,6844.102000,6865.213000,194.000000,183.000000,252.000000,267.000000,False,SOFT,40.000000,True,Aston Martin,6785.785000,,1,17.000000,False,,False,True
2026,6,Monaco Grand Prix,R,6944.450000,STR,18,stroll,aston_martin,79.237000,45.000000,2.000000,,,20.856000,37.312000,21.069000,6886.069000,6923.381000,6944.450000,197.000000,184.000000,253.000000,268.000000,False,SOFT,41.000000,True,Aston Martin,6865.213000,,1,16.000000,False,,False,True
2026,6,Monaco Grand Prix,R,7024.032000,STR,18,stroll,aston_martin,79.582000,46.000000,2.000000,,,20.851000,37.524000,21.207000,6965.301000,7002.825000,7024.032000,195.000000,183.000000,252.000000,268.000000,False,SOFT,42.000000,True,Aston Martin,6944.450000,,1,16.000000,False,,False,True
2026,6,Monaco Grand Prix,R,7106.182000,STR,18,stroll,aston_martin,82.150000,47.000000,2.000000,,,20.924000,39.821000,21.405000,7044.956000,7084.777000,7106.182000,193.000000,181.000000,252.000000,248.000000,False,SOFT,43.000000,True,Aston Martin,7024.032000,,1,16.000000,False,,False,True
2026,6,Monaco Grand Prix,R,7189.883000,STR,18,stroll,aston_martin,83.701000,48.000000,2.000000,,,20.906000,40.842000,21.953000,7127.088000,7167.930000,7189.883000,195.000000,172.000000,251.000000,244.000000,False,SOFT,44.000000,True,Aston Martin,7106.182000,,1,16.000000,False,,False,True
2026,6,Monaco Grand Prix,R,7269.833000,STR,18,stroll,aston_martin,79.950000,49.000000,2.000000,,,21.097000,37.628000,21.225000,7210.980000,7248.608000,7269.833000,195.000000,186.000000,253.000000,268.000000,False,SOFT,45.000000,True,Aston Martin,7189.883000,,1,16.000000,False,,False,True
2026,6,Monaco Grand Prix,R,7349.194000,STR,18,stroll,aston_martin,79.361000,50.000000,2.000000,,,20.907000,37.416000,21.038000,7290.740000,7328.156000,7349.194000,197.000000,185.000000,252.000000,268.000000,False,SOFT,46.000000,True,Aston Martin,7269.833000,,1,16.000000,False,,False,True
2026,6,Monaco Grand Prix,R,7429.010000,STR,18,stroll,aston_martin,79.816000,51.000000,2.000000,,,20.961000,37.784000,21.071000,7370.155000,7407.939000,7429.010000,197.000000,186.000000,252.000000,268.000000,False,SOFT,47.000000,True,Aston Martin,7349.194000,,1,16.000000,False,,False,True
2026,6,Monaco Grand Prix,R,7508.300000,STR,18,stroll,aston_martin,79.290000,52.000000,2.000000,,,20.739000,37.442000,21.109000,7449.749000,7487.191000,7508.300000,199.000000,181.000000,253.000000,268.000000,False,SOFT,48.000000,True,Aston Martin,7429.010000,,1,16.000000,False,,False,True
2026,6,Monaco Grand Prix,R,7589.626000,STR,18,stroll,aston_martin,81.326000,53.000000,2.000000,,,20.878000,38.856000,21.592000,7529.178000,7568.034000,7589.626000,198.000000,175.000000,252.000000,269.000000,False,SOFT,49.000000,True,Aston Martin,7508.300000,,1,16.000000,False,,False,True
2026,6,Monaco Grand Prix,R,7672.734000,STR,18,stroll,aston_martin,83.108000,54.000000,2.000000,,,22.860000,38.799000,21.449000,7612.486000,7651.285000,7672.734000,188.000000,182.000000,253.000000,266.000000,False,SOFT,50.000000,True,Aston Martin,7589.626000,,1,16.000000,False,,False,True
2026,6,Monaco Grand Prix,R,7752.294000,STR,18,stroll,aston_martin,79.560000,55.000000,2.000000,,,20.875000,37.608000,21.077000,7693.609000,7731.217000,7752.294000,193.000000,185.000000,253.000000,269.000000,False,SOFT,51.000000,True,Aston Martin,7672.734000,,1,16.000000,False,,False,True
2026,6,Monaco Grand Prix,R,7831.627000,STR,18,stroll,aston_martin,79.333000,56.000000,2.000000,,,20.790000,37.526000,21.017000,7773.084000,7810.610000,7831.627000,198.000000,182.000000,252.000000,268.000000,False,SOFT,52.000000,True,Aston Martin,7752.294000,,1,16.000000,False,,False,True
2026,6,Monaco Grand Prix,R,8834.713000,STR,18,stroll,aston_martin,,57.000000,2.000000,,,,,,,,,,,,,,SOFT,53.000000,True,Aston Martin,7831.627000,,124,,False,,True,False
2026,6,Monaco Grand Prix,R,3411.981000,ALB,23,albon,williams,92.115000,1.000000,1.000000,,,,40.148000,21.575000,,3390.444000,3412.120000,154.000000,173.000000,255.000000,266.000000,False,MEDIUM,1.000000,True,Williams,3319.645000,,12,10.000000,False,,False,False
2026,6,Monaco Grand Prix,R,3493.041000,ALB,23,albon,williams,81.060000,2.000000,1.000000,,,21.614000,37.984000,21.462000,3433.633000,3471.617000,3493.079000,180.000000,176.000000,260.000000,271.000000,True,MEDIUM,2.000000,True,Williams,3411.981000,,1,10.000000,False,,False,True
2026,6,Monaco Grand Prix,R,3573.382000,ALB,23,albon,williams,80.341000,3.000000,1.000000,,,21.324000,37.624000,21.393000,3514.403000,3552.027000,3573.420000,179.000000,171.000000,256.000000,279.000000,True,MEDIUM,3.000000,True,Williams,3493.041000,,1,10.000000,False,,False,True
2026,6,Monaco Grand Prix,R,3653.270000,ALB,23,albon,williams,79.888000,4.000000,1.000000,,,21.229000,37.447000,21.212000,3594.649000,3632.096000,3653.308000,187.000000,175.000000,255.000000,269.000000,True,MEDIUM,4.000000,True,Williams,3573.382000,,1,10.000000,False,,False,True
2026,6,Monaco Grand Prix,R,3732.932000,ALB,23,albon,williams,79.662000,5.000000,1.000000,,,21.155000,37.262000,21.245000,3674.463000,3711.725000,3732.970000,194.000000,173.000000,255.000000,270.000000,True,MEDIUM,5.000000,True,Williams,3653.270000,,1,10.000000,False,,False,True
2026,6,Monaco Grand Prix,R,3812.306000,ALB,23,albon,williams,79.374000,6.000000,1.000000,,,21.066000,37.215000,21.093000,3754.036000,3791.251000,3812.344000,185.000000,179.000000,256.000000,269.000000,True,MEDIUM,6.000000,True,Williams,3732.932000,,1,10.000000,False,,False,True
2026,6,Monaco Grand Prix,R,3891.253000,ALB,23,albon,williams,78.947000,7.000000,1.000000,,,21.004000,36.942000,21.001000,3833.348000,3870.290000,3891.291000,197.000000,179.000000,257.000000,270.000000,True,MEDIUM,7.000000,True,Williams,3812.306000,,1,10.000000,False,,False,True
2026,6,Monaco Grand Prix,R,3969.995000,ALB,23,albon,williams,78.742000,8.000000,1.000000,,,20.935000,36.783000,21.024000,3912.226000,3949.009000,3970.033000,199.000000,179.000000,257.000000,271.000000,True,MEDIUM,8.000000,True,Williams,3891.253000,,1,10.000000,False,,False,True
2026,6,Monaco Grand Prix,R,4048.642000,ALB,23,albon,williams,78.647000,9.000000,1.000000,,,20.848000,36.883000,20.916000,3990.881000,4027.764000,4048.680000,193.000000,182.000000,256.000000,271.000000,True,MEDIUM,9.000000,True,Williams,3969.995000,,1,10.000000,False,,False,True
2026,6,Monaco Grand Prix,R,4127.129000,ALB,23,albon,williams,78.487000,10.000000,1.000000,,,20.784000,36.780000,20.923000,4069.464000,4106.244000,4127.167000,196.000000,177.000000,256.000000,271.000000,True,MEDIUM,10.000000,True,Williams,4048.642000,,1,10.000000,False,,False,True
2026,6,Monaco Grand Prix,R,4205.707000,ALB,23,albon,williams,78.578000,11.000000,1.000000,,,20.750000,36.849000,20.979000,4147.917000,4184.766000,4205.745000,199.000000,183.000000,257.000000,271.000000,False,MEDIUM,11.000000,True,Williams,4127.129000,,1,10.000000,False,,False,True
2026,6,Monaco Grand Prix,R,4284.071000,ALB,23,albon,williams,78.364000,12.000000,1.000000,,,20.734000,36.737000,20.893000,4226.479000,4263.216000,4284.109000,195.000000,182.000000,257.000000,270.000000,True,MEDIUM,12.000000,True,Williams,4205.707000,,1,10.000000,False,,False,True
2026,6,Monaco Grand Prix,R,4362.905000,ALB,23,albon,williams,78.834000,13.000000,1.000000,,,20.870000,36.998000,20.966000,4304.979000,4341.977000,4362.943000,196.000000,181.000000,255.000000,269.000000,False,MEDIUM,13.000000,True,Williams,4284.071000,,1,10.000000,False,,False,True
2026,6,Monaco Grand Prix,R,4441.741000,ALB,23,albon,williams,78.836000,14.000000,1.000000,,,20.898000,36.962000,20.976000,4383.841000,4420.803000,4441.779000,194.000000,180.000000,257.000000,271.000000,False,MEDIUM,14.000000,True,Williams,4362.905000,,1,10.000000,True,TRACK LIMITS AT TURN 10 LAP 14 ,False,True
2026,6,Monaco Grand Prix,R,4520.194000,ALB,23,albon,williams,78.453000,15.000000,1.000000,,,20.711000,36.808000,20.934000,4462.490000,4499.298000,4520.232000,200.000000,182.000000,257.000000,271.000000,False,MEDIUM,15.000000,True,Williams,4441.741000,,1,10.000000,False,,False,True
2026,6,Monaco Grand Prix,R,4598.940000,ALB,23,albon,williams,78.746000,16.000000,1.000000,,,20.810000,36.871000,21.065000,4541.042000,4577.913000,4598.978000,200.000000,180.000000,257.000000,271.000000,False,MEDIUM,16.000000,True,Williams,4520.194000,,1,10.000000,False,,False,True
2026,6,Monaco Grand Prix,R,4677.665000,ALB,23,albon,williams,78.725000,17.000000,1.000000,,,20.839000,36.831000,21.055000,4619.817000,4656.648000,4677.703000,196.000000,180.000000,257.000000,271.000000,False,MEDIUM,17.000000,True,Williams,4598.940000,,1,10.000000,False,,False,True
2026,6,Monaco Grand Prix,R,4756.488000,ALB,23,albon,williams,78.823000,18.000000,1.000000,,,20.895000,36.936000,20.992000,4698.598000,4735.534000,4756.526000,198.000000,181.000000,257.000000,271.000000,False,MEDIUM,18.000000,True,Williams,4677.665000,,1,10.000000,False,,False,True
2026,6,Monaco Grand Prix,R,4835.350000,ALB,23,albon,williams,78.862000,19.000000,1.000000,,,20.718000,37.081000,21.063000,4777.244000,4814.325000,4835.388000,198.000000,183.000000,257.000000,270.000000,False,MEDIUM,19.000000,True,Williams,4756.488000,,1,10.000000,False,,False,True
2026,6,Monaco Grand Prix,R,4914.074000,ALB,23,albon,williams,78.724000,20.000000,1.000000,,,20.808000,36.851000,21.065000,4856.196000,4893.047000,4914.112000,196.000000,180.000000,257.000000,271.000000,False,MEDIUM,20.000000,True,Williams,4835.350000,,1,10.000000,False,,False,True
2026,6,Monaco Grand Prix,R,4993.188000,ALB,23,albon,williams,79.114000,21.000000,1.000000,,,20.943000,36.965000,21.206000,4935.055000,4972.020000,4993.226000,200.000000,182.000000,257.000000,271.000000,False,MEDIUM,21.000000,True,Williams,4914.074000,,1,10.000000,False,,False,True
2026,6,Monaco Grand Prix,R,5072.738000,ALB,23,albon,williams,79.550000,22.000000,1.000000,,,20.795000,37.623000,21.132000,5014.021000,5051.644000,5072.776000,199.000000,179.000000,256.000000,267.000000,False,MEDIUM,22.000000,True,Williams,4993.188000,,1,10.000000,False,,False,True
2026,6,Monaco Grand Prix,R,5151.858000,ALB,23,albon,williams,79.120000,23.000000,1.000000,,,20.807000,37.235000,21.078000,5093.583000,5130.818000,5151.896000,198.000000,178.000000,257.000000,269.000000,False,MEDIUM,23.000000,True,Williams,5072.738000,,1,10.000000,False,,False,True
2026,6,Monaco Grand Prix,R,5230.989000,ALB,23,albon,williams,79.131000,24.000000,1.000000,,,20.856000,37.194000,21.081000,5172.752000,5209.946000,5231.027000,200.000000,182.000000,256.000000,267.000000,False,MEDIUM,24.000000,True,Williams,5151.858000,,1,10.000000,False,,False,True
2026,6,Monaco Grand Prix,R,5310.122000,ALB,23,albon,williams,79.133000,25.000000,1.000000,,,20.872000,37.249000,21.012000,5251.899000,5289.148000,5310.160000,199.000000,183.000000,256.000000,268.000000,False,MEDIUM,25.000000,True,Williams,5230.989000,,1,10.000000,False,,False,True
2026,6,Monaco Grand Prix,R,5389.441000,ALB,23,albon,williams,79.319000,26.000000,1.000000,,,20.820000,37.442000,21.057000,5330.980000,5368.422000,5389.479000,199.000000,181.000000,257.000000,267.000000,False,MEDIUM,26.000000,True,Williams,5310.122000,,1,10.000000,False,,False,True
2026,6,Monaco Grand Prix,R,5468.416000,ALB,23,albon,williams,78.975000,27.000000,1.000000,,,20.975000,37.014000,20.986000,5410.454000,5447.468000,5468.454000,198.000000,182.000000,257.000000,271.000000,False,MEDIUM,27.000000,True,Williams,5389.441000,,1,10.000000,False,,False,True
2026,6,Monaco Grand Prix,R,5547.413000,ALB,23,albon,williams,78.997000,28.000000,1.000000,,,20.780000,37.196000,21.021000,5489.234000,5526.430000,5547.451000,200.000000,181.000000,257.000000,269.000000,False,MEDIUM,28.000000,True,Williams,5468.416000,,1,10.000000,False,,False,True
2026,6,Monaco Grand Prix,R,5626.532000,ALB,23,albon,williams,79.119000,29.000000,1.000000,,,20.814000,37.217000,21.088000,5568.265000,5605.482000,5626.570000,202.000000,180.000000,257.000000,268.000000,False,MEDIUM,29.000000,True,Williams,5547.413000,,1,10.000000,False,,False,True
2026,6,Monaco Grand Prix,R,5705.584000,ALB,23,albon,williams,79.052000,30.000000,1.000000,,,20.663000,37.330000,21.059000,5647.233000,5684.563000,5705.622000,196.000000,181.000000,256.000000,267.000000,False,MEDIUM,30.000000,True,Williams,5626.532000,,1,10.000000,False,,False,True
2026,6,Monaco Grand Prix,R,5785.315000,ALB,23,albon,williams,79.731000,31.000000,1.000000,,,20.817000,37.293000,21.621000,5726.439000,5763.732000,5785.353000,200.000000,184.000000,203.000000,267.000000,False,MEDIUM,31.000000,True,Williams,5705.584000,,1,10.000000,False,,False,True
2026,6,Monaco Grand Prix,R,5866.164000,ALB,23,albon,williams,80.849000,32.000000,1.000000,,,21.656000,37.596000,21.597000,5807.009000,5844.605000,5866.202000,199.000000,178.000000,255.000000,266.000000,False,MEDIUM,32.000000,True,Williams,5785.315000,,1,10.000000,False,,False,True
2026,6,Monaco Grand Prix,R,5945.672000,ALB,23,albon,williams,79.508000,33.000000,1.000000,,,21.119000,37.205000,21.184000,5887.321000,5924.526000,5945.710000,199.000000,180.000000,256.000000,268.000000,False,MEDIUM,33.000000,True,Williams,5866.164000,,1,10.000000,False,,False,True
2026,6,Monaco Grand Prix,R,6025.347000,ALB,23,albon,williams,79.675000,34.000000,1.000000,,,21.015000,37.422000,21.238000,5966.725000,6004.147000,6025.385000,199.000000,181.000000,250.000000,267.000000,False,MEDIUM,34.000000,True,Williams,5945.672000,,1,10.000000,False,,False,True
2026,6,Monaco Grand Prix,R,6104.969000,ALB,23,albon,williams,79.622000,35.000000,1.000000,,,21.047000,37.495000,21.080000,6046.432000,6083.927000,6105.007000,192.000000,182.000000,255.000000,267.000000,False,MEDIUM,35.000000,True,Williams,6025.347000,,1,10.000000,False,,False,True
2026,6,Monaco Grand Prix,R,6184.295000,ALB,23,albon,williams,79.326000,36.000000,1.000000,,,20.847000,37.403000,21.076000,6125.854000,6163.257000,6184.333000,197.000000,182.000000,256.000000,266.000000,False,MEDIUM,36.000000,True,Williams,6104.969000,,1,10.000000,False,,False,True
2026,6,Monaco Grand Prix,R,6263.731000,ALB,23,albon,williams,79.436000,37.000000,1.000000,,,20.827000,37.430000,21.179000,6205.160000,6242.590000,6263.769000,199.000000,182.000000,255.000000,268.000000,False,MEDIUM,37.000000,True,Williams,6184.295000,,1,10.000000,False,,False,True
2026,6,Monaco Grand Prix,R,6343.622000,ALB,23,albon,williams,79.891000,38.000000,1.000000,,,20.890000,37.749000,21.252000,6284.659000,6322.408000,6343.660000,199.000000,180.000000,255.000000,265.000000,False,MEDIUM,38.000000,True,Williams,6263.731000,,1,10.000000,False,,False,True
2026,6,Monaco Grand Prix,R,6426.394000,ALB,23,albon,williams,82.772000,39.000000,1.000000,,,23.332000,38.074000,21.366000,6366.992000,6405.066000,6426.432000,191.000000,180.000000,253.000000,265.000000,False,MEDIUM,39.000000,True,Williams,6343.622000,,1,10.000000,False,,False,True
2026,6,Monaco Grand Prix,R,6506.125000,ALB,23,albon,williams,79.731000,40.000000,1.000000,,,21.001000,37.546000,21.184000,6447.433000,6484.979000,6506.163000,199.000000,183.000000,254.000000,265.000000,False,MEDIUM,40.000000,True,Williams,6426.394000,,1,10.000000,False,,False,True
2026,6,Monaco Grand Prix,R,6585.549000,ALB,23,albon,williams,79.424000,41.000000,1.000000,,,20.786000,37.450000,21.188000,6526.949000,6564.399000,6585.587000,199.000000,183.000000,250.000000,262.000000,False,MEDIUM,41.000000,True,Williams,6506.125000,,1,10.000000,False,,False,True
2026,6,Monaco Grand Prix,R,6665.400000,ALB,23,albon,williams,79.851000,42.000000,1.000000,,,21.005000,37.605000,21.241000,6606.592000,6644.197000,6665.438000,200.000000,182.000000,254.000000,263.000000,False,MEDIUM,42.000000,True,Williams,6585.549000,,1,10.000000,False,,False,True
2026,6,Monaco Grand Prix,R,6764.400000,ALB,23,albon,williams,99.000000,43.000000,1.000000,,6739.589000,20.964000,37.755000,40.281000,6686.402000,6724.157000,6764.438000,189.000000,180.000000,,264.000000,False,MEDIUM,43.000000,True,Williams,6665.400000,,1,10.000000,False,,False,False
2026,6,Monaco Grand Prix,R,6846.743000,ALB,23,albon,williams,82.343000,44.000000,2.000000,6765.136000,,24.040000,37.227000,21.076000,6788.478000,6825.705000,6846.781000,191.000000,177.000000,251.000000,264.000000,False,SOFT,1.000000,True,Williams,6764.400000,,1,10.000000,False,,False,False
2026,6,Monaco Grand Prix,R,6930.125000,ALB,23,albon,williams,83.382000,45.000000,2.000000,,,20.709000,40.402000,22.271000,6867.490000,6907.892000,6930.163000,197.000000,172.000000,249.000000,265.000000,False,SOFT,2.000000,True,Williams,6846.743000,,1,10.000000,False,,False,True
2026,6,Monaco Grand Prix,R,7012.346000,ALB,23,albon,williams,82.221000,46.000000,2.000000,,,21.350000,38.849000,22.022000,6951.513000,6990.362000,7012.384000,175.000000,173.000000,250.000000,262.000000,False,SOFT,3.000000,True,Williams,6930.125000,,1,10.000000,True,TRACK LIMITS AT TURN 10 LAP 46 ,False,True
2026,6,Monaco Grand Prix,R,7095.249000,ALB,23,albon,williams,82.903000,47.000000,2.000000,,,21.631000,38.379000,22.893000,7034.015000,7072.394000,7095.287000,190.000000,169.000000,244.000000,265.000000,False,SOFT,4.000000,True,Williams,7012.346000,,1,11.000000,False,,False,True
2026,6,Monaco Grand Prix,R,7175.158000,ALB,23,albon,williams,79.909000,48.000000,2.000000,,,21.594000,37.346000,20.969000,7116.881000,7154.227000,7175.196000,191.000000,186.000000,253.000000,267.000000,False,SOFT,5.000000,True,Williams,7095.249000,,1,11.000000,False,,False,True
2026,6,Monaco Grand Prix,R,7254.731000,ALB,23,albon,williams,79.573000,49.000000,2.000000,,,20.672000,37.660000,21.241000,7195.868000,7233.528000,7254.769000,200.000000,172.000000,254.000000,263.000000,False,SOFT,6.000000,True,Williams,7175.158000,,1,11.000000,False,,False,True
2026,6,Monaco Grand Prix,R,7334.958000,ALB,23,albon,williams,80.227000,50.000000,2.000000,,,20.857000,37.607000,21.763000,7275.626000,7313.233000,7334.996000,188.000000,175.000000,250.000000,268.000000,False,SOFT,7.000000,True,Williams,7254.731000,,1,11.000000,False,,False,True
2026,6,Monaco Grand Prix,R,7416.636000,ALB,23,albon,williams,81.678000,51.000000,2.000000,,,21.642000,38.719000,21.317000,7356.638000,7395.357000,7416.674000,145.000000,174.000000,251.000000,267.000000,False,SOFT,8.000000,True,Williams,7334.958000,,1,11.000000,False,,False,True
2026,6,Monaco Grand Prix,R,7496.405000,ALB,23,albon,williams,79.769000,52.000000,2.000000,,,21.097000,37.323000,21.349000,7437.771000,7475.094000,7496.443000,199.000000,175.000000,251.000000,268.000000,False,SOFT,9.000000,True,Williams,7416.636000,,1,11.000000,False,,False,True
2026,6,Monaco Grand Prix,R,7578.976000,ALB,23,albon,williams,82.571000,53.000000,2.000000,,,22.191000,39.217000,21.163000,7518.634000,7557.851000,7579.014000,189.000000,177.000000,253.000000,267.000000,False,SOFT,10.000000,True,Williams,7496.405000,,1,11.000000,False,,False,True
2026,6,Monaco Grand Prix,R,7657.133000,ALB,23,albon,williams,78.157000,54.000000,2.000000,,,20.595000,36.714000,20.848000,7599.609000,7636.323000,7657.171000,201.000000,185.000000,258.000000,269.000000,True,SOFT,11.000000,True,Williams,7578.976000,,1,11.000000,False,,False,True
2026,6,Monaco Grand Prix,R,7736.033000,ALB,23,albon,williams,78.900000,55.000000,2.000000,,,20.750000,37.207000,20.943000,7677.921000,7715.128000,7736.071000,197.000000,180.000000,259.000000,267.000000,False,SOFT,12.000000,True,Williams,7657.133000,,1,11.000000,False,,False,True
2026,6,Monaco Grand Prix,R,7813.979000,ALB,23,albon,williams,77.946000,56.000000,2.000000,,,20.447000,36.599000,20.900000,7756.518000,7793.117000,7814.017000,199.000000,184.000000,255.000000,276.000000,True,SOFT,13.000000,True,Williams,7736.033000,,1,10.000000,False,,False,True
2026,6,Monaco Grand Prix,R,7892.170000,ALB,23,albon,williams,78.191000,57.000000,2.000000,,,20.478000,36.889000,20.824000,7834.495000,7871.384000,7892.208000,197.000000,183.000000,254.000000,267.000000,False,SOFT,14.000000,True,Williams,7813.979000,,1,10.000000,False,,False,True
2026,6,Monaco Grand Prix,R,7989.777000,ALB,23,albon,williams,97.607000,58.000000,2.000000,,,20.486000,45.727000,31.394000,7912.694000,7958.421000,7989.815000,202.000000,156.000000,192.000000,113.000000,False,SOFT,15.000000,True,Williams,7892.170000,,124,10.000000,False,,False,False
2026,6,Monaco Grand Prix,R,8099.487000,ALB,23,albon,williams,109.710000,59.000000,2.000000,,8080.583000,22.857000,49.687000,37.166000,8012.672000,8062.359000,8099.525000,174.000000,140.000000,,227.000000,False,SOFT,16.000000,True,Williams,7989.777000,,4,10.000000,False,,False,False
2026,6,Monaco Grand Prix,R,8211.122000,ALB,23,albon,williams,111.635000,60.000000,3.000000,8100.280000,,26.655000,53.330000,31.650000,8126.180000,8179.510000,8211.160000,111.000000,169.000000,154.000000,137.000000,False,SOFT,17.000000,False,Williams,8099.487000,,4,10.000000,False,,False,False
2026,6,Monaco Grand Prix,R,8330.688000,ALB,23,albon,williams,119.566000,61.000000,3.000000,,,34.146000,50.802000,34.618000,8245.306000,8296.108000,8330.726000,97.000000,142.000000,103.000000,172.000000,False,SOFT,18.000000,False,Williams,8211.122000,,4,10.000000,False,,False,False
2026,6,Monaco Grand Prix,R,8421.937000,ALB,23,albon,williams,91.249000,62.000000,3.000000,,,28.437000,40.411000,22.401000,8359.163000,8399.574000,8421.975000,167.000000,167.000000,244.000000,238.000000,False,SOFT,19.000000,False,Williams,8330.688000,,4,10.000000,False,,False,False
2026,6,Monaco Grand Prix,R,8505.282000,ALB,23,albon,williams,83.345000,63.000000,3.000000,,,22.220000,39.112000,22.013000,8444.195000,8483.307000,8505.320000,183.000000,172.000000,245.000000,241.000000,False,SOFT,20.000000,False,Williams,8421.937000,,4,10.000000,False,,False,False
2026,6,Monaco Grand Prix,R,8586.270000,ALB,23,albon,williams,80.988000,64.000000,3.000000,,,21.977000,37.668000,21.343000,8527.297000,8564.965000,8586.308000,188.000000,182.000000,250.000000,265.000000,False,SOFT,21.000000,False,Williams,8505.282000,,412,10.000000,False,,False,False
2026,6,Monaco Grand Prix,R,8700.083000,ALB,23,albon,williams,113.813000,65.000000,3.000000,,8678.352000,21.231000,51.356000,41.226000,8607.539000,8658.895000,8700.121000,184.000000,162.000000,,183.000000,False,SOFT,22.000000,False,Williams,8586.270000,,24,9.000000,False,,False,False
2026,6,Monaco Grand Prix,R,8807.348000,ALB,23,albon,williams,107.265000,66.000000,4.000000,8701.092000,,27.900000,50.836000,28.529000,8728.021000,8778.857000,8807.386000,174.000000,154.000000,197.000000,232.000000,False,SOFT,23.000000,False,Williams,8700.083000,,4,9.000000,False,,False,False
2026,6,Monaco Grand Prix,R,10936.640000,ALB,23,albon,williams,,67.000000,4.000000,,8913.200000,25.469000,54.151000,,8832.947000,8887.145000,,84.000000,116.000000,,196.000000,False,SOFT,24.000000,False,Williams,8807.348000,,451,9.000000,False,,False,False
2026,6,Monaco Grand Prix,R,11081.730000,ALB,23,albon,williams,145.090000,68.000000,5.000000,10937.294000,11020.291000,26.728000,40.533000,77.829000,10963.406000,11003.939000,11081.768000,167.000000,163.000000,,240.000000,False,SOFT,7.000000,False,Williams,10936.640000,,14,9.000000,False,,False,False
2026,6,Monaco Grand Prix,R,11174.563000,ALB,23,albon,williams,92.833000,69.000000,6.000000,11082.438000,,27.161000,38.672000,27.000000,11108.929000,11147.601000,11174.601000,176.000000,172.000000,236.000000,268.000000,False,SOFT,7.000000,False,Williams,11081.730000,,4,9.000000,False,,False,False
2026,6,Monaco Grand Prix,R,11332.608000,ALB,23,albon,williams,,70.000000,6.000000,,,27.471000,51.439000,79.126000,11202.102000,11253.580000,11333.093000,82.000000,162.000000,114.000000,248.000000,False,SOFT,8.000000,False,Williams,11174.563000,,41,9.000000,False,,False,False
2026,6,Monaco Grand Prix,R,11422.412000,ALB,23,albon,williams,89.804000,71.000000,6.000000,,,26.242000,41.881000,21.681000,11358.888000,11400.769000,11422.450000,164.000000,175.000000,250.000000,265.000000,False,SOFT,9.000000,False,Williams,11332.608000,,12,9.000000,False,,False,True
2026,6,Monaco Grand Prix,R,11503.763000,ALB,23,albon,williams,81.351000,72.000000,6.000000,,,21.168000,38.760000,21.423000,11443.618000,11482.378000,11503.801000,182.000000,172.000000,255.000000,268.000000,False,SOFT,10.000000,False,Williams,11422.412000,,1,9.000000,False,,False,True
2026,6,Monaco Grand Prix,R,11581.921000,ALB,23,albon,williams,78.158000,73.000000,6.000000,,,21.160000,36.428000,20.570000,11524.961000,11561.389000,11581.959000,194.000000,186.000000,256.000000,271.000000,False,SOFT,11.000000,False,Williams,11503.763000,,1,8.000000,False,,False,True
2026,6,Monaco Grand Prix,R,11658.697000,ALB,23,albon,williams,76.776000,74.000000,6.000000,,,20.309000,36.099000,20.368000,11602.268000,11638.367000,11658.735000,210.000000,189.000000,257.000000,272.000000,True,SOFT,12.000000,False,Williams,11581.921000,,1,8.000000,False,,False,True
2026,6,Monaco Grand Prix,R,11735.173000,ALB,23,albon,williams,76.476000,75.000000,6.000000,,,20.241000,35.876000,20.359000,11678.976000,11714.852000,11735.211000,205.000000,189.000000,252.000000,272.000000,True,SOFT,13.000000,False,Williams,11658.697000,,1,8.000000,False,,False,True
2026,6,Monaco Grand Prix,R,11811.777000,ALB,23,albon,williams,76.604000,76.000000,6.000000,,,20.333000,35.974000,20.297000,11755.544000,11791.518000,11811.815000,204.000000,188.000000,258.000000,272.000000,False,SOFT,14.000000,False,Williams,11735.173000,,1,8.000000,False,,False,True
2026,6,Monaco Grand Prix,R,11888.183000,ALB,23,albon,williams,76.406000,77.000000,6.000000,,,20.331000,35.795000,20.280000,11832.146000,11867.941000,11888.221000,206.000000,192.000000,259.000000,267.000000,True,SOFT,15.000000,False,Williams,11811.777000,,1,8.000000,False,,False,True
2026,6,Monaco Grand Prix,R,11964.576000,ALB,23,albon,williams,76.393000,78.000000,6.000000,,,20.308000,35.859000,20.226000,11908.529000,11944.388000,11964.614000,208.000000,189.000000,257.000000,273.000000,True,SOFT,16.000000,False,Williams,11888.183000,,1,8.000000,False,,False,True
2026,6,Monaco Grand Prix,R,3413.616000,HUL,27,hulkenberg,audi,93.750000,1.000000,1.000000,,,,40.462000,22.068000,,3391.635000,3413.761000,161.000000,173.000000,260.000000,267.000000,False,MEDIUM,1.000000,True,Audi,3319.645000,,12,12.000000,False,,False,False
2026,6,Monaco Grand Prix,R,3494.839000,HUL,27,hulkenberg,audi,81.223000,2.000000,1.000000,,,21.809000,37.947000,21.467000,3435.466000,3473.413000,3494.880000,186.000000,180.000000,258.000000,278.000000,True,MEDIUM,2.000000,True,Audi,3413.616000,,1,12.000000,False,,False,True
2026,6,Monaco Grand Prix,R,3575.374000,HUL,27,hulkenberg,audi,80.535000,3.000000,1.000000,,,21.364000,37.737000,21.434000,3516.244000,3553.981000,3575.415000,190.000000,179.000000,260.000000,275.000000,True,MEDIUM,3.000000,True,Audi,3494.839000,,1,12.000000,False,,False,True
2026,6,Monaco Grand Prix,R,3655.390000,HUL,27,hulkenberg,audi,80.016000,4.000000,1.000000,,,21.105000,37.677000,21.234000,3596.520000,3634.197000,3655.431000,189.000000,181.000000,262.000000,279.000000,True,MEDIUM,4.000000,True,Audi,3575.374000,,1,12.000000,False,,False,True
2026,6,Monaco Grand Prix,R,3735.569000,HUL,27,hulkenberg,audi,80.179000,5.000000,1.000000,,,21.137000,37.483000,21.559000,3676.568000,3714.051000,3735.610000,190.000000,181.000000,260.000000,280.000000,False,MEDIUM,5.000000,True,Audi,3655.390000,,1,12.000000,False,,False,True
2026,6,Monaco Grand Prix,R,3815.278000,HUL,27,hulkenberg,audi,79.709000,6.000000,1.000000,,,21.004000,37.302000,21.403000,3756.614000,3793.916000,3815.319000,194.000000,178.000000,257.000000,281.000000,True,MEDIUM,6.000000,True,Audi,3735.569000,,1,12.000000,False,,False,True
2026,6,Monaco Grand Prix,R,3894.460000,HUL,27,hulkenberg,audi,79.182000,7.000000,1.000000,,,20.921000,37.094000,21.167000,3836.240000,3873.334000,3894.501000,199.000000,181.000000,260.000000,283.000000,True,MEDIUM,7.000000,True,Audi,3815.278000,,1,12.000000,False,,False,True
2026,6,Monaco Grand Prix,R,3974.241000,HUL,27,hulkenberg,audi,79.781000,8.000000,1.000000,,,21.450000,37.158000,21.173000,3915.951000,3953.109000,3974.282000,177.000000,181.000000,260.000000,281.000000,False,MEDIUM,8.000000,True,Audi,3894.460000,,1,12.000000,False,,False,True
2026,6,Monaco Grand Prix,R,4053.614000,HUL,27,hulkenberg,audi,79.373000,9.000000,1.000000,,,20.833000,36.881000,21.659000,3995.115000,4031.996000,4053.655000,196.000000,180.000000,255.000000,280.000000,False,MEDIUM,9.000000,True,Audi,3974.241000,,1,12.000000,False,,False,True
2026,6,Monaco Grand Prix,R,4133.364000,HUL,27,hulkenberg,audi,79.750000,10.000000,1.000000,,,21.280000,37.307000,21.163000,4074.935000,4112.242000,4133.405000,177.000000,181.000000,255.000000,280.000000,False,MEDIUM,10.000000,True,Audi,4053.614000,,1,12.000000,False,,False,True
2026,6,Monaco Grand Prix,R,4212.078000,HUL,27,hulkenberg,audi,78.714000,11.000000,1.000000,,,20.851000,37.033000,20.830000,4154.256000,4191.289000,4212.119000,198.000000,189.000000,255.000000,269.000000,True,MEDIUM,11.000000,True,Audi,4133.364000,,1,12.000000,False,,False,True
2026,6,Monaco Grand Prix,R,4306.757000,HUL,27,hulkenberg,audi,94.679000,12.000000,1.000000,,4282.723000,20.317000,36.387000,37.975000,4232.436000,4268.823000,4306.798000,206.000000,187.000000,,272.000000,False,MEDIUM,12.000000,True,Audi,4212.078000,,1,14.000000,False,,False,False
2026,6,Monaco Grand Prix,R,4387.106000,HUL,27,hulkenberg,audi,80.349000,13.000000,2.000000,4307.568000,,23.274000,36.605000,20.470000,4330.072000,4366.677000,4387.147000,200.000000,186.000000,255.000000,270.000000,False,HARD,1.000000,True,Audi,4306.757000,,1,14.000000,False,,False,False
2026,6,Monaco Grand Prix,R,4463.604000,HUL,27,hulkenberg,audi,76.498000,14.000000,2.000000,,,20.131000,36.055000,20.312000,4407.278000,4443.333000,4463.645000,212.000000,190.000000,255.000000,270.000000,True,HARD,2.000000,True,Audi,4387.106000,,1,14.000000,False,,False,True
2026,6,Monaco Grand Prix,R,4539.936000,HUL,27,hulkenberg,audi,76.332000,15.000000,2.000000,,,20.158000,35.917000,20.257000,4483.803000,4519.720000,4539.977000,206.000000,192.000000,255.000000,270.000000,True,HARD,3.000000,True,Audi,4463.604000,,1,14.000000,False,,False,True
2026,6,Monaco Grand Prix,R,4616.305000,HUL,27,hulkenberg,audi,76.369000,16.000000,2.000000,,,20.078000,35.898000,20.393000,4560.055000,4595.953000,4616.346000,208.000000,191.000000,256.000000,271.000000,False,HARD,4.000000,True,Audi,4539.936000,,1,14.000000,False,,False,True
2026,6,Monaco Grand Prix,R,4693.038000,HUL,27,hulkenberg,audi,76.733000,17.000000,2.000000,,,20.093000,36.143000,20.497000,4636.439000,4672.582000,4693.079000,209.000000,189.000000,256.000000,271.000000,False,HARD,5.000000,True,Audi,4616.305000,,1,14.000000,False,,False,True
2026,6,Monaco Grand Prix,R,4770.205000,HUL,27,hulkenberg,audi,77.167000,18.000000,2.000000,,,20.298000,36.394000,20.475000,4713.377000,4749.771000,4770.246000,208.000000,189.000000,256.000000,272.000000,False,HARD,6.000000,True,Audi,4693.038000,,1,14.000000,False,,False,True
2026,6,Monaco Grand Prix,R,4847.029000,HUL,27,hulkenberg,audi,76.824000,19.000000,2.000000,,,20.128000,36.308000,20.388000,4790.374000,4826.682000,4847.070000,207.000000,188.000000,256.000000,272.000000,False,HARD,7.000000,True,Audi,4770.205000,,1,14.000000,False,,False,True
2026,6,Monaco Grand Prix,R,4925.082000,HUL,27,hulkenberg,audi,78.053000,20.000000,2.000000,,,20.561000,36.778000,20.714000,4867.631000,4904.409000,4925.123000,201.000000,188.000000,255.000000,269.000000,False,HARD,8.000000,True,Audi,4847.029000,,1,14.000000,False,,False,True
2026,6,Monaco Grand Prix,R,5003.125000,HUL,27,hulkenberg,audi,78.043000,21.000000,2.000000,,,20.261000,36.726000,21.056000,4945.384000,4982.110000,5003.166000,207.000000,188.000000,249.000000,272.000000,False,HARD,9.000000,True,Audi,4925.082000,,1,14.000000,False,,False,True
2026,6,Monaco Grand Prix,R,5081.249000,HUL,27,hulkenberg,audi,78.124000,22.000000,2.000000,,,20.610000,36.706000,20.808000,5023.776000,5060.482000,5081.290000,202.000000,187.000000,256.000000,272.000000,False,HARD,10.000000,True,Audi,5003.125000,,1,14.000000,False,,False,True
2026,6,Monaco Grand Prix,R,5159.648000,HUL,27,hulkenberg,audi,78.399000,23.000000,2.000000,,,20.507000,36.861000,21.031000,5101.797000,5138.658000,5159.689000,202.000000,184.000000,256.000000,273.000000,False,HARD,11.000000,True,Audi,5081.249000,,1,14.000000,False,,False,True
2026,6,Monaco Grand Prix,R,5238.474000,HUL,27,hulkenberg,audi,78.826000,24.000000,2.000000,,,20.521000,37.076000,21.229000,5180.210000,5217.286000,5238.515000,200.000000,185.000000,255.000000,273.000000,False,HARD,12.000000,True,Audi,5159.648000,,1,14.000000,False,,False,True
2026,6,Monaco Grand Prix,R,5317.664000,HUL,27,hulkenberg,audi,79.190000,25.000000,2.000000,,,20.649000,37.180000,21.361000,5259.164000,5296.344000,5317.705000,199.000000,180.000000,257.000000,273.000000,False,HARD,13.000000,True,Audi,5238.474000,,1,14.000000,False,,False,True
2026,6,Monaco Grand Prix,R,5396.207000,HUL,27,hulkenberg,audi,78.543000,26.000000,2.000000,,,20.631000,36.990000,20.922000,5338.336000,5375.326000,5396.248000,202.000000,185.000000,262.000000,273.000000,False,HARD,14.000000,True,Audi,5317.664000,,1,14.000000,False,,False,True
2026,6,Monaco Grand Prix,R,5475.463000,HUL,27,hulkenberg,audi,79.256000,27.000000,2.000000,,,20.775000,37.228000,21.253000,5417.023000,5454.251000,5475.504000,198.000000,183.000000,262.000000,283.000000,False,HARD,15.000000,True,Audi,5396.207000,,1,14.000000,False,,False,True
2026,6,Monaco Grand Prix,R,5555.252000,HUL,27,hulkenberg,audi,79.789000,28.000000,2.000000,,,20.633000,37.112000,22.044000,5496.137000,5533.249000,5555.293000,199.000000,180.000000,221.000000,283.000000,False,HARD,16.000000,True,Audi,5475.463000,,1,14.000000,False,,False,True
2026,6,Monaco Grand Prix,R,5635.122000,HUL,27,hulkenberg,audi,79.870000,29.000000,2.000000,,,21.547000,37.188000,21.135000,5576.840000,5614.028000,5635.163000,196.000000,181.000000,263.000000,282.000000,False,HARD,17.000000,True,Audi,5555.252000,,1,14.000000,True,TRACK LIMITS AT TURN 10 LAP 29 ,False,True
2026,6,Monaco Grand Prix,R,5713.896000,HUL,27,hulkenberg,audi,78.774000,30.000000,2.000000,,,20.526000,37.156000,21.092000,5655.689000,5692.845000,5713.937000,201.000000,182.000000,262.000000,283.000000,False,HARD,18.000000,True,Audi,5635.122000,,1,14.000000,False,,False,True
2026,6,Monaco Grand Prix,R,5794.936000,HUL,27,hulkenberg,audi,81.040000,31.000000,2.000000,,,20.744000,38.418000,21.878000,5734.681000,5773.099000,5794.977000,199.000000,170.000000,256.000000,276.000000,False,HARD,19.000000,True,Audi,5713.896000,,1,14.000000,False,,False,True
2026,6,Monaco Grand Prix,R,5874.275000,HUL,27,hulkenberg,audi,79.339000,32.000000,2.000000,,,20.916000,37.203000,21.220000,5815.893000,5853.096000,5874.316000,196.000000,184.000000,256.000000,271.000000,False,HARD,20.000000,True,Audi,5794.936000,,1,14.000000,False,,False,True
2026,6,Monaco Grand Prix,R,5953.281000,HUL,27,hulkenberg,audi,79.006000,33.000000,2.000000,,,20.582000,37.132000,21.292000,5894.898000,5932.030000,5953.322000,206.000000,182.000000,257.000000,273.000000,False,HARD,21.000000,True,Audi,5874.275000,,1,14.000000,False,,False,True
2026,6,Monaco Grand Prix,R,6033.576000,HUL,27,hulkenberg,audi,80.295000,34.000000,2.000000,,,20.731000,37.615000,21.949000,5974.053000,6011.668000,6033.617000,198.000000,182.000000,253.000000,273.000000,False,HARD,22.000000,True,Audi,5953.281000,,1,14.000000,False,,False,True
2026,6,Monaco Grand Prix,R,6115.160000,HUL,27,hulkenberg,audi,81.584000,35.000000,2.000000,,,21.161000,38.549000,21.874000,6054.778000,6093.327000,6115.201000,184.000000,181.000000,261.000000,282.000000,False,HARD,23.000000,True,Audi,6033.576000,,1,13.000000,False,,False,True
2026,6,Monaco Grand Prix,R,6196.096000,HUL,27,hulkenberg,audi,80.936000,36.000000,2.000000,,,20.904000,38.082000,21.950000,6136.105000,6174.187000,6196.137000,189.000000,181.000000,264.000000,282.000000,False,HARD,24.000000,True,Audi,6115.160000,,1,13.000000,False,,False,True
2026,6,Monaco Grand Prix,R,6277.260000,HUL,27,hulkenberg,audi,81.164000,37.000000,2.000000,,,21.252000,38.105000,21.807000,6217.389000,6255.494000,6277.301000,191.000000,180.000000,263.000000,282.000000,False,HARD,25.000000,True,Audi,6196.096000,,1,13.000000,False,,False,True
2026,6,Monaco Grand Prix,R,6359.962000,HUL,27,hulkenberg,audi,82.702000,38.000000,2.000000,,,21.390000,38.406000,22.906000,6298.691000,6337.097000,6360.003000,188.000000,166.000000,261.000000,281.000000,False,HARD,26.000000,True,Audi,6277.260000,,1,13.000000,False,,False,True
2026,6,Monaco Grand Prix,R,6441.923000,HUL,27,hulkenberg,audi,81.961000,39.000000,2.000000,,,21.404000,38.541000,22.016000,6381.407000,6419.948000,6441.964000,183.000000,178.000000,261.000000,282.000000,False,HARD,27.000000,True,Audi,6359.962000,,1,13.000000,False,,False,True
2026,6,Monaco Grand Prix,R,6524.355000,HUL,27,hulkenberg,audi,82.432000,40.000000,2.000000,,,21.133000,38.525000,22.774000,6463.097000,6501.622000,6524.396000,190.000000,180.000000,216.000000,281.000000,False,HARD,28.000000,True,Audi,6441.923000,,1,13.000000,False,,False,True
2026,6,Monaco Grand Prix,R,6606.257000,HUL,27,hulkenberg,audi,81.902000,41.000000,2.000000,,,21.791000,38.074000,22.037000,6546.187000,6584.261000,6606.298000,192.000000,175.000000,263.000000,280.000000,False,HARD,29.000000,True,Audi,6524.355000,,1,13.000000,False,,False,True
2026,6,Monaco Grand Prix,R,6688.178000,HUL,27,hulkenberg,audi,81.921000,42.000000,2.000000,,,21.502000,38.671000,21.748000,6627.800000,6666.471000,6688.219000,186.000000,179.000000,263.000000,282.000000,False,HARD,30.000000,True,Audi,6606.257000,,1,13.000000,False,,False,True
2026,6,Monaco Grand Prix,R,6769.670000,HUL,27,hulkenberg,audi,81.492000,43.000000,2.000000,,,21.710000,38.241000,21.541000,6709.929000,6748.170000,6769.711000,190.000000,185.000000,260.000000,281.000000,False,HARD,31.000000,True,Audi,6688.178000,,1,13.000000,False,,False,True
2026,6,Monaco Grand Prix,R,6849.696000,HUL,27,hulkenberg,audi,80.026000,44.000000,2.000000,,,21.048000,37.774000,21.204000,6790.759000,6828.533000,6849.737000,197.000000,183.000000,263.000000,282.000000,False,HARD,32.000000,True,Audi,6769.670000,,1,13.000000,False,,False,True
2026,6,Monaco Grand Prix,R,6930.871000,HUL,27,hulkenberg,audi,81.175000,45.000000,2.000000,,,20.898000,38.027000,22.250000,6870.635000,6908.662000,6930.912000,195.000000,175.000000,261.000000,283.000000,False,HARD,33.000000,True,Audi,6849.696000,,1,12.000000,False,,False,True
2026,6,Monaco Grand Prix,R,7013.112000,HUL,27,hulkenberg,audi,82.241000,46.000000,2.000000,,,21.335000,38.843000,22.063000,6952.247000,6991.090000,7013.153000,185.000000,175.000000,261.000000,281.000000,False,HARD,34.000000,True,Audi,6930.871000,,1,12.000000,False,,False,True
2026,6,Monaco Grand Prix,R,7095.394000,HUL,27,hulkenberg,audi,82.282000,47.000000,2.000000,,,21.765000,38.468000,22.049000,7034.918000,7073.386000,7095.435000,183.000000,174.000000,261.000000,282.000000,False,HARD,35.000000,True,Audi,7013.112000,,1,12.000000,False,,False,True
2026,6,Monaco Grand Prix,R,7175.719000,HUL,27,hulkenberg,audi,80.325000,48.000000,2.000000,,,21.912000,37.367000,21.046000,7117.347000,7154.714000,7175.760000,194.000000,183.000000,262.000000,283.000000,False,HARD,36.000000,True,Audi,7095.394000,,1,12.000000,False,,False,True
2026,6,Monaco Grand Prix,R,7255.327000,HUL,27,hulkenberg,audi,79.608000,49.000000,2.000000,,,20.645000,37.432000,21.531000,7196.405000,7233.837000,7255.368000,198.000000,180.000000,263.000000,282.000000,False,HARD,37.000000,True,Audi,7175.719000,,1,12.000000,False,,False,True
2026,6,Monaco Grand Prix,R,7335.879000,HUL,27,hulkenberg,audi,80.552000,50.000000,2.000000,,,20.721000,37.570000,22.261000,7276.089000,7313.659000,7335.920000,202.000000,182.000000,228.000000,282.000000,False,HARD,38.000000,True,Audi,7255.327000,,1,12.000000,False,,False,True
2026,6,Monaco Grand Prix,R,7417.258000,HUL,27,hulkenberg,audi,81.379000,51.000000,2.000000,,,21.902000,38.217000,21.260000,7357.822000,7396.039000,7417.299000,143.000000,182.000000,263.000000,282.000000,False,HARD,39.000000,True,Audi,7335.879000,,1,12.000000,False,,False,True
2026,6,Monaco Grand Prix,R,7496.657000,HUL,27,hulkenberg,audi,79.399000,52.000000,2.000000,,,21.004000,37.179000,21.216000,7438.303000,7475.482000,7496.698000,193.000000,183.000000,264.000000,281.000000,False,HARD,40.000000,True,Audi,7417.258000,,1,12.000000,False,,False,True
2026,6,Monaco Grand Prix,R,7579.658000,HUL,27,hulkenberg,audi,83.001000,53.000000,2.000000,,,22.410000,39.135000,21.456000,7519.108000,7558.243000,7579.699000,184.000000,179.000000,259.000000,270.000000,False,HARD,41.000000,True,Audi,7496.657000,,1,12.000000,False,,False,True
2026,6,Monaco Grand Prix,R,7657.727000,HUL,27,hulkenberg,audi,78.069000,54.000000,2.000000,,,20.516000,36.687000,20.866000,7600.215000,7636.902000,7657.768000,202.000000,187.000000,264.000000,282.000000,False,HARD,42.000000,True,Audi,7579.658000,,1,12.000000,False,,False,True
2026,6,Monaco Grand Prix,R,7736.606000,HUL,27,hulkenberg,audi,78.879000,55.000000,2.000000,,,20.554000,37.272000,21.053000,7678.322000,7715.594000,7736.647000,200.000000,185.000000,263.000000,283.000000,False,HARD,43.000000,True,Audi,7657.727000,,1,12.000000,False,,False,True
2026,6,Monaco Grand Prix,R,7815.565000,HUL,27,hulkenberg,audi,78.959000,56.000000,2.000000,,,20.433000,37.133000,21.393000,7757.080000,7794.213000,7815.606000,205.000000,182.000000,262.000000,283.000000,False,HARD,44.000000,True,Audi,7736.606000,,1,12.000000,False,,False,True
2026,6,Monaco Grand Prix,R,7894.689000,HUL,27,hulkenberg,audi,79.124000,57.000000,2.000000,,,20.636000,36.798000,21.690000,7836.242000,7873.040000,7894.730000,194.000000,187.000000,202.000000,282.000000,False,HARD,45.000000,True,Audi,7815.565000,,1,12.000000,False,,False,True
2026,6,Monaco Grand Prix,R,8004.183000,HUL,27,hulkenberg,audi,109.494000,58.000000,2.000000,,7984.474000,22.710000,48.847000,37.937000,7917.440000,7966.287000,8004.224000,128.000000,155.000000,,191.000000,False,HARD,46.000000,True,Audi,7894.689000,,124,12.000000,False,,False,False
2026,6,Monaco Grand Prix,R,8118.185000,HUL,27,hulkenberg,audi,114.002000,59.000000,3.000000,8005.017000,8098.958000,26.628000,49.810000,37.564000,8030.852000,8080.662000,8118.226000,149.000000,148.000000,,195.000000,False,HARD,47.000000,False,Audi,8004.183000,,4,13.000000,False,,False,False
2026,6,Monaco Grand Prix,R,8213.799000,HUL,27,hulkenberg,audi,95.614000,60.000000,4.000000,8118.892000,,25.644000,39.685000,30.285000,8143.870000,8183.555000,8213.840000,173.000000,151.000000,153.000000,266.000000,False,HARD,48.000000,False,Audi,8118.185000,,4,13.000000,False,,False,False
2026,6,Monaco Grand Prix,R,8332.845000,HUL,27,hulkenberg,audi,119.046000,61.000000,4.000000,,,34.424000,50.968000,33.654000,8248.264000,8299.232000,8332.886000,107.000000,164.000000,100.000000,146.000000,False,HARD,49.000000,False,Audi,8213.799000,,4,13.000000,False,,False,False
2026,6,Monaco Grand Prix,R,8424.608000,HUL,27,hulkenberg,audi,91.763000,62.000000,4.000000,,,29.333000,39.911000,22.519000,8362.219000,8402.130000,8424.649000,161.000000,176.000000,255.000000,265.000000,False,HARD,50.000000,False,Audi,8332.845000,,4,13.000000,False,,False,False
2026,6,Monaco Grand Prix,R,8508.649000,HUL,27,hulkenberg,audi,84.041000,63.000000,4.000000,,,22.077000,39.254000,22.710000,8446.726000,8485.980000,8508.690000,184.000000,169.000000,252.000000,270.000000,False,HARD,51.000000,False,Audi,8424.608000,,4,13.000000,False,,False,False
2026,6,Monaco Grand Prix,R,8590.826000,HUL,27,hulkenberg,audi,82.177000,64.000000,4.000000,,,22.016000,38.146000,22.015000,8530.706000,8568.852000,8590.867000,182.000000,180.000000,252.000000,271.000000,False,HARD,52.000000,False,Audi,8508.649000,,412,13.000000,False,,False,False
2026,6,Monaco Grand Prix,R,8704.166000,HUL,27,hulkenberg,audi,113.340000,65.000000,4.000000,,8682.555000,24.758000,48.678000,39.904000,8615.625000,8664.303000,8704.207000,86.000000,171.000000,,223.000000,False,HARD,53.000000,False,Audi,8590.826000,,24,12.000000,False,,False,False
2026,6,Monaco Grand Prix,R,8812.292000,HUL,27,hulkenberg,audi,108.126000,66.000000,5.000000,8704.897000,,30.291000,48.429000,29.406000,8734.498000,8782.927000,8812.333000,151.000000,169.000000,219.000000,226.000000,False,HARD,54.000000,False,Audi,8704.166000,,4,12.000000,False,,False,False
2026,6,Monaco Grand Prix,R,10944.073000,HUL,27,hulkenberg,audi,,67.000000,5.000000,,8917.840000,23.626000,55.285000,,8836.088000,8891.309000,,100.000000,124.000000,,153.000000,False,HARD,55.000000,False,Audi,8812.292000,,451,12.000000,False,,False,False
2026,6,Monaco Grand Prix,R,11089.924000,HUL,27,hulkenberg,audi,145.851000,68.000000,6.000000,10944.809000,11028.697000,27.252000,40.295000,78.304000,10971.366000,11011.661000,11089.965000,159.000000,173.000000,,263.000000,False,SOFT,1.000000,True,Audi,10944.073000,,14,12.000000,False,,False,False
2026,6,Monaco Grand Prix,R,11179.898000,HUL,27,hulkenberg,audi,89.974000,69.000000,7.000000,11090.626000,,26.972000,38.836000,24.166000,11116.937000,11155.773000,11179.939000,169.000000,177.000000,256.000000,271.000000,False,SOFT,2.000000,False,Audi,11089.924000,,4,12.000000,False,,False,False
2026,6,Monaco Grand Prix,R,11333.359000,HUL,27,hulkenberg,audi,,70.000000,7.000000,,,25.722000,51.254000,76.512000,11205.727000,11256.971000,11334.734000,108.000000,169.000000,141.000000,255.000000,False,SOFT,3.000000,False,Audi,11179.898000,,41,13.000000,False,,False,False
2026,6,Monaco Grand Prix,R,11422.551000,HUL,27,hulkenberg,audi,89.192000,71.000000,7.000000,,,26.341000,41.338000,21.513000,11359.741000,11401.079000,11422.592000,153.000000,177.000000,264.000000,270.000000,False,SOFT,4.000000,False,Audi,11333.359000,,12,10.000000,False,,False,True
2026,6,Monaco Grand Prix,R,11502.305000,HUL,27,hulkenberg,audi,79.754000,72.000000,7.000000,,,21.377000,36.954000,21.423000,11443.969000,11480.923000,11502.346000,190.000000,182.000000,218.000000,283.000000,False,SOFT,5.000000,False,Audi,11422.551000,,1,8.000000,True,TRACK LIMITS AT TURN 10 LAP 72 ,False,True
2026,6,Monaco Grand Prix,R,11582.380000,HUL,27,hulkenberg,audi,80.075000,73.000000,7.000000,,,22.603000,36.980000,20.492000,11524.949000,11561.929000,11582.421000,149.000000,188.000000,265.000000,284.000000,False,SOFT,6.000000,False,Audi,11502.305000,,1,9.000000,False,,False,True
2026,6,Monaco Grand Prix,R,11659.128000,HUL,27,hulkenberg,audi,76.748000,74.000000,7.000000,,,20.359000,36.059000,20.330000,11602.780000,11638.839000,11659.169000,207.000000,185.000000,265.000000,285.000000,False,SOFT,7.000000,False,Audi,11582.380000,,1,9.000000,False,,False,True
2026,6,Monaco Grand Prix,R,11735.481000,HUL,27,hulkenberg,audi,76.353000,75.000000,7.000000,,,20.243000,35.793000,20.317000,11679.412000,11715.205000,11735.522000,200.000000,192.000000,266.000000,285.000000,False,SOFT,8.000000,False,Audi,11659.128000,,1,9.000000,False,,False,True
2026,6,Monaco Grand Prix,R,11812.215000,HUL,27,hulkenberg,audi,76.734000,76.000000,7.000000,,,20.449000,35.885000,20.400000,11755.971000,11791.856000,11812.256000,205.000000,188.000000,265.000000,285.000000,False,SOFT,9.000000,False,Audi,11735.481000,,1,9.000000,False,,False,True
2026,6,Monaco Grand Prix,R,11888.705000,HUL,27,hulkenberg,audi,76.490000,77.000000,7.000000,,,20.251000,35.985000,20.254000,11832.507000,11868.492000,11888.746000,207.000000,190.000000,266.000000,284.000000,False,SOFT,10.000000,False,Audi,11812.215000,,1,9.000000,False,,False,True
2026,6,Monaco Grand Prix,R,11965.216000,HUL,27,hulkenberg,audi,76.511000,78.000000,7.000000,,,20.119000,36.168000,20.224000,11908.865000,11945.033000,11965.257000,206.000000,191.000000,266.000000,284.000000,False,SOFT,11.000000,False,Audi,11888.705000,,1,9.000000,False,,False,True
2026,6,Monaco Grand Prix,R,3402.391000,VER,3,max_verstappen,red_bull,,1.000000,1.000000,,,,,,,,,,,,,False,MEDIUM,1.000000,True,Red Bull Racing,3319.645000,,12,,False,,True,False
2026,6,Monaco Grand Prix,R,3411.184000,LAW,30,lawson,rb,91.318000,1.000000,1.000000,,,,39.584000,21.586000,,3389.780000,3411.417000,148.000000,179.000000,259.000000,269.000000,False,MEDIUM,1.000000,True,Racing Bulls,3319.645000,,12,9.000000,False,,False,False
2026,6,Monaco Grand Prix,R,3491.853000,LAW,30,lawson,rb,80.669000,2.000000,1.000000,,,21.714000,37.771000,21.184000,3432.930000,3470.701000,3491.885000,161.000000,183.000000,255.000000,273.000000,True,MEDIUM,2.000000,True,Racing Bulls,3411.184000,,1,9.000000,False,,False,True
2026,6,Monaco Grand Prix,R,3572.247000,LAW,30,lawson,rb,80.394000,3.000000,1.000000,,,21.624000,37.615000,21.155000,3513.509000,3551.124000,3572.279000,175.000000,183.000000,260.000000,269.000000,True,MEDIUM,3.000000,True,Racing Bulls,3491.853000,,1,9.000000,False,,False,True
2026,6,Monaco Grand Prix,R,3651.930000,LAW,30,lawson,rb,79.683000,4.000000,1.000000,,,21.237000,37.294000,21.152000,3593.516000,3630.810000,3651.962000,180.000000,183.000000,254.000000,277.000000,True,MEDIUM,4.000000,True,Racing Bulls,3572.247000,,1,9.000000,False,,False,True
2026,6,Monaco Grand Prix,R,3731.237000,LAW,30,lawson,rb,79.307000,5.000000,1.000000,,,21.067000,37.156000,21.084000,3673.029000,3710.185000,3731.269000,187.000000,185.000000,256.000000,270.000000,True,MEDIUM,5.000000,True,Racing Bulls,3651.930000,,1,9.000000,False,,False,True
2026,6,Monaco Grand Prix,R,3810.783000,LAW,30,lawson,rb,79.546000,6.000000,1.000000,,,21.142000,37.330000,21.074000,3752.411000,3789.741000,3810.815000,180.000000,184.000000,255.000000,268.000000,False,MEDIUM,6.000000,True,Racing Bulls,3731.237000,,1,9.000000,False,,False,True
2026,6,Monaco Grand Prix,R,3889.836000,LAW,30,lawson,rb,79.053000,7.000000,1.000000,,,20.970000,37.087000,20.996000,3831.785000,3868.872000,3889.868000,197.000000,188.000000,255.000000,269.000000,True,MEDIUM,7.000000,True,Racing Bulls,3810.783000,,1,9.000000,False,,False,True
2026,6,Monaco Grand Prix,R,3968.697000,LAW,30,lawson,rb,78.861000,8.000000,1.000000,,,20.852000,37.011000,20.998000,3910.720000,3947.731000,3968.729000,190.000000,184.000000,255.000000,269.000000,True,MEDIUM,8.000000,True,Racing Bulls,3889.836000,,1,9.000000,False,,False,True
2026,6,Monaco Grand Prix,R,4047.178000,LAW,30,lawson,rb,78.481000,9.000000,1.000000,,,20.788000,36.834000,20.859000,3989.517000,4026.351000,4047.210000,190.000000,185.000000,256.000000,269.000000,True,MEDIUM,9.000000,True,Racing Bulls,3968.697000,,1,9.000000,False,,False,True
2026,6,Monaco Grand Prix,R,4125.652000,LAW,30,lawson,rb,78.474000,10.000000,1.000000,,,20.970000,36.737000,20.767000,4068.180000,4104.917000,4125.684000,186.000000,185.000000,255.000000,269.000000,True,MEDIUM,10.000000,True,Racing Bulls,4047.178000,,1,9.000000,False,,False,True
2026,6,Monaco Grand Prix,R,4204.195000,LAW,30,lawson,rb,78.543000,11.000000,1.000000,,,20.791000,36.890000,20.862000,4146.475000,4183.365000,4204.227000,193.000000,185.000000,255.000000,269.000000,False,MEDIUM,11.000000,True,Racing Bulls,4125.652000,,1,9.000000,False,,False,True
2026,6,Monaco Grand Prix,R,4282.678000,LAW,30,lawson,rb,78.483000,12.000000,1.000000,,,20.727000,36.907000,20.849000,4224.954000,4261.861000,4282.710000,192.000000,182.000000,255.000000,269.000000,False,MEDIUM,12.000000,True,Racing Bulls,4204.195000,,1,9.000000,False,,False,True
2026,6,Monaco Grand Prix,R,4361.193000,LAW,30,lawson,rb,78.515000,13.000000,1.000000,,,20.748000,36.901000,20.866000,4303.458000,4340.359000,4361.225000,193.000000,184.000000,255.000000,270.000000,False,MEDIUM,13.000000,True,Racing Bulls,4282.678000,,1,9.000000,False,,False,True
2026,6,Monaco Grand Prix,R,4439.817000,LAW,30,lawson,rb,78.624000,14.000000,1.000000,,,20.790000,36.921000,20.913000,4382.015000,4418.936000,4439.849000,192.000000,187.000000,256.000000,270.000000,False,MEDIUM,14.000000,True,Racing Bulls,4361.193000,,1,9.000000,False,,False,True
2026,6,Monaco Grand Prix,R,4518.346000,LAW,30,lawson,rb,78.529000,15.000000,1.000000,,,20.801000,36.845000,20.883000,4460.650000,4497.495000,4518.378000,191.000000,184.000000,255.000000,269.000000,False,MEDIUM,15.000000,True,Racing Bulls,4439.817000,,1,9.000000,False,,False,True
2026,6,Monaco Grand Prix,R,4597.066000,LAW,30,lawson,rb,78.720000,16.000000,1.000000,,,20.861000,37.019000,20.840000,4539.239000,4576.258000,4597.098000,186.000000,183.000000,256.000000,270.000000,False,MEDIUM,16.000000,True,Racing Bulls,4518.346000,,1,9.000000,False,,False,True
2026,6,Monaco Grand Prix,R,4675.859000,LAW,30,lawson,rb,78.793000,17.000000,1.000000,,,20.802000,37.059000,20.932000,4617.900000,4654.959000,4675.891000,192.000000,184.000000,256.000000,270.000000,False,MEDIUM,17.000000,True,Racing Bulls,4597.066000,,1,9.000000,False,,False,True
2026,6,Monaco Grand Prix,R,4754.817000,LAW,30,lawson,rb,78.958000,18.000000,1.000000,,,20.810000,37.192000,20.956000,4696.701000,4733.893000,4754.849000,192.000000,183.000000,255.000000,270.000000,False,MEDIUM,18.000000,True,Racing Bulls,4675.859000,,1,9.000000,False,,False,True
2026,6,Monaco Grand Prix,R,4833.758000,LAW,30,lawson,rb,78.941000,19.000000,1.000000,,,20.905000,37.047000,20.989000,4775.754000,4812.801000,4833.790000,190.000000,185.000000,256.000000,270.000000,False,MEDIUM,19.000000,True,Racing Bulls,4754.817000,,1,9.000000,False,,False,True
2026,6,Monaco Grand Prix,R,4912.616000,LAW,30,lawson,rb,78.858000,20.000000,1.000000,,,20.754000,37.035000,21.069000,4854.544000,4891.579000,4912.648000,194.000000,186.000000,256.000000,270.000000,False,MEDIUM,20.000000,True,Racing Bulls,4833.758000,,1,9.000000,False,,False,True
2026,6,Monaco Grand Prix,R,4991.578000,LAW,30,lawson,rb,78.962000,21.000000,1.000000,,,20.879000,37.020000,21.063000,4933.527000,4970.547000,4991.610000,190.000000,186.000000,255.000000,269.000000,False,MEDIUM,21.000000,True,Racing Bulls,4912.616000,,1,9.000000,False,,False,True
2026,6,Monaco Grand Prix,R,5070.625000,LAW,30,lawson,rb,79.047000,22.000000,1.000000,,,20.817000,37.134000,21.096000,5012.427000,5049.561000,5070.657000,194.000000,185.000000,256.000000,270.000000,False,MEDIUM,22.000000,True,Racing Bulls,4991.578000,,1,9.000000,False,,False,True
2026,6,Monaco Grand Prix,R,5149.651000,LAW,30,lawson,rb,79.026000,23.000000,1.000000,,,20.860000,37.097000,21.069000,5091.517000,5128.614000,5149.683000,192.000000,187.000000,256.000000,270.000000,False,MEDIUM,23.000000,True,Racing Bulls,5070.625000,,1,9.000000,False,,False,True
2026,6,Monaco Grand Prix,R,5228.577000,LAW,30,lawson,rb,78.926000,24.000000,1.000000,,,20.845000,37.067000,21.014000,5170.528000,5207.595000,5228.609000,193.000000,185.000000,255.000000,270.000000,False,MEDIUM,24.000000,True,Racing Bulls,5149.651000,,1,9.000000,False,,False,True
2026,6,Monaco Grand Prix,R,5307.457000,LAW,30,lawson,rb,78.880000,25.000000,1.000000,,,20.804000,37.112000,20.964000,5249.413000,5286.525000,5307.489000,189.000000,184.000000,256.000000,270.000000,False,MEDIUM,25.000000,True,Racing Bulls,5228.577000,,1,9.000000,False,,False,True
2026,6,Monaco Grand Prix,R,5386.519000,LAW,30,lawson,rb,79.062000,26.000000,1.000000,,,20.972000,37.051000,21.039000,5328.461000,5365.512000,5386.551000,193.000000,185.000000,256.000000,270.000000,False,MEDIUM,26.000000,True,Racing Bulls,5307.457000,,1,9.000000,False,,False,True
2026,6,Monaco Grand Prix,R,5465.577000,LAW,30,lawson,rb,79.058000,27.000000,1.000000,,,20.966000,37.150000,20.942000,5407.517000,5444.667000,5465.609000,192.000000,184.000000,255.000000,270.000000,False,MEDIUM,27.000000,True,Racing Bulls,5386.519000,,1,9.000000,False,,False,True
2026,6,Monaco Grand Prix,R,5544.321000,LAW,30,lawson,rb,78.744000,28.000000,1.000000,,,20.798000,36.974000,20.972000,5486.407000,5523.381000,5544.353000,195.000000,187.000000,256.000000,270.000000,False,MEDIUM,28.000000,True,Racing Bulls,5465.577000,,1,9.000000,False,,False,True
2026,6,Monaco Grand Prix,R,5623.319000,LAW,30,lawson,rb,78.998000,29.000000,1.000000,,,20.936000,37.004000,21.058000,5565.289000,5602.293000,5623.351000,191.000000,186.000000,256.000000,270.000000,False,MEDIUM,29.000000,True,Racing Bulls,5544.321000,,1,9.000000,False,,False,True
2026,6,Monaco Grand Prix,R,5701.812000,LAW,30,lawson,rb,78.493000,30.000000,1.000000,,,20.753000,36.794000,20.946000,5644.104000,5680.898000,5701.844000,193.000000,185.000000,256.000000,270.000000,False,MEDIUM,30.000000,True,Racing Bulls,5623.319000,,1,9.000000,False,,False,True
2026,6,Monaco Grand Prix,R,5780.512000,LAW,30,lawson,rb,78.700000,31.000000,1.000000,,,20.806000,37.041000,20.853000,5722.650000,5759.691000,5780.544000,193.000000,187.000000,255.000000,269.000000,False,MEDIUM,31.000000,True,Racing Bulls,5701.812000,,1,9.000000,False,,False,True
2026,6,Monaco Grand Prix,R,5859.803000,LAW,30,lawson,rb,79.291000,32.000000,1.000000,,,21.014000,37.239000,21.038000,5801.558000,5838.797000,5859.835000,182.000000,187.000000,256.000000,270.000000,False,MEDIUM,32.000000,True,Racing Bulls,5780.512000,,1,9.000000,False,,False,True
2026,6,Monaco Grand Prix,R,5941.108000,LAW,30,lawson,rb,81.305000,33.000000,1.000000,,,20.994000,38.959000,21.352000,5880.829000,5919.788000,5941.140000,184.000000,179.000000,257.000000,271.000000,False,MEDIUM,33.000000,True,Racing Bulls,5859.803000,,1,9.000000,False,,False,True
2026,6,Monaco Grand Prix,R,6021.057000,LAW,30,lawson,rb,79.949000,34.000000,1.000000,,,21.353000,37.488000,21.108000,5962.493000,5999.981000,6021.089000,181.000000,185.000000,257.000000,270.000000,False,MEDIUM,34.000000,True,Racing Bulls,5941.108000,,1,9.000000,False,,False,True
2026,6,Monaco Grand Prix,R,6100.027000,LAW,30,lawson,rb,78.970000,35.000000,1.000000,,,20.909000,37.217000,20.844000,6041.998000,6079.215000,6100.059000,189.000000,186.000000,257.000000,271.000000,False,MEDIUM,35.000000,True,Racing Bulls,6021.057000,,1,9.000000,False,,False,True
2026,6,Monaco Grand Prix,R,6178.661000,LAW,30,lawson,rb,78.634000,36.000000,1.000000,,,20.827000,36.947000,20.860000,6120.886000,6157.833000,6178.693000,189.000000,187.000000,257.000000,271.000000,False,MEDIUM,36.000000,True,Racing Bulls,6100.027000,,1,9.000000,False,,False,True
2026,6,Monaco Grand Prix,R,6257.263000,LAW,30,lawson,rb,78.602000,37.000000,1.000000,,,20.684000,37.093000,20.825000,6199.377000,6236.470000,6257.295000,194.000000,187.000000,257.000000,270.000000,False,MEDIUM,37.000000,True,Racing Bulls,6178.661000,,1,9.000000,False,,False,True
2026,6,Monaco Grand Prix,R,6335.714000,LAW,30,lawson,rb,78.451000,38.000000,1.000000,,,20.690000,36.955000,20.806000,6277.985000,6314.940000,6335.746000,196.000000,188.000000,257.000000,270.000000,True,MEDIUM,38.000000,True,Racing Bulls,6257.263000,,1,9.000000,False,,False,True
2026,6,Monaco Grand Prix,R,6414.163000,LAW,30,lawson,rb,78.449000,39.000000,1.000000,,,20.733000,36.872000,20.844000,6356.479000,6393.351000,6414.195000,197.000000,189.000000,257.000000,271.000000,True,MEDIUM,39.000000,True,Racing Bulls,6335.714000,,1,9.000000,False,,False,True
2026,6,Monaco Grand Prix,R,6492.739000,LAW,30,lawson,rb,78.576000,40.000000,1.000000,,,20.797000,37.003000,20.776000,6434.992000,6471.995000,6492.771000,194.000000,187.000000,257.000000,270.000000,False,MEDIUM,40.000000,True,Racing Bulls,6414.163000,,1,9.000000,False,,False,True
2026,6,Monaco Grand Prix,R,6571.491000,LAW,30,lawson,rb,78.752000,41.000000,1.000000,,,20.736000,37.062000,20.954000,6513.507000,6550.569000,6571.523000,196.000000,187.000000,257.000000,271.000000,False,MEDIUM,41.000000,True,Racing Bulls,6492.739000,,1,9.000000,False,,False,True
2026,6,Monaco Grand Prix,R,6652.581000,LAW,30,lawson,rb,81.090000,42.000000,1.000000,,,20.780000,38.876000,21.434000,6592.303000,6631.179000,6652.613000,191.000000,175.000000,256.000000,271.000000,False,MEDIUM,42.000000,True,Racing Bulls,6571.491000,,1,9.000000,False,,False,True
2026,6,Monaco Grand Prix,R,6731.984000,LAW,30,lawson,rb,79.403000,43.000000,1.000000,,,21.066000,37.270000,21.067000,6673.679000,6710.949000,6732.016000,189.000000,187.000000,256.000000,271.000000,False,MEDIUM,43.000000,True,Racing Bulls,6652.581000,,1,9.000000,False,,False,True
2026,6,Monaco Grand Prix,R,6829.307000,LAW,30,lawson,rb,97.323000,44.000000,1.000000,,6804.402000,20.852000,36.951000,39.520000,6752.868000,6789.819000,6829.339000,194.000000,183.000000,,271.000000,False,MEDIUM,44.000000,True,Racing Bulls,6731.984000,,1,9.000000,False,,False,False
2026,6,Monaco Grand Prix,R,6914.287000,LAW,30,lawson,rb,84.980000,45.000000,2.000000,6830.183000,,24.934000,38.647000,21.399000,6854.273000,6892.920000,6914.319000,154.000000,171.000000,255.000000,268.000000,False,SOFT,5.000000,False,Racing Bulls,6829.307000,,1,8.000000,False,,False,False
2026,6,Monaco Grand Prix,R,6993.167000,LAW,30,lawson,rb,78.880000,46.000000,2.000000,,,21.095000,36.959000,20.826000,6935.414000,6972.373000,6993.199000,185.000000,187.000000,256.000000,269.000000,False,SOFT,6.000000,False,Racing Bulls,6914.287000,,1,8.000000,False,,False,True
2026,6,Monaco Grand Prix,R,7071.149000,LAW,30,lawson,rb,77.982000,47.000000,2.000000,,,20.704000,36.637000,20.641000,7013.903000,7050.540000,7071.181000,192.000000,188.000000,257.000000,270.000000,True,SOFT,7.000000,False,Racing Bulls,6993.167000,,1,8.000000,False,,False,True
2026,6,Monaco Grand Prix,R,7149.086000,LAW,30,lawson,rb,77.937000,48.000000,2.000000,,,20.900000,36.411000,20.626000,7092.081000,7128.492000,7149.118000,195.000000,189.000000,257.000000,270.000000,True,SOFT,8.000000,False,Racing Bulls,7071.149000,,1,8.000000,False,,False,True
2026,6,Monaco Grand Prix,R,7226.870000,LAW,30,lawson,rb,77.784000,49.000000,2.000000,,,20.773000,36.407000,20.604000,7169.891000,7206.298000,7226.902000,194.000000,189.000000,257.000000,270.000000,True,SOFT,9.000000,False,Racing Bulls,7149.086000,,1,8.000000,False,,False,True
2026,6,Monaco Grand Prix,R,7304.127000,LAW,30,lawson,rb,77.257000,50.000000,2.000000,,,20.565000,36.210000,20.482000,7247.467000,7283.677000,7304.159000,202.000000,190.000000,257.000000,270.000000,True,SOFT,10.000000,False,Racing Bulls,7226.870000,,1,8.000000,False,,False,True
2026,6,Monaco Grand Prix,R,7381.633000,LAW,30,lawson,rb,77.506000,51.000000,2.000000,,,20.626000,36.336000,20.544000,7324.785000,7361.121000,7381.665000,198.000000,190.000000,257.000000,271.000000,False,SOFT,11.000000,False,Racing Bulls,7304.127000,,1,8.000000,False,,False,True
2026,6,Monaco Grand Prix,R,7459.338000,LAW,30,lawson,rb,77.705000,52.000000,2.000000,,,20.697000,36.450000,20.558000,7402.362000,7438.812000,7459.370000,202.000000,188.000000,257.000000,271.000000,False,SOFT,12.000000,False,Racing Bulls,7381.633000,,1,8.000000,False,,False,True
2026,6,Monaco Grand Prix,R,7537.150000,LAW,30,lawson,rb,77.812000,53.000000,2.000000,,,20.597000,36.529000,20.686000,7479.967000,7516.496000,7537.182000,201.000000,188.000000,258.000000,271.000000,False,SOFT,13.000000,False,Racing Bulls,7459.338000,,1,8.000000,False,,False,True
2026,6,Monaco Grand Prix,R,7614.678000,LAW,30,lawson,rb,77.528000,54.000000,2.000000,,,20.489000,36.335000,20.704000,7557.671000,7594.006000,7614.710000,198.000000,190.000000,258.000000,271.000000,False,SOFT,14.000000,False,Racing Bulls,7537.150000,,1,8.000000,False,,False,True
2026,6,Monaco Grand Prix,R,7692.322000,LAW,30,lawson,rb,77.644000,55.000000,2.000000,,,20.538000,36.404000,20.702000,7635.248000,7671.652000,7692.354000,201.000000,189.000000,259.000000,272.000000,False,SOFT,15.000000,False,Racing Bulls,7614.678000,,1,8.000000,False,,False,True
2026,6,Monaco Grand Prix,R,7770.340000,LAW,30,lawson,rb,78.018000,56.000000,2.000000,,,20.604000,36.842000,20.572000,7712.958000,7749.800000,7770.372000,192.000000,188.000000,258.000000,272.000000,False,SOFT,16.000000,False,Racing Bulls,7692.322000,,1,8.000000,False,,False,True
2026,6,Monaco Grand Prix,R,7847.910000,LAW,30,lawson,rb,77.570000,57.000000,2.000000,,,20.542000,36.427000,20.601000,7790.914000,7827.341000,7847.942000,199.000000,189.000000,257.000000,271.000000,False,SOFT,17.000000,False,Racing Bulls,7770.340000,,1,8.000000,False,,False,True
2026,6,Monaco Grand Prix,R,7926.491000,LAW,30,lawson,rb,78.581000,58.000000,2.000000,,,20.574000,36.289000,21.718000,7868.516000,7904.805000,7926.523000,198.000000,192.000000,253.000000,271.000000,False,SOFT,18.000000,False,Racing Bulls,7847.910000,,12,8.000000,False,,False,True
2026,6,Monaco Grand Prix,R,8033.724000,LAW,30,lawson,rb,107.233000,59.000000,2.000000,,,28.108000,49.669000,29.456000,7954.631000,8004.300000,8033.756000,149.000000,144.000000,207.000000,217.000000,False,SOFT,19.000000,False,Racing Bulls,7926.491000,,24,8.000000,False,,False,False
2026,6,Monaco Grand Prix,R,8147.910000,LAW,30,lawson,rb,114.186000,60.000000,2.000000,,8128.830000,27.321000,48.373000,38.492000,8061.077000,8109.450000,8147.942000,132.000000,131.000000,,234.000000,False,SOFT,20.000000,False,Racing Bulls,8033.724000,,4,8.000000,False,,False,False
2026,6,Monaco Grand Prix,R,8235.098000,LAW,30,lawson,rb,87.188000,61.000000,3.000000,8148.720000,,25.504000,39.264000,22.420000,8173.446000,8212.710000,8235.130000,148.000000,174.000000,234.000000,258.000000,False,SOFT,21.000000,False,Racing Bulls,8147.910000,,4,8.000000,False,,False,False
2026,6,Monaco Grand Prix,R,8339.590000,LAW,30,lawson,rb,104.492000,62.000000,3.000000,,,22.879000,49.392000,32.221000,8258.009000,8307.401000,8339.622000,140.000000,164.000000,118.000000,172.000000,False,SOFT,22.000000,False,Racing Bulls,8235.098000,,4,8.000000,False,,False,False
2026,6,Monaco Grand Prix,R,8443.255000,LAW,30,lawson,rb,103.665000,63.000000,3.000000,,,35.790000,45.836000,22.039000,8375.412000,8421.248000,8443.287000,94.000000,170.000000,257.000000,226.000000,False,SOFT,23.000000,False,Racing Bulls,8339.590000,,4,8.000000,False,,False,False
2026,6,Monaco Grand Prix,R,8522.814000,LAW,30,lawson,rb,79.559000,64.000000,3.000000,,,21.187000,37.148000,21.224000,8464.474000,8501.622000,8522.846000,186.000000,182.000000,256.000000,271.000000,False,SOFT,24.000000,False,Racing Bulls,8443.255000,,4,8.000000,False,,False,False
2026,6,Monaco Grand Prix,R,8603.199000,LAW,30,lawson,rb,80.385000,65.000000,3.000000,,,20.667000,36.735000,22.983000,8543.513000,8580.248000,8603.231000,193.000000,186.000000,257.000000,274.000000,False,SOFT,25.000000,False,Racing Bulls,8522.814000,,412,7.000000,False,,False,False
2026,6,Monaco Grand Prix,R,8718.702000,LAW,30,lawson,rb,115.503000,66.000000,3.000000,,8699.171000,29.362000,47.999000,38.142000,8632.593000,8680.592000,8718.734000,76.000000,131.000000,,138.000000,False,SOFT,26.000000,False,Racing Bulls,8603.199000,,24,7.000000,False,,False,False
2026,6,Monaco Grand Prix,R,8822.448000,LAW,30,lawson,rb,103.746000,67.000000,4.000000,8719.501000,,26.507000,52.133000,25.106000,8745.241000,8797.374000,8822.480000,129.000000,142.000000,250.000000,257.000000,False,SOFT,7.000000,False,Racing Bulls,8718.702000,,4,7.000000,False,,False,False
2026,6,Monaco Grand Prix,R,11076.100000,LAW,30,lawson,rb,,68.000000,4.000000,,8930.794000,29.740000,49.477000,,8852.385000,8901.736000,,104.000000,145.000000,,181.000000,False,SOFT,8.000000,False,Racing Bulls,8822.448000,,451,7.000000,False,,False,False
2026,6,Monaco Grand Prix,R,11171.203000,LAW,30,lawson,rb,95.103000,69.000000,5.000000,11076.876000,,27.841000,41.194000,26.068000,11103.973000,11145.167000,11171.235000,136.000000,174.000000,222.000000,247.000000,False,SOFT,7.000000,False,Racing Bulls,11076.100000,,4,7.000000,False,,False,False
2026,6,Monaco Grand Prix,R,11332.214000,LAW,30,lawson,rb,,70.000000,5.000000,,,28.320000,50.673000,82.003000,11199.695000,11250.330000,11332.671000,96.000000,171.000000,93.000000,239.000000,False,SOFT,8.000000,False,Racing Bulls,11171.203000,,41,7.000000,False,,False,False
2026,6,Monaco Grand Prix,R,11420.894000,LAW,30,lawson,rb,88.680000,71.000000,5.000000,,,26.221000,40.929000,21.530000,11358.467000,11399.396000,11420.926000,146.000000,178.000000,257.000000,269.000000,False,SOFT,9.000000,False,Racing Bulls,11332.214000,,12,7.000000,False,,False,True
2026,6,Monaco Grand Prix,R,11500.007000,LAW,30,lawson,rb,79.113000,72.000000,5.000000,,,21.195000,37.262000,20.656000,11442.121000,11479.383000,11500.039000,175.000000,186.000000,259.000000,272.000000,False,SOFT,10.000000,False,Racing Bulls,11420.894000,,1,6.000000,False,,False,True
2026,6,Monaco Grand Prix,R,11577.652000,LAW,30,lawson,rb,77.645000,73.000000,5.000000,,,21.037000,36.192000,20.416000,11521.076000,11557.268000,11577.684000,196.000000,190.000000,259.000000,272.000000,False,SOFT,11.000000,False,Racing Bulls,11500.007000,,1,6.000000,False,,False,True
2026,6,Monaco Grand Prix,R,11654.048000,LAW,30,lawson,rb,76.396000,74.000000,5.000000,,,20.303000,35.932000,20.161000,11597.987000,11633.919000,11654.080000,204.000000,194.000000,259.000000,272.000000,True,SOFT,12.000000,False,Racing Bulls,11577.652000,,1,6.000000,False,,False,True
2026,6,Monaco Grand Prix,R,11730.095000,LAW,30,lawson,rb,76.047000,75.000000,5.000000,,,20.180000,35.798000,20.069000,11674.260000,11710.058000,11730.127000,203.000000,195.000000,260.000000,273.000000,True,SOFT,13.000000,False,Racing Bulls,11654.048000,,1,6.000000,False,,False,True
2026,6,Monaco Grand Prix,R,11805.849000,LAW,30,lawson,rb,75.754000,76.000000,5.000000,,,20.047000,35.665000,20.042000,11750.174000,11785.839000,11805.881000,202.000000,196.000000,260.000000,273.000000,True,SOFT,14.000000,False,Racing Bulls,11730.095000,,1,6.000000,False,,False,True
2026,6,Monaco Grand Prix,R,11881.742000,LAW,30,lawson,rb,75.893000,77.000000,5.000000,,,20.071000,35.708000,20.114000,11825.952000,11861.660000,11881.774000,198.000000,195.000000,261.000000,273.000000,False,SOFT,15.000000,False,Racing Bulls,11805.849000,,1,6.000000,False,,False,True
2026,6,Monaco Grand Prix,R,11957.705000,LAW,30,lawson,rb,75.963000,78.000000,5.000000,,,20.031000,35.735000,20.197000,11901.805000,11937.540000,11957.737000,202.000000,194.000000,260.000000,273.000000,False,SOFT,16.000000,False,Racing Bulls,11881.742000,,1,6.000000,False,,False,True
2026,6,Monaco Grand Prix,R,3416.429000,OCO,31,ocon,haas,96.563000,1.000000,1.000000,,,,41.916000,22.060000,,3394.484000,3416.558000,143.000000,178.000000,260.000000,263.000000,False,MEDIUM,1.000000,True,Haas F1 Team,3319.645000,,12,16.000000,False,,False,False
2026,6,Monaco Grand Prix,R,3498.092000,OCO,31,ocon,haas,81.663000,2.000000,1.000000,,,21.934000,38.056000,21.673000,3438.385000,3476.441000,3498.114000,165.000000,179.000000,260.000000,280.000000,True,MEDIUM,2.000000,True,Haas F1 Team,3416.429000,,1,16.000000,False,,False,True
2026,6,Monaco Grand Prix,R,3578.679000,OCO,31,ocon,haas,80.587000,3.000000,1.000000,,,21.625000,37.639000,21.323000,3519.739000,3557.378000,3578.701000,174.000000,181.000000,261.000000,271.000000,True,MEDIUM,3.000000,True,Haas F1 Team,3498.092000,,1,16.000000,False,,False,True
2026,6,Monaco Grand Prix,R,3658.916000,OCO,31,ocon,haas,80.237000,4.000000,1.000000,,,21.430000,37.497000,21.310000,3600.131000,3637.628000,3658.938000,169.000000,186.000000,261.000000,278.000000,True,MEDIUM,4.000000,True,Haas F1 Team,3578.679000,,1,15.000000,False,,False,True
2026,6,Monaco Grand Prix,R,3738.361000,OCO,31,ocon,haas,79.445000,5.000000,1.000000,,,21.191000,37.159000,21.095000,3680.129000,3717.288000,3738.383000,168.000000,185.000000,261.000000,277.000000,True,MEDIUM,5.000000,True,Haas F1 Team,3658.916000,,1,15.000000,False,,False,True
2026,6,Monaco Grand Prix,R,3817.943000,OCO,31,ocon,haas,79.582000,6.000000,1.000000,,,21.182000,37.220000,21.180000,3759.565000,3796.785000,3817.965000,166.000000,186.000000,261.000000,280.000000,False,MEDIUM,6.000000,True,Haas F1 Team,3738.361000,,1,15.000000,False,,False,True
2026,6,Monaco Grand Prix,R,3897.650000,OCO,31,ocon,haas,79.707000,7.000000,1.000000,,,21.173000,37.402000,21.132000,3839.138000,3876.540000,3897.672000,168.000000,184.000000,261.000000,278.000000,False,MEDIUM,7.000000,True,Haas F1 Team,3817.943000,,1,15.000000,False,,False,True
2026,6,Monaco Grand Prix,R,3976.972000,OCO,31,ocon,haas,79.322000,8.000000,1.000000,,,21.057000,37.073000,21.192000,3918.729000,3955.802000,3976.994000,170.000000,186.000000,261.000000,279.000000,True,MEDIUM,8.000000,True,Haas F1 Team,3897.650000,,1,15.000000,False,,False,True
2026,6,Monaco Grand Prix,R,4074.232000,OCO,31,ocon,haas,97.260000,9.000000,1.000000,,4049.577000,20.984000,37.108000,39.168000,3997.978000,4035.086000,4074.254000,173.000000,186.000000,,280.000000,False,MEDIUM,9.000000,True,Haas F1 Team,3976.972000,,1,15.000000,False,,False,False
2026,6,Monaco Grand Prix,R,4156.186000,OCO,31,ocon,haas,81.954000,10.000000,2.000000,4074.983000,,24.242000,37.026000,20.686000,4098.496000,4135.522000,4156.208000,176.000000,184.000000,255.000000,268.000000,False,HARD,1.000000,True,Haas F1 Team,4074.232000,,1,15.000000,False,,False,False
2026,6,Monaco Grand Prix,R,4234.134000,OCO,31,ocon,haas,77.948000,11.000000,2.000000,,,20.847000,36.469000,20.632000,4177.055000,4213.524000,4234.156000,185.000000,189.000000,255.000000,269.000000,True,HARD,2.000000,True,Haas F1 Team,4156.186000,,1,15.000000,False,,False,True
2026,6,Monaco Grand Prix,R,4311.395000,OCO,31,ocon,haas,77.261000,12.000000,2.000000,,,20.587000,36.241000,20.433000,4254.743000,4290.984000,4311.417000,188.000000,192.000000,255.000000,269.000000,True,HARD,3.000000,True,Haas F1 Team,4234.134000,,1,15.000000,False,,False,True
2026,6,Monaco Grand Prix,R,4389.149000,OCO,31,ocon,haas,77.754000,13.000000,2.000000,,,20.687000,36.488000,20.579000,4332.104000,4368.592000,4389.171000,191.000000,188.000000,255.000000,270.000000,False,HARD,4.000000,True,Haas F1 Team,4311.395000,,1,15.000000,False,,False,True
2026,6,Monaco Grand Prix,R,4466.609000,OCO,31,ocon,haas,77.460000,14.000000,2.000000,,,20.545000,36.341000,20.574000,4409.716000,4446.057000,4466.631000,193.000000,187.000000,255.000000,270.000000,False,HARD,5.000000,True,Haas F1 Team,4389.149000,,1,15.000000,False,,False,True
2026,6,Monaco Grand Prix,R,4544.181000,OCO,31,ocon,haas,77.572000,15.000000,2.000000,,,20.552000,36.400000,20.620000,4487.183000,4523.583000,4544.203000,187.000000,189.000000,255.000000,270.000000,False,HARD,6.000000,True,Haas F1 Team,4466.609000,,1,15.000000,False,,False,True
2026,6,Monaco Grand Prix,R,4621.920000,OCO,31,ocon,haas,77.739000,16.000000,2.000000,,,20.533000,36.537000,20.669000,4564.736000,4601.273000,4621.942000,190.000000,188.000000,255.000000,270.000000,False,HARD,7.000000,True,Haas F1 Team,4544.181000,,1,15.000000,False,,False,True
2026,6,Monaco Grand Prix,R,4699.653000,OCO,31,ocon,haas,77.733000,17.000000,2.000000,,,20.602000,36.488000,20.643000,4642.544000,4679.032000,4699.675000,193.000000,189.000000,255.000000,270.000000,False,HARD,8.000000,True,Haas F1 Team,4621.920000,,1,15.000000,False,,False,True
2026,6,Monaco Grand Prix,R,4777.322000,OCO,31,ocon,haas,77.669000,18.000000,2.000000,,,20.532000,36.481000,20.656000,4720.207000,4756.688000,4777.344000,191.000000,189.000000,255.000000,270.000000,False,HARD,9.000000,True,Haas F1 Team,4699.653000,,1,15.000000,False,,False,True
2026,6,Monaco Grand Prix,R,4854.942000,OCO,31,ocon,haas,77.620000,19.000000,2.000000,,,20.489000,36.522000,20.609000,4797.833000,4834.355000,4854.964000,195.000000,189.000000,255.000000,270.000000,False,HARD,10.000000,True,Haas F1 Team,4777.322000,,1,15.000000,False,,False,True
2026,6,Monaco Grand Prix,R,4932.670000,OCO,31,ocon,haas,77.728000,20.000000,2.000000,,,20.427000,36.641000,20.660000,4875.391000,4912.032000,4932.692000,191.000000,188.000000,255.000000,271.000000,False,HARD,11.000000,True,Haas F1 Team,4854.942000,,1,15.000000,False,,False,True
2026,6,Monaco Grand Prix,R,5010.638000,OCO,31,ocon,haas,77.968000,21.000000,2.000000,,,20.582000,36.624000,20.762000,4953.274000,4989.898000,5010.660000,190.000000,187.000000,255.000000,271.000000,False,HARD,12.000000,True,Haas F1 Team,4932.670000,,1,15.000000,False,,False,True
2026,6,Monaco Grand Prix,R,5089.009000,OCO,31,ocon,haas,78.371000,22.000000,2.000000,,,20.717000,36.763000,20.891000,5031.377000,5068.140000,5089.031000,188.000000,185.000000,255.000000,270.000000,False,HARD,13.000000,True,Haas F1 Team,5010.638000,,1,15.000000,False,,False,True
2026,6,Monaco Grand Prix,R,5166.891000,OCO,31,ocon,haas,77.882000,23.000000,2.000000,,,20.450000,36.620000,20.812000,5109.481000,5146.101000,5166.913000,195.000000,187.000000,256.000000,271.000000,False,HARD,14.000000,True,Haas F1 Team,5089.009000,,1,15.000000,False,,False,True
2026,6,Monaco Grand Prix,R,5244.890000,OCO,31,ocon,haas,77.999000,24.000000,2.000000,,,20.599000,36.640000,20.760000,5187.512000,5224.152000,5244.912000,188.000000,190.000000,255.000000,271.000000,False,HARD,15.000000,True,Haas F1 Team,5166.891000,,1,15.000000,False,,False,True
2026,6,Monaco Grand Prix,R,5322.944000,OCO,31,ocon,haas,78.054000,25.000000,2.000000,,,20.440000,36.738000,20.876000,5265.352000,5302.090000,5322.966000,194.000000,186.000000,255.000000,271.000000,False,HARD,16.000000,True,Haas F1 Team,5244.890000,,1,15.000000,False,,False,True
2026,6,Monaco Grand Prix,R,5403.626000,OCO,31,ocon,haas,80.682000,26.000000,2.000000,,,20.882000,38.633000,21.167000,5343.848000,5382.481000,5403.648000,175.000000,184.000000,254.000000,266.000000,False,HARD,17.000000,True,Haas F1 Team,5322.944000,,1,15.000000,False,,False,True
2026,6,Monaco Grand Prix,R,5482.218000,OCO,31,ocon,haas,78.592000,27.000000,2.000000,,,20.770000,36.872000,20.950000,5424.418000,5461.290000,5482.240000,187.000000,186.000000,256.000000,271.000000,False,HARD,18.000000,True,Haas F1 Team,5403.626000,,1,15.000000,False,,False,True
2026,6,Monaco Grand Prix,R,5560.856000,OCO,31,ocon,haas,78.638000,28.000000,2.000000,,,20.674000,36.931000,21.033000,5502.914000,5539.845000,5560.878000,188.000000,185.000000,256.000000,271.000000,False,HARD,19.000000,True,Haas F1 Team,5482.218000,,1,15.000000,False,,False,True
2026,6,Monaco Grand Prix,R,5639.532000,OCO,31,ocon,haas,78.676000,29.000000,2.000000,,,20.743000,37.063000,20.870000,5581.621000,5618.684000,5639.554000,188.000000,186.000000,256.000000,271.000000,False,HARD,20.000000,True,Haas F1 Team,5560.856000,,1,15.000000,False,,False,True
2026,6,Monaco Grand Prix,R,5718.102000,OCO,31,ocon,haas,78.570000,30.000000,2.000000,,,20.797000,36.849000,20.924000,5660.351000,5697.200000,5718.124000,190.000000,186.000000,256.000000,271.000000,False,HARD,21.000000,True,Haas F1 Team,5639.532000,,1,15.000000,False,,False,True
2026,6,Monaco Grand Prix,R,5796.799000,OCO,31,ocon,haas,78.697000,31.000000,2.000000,,,20.732000,36.955000,21.010000,5738.856000,5775.811000,5796.821000,190.000000,187.000000,256.000000,271.000000,False,HARD,22.000000,True,Haas F1 Team,5718.102000,,1,15.000000,False,,False,True
2026,6,Monaco Grand Prix,R,5875.759000,OCO,31,ocon,haas,78.960000,32.000000,2.000000,,,20.891000,37.092000,20.977000,5817.712000,5854.804000,5875.781000,183.000000,187.000000,256.000000,271.000000,False,HARD,23.000000,True,Haas F1 Team,5796.799000,,1,15.000000,False,,False,True
2026,6,Monaco Grand Prix,R,5954.646000,OCO,31,ocon,haas,78.887000,33.000000,2.000000,,,20.816000,36.994000,21.077000,5896.597000,5933.591000,5954.668000,182.000000,186.000000,257.000000,272.000000,False,HARD,24.000000,True,Haas F1 Team,5875.759000,,1,15.000000,False,,False,True
2026,6,Monaco Grand Prix,R,6034.403000,OCO,31,ocon,haas,79.757000,34.000000,2.000000,,,20.878000,37.372000,21.507000,5975.546000,6012.918000,6034.425000,176.000000,186.000000,256.000000,272.000000,False,HARD,25.000000,True,Haas F1 Team,5954.646000,,1,15.000000,False,,False,True
2026,6,Monaco Grand Prix,R,6115.891000,OCO,31,ocon,haas,81.488000,35.000000,2.000000,,,21.341000,38.206000,21.941000,6055.766000,6093.972000,6115.913000,164.000000,180.000000,262.000000,272.000000,False,HARD,26.000000,True,Haas F1 Team,6034.403000,,1,14.000000,False,,False,True
2026,6,Monaco Grand Prix,R,6196.866000,OCO,31,ocon,haas,80.975000,36.000000,2.000000,,,21.114000,37.842000,22.019000,6137.027000,6174.869000,6196.888000,168.000000,184.000000,262.000000,279.000000,False,HARD,27.000000,True,Haas F1 Team,6115.891000,,1,14.000000,False,,False,True
2026,6,Monaco Grand Prix,R,6278.037000,OCO,31,ocon,haas,81.171000,37.000000,2.000000,,,21.337000,37.987000,21.847000,6218.225000,6256.212000,6278.059000,175.000000,183.000000,261.000000,280.000000,False,HARD,28.000000,True,Haas F1 Team,6196.866000,,1,14.000000,False,,False,True
2026,6,Monaco Grand Prix,R,6360.679000,OCO,31,ocon,haas,82.642000,38.000000,2.000000,,,21.396000,39.501000,21.745000,6299.455000,6338.956000,6360.701000,169.000000,181.000000,262.000000,266.000000,False,HARD,29.000000,True,Haas F1 Team,6278.037000,,1,14.000000,False,,False,True
2026,6,Monaco Grand Prix,R,6442.550000,OCO,31,ocon,haas,81.871000,39.000000,2.000000,,,21.470000,38.473000,21.928000,6382.171000,6420.644000,6442.572000,166.000000,179.000000,262.000000,276.000000,False,HARD,30.000000,True,Haas F1 Team,6360.679000,,1,14.000000,False,,False,True
2026,6,Monaco Grand Prix,R,6525.533000,OCO,31,ocon,haas,82.983000,40.000000,2.000000,,,21.340000,39.966000,21.677000,6463.912000,6503.878000,6525.555000,167.000000,178.000000,257.000000,278.000000,False,HARD,31.000000,True,Haas F1 Team,6442.550000,,1,14.000000,False,,False,True
2026,6,Monaco Grand Prix,R,6606.881000,OCO,31,ocon,haas,81.348000,41.000000,2.000000,,,21.436000,37.881000,22.031000,6546.991000,6584.872000,6606.903000,178.000000,181.000000,263.000000,271.000000,False,HARD,32.000000,True,Haas F1 Team,6525.533000,,1,14.000000,False,,False,True
2026,6,Monaco Grand Prix,R,6688.792000,OCO,31,ocon,haas,81.911000,42.000000,2.000000,,,21.499000,38.538000,21.874000,6628.402000,6666.940000,6688.814000,163.000000,180.000000,262.000000,280.000000,False,HARD,33.000000,True,Haas F1 Team,6606.881000,,1,14.000000,False,,False,True
2026,6,Monaco Grand Prix,R,6770.255000,OCO,31,ocon,haas,81.463000,43.000000,2.000000,,,21.682000,38.411000,21.370000,6710.496000,6748.907000,6770.277000,165.000000,185.000000,262.000000,280.000000,False,HARD,34.000000,True,Haas F1 Team,6688.792000,,1,14.000000,False,,False,True
2026,6,Monaco Grand Prix,R,6850.511000,OCO,31,ocon,haas,80.256000,44.000000,2.000000,,,21.199000,37.776000,21.281000,6791.476000,6829.252000,6850.533000,177.000000,186.000000,262.000000,281.000000,False,HARD,35.000000,True,Haas F1 Team,6770.255000,,1,14.000000,False,,False,True
2026,6,Monaco Grand Prix,R,6931.550000,OCO,31,ocon,haas,81.039000,45.000000,2.000000,,,20.997000,37.628000,22.414000,6871.530000,6909.158000,6931.572000,181.000000,183.000000,261.000000,280.000000,False,HARD,36.000000,True,Haas F1 Team,6850.511000,,1,13.000000,False,,False,True
2026,6,Monaco Grand Prix,R,7013.674000,OCO,31,ocon,haas,82.124000,46.000000,2.000000,,,21.334000,38.875000,21.915000,6952.906000,6991.781000,7013.696000,169.000000,178.000000,262.000000,276.000000,False,HARD,37.000000,True,Haas F1 Team,6931.550000,,1,13.000000,False,,False,True
2026,6,Monaco Grand Prix,R,7095.862000,OCO,31,ocon,haas,82.188000,47.000000,2.000000,,,21.633000,38.504000,22.051000,7035.329000,7073.833000,7095.884000,163.000000,179.000000,261.000000,280.000000,False,HARD,38.000000,True,Haas F1 Team,7013.674000,,1,13.000000,False,,False,True
2026,6,Monaco Grand Prix,R,7176.679000,OCO,31,ocon,haas,80.817000,48.000000,2.000000,,,22.118000,37.580000,21.119000,7118.002000,7155.582000,7176.701000,175.000000,185.000000,262.000000,280.000000,False,HARD,39.000000,True,Haas F1 Team,7095.862000,,1,13.000000,False,,False,True
2026,6,Monaco Grand Prix,R,7256.100000,OCO,31,ocon,haas,79.421000,49.000000,2.000000,,,20.862000,37.149000,21.410000,7197.563000,7234.712000,7256.122000,179.000000,186.000000,262.000000,280.000000,False,HARD,40.000000,True,Haas F1 Team,7176.679000,,1,13.000000,False,,False,True
2026,6,Monaco Grand Prix,R,7337.621000,OCO,31,ocon,haas,81.521000,50.000000,2.000000,,,20.997000,38.737000,21.787000,7277.119000,7315.856000,7337.643000,187.000000,178.000000,217.000000,280.000000,False,HARD,41.000000,True,Haas F1 Team,7256.100000,,1,13.000000,False,,False,True
2026,6,Monaco Grand Prix,R,7418.237000,OCO,31,ocon,haas,80.616000,51.000000,2.000000,,,21.724000,37.702000,21.190000,7359.367000,7397.069000,7418.259000,179.000000,184.000000,261.000000,272.000000,False,HARD,42.000000,True,Haas F1 Team,7337.621000,,1,13.000000,False,,False,True
2026,6,Monaco Grand Prix,R,7497.659000,OCO,31,ocon,haas,79.422000,52.000000,2.000000,,,21.203000,37.202000,21.017000,7439.462000,7476.664000,7497.681000,176.000000,185.000000,257.000000,279.000000,False,HARD,43.000000,True,Haas F1 Team,7418.237000,,1,13.000000,False,,False,True
2026,6,Monaco Grand Prix,R,7580.399000,OCO,31,ocon,haas,82.740000,53.000000,2.000000,,,22.502000,38.577000,21.661000,7520.183000,7558.760000,7580.421000,139.000000,180.000000,262.000000,271.000000,False,HARD,44.000000,True,Haas F1 Team,7497.659000,,1,13.000000,False,,False,True
2026,6,Monaco Grand Prix,R,7659.724000,OCO,31,ocon,haas,79.325000,54.000000,2.000000,,,20.995000,37.371000,20.959000,7601.416000,7638.787000,7659.746000,180.000000,185.000000,257.000000,280.000000,False,HARD,45.000000,True,Haas F1 Team,7580.399000,,1,13.000000,False,,False,True
2026,6,Monaco Grand Prix,R,7738.939000,OCO,31,ocon,haas,79.215000,55.000000,2.000000,,,20.930000,37.179000,21.106000,7680.676000,7717.855000,7738.961000,187.000000,184.000000,257.000000,271.000000,False,HARD,46.000000,True,Haas F1 Team,7659.724000,,1,13.000000,False,,False,True
2026,6,Monaco Grand Prix,R,7820.725000,OCO,31,ocon,haas,81.786000,56.000000,2.000000,,,20.916000,38.987000,21.883000,7759.877000,7798.864000,7820.747000,182.000000,178.000000,235.000000,271.000000,False,HARD,47.000000,True,Haas F1 Team,7738.939000,,1,13.000000,False,,False,True
2026,6,Monaco Grand Prix,R,7902.428000,OCO,31,ocon,haas,81.703000,57.000000,2.000000,,,21.566000,38.640000,21.497000,7842.313000,7880.953000,7902.450000,182.000000,181.000000,252.000000,266.000000,False,HARD,48.000000,True,Haas F1 Team,7820.725000,,1,13.000000,False,,False,True
2026,6,Monaco Grand Prix,R,8004.675000,OCO,31,ocon,haas,102.247000,58.000000,2.000000,,,21.160000,50.042000,31.045000,7923.610000,7973.652000,8004.697000,183.000000,154.000000,202.000000,187.000000,False,HARD,49.000000,True,Haas F1 Team,7902.428000,,124,13.000000,False,,False,False
2026,6,Monaco Grand Prix,R,8116.186000,OCO,31,ocon,haas,111.511000,59.000000,2.000000,,8097.004000,24.633000,49.511000,37.367000,8029.330000,8078.841000,8116.208000,156.000000,154.000000,,222.000000,False,HARD,50.000000,True,Haas F1 Team,8004.675000,,4,12.000000,False,,False,False
2026,6,Monaco Grand Prix,R,8212.897000,OCO,31,ocon,haas,96.711000,60.000000,3.000000,8117.017000,,26.346000,40.322000,30.043000,8142.554000,8182.876000,8212.919000,156.000000,161.000000,155.000000,261.000000,False,HARD,51.000000,False,Haas F1 Team,8116.186000,,4,12.000000,False,,False,False
2026,6,Monaco Grand Prix,R,8332.221000,OCO,31,ocon,haas,119.324000,61.000000,3.000000,,,34.818000,50.424000,34.082000,8247.737000,8298.161000,8332.243000,95.000000,162.000000,93.000000,156.000000,False,HARD,52.000000,False,Haas F1 Team,8212.897000,,4,12.000000,False,,False,False
2026,6,Monaco Grand Prix,R,8423.980000,OCO,31,ocon,haas,91.759000,62.000000,3.000000,,,28.637000,40.639000,22.483000,8360.880000,8401.519000,8424.002000,146.000000,175.000000,257.000000,261.000000,False,HARD,53.000000,False,Haas F1 Team,8332.221000,,4,12.000000,False,,False,False
2026,6,Monaco Grand Prix,R,8508.072000,OCO,31,ocon,haas,84.092000,63.000000,3.000000,,,22.258000,39.226000,22.608000,8446.260000,8485.486000,8508.094000,169.000000,180.000000,256.000000,269.000000,False,HARD,54.000000,False,Haas F1 Team,8423.980000,,4,12.000000,False,,False,False
2026,6,Monaco Grand Prix,R,8589.981000,OCO,31,ocon,haas,81.909000,64.000000,3.000000,,,22.019000,37.902000,21.988000,8530.113000,8568.015000,8590.003000,177.000000,183.000000,257.000000,271.000000,False,HARD,55.000000,False,Haas F1 Team,8508.072000,,412,12.000000,False,,False,False
2026,6,Monaco Grand Prix,R,8702.415000,OCO,31,ocon,haas,112.434000,65.000000,3.000000,,8681.836000,24.698000,48.853000,38.883000,8614.701000,8663.554000,8702.437000,99.000000,166.000000,,170.000000,False,HARD,56.000000,False,Haas F1 Team,8589.981000,,24,11.000000,False,,False,False
2026,6,Monaco Grand Prix,R,8810.389000,OCO,31,ocon,haas,107.974000,66.000000,4.000000,8703.270000,,30.676000,48.696000,28.602000,8733.113000,8781.809000,8810.411000,149.000000,156.000000,218.000000,203.000000,False,HARD,57.000000,False,Haas F1 Team,8702.415000,,4,11.000000,False,,False,False
2026,6,Monaco Grand Prix,R,10941.569000,OCO,31,ocon,haas,,67.000000,4.000000,,8916.246000,24.547000,54.564000,,8835.119000,8889.683000,,107.000000,137.000000,,161.000000,False,HARD,58.000000,False,Haas F1 Team,8810.389000,,451,11.000000,False,,False,False
2026,6,Monaco Grand Prix,R,11086.855000,OCO,31,ocon,haas,145.286000,68.000000,5.000000,10942.270000,11024.979000,27.481000,39.210000,78.595000,10969.072000,11008.282000,11086.877000,155.000000,174.000000,,267.000000,False,SOFT,1.000000,True,Haas F1 Team,10941.569000,,14,11.000000,False,,False,False
2026,6,Monaco Grand Prix,R,11178.374000,OCO,31,ocon,haas,91.519000,69.000000,6.000000,11087.532000,,28.733000,39.123000,23.663000,11115.610000,11154.733000,11178.396000,160.000000,180.000000,203.000000,267.000000,False,SOFT,2.000000,False,Haas F1 Team,11086.855000,,4,11.000000,False,,False,False
2026,6,Monaco Grand Prix,R,11333.175000,OCO,31,ocon,haas,,70.000000,6.000000,,,26.100000,51.133000,77.588000,11204.508000,11255.658000,11334.124000,88.000000,158.000000,138.000000,243.000000,False,SOFT,3.000000,False,Haas F1 Team,11178.374000,,41,11.000000,False,,False,False
2026,6,Monaco Grand Prix,R,11423.031000,OCO,31,ocon,haas,89.856000,71.000000,6.000000,,,26.365000,41.878000,21.613000,11359.562000,11401.440000,11423.053000,154.000000,181.000000,262.000000,269.000000,False,SOFT,4.000000,False,Haas F1 Team,11333.175000,,12,11.000000,False,,False,True
2026,6,Monaco Grand Prix,R,11504.056000,OCO,31,ocon,haas,81.025000,72.000000,6.000000,,,21.602000,38.022000,21.401000,11444.655000,11482.677000,11504.078000,178.000000,180.000000,265.000000,281.000000,False,SOFT,5.000000,False,Haas F1 Team,11423.031000,,1,10.000000,False,,False,True
2026,6,Monaco Grand Prix,R,11583.177000,OCO,31,ocon,haas,79.121000,73.000000,6.000000,,,21.369000,37.242000,20.510000,11525.447000,11562.689000,11583.199000,183.000000,190.000000,264.000000,283.000000,False,SOFT,6.000000,False,Haas F1 Team,11504.056000,,1,10.000000,False,,False,True
2026,6,Monaco Grand Prix,R,11660.399000,OCO,31,ocon,haas,77.222000,74.000000,6.000000,,,20.597000,36.189000,20.436000,11603.796000,11639.985000,11660.421000,194.000000,189.000000,259.000000,283.000000,True,SOFT,7.000000,False,Haas F1 Team,11583.177000,,1,10.000000,False,,False,True
2026,6,Monaco Grand Prix,R,11737.351000,OCO,31,ocon,haas,76.952000,75.000000,6.000000,,,20.527000,36.150000,20.275000,11680.948000,11717.098000,11737.373000,190.000000,191.000000,259.000000,274.000000,True,SOFT,8.000000,False,Haas F1 Team,11660.399000,,1,10.000000,False,,False,True
2026,6,Monaco Grand Prix,R,11814.343000,OCO,31,ocon,haas,76.992000,76.000000,6.000000,,,20.359000,36.162000,20.471000,11757.732000,11793.894000,11814.365000,195.000000,189.000000,259.000000,273.000000,False,SOFT,9.000000,False,Haas F1 Team,11737.351000,,1,10.000000,False,,False,True
2026,6,Monaco Grand Prix,R,11891.257000,OCO,31,ocon,haas,76.914000,77.000000,6.000000,,,20.303000,36.281000,20.330000,11834.668000,11870.949000,11891.279000,193.000000,187.000000,259.000000,273.000000,True,SOFT,10.000000,False,Haas F1 Team,11814.343000,,1,10.000000,False,,False,True
2026,6,Monaco Grand Prix,R,11968.314000,OCO,31,ocon,haas,77.057000,78.000000,6.000000,,,20.346000,36.216000,20.495000,11911.625000,11947.841000,11968.336000,195.000000,188.000000,258.000000,274.000000,False,SOFT,11.000000,False,Haas F1 Team,11891.257000,,1,10.000000,False,,False,True
2026,6,Monaco Grand Prix,R,3415.823000,LIN,41,arvid_lindblad,rb,95.957000,1.000000,1.000000,,,,42.161000,21.886000,,3394.121000,3415.901000,145.000000,174.000000,259.000000,269.000000,False,MEDIUM,1.000000,True,Racing Bulls,3319.645000,,12,15.000000,False,,False,False
2026,6,Monaco Grand Prix,R,3497.225000,LIN,41,arvid_lindblad,rb,81.402000,2.000000,1.000000,,,21.738000,38.170000,21.494000,3437.585000,3475.755000,3497.249000,178.000000,178.000000,259.000000,278.000000,True,MEDIUM,2.000000,True,Racing Bulls,3415.823000,,1,15.000000,False,,False,True
2026,6,Monaco Grand Prix,R,3577.853000,LIN,41,arvid_lindblad,rb,80.628000,3.000000,1.000000,,,21.573000,37.777000,21.278000,3518.822000,3556.599000,3577.877000,187.000000,184.000000,261.000000,279.000000,True,MEDIUM,3.000000,True,Racing Bulls,3497.225000,,1,15.000000,False,,False,True
2026,6,Monaco Grand Prix,R,3657.969000,LIN,41,arvid_lindblad,rb,80.116000,4.000000,1.000000,,,21.227000,37.627000,21.262000,3599.104000,3636.731000,3657.993000,181.000000,183.000000,258.000000,278.000000,True,MEDIUM,4.000000,True,Racing Bulls,3577.853000,,1,14.000000,False,,False,True
2026,6,Monaco Grand Prix,R,3737.388000,LIN,41,arvid_lindblad,rb,79.419000,5.000000,1.000000,,,21.042000,37.447000,20.930000,3679.035000,3716.482000,3737.412000,189.000000,183.000000,256.000000,277.000000,True,MEDIUM,5.000000,True,Racing Bulls,3657.969000,,1,14.000000,False,,False,True
2026,6,Monaco Grand Prix,R,3817.102000,LIN,41,arvid_lindblad,rb,79.714000,6.000000,1.000000,,,21.199000,37.366000,21.149000,3758.611000,3795.977000,3817.126000,184.000000,184.000000,258.000000,270.000000,False,MEDIUM,6.000000,True,Racing Bulls,3737.388000,,1,14.000000,False,,False,True
2026,6,Monaco Grand Prix,R,3896.811000,LIN,41,arvid_lindblad,rb,79.709000,7.000000,1.000000,,,21.051000,37.585000,21.073000,3838.177000,3875.762000,3896.835000,183.000000,184.000000,254.000000,275.000000,False,MEDIUM,7.000000,True,Racing Bulls,3817.102000,,1,14.000000,False,,False,True
2026,6,Monaco Grand Prix,R,3976.008000,LIN,41,arvid_lindblad,rb,79.197000,8.000000,1.000000,,,20.909000,37.352000,20.936000,3917.744000,3955.096000,3976.032000,189.000000,182.000000,261.000000,271.000000,True,MEDIUM,8.000000,True,Racing Bulls,3896.811000,,1,14.000000,False,,False,True
2026,6,Monaco Grand Prix,R,4055.170000,LIN,41,arvid_lindblad,rb,79.162000,9.000000,1.000000,,,20.966000,37.139000,21.057000,3996.998000,4034.137000,4055.194000,188.000000,185.000000,260.000000,280.000000,True,MEDIUM,9.000000,True,Racing Bulls,3976.008000,,1,14.000000,False,,False,True
2026,6,Monaco Grand Prix,R,4134.985000,LIN,41,arvid_lindblad,rb,79.815000,10.000000,1.000000,,,21.097000,37.420000,21.298000,4076.291000,4113.711000,4135.009000,181.000000,183.000000,260.000000,280.000000,False,MEDIUM,10.000000,True,Racing Bulls,4055.170000,,1,14.000000,False,,False,True
2026,6,Monaco Grand Prix,R,4213.974000,LIN,41,arvid_lindblad,rb,78.989000,11.000000,1.000000,,,21.131000,36.968000,20.890000,4156.140000,4193.108000,4213.998000,182.000000,184.000000,256.000000,280.000000,True,MEDIUM,11.000000,True,Racing Bulls,4134.985000,,1,14.000000,False,,False,True
2026,6,Monaco Grand Prix,R,4293.165000,LIN,41,arvid_lindblad,rb,79.191000,12.000000,1.000000,,,21.035000,37.187000,20.969000,4235.033000,4272.220000,4293.189000,182.000000,184.000000,255.000000,267.000000,False,MEDIUM,12.000000,True,Racing Bulls,4213.974000,,1,13.000000,False,,False,True
2026,6,Monaco Grand Prix,R,4372.164000,LIN,41,arvid_lindblad,rb,78.999000,13.000000,1.000000,,,21.012000,36.993000,20.994000,4314.201000,4351.194000,4372.188000,186.000000,187.000000,255.000000,270.000000,False,MEDIUM,13.000000,True,Racing Bulls,4293.165000,,1,13.000000,False,,False,True
2026,6,Monaco Grand Prix,R,4450.506000,LIN,41,arvid_lindblad,rb,78.342000,14.000000,1.000000,,,20.815000,36.817000,20.710000,4393.003000,4429.820000,4450.530000,192.000000,186.000000,256.000000,270.000000,True,MEDIUM,14.000000,True,Racing Bulls,4372.164000,,1,13.000000,False,,False,True
2026,6,Monaco Grand Prix,R,4528.917000,LIN,41,arvid_lindblad,rb,78.411000,15.000000,1.000000,,,20.683000,36.814000,20.914000,4471.213000,4508.027000,4528.941000,194.000000,184.000000,255.000000,271.000000,False,MEDIUM,15.000000,True,Racing Bulls,4450.506000,,1,13.000000,False,,False,True
2026,6,Monaco Grand Prix,R,4607.469000,LIN,41,arvid_lindblad,rb,78.552000,16.000000,1.000000,,,20.723000,36.961000,20.868000,4549.664000,4586.625000,4607.493000,194.000000,185.000000,255.000000,271.000000,False,MEDIUM,16.000000,True,Racing Bulls,4528.917000,,1,13.000000,False,,False,True
2026,6,Monaco Grand Prix,R,4686.875000,LIN,41,arvid_lindblad,rb,79.406000,17.000000,1.000000,,,20.879000,37.509000,21.018000,4628.372000,4665.881000,4686.899000,191.000000,182.000000,255.000000,270.000000,False,MEDIUM,17.000000,True,Racing Bulls,4607.469000,,1,13.000000,True,TRACK LIMITS AT TURN 10 LAP 17 ,False,True
2026,6,Monaco Grand Prix,R,4765.403000,LIN,41,arvid_lindblad,rb,78.528000,18.000000,1.000000,,,20.723000,36.958000,20.847000,4707.622000,4744.580000,4765.427000,193.000000,185.000000,255.000000,270.000000,False,MEDIUM,18.000000,True,Racing Bulls,4686.875000,,1,13.000000,False,,False,True
2026,6,Monaco Grand Prix,R,4843.843000,LIN,41,arvid_lindblad,rb,78.440000,19.000000,1.000000,,,20.648000,36.879000,20.913000,4786.075000,4822.954000,4843.867000,197.000000,187.000000,256.000000,270.000000,False,MEDIUM,19.000000,True,Racing Bulls,4765.403000,,1,13.000000,False,,False,True
2026,6,Monaco Grand Prix,R,4922.328000,LIN,41,arvid_lindblad,rb,78.485000,20.000000,1.000000,,,20.745000,36.919000,20.821000,4864.612000,4901.531000,4922.352000,198.000000,187.000000,256.000000,271.000000,False,MEDIUM,20.000000,True,Racing Bulls,4843.843000,,1,13.000000,False,,False,True
2026,6,Monaco Grand Prix,R,5000.786000,LIN,41,arvid_lindblad,rb,78.458000,21.000000,1.000000,,,20.682000,36.977000,20.799000,4943.034000,4980.011000,5000.810000,200.000000,186.000000,256.000000,270.000000,False,MEDIUM,21.000000,True,Racing Bulls,4922.328000,,1,13.000000,False,,False,True
2026,6,Monaco Grand Prix,R,5079.469000,LIN,41,arvid_lindblad,rb,78.683000,22.000000,1.000000,,,20.703000,37.026000,20.954000,5021.513000,5058.539000,5079.493000,199.000000,184.000000,256.000000,271.000000,False,MEDIUM,22.000000,True,Racing Bulls,5000.786000,,1,13.000000,False,,False,True
2026,6,Monaco Grand Prix,R,5158.210000,LIN,41,arvid_lindblad,rb,78.741000,23.000000,1.000000,,,20.686000,37.081000,20.974000,5100.179000,5137.260000,5158.234000,201.000000,184.000000,257.000000,272.000000,False,MEDIUM,23.000000,True,Racing Bulls,5079.469000,,1,13.000000,False,,False,True
2026,6,Monaco Grand Prix,R,5237.222000,LIN,41,arvid_lindblad,rb,79.012000,24.000000,1.000000,,,20.802000,37.118000,21.092000,5179.036000,5216.154000,5237.246000,196.000000,186.000000,256.000000,271.000000,False,MEDIUM,24.000000,True,Racing Bulls,5158.210000,,1,13.000000,False,,False,True
2026,6,Monaco Grand Prix,R,5316.374000,LIN,41,arvid_lindblad,rb,79.152000,25.000000,1.000000,,,20.907000,37.234000,21.011000,5258.153000,5295.387000,5316.398000,196.000000,183.000000,256.000000,271.000000,False,MEDIUM,25.000000,True,Racing Bulls,5237.222000,,1,13.000000,False,,False,True
2026,6,Monaco Grand Prix,R,5395.508000,LIN,41,arvid_lindblad,rb,79.134000,26.000000,1.000000,,,20.913000,37.172000,21.049000,5337.311000,5374.483000,5395.532000,193.000000,181.000000,256.000000,271.000000,False,MEDIUM,26.000000,True,Racing Bulls,5316.374000,,1,13.000000,False,,False,True
2026,6,Monaco Grand Prix,R,5474.795000,LIN,41,arvid_lindblad,rb,79.287000,27.000000,1.000000,,,20.856000,37.394000,21.037000,5416.388000,5453.782000,5474.819000,193.000000,181.000000,257.000000,271.000000,False,MEDIUM,27.000000,True,Racing Bulls,5395.508000,,1,13.000000,False,,False,True
2026,6,Monaco Grand Prix,R,5553.813000,LIN,41,arvid_lindblad,rb,79.018000,28.000000,1.000000,,,20.776000,37.197000,21.045000,5495.595000,5532.792000,5553.837000,194.000000,182.000000,256.000000,271.000000,False,MEDIUM,28.000000,True,Racing Bulls,5474.795000,,1,13.000000,False,,False,True
2026,6,Monaco Grand Prix,R,5634.328000,LIN,41,arvid_lindblad,rb,80.515000,29.000000,1.000000,,,21.550000,38.042000,20.923000,5575.387000,5613.429000,5634.352000,133.000000,183.000000,257.000000,272.000000,False,MEDIUM,29.000000,True,Racing Bulls,5553.813000,,1,13.000000,False,,False,True
2026,6,Monaco Grand Prix,R,5713.375000,LIN,41,arvid_lindblad,rb,79.047000,30.000000,1.000000,,,20.829000,37.174000,21.044000,5655.181000,5692.355000,5713.399000,193.000000,182.000000,256.000000,271.000000,False,MEDIUM,30.000000,True,Racing Bulls,5634.328000,,1,13.000000,False,,False,True
2026,6,Monaco Grand Prix,R,5792.688000,LIN,41,arvid_lindblad,rb,79.313000,31.000000,1.000000,,,20.796000,37.437000,21.080000,5734.195000,5771.632000,5792.712000,196.000000,184.000000,257.000000,271.000000,False,MEDIUM,31.000000,True,Racing Bulls,5713.375000,,1,13.000000,False,,False,True
2026,6,Monaco Grand Prix,R,5871.891000,LIN,41,arvid_lindblad,rb,79.203000,32.000000,1.000000,,,20.908000,37.252000,21.043000,5813.620000,5850.872000,5871.915000,197.000000,186.000000,262.000000,271.000000,False,MEDIUM,32.000000,True,Racing Bulls,5792.688000,,1,13.000000,False,,False,True
2026,6,Monaco Grand Prix,R,5951.965000,LIN,41,arvid_lindblad,rb,80.074000,33.000000,1.000000,,,20.888000,37.929000,21.257000,5892.803000,5930.732000,5951.989000,195.000000,179.000000,257.000000,281.000000,False,MEDIUM,33.000000,True,Racing Bulls,5871.891000,,1,13.000000,True,TRACK LIMITS AT TURN 10 LAP 33 ,False,True
2026,6,Monaco Grand Prix,R,6032.934000,LIN,41,arvid_lindblad,rb,80.969000,34.000000,1.000000,,,21.060000,38.017000,21.892000,5973.049000,6011.066000,6032.958000,190.000000,181.000000,263.000000,272.000000,False,MEDIUM,34.000000,True,Racing Bulls,5951.965000,,1,13.000000,False,,False,True
2026,6,Monaco Grand Prix,R,6114.692000,LIN,41,arvid_lindblad,rb,81.758000,35.000000,1.000000,,,21.475000,38.448000,21.835000,6054.433000,6092.881000,6114.716000,177.000000,179.000000,260.000000,279.000000,False,MEDIUM,35.000000,True,Racing Bulls,6032.934000,,1,12.000000,False,,False,True
2026,6,Monaco Grand Prix,R,6195.766000,LIN,41,arvid_lindblad,rb,81.074000,36.000000,1.000000,,,21.080000,38.068000,21.926000,6135.796000,6173.864000,6195.790000,193.000000,180.000000,262.000000,280.000000,False,MEDIUM,36.000000,True,Racing Bulls,6114.692000,,1,12.000000,False,,False,True
2026,6,Monaco Grand Prix,R,6276.888000,LIN,41,arvid_lindblad,rb,81.122000,37.000000,1.000000,,,21.213000,38.133000,21.776000,6217.003000,6255.136000,6276.912000,189.000000,180.000000,261.000000,281.000000,False,MEDIUM,37.000000,True,Racing Bulls,6195.766000,,1,12.000000,False,,False,True
2026,6,Monaco Grand Prix,R,6358.631000,LIN,41,arvid_lindblad,rb,81.743000,38.000000,1.000000,,,21.529000,38.140000,22.074000,6298.441000,6336.581000,6358.655000,190.000000,179.000000,224.000000,280.000000,False,MEDIUM,38.000000,True,Racing Bulls,6276.888000,,1,12.000000,False,,False,True
2026,6,Monaco Grand Prix,R,6441.482000,LIN,41,arvid_lindblad,rb,82.851000,39.000000,1.000000,,,22.415000,38.529000,21.907000,6381.070000,6419.599000,6441.506000,184.000000,178.000000,260.000000,279.000000,False,MEDIUM,39.000000,True,Racing Bulls,6358.631000,,1,12.000000,False,,False,True
2026,6,Monaco Grand Prix,R,6523.295000,LIN,41,arvid_lindblad,rb,81.813000,40.000000,1.000000,,,21.287000,38.552000,21.974000,6462.793000,6501.345000,6523.319000,191.000000,174.000000,261.000000,280.000000,False,MEDIUM,40.000000,True,Racing Bulls,6441.482000,,1,12.000000,False,,False,True
2026,6,Monaco Grand Prix,R,6605.914000,LIN,41,arvid_lindblad,rb,82.619000,41.000000,1.000000,,,22.454000,38.143000,22.022000,6545.773000,6583.916000,6605.938000,192.000000,175.000000,260.000000,278.000000,False,MEDIUM,41.000000,True,Racing Bulls,6523.295000,,1,12.000000,False,,False,True
2026,6,Monaco Grand Prix,R,6687.820000,LIN,41,arvid_lindblad,rb,81.906000,42.000000,1.000000,,,21.653000,38.522000,21.731000,6627.591000,6666.113000,6687.844000,190.000000,176.000000,262.000000,281.000000,False,MEDIUM,42.000000,True,Racing Bulls,6605.914000,,1,12.000000,False,,False,True
2026,6,Monaco Grand Prix,R,6769.275000,LIN,41,arvid_lindblad,rb,81.455000,43.000000,1.000000,,,21.800000,38.065000,21.590000,6709.644000,6747.709000,6769.299000,191.000000,178.000000,260.000000,280.000000,False,MEDIUM,43.000000,True,Racing Bulls,6687.820000,,1,12.000000,False,,False,True
2026,6,Monaco Grand Prix,R,6849.182000,LIN,41,arvid_lindblad,rb,79.907000,44.000000,1.000000,,,21.128000,37.629000,21.150000,6790.427000,6828.056000,6849.206000,194.000000,182.000000,262.000000,280.000000,False,MEDIUM,44.000000,True,Racing Bulls,6769.275000,,1,12.000000,False,,False,True
2026,6,Monaco Grand Prix,R,6930.508000,LIN,41,arvid_lindblad,rb,81.326000,45.000000,1.000000,,,21.130000,37.927000,22.269000,6870.336000,6908.263000,6930.532000,188.000000,173.000000,262.000000,281.000000,False,MEDIUM,45.000000,True,Racing Bulls,6849.182000,,1,11.000000,False,,False,True
2026,6,Monaco Grand Prix,R,7012.803000,LIN,41,arvid_lindblad,rb,82.295000,46.000000,1.000000,,,21.440000,38.882000,21.973000,6951.972000,6990.854000,7012.827000,182.000000,172.000000,262.000000,278.000000,False,MEDIUM,46.000000,True,Racing Bulls,6930.508000,,1,11.000000,False,,False,True
2026,6,Monaco Grand Prix,R,7095.051000,LIN,41,arvid_lindblad,rb,82.248000,47.000000,1.000000,,,21.712000,38.525000,22.011000,7034.539000,7073.064000,7095.075000,190.000000,175.000000,261.000000,280.000000,False,MEDIUM,47.000000,True,Racing Bulls,7012.803000,,1,10.000000,False,,False,True
2026,6,Monaco Grand Prix,R,7173.933000,LIN,41,arvid_lindblad,rb,78.882000,48.000000,1.000000,,,21.096000,36.892000,20.894000,7116.171000,7153.063000,7173.957000,198.000000,187.000000,256.000000,277.000000,False,MEDIUM,48.000000,True,Racing Bulls,7095.051000,,1,10.000000,False,,False,True
2026,6,Monaco Grand Prix,R,7252.588000,LIN,41,arvid_lindblad,rb,78.655000,49.000000,1.000000,,,20.622000,37.134000,20.899000,7194.579000,7231.713000,7252.612000,199.000000,187.000000,256.000000,270.000000,False,MEDIUM,49.000000,True,Racing Bulls,7173.933000,,1,10.000000,False,,False,True
2026,6,Monaco Grand Prix,R,7331.334000,LIN,41,arvid_lindblad,rb,78.746000,50.000000,1.000000,,,20.741000,37.011000,20.994000,7273.353000,7310.364000,7331.358000,199.000000,184.000000,255.000000,270.000000,False,MEDIUM,50.000000,True,Racing Bulls,7252.588000,,1,10.000000,False,,False,True
2026,6,Monaco Grand Prix,R,7410.225000,LIN,41,arvid_lindblad,rb,78.891000,51.000000,1.000000,,,20.753000,37.206000,20.932000,7352.111000,7389.317000,7410.249000,196.000000,187.000000,256.000000,270.000000,False,MEDIUM,51.000000,True,Racing Bulls,7331.334000,,1,10.000000,False,,False,True
2026,6,Monaco Grand Prix,R,7492.134000,LIN,41,arvid_lindblad,rb,81.909000,52.000000,1.000000,,,20.819000,38.437000,22.653000,7431.068000,7469.505000,7492.158000,200.000000,174.000000,255.000000,269.000000,False,MEDIUM,52.000000,True,Racing Bulls,7410.225000,,1,9.000000,False,,False,True
2026,6,Monaco Grand Prix,R,7571.382000,LIN,41,arvid_lindblad,rb,79.248000,53.000000,1.000000,,,20.914000,37.269000,21.065000,7513.072000,7550.341000,7571.406000,198.000000,185.000000,256.000000,270.000000,False,MEDIUM,53.000000,True,Racing Bulls,7492.134000,,1,9.000000,False,,False,True
2026,6,Monaco Grand Prix,R,7650.324000,LIN,41,arvid_lindblad,rb,78.942000,54.000000,1.000000,,,20.723000,37.310000,20.909000,7592.129000,7629.439000,7650.348000,202.000000,187.000000,257.000000,271.000000,False,MEDIUM,54.000000,True,Racing Bulls,7571.382000,,1,9.000000,False,,False,True
2026,6,Monaco Grand Prix,R,7729.324000,LIN,41,arvid_lindblad,rb,79.000000,55.000000,1.000000,,,20.627000,37.184000,21.189000,7670.975000,7708.159000,7729.348000,199.000000,186.000000,256.000000,271.000000,False,MEDIUM,55.000000,True,Racing Bulls,7650.324000,,1,9.000000,False,,False,True
2026,6,Monaco Grand Prix,R,7808.976000,LIN,41,arvid_lindblad,rb,79.652000,56.000000,1.000000,,,20.735000,37.248000,21.669000,7750.083000,7787.331000,7809.000000,201.000000,186.000000,255.000000,270.000000,False,MEDIUM,56.000000,True,Racing Bulls,7729.324000,,1,9.000000,False,,False,True
2026,6,Monaco Grand Prix,R,7889.970000,LIN,41,arvid_lindblad,rb,80.994000,57.000000,1.000000,,,21.716000,38.214000,21.064000,7830.716000,7868.930000,7889.994000,125.000000,184.000000,257.000000,271.000000,False,MEDIUM,57.000000,True,Racing Bulls,7808.976000,,1,9.000000,False,,False,True
2026,6,Monaco Grand Prix,R,7986.790000,LIN,41,arvid_lindblad,rb,96.820000,58.000000,1.000000,,,20.835000,44.553000,31.432000,7910.829000,7955.382000,7986.814000,196.000000,146.000000,204.000000,156.000000,False,MEDIUM,58.000000,True,Racing Bulls,7889.970000,,124,9.000000,False,,False,False
2026,6,Monaco Grand Prix,R,8097.902000,LIN,41,arvid_lindblad,rb,111.112000,59.000000,1.000000,,8078.704000,23.486000,50.364000,37.262000,8010.300000,8060.664000,8097.926000,166.000000,138.000000,,223.000000,False,MEDIUM,59.000000,True,Racing Bulls,7986.790000,,4,9.000000,False,,False,False
2026,6,Monaco Grand Prix,R,8210.107000,LIN,41,arvid_lindblad,rb,112.205000,60.000000,2.000000,8098.722000,,27.466000,52.320000,32.419000,8125.392000,8177.712000,8210.131000,145.000000,134.000000,160.000000,140.000000,False,MEDIUM,60.000000,False,Racing Bulls,8097.902000,,4,9.000000,False,,False,False
2026,6,Monaco Grand Prix,R,8329.703000,LIN,41,arvid_lindblad,rb,119.596000,61.000000,2.000000,,,34.088000,51.134000,34.374000,8244.219000,8295.353000,8329.727000,119.000000,123.000000,109.000000,150.000000,False,MEDIUM,61.000000,False,Racing Bulls,8210.107000,,4,9.000000,False,,False,False
2026,6,Monaco Grand Prix,R,8418.534000,LIN,41,arvid_lindblad,rb,88.831000,62.000000,2.000000,,,26.976000,39.995000,21.860000,8356.703000,8396.698000,8418.558000,157.000000,173.000000,255.000000,249.000000,False,MEDIUM,62.000000,False,Racing Bulls,8329.703000,,4,9.000000,False,,False,False
2026,6,Monaco Grand Prix,R,8503.656000,LIN,41,arvid_lindblad,rb,85.122000,63.000000,2.000000,,,21.759000,41.703000,21.660000,8440.317000,8482.020000,8503.680000,190.000000,180.000000,254.000000,262.000000,False,MEDIUM,63.000000,False,Racing Bulls,8418.534000,,4,9.000000,False,,False,False
2026,6,Monaco Grand Prix,R,8585.780000,LIN,41,arvid_lindblad,rb,82.124000,64.000000,2.000000,,,21.516000,38.121000,22.487000,8525.196000,8563.317000,8585.804000,186.000000,183.000000,248.000000,268.000000,False,MEDIUM,64.000000,False,Racing Bulls,8503.656000,,412,9.000000,False,,False,False
2026,6,Monaco Grand Prix,R,8698.773000,LIN,41,arvid_lindblad,rb,112.993000,65.000000,2.000000,,8676.992000,21.244000,51.040000,40.709000,8607.048000,8658.088000,8698.797000,192.000000,158.000000,,216.000000,False,MEDIUM,65.000000,False,Racing Bulls,8585.780000,,24,8.000000,False,,False,False
2026,6,Monaco Grand Prix,R,8805.856000,LIN,41,arvid_lindblad,rb,107.083000,66.000000,3.000000,8699.676000,,27.871000,49.616000,29.596000,8726.668000,8776.284000,8805.880000,160.000000,142.000000,207.000000,231.000000,False,MEDIUM,66.000000,False,Racing Bulls,8698.773000,,4,8.000000,False,,False,False
2026,6,Monaco Grand Prix,R,10934.178000,LIN,41,arvid_lindblad,rb,,67.000000,3.000000,,8912.059000,25.307000,54.809000,,8831.229000,8886.161000,,111.000000,116.000000,,190.000000,False,MEDIUM,67.000000,False,Racing Bulls,8805.856000,,451,8.000000,False,,False,False
2026,6,Monaco Grand Prix,R,11079.701000,LIN,41,arvid_lindblad,rb,145.523000,68.000000,4.000000,10934.915000,11017.713000,27.631000,39.756000,78.136000,10961.833000,11001.589000,11079.725000,166.000000,172.000000,,248.000000,False,SOFT,1.000000,True,Racing Bulls,10934.178000,,14,8.000000,False,,False,False
2026,6,Monaco Grand Prix,R,11172.444000,LIN,41,arvid_lindblad,rb,92.743000,69.000000,5.000000,11080.391000,,26.363000,40.423000,25.957000,11106.088000,11146.511000,11172.468000,160.000000,171.000000,222.000000,255.000000,False,SOFT,1.000000,False,Racing Bulls,11079.701000,,4,8.000000,False,,False,False
2026,6,Monaco Grand Prix,R,11332.571000,LIN,41,arvid_lindblad,rb,,70.000000,5.000000,,,27.820000,50.740000,81.658000,11200.273000,11251.064000,11333.452000,96.000000,165.000000,104.000000,234.000000,False,SOFT,2.000000,False,Racing Bulls,11172.444000,,41,8.000000,False,,False,False
2026,6,Monaco Grand Prix,R,11421.633000,LIN,41,arvid_lindblad,rb,89.062000,71.000000,5.000000,,,26.176000,41.249000,21.637000,11358.771000,11400.020000,11421.657000,148.000000,177.000000,259.000000,272.000000,False,SOFT,3.000000,False,Racing Bulls,11332.571000,,12,8.000000,False,,False,True
2026,6,Monaco Grand Prix,R,11500.908000,LIN,41,arvid_lindblad,rb,79.275000,72.000000,5.000000,,,21.208000,37.224000,20.843000,11442.865000,11480.089000,11500.932000,187.000000,184.000000,261.000000,281.000000,False,SOFT,4.000000,False,Racing Bulls,11421.633000,,1,7.000000,False,,False,True
2026,6,Monaco Grand Prix,R,11579.301000,LIN,41,arvid_lindblad,rb,78.393000,73.000000,5.000000,,,21.094000,36.801000,20.498000,11522.026000,11558.827000,11579.325000,192.000000,190.000000,259.000000,281.000000,False,SOFT,5.000000,False,Racing Bulls,11500.908000,,1,7.000000,True,TRACK LIMITS AT TURN 10 LAP 73 ,False,True
2026,6,Monaco Grand Prix,R,11656.090000,LIN,41,arvid_lindblad,rb,76.789000,74.000000,5.000000,,,20.447000,36.087000,20.255000,11599.772000,11635.859000,11656.114000,201.000000,190.000000,259.000000,273.000000,True,SOFT,6.000000,False,Racing Bulls,11579.301000,,1,7.000000,False,,False,True
2026,6,Monaco Grand Prix,R,11732.335000,LIN,41,arvid_lindblad,rb,76.245000,75.000000,5.000000,,,20.172000,35.901000,20.172000,11676.286000,11712.187000,11732.359000,204.000000,194.000000,260.000000,274.000000,True,SOFT,7.000000,False,Racing Bulls,11656.090000,,1,7.000000,False,,False,True
2026,6,Monaco Grand Prix,R,11808.243000,LIN,41,arvid_lindblad,rb,75.908000,76.000000,5.000000,,,20.031000,35.783000,20.094000,11752.390000,11788.173000,11808.267000,203.000000,194.000000,260.000000,273.000000,True,SOFT,8.000000,False,Racing Bulls,11732.335000,,1,7.000000,False,,False,True
2026,6,Monaco Grand Prix,R,11884.163000,LIN,41,arvid_lindblad,rb,75.920000,77.000000,5.000000,,,20.034000,35.773000,20.113000,11828.301000,11864.074000,11884.187000,201.000000,195.000000,260.000000,273.000000,False,SOFT,9.000000,False,Racing Bulls,11808.243000,,1,7.000000,False,,False,True
2026,6,Monaco Grand Prix,R,11960.123000,LIN,41,arvid_lindblad,rb,75.960000,78.000000,5.000000,,,19.973000,35.787000,20.200000,11904.160000,11939.947000,11960.147000,205.000000,194.000000,260.000000,273.000000,False,SOFT,10.000000,False,Racing Bulls,11884.163000,,1,7.000000,False,,False,True
2026,6,Monaco Grand Prix,R,3414.594000,COL,43,colapinto,alpine,94.728000,1.000000,1.000000,,,,40.912000,22.197000,,3392.619000,3414.745000,146.000000,173.000000,255.000000,269.000000,False,MEDIUM,1.000000,True,Alpine,3319.645000,,12,13.000000,False,,False,False
2026,6,Monaco Grand Prix,R,3495.752000,COL,43,colapinto,alpine,81.158000,2.000000,1.000000,,,21.586000,37.901000,21.671000,3436.230000,3474.131000,3495.802000,179.000000,175.000000,256.000000,281.000000,True,MEDIUM,2.000000,True,Alpine,3414.594000,,1,13.000000,False,,False,True
2026,6,Monaco Grand Prix,R,3576.235000,COL,43,colapinto,alpine,80.483000,3.000000,1.000000,,,21.413000,37.761000,21.309000,3517.215000,3554.976000,3576.285000,179.000000,183.000000,255.000000,279.000000,True,MEDIUM,3.000000,True,Alpine,3495.752000,,1,13.000000,False,,False,True
2026,6,Monaco Grand Prix,R,3656.394000,COL,43,colapinto,alpine,80.159000,4.000000,1.000000,,,21.177000,37.562000,21.420000,3597.462000,3635.024000,3656.444000,185.000000,177.000000,258.000000,272.000000,True,MEDIUM,4.000000,True,Alpine,3576.235000,,1,13.000000,False,,False,True
2026,6,Monaco Grand Prix,R,3736.478000,COL,43,colapinto,alpine,80.084000,5.000000,1.000000,,,21.209000,37.673000,21.202000,3677.653000,3715.326000,3736.528000,180.000000,184.000000,258.000000,272.000000,True,MEDIUM,5.000000,True,Alpine,3656.394000,,1,13.000000,False,,False,True
2026,6,Monaco Grand Prix,R,3816.368000,COL,43,colapinto,alpine,79.890000,6.000000,1.000000,,,21.106000,37.349000,21.435000,3757.634000,3794.983000,3816.418000,182.000000,180.000000,253.000000,276.000000,True,MEDIUM,6.000000,True,Alpine,3736.478000,,1,13.000000,False,,False,True
2026,6,Monaco Grand Prix,R,3895.795000,COL,43,colapinto,alpine,79.427000,7.000000,1.000000,,,20.955000,37.311000,21.161000,3837.373000,3874.684000,3895.845000,186.000000,180.000000,256.000000,271.000000,True,MEDIUM,7.000000,True,Alpine,3816.368000,,1,13.000000,False,,False,True
2026,6,Monaco Grand Prix,R,3975.426000,COL,43,colapinto,alpine,79.631000,8.000000,1.000000,,,20.986000,37.433000,21.212000,3916.831000,3954.264000,3975.476000,192.000000,179.000000,256.000000,271.000000,False,MEDIUM,8.000000,True,Alpine,3895.795000,,1,13.000000,False,,False,True
2026,6,Monaco Grand Prix,R,4054.250000,COL,43,colapinto,alpine,78.824000,9.000000,1.000000,,,20.911000,36.984000,20.929000,3996.387000,4033.371000,4054.300000,187.000000,183.000000,257.000000,271.000000,True,MEDIUM,9.000000,True,Alpine,3975.426000,,1,13.000000,False,,False,True
2026,6,Monaco Grand Prix,R,4134.393000,COL,43,colapinto,alpine,80.143000,10.000000,1.000000,,,21.342000,37.359000,21.442000,4075.642000,4113.001000,4134.443000,182.000000,181.000000,257.000000,272.000000,False,MEDIUM,10.000000,True,Alpine,4054.250000,,1,13.000000,False,,False,True
2026,6,Monaco Grand Prix,R,4213.075000,COL,43,colapinto,alpine,78.682000,11.000000,1.000000,,,20.693000,37.017000,20.972000,4155.136000,4192.153000,4213.125000,188.000000,185.000000,260.000000,282.000000,True,MEDIUM,11.000000,True,Alpine,4134.393000,,1,13.000000,False,,False,True
2026,6,Monaco Grand Prix,R,4291.966000,COL,43,colapinto,alpine,78.891000,12.000000,1.000000,,,20.849000,37.108000,20.934000,4233.974000,4271.082000,4292.016000,188.000000,185.000000,256.000000,280.000000,False,MEDIUM,12.000000,True,Alpine,4213.075000,,1,12.000000,False,,False,True
2026,6,Monaco Grand Prix,R,4370.383000,COL,43,colapinto,alpine,78.417000,13.000000,1.000000,,,20.541000,37.099000,20.777000,4312.557000,4349.656000,4370.433000,190.000000,187.000000,256.000000,270.000000,True,MEDIUM,13.000000,True,Alpine,4291.966000,,1,12.000000,False,,False,True
2026,6,Monaco Grand Prix,R,4448.735000,COL,43,colapinto,alpine,78.352000,14.000000,1.000000,,,20.581000,36.937000,20.834000,4391.014000,4427.951000,4448.785000,192.000000,184.000000,256.000000,271.000000,True,MEDIUM,14.000000,True,Alpine,4370.383000,,1,12.000000,False,,False,True
2026,6,Monaco Grand Prix,R,4527.544000,COL,43,colapinto,alpine,78.809000,15.000000,1.000000,,,20.606000,37.286000,20.917000,4469.391000,4506.677000,4527.594000,189.000000,181.000000,256.000000,271.000000,False,MEDIUM,15.000000,True,Alpine,4448.735000,,1,12.000000,True,TRACK LIMITS AT TURN 10 LAP 15 ,False,True
2026,6,Monaco Grand Prix,R,4606.037000,COL,43,colapinto,alpine,78.493000,16.000000,1.000000,,,20.622000,36.982000,20.889000,4548.216000,4585.198000,4606.087000,186.000000,184.000000,256.000000,272.000000,False,MEDIUM,16.000000,True,Alpine,4527.544000,,1,12.000000,False,,False,True
2026,6,Monaco Grand Prix,R,4684.264000,COL,43,colapinto,alpine,78.227000,17.000000,1.000000,,,20.576000,36.906000,20.745000,4626.663000,4663.569000,4684.314000,195.000000,184.000000,257.000000,272.000000,True,MEDIUM,17.000000,True,Alpine,4606.037000,,1,12.000000,False,,False,True
2026,6,Monaco Grand Prix,R,4762.940000,COL,43,colapinto,alpine,78.676000,18.000000,1.000000,,,20.651000,37.153000,20.872000,4704.965000,4742.118000,4762.990000,192.000000,185.000000,257.000000,272.000000,False,MEDIUM,18.000000,True,Alpine,4684.264000,,1,12.000000,False,,False,True
2026,6,Monaco Grand Prix,R,4841.635000,COL,43,colapinto,alpine,78.695000,19.000000,1.000000,,,20.622000,37.099000,20.974000,4783.612000,4820.711000,4841.685000,188.000000,185.000000,257.000000,271.000000,False,MEDIUM,19.000000,True,Alpine,4762.940000,,1,12.000000,False,,False,True
2026,6,Monaco Grand Prix,R,4920.395000,COL,43,colapinto,alpine,78.760000,20.000000,1.000000,,,20.722000,37.091000,20.947000,4862.407000,4899.498000,4920.445000,190.000000,185.000000,257.000000,271.000000,False,MEDIUM,20.000000,True,Alpine,4841.635000,,1,12.000000,False,,False,True
2026,6,Monaco Grand Prix,R,4999.103000,COL,43,colapinto,alpine,78.708000,21.000000,1.000000,,,20.581000,37.154000,20.973000,4941.026000,4978.180000,4999.153000,193.000000,182.000000,257.000000,272.000000,False,MEDIUM,21.000000,True,Alpine,4920.395000,,1,12.000000,False,,False,True
2026,6,Monaco Grand Prix,R,5077.887000,COL,43,colapinto,alpine,78.784000,22.000000,1.000000,,,20.568000,37.227000,20.989000,5019.721000,5056.948000,5077.937000,195.000000,185.000000,257.000000,272.000000,False,MEDIUM,22.000000,True,Alpine,4999.103000,,1,12.000000,False,,False,True
2026,6,Monaco Grand Prix,R,5157.014000,COL,43,colapinto,alpine,79.127000,23.000000,1.000000,,,20.762000,37.462000,20.903000,5098.699000,5136.161000,5157.064000,184.000000,186.000000,257.000000,271.000000,False,MEDIUM,23.000000,True,Alpine,5077.887000,,1,12.000000,False,,False,True
2026,6,Monaco Grand Prix,R,5236.101000,COL,43,colapinto,alpine,79.087000,24.000000,1.000000,,,20.719000,37.123000,21.245000,5177.783000,5214.906000,5236.151000,187.000000,184.000000,253.000000,273.000000,False,MEDIUM,24.000000,True,Alpine,5157.014000,,1,12.000000,False,,False,True
2026,6,Monaco Grand Prix,R,5315.239000,COL,43,colapinto,alpine,79.138000,25.000000,1.000000,,,20.702000,37.342000,21.094000,5256.853000,5294.195000,5315.289000,189.000000,184.000000,256.000000,272.000000,False,MEDIUM,25.000000,True,Alpine,5236.101000,,1,12.000000,False,,False,True
2026,6,Monaco Grand Prix,R,5394.360000,COL,43,colapinto,alpine,79.121000,26.000000,1.000000,,,20.783000,37.306000,21.032000,5336.072000,5373.378000,5394.410000,185.000000,185.000000,257.000000,272.000000,False,MEDIUM,26.000000,True,Alpine,5315.239000,,1,12.000000,False,,False,True
2026,6,Monaco Grand Prix,R,5473.540000,COL,43,colapinto,alpine,79.180000,27.000000,1.000000,,,20.896000,37.309000,20.975000,5415.306000,5452.615000,5473.590000,187.000000,184.000000,256.000000,272.000000,False,MEDIUM,27.000000,True,Alpine,5394.360000,,1,12.000000,False,,False,True
2026,6,Monaco Grand Prix,R,5552.294000,COL,43,colapinto,alpine,78.754000,28.000000,1.000000,,,20.571000,37.268000,20.915000,5494.161000,5531.429000,5552.344000,190.000000,180.000000,257.000000,272.000000,False,MEDIUM,28.000000,True,Alpine,5473.540000,,1,12.000000,False,,False,True
2026,6,Monaco Grand Prix,R,5632.131000,COL,43,colapinto,alpine,79.837000,29.000000,1.000000,,,20.703000,37.494000,21.640000,5573.047000,5610.541000,5632.181000,188.000000,183.000000,242.000000,272.000000,False,MEDIUM,29.000000,True,Alpine,5552.294000,,1,12.000000,False,,False,True
2026,6,Monaco Grand Prix,R,5712.261000,COL,43,colapinto,alpine,80.130000,30.000000,1.000000,,,21.272000,37.709000,21.149000,5653.453000,5691.162000,5712.311000,188.000000,182.000000,257.000000,270.000000,False,MEDIUM,30.000000,True,Alpine,5632.131000,,1,12.000000,False,,False,True
2026,6,Monaco Grand Prix,R,5791.643000,COL,43,colapinto,alpine,79.382000,31.000000,1.000000,,,20.736000,37.638000,21.008000,5733.047000,5770.685000,5791.693000,185.000000,184.000000,257.000000,271.000000,False,MEDIUM,31.000000,True,Alpine,5712.261000,,1,12.000000,False,,False,True
2026,6,Monaco Grand Prix,R,5871.165000,COL,43,colapinto,alpine,79.522000,32.000000,1.000000,,,20.777000,37.407000,21.338000,5812.470000,5849.877000,5871.215000,189.000000,184.000000,258.000000,271.000000,False,MEDIUM,32.000000,True,Alpine,5791.643000,,1,12.000000,False,,False,True
2026,6,Monaco Grand Prix,R,5950.907000,COL,43,colapinto,alpine,79.742000,33.000000,1.000000,,,20.858000,37.628000,21.256000,5892.073000,5929.701000,5950.957000,189.000000,181.000000,257.000000,272.000000,False,MEDIUM,33.000000,True,Alpine,5871.165000,,1,12.000000,False,,False,True
2026,6,Monaco Grand Prix,R,6032.634000,COL,43,colapinto,alpine,81.727000,34.000000,1.000000,,,21.166000,38.415000,22.146000,5972.123000,6010.538000,6032.684000,174.000000,181.000000,256.000000,271.000000,False,MEDIUM,34.000000,True,Alpine,5950.907000,,1,12.000000,False,,False,True
2026,6,Monaco Grand Prix,R,6132.483000,COL,43,colapinto,alpine,99.849000,35.000000,1.000000,,6107.496000,21.389000,38.336000,40.124000,6054.073000,6092.409000,6132.533000,179.000000,177.000000,,275.000000,False,MEDIUM,35.000000,True,Alpine,6032.634000,,1,15.000000,False,,False,False
2026,6,Monaco Grand Prix,R,6213.906000,COL,43,colapinto,alpine,81.423000,36.000000,2.000000,6133.183000,,23.894000,37.116000,20.413000,6156.427000,6193.543000,6213.956000,182.000000,188.000000,257.000000,267.000000,False,HARD,1.000000,True,Alpine,6132.483000,,1,15.000000,False,,False,False
2026,6,Monaco Grand Prix,R,6291.324000,COL,43,colapinto,alpine,77.418000,37.000000,2.000000,,,20.337000,36.528000,20.553000,6234.293000,6270.821000,6291.374000,194.000000,190.000000,256.000000,271.000000,True,HARD,2.000000,True,Alpine,6213.906000,,1,15.000000,False,,False,True
2026,6,Monaco Grand Prix,R,6368.176000,COL,43,colapinto,alpine,76.852000,38.000000,2.000000,,,20.149000,36.342000,20.361000,6311.523000,6347.865000,6368.226000,200.000000,190.000000,256.000000,271.000000,True,HARD,3.000000,True,Alpine,6291.324000,,1,15.000000,False,,False,True
2026,6,Monaco Grand Prix,R,6448.233000,COL,43,colapinto,alpine,80.057000,39.000000,2.000000,,,20.330000,38.490000,21.237000,6388.556000,6427.046000,6448.283000,201.000000,184.000000,253.000000,269.000000,False,HARD,4.000000,True,Alpine,6368.176000,,1,15.000000,False,,False,True
2026,6,Monaco Grand Prix,R,6527.323000,COL,43,colapinto,alpine,79.090000,40.000000,2.000000,,,20.460000,37.326000,21.304000,6468.743000,6506.069000,6527.373000,187.000000,180.000000,258.000000,272.000000,False,HARD,5.000000,True,Alpine,6448.233000,,1,15.000000,False,,False,True
2026,6,Monaco Grand Prix,R,6607.866000,COL,43,colapinto,alpine,80.543000,41.000000,2.000000,,,20.731000,38.095000,21.717000,6548.104000,6586.199000,6607.916000,184.000000,184.000000,257.000000,271.000000,False,HARD,6.000000,True,Alpine,6527.323000,,1,15.000000,False,,False,True
2026,6,Monaco Grand Prix,R,6689.711000,COL,43,colapinto,alpine,81.845000,42.000000,2.000000,,,21.267000,38.712000,21.866000,6629.183000,6667.895000,6689.761000,163.000000,184.000000,255.000000,271.000000,False,HARD,7.000000,True,Alpine,6607.866000,,1,15.000000,False,,False,True
2026,6,Monaco Grand Prix,R,6771.355000,COL,43,colapinto,alpine,81.644000,43.000000,2.000000,,,21.159000,39.038000,21.447000,6710.920000,6749.958000,6771.405000,168.000000,180.000000,255.000000,273.000000,False,HARD,8.000000,True,Alpine,6689.711000,,1,15.000000,False,,False,True
2026,6,Monaco Grand Prix,R,6851.409000,COL,43,colapinto,alpine,80.054000,44.000000,2.000000,,,20.816000,37.914000,21.324000,6792.221000,6830.135000,6851.459000,186.000000,182.000000,260.000000,270.000000,False,HARD,9.000000,True,Alpine,6771.355000,,1,15.000000,False,,False,True
2026,6,Monaco Grand Prix,R,6932.303000,COL,43,colapinto,alpine,80.894000,45.000000,2.000000,,,20.784000,37.761000,22.349000,6872.243000,6910.004000,6932.353000,186.000000,182.000000,246.000000,277.000000,False,HARD,10.000000,True,Alpine,6851.409000,,1,14.000000,False,,False,True
2026,6,Monaco Grand Prix,R,7014.534000,COL,43,colapinto,alpine,82.231000,46.000000,2.000000,,,21.420000,38.852000,21.959000,6953.773000,6992.625000,7014.584000,184.000000,176.000000,254.000000,267.000000,False,HARD,11.000000,True,Alpine,6932.303000,,1,14.000000,False,,False,True
2026,6,Monaco Grand Prix,R,7096.659000,COL,43,colapinto,alpine,82.125000,47.000000,2.000000,,,21.339000,38.807000,21.979000,7035.923000,7074.730000,7096.709000,172.000000,177.000000,250.000000,266.000000,False,HARD,12.000000,True,Alpine,7014.534000,,1,14.000000,False,,False,True
2026,6,Monaco Grand Prix,R,7177.965000,COL,43,colapinto,alpine,81.306000,48.000000,2.000000,,,21.706000,38.089000,21.511000,7118.415000,7156.504000,7178.015000,174.000000,183.000000,253.000000,273.000000,False,HARD,13.000000,True,Alpine,7096.659000,,1,14.000000,False,,False,True
2026,6,Monaco Grand Prix,R,7258.495000,COL,43,colapinto,alpine,80.530000,49.000000,2.000000,,,20.781000,37.721000,22.028000,7198.796000,7236.517000,7258.545000,190.000000,172.000000,241.000000,268.000000,False,HARD,14.000000,True,Alpine,7177.965000,,1,14.000000,False,,False,True
2026,6,Monaco Grand Prix,R,7339.660000,COL,43,colapinto,alpine,81.165000,50.000000,2.000000,,,21.522000,38.402000,21.241000,7280.067000,7318.469000,7339.710000,191.000000,183.000000,253.000000,268.000000,False,HARD,15.000000,True,Alpine,7258.495000,,1,14.000000,False,,False,True
2026,6,Monaco Grand Prix,R,7419.295000,COL,43,colapinto,alpine,79.635000,51.000000,2.000000,,,20.656000,37.593000,21.386000,7360.366000,7397.959000,7419.345000,184.000000,179.000000,253.000000,271.000000,False,HARD,16.000000,True,Alpine,7339.660000,,1,14.000000,False,,False,True
2026,6,Monaco Grand Prix,R,7500.330000,COL,43,colapinto,alpine,81.035000,52.000000,2.000000,,,20.842000,39.031000,21.162000,7440.187000,7479.218000,7500.380000,188.000000,182.000000,253.000000,260.000000,False,HARD,17.000000,True,Alpine,7419.295000,,1,14.000000,False,,False,True
2026,6,Monaco Grand Prix,R,7580.990000,COL,43,colapinto,alpine,80.660000,53.000000,2.000000,,,20.796000,38.176000,21.688000,7521.176000,7559.352000,7581.040000,177.000000,181.000000,253.000000,273.000000,False,HARD,18.000000,True,Alpine,7500.330000,,1,14.000000,False,,False,True
2026,6,Monaco Grand Prix,R,7660.668000,COL,43,colapinto,alpine,79.678000,54.000000,2.000000,,,20.947000,37.670000,21.061000,7601.987000,7639.657000,7660.718000,183.000000,185.000000,255.000000,273.000000,False,HARD,19.000000,True,Alpine,7580.990000,,1,14.000000,False,,False,True
2026,6,Monaco Grand Prix,R,7739.926000,COL,43,colapinto,alpine,79.258000,55.000000,2.000000,,,20.673000,37.562000,21.023000,7681.391000,7718.953000,7739.976000,193.000000,182.000000,257.000000,277.000000,False,HARD,20.000000,True,Alpine,7660.668000,,1,14.000000,False,,False,True
2026,6,Monaco Grand Prix,R,7822.419000,COL,43,colapinto,alpine,82.493000,56.000000,2.000000,,,20.837000,40.482000,21.174000,7760.813000,7801.295000,7822.469000,183.000000,179.000000,257.000000,225.000000,False,HARD,21.000000,True,Alpine,7739.926000,,1,14.000000,False,,False,True
2026,6,Monaco Grand Prix,R,7902.942000,COL,43,colapinto,alpine,80.523000,57.000000,2.000000,,,21.916000,37.419000,21.188000,7844.385000,7881.804000,7902.992000,189.000000,183.000000,259.000000,272.000000,False,HARD,22.000000,True,Alpine,7822.419000,,1,14.000000,False,,False,True
2026,6,Monaco Grand Prix,R,8006.194000,COL,43,colapinto,alpine,103.252000,58.000000,2.000000,,,21.102000,51.575000,30.575000,7924.094000,7975.669000,8006.244000,172.000000,149.000000,140.000000,143.000000,False,HARD,23.000000,True,Alpine,7902.942000,,124,14.000000,False,,False,False
2026,6,Monaco Grand Prix,R,8121.599000,COL,43,colapinto,alpine,115.405000,59.000000,2.000000,,8100.360000,25.462000,50.304000,39.639000,8031.706000,8082.010000,8121.649000,147.000000,147.000000,,158.000000,False,HARD,24.000000,True,Alpine,8006.194000,,4,14.000000,False,,False,False
2026,6,Monaco Grand Prix,R,8215.154000,COL,43,colapinto,alpine,93.555000,60.000000,3.000000,8122.439000,,26.677000,39.925000,26.953000,8148.326000,8188.251000,8215.204000,176.000000,174.000000,175.000000,241.000000,False,HARD,25.000000,False,Alpine,8121.599000,,4,14.000000,False,,False,False
2026,6,Monaco Grand Prix,R,8333.179000,COL,43,colapinto,alpine,118.025000,61.000000,3.000000,,,34.601000,51.008000,32.416000,8249.805000,8300.813000,8333.229000,100.000000,151.000000,97.000000,156.000000,False,HARD,26.000000,False,Alpine,8215.154000,,4,14.000000,False,,False,False
2026,6,Monaco Grand Prix,R,8426.219000,COL,43,colapinto,alpine,93.040000,62.000000,3.000000,,,29.794000,40.725000,22.521000,8363.023000,8403.748000,8426.269000,149.000000,165.000000,248.000000,240.000000,False,HARD,27.000000,False,Alpine,8333.179000,,4,14.000000,False,,False,False
2026,6,Monaco Grand Prix,R,8510.927000,COL,43,colapinto,alpine,84.708000,63.000000,3.000000,,,22.562000,40.152000,21.994000,8448.831000,8488.983000,8510.977000,171.000000,172.000000,253.000000,241.000000,False,HARD,28.000000,False,Alpine,8426.219000,,4,14.000000,False,,False,False
2026,6,Monaco Grand Prix,R,8592.591000,COL,43,colapinto,alpine,81.664000,64.000000,3.000000,,,22.200000,37.807000,21.657000,8533.177000,8570.984000,8592.641000,178.000000,186.000000,252.000000,270.000000,False,HARD,29.000000,False,Alpine,8510.927000,,412,14.000000,False,,False,False
2026,6,Monaco Grand Prix,R,8709.548000,COL,43,colapinto,alpine,116.957000,65.000000,3.000000,,8686.961000,26.222000,49.951000,40.784000,8618.863000,8668.814000,8709.598000,147.000000,164.000000,,216.000000,False,HARD,30.000000,False,Alpine,8592.591000,,24,13.000000,False,,False,False
2026,6,Monaco Grand Prix,R,8815.104000,COL,43,colapinto,alpine,105.556000,66.000000,4.000000,8710.345000,,27.147000,50.663000,27.746000,8736.745000,8787.408000,8815.154000,124.000000,134.000000,231.000000,235.000000,False,HARD,31.000000,False,Alpine,8709.548000,,4,13.000000,False,,False,False
2026,6,Monaco Grand Prix,R,10945.481000,COL,43,colapinto,alpine,,67.000000,4.000000,,8920.450000,26.531000,52.591000,,8841.791000,8894.309000,,65.000000,117.000000,,155.000000,False,HARD,32.000000,False,Alpine,8815.104000,,451,13.000000,False,,False,False
2026,6,Monaco Grand Prix,R,11095.715000,COL,43,colapinto,alpine,,68.000000,5.000000,10946.156000,11031.885000,28.257000,41.963000,80.068000,10973.789000,11015.697000,11095.876000,153.000000,168.000000,,234.000000,False,SOFT,1.000000,True,Alpine,10945.481000,,14,13.000000,False,,False,False
2026,6,Monaco Grand Prix,R,11185.456000,COL,43,colapinto,alpine,89.741000,69.000000,6.000000,11096.376000,,26.672000,40.664000,22.405000,11122.437000,11163.101000,11185.506000,163.000000,176.000000,226.000000,244.000000,False,SOFT,1.000000,False,Alpine,11095.715000,,4,13.000000,False,,False,False
2026,6,Monaco Grand Prix,R,11333.327000,COL,43,colapinto,alpine,147.871000,70.000000,6.000000,,,23.032000,49.080000,75.759000,11208.538000,11257.618000,11333.377000,122.000000,170.000000,153.000000,177.000000,False,SOFT,2.000000,False,Alpine,11185.456000,,41,12.000000,False,,False,False
2026,6,Monaco Grand Prix,R,11432.673000,COL,43,colapinto,alpine,99.346000,71.000000,6.000000,,,27.247000,49.713000,22.386000,11360.624000,11410.337000,11432.723000,141.000000,171.000000,245.000000,237.000000,False,SOFT,3.000000,False,Alpine,11333.327000,,12,15.000000,False,,False,True
2026,6,Monaco Grand Prix,R,11512.372000,COL,43,colapinto,alpine,79.699000,72.000000,6.000000,,,21.353000,37.542000,20.804000,11454.076000,11491.618000,11512.422000,185.000000,187.000000,255.000000,274.000000,False,SOFT,4.000000,False,Alpine,11432.673000,,1,15.000000,False,,False,True
2026,6,Monaco Grand Prix,R,11591.014000,COL,43,colapinto,alpine,78.642000,73.000000,6.000000,,,20.677000,36.730000,21.235000,11533.099000,11569.829000,11591.064000,196.000000,186.000000,257.000000,276.000000,False,SOFT,5.000000,False,Alpine,11512.372000,,1,15.000000,False,,False,True
2026,6,Monaco Grand Prix,R,11667.330000,COL,43,colapinto,alpine,76.316000,74.000000,6.000000,,,20.347000,35.900000,20.069000,11611.411000,11647.311000,11667.380000,200.000000,195.000000,259.000000,277.000000,True,SOFT,6.000000,False,Alpine,11591.014000,,1,15.000000,False,,False,True
2026,6,Monaco Grand Prix,R,11743.861000,COL,43,colapinto,alpine,76.531000,75.000000,6.000000,,,20.099000,35.933000,20.499000,11687.479000,11723.412000,11743.911000,200.000000,194.000000,259.000000,276.000000,False,SOFT,7.000000,False,Alpine,11667.330000,,1,15.000000,False,,False,True
2026,6,Monaco Grand Prix,R,11821.380000,COL,43,colapinto,alpine,77.519000,76.000000,6.000000,,,20.541000,36.414000,20.564000,11764.452000,11800.866000,11821.430000,192.000000,192.000000,260.000000,276.000000,False,SOFT,8.000000,False,Alpine,11743.861000,,1,15.000000,False,,False,True
2026,6,Monaco Grand Prix,R,11898.475000,COL,43,colapinto,alpine,77.095000,77.000000,6.000000,,,20.112000,36.239000,20.744000,11841.542000,11877.781000,11898.525000,196.000000,193.000000,259.000000,277.000000,False,SOFT,9.000000,False,Alpine,11821.380000,,1,15.000000,False,,False,True
2026,6,Monaco Grand Prix,R,11975.129000,COL,43,colapinto,alpine,76.654000,78.000000,6.000000,,,19.982000,36.293000,20.379000,11918.507000,11954.800000,11975.179000,203.000000,193.000000,265.000000,276.000000,False,SOFT,10.000000,False,Alpine,11898.475000,,1,15.000000,False,,False,True
2026,6,Monaco Grand Prix,R,3404.203000,HAM,44,hamilton,ferrari,84.337000,1.000000,1.000000,,,,37.275000,20.837000,,3383.422000,3404.370000,178.000000,187.000000,252.000000,266.000000,False,MEDIUM,1.000000,True,Ferrari,3319.645000,,12,2.000000,False,,False,False
2026,6,Monaco Grand Prix,R,3482.948000,HAM,44,hamilton,ferrari,78.745000,2.000000,1.000000,,,21.163000,36.847000,20.735000,3425.382000,3462.229000,3482.964000,191.000000,189.000000,252.000000,262.000000,True,MEDIUM,2.000000,True,Ferrari,3404.203000,,1,2.000000,False,,False,True
2026,6,Monaco Grand Prix,R,3560.626000,HAM,44,hamilton,ferrari,77.678000,3.000000,1.000000,,,20.798000,36.447000,20.433000,3503.762000,3540.209000,3560.642000,190.000000,189.000000,253.000000,257.000000,True,MEDIUM,3.000000,True,Ferrari,3482.948000,,1,2.000000,False,,False,True
2026,6,Monaco Grand Prix,R,3637.704000,HAM,44,hamilton,ferrari,77.078000,4.000000,1.000000,,,20.656000,36.082000,20.340000,3581.298000,3617.380000,3637.720000,190.000000,191.000000,254.000000,260.000000,True,MEDIUM,4.000000,True,Ferrari,3560.626000,,1,2.000000,False,,False,True
2026,6,Monaco Grand Prix,R,3714.762000,HAM,44,hamilton,ferrari,77.058000,5.000000,1.000000,,,20.634000,36.050000,20.374000,3658.354000,3694.404000,3714.778000,193.000000,191.000000,253.000000,259.000000,True,MEDIUM,5.000000,True,Ferrari,3637.704000,,1,2.000000,False,,False,True
2026,6,Monaco Grand Prix,R,3791.462000,HAM,44,hamilton,ferrari,76.700000,6.000000,1.000000,,,20.543000,35.934000,20.223000,3735.321000,3771.255000,3791.478000,196.000000,193.000000,254.000000,261.000000,True,MEDIUM,6.000000,True,Ferrari,3714.762000,,1,2.000000,False,,False,True
2026,6,Monaco Grand Prix,R,3868.049000,HAM,44,hamilton,ferrari,76.587000,7.000000,1.000000,,,20.516000,35.838000,20.233000,3811.994000,3847.832000,3868.065000,197.000000,193.000000,254.000000,266.000000,True,MEDIUM,7.000000,True,Ferrari,3791.462000,,1,2.000000,False,,False,True
2026,6,Monaco Grand Prix,R,3945.054000,HAM,44,hamilton,ferrari,77.005000,8.000000,1.000000,,,20.455000,36.111000,20.439000,3888.520000,3924.631000,3945.070000,196.000000,189.000000,254.000000,266.000000,False,MEDIUM,8.000000,True,Ferrari,3868.049000,,1,2.000000,False,,False,True
2026,6,Monaco Grand Prix,R,4021.695000,HAM,44,hamilton,ferrari,76.641000,9.000000,1.000000,,,20.471000,35.812000,20.358000,3965.541000,4001.353000,4021.711000,202.000000,193.000000,254.000000,266.000000,False,MEDIUM,9.000000,True,Ferrari,3945.054000,,1,2.000000,False,,False,True
2026,6,Monaco Grand Prix,R,4098.536000,HAM,44,hamilton,ferrari,76.841000,10.000000,1.000000,,,20.461000,35.938000,20.442000,4042.172000,4078.110000,4098.552000,200.000000,192.000000,254.000000,264.000000,False,MEDIUM,10.000000,True,Ferrari,4021.695000,,1,2.000000,False,,False,True
2026,6,Monaco Grand Prix,R,4175.672000,HAM,44,hamilton,ferrari,77.136000,11.000000,1.000000,,,20.443000,36.062000,20.631000,4118.995000,4155.057000,4175.688000,204.000000,191.000000,259.000000,270.000000,False,MEDIUM,11.000000,True,Ferrari,4098.536000,,1,2.000000,False,,False,True
2026,6,Monaco Grand Prix,R,4252.906000,HAM,44,hamilton,ferrari,77.234000,12.000000,1.000000,,,20.867000,35.961000,20.406000,4196.555000,4232.516000,4252.922000,193.000000,191.000000,254.000000,266.000000,False,MEDIUM,12.000000,True,Ferrari,4175.672000,,1,2.000000,False,,False,True
2026,6,Monaco Grand Prix,R,4329.934000,HAM,44,hamilton,ferrari,77.028000,13.000000,1.000000,,,20.372000,36.141000,20.515000,4273.294000,4309.435000,4329.950000,198.000000,187.000000,255.000000,268.000000,False,MEDIUM,13.000000,True,Ferrari,4252.906000,,1,2.000000,False,,False,True
2026,6,Monaco Grand Prix,R,4406.924000,HAM,44,hamilton,ferrari,76.990000,14.000000,1.000000,,,20.518000,36.066000,20.406000,4350.468000,4386.534000,4406.940000,196.000000,190.000000,254.000000,267.000000,False,MEDIUM,14.000000,True,Ferrari,4329.934000,,1,2.000000,False,,False,True
2026,6,Monaco Grand Prix,R,4483.836000,HAM,44,hamilton,ferrari,76.912000,15.000000,1.000000,,,20.443000,36.050000,20.419000,4427.383000,4463.433000,4483.852000,198.000000,190.000000,254.000000,265.000000,False,MEDIUM,15.000000,True,Ferrari,4406.924000,,1,2.000000,False,,False,True
2026,6,Monaco Grand Prix,R,4560.850000,HAM,44,hamilton,ferrari,77.014000,16.000000,1.000000,,,20.409000,36.200000,20.405000,4504.261000,4540.461000,4560.866000,195.000000,190.000000,254.000000,265.000000,False,MEDIUM,16.000000,True,Ferrari,4483.836000,,1,2.000000,False,,False,True
2026,6,Monaco Grand Prix,R,4638.089000,HAM,44,hamilton,ferrari,77.239000,17.000000,1.000000,,,20.581000,36.126000,20.532000,4581.447000,4617.573000,4638.105000,197.000000,193.000000,255.000000,266.000000,False,MEDIUM,17.000000,True,Ferrari,4560.850000,,1,2.000000,False,,False,True
2026,6,Monaco Grand Prix,R,4715.118000,HAM,44,hamilton,ferrari,77.029000,18.000000,1.000000,,,20.458000,36.082000,20.489000,4658.563000,4694.645000,4715.134000,197.000000,190.000000,254.000000,265.000000,False,MEDIUM,18.000000,True,Ferrari,4638.089000,,1,2.000000,False,,False,True
2026,6,Monaco Grand Prix,R,4792.389000,HAM,44,hamilton,ferrari,77.271000,19.000000,1.000000,,,20.437000,36.363000,20.471000,4735.571000,4771.934000,4792.405000,197.000000,189.000000,254.000000,258.000000,False,MEDIUM,19.000000,True,Ferrari,4715.118000,,1,2.000000,False,,False,True
2026,6,Monaco Grand Prix,R,4869.508000,HAM,44,hamilton,ferrari,77.119000,20.000000,1.000000,,,20.502000,36.129000,20.488000,4812.907000,4849.036000,4869.524000,195.000000,189.000000,254.000000,259.000000,False,MEDIUM,20.000000,True,Ferrari,4792.389000,,1,2.000000,False,,False,True
2026,6,Monaco Grand Prix,R,4946.584000,HAM,44,hamilton,ferrari,77.076000,21.000000,1.000000,,,20.500000,36.179000,20.397000,4890.024000,4926.203000,4946.600000,199.000000,191.000000,254.000000,258.000000,False,MEDIUM,21.000000,True,Ferrari,4869.508000,,1,2.000000,False,,False,True
2026,6,Monaco Grand Prix,R,5023.833000,HAM,44,hamilton,ferrari,77.249000,22.000000,1.000000,,,20.528000,36.195000,20.526000,4967.128000,5003.323000,5023.849000,196.000000,189.000000,253.000000,259.000000,False,MEDIUM,22.000000,True,Ferrari,4946.584000,,1,2.000000,False,,False,True
2026,6,Monaco Grand Prix,R,5101.213000,HAM,44,hamilton,ferrari,77.380000,23.000000,1.000000,,,20.553000,36.218000,20.609000,5044.402000,5080.620000,5101.229000,199.000000,187.000000,254.000000,257.000000,False,MEDIUM,23.000000,True,Ferrari,5023.833000,,1,2.000000,False,,False,True
2026,6,Monaco Grand Prix,R,5178.996000,HAM,44,hamilton,ferrari,77.783000,24.000000,1.000000,,,20.793000,36.380000,20.610000,5122.022000,5158.402000,5179.012000,191.000000,186.000000,254.000000,262.000000,False,MEDIUM,24.000000,True,Ferrari,5101.213000,,1,2.000000,False,,False,True
2026,6,Monaco Grand Prix,R,5256.730000,HAM,44,hamilton,ferrari,77.734000,25.000000,1.000000,,,20.545000,36.556000,20.633000,5199.557000,5236.113000,5256.746000,197.000000,186.000000,254.000000,257.000000,False,MEDIUM,25.000000,True,Ferrari,5178.996000,,1,2.000000,False,,False,True
2026,6,Monaco Grand Prix,R,5334.718000,HAM,44,hamilton,ferrari,77.988000,26.000000,1.000000,,,20.827000,36.495000,20.666000,5277.573000,5314.068000,5334.734000,195.000000,186.000000,254.000000,257.000000,False,MEDIUM,26.000000,True,Ferrari,5256.730000,,1,2.000000,False,,False,True
2026,6,Monaco Grand Prix,R,5412.943000,HAM,44,hamilton,ferrari,78.225000,27.000000,1.000000,,,20.627000,37.009000,20.589000,5355.361000,5392.370000,5412.959000,185.000000,185.000000,255.000000,257.000000,False,MEDIUM,27.000000,True,Ferrari,5334.718000,,1,2.000000,False,,False,True
2026,6,Monaco Grand Prix,R,5507.113000,HAM,44,hamilton,ferrari,94.170000,28.000000,1.000000,,5483.708000,20.556000,36.290000,37.324000,5433.515000,5469.805000,5507.129000,195.000000,190.000000,,262.000000,False,MEDIUM,28.000000,True,Ferrari,5412.943000,,1,3.000000,False,,False,False
2026,6,Monaco Grand Prix,R,5587.942000,HAM,44,hamilton,ferrari,80.829000,29.000000,2.000000,5507.805000,,23.514000,36.798000,20.517000,5530.643000,5567.441000,5587.958000,186.000000,186.000000,255.000000,266.000000,False,HARD,1.000000,True,Ferrari,5507.113000,,1,3.000000,False,,False,False
2026,6,Monaco Grand Prix,R,5665.634000,HAM,44,hamilton,ferrari,77.692000,30.000000,2.000000,,,20.651000,36.409000,20.632000,5608.609000,5645.018000,5665.650000,196.000000,187.000000,256.000000,269.000000,False,HARD,2.000000,True,Ferrari,5587.942000,,1,3.000000,False,,False,True
2026,6,Monaco Grand Prix,R,5742.153000,HAM,44,hamilton,ferrari,76.519000,31.000000,2.000000,,,20.330000,35.956000,20.233000,5685.980000,5721.936000,5742.169000,201.000000,193.000000,256.000000,270.000000,True,HARD,3.000000,True,Ferrari,5665.634000,,1,3.000000,False,,False,True
2026,6,Monaco Grand Prix,R,5818.705000,HAM,44,hamilton,ferrari,76.552000,32.000000,2.000000,,,20.246000,35.993000,20.313000,5762.415000,5798.408000,5818.721000,199.000000,192.000000,256.000000,265.000000,False,HARD,4.000000,True,Ferrari,5742.153000,,1,3.000000,False,,False,True
2026,6,Monaco Grand Prix,R,5895.365000,HAM,44,hamilton,ferrari,76.660000,33.000000,2.000000,,,20.290000,35.963000,20.407000,5839.011000,5874.974000,5895.381000,199.000000,192.000000,255.000000,268.000000,False,HARD,5.000000,True,Ferrari,5818.705000,,1,3.000000,False,,False,True
2026,6,Monaco Grand Prix,R,5972.165000,HAM,44,hamilton,ferrari,76.800000,34.000000,2.000000,,,20.396000,35.999000,20.405000,5915.777000,5951.776000,5972.181000,197.000000,190.000000,254.000000,265.000000,False,HARD,6.000000,True,Ferrari,5895.365000,,1,3.000000,False,,False,True
2026,6,Monaco Grand Prix,R,6048.923000,HAM,44,hamilton,ferrari,76.758000,35.000000,2.000000,,,20.370000,35.971000,20.417000,5992.551000,6028.522000,6048.939000,198.000000,193.000000,254.000000,265.000000,False,HARD,7.000000,True,Ferrari,5972.165000,,1,2.000000,False,,False,True
2026,6,Monaco Grand Prix,R,6125.489000,HAM,44,hamilton,ferrari,76.566000,36.000000,2.000000,,,20.288000,35.903000,20.375000,6069.227000,6105.130000,6125.505000,201.000000,192.000000,255.000000,265.000000,False,HARD,8.000000,True,Ferrari,6048.923000,,1,2.000000,False,,False,True
2026,6,Monaco Grand Prix,R,6202.923000,HAM,44,hamilton,ferrari,77.434000,37.000000,2.000000,,,20.607000,36.186000,20.641000,6146.112000,6182.298000,6202.939000,190.000000,189.000000,255.000000,259.000000,False,HARD,9.000000,True,Ferrari,6125.489000,,1,2.000000,False,,False,True
2026,6,Monaco Grand Prix,R,6280.299000,HAM,44,hamilton,ferrari,77.376000,38.000000,2.000000,,,20.543000,36.272000,20.561000,6223.482000,6259.754000,6280.315000,181.000000,189.000000,255.000000,260.000000,False,HARD,10.000000,True,Ferrari,6202.923000,,1,2.000000,False,,False,True
2026,6,Monaco Grand Prix,R,6358.770000,HAM,44,hamilton,ferrari,78.471000,39.000000,2.000000,,,20.708000,36.840000,20.923000,6301.023000,6337.863000,6358.786000,189.000000,187.000000,261.000000,259.000000,False,HARD,11.000000,True,Ferrari,6280.299000,,1,2.000000,False,,False,True
2026,6,Monaco Grand Prix,R,6436.453000,HAM,44,hamilton,ferrari,77.683000,40.000000,2.000000,,,20.805000,36.344000,20.534000,6379.591000,6415.935000,6436.469000,174.000000,188.000000,254.000000,259.000000,False,HARD,12.000000,True,Ferrari,6358.770000,,1,2.000000,False,,False,True
2026,6,Monaco Grand Prix,R,6513.842000,HAM,44,hamilton,ferrari,77.389000,41.000000,2.000000,,,20.672000,36.327000,20.390000,6457.141000,6493.468000,6513.858000,178.000000,192.000000,254.000000,257.000000,False,HARD,13.000000,True,Ferrari,6436.453000,,1,2.000000,False,,False,True
2026,6,Monaco Grand Prix,R,6590.954000,HAM,44,hamilton,ferrari,77.112000,42.000000,2.000000,,,20.402000,36.247000,20.463000,6534.260000,6570.507000,6590.970000,183.000000,190.000000,255.000000,258.000000,False,HARD,14.000000,True,Ferrari,6513.842000,,1,2.000000,False,,False,True
2026,6,Monaco Grand Prix,R,6668.214000,HAM,44,hamilton,ferrari,77.260000,43.000000,2.000000,,,20.603000,36.213000,20.444000,6611.573000,6647.786000,6668.230000,179.000000,189.000000,255.000000,258.000000,False,HARD,15.000000,True,Ferrari,6590.954000,,1,2.000000,False,,False,True
2026,6,Monaco Grand Prix,R,6745.342000,HAM,44,hamilton,ferrari,77.128000,44.000000,2.000000,,,20.414000,36.240000,20.474000,6688.644000,6724.884000,6745.358000,189.000000,191.000000,260.000000,259.000000,False,HARD,16.000000,True,Ferrari,6668.214000,,1,2.000000,False,,False,True
2026,6,Monaco Grand Prix,R,6822.135000,HAM,44,hamilton,ferrari,76.793000,45.000000,2.000000,,,20.399000,36.008000,20.386000,6765.757000,6801.765000,6822.151000,183.000000,191.000000,254.000000,259.000000,False,HARD,17.000000,True,Ferrari,6745.342000,,1,2.000000,False,,False,True
2026,6,Monaco Grand Prix,R,6898.792000,HAM,44,hamilton,ferrari,76.657000,46.000000,2.000000,,,20.317000,36.063000,20.277000,6842.468000,6878.531000,6898.808000,195.000000,191.000000,255.000000,256.000000,False,HARD,18.000000,True,Ferrari,6822.135000,,1,2.000000,False,,False,True
2026,6,Monaco Grand Prix,R,6975.641000,HAM,44,hamilton,ferrari,76.849000,47.000000,2.000000,,,20.347000,36.146000,20.356000,6919.155000,6955.301000,6975.657000,184.000000,191.000000,255.000000,258.000000,False,HARD,19.000000,True,Ferrari,6898.792000,,1,2.000000,False,,False,True
2026,6,Monaco Grand Prix,R,7052.830000,HAM,44,hamilton,ferrari,77.189000,48.000000,2.000000,,,20.472000,36.282000,20.435000,6996.129000,7032.411000,7052.846000,190.000000,191.000000,255.000000,258.000000,False,HARD,20.000000,True,Ferrari,6975.641000,,1,2.000000,False,,False,True
2026,6,Monaco Grand Prix,R,7130.018000,HAM,44,hamilton,ferrari,77.188000,49.000000,2.000000,,,20.377000,36.306000,20.505000,7073.223000,7109.529000,7130.034000,193.000000,192.000000,256.000000,258.000000,False,HARD,21.000000,True,Ferrari,7052.830000,,1,2.000000,False,,False,True
2026,6,Monaco Grand Prix,R,7207.070000,HAM,44,hamilton,ferrari,77.052000,50.000000,2.000000,,,20.623000,36.129000,20.300000,7150.657000,7186.786000,7207.086000,194.000000,188.000000,255.000000,258.000000,False,HARD,22.000000,True,Ferrari,7130.018000,,1,2.000000,False,,False,True
2026,6,Monaco Grand Prix,R,7283.765000,HAM,44,hamilton,ferrari,76.695000,51.000000,2.000000,,,20.293000,36.028000,20.374000,7227.379000,7263.407000,7283.781000,195.000000,190.000000,256.000000,260.000000,False,HARD,23.000000,True,Ferrari,7207.070000,,1,2.000000,False,,False,True
2026,6,Monaco Grand Prix,R,7360.426000,HAM,44,hamilton,ferrari,76.661000,52.000000,2.000000,,,20.338000,35.997000,20.326000,7304.119000,7340.116000,7360.442000,191.000000,193.000000,255.000000,260.000000,False,HARD,24.000000,True,Ferrari,7283.765000,,1,2.000000,False,,False,True
2026,6,Monaco Grand Prix,R,7437.103000,HAM,44,hamilton,ferrari,76.677000,53.000000,2.000000,,,20.217000,36.049000,20.411000,7380.659000,7416.708000,7437.119000,192.000000,192.000000,255.000000,261.000000,False,HARD,25.000000,True,Ferrari,7360.426000,,1,2.000000,False,,False,True
2026,6,Monaco Grand Prix,R,7513.792000,HAM,44,hamilton,ferrari,76.689000,54.000000,2.000000,,,20.403000,36.029000,20.257000,7457.522000,7493.551000,7513.808000,197.000000,193.000000,256.000000,261.000000,False,HARD,26.000000,True,Ferrari,7437.103000,,1,2.000000,False,,False,True
2026,6,Monaco Grand Prix,R,7590.559000,HAM,44,hamilton,ferrari,76.767000,55.000000,2.000000,,,20.418000,36.006000,20.343000,7534.226000,7570.232000,7590.575000,194.000000,191.000000,257.000000,261.000000,False,HARD,27.000000,True,Ferrari,7513.792000,,1,2.000000,False,,False,True
2026,6,Monaco Grand Prix,R,7667.066000,HAM,44,hamilton,ferrari,76.507000,56.000000,2.000000,,,20.408000,35.862000,20.237000,7610.983000,7646.845000,7667.082000,192.000000,190.000000,256.000000,263.000000,True,HARD,28.000000,True,Ferrari,7590.559000,,1,2.000000,False,,False,True
2026,6,Monaco Grand Prix,R,7743.722000,HAM,44,hamilton,ferrari,76.656000,57.000000,2.000000,,,20.232000,35.966000,20.458000,7687.314000,7723.280000,7743.738000,197.000000,193.000000,262.000000,263.000000,False,HARD,29.000000,True,Ferrari,7667.066000,,1,2.000000,False,,False,True
2026,6,Monaco Grand Prix,R,7820.599000,HAM,44,hamilton,ferrari,76.877000,58.000000,2.000000,,,20.279000,35.994000,20.604000,7764.017000,7800.011000,7820.615000,198.000000,188.000000,260.000000,263.000000,False,HARD,30.000000,True,Ferrari,7743.722000,,1,2.000000,False,,False,True
2026,6,Monaco Grand Prix,R,7896.877000,HAM,44,hamilton,ferrari,76.278000,59.000000,2.000000,,,20.156000,35.861000,20.261000,7840.771000,7876.632000,7896.893000,201.000000,191.000000,257.000000,262.000000,True,HARD,31.000000,True,Ferrari,7820.599000,,1,2.000000,False,,False,True
2026,6,Monaco Grand Prix,R,8012.995000,HAM,44,hamilton,ferrari,116.118000,60.000000,2.000000,,7982.646000,20.417000,47.271000,48.430000,7917.310000,7964.581000,8013.011000,196.000000,168.000000,,208.000000,False,HARD,32.000000,True,Ferrari,7896.877000,,124,2.000000,False,,False,False
2026,6,Monaco Grand Prix,R,8133.341000,HAM,44,hamilton,ferrari,120.346000,61.000000,3.000000,8013.799000,8110.279000,29.116000,48.940000,42.290000,8042.127000,8091.067000,8133.357000,159.000000,148.000000,,151.000000,False,SOFT,5.000000,False,Ferrari,8012.995000,,4,2.000000,False,,False,False
2026,6,Monaco Grand Prix,R,8225.602000,HAM,44,hamilton,ferrari,92.261000,62.000000,4.000000,8134.408000,,30.310000,38.843000,23.108000,8163.667000,8202.510000,8225.618000,169.000000,182.000000,225.000000,260.000000,False,SOFT,6.000000,False,Ferrari,8133.341000,,4,2.000000,False,,False,False
2026,6,Monaco Grand Prix,R,8336.384000,HAM,44,hamilton,ferrari,110.782000,63.000000,4.000000,,,27.219000,51.554000,32.009000,8252.837000,8304.391000,8336.400000,120.000000,171.000000,85.000000,200.000000,False,SOFT,7.000000,False,Ferrari,8225.602000,,4,2.000000,False,,False,False
2026,6,Monaco Grand Prix,R,8461.778000,HAM,44,hamilton,ferrari,125.394000,64.000000,4.000000,,,36.327000,58.244000,30.823000,8372.727000,8430.971000,8461.794000,99.000000,127.000000,203.000000,167.000000,False,SOFT,8.000000,False,Ferrari,8336.384000,,4,2.000000,False,,False,False
2026,6,Monaco Grand Prix,R,8579.956000,HAM,44,hamilton,ferrari,118.178000,65.000000,4.000000,,,31.838000,56.421000,29.919000,8493.632000,8550.053000,8579.972000,115.000000,65.000000,255.000000,161.000000,False,SOFT,9.000000,False,Ferrari,8461.778000,,412,2.000000,False,,False,False
2026,6,Monaco Grand Prix,R,8693.228000,HAM,44,hamilton,ferrari,113.272000,66.000000,4.000000,,8672.367000,21.414000,51.221000,40.637000,8601.386000,8652.607000,8693.244000,184.000000,178.000000,,245.000000,False,SOFT,10.000000,False,Ferrari,8579.956000,,24,2.000000,False,,False,False
2026,6,Monaco Grand Prix,R,8797.525000,HAM,44,hamilton,ferrari,104.297000,67.000000,5.000000,8694.945000,,27.900000,51.235000,25.162000,8721.144000,8772.379000,8797.541000,92.000000,179.000000,153.000000,236.000000,False,SOFT,11.000000,False,Ferrari,8693.228000,,4,2.000000,False,,False,False
2026,6,Monaco Grand Prix,R,11062.157000,HAM,44,hamilton,ferrari,,68.000000,5.000000,,8906.762000,30.106000,54.975000,,8827.822000,8882.713000,,120.000000,129.000000,,141.000000,False,SOFT,12.000000,False,Ferrari,8797.525000,,451,2.000000,False,,False,False
2026,6,Monaco Grand Prix,R,11164.350000,HAM,44,hamilton,ferrari,102.193000,69.000000,6.000000,11062.876000,,26.297000,45.913000,29.983000,11088.470000,11134.383000,11164.366000,169.000000,107.000000,157.000000,142.000000,False,SOFT,5.000000,False,Ferrari,11062.157000,,14,2.000000,False,,False,False
2026,6,Monaco Grand Prix,R,11330.484000,HAM,44,hamilton,ferrari,,70.000000,6.000000,,,29.033000,49.304000,87.759000,11193.573000,11242.819000,11330.718000,135.000000,125.000000,2.000000,159.000000,False,SOFT,6.000000,False,Ferrari,11164.350000,,41,2.000000,False,,False,False
2026,6,Monaco Grand Prix,R,11411.493000,HAM,44,hamilton,ferrari,81.009000,71.000000,6.000000,,,23.802000,36.922000,20.285000,11354.302000,11391.224000,11411.509000,180.000000,193.000000,256.000000,265.000000,False,SOFT,7.000000,False,Ferrari,11330.484000,,12,2.000000,False,,False,True
2026,6,Monaco Grand Prix,R,11486.962000,HAM,44,hamilton,ferrari,75.469000,72.000000,6.000000,,,20.292000,35.353000,19.824000,11431.801000,11467.154000,11486.978000,207.000000,196.000000,257.000000,269.000000,True,SOFT,8.000000,False,Ferrari,11411.493000,,1,2.000000,False,,False,True
2026,6,Monaco Grand Prix,R,11561.931000,HAM,44,hamilton,ferrari,74.969000,73.000000,6.000000,,,19.918000,35.195000,19.856000,11506.896000,11542.091000,11561.947000,212.000000,197.000000,258.000000,270.000000,True,SOFT,9.000000,False,Ferrari,11486.962000,,1,2.000000,False,,False,True
2026,6,Monaco Grand Prix,R,11636.574000,HAM,44,hamilton,ferrari,74.643000,74.000000,6.000000,,,19.895000,35.013000,19.735000,11581.842000,11616.855000,11636.590000,210.000000,197.000000,258.000000,270.000000,True,SOFT,10.000000,False,Ferrari,11561.931000,,1,2.000000,False,,False,True
2026,6,Monaco Grand Prix,R,11711.300000,HAM,44,hamilton,ferrari,74.726000,75.000000,6.000000,,,19.879000,35.004000,19.843000,11656.469000,11691.473000,11711.316000,208.000000,197.000000,258.000000,270.000000,False,SOFT,11.000000,False,Ferrari,11636.574000,,1,2.000000,False,,False,True
2026,6,Monaco Grand Prix,R,11786.349000,HAM,44,hamilton,ferrari,75.049000,76.000000,6.000000,,,19.975000,35.139000,19.935000,11731.291000,11766.430000,11786.365000,208.000000,196.000000,257.000000,270.000000,False,SOFT,12.000000,False,Ferrari,11711.300000,,1,2.000000,False,,False,True
2026,6,Monaco Grand Prix,R,11861.679000,HAM,44,hamilton,ferrari,75.330000,77.000000,6.000000,,,20.028000,35.270000,20.032000,11806.393000,11841.663000,11861.695000,210.000000,196.000000,257.000000,270.000000,False,SOFT,13.000000,False,Ferrari,11786.349000,,1,2.000000,False,,False,True
2026,6,Monaco Grand Prix,R,11937.470000,HAM,44,hamilton,ferrari,75.791000,78.000000,6.000000,,,20.099000,35.490000,20.202000,11881.794000,11917.284000,11937.486000,201.000000,194.000000,255.000000,270.000000,False,SOFT,14.000000,False,Ferrari,11861.679000,,1,2.000000,False,,False,True
2026,6,Monaco Grand Prix,R,3438.675000,BOR,5,bortoleto,audi,118.809000,1.000000,1.000000,3330.676000,3413.542000,,42.861000,41.083000,,3397.745000,3438.745000,147.000000,166.000000,,265.000000,False,SOFT,1.000000,True,Audi,3319.645000,,12,20.000000,False,,False,False
2026,6,Monaco Grand Prix,R,3523.472000,BOR,5,bortoleto,audi,84.797000,2.000000,2.000000,3439.402000,,24.947000,38.180000,21.670000,3463.636000,3501.816000,3523.486000,165.000000,178.000000,252.000000,267.000000,False,HARD,1.000000,True,Audi,3438.675000,,1,20.000000,False,,False,False
2026,6,Monaco Grand Prix,R,3604.739000,BOR,5,bortoleto,audi,81.267000,3.000000,2.000000,,,21.319000,38.017000,21.931000,3544.805000,3582.822000,3604.753000,174.000000,177.000000,250.000000,268.000000,True,HARD,2.000000,True,Audi,3523.472000,,1,20.000000,False,,False,True
2026,6,Monaco Grand Prix,R,3686.426000,BOR,5,bortoleto,audi,81.687000,4.000000,2.000000,,,21.613000,37.972000,22.102000,3626.366000,3664.338000,3686.440000,168.000000,178.000000,249.000000,273.000000,False,HARD,3.000000,True,Audi,3604.739000,,1,20.000000,False,,False,True
2026,6,Monaco Grand Prix,R,3768.106000,BOR,5,bortoleto,audi,81.680000,5.000000,2.000000,,,21.607000,38.366000,21.707000,3708.047000,3746.413000,3768.120000,168.000000,178.000000,260.000000,274.000000,False,HARD,4.000000,True,Audi,3686.426000,,1,20.000000,False,,False,True
2026,6,Monaco Grand Prix,R,3849.518000,BOR,5,bortoleto,audi,81.412000,6.000000,2.000000,,,21.743000,38.044000,21.625000,3789.863000,3827.907000,3849.532000,169.000000,177.000000,260.000000,273.000000,False,HARD,5.000000,True,Audi,3768.106000,,1,20.000000,False,,False,True
2026,6,Monaco Grand Prix,R,3930.627000,BOR,5,bortoleto,audi,81.109000,7.000000,2.000000,,,21.623000,37.838000,21.648000,3871.155000,3908.993000,3930.641000,172.000000,182.000000,249.000000,278.000000,True,HARD,6.000000,True,Audi,3849.518000,,1,20.000000,False,,False,True
2026,6,Monaco Grand Prix,R,4011.182000,BOR,5,bortoleto,audi,80.555000,8.000000,2.000000,,,21.107000,37.760000,21.688000,3951.748000,3989.508000,4011.196000,181.000000,180.000000,260.000000,279.000000,True,HARD,7.000000,True,Audi,3930.627000,,1,20.000000,False,,False,True
2026,6,Monaco Grand Prix,R,4091.855000,BOR,5,bortoleto,audi,80.673000,9.000000,2.000000,,,20.998000,37.718000,21.957000,4032.194000,4069.912000,4091.869000,183.000000,175.000000,260.000000,279.000000,False,HARD,8.000000,True,Audi,4011.182000,,1,20.000000,False,,False,True
2026,6,Monaco Grand Prix,R,4175.757000,BOR,5,bortoleto,audi,83.902000,10.000000,2.000000,,,22.321000,39.079000,22.502000,4114.190000,4153.269000,4175.771000,116.000000,178.000000,235.000000,273.000000,False,HARD,9.000000,True,Audi,4091.855000,,1,20.000000,False,,False,True
2026,6,Monaco Grand Prix,R,4258.458000,BOR,5,bortoleto,audi,82.701000,11.000000,2.000000,,,21.992000,37.960000,22.749000,4197.763000,4235.723000,4258.472000,179.000000,170.000000,255.000000,280.000000,False,HARD,10.000000,True,Audi,4175.757000,,1,20.000000,False,,False,True
2026,6,Monaco Grand Prix,R,4339.902000,BOR,5,bortoleto,audi,81.444000,12.000000,2.000000,,,21.420000,37.503000,22.521000,4279.892000,4317.395000,4339.916000,178.000000,176.000000,233.000000,281.000000,False,HARD,11.000000,True,Audi,4258.458000,,1,20.000000,False,,False,True
2026,6,Monaco Grand Prix,R,4421.794000,BOR,5,bortoleto,audi,81.892000,13.000000,2.000000,,,22.448000,37.759000,21.685000,4362.364000,4400.123000,4421.808000,175.000000,180.000000,260.000000,274.000000,False,HARD,12.000000,True,Audi,4339.902000,,1,20.000000,False,,False,True
2026,6,Monaco Grand Prix,R,4502.673000,BOR,5,bortoleto,audi,80.879000,14.000000,2.000000,,,21.102000,37.991000,21.786000,4442.910000,4480.901000,4502.687000,185.000000,176.000000,260.000000,281.000000,False,HARD,13.000000,True,Audi,4421.794000,,1,20.000000,False,,False,True
2026,6,Monaco Grand Prix,R,4583.756000,BOR,5,bortoleto,audi,81.083000,15.000000,2.000000,,,21.188000,37.846000,22.049000,4523.875000,4561.721000,4583.770000,175.000000,178.000000,248.000000,280.000000,False,HARD,14.000000,True,Audi,4502.673000,,1,20.000000,False,,False,True
2026,6,Monaco Grand Prix,R,4667.700000,BOR,5,bortoleto,audi,83.944000,16.000000,2.000000,,,22.543000,38.794000,22.607000,4606.313000,4645.107000,4667.714000,182.000000,174.000000,259.000000,281.000000,False,HARD,15.000000,True,Audi,4583.756000,,1,20.000000,False,,False,True
2026,6,Monaco Grand Prix,R,4746.030000,BOR,5,bortoleto,audi,78.330000,17.000000,2.000000,,,20.559000,36.667000,21.104000,4688.273000,4724.940000,4746.044000,191.000000,178.000000,256.000000,279.000000,False,HARD,16.000000,True,Audi,4667.700000,,1,19.000000,True,TRACK LIMITS AT TURN 10 LAP 17 ,False,True
2026,6,Monaco Grand Prix,R,4824.223000,BOR,5,bortoleto,audi,78.193000,18.000000,2.000000,,,20.586000,36.754000,20.853000,4766.630000,4803.384000,4824.237000,192.000000,186.000000,256.000000,271.000000,True,HARD,17.000000,True,Audi,4746.030000,,1,19.000000,False,,False,True
2026,6,Monaco Grand Prix,R,4902.131000,BOR,5,bortoleto,audi,77.908000,19.000000,2.000000,,,20.550000,36.616000,20.742000,4844.787000,4881.403000,4902.145000,194.000000,186.000000,256.000000,271.000000,True,HARD,18.000000,True,Audi,4824.223000,,1,19.000000,False,,False,True
2026,6,Monaco Grand Prix,R,4980.460000,BOR,5,bortoleto,audi,78.329000,20.000000,2.000000,,,20.502000,36.840000,20.987000,4922.647000,4959.487000,4980.474000,196.000000,184.000000,255.000000,271.000000,False,HARD,19.000000,True,Audi,4902.131000,,1,19.000000,False,,False,True
2026,6,Monaco Grand Prix,R,5058.929000,BOR,5,bortoleto,audi,78.469000,21.000000,2.000000,,,20.467000,36.884000,21.118000,5000.941000,5037.825000,5058.943000,198.000000,185.000000,250.000000,269.000000,False,HARD,20.000000,True,Audi,4980.460000,,1,19.000000,False,,False,True
2026,6,Monaco Grand Prix,R,5137.006000,BOR,5,bortoleto,audi,78.077000,22.000000,2.000000,,,20.485000,36.761000,20.831000,5079.428000,5116.189000,5137.020000,199.000000,187.000000,256.000000,271.000000,False,HARD,21.000000,True,Audi,5058.929000,,1,19.000000,False,,False,True
2026,6,Monaco Grand Prix,R,5215.048000,BOR,5,bortoleto,audi,78.042000,23.000000,2.000000,,,20.503000,36.675000,20.864000,5157.523000,5194.198000,5215.062000,197.000000,185.000000,256.000000,271.000000,False,HARD,22.000000,True,Audi,5137.006000,,1,19.000000,False,,False,True
2026,6,Monaco Grand Prix,R,5293.119000,BOR,5,bortoleto,audi,78.071000,24.000000,2.000000,,,20.436000,36.739000,20.896000,5235.498000,5272.237000,5293.133000,199.000000,184.000000,257.000000,271.000000,False,HARD,23.000000,True,Audi,5215.048000,,1,19.000000,False,,False,True
2026,6,Monaco Grand Prix,R,5371.543000,BOR,5,bortoleto,audi,78.424000,25.000000,2.000000,,,20.567000,36.993000,20.864000,5313.700000,5350.693000,5371.557000,197.000000,186.000000,256.000000,261.000000,False,HARD,24.000000,True,Audi,5293.119000,,1,19.000000,False,,False,True
2026,6,Monaco Grand Prix,R,5449.449000,BOR,5,bortoleto,audi,77.906000,26.000000,2.000000,,,20.511000,36.567000,20.828000,5392.068000,5428.635000,5449.463000,203.000000,184.000000,257.000000,271.000000,True,HARD,25.000000,True,Audi,5371.543000,,1,19.000000,False,,False,True
2026,6,Monaco Grand Prix,R,5527.545000,BOR,5,bortoleto,audi,78.096000,27.000000,2.000000,,,20.512000,36.665000,20.919000,5469.975000,5506.640000,5527.559000,197.000000,186.000000,256.000000,272.000000,False,HARD,26.000000,True,Audi,5449.449000,,1,19.000000,False,,False,True
2026,6,Monaco Grand Prix,R,5606.442000,BOR,5,bortoleto,audi,78.897000,28.000000,2.000000,,,21.064000,36.915000,20.918000,5548.623000,5585.538000,5606.456000,198.000000,186.000000,256.000000,272.000000,False,HARD,27.000000,True,Audi,5527.545000,,1,19.000000,False,,False,True
2026,6,Monaco Grand Prix,R,5684.884000,BOR,5,bortoleto,audi,78.442000,29.000000,2.000000,,,20.591000,36.874000,20.977000,5627.047000,5663.921000,5684.898000,198.000000,188.000000,256.000000,272.000000,False,HARD,28.000000,True,Audi,5606.442000,,1,19.000000,False,,False,True
2026,6,Monaco Grand Prix,R,5763.649000,BOR,5,bortoleto,audi,78.765000,30.000000,2.000000,,,20.645000,36.868000,21.252000,5705.543000,5742.411000,5763.663000,201.000000,184.000000,253.000000,272.000000,False,HARD,29.000000,True,Audi,5684.884000,,1,19.000000,True,TRACK LIMITS AT TURN 10 LAP 30 ,False,True
2026,6,Monaco Grand Prix,R,5841.939000,BOR,5,bortoleto,audi,78.290000,31.000000,2.000000,,,20.626000,36.784000,20.880000,5784.289000,5821.073000,5841.953000,198.000000,183.000000,256.000000,272.000000,False,HARD,30.000000,True,Audi,5763.649000,,1,19.000000,False,,False,True
2026,6,Monaco Grand Prix,R,5920.031000,BOR,5,bortoleto,audi,78.092000,32.000000,2.000000,,,20.520000,36.657000,20.915000,5862.473000,5899.130000,5920.045000,197.000000,183.000000,256.000000,271.000000,False,HARD,31.000000,True,Audi,5841.939000,,1,19.000000,False,,False,True
2026,6,Monaco Grand Prix,R,5998.168000,BOR,5,bortoleto,audi,78.137000,33.000000,2.000000,,,20.601000,36.686000,20.850000,5940.646000,5977.332000,5998.182000,199.000000,185.000000,256.000000,271.000000,False,HARD,32.000000,True,Audi,5920.031000,,1,19.000000,False,,False,True
2026,6,Monaco Grand Prix,R,6076.401000,BOR,5,bortoleto,audi,78.233000,34.000000,2.000000,,,20.607000,36.718000,20.908000,6018.789000,6055.507000,6076.415000,200.000000,184.000000,257.000000,271.000000,False,HARD,33.000000,True,Audi,5998.168000,,1,19.000000,False,,False,True
2026,6,Monaco Grand Prix,R,6156.414000,BOR,5,bortoleto,audi,80.013000,35.000000,2.000000,,,21.214000,37.679000,21.120000,6097.629000,6135.308000,6156.428000,182.000000,184.000000,261.000000,270.000000,False,HARD,34.000000,True,Audi,6076.401000,,1,19.000000,False,,False,True
2026,6,Monaco Grand Prix,R,6236.085000,BOR,5,bortoleto,audi,79.671000,36.000000,2.000000,,,20.845000,37.476000,21.350000,6177.273000,6214.749000,6236.099000,185.000000,180.000000,260.000000,275.000000,False,HARD,35.000000,True,Audi,6156.414000,,1,19.000000,False,,False,True
2026,6,Monaco Grand Prix,R,6315.990000,BOR,5,bortoleto,audi,79.905000,37.000000,2.000000,,,20.873000,37.429000,21.603000,6256.972000,6294.401000,6316.004000,187.000000,184.000000,251.000000,275.000000,False,HARD,36.000000,True,Audi,6236.085000,,1,19.000000,False,,False,True
2026,6,Monaco Grand Prix,R,6397.926000,BOR,5,bortoleto,audi,81.936000,38.000000,2.000000,,,20.968000,37.338000,23.630000,6336.972000,6374.310000,6397.940000,193.000000,182.000000,205.000000,279.000000,False,HARD,37.000000,True,Audi,6315.990000,,1,19.000000,False,,False,True
2026,6,Monaco Grand Prix,R,6478.295000,BOR,5,bortoleto,audi,80.369000,39.000000,2.000000,,,21.762000,37.442000,21.165000,6419.702000,6457.144000,6478.309000,185.000000,182.000000,258.000000,279.000000,False,HARD,38.000000,True,Audi,6397.926000,,1,19.000000,False,,False,True
2026,6,Monaco Grand Prix,R,6559.321000,BOR,5,bortoleto,audi,81.026000,40.000000,2.000000,,,21.175000,38.288000,21.563000,6499.484000,6537.772000,6559.335000,176.000000,180.000000,251.000000,271.000000,False,HARD,39.000000,True,Audi,6478.295000,,1,19.000000,False,,False,True
2026,6,Monaco Grand Prix,R,6640.114000,BOR,5,bortoleto,audi,80.793000,41.000000,2.000000,,,21.251000,37.874000,21.668000,6580.586000,6618.460000,6640.128000,174.000000,178.000000,251.000000,277.000000,False,HARD,40.000000,True,Audi,6559.321000,,1,19.000000,False,,False,True
2026,6,Monaco Grand Prix,R,6722.271000,BOR,5,bortoleto,audi,82.157000,42.000000,2.000000,,,22.482000,37.962000,21.713000,6662.610000,6700.572000,6722.285000,186.000000,175.000000,251.000000,281.000000,False,HARD,41.000000,True,Audi,6640.114000,,1,19.000000,False,,False,True
2026,6,Monaco Grand Prix,R,6820.291000,BOR,5,bortoleto,audi,98.020000,43.000000,2.000000,,6796.308000,21.386000,37.911000,38.723000,6743.671000,6781.582000,6820.305000,177.000000,179.000000,,282.000000,False,HARD,42.000000,True,Audi,6722.271000,,1,19.000000,False,,False,False
2026,6,Monaco Grand Prix,R,6902.051000,BOR,5,bortoleto,audi,81.760000,44.000000,3.000000,6821.011000,,23.956000,37.038000,20.766000,6844.261000,6881.299000,6902.065000,183.000000,181.000000,257.000000,270.000000,False,MEDIUM,1.000000,True,Audi,6820.291000,,1,19.000000,False,,False,False
2026,6,Monaco Grand Prix,R,6979.467000,BOR,5,bortoleto,audi,77.416000,45.000000,3.000000,,,20.499000,36.410000,20.507000,6922.564000,6958.974000,6979.481000,200.000000,182.000000,257.000000,271.000000,True,MEDIUM,2.000000,True,Audi,6902.051000,,1,18.000000,False,,False,True
2026,6,Monaco Grand Prix,R,7056.270000,BOR,5,bortoleto,audi,76.803000,46.000000,3.000000,,,20.279000,35.982000,20.542000,6999.760000,7035.742000,7056.284000,199.000000,187.000000,257.000000,271.000000,True,MEDIUM,3.000000,True,Audi,6979.467000,,1,18.000000,False,,False,True
2026,6,Monaco Grand Prix,R,7133.130000,BOR,5,bortoleto,audi,76.860000,47.000000,3.000000,,,20.245000,36.045000,20.570000,7076.529000,7112.574000,7133.144000,201.000000,188.000000,257.000000,272.000000,False,MEDIUM,4.000000,True,Audi,7056.270000,,1,18.000000,False,,False,True
2026,6,Monaco Grand Prix,R,7210.312000,BOR,5,bortoleto,audi,77.182000,48.000000,3.000000,,,20.282000,36.144000,20.756000,7153.426000,7189.570000,7210.326000,196.000000,186.000000,260.000000,273.000000,False,MEDIUM,5.000000,True,Audi,7133.130000,,1,18.000000,False,,False,True
2026,6,Monaco Grand Prix,R,7289.665000,BOR,5,bortoleto,audi,79.353000,49.000000,3.000000,,,20.412000,38.004000,20.937000,7230.738000,7268.742000,7289.679000,191.000000,183.000000,260.000000,283.000000,False,MEDIUM,6.000000,True,Audi,7210.312000,,1,18.000000,False,,False,True
2026,6,Monaco Grand Prix,R,7372.565000,BOR,5,bortoleto,audi,82.900000,50.000000,3.000000,,,21.092000,36.999000,24.809000,7310.771000,7347.770000,7372.579000,181.000000,176.000000,214.000000,283.000000,False,MEDIUM,7.000000,True,Audi,7289.665000,,1,18.000000,False,,False,True
2026,6,Monaco Grand Prix,R,7450.961000,BOR,5,bortoleto,audi,78.396000,51.000000,3.000000,,,21.040000,36.528000,20.828000,7393.619000,7430.147000,7450.975000,197.000000,186.000000,257.000000,272.000000,False,MEDIUM,8.000000,True,Audi,7372.565000,,1,18.000000,False,,False,True
2026,6,Monaco Grand Prix,R,7529.514000,BOR,5,bortoleto,audi,78.553000,52.000000,3.000000,,,20.314000,36.653000,21.586000,7471.289000,7507.942000,7529.528000,198.000000,183.000000,264.000000,274.000000,False,MEDIUM,9.000000,True,Audi,7450.961000,,1,18.000000,False,,False,True
2026,6,Monaco Grand Prix,R,7610.832000,BOR,5,bortoleto,audi,81.318000,53.000000,3.000000,,,21.364000,37.889000,22.065000,7550.892000,7588.781000,7610.846000,175.000000,180.000000,257.000000,282.000000,False,MEDIUM,10.000000,True,Audi,7529.514000,,1,18.000000,False,,False,True
2026,6,Monaco Grand Prix,R,7690.412000,BOR,5,bortoleto,audi,79.580000,54.000000,3.000000,,,21.392000,36.716000,21.472000,7632.238000,7668.954000,7690.426000,189.000000,179.000000,264.000000,282.000000,False,MEDIUM,11.000000,True,Audi,7610.832000,,1,18.000000,False,,False,True
2026,6,Monaco Grand Prix,R,7772.297000,BOR,5,bortoleto,audi,81.885000,55.000000,3.000000,,,21.191000,38.930000,21.764000,7711.617000,7750.547000,7772.311000,180.000000,174.000000,264.000000,276.000000,False,MEDIUM,12.000000,True,Audi,7690.412000,,1,18.000000,False,,False,True
2026,6,Monaco Grand Prix,R,7857.165000,BOR,5,bortoleto,audi,84.868000,56.000000,3.000000,,,21.017000,37.713000,26.138000,7793.328000,7831.041000,7857.179000,182.000000,176.000000,255.000000,282.000000,False,MEDIUM,13.000000,True,Audi,7772.297000,,1,18.000000,False,,False,True
2026,6,Monaco Grand Prix,R,7939.674000,BOR,5,bortoleto,audi,82.509000,57.000000,3.000000,,,20.548000,36.466000,25.495000,7877.727000,7914.193000,7939.688000,197.000000,182.000000,114.000000,272.000000,False,MEDIUM,14.000000,True,Audi,7857.165000,,124,17.000000,False,,False,False
2026,6,Monaco Grand Prix,R,8056.945000,BOR,5,bortoleto,audi,117.271000,58.000000,3.000000,,8037.549000,28.104000,49.291000,39.876000,7967.792000,8017.083000,8056.959000,146.000000,136.000000,,141.000000,False,MEDIUM,15.000000,True,Audi,7939.674000,,4,17.000000,False,,False,False
2026,6,Monaco Grand Prix,R,8173.806000,BOR,5,bortoleto,audi,116.861000,59.000000,4.000000,8057.643000,8149.895000,25.663000,50.187000,41.011000,8082.622000,8132.809000,8173.820000,157.000000,138.000000,,219.000000,False,MEDIUM,16.000000,False,Audi,8056.945000,,4,17.000000,False,,False,False
2026,6,Monaco Grand Prix,R,8257.621000,BOR,5,bortoleto,audi,83.815000,60.000000,5.000000,8174.540000,,24.037000,38.016000,21.762000,8197.857000,8235.873000,8257.635000,184.000000,180.000000,251.000000,270.000000,False,SOFT,1.000000,True,Audi,8173.806000,,4,17.000000,False,,False,False
2026,6,Monaco Grand Prix,R,8341.559000,BOR,5,bortoleto,audi,83.938000,61.000000,5.000000,,,21.163000,38.384000,24.391000,8278.798000,8317.182000,8341.573000,186.000000,161.000000,129.000000,270.000000,False,SOFT,2.000000,True,Audi,8257.621000,,4,17.000000,False,,False,False
2026,6,Monaco Grand Prix,R,8435.501000,BOR,5,bortoleto,audi,93.942000,62.000000,5.000000,,,31.443000,41.125000,21.374000,8373.016000,8414.141000,8435.515000,98.000000,178.000000,252.000000,271.000000,False,SOFT,3.000000,True,Audi,8341.559000,,4,17.000000,False,,False,False
2026,6,Monaco Grand Prix,R,8516.590000,BOR,5,bortoleto,audi,81.089000,63.000000,5.000000,,,21.173000,37.315000,22.601000,8456.688000,8494.003000,8516.604000,180.000000,183.000000,252.000000,272.000000,False,SOFT,4.000000,True,Audi,8435.501000,,4,17.000000,False,,False,False
2026,6,Monaco Grand Prix,R,8599.470000,BOR,5,bortoleto,audi,82.880000,64.000000,5.000000,,,21.848000,37.867000,23.165000,8538.452000,8576.319000,8599.484000,168.000000,186.000000,249.000000,264.000000,False,SOFT,5.000000,True,Audi,8516.590000,,412,17.000000,False,,False,False
2026,6,Monaco Grand Prix,R,8714.548000,BOR,5,bortoleto,audi,115.078000,65.000000,5.000000,,8692.586000,29.458000,45.817000,39.803000,8628.942000,8674.759000,8714.562000,111.000000,152.000000,,155.000000,False,SOFT,6.000000,True,Audi,8599.470000,,24,16.000000,False,,False,False
2026,6,Monaco Grand Prix,R,8819.816000,BOR,5,bortoleto,audi,105.268000,66.000000,6.000000,8715.282000,,28.370000,49.403000,27.495000,8742.932000,8792.335000,8819.830000,137.000000,140.000000,195.000000,228.000000,False,SOFT,7.000000,False,Audi,8714.548000,,4,16.000000,False,,False,False
2026,6,Monaco Grand Prix,R,10956.707000,BOR,5,bortoleto,audi,,67.000000,6.000000,,8927.606000,29.752000,50.415000,,8849.791000,8900.093000,,96.000000,129.000000,,159.000000,False,SOFT,8.000000,False,Audi,8819.816000,,451,16.000000,False,,False,False
2026,6,Monaco Grand Prix,R,11102.967000,BOR,5,bortoleto,audi,146.260000,68.000000,7.000000,10957.500000,11039.682000,27.134000,39.725000,79.401000,10983.855000,11023.580000,11102.981000,144.000000,174.000000,,262.000000,False,SOFT,1.000000,True,Audi,10956.707000,,14,16.000000,False,,False,False
2026,6,Monaco Grand Prix,R,11190.419000,BOR,5,bortoleto,audi,87.452000,69.000000,8.000000,11103.732000,,25.511000,39.376000,22.565000,11128.492000,11167.868000,11190.433000,162.000000,176.000000,243.000000,265.000000,False,SOFT,2.000000,False,Audi,11102.967000,,4,16.000000,False,,False,False
2026,6,Monaco Grand Prix,R,11334.119000,BOR,5,bortoleto,audi,143.700000,70.000000,8.000000,,,23.287000,49.379000,71.034000,11213.720000,11263.099000,11334.133000,135.000000,160.000000,180.000000,221.000000,False,SOFT,3.000000,False,Audi,11190.419000,,41,16.000000,False,,False,False
2026,6,Monaco Grand Prix,R,11428.970000,BOR,5,bortoleto,audi,94.851000,71.000000,8.000000,,,26.832000,46.992000,21.027000,11360.965000,11407.957000,11428.984000,133.000000,181.000000,254.000000,265.000000,False,SOFT,4.000000,False,Audi,11334.119000,,12,14.000000,False,,False,True
2026,6,Monaco Grand Prix,R,11506.454000,BOR,5,bortoleto,audi,77.484000,72.000000,8.000000,,,20.666000,36.301000,20.517000,11449.650000,11485.951000,11506.468000,195.000000,189.000000,259.000000,273.000000,False,SOFT,5.000000,False,Audi,11428.970000,,1,14.000000,False,,False,True
2026,6,Monaco Grand Prix,R,11585.760000,BOR,5,bortoleto,audi,79.306000,73.000000,8.000000,,,20.516000,37.928000,20.862000,11526.984000,11564.912000,11585.774000,183.000000,184.000000,262.000000,274.000000,False,SOFT,6.000000,False,Audi,11506.454000,,1,13.000000,False,,False,True
2026,6,Monaco Grand Prix,R,11663.984000,BOR,5,bortoleto,audi,78.224000,74.000000,8.000000,,,20.715000,36.601000,20.908000,11606.489000,11643.090000,11663.998000,186.000000,182.000000,265.000000,287.000000,False,SOFT,7.000000,False,Audi,11585.760000,,1,13.000000,False,,False,True
2026,6,Monaco Grand Prix,R,11741.881000,BOR,5,bortoleto,audi,77.897000,75.000000,8.000000,,,20.537000,36.582000,20.778000,11684.535000,11721.117000,11741.895000,193.000000,184.000000,266.000000,286.000000,False,SOFT,8.000000,False,Audi,11663.984000,,1,13.000000,False,,False,True
2026,6,Monaco Grand Prix,R,11819.469000,BOR,5,bortoleto,audi,77.588000,76.000000,8.000000,,,20.508000,36.354000,20.726000,11762.403000,11798.757000,11819.483000,201.000000,186.000000,255.000000,286.000000,False,SOFT,9.000000,False,Audi,11741.881000,,1,13.000000,False,,False,True
2026,6,Monaco Grand Prix,R,11896.573000,BOR,5,bortoleto,audi,77.104000,77.000000,8.000000,,,20.127000,36.341000,20.636000,11839.610000,11875.951000,11896.587000,197.000000,184.000000,265.000000,286.000000,False,SOFT,10.000000,False,Audi,11819.469000,,1,13.000000,False,,False,True
2026,6,Monaco Grand Prix,R,11973.885000,BOR,5,bortoleto,audi,77.312000,78.000000,8.000000,,,20.202000,36.331000,20.779000,11916.789000,11953.120000,11973.899000,201.000000,187.000000,257.000000,285.000000,False,SOFT,11.000000,False,Audi,11896.573000,,1,13.000000,False,,False,True
2026,6,Monaco Grand Prix,R,3413.175000,SAI,55,sainz,williams,93.309000,1.000000,1.000000,,,,40.537000,21.921000,,3391.466000,3413.292000,159.000000,172.000000,255.000000,270.000000,False,MEDIUM,1.000000,True,Williams,3319.645000,,12,11.000000,False,,False,False
2026,6,Monaco Grand Prix,R,3494.313000,SAI,55,sainz,williams,81.138000,2.000000,1.000000,,,21.733000,38.016000,21.389000,3434.914000,3472.930000,3494.319000,186.000000,177.000000,256.000000,270.000000,True,MEDIUM,2.000000,True,Williams,3413.175000,,1,11.000000,False,,False,True
2026,6,Monaco Grand Prix,R,3574.826000,SAI,55,sainz,williams,80.513000,3.000000,1.000000,,,21.397000,37.757000,21.359000,3515.716000,3553.473000,3574.832000,184.000000,180.000000,256.000000,267.000000,True,MEDIUM,3.000000,True,Williams,3494.313000,,1,11.000000,False,,False,True
2026,6,Monaco Grand Prix,R,3654.979000,SAI,55,sainz,williams,80.153000,4.000000,1.000000,,,21.307000,37.611000,21.235000,3596.139000,3633.750000,3654.985000,186.000000,177.000000,256.000000,271.000000,True,MEDIUM,4.000000,True,Williams,3574.826000,,1,11.000000,False,,False,True
2026,6,Monaco Grand Prix,R,3734.875000,SAI,55,sainz,williams,79.896000,5.000000,1.000000,,,21.270000,37.339000,21.287000,3676.255000,3713.594000,3734.881000,191.000000,182.000000,257.000000,271.000000,True,MEDIUM,5.000000,True,Williams,3654.979000,,1,11.000000,False,,False,True
2026,6,Monaco Grand Prix,R,3814.574000,SAI,55,sainz,williams,79.699000,6.000000,1.000000,,,21.037000,37.481000,21.181000,3755.918000,3793.399000,3814.580000,186.000000,178.000000,256.000000,270.000000,True,MEDIUM,6.000000,True,Williams,3734.875000,,1,11.000000,False,,False,True
2026,6,Monaco Grand Prix,R,3893.938000,SAI,55,sainz,williams,79.364000,7.000000,1.000000,,,21.050000,37.313000,21.001000,3835.630000,3872.943000,3893.944000,191.000000,185.000000,256.000000,270.000000,True,MEDIUM,7.000000,True,Williams,3814.574000,,1,11.000000,False,,False,True
2026,6,Monaco Grand Prix,R,3973.060000,SAI,55,sainz,williams,79.122000,8.000000,1.000000,,,20.903000,37.217000,21.002000,3914.847000,3952.064000,3973.066000,195.000000,184.000000,255.000000,272.000000,True,MEDIUM,8.000000,True,Williams,3893.938000,,1,11.000000,False,,False,True
2026,6,Monaco Grand Prix,R,4052.128000,SAI,55,sainz,williams,79.068000,9.000000,1.000000,,,20.871000,37.238000,20.959000,3993.937000,4031.175000,4052.134000,195.000000,185.000000,256.000000,272.000000,True,MEDIUM,9.000000,True,Williams,3973.060000,,1,11.000000,False,,False,True
2026,6,Monaco Grand Prix,R,4130.853000,SAI,55,sainz,williams,78.725000,10.000000,1.000000,,,20.823000,36.735000,21.167000,4072.957000,4109.692000,4130.859000,196.000000,185.000000,255.000000,272.000000,True,MEDIUM,10.000000,True,Williams,4052.128000,,1,11.000000,False,,False,True
2026,6,Monaco Grand Prix,R,4209.713000,SAI,55,sainz,williams,78.860000,11.000000,1.000000,,,20.895000,36.873000,21.092000,4151.754000,4188.627000,4209.719000,198.000000,181.000000,256.000000,272.000000,False,MEDIUM,11.000000,True,Williams,4130.853000,,1,11.000000,False,,False,True
2026,6,Monaco Grand Prix,R,4288.571000,SAI,55,sainz,williams,78.858000,12.000000,1.000000,,,20.715000,36.904000,21.239000,4230.434000,4267.338000,4288.577000,197.000000,187.000000,254.000000,271.000000,False,MEDIUM,12.000000,True,Williams,4209.713000,,1,11.000000,True,TRACK LIMITS AT TURN 16 LAP 12 ,False,True
2026,6,Monaco Grand Prix,R,4367.224000,SAI,55,sainz,williams,78.653000,13.000000,1.000000,,,20.688000,36.976000,20.989000,4309.265000,4346.241000,4367.230000,197.000000,185.000000,256.000000,271.000000,True,MEDIUM,13.000000,True,Williams,4288.571000,,1,11.000000,False,,False,True
2026,6,Monaco Grand Prix,R,4446.444000,SAI,55,sainz,williams,79.220000,14.000000,1.000000,,,20.724000,37.231000,21.265000,4387.954000,4425.185000,4446.450000,190.000000,184.000000,255.000000,267.000000,False,MEDIUM,14.000000,True,Williams,4367.224000,,1,11.000000,False,,False,True
2026,6,Monaco Grand Prix,R,4524.969000,SAI,55,sainz,williams,78.525000,15.000000,1.000000,,,20.730000,36.811000,20.984000,4467.180000,4503.991000,4524.975000,195.000000,180.000000,256.000000,271.000000,True,MEDIUM,15.000000,True,Williams,4446.444000,,1,11.000000,False,,False,True
2026,6,Monaco Grand Prix,R,4603.471000,SAI,55,sainz,williams,78.502000,16.000000,1.000000,,,20.625000,36.832000,21.045000,4545.600000,4582.432000,4603.477000,198.000000,183.000000,256.000000,270.000000,True,MEDIUM,16.000000,True,Williams,4524.969000,,1,11.000000,False,,False,True
2026,6,Monaco Grand Prix,R,4681.857000,SAI,55,sainz,williams,78.386000,17.000000,1.000000,,,20.628000,36.858000,20.900000,4624.105000,4660.963000,4681.863000,196.000000,181.000000,256.000000,271.000000,True,MEDIUM,17.000000,True,Williams,4603.471000,,1,11.000000,False,,False,True
2026,6,Monaco Grand Prix,R,4760.333000,SAI,55,sainz,williams,78.476000,18.000000,1.000000,,,20.657000,36.842000,20.977000,4702.520000,4739.362000,4760.339000,199.000000,183.000000,256.000000,272.000000,False,MEDIUM,18.000000,True,Williams,4681.857000,,1,11.000000,False,,False,True
2026,6,Monaco Grand Prix,R,4838.866000,SAI,55,sainz,williams,78.533000,19.000000,1.000000,,,20.673000,36.958000,20.902000,4781.012000,4817.970000,4838.872000,194.000000,184.000000,257.000000,270.000000,False,MEDIUM,19.000000,True,Williams,4760.333000,,1,11.000000,False,,False,True
2026,6,Monaco Grand Prix,R,4917.567000,SAI,55,sainz,williams,78.701000,20.000000,1.000000,,,20.684000,36.980000,21.037000,4859.556000,4896.536000,4917.573000,199.000000,183.000000,256.000000,272.000000,False,MEDIUM,20.000000,True,Williams,4838.866000,,1,11.000000,False,,False,True
2026,6,Monaco Grand Prix,R,4996.503000,SAI,55,sainz,williams,78.936000,21.000000,1.000000,,,20.752000,36.982000,21.202000,4938.325000,4975.307000,4996.509000,194.000000,181.000000,257.000000,271.000000,False,MEDIUM,21.000000,True,Williams,4917.567000,,1,11.000000,False,,False,True
2026,6,Monaco Grand Prix,R,5075.633000,SAI,55,sainz,williams,79.130000,22.000000,1.000000,,,20.755000,37.192000,21.183000,5017.264000,5054.456000,5075.639000,196.000000,182.000000,256.000000,271.000000,False,MEDIUM,22.000000,True,Williams,4996.503000,,1,11.000000,False,,False,True
2026,6,Monaco Grand Prix,R,5154.993000,SAI,55,sainz,williams,79.360000,23.000000,1.000000,,,20.968000,37.254000,21.138000,5096.607000,5133.861000,5154.999000,185.000000,180.000000,256.000000,269.000000,False,MEDIUM,23.000000,True,Williams,5075.633000,,1,11.000000,False,,False,True
2026,6,Monaco Grand Prix,R,5234.204000,SAI,55,sainz,williams,79.211000,24.000000,1.000000,,,20.887000,37.160000,21.164000,5175.886000,5213.046000,5234.210000,190.000000,183.000000,256.000000,270.000000,False,MEDIUM,24.000000,True,Williams,5154.993000,,1,11.000000,False,,False,True
2026,6,Monaco Grand Prix,R,5313.619000,SAI,55,sainz,williams,79.415000,25.000000,1.000000,,,21.026000,37.245000,21.144000,5255.236000,5292.481000,5313.625000,190.000000,180.000000,256.000000,271.000000,False,MEDIUM,25.000000,True,Williams,5234.204000,,1,11.000000,False,,False,True
2026,6,Monaco Grand Prix,R,5392.587000,SAI,55,sainz,williams,78.968000,26.000000,1.000000,,,20.806000,37.070000,21.092000,5334.431000,5371.501000,5392.593000,191.000000,180.000000,257.000000,271.000000,False,MEDIUM,26.000000,True,Williams,5313.619000,,1,11.000000,False,,False,True
2026,6,Monaco Grand Prix,R,5471.614000,SAI,55,sainz,williams,79.027000,27.000000,1.000000,,,20.851000,37.101000,21.075000,5413.444000,5450.545000,5471.620000,195.000000,180.000000,257.000000,271.000000,False,MEDIUM,27.000000,True,Williams,5392.587000,,1,11.000000,False,,False,True
2026,6,Monaco Grand Prix,R,5550.430000,SAI,55,sainz,williams,78.816000,28.000000,1.000000,,,20.721000,37.039000,21.056000,5492.341000,5529.380000,5550.436000,193.000000,184.000000,256.000000,272.000000,False,MEDIUM,28.000000,True,Williams,5471.614000,,1,11.000000,False,,False,True
2026,6,Monaco Grand Prix,R,5629.469000,SAI,55,sainz,williams,79.039000,29.000000,1.000000,,,20.813000,37.096000,21.130000,5571.249000,5608.345000,5629.475000,194.000000,183.000000,257.000000,271.000000,False,MEDIUM,29.000000,True,Williams,5550.430000,,1,11.000000,False,,False,True
2026,6,Monaco Grand Prix,R,5710.369000,SAI,55,sainz,williams,80.900000,30.000000,1.000000,,,20.741000,38.865000,21.294000,5650.216000,5689.081000,5710.375000,194.000000,175.000000,257.000000,271.000000,False,MEDIUM,30.000000,True,Williams,5629.469000,,1,11.000000,False,,False,True
2026,6,Monaco Grand Prix,R,5789.188000,SAI,55,sainz,williams,78.819000,31.000000,1.000000,,,20.762000,37.070000,20.987000,5731.137000,5768.207000,5789.194000,195.000000,185.000000,257.000000,271.000000,False,MEDIUM,31.000000,True,Williams,5710.369000,,1,11.000000,False,,False,True
2026,6,Monaco Grand Prix,R,5868.227000,SAI,55,sainz,williams,79.039000,32.000000,1.000000,,,20.730000,37.135000,21.174000,5809.924000,5847.059000,5868.233000,197.000000,185.000000,257.000000,271.000000,False,MEDIUM,32.000000,True,Williams,5789.188000,,1,11.000000,False,,False,True
2026,6,Monaco Grand Prix,R,5949.871000,SAI,55,sainz,williams,81.644000,33.000000,1.000000,,,20.913000,37.777000,22.954000,5889.146000,5926.923000,5949.877000,193.000000,174.000000,246.000000,272.000000,False,MEDIUM,33.000000,True,Williams,5868.227000,,1,11.000000,False,,False,True
2026,6,Monaco Grand Prix,R,6031.806000,SAI,55,sainz,williams,81.935000,34.000000,1.000000,,,21.567000,38.369000,21.999000,5971.444000,6009.813000,6031.812000,176.000000,166.000000,254.000000,270.000000,False,MEDIUM,34.000000,True,Williams,5949.871000,,1,11.000000,False,,False,True
2026,6,Monaco Grand Prix,R,6113.706000,SAI,55,sainz,williams,81.900000,35.000000,1.000000,,,21.546000,38.554000,21.800000,6053.358000,6091.912000,6113.712000,178.000000,171.000000,254.000000,269.000000,False,MEDIUM,35.000000,True,Williams,6031.806000,,1,11.000000,False,,False,True
2026,6,Monaco Grand Prix,R,6195.306000,SAI,55,sainz,williams,81.600000,36.000000,1.000000,,,21.502000,38.225000,21.873000,6135.214000,6173.439000,6195.312000,183.000000,171.000000,252.000000,268.000000,False,MEDIUM,36.000000,True,Williams,6113.706000,,1,11.000000,False,,False,True
2026,6,Monaco Grand Prix,R,6276.531000,SAI,55,sainz,williams,81.225000,37.000000,1.000000,,,21.263000,38.128000,21.834000,6216.575000,6254.703000,6276.537000,185.000000,174.000000,252.000000,269.000000,False,MEDIUM,37.000000,True,Williams,6195.306000,,1,11.000000,False,,False,True
2026,6,Monaco Grand Prix,R,6357.983000,SAI,55,sainz,williams,81.452000,38.000000,1.000000,,,21.429000,38.215000,21.808000,6297.966000,6336.181000,6357.989000,190.000000,178.000000,251.000000,267.000000,False,MEDIUM,38.000000,True,Williams,6276.531000,,1,11.000000,False,,False,True
2026,6,Monaco Grand Prix,R,6441.065000,SAI,55,sainz,williams,83.082000,39.000000,1.000000,,,22.699000,38.489000,21.894000,6380.688000,6419.177000,6441.071000,175.000000,172.000000,255.000000,270.000000,False,MEDIUM,39.000000,True,Williams,6357.983000,,1,11.000000,False,,False,True
2026,6,Monaco Grand Prix,R,6522.892000,SAI,55,sainz,williams,81.827000,40.000000,1.000000,,,21.269000,38.686000,21.872000,6462.340000,6501.026000,6522.898000,181.000000,171.000000,255.000000,269.000000,False,MEDIUM,40.000000,True,Williams,6441.065000,,1,11.000000,False,,False,True
2026,6,Monaco Grand Prix,R,6605.485000,SAI,55,sainz,williams,82.593000,41.000000,1.000000,,,21.112000,39.606000,21.875000,6544.010000,6583.616000,6605.491000,178.000000,166.000000,255.000000,267.000000,False,MEDIUM,41.000000,True,Williams,6522.892000,,1,11.000000,False,,False,True
2026,6,Monaco Grand Prix,R,6687.400000,SAI,55,sainz,williams,81.915000,42.000000,1.000000,,,21.672000,38.544000,21.699000,6627.163000,6665.707000,6687.406000,185.000000,177.000000,255.000000,269.000000,False,MEDIUM,42.000000,True,Williams,6605.485000,,1,11.000000,False,,False,True
2026,6,Monaco Grand Prix,R,6768.445000,SAI,55,sainz,williams,81.045000,43.000000,1.000000,,,21.810000,37.739000,21.496000,6709.216000,6746.955000,6768.451000,186.000000,182.000000,256.000000,268.000000,False,MEDIUM,43.000000,True,Williams,6687.400000,,1,11.000000,False,,False,True
2026,6,Monaco Grand Prix,R,6848.335000,SAI,55,sainz,williams,79.890000,44.000000,1.000000,,,21.180000,37.443000,21.267000,6789.631000,6827.074000,6848.341000,183.000000,183.000000,256.000000,270.000000,False,MEDIUM,44.000000,True,Williams,6768.445000,,1,11.000000,False,,False,True
2026,6,Monaco Grand Prix,R,6928.133000,SAI,55,sainz,williams,79.798000,45.000000,1.000000,,,21.128000,37.657000,21.013000,6869.469000,6907.126000,6928.139000,188.000000,181.000000,257.000000,260.000000,False,MEDIUM,45.000000,True,Williams,6848.335000,,1,9.000000,False,,False,True
2026,6,Monaco Grand Prix,R,7006.610000,SAI,55,sainz,williams,78.477000,46.000000,1.000000,,,20.699000,36.953000,20.825000,6948.838000,6985.791000,7006.616000,198.000000,182.000000,257.000000,270.000000,False,MEDIUM,46.000000,True,Williams,6928.133000,,1,9.000000,False,,False,True
2026,6,Monaco Grand Prix,R,7084.979000,SAI,55,sainz,williams,78.369000,47.000000,1.000000,,,20.667000,36.816000,20.886000,7027.283000,7064.099000,7084.985000,198.000000,185.000000,257.000000,271.000000,True,MEDIUM,47.000000,True,Williams,7006.610000,,1,9.000000,False,,False,True
2026,6,Monaco Grand Prix,R,7163.078000,SAI,55,sainz,williams,78.099000,48.000000,1.000000,,,20.536000,36.759000,20.804000,7105.521000,7142.280000,7163.084000,202.000000,187.000000,256.000000,270.000000,True,MEDIUM,48.000000,True,Williams,7084.979000,,1,9.000000,False,,False,True
2026,6,Monaco Grand Prix,R,7241.269000,SAI,55,sainz,williams,78.191000,49.000000,1.000000,,,20.608000,36.800000,20.783000,7183.692000,7220.492000,7241.275000,198.000000,183.000000,257.000000,270.000000,False,MEDIUM,49.000000,True,Williams,7163.078000,,1,9.000000,False,,False,True
2026,6,Monaco Grand Prix,R,7319.341000,SAI,55,sainz,williams,78.072000,50.000000,1.000000,,,20.545000,36.742000,20.785000,7261.820000,7298.562000,7319.347000,201.000000,186.000000,257.000000,271.000000,True,MEDIUM,50.000000,True,Williams,7241.269000,,1,9.000000,False,,False,True
2026,6,Monaco Grand Prix,R,7397.363000,SAI,55,sainz,williams,78.022000,51.000000,1.000000,,,20.561000,36.647000,20.814000,7339.908000,7376.555000,7397.369000,199.000000,186.000000,257.000000,271.000000,True,MEDIUM,51.000000,True,Williams,7319.341000,,1,9.000000,False,,False,True
2026,6,Monaco Grand Prix,R,7493.939000,SAI,55,sainz,williams,96.576000,52.000000,1.000000,,7468.979000,20.569000,36.773000,39.234000,7417.938000,7454.711000,7493.945000,198.000000,187.000000,,271.000000,False,MEDIUM,52.000000,True,Williams,7397.363000,,1,10.000000,False,,False,False
2026,6,Monaco Grand Prix,R,7575.831000,SAI,55,sainz,williams,81.892000,53.000000,2.000000,7494.713000,,24.049000,37.243000,20.600000,7517.994000,7555.237000,7575.837000,182.000000,186.000000,258.000000,270.000000,False,SOFT,1.000000,True,Williams,7493.939000,,1,10.000000,False,,False,False
2026,6,Monaco Grand Prix,R,7655.277000,SAI,55,sainz,williams,79.446000,54.000000,2.000000,,,20.326000,37.195000,21.925000,7596.163000,7633.358000,7655.283000,199.000000,180.000000,221.000000,272.000000,False,SOFT,2.000000,True,Williams,7575.831000,,1,10.000000,True,TRACK LIMITS AT TURN 10 LAP 54 ,False,True
2026,6,Monaco Grand Prix,R,7735.041000,SAI,55,sainz,williams,79.764000,55.000000,2.000000,,,21.790000,37.213000,20.761000,7677.073000,7714.286000,7735.047000,188.000000,186.000000,256.000000,267.000000,False,SOFT,3.000000,True,Williams,7655.277000,,1,10.000000,False,,False,True
2026,6,Monaco Grand Prix,R,7815.009000,SAI,55,sainz,williams,79.968000,56.000000,2.000000,,,20.511000,38.185000,21.272000,7755.558000,7793.743000,7815.015000,187.000000,182.000000,258.000000,270.000000,False,SOFT,4.000000,True,Williams,7735.041000,,1,11.000000,False,,False,True
2026,6,Monaco Grand Prix,R,7893.104000,SAI,55,sainz,williams,78.095000,57.000000,2.000000,,,20.574000,36.753000,20.768000,7835.589000,7872.342000,7893.110000,193.000000,184.000000,264.000000,280.000000,False,SOFT,5.000000,True,Williams,7815.009000,,1,11.000000,False,,False,True
2026,6,Monaco Grand Prix,R,7991.216000,SAI,55,sainz,williams,98.112000,58.000000,2.000000,,,20.655000,47.107000,30.350000,7913.765000,7960.872000,7991.222000,197.000000,158.000000,173.000000,104.000000,False,SOFT,6.000000,True,Williams,7893.104000,,124,11.000000,False,,False,False
2026,6,Monaco Grand Prix,R,8100.991000,SAI,55,sainz,williams,109.775000,59.000000,2.000000,,8081.857000,24.367000,48.136000,37.272000,8015.589000,8063.725000,8100.997000,144.000000,150.000000,,218.000000,False,SOFT,7.000000,True,Williams,7991.216000,,4,11.000000,False,,False,False
2026,6,Monaco Grand Prix,R,8212.087000,SAI,55,sainz,williams,111.096000,60.000000,3.000000,8101.760000,,26.467000,53.326000,31.303000,8127.464000,8180.790000,8212.093000,130.000000,163.000000,161.000000,157.000000,False,SOFT,8.000000,False,Williams,8100.991000,,4,11.000000,False,,False,False
2026,6,Monaco Grand Prix,R,8331.684000,SAI,55,sainz,williams,119.597000,61.000000,3.000000,,,34.247000,50.746000,34.604000,8246.340000,8297.086000,8331.690000,107.000000,157.000000,96.000000,166.000000,False,SOFT,9.000000,False,Williams,8212.087000,,4,11.000000,False,,False,False
2026,6,Monaco Grand Prix,R,8423.271000,SAI,55,sainz,williams,91.587000,62.000000,3.000000,,,28.374000,40.652000,22.561000,8360.064000,8400.716000,8423.277000,153.000000,173.000000,250.000000,263.000000,False,SOFT,10.000000,False,Williams,8331.684000,,4,11.000000,False,,False,False
2026,6,Monaco Grand Prix,R,8507.353000,SAI,55,sainz,williams,84.082000,63.000000,3.000000,,,22.069000,39.258000,22.755000,8445.346000,8484.604000,8507.359000,168.000000,171.000000,247.000000,245.000000,False,SOFT,11.000000,False,Williams,8423.271000,,4,11.000000,False,,False,False
2026,6,Monaco Grand Prix,R,8588.446000,SAI,55,sainz,williams,81.093000,64.000000,3.000000,,,21.708000,37.602000,21.783000,8529.067000,8566.669000,8588.452000,174.000000,187.000000,256.000000,265.000000,False,SOFT,12.000000,False,Williams,8507.353000,,412,11.000000,False,,False,False
2026,6,Monaco Grand Prix,R,8701.007000,SAI,55,sainz,williams,112.561000,65.000000,3.000000,,8679.774000,22.681000,50.101000,39.779000,8611.133000,8661.234000,8701.013000,71.000000,148.000000,,179.000000,False,SOFT,13.000000,False,Williams,8588.446000,,24,10.000000,False,,False,False
2026,6,Monaco Grand Prix,R,8808.403000,SAI,55,sainz,williams,107.396000,66.000000,4.000000,8701.921000,,30.666000,48.423000,28.307000,8731.679000,8780.102000,8808.409000,160.000000,137.000000,186.000000,240.000000,False,SOFT,14.000000,False,Williams,8701.007000,,4,10.000000,False,,False,False
2026,6,Monaco Grand Prix,R,10939.666000,SAI,55,sainz,williams,,67.000000,4.000000,,8914.621000,25.257000,54.545000,,8833.822000,8888.305000,,89.000000,121.000000,,181.000000,False,SOFT,15.000000,False,Williams,8808.403000,,451,10.000000,False,,False,False
2026,6,Monaco Grand Prix,R,11084.669000,SAI,55,sainz,williams,145.003000,68.000000,5.000000,10940.327000,11023.463000,27.171000,40.426000,77.406000,10966.843000,11007.269000,11084.675000,167.000000,178.000000,,259.000000,False,SOFT,5.000000,False,Williams,10939.666000,,14,10.000000,False,,False,False
2026,6,Monaco Grand Prix,R,11177.501000,SAI,55,sainz,williams,92.832000,69.000000,6.000000,11085.282000,,28.253000,40.059000,24.520000,11112.928000,11152.987000,11177.507000,160.000000,177.000000,222.000000,242.000000,False,SOFT,5.000000,False,Williams,11084.669000,,4,10.000000,False,,False,False
2026,6,Monaco Grand Prix,R,11332.821000,SAI,55,sainz,williams,,70.000000,6.000000,,,25.577000,51.219000,78.575000,11203.195000,11254.252000,11333.796000,96.000000,163.000000,130.000000,232.000000,False,SOFT,6.000000,False,Williams,11177.501000,,41,10.000000,False,,False,False
2026,6,Monaco Grand Prix,R,11482.821000,SAI,55,sainz,williams,,71.000000,6.000000,,,,,,,,,,,,,,SOFT,7.000000,False,Williams,11332.821000,,12,,False,,True,False
2026,6,Monaco Grand Prix,R,3406.607000,HAD,6,hadjar,red_bull,86.741000,1.000000,1.000000,,,,38.197000,21.155000,,3385.574000,3406.730000,169.000000,181.000000,252.000000,263.000000,False,MEDIUM,1.000000,True,Red Bull Racing,3319.645000,,12,4.000000,False,,False,False
2026,6,Monaco Grand Prix,R,3485.785000,HAD,6,hadjar,red_bull,79.178000,2.000000,1.000000,,,21.167000,37.220000,20.791000,3427.786000,3465.006000,3485.797000,191.000000,184.000000,253.000000,267.000000,True,MEDIUM,2.000000,True,Red Bull Racing,3406.607000,,1,4.000000,False,,False,True
2026,6,Monaco Grand Prix,R,3563.925000,HAD,6,hadjar,red_bull,78.140000,3.000000,1.000000,,,20.592000,36.958000,20.590000,3506.389000,3543.347000,3563.937000,194.000000,182.000000,254.000000,266.000000,True,MEDIUM,3.000000,True,Red Bull Racing,3485.785000,,1,4.000000,False,,False,True
2026,6,Monaco Grand Prix,R,3641.476000,HAD,6,hadjar,red_bull,77.551000,4.000000,1.000000,,,20.475000,36.606000,20.470000,3584.412000,3621.018000,3641.488000,191.000000,185.000000,254.000000,268.000000,True,MEDIUM,4.000000,True,Red Bull Racing,3563.925000,,1,4.000000,False,,False,True
2026,6,Monaco Grand Prix,R,3718.878000,HAD,6,hadjar,red_bull,77.402000,5.000000,1.000000,,,20.387000,36.556000,20.459000,3661.875000,3698.431000,3718.890000,197.000000,184.000000,255.000000,267.000000,True,MEDIUM,5.000000,True,Red Bull Racing,3641.476000,,1,4.000000,False,,False,True
2026,6,Monaco Grand Prix,R,3796.484000,HAD,6,hadjar,red_bull,77.606000,6.000000,1.000000,,,20.374000,36.618000,20.614000,3739.264000,3775.882000,3796.496000,197.000000,183.000000,255.000000,267.000000,False,MEDIUM,6.000000,True,Red Bull Racing,3718.878000,,1,4.000000,False,,False,True
2026,6,Monaco Grand Prix,R,3873.912000,HAD,6,hadjar,red_bull,77.428000,7.000000,1.000000,,,20.304000,36.489000,20.635000,3816.800000,3853.289000,3873.924000,193.000000,186.000000,255.000000,268.000000,False,MEDIUM,7.000000,True,Red Bull Racing,3796.484000,,1,4.000000,False,,False,True
2026,6,Monaco Grand Prix,R,3951.601000,HAD,6,hadjar,red_bull,77.689000,8.000000,1.000000,,,20.549000,36.563000,20.577000,3894.473000,3931.036000,3951.613000,190.000000,185.000000,254.000000,267.000000,False,MEDIUM,8.000000,True,Red Bull Racing,3873.912000,,1,4.000000,False,,False,True
2026,6,Monaco Grand Prix,R,4028.917000,HAD,6,hadjar,red_bull,77.316000,9.000000,1.000000,,,20.346000,36.492000,20.478000,3971.959000,4008.451000,4028.929000,193.000000,185.000000,255.000000,269.000000,True,MEDIUM,9.000000,True,Red Bull Racing,3951.601000,,1,4.000000,False,,False,True
2026,6,Monaco Grand Prix,R,4106.055000,HAD,6,hadjar,red_bull,77.138000,10.000000,1.000000,,,20.184000,36.398000,20.556000,4049.113000,4085.511000,4106.067000,197.000000,185.000000,254.000000,268.000000,True,MEDIUM,10.000000,True,Red Bull Racing,4028.917000,,1,4.000000,False,,False,True
2026,6,Monaco Grand Prix,R,4183.585000,HAD,6,hadjar,red_bull,77.530000,11.000000,1.000000,,,20.212000,36.643000,20.675000,4126.279000,4162.922000,4183.597000,198.000000,186.000000,255.000000,269.000000,False,MEDIUM,11.000000,True,Red Bull Racing,4106.055000,,1,4.000000,False,,False,True
2026,6,Monaco Grand Prix,R,4261.296000,HAD,6,hadjar,red_bull,77.711000,12.000000,1.000000,,,20.344000,36.667000,20.700000,4203.941000,4240.608000,4261.308000,197.000000,184.000000,255.000000,269.000000,False,MEDIUM,12.000000,True,Red Bull Racing,4183.585000,,1,4.000000,False,,False,True
2026,6,Monaco Grand Prix,R,4339.836000,HAD,6,hadjar,red_bull,78.540000,13.000000,1.000000,,,20.512000,37.115000,20.913000,4281.820000,4318.935000,4339.848000,191.000000,182.000000,254.000000,268.000000,False,MEDIUM,13.000000,True,Red Bull Racing,4261.296000,,1,4.000000,False,,False,True
2026,6,Monaco Grand Prix,R,4418.328000,HAD,6,hadjar,red_bull,78.492000,14.000000,1.000000,,,20.556000,37.070000,20.866000,4360.404000,4397.474000,4418.340000,195.000000,181.000000,254.000000,267.000000,False,MEDIUM,14.000000,True,Red Bull Racing,4339.836000,,1,4.000000,False,,False,True
2026,6,Monaco Grand Prix,R,4496.605000,HAD,6,hadjar,red_bull,78.277000,15.000000,1.000000,,,20.418000,36.987000,20.872000,4438.758000,4475.745000,4496.617000,197.000000,181.000000,254.000000,267.000000,False,MEDIUM,15.000000,True,Red Bull Racing,4418.328000,,1,4.000000,False,,False,True
2026,6,Monaco Grand Prix,R,4574.844000,HAD,6,hadjar,red_bull,78.239000,16.000000,1.000000,,,20.368000,37.063000,20.808000,4516.985000,4554.048000,4574.856000,200.000000,180.000000,255.000000,268.000000,False,MEDIUM,16.000000,True,Red Bull Racing,4496.605000,,1,4.000000,False,,False,True
2026,6,Monaco Grand Prix,R,4653.148000,HAD,6,hadjar,red_bull,78.304000,17.000000,1.000000,,,20.431000,37.014000,20.859000,4595.287000,4632.301000,4653.160000,198.000000,181.000000,255.000000,267.000000,False,MEDIUM,17.000000,True,Red Bull Racing,4574.844000,,1,4.000000,False,,False,True
2026,6,Monaco Grand Prix,R,4731.970000,HAD,6,hadjar,red_bull,78.822000,18.000000,1.000000,,,20.437000,37.159000,21.226000,4673.597000,4710.756000,4731.982000,200.000000,180.000000,250.000000,268.000000,False,MEDIUM,18.000000,True,Red Bull Racing,4653.148000,,1,4.000000,False,,False,True
2026,6,Monaco Grand Prix,R,4811.317000,HAD,6,hadjar,red_bull,79.347000,19.000000,1.000000,,,20.795000,37.559000,20.993000,4752.777000,4790.336000,4811.329000,190.000000,181.000000,248.000000,265.000000,False,MEDIUM,19.000000,True,Red Bull Racing,4731.970000,,1,4.000000,False,,False,True
2026,6,Monaco Grand Prix,R,4890.167000,HAD,6,hadjar,red_bull,78.850000,20.000000,1.000000,,,20.765000,37.045000,21.040000,4832.094000,4869.139000,4890.179000,195.000000,180.000000,248.000000,265.000000,False,MEDIUM,20.000000,True,Red Bull Racing,4811.317000,,1,4.000000,False,,False,True
2026,6,Monaco Grand Prix,R,4969.256000,HAD,6,hadjar,red_bull,79.089000,21.000000,1.000000,,,20.739000,37.392000,20.958000,4910.918000,4948.310000,4969.268000,193.000000,182.000000,251.000000,266.000000,False,MEDIUM,21.000000,True,Red Bull Racing,4890.167000,,1,4.000000,False,,False,True
2026,6,Monaco Grand Prix,R,5048.677000,HAD,6,hadjar,red_bull,79.421000,22.000000,1.000000,,,20.671000,37.687000,21.063000,4989.939000,5027.626000,5048.689000,194.000000,182.000000,249.000000,260.000000,False,MEDIUM,22.000000,True,Red Bull Racing,4969.256000,,1,4.000000,False,,False,True
2026,6,Monaco Grand Prix,R,5127.864000,HAD,6,hadjar,red_bull,79.187000,23.000000,1.000000,,,20.592000,37.490000,21.105000,5069.281000,5106.771000,5127.876000,192.000000,182.000000,251.000000,265.000000,False,MEDIUM,23.000000,True,Red Bull Racing,5048.677000,,1,4.000000,False,,False,True
2026,6,Monaco Grand Prix,R,5206.770000,HAD,6,hadjar,red_bull,78.906000,24.000000,1.000000,,,20.653000,37.152000,21.101000,5148.529000,5185.681000,5206.782000,195.000000,182.000000,252.000000,264.000000,False,MEDIUM,24.000000,True,Red Bull Racing,5127.864000,,1,4.000000,False,,False,True
2026,6,Monaco Grand Prix,R,5286.188000,HAD,6,hadjar,red_bull,79.418000,25.000000,1.000000,,,20.622000,37.773000,21.023000,5227.404000,5265.177000,5286.200000,195.000000,182.000000,252.000000,262.000000,False,MEDIUM,25.000000,True,Red Bull Racing,5206.770000,,1,4.000000,False,,False,True
2026,6,Monaco Grand Prix,R,5365.048000,HAD,6,hadjar,red_bull,78.860000,26.000000,1.000000,,,20.576000,37.297000,20.987000,5306.776000,5344.073000,5365.060000,196.000000,184.000000,249.000000,265.000000,False,MEDIUM,26.000000,True,Red Bull Racing,5286.188000,,1,4.000000,False,,False,True
2026,6,Monaco Grand Prix,R,5444.122000,HAD,6,hadjar,red_bull,79.074000,27.000000,1.000000,,,20.749000,37.344000,20.981000,5385.809000,5423.153000,5444.134000,196.000000,180.000000,251.000000,267.000000,False,MEDIUM,27.000000,True,Red Bull Racing,5365.048000,,1,4.000000,True,TRACK LIMITS AT TURN 10 LAP 27 ,False,True
2026,6,Monaco Grand Prix,R,5522.817000,HAD,6,hadjar,red_bull,78.695000,28.000000,1.000000,,,20.580000,37.198000,20.917000,5464.714000,5501.912000,5522.829000,197.000000,184.000000,251.000000,266.000000,False,MEDIUM,28.000000,True,Red Bull Racing,5444.122000,,1,4.000000,False,,False,True
2026,6,Monaco Grand Prix,R,5601.635000,HAD,6,hadjar,red_bull,78.818000,29.000000,1.000000,,,20.614000,37.249000,20.955000,5543.443000,5580.692000,5601.647000,196.000000,186.000000,250.000000,265.000000,False,MEDIUM,29.000000,True,Red Bull Racing,5522.817000,,1,4.000000,False,,False,True
2026,6,Monaco Grand Prix,R,5680.453000,HAD,6,hadjar,red_bull,78.818000,30.000000,1.000000,,,20.646000,37.131000,21.041000,5622.293000,5659.424000,5680.465000,198.000000,183.000000,251.000000,264.000000,False,MEDIUM,30.000000,True,Red Bull Racing,5601.635000,,1,4.000000,False,,False,True
2026,6,Monaco Grand Prix,R,5759.168000,HAD,6,hadjar,red_bull,78.715000,31.000000,1.000000,,,20.636000,37.185000,20.894000,5701.101000,5738.286000,5759.180000,199.000000,184.000000,250.000000,266.000000,False,MEDIUM,31.000000,True,Red Bull Racing,5680.453000,,1,4.000000,False,,False,True
2026,6,Monaco Grand Prix,R,5855.359000,HAD,6,hadjar,red_bull,96.191000,32.000000,1.000000,,5831.255000,20.611000,37.225000,38.355000,5779.791000,5817.016000,5855.371000,197.000000,185.000000,,266.000000,False,MEDIUM,32.000000,True,Red Bull Racing,5759.168000,,1,7.000000,False,,False,False
2026,6,Monaco Grand Prix,R,5940.480000,HAD,6,hadjar,red_bull,85.121000,33.000000,2.000000,5856.178000,,24.187000,38.410000,22.524000,5879.558000,5917.968000,5940.492000,179.000000,180.000000,249.000000,265.000000,False,HARD,1.000000,True,Red Bull Racing,5855.359000,,1,8.000000,False,,False,False
2026,6,Monaco Grand Prix,R,6019.475000,HAD,6,hadjar,red_bull,78.995000,34.000000,2.000000,,,20.851000,37.173000,20.971000,5961.343000,5998.516000,6019.487000,191.000000,175.000000,249.000000,265.000000,False,HARD,2.000000,True,Red Bull Racing,5940.480000,,1,8.000000,False,,False,True
2026,6,Monaco Grand Prix,R,6097.260000,HAD,6,hadjar,red_bull,77.785000,35.000000,2.000000,,,20.517000,36.710000,20.558000,6040.004000,6076.714000,6097.272000,193.000000,185.000000,252.000000,267.000000,False,HARD,3.000000,True,Red Bull Racing,6019.475000,,1,8.000000,False,,False,True
2026,6,Monaco Grand Prix,R,6174.966000,HAD,6,hadjar,red_bull,77.706000,36.000000,2.000000,,,20.357000,36.851000,20.498000,6117.629000,6154.480000,6174.978000,198.000000,186.000000,250.000000,267.000000,False,HARD,4.000000,True,Red Bull Racing,6097.260000,,1,8.000000,False,,False,True
2026,6,Monaco Grand Prix,R,6252.877000,HAD,6,hadjar,red_bull,77.911000,37.000000,2.000000,,,20.349000,36.906000,20.656000,6195.327000,6232.233000,6252.889000,199.000000,185.000000,252.000000,264.000000,False,HARD,5.000000,True,Red Bull Racing,6174.966000,,1,8.000000,False,,False,True
2026,6,Monaco Grand Prix,R,6330.655000,HAD,6,hadjar,red_bull,77.778000,38.000000,2.000000,,,20.499000,36.660000,20.619000,6273.388000,6310.048000,6330.667000,199.000000,186.000000,250.000000,264.000000,False,HARD,6.000000,True,Red Bull Racing,6252.877000,,1,8.000000,False,,False,True
2026,6,Monaco Grand Prix,R,6407.984000,HAD,6,hadjar,red_bull,77.329000,39.000000,2.000000,,,20.439000,36.486000,20.404000,6351.106000,6387.592000,6407.996000,201.000000,188.000000,253.000000,264.000000,False,HARD,7.000000,True,Red Bull Racing,6330.655000,,1,8.000000,False,,False,True
2026,6,Monaco Grand Prix,R,6485.368000,HAD,6,hadjar,red_bull,77.384000,40.000000,2.000000,,,20.234000,36.449000,20.701000,6428.230000,6464.679000,6485.380000,199.000000,186.000000,252.000000,265.000000,False,HARD,8.000000,True,Red Bull Racing,6407.984000,,1,8.000000,False,,False,True
2026,6,Monaco Grand Prix,R,6562.759000,HAD,6,hadjar,red_bull,77.391000,41.000000,2.000000,,,20.190000,36.541000,20.660000,6505.570000,6542.111000,6562.771000,202.000000,187.000000,253.000000,265.000000,False,HARD,9.000000,True,Red Bull Racing,6485.368000,,1,8.000000,False,,False,True
2026,6,Monaco Grand Prix,R,6640.919000,HAD,6,hadjar,red_bull,78.160000,42.000000,2.000000,,,20.312000,36.884000,20.964000,6583.083000,6619.967000,6640.931000,199.000000,187.000000,253.000000,266.000000,False,HARD,10.000000,True,Red Bull Racing,6562.759000,,1,8.000000,False,,False,True
2026,6,Monaco Grand Prix,R,6719.698000,HAD,6,hadjar,red_bull,78.779000,43.000000,2.000000,,,20.666000,37.248000,20.865000,6661.597000,6698.845000,6719.710000,200.000000,184.000000,253.000000,265.000000,False,HARD,11.000000,True,Red Bull Racing,6640.919000,,1,8.000000,False,,False,True
2026,6,Monaco Grand Prix,R,6798.475000,HAD,6,hadjar,red_bull,78.777000,44.000000,2.000000,,,20.403000,37.547000,20.827000,6740.113000,6777.660000,6798.487000,199.000000,178.000000,253.000000,266.000000,False,HARD,12.000000,True,Red Bull Racing,6719.698000,,1,8.000000,False,,False,True
2026,6,Monaco Grand Prix,R,6876.090000,HAD,6,hadjar,red_bull,77.615000,45.000000,2.000000,,,20.236000,36.791000,20.588000,6818.723000,6855.514000,6876.102000,200.000000,184.000000,253.000000,263.000000,False,HARD,13.000000,True,Red Bull Racing,6798.475000,,1,6.000000,False,,False,True
2026,6,Monaco Grand Prix,R,6953.447000,HAD,6,hadjar,red_bull,77.357000,46.000000,2.000000,,,20.311000,36.529000,20.517000,6896.413000,6932.942000,6953.459000,203.000000,186.000000,251.000000,262.000000,False,HARD,14.000000,True,Red Bull Racing,6876.090000,,1,6.000000,False,,False,True
2026,6,Monaco Grand Prix,R,7030.783000,HAD,6,hadjar,red_bull,77.336000,47.000000,2.000000,,,20.260000,36.495000,20.581000,6973.719000,7010.214000,7030.795000,202.000000,188.000000,252.000000,265.000000,False,HARD,15.000000,True,Red Bull Racing,6953.447000,,1,6.000000,False,,False,True
2026,6,Monaco Grand Prix,R,7110.137000,HAD,6,hadjar,red_bull,79.354000,48.000000,2.000000,,,20.262000,38.232000,20.860000,7051.057000,7089.289000,7110.149000,200.000000,181.000000,253.000000,265.000000,False,HARD,16.000000,True,Red Bull Racing,7030.783000,,1,5.000000,False,,False,True
2026,6,Monaco Grand Prix,R,7188.027000,HAD,6,hadjar,red_bull,77.890000,49.000000,2.000000,,,20.309000,36.887000,20.694000,7130.458000,7167.345000,7188.039000,200.000000,180.000000,253.000000,266.000000,False,HARD,17.000000,True,Red Bull Racing,7110.137000,,1,5.000000,False,,False,True
2026,6,Monaco Grand Prix,R,7265.531000,HAD,6,hadjar,red_bull,77.504000,50.000000,2.000000,,,20.380000,36.512000,20.612000,7208.419000,7244.931000,7265.543000,201.000000,186.000000,251.000000,267.000000,False,HARD,18.000000,True,Red Bull Racing,7188.027000,,1,5.000000,False,,False,True
2026,6,Monaco Grand Prix,R,7343.305000,HAD,6,hadjar,red_bull,77.774000,51.000000,2.000000,,,20.520000,36.540000,20.714000,7286.063000,7322.603000,7343.317000,202.000000,188.000000,250.000000,268.000000,False,HARD,19.000000,True,Red Bull Racing,7265.531000,,1,5.000000,False,,False,True
2026,6,Monaco Grand Prix,R,7421.221000,HAD,6,hadjar,red_bull,77.916000,52.000000,2.000000,,,20.509000,36.799000,20.608000,7363.826000,7400.625000,7421.233000,202.000000,189.000000,251.000000,267.000000,False,HARD,20.000000,True,Red Bull Racing,7343.305000,,1,5.000000,False,,False,True
2026,6,Monaco Grand Prix,R,7498.949000,HAD,6,hadjar,red_bull,77.728000,53.000000,2.000000,,,20.351000,36.735000,20.642000,7441.584000,7478.319000,7498.961000,200.000000,187.000000,254.000000,265.000000,False,HARD,21.000000,True,Red Bull Racing,7421.221000,,1,5.000000,False,,False,True
2026,6,Monaco Grand Prix,R,7577.743000,HAD,6,hadjar,red_bull,78.794000,54.000000,2.000000,,,20.859000,37.386000,20.549000,7519.820000,7557.206000,7577.755000,184.000000,187.000000,252.000000,266.000000,False,HARD,22.000000,True,Red Bull Racing,7498.949000,,1,5.000000,False,,False,True
2026,6,Monaco Grand Prix,R,7655.416000,HAD,6,hadjar,red_bull,77.673000,55.000000,2.000000,,,20.223000,36.584000,20.866000,7597.978000,7634.562000,7655.428000,200.000000,186.000000,255.000000,264.000000,False,HARD,23.000000,True,Red Bull Racing,7577.743000,,1,5.000000,False,,False,True
2026,6,Monaco Grand Prix,R,7732.767000,HAD,6,hadjar,red_bull,77.351000,56.000000,2.000000,,,20.302000,36.488000,20.561000,7675.730000,7712.218000,7732.779000,204.000000,186.000000,250.000000,268.000000,False,HARD,24.000000,True,Red Bull Racing,7655.416000,,1,5.000000,False,,False,True
2026,6,Monaco Grand Prix,R,7810.361000,HAD,6,hadjar,red_bull,77.594000,57.000000,2.000000,,,20.239000,36.718000,20.637000,7753.018000,7789.736000,7810.373000,202.000000,186.000000,250.000000,263.000000,False,HARD,25.000000,True,Red Bull Racing,7732.767000,,1,5.000000,False,,False,True
2026,6,Monaco Grand Prix,R,7887.640000,HAD,6,hadjar,red_bull,77.279000,58.000000,2.000000,,,20.349000,36.401000,20.529000,7830.722000,7867.123000,7887.652000,204.000000,186.000000,249.000000,261.000000,False,HARD,26.000000,True,Red Bull Racing,7810.361000,,1,5.000000,False,,False,True
2026,6,Monaco Grand Prix,R,7980.335000,HAD,6,hadjar,red_bull,92.695000,59.000000,2.000000,,,20.158000,43.151000,29.386000,7907.810000,7950.961000,7980.347000,201.000000,132.000000,211.000000,255.000000,False,HARD,27.000000,True,Red Bull Racing,7887.640000,,124,5.000000,False,,False,False
2026,6,Monaco Grand Prix,R,8093.005000,HAD,6,hadjar,red_bull,112.670000,60.000000,2.000000,,8074.368000,24.654000,50.298000,37.718000,8005.001000,8055.299000,8093.017000,134.000000,137.000000,,230.000000,False,HARD,28.000000,True,Red Bull Racing,7980.335000,,4,4.000000,False,,False,False
2026,6,Monaco Grand Prix,R,8207.923000,HAD,6,hadjar,red_bull,114.918000,61.000000,3.000000,8093.726000,,29.795000,53.152000,31.971000,8122.812000,8175.964000,8207.935000,133.000000,99.000000,178.000000,179.000000,False,HARD,29.000000,False,Red Bull Racing,8093.005000,,4,4.000000,False,,False,False
2026,6,Monaco Grand Prix,R,8328.483000,HAD,6,hadjar,red_bull,120.560000,62.000000,3.000000,,,34.209000,51.113000,35.238000,8242.144000,8293.257000,8328.495000,142.000000,123.000000,101.000000,165.000000,False,HARD,30.000000,False,Red Bull Racing,8207.923000,,4,4.000000,False,,False,False
2026,6,Monaco Grand Prix,R,8415.580000,HAD,6,hadjar,red_bull,87.097000,63.000000,3.000000,,,26.498000,38.658000,21.941000,8354.993000,8393.651000,8415.592000,179.000000,172.000000,246.000000,258.000000,False,HARD,31.000000,False,Red Bull Racing,8328.483000,,4,4.000000,False,,False,False
2026,6,Monaco Grand Prix,R,8495.554000,HAD,6,hadjar,red_bull,79.974000,64.000000,3.000000,,,20.952000,37.530000,21.492000,8436.544000,8474.074000,8495.566000,196.000000,174.000000,243.000000,259.000000,False,HARD,32.000000,False,Red Bull Racing,8415.580000,,4,4.000000,False,,False,False
2026,6,Monaco Grand Prix,R,8581.808000,HAD,6,hadjar,red_bull,86.254000,65.000000,3.000000,,,20.721000,40.087000,25.446000,8516.287000,8556.374000,8581.820000,189.000000,122.000000,246.000000,257.000000,False,HARD,33.000000,False,Red Bull Racing,8495.554000,,412,3.000000,False,,False,False
2026,6,Monaco Grand Prix,R,8694.946000,HAD,6,hadjar,red_bull,113.138000,66.000000,3.000000,,8673.867000,21.236000,50.790000,41.112000,8603.056000,8653.846000,8694.958000,194.000000,163.000000,,222.000000,False,HARD,34.000000,False,Red Bull Racing,8581.808000,,24,3.000000,False,,False,False
2026,6,Monaco Grand Prix,R,8800.479000,HAD,6,hadjar,red_bull,105.533000,67.000000,4.000000,8696.160000,,28.035000,51.787000,25.711000,8722.993000,8774.780000,8800.491000,134.000000,159.000000,212.000000,231.000000,False,HARD,35.000000,False,Red Bull Racing,8694.946000,,4,3.000000,False,,False,False
2026,6,Monaco Grand Prix,R,11064.871000,HAD,6,hadjar,red_bull,,68.000000,4.000000,,8909.174000,28.744000,54.483000,,8829.307000,8883.807000,,109.000000,107.000000,,189.000000,False,HARD,36.000000,False,Red Bull Racing,8800.479000,,451,3.000000,False,,False,False
2026,6,Monaco Grand Prix,R,11165.391000,HAD,6,hadjar,red_bull,100.520000,69.000000,5.000000,11065.563000,,29.752000,41.494000,29.274000,11094.635000,11136.129000,11165.403000,156.000000,118.000000,145.000000,229.000000,False,SOFT,5.000000,False,Red Bull Racing,11064.871000,,14,3.000000,False,,False,False
2026,6,Monaco Grand Prix,R,11331.196000,HAD,6,hadjar,red_bull,,70.000000,5.000000,,,29.358000,49.605000,86.904000,11194.737000,11244.314000,11331.390000,147.000000,130.000000,2.000000,160.000000,False,SOFT,6.000000,False,Red Bull Racing,11165.391000,,41,3.000000,False,,False,False
2026,6,Monaco Grand Prix,R,11419.238000,HAD,6,hadjar,red_bull,88.042000,71.000000,5.000000,,,26.431000,40.181000,21.430000,11357.639000,11397.820000,11419.250000,159.000000,174.000000,238.000000,261.000000,False,SOFT,7.000000,False,Red Bull Racing,11331.196000,,12,5.000000,False,,False,True
2026,6,Monaco Grand Prix,R,11497.735000,HAD,6,hadjar,red_bull,78.497000,72.000000,5.000000,,,21.350000,36.621000,20.526000,11440.600000,11477.221000,11497.747000,192.000000,189.000000,241.000000,259.000000,False,SOFT,8.000000,False,Red Bull Racing,11419.238000,,1,4.000000,False,,False,True
2026,6,Monaco Grand Prix,R,11574.548000,HAD,6,hadjar,red_bull,76.813000,73.000000,5.000000,,,20.529000,36.120000,20.164000,11518.276000,11554.396000,11574.560000,197.000000,192.000000,249.000000,256.000000,True,SOFT,9.000000,False,Red Bull Racing,11497.735000,,1,4.000000,False,,False,True
2026,6,Monaco Grand Prix,R,11651.176000,HAD,6,hadjar,red_bull,76.628000,74.000000,5.000000,,,20.166000,36.032000,20.430000,11594.726000,11630.758000,11651.188000,200.000000,189.000000,247.000000,261.000000,True,SOFT,10.000000,False,Red Bull Racing,11574.548000,,1,4.000000,False,,False,True
2026,6,Monaco Grand Prix,R,11727.264000,HAD,6,hadjar,red_bull,76.088000,75.000000,5.000000,,,20.142000,35.836000,20.110000,11671.330000,11707.166000,11727.276000,195.000000,193.000000,250.000000,261.000000,True,SOFT,11.000000,False,Red Bull Racing,11651.176000,,1,4.000000,False,,False,True
2026,6,Monaco Grand Prix,R,11803.162000,HAD,6,hadjar,red_bull,75.898000,76.000000,5.000000,,,20.003000,35.735000,20.160000,11747.279000,11783.014000,11803.174000,191.000000,193.000000,250.000000,261.000000,True,SOFT,12.000000,False,Red Bull Racing,11727.264000,,1,4.000000,False,,False,True
2026,6,Monaco Grand Prix,R,11878.831000,HAD,6,hadjar,red_bull,75.669000,77.000000,5.000000,,,19.955000,35.578000,20.136000,11823.129000,11858.707000,11878.843000,200.000000,192.000000,250.000000,261.000000,True,SOFT,13.000000,False,Red Bull Racing,11803.162000,,1,4.000000,False,,False,True
2026,6,Monaco Grand Prix,R,11954.604000,HAD,6,hadjar,red_bull,75.773000,78.000000,5.000000,,,19.910000,35.603000,20.260000,11898.753000,11934.356000,11954.616000,199.000000,194.000000,249.000000,261.000000,False,SOFT,14.000000,False,Red Bull Racing,11878.831000,,1,4.000000,False,,False,True
2026,6,Monaco Grand Prix,R,3407.542000,RUS,63,russell,mercedes,87.676000,1.000000,1.000000,,,,38.369000,21.245000,,3386.419000,3407.698000,161.000000,177.000000,259.000000,265.000000,False,MEDIUM,1.000000,True,Mercedes,3319.645000,,12,5.000000,False,,False,False
2026,6,Monaco Grand Prix,R,3487.568000,RUS,63,russell,mercedes,80.026000,2.000000,1.000000,,,21.335000,37.577000,21.114000,3428.929000,3466.506000,3487.620000,174.000000,180.000000,253.000000,269.000000,True,MEDIUM,2.000000,True,Mercedes,3407.542000,,1,5.000000,False,,False,True
2026,6,Monaco Grand Prix,R,3565.979000,RUS,63,russell,mercedes,78.411000,3.000000,1.000000,,,20.825000,36.736000,20.850000,3508.445000,3545.181000,3566.031000,191.000000,181.000000,255.000000,266.000000,True,MEDIUM,3.000000,True,Mercedes,3487.568000,,1,5.000000,False,,False,True
2026,6,Monaco Grand Prix,R,3644.076000,RUS,63,russell,mercedes,78.097000,4.000000,1.000000,,,20.613000,36.817000,20.667000,3586.644000,3623.461000,3644.128000,194.000000,186.000000,255.000000,265.000000,True,MEDIUM,4.000000,True,Mercedes,3565.979000,,1,5.000000,False,,False,True
2026,6,Monaco Grand Prix,R,3721.674000,RUS,63,russell,mercedes,77.598000,5.000000,1.000000,,,20.597000,36.352000,20.649000,3664.725000,3701.077000,3721.726000,197.000000,184.000000,255.000000,267.000000,True,MEDIUM,5.000000,True,Mercedes,3644.076000,,1,5.000000,False,,False,True
2026,6,Monaco Grand Prix,R,3798.931000,RUS,63,russell,mercedes,77.257000,6.000000,1.000000,,,20.295000,36.399000,20.563000,3742.021000,3778.420000,3798.983000,206.000000,188.000000,255.000000,267.000000,True,MEDIUM,6.000000,True,Mercedes,3721.674000,,1,5.000000,False,,False,True
2026,6,Monaco Grand Prix,R,3876.086000,RUS,63,russell,mercedes,77.155000,7.000000,1.000000,,,20.351000,36.256000,20.548000,3819.334000,3855.590000,3876.138000,194.000000,191.000000,255.000000,269.000000,True,MEDIUM,7.000000,True,Mercedes,3798.931000,,1,5.000000,False,,False,True
2026,6,Monaco Grand Prix,R,3953.274000,RUS,63,russell,mercedes,77.188000,8.000000,1.000000,,,20.337000,36.240000,20.611000,3896.475000,3932.715000,3953.326000,196.000000,188.000000,256.000000,269.000000,False,MEDIUM,8.000000,True,Mercedes,3876.086000,,1,5.000000,False,,False,True
2026,6,Monaco Grand Prix,R,4030.626000,RUS,63,russell,mercedes,77.352000,9.000000,1.000000,,,20.427000,36.280000,20.645000,3973.753000,4010.033000,4030.678000,200.000000,187.000000,256.000000,270.000000,False,MEDIUM,9.000000,True,Mercedes,3953.274000,,1,5.000000,False,,False,True
2026,6,Monaco Grand Prix,R,4107.848000,RUS,63,russell,mercedes,77.222000,10.000000,1.000000,,,20.415000,36.229000,20.578000,4051.093000,4087.322000,4107.900000,196.000000,188.000000,255.000000,270.000000,False,MEDIUM,10.000000,True,Mercedes,4030.626000,,1,5.000000,False,,False,True
2026,6,Monaco Grand Prix,R,4185.212000,RUS,63,russell,mercedes,77.364000,11.000000,1.000000,,,20.282000,36.356000,20.726000,4128.182000,4164.538000,4185.264000,200.000000,187.000000,256.000000,270.000000,False,MEDIUM,11.000000,True,Mercedes,4107.848000,,1,5.000000,False,,False,True
2026,6,Monaco Grand Prix,R,4262.808000,RUS,63,russell,mercedes,77.596000,12.000000,1.000000,,,20.349000,36.395000,20.852000,4205.613000,4242.008000,4262.860000,197.000000,189.000000,256.000000,272.000000,False,MEDIUM,12.000000,True,Mercedes,4185.212000,,1,5.000000,False,,False,True
2026,6,Monaco Grand Prix,R,4340.699000,RUS,63,russell,mercedes,77.891000,13.000000,1.000000,,,20.491000,36.514000,20.886000,4283.351000,4319.865000,4340.751000,194.000000,183.000000,262.000000,271.000000,False,MEDIUM,13.000000,True,Mercedes,4262.808000,,1,5.000000,False,,False,True
2026,6,Monaco Grand Prix,R,4419.278000,RUS,63,russell,mercedes,78.579000,14.000000,1.000000,,,20.936000,36.822000,20.821000,4361.687000,4398.509000,4419.330000,189.000000,181.000000,260.000000,277.000000,False,MEDIUM,14.000000,True,Mercedes,4340.699000,,1,5.000000,False,,False,True
2026,6,Monaco Grand Prix,R,4497.282000,RUS,63,russell,mercedes,78.004000,15.000000,1.000000,,,20.374000,36.610000,21.020000,4439.704000,4476.314000,4497.334000,189.000000,184.000000,261.000000,278.000000,False,MEDIUM,15.000000,True,Mercedes,4419.278000,,1,5.000000,False,,False,True
2026,6,Monaco Grand Prix,R,4575.750000,RUS,63,russell,mercedes,78.468000,16.000000,1.000000,,,20.658000,36.853000,20.957000,4517.992000,4554.845000,4575.802000,194.000000,187.000000,261.000000,278.000000,False,MEDIUM,16.000000,True,Mercedes,4497.282000,,1,5.000000,False,,False,True
2026,6,Monaco Grand Prix,R,4654.161000,RUS,63,russell,mercedes,78.411000,17.000000,1.000000,,,20.458000,36.934000,21.019000,4596.260000,4633.194000,4654.213000,196.000000,184.000000,261.000000,278.000000,False,MEDIUM,17.000000,True,Mercedes,4575.750000,,1,5.000000,False,,False,True
2026,6,Monaco Grand Prix,R,4732.635000,RUS,63,russell,mercedes,78.474000,18.000000,1.000000,,,20.515000,36.897000,21.062000,4674.728000,4711.625000,4732.687000,194.000000,181.000000,261.000000,277.000000,False,MEDIUM,18.000000,True,Mercedes,4654.161000,,1,5.000000,False,,False,True
2026,6,Monaco Grand Prix,R,4811.857000,RUS,63,russell,mercedes,79.222000,19.000000,1.000000,,,20.745000,37.276000,21.201000,4753.432000,4790.708000,4811.909000,182.000000,182.000000,261.000000,280.000000,False,MEDIUM,19.000000,True,Mercedes,4732.635000,,1,5.000000,False,,False,True
2026,6,Monaco Grand Prix,R,4890.680000,RUS,63,russell,mercedes,78.823000,20.000000,1.000000,,,20.894000,36.841000,21.088000,4832.803000,4869.644000,4890.732000,191.000000,182.000000,261.000000,279.000000,False,MEDIUM,20.000000,True,Mercedes,4811.857000,,1,5.000000,False,,False,True
2026,6,Monaco Grand Prix,R,4969.909000,RUS,63,russell,mercedes,79.229000,21.000000,1.000000,,,20.774000,37.176000,21.279000,4911.506000,4948.682000,4969.961000,188.000000,180.000000,258.000000,280.000000,False,MEDIUM,21.000000,True,Mercedes,4890.680000,,1,5.000000,False,,False,True
2026,6,Monaco Grand Prix,R,5049.269000,RUS,63,russell,mercedes,79.360000,22.000000,1.000000,,,20.591000,37.475000,21.294000,4990.552000,5028.027000,5049.321000,194.000000,178.000000,261.000000,271.000000,False,MEDIUM,22.000000,True,Mercedes,4969.909000,,1,5.000000,False,,False,True
2026,6,Monaco Grand Prix,R,5128.319000,RUS,63,russell,mercedes,79.050000,23.000000,1.000000,,,20.775000,37.086000,21.189000,5070.096000,5107.182000,5128.371000,189.000000,180.000000,262.000000,279.000000,False,MEDIUM,23.000000,True,Mercedes,5049.269000,,1,5.000000,False,,False,True
2026,6,Monaco Grand Prix,R,5207.214000,RUS,63,russell,mercedes,78.895000,24.000000,1.000000,,,20.810000,36.951000,21.134000,5149.181000,5186.132000,5207.266000,184.000000,182.000000,262.000000,280.000000,False,MEDIUM,24.000000,True,Mercedes,5128.319000,,1,5.000000,False,,False,True
2026,6,Monaco Grand Prix,R,5286.747000,RUS,63,russell,mercedes,79.533000,25.000000,1.000000,,,20.671000,37.627000,21.235000,5227.937000,5265.564000,5286.799000,184.000000,176.000000,262.000000,280.000000,False,MEDIUM,25.000000,True,Mercedes,5207.214000,,1,5.000000,False,,False,True
2026,6,Monaco Grand Prix,R,5365.541000,RUS,63,russell,mercedes,78.794000,26.000000,1.000000,,,20.651000,37.072000,21.071000,5307.450000,5344.522000,5365.593000,193.000000,177.000000,262.000000,281.000000,False,MEDIUM,26.000000,True,Mercedes,5286.747000,,1,5.000000,False,,False,True
2026,6,Monaco Grand Prix,R,5444.724000,RUS,63,russell,mercedes,79.183000,27.000000,1.000000,,,20.783000,37.130000,21.270000,5386.376000,5423.506000,5444.776000,187.000000,178.000000,261.000000,281.000000,False,MEDIUM,27.000000,True,Mercedes,5365.541000,,1,5.000000,False,,False,True
2026,6,Monaco Grand Prix,R,5523.489000,RUS,63,russell,mercedes,78.765000,28.000000,1.000000,,,20.693000,37.033000,21.039000,5465.469000,5502.502000,5523.541000,188.000000,179.000000,261.000000,280.000000,False,MEDIUM,28.000000,True,Mercedes,5444.724000,,1,5.000000,False,,False,True
2026,6,Monaco Grand Prix,R,5602.204000,RUS,63,russell,mercedes,78.715000,29.000000,1.000000,,,20.681000,36.950000,21.084000,5544.222000,5581.172000,5602.256000,192.000000,181.000000,261.000000,280.000000,False,MEDIUM,29.000000,True,Mercedes,5523.489000,,1,5.000000,False,,False,True
2026,6,Monaco Grand Prix,R,5680.957000,RUS,63,russell,mercedes,78.753000,30.000000,1.000000,,,20.676000,36.972000,21.105000,5622.932000,5659.904000,5681.009000,192.000000,180.000000,262.000000,279.000000,False,MEDIUM,30.000000,True,Mercedes,5602.204000,,1,5.000000,False,,False,True
2026,6,Monaco Grand Prix,R,5776.277000,RUS,63,russell,mercedes,95.320000,31.000000,1.000000,,5753.085000,20.701000,37.098000,37.521000,5701.710000,5738.808000,5776.329000,189.000000,184.000000,,271.000000,False,MEDIUM,31.000000,True,Mercedes,5680.957000,,1,8.000000,False,,False,False
2026,6,Monaco Grand Prix,R,5857.052000,RUS,63,russell,mercedes,80.775000,32.000000,2.000000,5777.116000,,23.494000,36.602000,20.679000,5799.823000,5836.425000,5857.104000,181.000000,192.000000,236.000000,270.000000,False,HARD,1.000000,True,Mercedes,5776.277000,,1,8.000000,False,,False,False
2026,6,Monaco Grand Prix,R,5934.507000,RUS,63,russell,mercedes,77.455000,33.000000,2.000000,,,20.682000,36.266000,20.507000,5877.786000,5914.052000,5934.559000,193.000000,186.000000,249.000000,270.000000,False,HARD,2.000000,True,Mercedes,5857.052000,,1,7.000000,False,,False,True
2026,6,Monaco Grand Prix,R,6011.138000,RUS,63,russell,mercedes,76.631000,34.000000,2.000000,,,20.233000,35.972000,20.426000,5954.792000,5990.764000,6011.190000,196.000000,187.000000,255.000000,270.000000,True,HARD,3.000000,True,Mercedes,5934.507000,,1,7.000000,False,,False,True
2026,6,Monaco Grand Prix,R,6087.586000,RUS,63,russell,mercedes,76.448000,35.000000,2.000000,,,20.200000,35.949000,20.299000,6031.390000,6067.339000,6087.638000,198.000000,193.000000,256.000000,271.000000,True,HARD,4.000000,True,Mercedes,6011.138000,,1,7.000000,False,,False,True
2026,6,Monaco Grand Prix,R,6163.829000,RUS,63,russell,mercedes,76.243000,36.000000,2.000000,,,20.023000,35.885000,20.335000,6107.661000,6143.546000,6163.881000,205.000000,190.000000,257.000000,271.000000,True,HARD,5.000000,True,Mercedes,6087.586000,,1,7.000000,False,,False,True
2026,6,Monaco Grand Prix,R,6240.855000,RUS,63,russell,mercedes,77.026000,37.000000,2.000000,,,20.224000,36.274000,20.528000,6184.105000,6220.379000,6240.907000,196.000000,190.000000,257.000000,272.000000,False,HARD,6.000000,True,Mercedes,6163.829000,,1,7.000000,False,,False,True
2026,6,Monaco Grand Prix,R,6318.676000,RUS,63,russell,mercedes,77.821000,38.000000,2.000000,,,20.396000,36.536000,20.889000,6261.303000,6297.839000,6318.728000,190.000000,189.000000,257.000000,272.000000,False,HARD,7.000000,True,Mercedes,6240.855000,,1,7.000000,False,,False,True
2026,6,Monaco Grand Prix,R,6397.765000,RUS,63,russell,mercedes,79.089000,39.000000,2.000000,,,20.777000,37.194000,21.118000,6339.505000,6376.699000,6397.817000,181.000000,185.000000,263.000000,272.000000,False,HARD,8.000000,True,Mercedes,6318.676000,,1,7.000000,False,,False,True
2026,6,Monaco Grand Prix,R,6476.835000,RUS,63,russell,mercedes,79.070000,40.000000,2.000000,,,20.841000,37.047000,21.182000,6418.658000,6455.705000,6476.887000,184.000000,184.000000,262.000000,280.000000,False,HARD,9.000000,True,Mercedes,6397.765000,,1,7.000000,False,,False,True
2026,6,Monaco Grand Prix,R,6557.438000,RUS,63,russell,mercedes,80.603000,41.000000,2.000000,,,21.484000,37.474000,21.645000,6498.371000,6535.845000,6557.490000,179.000000,180.000000,263.000000,282.000000,False,HARD,10.000000,True,Mercedes,6476.835000,,1,7.000000,False,,False,True
2026,6,Monaco Grand Prix,R,6637.847000,RUS,63,russell,mercedes,80.409000,42.000000,2.000000,,,21.476000,37.668000,21.265000,6578.966000,6616.634000,6637.899000,176.000000,180.000000,262.000000,281.000000,False,HARD,11.000000,True,Mercedes,6557.438000,,1,7.000000,False,,False,True
2026,6,Monaco Grand Prix,R,6717.264000,RUS,63,russell,mercedes,79.417000,43.000000,2.000000,,,20.914000,37.515000,20.988000,6658.813000,6696.328000,6717.316000,180.000000,182.000000,262.000000,282.000000,False,HARD,12.000000,True,Mercedes,6637.847000,,1,7.000000,False,,False,True
2026,6,Monaco Grand Prix,R,6795.886000,RUS,63,russell,mercedes,78.622000,44.000000,2.000000,,,20.496000,37.109000,21.017000,6737.812000,6774.921000,6795.938000,188.000000,182.000000,256.000000,259.000000,False,HARD,13.000000,True,Mercedes,6717.264000,,1,7.000000,False,,False,True
2026,6,Monaco Grand Prix,R,6873.057000,RUS,63,russell,mercedes,77.171000,45.000000,2.000000,,,20.409000,36.231000,20.531000,6816.347000,6852.578000,6873.109000,201.000000,188.000000,257.000000,272.000000,False,HARD,14.000000,True,Mercedes,6795.886000,,1,5.000000,False,,False,True
2026,6,Monaco Grand Prix,R,6949.499000,RUS,63,russell,mercedes,76.442000,46.000000,2.000000,,,20.099000,35.875000,20.468000,6893.208000,6929.083000,6949.551000,203.000000,191.000000,257.000000,271.000000,False,HARD,15.000000,True,Mercedes,6873.057000,,1,5.000000,False,,False,True
2026,6,Monaco Grand Prix,R,7025.976000,RUS,63,russell,mercedes,76.477000,47.000000,2.000000,,,20.072000,35.965000,20.440000,6969.623000,7005.588000,7026.028000,199.000000,191.000000,257.000000,272.000000,False,HARD,16.000000,True,Mercedes,6949.499000,,1,5.000000,False,,False,True
2026,6,Monaco Grand Prix,R,7104.268000,RUS,63,russell,mercedes,78.292000,48.000000,2.000000,,,20.324000,37.437000,20.531000,7046.352000,7083.789000,7104.320000,197.000000,186.000000,258.000000,273.000000,False,HARD,17.000000,True,Mercedes,7025.976000,,1,4.000000,False,,False,True
2026,6,Monaco Grand Prix,R,7181.042000,RUS,63,russell,mercedes,76.774000,49.000000,2.000000,,,20.070000,36.119000,20.585000,7124.390000,7160.509000,7181.094000,205.000000,189.000000,258.000000,271.000000,False,HARD,18.000000,True,Mercedes,7104.268000,,1,4.000000,False,,False,True
2026,6,Monaco Grand Prix,R,7258.444000,RUS,63,russell,mercedes,77.402000,50.000000,2.000000,,,20.318000,36.578000,20.506000,7201.412000,7237.990000,7258.496000,189.000000,192.000000,257.000000,270.000000,False,HARD,19.000000,True,Mercedes,7181.042000,,1,4.000000,False,,False,True
2026,6,Monaco Grand Prix,R,7335.752000,RUS,63,russell,mercedes,77.308000,51.000000,2.000000,,,20.197000,36.417000,20.694000,7278.693000,7315.110000,7335.804000,200.000000,193.000000,262.000000,272.000000,False,HARD,20.000000,True,Mercedes,7258.444000,,1,4.000000,False,,False,True
2026,6,Monaco Grand Prix,R,7412.723000,RUS,63,russell,mercedes,76.971000,52.000000,2.000000,,,20.681000,35.970000,20.320000,7356.485000,7392.455000,7412.775000,178.000000,193.000000,257.000000,280.000000,False,HARD,21.000000,True,Mercedes,7335.752000,,1,4.000000,False,,False,True
2026,6,Monaco Grand Prix,R,7488.753000,RUS,63,russell,mercedes,76.030000,53.000000,2.000000,,,19.869000,35.944000,20.217000,7432.644000,7468.588000,7488.805000,198.000000,193.000000,256.000000,271.000000,True,HARD,22.000000,True,Mercedes,7412.723000,,1,4.000000,False,,False,True
2026,6,Monaco Grand Prix,R,7567.931000,RUS,63,russell,mercedes,79.178000,54.000000,2.000000,,,19.794000,38.710000,20.674000,7508.599000,7547.309000,7567.983000,208.000000,188.000000,257.000000,266.000000,False,HARD,23.000000,True,Mercedes,7488.753000,,1,4.000000,False,,False,True
2026,6,Monaco Grand Prix,R,7644.419000,RUS,63,russell,mercedes,76.488000,55.000000,2.000000,,,20.123000,36.027000,20.338000,7588.106000,7624.133000,7644.471000,202.000000,191.000000,257.000000,270.000000,False,HARD,24.000000,True,Mercedes,7567.931000,,1,4.000000,False,,False,True
2026,6,Monaco Grand Prix,R,7720.192000,RUS,63,russell,mercedes,75.773000,56.000000,2.000000,,,19.823000,35.741000,20.209000,7664.294000,7700.035000,7720.244000,204.000000,192.000000,258.000000,271.000000,True,HARD,25.000000,True,Mercedes,7644.419000,,1,4.000000,False,,False,True
2026,6,Monaco Grand Prix,R,7796.019000,RUS,63,russell,mercedes,75.827000,57.000000,2.000000,,,19.784000,35.729000,20.314000,7740.028000,7775.757000,7796.071000,206.000000,192.000000,258.000000,271.000000,False,HARD,26.000000,True,Mercedes,7720.192000,,1,4.000000,False,,False,True
2026,6,Monaco Grand Prix,R,7871.845000,RUS,63,russell,mercedes,75.826000,58.000000,2.000000,,,19.770000,35.795000,20.261000,7815.841000,7851.636000,7871.897000,208.000000,191.000000,258.000000,270.000000,False,HARD,27.000000,True,Mercedes,7796.019000,,1,4.000000,False,,False,True
2026,6,Monaco Grand Prix,R,7959.342000,RUS,63,russell,mercedes,87.497000,59.000000,2.000000,,,19.773000,35.969000,31.755000,7891.670000,7927.639000,7959.394000,207.000000,191.000000,189.000000,271.000000,False,HARD,28.000000,True,Mercedes,7871.845000,,124,4.000000,False,,False,False
2026,6,Monaco Grand Prix,R,8097.028000,RUS,63,russell,mercedes,137.686000,60.000000,2.000000,,8062.544000,24.372000,55.014000,58.300000,7983.766000,8038.780000,8097.080000,164.000000,112.000000,,151.000000,False,HARD,29.000000,True,Mercedes,7959.342000,,4,5.000000,False,,False,False
2026,6,Monaco Grand Prix,R,8208.833000,RUS,63,russell,mercedes,111.805000,61.000000,3.000000,8097.827000,,27.639000,52.262000,31.904000,8124.719000,8176.981000,8208.885000,146.000000,132.000000,154.000000,138.000000,False,SOFT,5.000000,False,Mercedes,8097.028000,,4,5.000000,False,,False,False
2026,6,Monaco Grand Prix,R,8329.251000,RUS,63,russell,mercedes,120.418000,62.000000,3.000000,,,34.703000,50.518000,35.197000,8243.588000,8294.106000,8329.303000,121.000000,129.000000,102.000000,170.000000,False,SOFT,6.000000,False,Mercedes,8208.833000,,4,5.000000,False,,False,False
2026,6,Monaco Grand Prix,R,8420.327000,RUS,63,russell,mercedes,91.076000,63.000000,3.000000,,,28.777000,39.902000,22.397000,8358.080000,8397.982000,8420.379000,156.000000,176.000000,251.000000,237.000000,False,SOFT,7.000000,False,Mercedes,8329.251000,,4,5.000000,False,,False,False
2026,6,Monaco Grand Prix,R,8500.206000,RUS,63,russell,mercedes,79.879000,64.000000,3.000000,,,21.383000,37.780000,20.716000,8441.762000,8479.542000,8500.258000,181.000000,186.000000,256.000000,267.000000,False,SOFT,8.000000,False,Mercedes,8420.327000,,4,5.000000,False,,False,False
2026,6,Monaco Grand Prix,R,8581.999000,RUS,63,russell,mercedes,81.793000,65.000000,3.000000,,,20.312000,37.554000,23.927000,8520.570000,8558.124000,8582.051000,195.000000,145.000000,257.000000,252.000000,False,SOFT,9.000000,False,Mercedes,8500.206000,,412,4.000000,False,,False,False
2026,6,Monaco Grand Prix,R,8697.060000,RUS,63,russell,mercedes,115.061000,66.000000,3.000000,,8675.571000,21.475000,51.736000,41.850000,8603.526000,8655.262000,8697.112000,182.000000,162.000000,,212.000000,False,SOFT,10.000000,False,Mercedes,8581.999000,,24,4.000000,False,,False,False
2026,6,Monaco Grand Prix,R,8803.285000,RUS,63,russell,mercedes,106.225000,67.000000,4.000000,8698.155000,,28.227000,50.411000,27.587000,8725.339000,8775.750000,8803.337000,156.000000,146.000000,225.000000,226.000000,False,SOFT,11.000000,False,Mercedes,8697.060000,,4,4.000000,False,,False,False
2026,6,Monaco Grand Prix,R,11067.688000,RUS,63,russell,mercedes,,68.000000,4.000000,,8910.283000,26.797000,54.804000,,8830.213000,8885.057000,,127.000000,117.000000,,207.000000,False,SOFT,12.000000,False,Mercedes,8803.285000,,451,4.000000,False,,False,False
2026,6,Monaco Grand Prix,R,11166.000000,RUS,63,russell,mercedes,98.312000,69.000000,5.000000,11068.391000,,28.473000,41.188000,28.651000,11096.213000,11137.401000,11166.052000,157.000000,142.000000,165.000000,231.000000,False,SOFT,5.000000,False,Mercedes,11067.688000,,14,4.000000,False,,False,False
2026,6,Monaco Grand Prix,R,11331.328000,RUS,63,russell,mercedes,,70.000000,5.000000,,,30.051000,49.944000,85.355000,11196.194000,11246.127000,11331.721000,92.000000,171.000000,2.000000,158.000000,False,SOFT,6.000000,False,Mercedes,11166.000000,,41,4.000000,False,,False,False
2026,6,Monaco Grand Prix,R,11416.184000,RUS,63,russell,mercedes,84.856000,71.000000,5.000000,,,25.639000,38.752000,20.465000,11357.019000,11395.771000,11416.236000,154.000000,190.000000,257.000000,264.000000,False,SOFT,7.000000,False,Mercedes,11331.328000,,12,3.000000,False,,False,True
2026,6,Monaco Grand Prix,R,11504.439000,RUS,63,russell,mercedes,88.255000,72.000000,5.000000,,11485.375000,20.083000,35.542000,32.630000,11436.319000,11471.861000,11504.491000,208.000000,195.000000,,269.000000,False,SOFT,8.000000,False,Mercedes,11416.184000,,1,11.000000,False,,False,False
2026,6,Monaco Grand Prix,R,11586.324000,RUS,63,russell,mercedes,81.885000,73.000000,6.000000,11505.596000,,23.526000,37.495000,20.864000,11528.017000,11565.512000,11586.376000,183.000000,185.000000,264.000000,274.000000,False,SOFT,9.000000,False,Mercedes,11504.439000,,1,14.000000,False,,False,False
2026,6,Monaco Grand Prix,R,11664.482000,RUS,63,russell,mercedes,78.158000,74.000000,6.000000,,,20.743000,36.425000,20.990000,11607.119000,11643.544000,11664.534000,186.000000,184.000000,265.000000,286.000000,False,SOFT,10.000000,False,Mercedes,11586.324000,,1,14.000000,False,,False,True
2026,6,Monaco Grand Prix,R,11742.387000,RUS,63,russell,mercedes,77.905000,75.000000,6.000000,,,20.692000,36.376000,20.837000,11685.226000,11721.602000,11742.439000,186.000000,185.000000,265.000000,286.000000,False,SOFT,11.000000,False,Mercedes,11664.482000,,1,14.000000,False,,False,True
2026,6,Monaco Grand Prix,R,11819.983000,RUS,63,russell,mercedes,77.596000,76.000000,6.000000,,,20.567000,36.286000,20.743000,11763.006000,11799.292000,11820.035000,191.000000,188.000000,266.000000,284.000000,False,SOFT,12.000000,False,Mercedes,11742.387000,,1,14.000000,False,,False,True
2026,6,Monaco Grand Prix,R,11897.253000,RUS,63,russell,mercedes,77.270000,77.000000,6.000000,,,20.389000,36.090000,20.791000,11840.424000,11876.514000,11897.305000,189.000000,187.000000,266.000000,286.000000,False,SOFT,13.000000,False,Mercedes,11819.983000,,1,14.000000,False,,False,True
2026,6,Monaco Grand Prix,R,11974.510000,RUS,63,russell,mercedes,77.257000,78.000000,6.000000,,,20.243000,36.187000,20.827000,11917.548000,11953.735000,11974.562000,196.000000,184.000000,257.000000,286.000000,False,SOFT,14.000000,False,Mercedes,11897.253000,,1,14.000000,False,,False,True
2026,6,Monaco Grand Prix,R,3438.009000,BOT,77,bottas,cadillac,118.143000,1.000000,1.000000,,3411.980000,,43.033000,41.429000,,3396.761000,3438.042000,161.000000,173.000000,,259.000000,False,SOFT,1.000000,True,Cadillac,3319.645000,,12,19.000000,False,,False,False
2026,6,Monaco Grand Prix,R,3522.142000,BOT,77,bottas,cadillac,84.133000,2.000000,2.000000,3438.745000,,24.612000,38.096000,21.425000,3462.654000,3500.750000,3522.175000,184.000000,176.000000,253.000000,265.000000,False,MEDIUM,1.000000,True,Cadillac,3438.009000,,1,19.000000,False,,False,False
2026,6,Monaco Grand Prix,R,3603.895000,BOT,77,bottas,cadillac,81.753000,3.000000,2.000000,,,21.773000,38.422000,21.558000,3543.948000,3582.370000,3603.928000,181.000000,176.000000,253.000000,255.000000,True,MEDIUM,2.000000,True,Cadillac,3522.142000,,1,19.000000,False,,False,True
2026,6,Monaco Grand Prix,R,3685.504000,BOT,77,bottas,cadillac,81.609000,4.000000,2.000000,,,21.958000,38.198000,21.453000,3625.886000,3664.084000,3685.537000,187.000000,172.000000,254.000000,255.000000,True,MEDIUM,3.000000,True,Cadillac,3603.895000,,1,19.000000,False,,False,True
2026,6,Monaco Grand Prix,R,3767.416000,BOT,77,bottas,cadillac,81.912000,5.000000,2.000000,,,22.077000,38.471000,21.364000,3707.614000,3746.085000,3767.449000,185.000000,177.000000,254.000000,252.000000,False,MEDIUM,4.000000,True,Cadillac,3685.504000,,1,19.000000,False,,False,True
2026,6,Monaco Grand Prix,R,3848.709000,BOT,77,bottas,cadillac,81.293000,6.000000,2.000000,,,22.007000,38.110000,21.176000,3789.456000,3827.566000,3848.742000,187.000000,177.000000,254.000000,251.000000,True,MEDIUM,5.000000,True,Cadillac,3767.416000,,1,19.000000,False,,False,True
2026,6,Monaco Grand Prix,R,3929.846000,BOT,77,bottas,cadillac,81.137000,7.000000,2.000000,,,21.993000,37.984000,21.160000,3870.735000,3908.719000,3929.879000,189.000000,179.000000,253.000000,252.000000,True,MEDIUM,6.000000,True,Cadillac,3848.709000,,1,19.000000,False,,False,True
2026,6,Monaco Grand Prix,R,4010.340000,BOT,77,bottas,cadillac,80.494000,8.000000,2.000000,,,21.460000,37.781000,21.253000,3951.339000,3989.120000,4010.373000,192.000000,178.000000,254.000000,255.000000,True,MEDIUM,7.000000,True,Cadillac,3929.846000,,1,19.000000,False,,False,True
2026,6,Monaco Grand Prix,R,4091.253000,BOT,77,bottas,cadillac,80.913000,9.000000,2.000000,,,21.372000,37.899000,21.642000,4031.745000,4069.644000,4091.286000,185.000000,174.000000,254.000000,256.000000,False,MEDIUM,8.000000,True,Cadillac,4010.340000,,1,19.000000,False,,False,True
2026,6,Monaco Grand Prix,R,4174.418000,BOT,77,bottas,cadillac,83.165000,10.000000,2.000000,,,21.567000,40.028000,21.570000,4112.853000,4152.881000,4174.451000,176.000000,177.000000,254.000000,259.000000,False,MEDIUM,9.000000,True,Cadillac,4091.253000,,1,19.000000,False,,False,True
2026,6,Monaco Grand Prix,R,4257.498000,BOT,77,bottas,cadillac,83.080000,11.000000,2.000000,,,21.973000,38.885000,22.222000,4196.424000,4235.309000,4257.531000,141.000000,178.000000,217.000000,259.000000,False,MEDIUM,10.000000,True,Cadillac,4174.418000,,1,19.000000,False,,False,True
2026,6,Monaco Grand Prix,R,4338.202000,BOT,77,bottas,cadillac,80.704000,12.000000,2.000000,,,21.763000,37.604000,21.337000,4279.294000,4316.898000,4338.235000,190.000000,178.000000,253.000000,259.000000,False,MEDIUM,11.000000,True,Cadillac,4257.498000,,1,19.000000,False,,False,True
2026,6,Monaco Grand Prix,R,4421.077000,BOT,77,bottas,cadillac,82.875000,13.000000,2.000000,,,21.202000,40.221000,21.452000,4359.437000,4399.658000,4421.110000,186.000000,177.000000,254.000000,249.000000,False,MEDIUM,12.000000,True,Cadillac,4338.202000,,1,19.000000,False,,False,True
2026,6,Monaco Grand Prix,R,4501.949000,BOT,77,bottas,cadillac,80.872000,14.000000,2.000000,,,21.363000,38.052000,21.457000,4442.473000,4480.525000,4501.982000,188.000000,177.000000,254.000000,253.000000,False,MEDIUM,13.000000,True,Cadillac,4421.077000,,1,19.000000,False,,False,True
2026,6,Monaco Grand Prix,R,4582.983000,BOT,77,bottas,cadillac,81.034000,15.000000,2.000000,,,21.520000,37.913000,21.601000,4523.502000,4561.415000,4583.016000,186.000000,172.000000,253.000000,260.000000,False,MEDIUM,14.000000,True,Cadillac,4501.949000,,1,19.000000,False,,False,True
2026,6,Monaco Grand Prix,R,4660.643000,BOT,77,bottas,cadillac,,16.000000,2.000000,,4660.676000,22.007000,39.762000,,4605.049000,4644.926000,,184.000000,174.000000,,261.000000,False,MEDIUM,15.000000,True,Cadillac,4582.983000,,1,19.000000,False,,False,False
2026,6,Monaco Grand Prix,R,3409.226000,PIA,81,piastri,mclaren,89.360000,1.000000,1.000000,,,,38.910000,21.687000,,3387.766000,3409.386000,148.000000,181.000000,253.000000,266.000000,False,MEDIUM,1.000000,True,McLaren,3319.645000,,12,6.000000,False,,False,False
2026,6,Monaco Grand Prix,R,3489.680000,PIA,81,piastri,mclaren,80.454000,2.000000,1.000000,,,21.540000,37.617000,21.297000,3430.789000,3468.406000,3489.703000,179.000000,184.000000,253.000000,268.000000,True,MEDIUM,2.000000,True,McLaren,3409.226000,,1,6.000000,False,,False,True
2026,6,Monaco Grand Prix,R,3569.456000,PIA,81,piastri,mclaren,79.776000,3.000000,1.000000,,,21.391000,37.492000,20.893000,3511.094000,3548.586000,3569.479000,181.000000,185.000000,254.000000,267.000000,True,MEDIUM,3.000000,True,McLaren,3489.680000,,1,6.000000,False,,False,True
2026,6,Monaco Grand Prix,R,3648.342000,PIA,81,piastri,mclaren,78.886000,4.000000,1.000000,,,21.043000,36.750000,21.093000,3590.522000,3627.272000,3648.365000,184.000000,189.000000,254.000000,268.000000,True,MEDIUM,4.000000,True,McLaren,3569.456000,,1,6.000000,False,,False,True
2026,6,Monaco Grand Prix,R,3726.414000,PIA,81,piastri,mclaren,78.072000,5.000000,1.000000,,,20.889000,36.464000,20.719000,3669.254000,3705.718000,3726.437000,189.000000,193.000000,255.000000,268.000000,True,MEDIUM,5.000000,True,McLaren,3648.342000,,1,6.000000,False,,False,True
2026,6,Monaco Grand Prix,R,3804.652000,PIA,81,piastri,mclaren,78.238000,6.000000,1.000000,,,20.506000,36.843000,20.889000,3746.943000,3783.786000,3804.675000,185.000000,189.000000,254.000000,268.000000,False,MEDIUM,6.000000,True,McLaren,3726.414000,,1,6.000000,False,,False,True
2026,6,Monaco Grand Prix,R,3882.225000,PIA,81,piastri,mclaren,77.573000,7.000000,1.000000,,,20.622000,36.327000,20.624000,3825.297000,3861.624000,3882.248000,189.000000,192.000000,255.000000,269.000000,True,MEDIUM,7.000000,True,McLaren,3804.652000,,1,6.000000,False,,False,True
2026,6,Monaco Grand Prix,R,3959.412000,PIA,81,piastri,mclaren,77.187000,8.000000,1.000000,,,20.374000,36.230000,20.583000,3902.622000,3938.852000,3959.435000,195.000000,193.000000,255.000000,269.000000,True,MEDIUM,8.000000,True,McLaren,3882.225000,,1,6.000000,False,,False,True
2026,6,Monaco Grand Prix,R,4036.606000,PIA,81,piastri,mclaren,77.194000,9.000000,1.000000,,,20.384000,36.166000,20.644000,3979.819000,4015.985000,4036.629000,198.000000,193.000000,255.000000,269.000000,False,MEDIUM,9.000000,True,McLaren,3959.412000,,1,6.000000,False,,False,True
2026,6,Monaco Grand Prix,R,4113.786000,PIA,81,piastri,mclaren,77.180000,10.000000,1.000000,,,20.352000,36.199000,20.629000,4056.981000,4093.180000,4113.809000,197.000000,193.000000,255.000000,269.000000,True,MEDIUM,10.000000,True,McLaren,4036.606000,,1,6.000000,False,,False,True
2026,6,Monaco Grand Prix,R,4191.675000,PIA,81,piastri,mclaren,77.889000,11.000000,1.000000,,,20.471000,36.548000,20.870000,4134.280000,4170.828000,4191.698000,194.000000,187.000000,255.000000,269.000000,False,MEDIUM,11.000000,True,McLaren,4113.786000,,1,6.000000,False,,False,True
2026,6,Monaco Grand Prix,R,4269.614000,PIA,81,piastri,mclaren,77.939000,12.000000,1.000000,,,20.567000,36.526000,20.846000,4212.265000,4248.791000,4269.637000,197.000000,190.000000,255.000000,270.000000,False,MEDIUM,12.000000,True,McLaren,4191.675000,,1,6.000000,False,,False,True
2026,6,Monaco Grand Prix,R,4348.082000,PIA,81,piastri,mclaren,78.468000,13.000000,1.000000,,,20.777000,36.690000,21.001000,4290.414000,4327.104000,4348.105000,193.000000,192.000000,255.000000,270.000000,False,MEDIUM,13.000000,True,McLaren,4269.614000,,1,6.000000,False,,False,True
2026,6,Monaco Grand Prix,R,4426.263000,PIA,81,piastri,mclaren,78.181000,14.000000,1.000000,,,20.658000,36.669000,20.854000,4368.763000,4405.432000,4426.286000,196.000000,191.000000,255.000000,271.000000,False,MEDIUM,14.000000,True,McLaren,4348.082000,,1,6.000000,False,,False,True
2026,6,Monaco Grand Prix,R,4505.228000,PIA,81,piastri,mclaren,78.965000,15.000000,1.000000,,,20.716000,37.006000,21.243000,4447.002000,4484.008000,4505.251000,187.000000,192.000000,254.000000,270.000000,False,MEDIUM,15.000000,True,McLaren,4426.263000,,1,6.000000,False,,False,True
2026,6,Monaco Grand Prix,R,4584.796000,PIA,81,piastri,mclaren,79.568000,16.000000,1.000000,,,20.919000,37.430000,21.219000,4526.170000,4563.600000,4584.819000,184.000000,187.000000,261.000000,268.000000,False,MEDIUM,16.000000,True,McLaren,4505.228000,,1,6.000000,False,,False,True
2026,6,Monaco Grand Prix,R,4663.935000,PIA,81,piastri,mclaren,79.139000,17.000000,1.000000,,,20.936000,36.885000,21.318000,4605.755000,4642.640000,4663.958000,186.000000,183.000000,256.000000,277.000000,False,MEDIUM,17.000000,True,McLaren,4584.796000,,1,6.000000,False,,False,True
2026,6,Monaco Grand Prix,R,4742.448000,PIA,81,piastri,mclaren,78.513000,18.000000,1.000000,,,20.811000,36.888000,20.814000,4684.769000,4721.657000,4742.471000,195.000000,189.000000,255.000000,269.000000,False,MEDIUM,18.000000,True,McLaren,4663.935000,,1,6.000000,False,,False,True
2026,6,Monaco Grand Prix,R,4820.668000,PIA,81,piastri,mclaren,78.220000,19.000000,1.000000,,,20.611000,36.634000,20.975000,4763.082000,4799.716000,4820.691000,195.000000,191.000000,255.000000,270.000000,False,MEDIUM,19.000000,True,McLaren,4742.448000,,1,6.000000,False,,False,True
2026,6,Monaco Grand Prix,R,4898.750000,PIA,81,piastri,mclaren,78.082000,20.000000,1.000000,,,20.630000,36.651000,20.801000,4841.321000,4877.972000,4898.773000,195.000000,190.000000,255.000000,270.000000,False,MEDIUM,20.000000,True,McLaren,4820.668000,,1,6.000000,False,,False,True
2026,6,Monaco Grand Prix,R,4976.948000,PIA,81,piastri,mclaren,78.198000,21.000000,1.000000,,,20.509000,36.737000,20.952000,4919.282000,4956.019000,4976.971000,198.000000,191.000000,256.000000,269.000000,False,MEDIUM,21.000000,True,McLaren,4898.750000,,1,6.000000,False,,False,True
2026,6,Monaco Grand Prix,R,5055.178000,PIA,81,piastri,mclaren,78.230000,22.000000,1.000000,,,20.536000,36.792000,20.902000,4997.507000,5034.299000,5055.201000,195.000000,191.000000,256.000000,269.000000,False,MEDIUM,22.000000,True,McLaren,4976.948000,,1,6.000000,False,,False,True
2026,6,Monaco Grand Prix,R,5133.566000,PIA,81,piastri,mclaren,78.388000,23.000000,1.000000,,,20.620000,36.852000,20.916000,5075.821000,5112.673000,5133.589000,192.000000,190.000000,256.000000,270.000000,False,MEDIUM,23.000000,True,McLaren,5055.178000,,1,6.000000,False,,False,True
2026,6,Monaco Grand Prix,R,5211.654000,PIA,81,piastri,mclaren,78.088000,24.000000,1.000000,,,20.487000,36.698000,20.903000,5154.076000,5190.774000,5211.677000,194.000000,191.000000,255.000000,270.000000,False,MEDIUM,24.000000,True,McLaren,5133.566000,,1,6.000000,False,,False,True
2026,6,Monaco Grand Prix,R,5289.944000,PIA,81,piastri,mclaren,78.290000,25.000000,1.000000,,,20.517000,36.816000,20.957000,5232.194000,5269.010000,5289.967000,191.000000,190.000000,256.000000,270.000000,False,MEDIUM,25.000000,True,McLaren,5211.654000,,1,6.000000,False,,False,True
2026,6,Monaco Grand Prix,R,5368.606000,PIA,81,piastri,mclaren,78.662000,26.000000,1.000000,,,20.664000,37.116000,20.882000,5310.631000,5347.747000,5368.629000,194.000000,191.000000,255.000000,270.000000,False,MEDIUM,26.000000,True,McLaren,5289.944000,,1,6.000000,False,,False,True
2026,6,Monaco Grand Prix,R,5447.243000,PIA,81,piastri,mclaren,78.637000,27.000000,1.000000,,,20.554000,37.074000,21.009000,5389.183000,5426.257000,5447.266000,196.000000,188.000000,257.000000,270.000000,False,MEDIUM,27.000000,True,McLaren,5368.606000,,1,6.000000,False,,False,True
2026,6,Monaco Grand Prix,R,5525.950000,PIA,81,piastri,mclaren,78.707000,28.000000,1.000000,,,20.584000,37.124000,20.999000,5467.850000,5504.974000,5525.973000,199.000000,190.000000,257.000000,270.000000,False,MEDIUM,28.000000,True,McLaren,5447.243000,,1,6.000000,False,,False,True
2026,6,Monaco Grand Prix,R,5604.429000,PIA,81,piastri,mclaren,78.479000,29.000000,1.000000,,,20.579000,36.915000,20.985000,5546.552000,5583.467000,5604.452000,191.000000,190.000000,256.000000,271.000000,False,MEDIUM,29.000000,True,McLaren,5525.950000,,1,6.000000,False,,False,True
2026,6,Monaco Grand Prix,R,5683.036000,PIA,81,piastri,mclaren,78.607000,30.000000,1.000000,,,20.630000,36.955000,21.022000,5625.082000,5662.037000,5683.059000,194.000000,190.000000,257.000000,270.000000,False,MEDIUM,30.000000,True,McLaren,5604.429000,,1,6.000000,False,,False,True
2026,6,Monaco Grand Prix,R,5761.696000,PIA,81,piastri,mclaren,78.660000,31.000000,1.000000,,,20.601000,36.984000,21.075000,5703.660000,5740.644000,5761.719000,197.000000,191.000000,256.000000,271.000000,False,MEDIUM,31.000000,True,McLaren,5683.036000,,1,5.000000,False,,False,True
2026,6,Monaco Grand Prix,R,5839.873000,PIA,81,piastri,mclaren,78.177000,32.000000,1.000000,,,20.607000,36.757000,20.813000,5782.326000,5819.083000,5839.896000,192.000000,191.000000,257.000000,270.000000,False,MEDIUM,32.000000,True,McLaren,5761.696000,,1,4.000000,False,,False,True
2026,6,Monaco Grand Prix,R,5917.985000,PIA,81,piastri,mclaren,78.112000,33.000000,1.000000,,,20.488000,36.770000,20.854000,5860.384000,5897.154000,5918.008000,198.000000,191.000000,257.000000,269.000000,False,MEDIUM,33.000000,True,McLaren,5839.873000,,1,4.000000,False,,False,True
2026,6,Monaco Grand Prix,R,5996.395000,PIA,81,piastri,mclaren,78.410000,34.000000,1.000000,,,20.559000,36.916000,20.935000,5938.567000,5975.483000,5996.418000,194.000000,191.000000,257.000000,269.000000,False,MEDIUM,34.000000,True,McLaren,5917.985000,,1,4.000000,False,,False,True
2026,6,Monaco Grand Prix,R,6074.955000,PIA,81,piastri,mclaren,78.560000,35.000000,1.000000,,,20.610000,36.992000,20.958000,6017.028000,6054.020000,6074.978000,193.000000,190.000000,257.000000,270.000000,False,MEDIUM,35.000000,True,McLaren,5996.395000,,1,4.000000,False,,False,True
2026,6,Monaco Grand Prix,R,6153.279000,PIA,81,piastri,mclaren,78.324000,36.000000,1.000000,,,20.714000,36.847000,20.763000,6095.692000,6132.539000,6153.302000,195.000000,193.000000,257.000000,269.000000,False,MEDIUM,36.000000,True,McLaren,6074.955000,,1,4.000000,False,,False,True
2026,6,Monaco Grand Prix,R,6231.197000,PIA,81,piastri,mclaren,77.918000,37.000000,1.000000,,,20.442000,36.757000,20.719000,6173.744000,6210.501000,6231.220000,199.000000,192.000000,256.000000,270.000000,False,MEDIUM,37.000000,True,McLaren,6153.279000,,1,4.000000,False,,False,True
2026,6,Monaco Grand Prix,R,6309.484000,PIA,81,piastri,mclaren,78.287000,38.000000,1.000000,,,20.629000,36.802000,20.856000,6251.849000,6288.651000,6309.507000,191.000000,191.000000,257.000000,271.000000,False,MEDIUM,38.000000,True,McLaren,6231.197000,,1,4.000000,False,,False,True
2026,6,Monaco Grand Prix,R,6387.655000,PIA,81,piastri,mclaren,78.171000,39.000000,1.000000,,,20.562000,36.796000,20.813000,6330.069000,6366.865000,6387.678000,193.000000,190.000000,257.000000,270.000000,False,MEDIUM,39.000000,True,McLaren,6309.484000,,1,4.000000,False,,False,True
2026,6,Monaco Grand Prix,R,6467.004000,PIA,81,piastri,mclaren,79.349000,40.000000,1.000000,,,20.831000,37.264000,21.254000,6408.509000,6445.773000,6467.027000,193.000000,187.000000,256.000000,270.000000,False,MEDIUM,40.000000,True,McLaren,6387.655000,,1,4.000000,False,,False,True
2026,6,Monaco Grand Prix,R,6545.561000,PIA,81,piastri,mclaren,78.557000,41.000000,1.000000,,,20.631000,36.941000,20.985000,6487.658000,6524.599000,6545.584000,196.000000,190.000000,257.000000,270.000000,False,MEDIUM,41.000000,True,McLaren,6467.004000,,1,4.000000,False,,False,True
2026,6,Monaco Grand Prix,R,6624.247000,PIA,81,piastri,mclaren,78.686000,42.000000,1.000000,,,20.693000,37.049000,20.944000,6566.277000,6603.326000,6624.270000,195.000000,192.000000,257.000000,270.000000,False,MEDIUM,42.000000,True,McLaren,6545.561000,,1,4.000000,False,,False,True
2026,6,Monaco Grand Prix,R,6703.340000,PIA,81,piastri,mclaren,79.093000,43.000000,1.000000,,,20.742000,37.234000,21.117000,6645.012000,6682.246000,6703.363000,191.000000,188.000000,256.000000,271.000000,False,MEDIUM,43.000000,True,McLaren,6624.247000,,1,4.000000,False,,False,True
2026,6,Monaco Grand Prix,R,6782.619000,PIA,81,piastri,mclaren,79.279000,44.000000,1.000000,,,20.961000,37.155000,21.163000,6724.324000,6761.479000,6782.642000,181.000000,190.000000,257.000000,271.000000,False,MEDIUM,44.000000,True,McLaren,6703.340000,,1,4.000000,False,,False,True
2026,6,Monaco Grand Prix,R,6862.283000,PIA,81,piastri,mclaren,79.664000,45.000000,1.000000,,,20.967000,37.533000,21.164000,6803.609000,6841.142000,6862.306000,185.000000,188.000000,257.000000,271.000000,False,MEDIUM,45.000000,True,McLaren,6782.619000,,1,4.000000,False,,False,True
2026,6,Monaco Grand Prix,R,6941.628000,PIA,81,piastri,mclaren,79.345000,46.000000,1.000000,,,20.828000,37.150000,21.367000,6883.134000,6920.284000,6941.651000,195.000000,189.000000,257.000000,272.000000,False,MEDIUM,46.000000,True,McLaren,6862.283000,,1,4.000000,False,,False,True
2026,6,Monaco Grand Prix,R,7021.203000,PIA,81,piastri,mclaren,79.575000,47.000000,1.000000,,,20.956000,37.421000,21.198000,6962.607000,7000.028000,7021.226000,190.000000,186.000000,257.000000,272.000000,False,MEDIUM,47.000000,True,McLaren,6941.628000,,1,4.000000,False,,False,True
2026,6,Monaco Grand Prix,R,7117.944000,PIA,81,piastri,mclaren,96.741000,48.000000,1.000000,,7094.568000,20.954000,37.679000,38.108000,7042.180000,7079.859000,7117.967000,186.000000,186.000000,,272.000000,False,MEDIUM,48.000000,True,McLaren,7021.203000,,1,6.000000,False,,False,False
2026,6,Monaco Grand Prix,R,7201.590000,PIA,81,piastri,mclaren,83.646000,49.000000,2.000000,7118.693000,,24.626000,37.827000,21.193000,7142.593000,7180.420000,7201.613000,181.000000,183.000000,257.000000,270.000000,False,HARD,1.000000,True,McLaren,7117.944000,,1,6.000000,False,,False,False
2026,6,Monaco Grand Prix,R,7279.779000,PIA,81,piastri,mclaren,78.189000,50.000000,2.000000,,,20.731000,36.743000,20.715000,7222.344000,7259.087000,7279.802000,197.000000,190.000000,257.000000,271.000000,False,HARD,2.000000,True,McLaren,7201.590000,,1,6.000000,False,,False,True
2026,6,Monaco Grand Prix,R,7357.202000,PIA,81,piastri,mclaren,77.423000,51.000000,2.000000,,,20.591000,36.394000,20.438000,7300.393000,7336.787000,7357.225000,191.000000,195.000000,256.000000,271.000000,False,HARD,3.000000,True,McLaren,7279.779000,,1,6.000000,False,,False,True
2026,6,Monaco Grand Prix,R,7434.065000,PIA,81,piastri,mclaren,76.863000,52.000000,2.000000,,,20.357000,35.991000,20.515000,7377.582000,7413.573000,7434.088000,203.000000,193.000000,257.000000,271.000000,True,HARD,4.000000,True,McLaren,7357.202000,,1,6.000000,False,,False,True
2026,6,Monaco Grand Prix,R,7510.761000,PIA,81,piastri,mclaren,76.696000,53.000000,2.000000,,,20.229000,36.024000,20.443000,7454.317000,7490.341000,7510.784000,200.000000,191.000000,258.000000,272.000000,True,HARD,5.000000,True,McLaren,7434.065000,,1,6.000000,False,,False,True
2026,6,Monaco Grand Prix,R,7588.013000,PIA,81,piastri,mclaren,77.252000,54.000000,2.000000,,,20.210000,36.655000,20.387000,7530.994000,7567.649000,7588.036000,202.000000,186.000000,258.000000,273.000000,False,HARD,6.000000,True,McLaren,7510.761000,,1,6.000000,False,,False,True
2026,6,Monaco Grand Prix,R,7664.840000,PIA,81,piastri,mclaren,76.827000,55.000000,2.000000,,,20.410000,36.143000,20.274000,7608.446000,7644.589000,7664.863000,177.000000,194.000000,259.000000,272.000000,False,HARD,7.000000,True,McLaren,7588.013000,,1,6.000000,False,,False,True
2026,6,Monaco Grand Prix,R,7741.440000,PIA,81,piastri,mclaren,76.600000,56.000000,2.000000,,,20.210000,36.028000,20.362000,7685.073000,7721.101000,7741.463000,200.000000,196.000000,258.000000,273.000000,True,HARD,8.000000,True,McLaren,7664.840000,,1,6.000000,False,,False,True
2026,6,Monaco Grand Prix,R,7818.544000,PIA,81,piastri,mclaren,77.104000,57.000000,2.000000,,,20.278000,36.411000,20.415000,7761.741000,7798.152000,7818.567000,196.000000,194.000000,258.000000,272.000000,False,HARD,9.000000,True,McLaren,7741.440000,,1,6.000000,False,,False,True
2026,6,Monaco Grand Prix,R,7895.085000,PIA,81,piastri,mclaren,76.541000,58.000000,2.000000,,,20.080000,35.994000,20.467000,7838.647000,7874.641000,7895.108000,199.000000,194.000000,259.000000,271.000000,True,HARD,10.000000,True,McLaren,7818.544000,,1,6.000000,False,,False,True
2026,6,Monaco Grand Prix,R,8012.438000,PIA,81,piastri,mclaren,117.353000,59.000000,2.000000,,7981.802000,20.148000,48.109000,49.096000,7915.256000,7963.365000,8012.461000,198.000000,169.000000,,148.000000,False,HARD,11.000000,True,McLaren,7895.085000,,124,7.000000,False,,False,False
2026,6,Monaco Grand Prix,R,8127.332000,PIA,81,piastri,mclaren,114.894000,60.000000,3.000000,8013.283000,8107.906000,28.588000,47.930000,38.376000,8041.049000,8088.979000,8127.355000,143.000000,128.000000,,187.000000,False,SOFT,5.000000,False,McLaren,8012.438000,,4,7.000000,False,,False,False
2026,6,Monaco Grand Prix,R,8217.798000,PIA,81,piastri,mclaren,90.466000,61.000000,4.000000,8128.064000,,26.767000,40.431000,23.268000,8154.122000,8194.553000,8217.821000,158.000000,175.000000,181.000000,257.000000,False,SOFT,6.000000,False,McLaren,8127.332000,,4,7.000000,False,,False,False
2026,6,Monaco Grand Prix,R,8335.559000,PIA,81,piastri,mclaren,117.761000,62.000000,4.000000,,,34.356000,51.008000,32.397000,8252.177000,8303.185000,8335.582000,108.000000,157.000000,95.000000,157.000000,False,SOFT,7.000000,False,McLaren,8217.798000,,4,7.000000,False,,False,False
2026,6,Monaco Grand Prix,R,8429.438000,PIA,81,piastri,mclaren,93.879000,63.000000,4.000000,,,31.410000,40.611000,21.858000,8366.992000,8407.603000,8429.461000,144.000000,174.000000,255.000000,239.000000,False,SOFT,8.000000,False,McLaren,8335.559000,,4,7.000000,False,,False,False
2026,6,Monaco Grand Prix,R,8513.597000,PIA,81,piastri,mclaren,84.159000,64.000000,4.000000,,,22.036000,39.449000,22.674000,8451.497000,8490.946000,8513.620000,171.000000,171.000000,255.000000,266.000000,False,SOFT,9.000000,False,McLaren,8429.438000,,4,7.000000,False,,False,False
2026,6,Monaco Grand Prix,R,8596.069000,PIA,81,piastri,mclaren,82.472000,65.000000,4.000000,,,22.061000,38.079000,22.332000,8535.681000,8573.760000,8596.092000,161.000000,182.000000,247.000000,266.000000,False,SOFT,10.000000,False,McLaren,8513.597000,,412,6.000000,False,,False,False
2026,6,Monaco Grand Prix,R,8710.804000,PIA,81,piastri,mclaren,114.735000,66.000000,4.000000,,8688.195000,24.286000,50.920000,39.529000,8620.378000,8671.298000,8710.827000,140.000000,148.000000,,162.000000,False,SOFT,11.000000,False,McLaren,8596.069000,,24,6.000000,False,,False,False
2026,6,Monaco Grand Prix,R,8817.530000,PIA,81,piastri,mclaren,106.726000,67.000000,5.000000,8711.699000,,29.732000,49.436000,27.558000,8740.559000,8789.995000,8817.553000,124.000000,147.000000,232.000000,241.000000,False,SOFT,12.000000,False,McLaren,8710.804000,,4,6.000000,False,,False,False
2026,6,Monaco Grand Prix,R,11073.510000,PIA,81,piastri,mclaren,,68.000000,5.000000,,8922.653000,27.003000,52.382000,,8844.604000,8897.123000,,71.000000,135.000000,,155.000000,False,SOFT,13.000000,False,McLaren,8817.530000,,451,6.000000,False,,False,False
2026,6,Monaco Grand Prix,R,11169.420000,PIA,81,piastri,mclaren,95.910000,69.000000,6.000000,11074.266000,,29.361000,41.117000,25.432000,11102.894000,11144.011000,11169.443000,151.000000,174.000000,247.000000,234.000000,False,SOFT,5.000000,False,McLaren,11073.510000,,14,6.000000,False,,False,False
2026,6,Monaco Grand Prix,R,11332.008000,PIA,81,piastri,mclaren,,70.000000,6.000000,,,28.890000,51.013000,82.757000,11198.476000,11249.408000,11332.390000,91.000000,157.000000,79.000000,217.000000,False,SOFT,6.000000,False,McLaren,11169.420000,,41,6.000000,False,,False,False
2026,6,Monaco Grand Prix,R,11419.974000,PIA,81,piastri,mclaren,87.966000,71.000000,6.000000,,,26.069000,40.598000,21.299000,11358.100000,11398.698000,11419.997000,155.000000,180.000000,258.000000,268.000000,False,SOFT,7.000000,False,McLaren,11332.008000,,12,6.000000,False,,False,True
2026,6,Monaco Grand Prix,R,11498.733000,PIA,81,piastri,mclaren,78.759000,72.000000,6.000000,,,21.353000,36.829000,20.577000,11441.350000,11478.179000,11498.756000,173.000000,188.000000,258.000000,270.000000,False,SOFT,8.000000,False,McLaren,11419.974000,,1,5.000000,False,,False,True
2026,6,Monaco Grand Prix,R,11575.421000,PIA,81,piastri,mclaren,76.688000,73.000000,6.000000,,,20.497000,35.941000,20.250000,11519.253000,11555.194000,11575.444000,196.000000,196.000000,264.000000,271.000000,False,SOFT,9.000000,False,McLaren,11498.733000,,1,5.000000,False,,False,True
2026,6,Monaco Grand Prix,R,11651.608000,PIA,81,piastri,mclaren,76.187000,74.000000,6.000000,,,20.095000,35.644000,20.448000,11595.539000,11631.183000,11651.631000,194.000000,195.000000,264.000000,281.000000,True,SOFT,10.000000,False,McLaren,11575.421000,,1,5.000000,False,,False,True
2026,6,Monaco Grand Prix,R,11727.866000,PIA,81,piastri,mclaren,76.258000,75.000000,6.000000,,,20.252000,35.688000,20.318000,11671.883000,11707.571000,11727.889000,200.000000,195.000000,264.000000,281.000000,False,SOFT,11.000000,False,McLaren,11651.608000,,1,5.000000,False,,False,True
2026,6,Monaco Grand Prix,R,11803.682000,PIA,81,piastri,mclaren,75.816000,76.000000,6.000000,,,19.979000,35.621000,20.216000,11747.868000,11783.489000,11803.705000,202.000000,198.000000,265.000000,281.000000,True,SOFT,12.000000,False,McLaren,11727.866000,,1,5.000000,False,,False,True
2026,6,Monaco Grand Prix,R,11879.528000,PIA,81,piastri,mclaren,75.846000,77.000000,6.000000,,,20.057000,35.584000,20.205000,11823.762000,11859.346000,11879.551000,200.000000,195.000000,264.000000,281.000000,False,SOFT,13.000000,False,McLaren,11803.682000,,1,5.000000,False,,False,True
2026,6,Monaco Grand Prix,R,11955.390000,PIA,81,piastri,mclaren,75.862000,78.000000,6.000000,,,20.044000,35.532000,20.286000,11899.595000,11935.127000,11955.413000,201.000000,196.000000,264.000000,281.000000,False,SOFT,14.000000,False,McLaren,11879.528000,,1,5.000000,False,,False,True
2026,6,Monaco Grand Prix,R,3442.646000,BEA,87,bearman,haas,122.780000,1.000000,1.000000,,3411.339000,,42.941000,46.792000,,3396.019000,3442.808000,132.000000,172.000000,,259.000000,False,MEDIUM,1.000000,True,Haas F1 Team,3319.645000,,12,21.000000,False,,False,False
2026,6,Monaco Grand Prix,R,3526.311000,BEA,87,bearman,haas,83.665000,2.000000,2.000000,3443.370000,,24.755000,37.720000,21.190000,3467.423000,3505.143000,3526.333000,173.000000,182.000000,255.000000,266.000000,False,HARD,1.000000,True,Haas F1 Team,3442.646000,,1,21.000000,False,,False,False
2026,6,Monaco Grand Prix,R,3605.585000,BEA,87,bearman,haas,79.274000,3.000000,2.000000,,,21.088000,37.072000,21.114000,3547.421000,3584.493000,3605.607000,190.000000,185.000000,256.000000,268.000000,True,HARD,2.000000,True,Haas F1 Team,3526.311000,,1,21.000000,False,,False,True
2026,6,Monaco Grand Prix,R,3686.606000,BEA,87,bearman,haas,81.021000,4.000000,2.000000,,,21.358000,37.854000,21.809000,3626.965000,3664.819000,3686.628000,180.000000,183.000000,263.000000,270.000000,False,HARD,3.000000,True,Haas F1 Team,3605.585000,,1,21.000000,False,,False,True
2026,6,Monaco Grand Prix,R,3768.432000,BEA,87,bearman,haas,81.826000,5.000000,2.000000,,,21.817000,38.333000,21.676000,3708.445000,3746.778000,3768.454000,164.000000,180.000000,262.000000,279.000000,False,HARD,4.000000,True,Haas F1 Team,3686.606000,,1,21.000000,False,,False,True
2026,6,Monaco Grand Prix,R,3849.942000,BEA,87,bearman,haas,81.510000,6.000000,2.000000,,,21.823000,38.044000,21.643000,3790.277000,3828.321000,3849.964000,176.000000,181.000000,261.000000,278.000000,False,HARD,5.000000,True,Haas F1 Team,3768.432000,,1,21.000000,False,,False,True
2026,6,Monaco Grand Prix,R,3930.952000,BEA,87,bearman,haas,81.010000,7.000000,2.000000,,,21.587000,37.978000,21.445000,3871.551000,3909.529000,3930.974000,178.000000,181.000000,262.000000,278.000000,False,HARD,6.000000,True,Haas F1 Team,3849.942000,,1,21.000000,False,,False,True
2026,6,Monaco Grand Prix,R,4011.437000,BEA,87,bearman,haas,80.485000,8.000000,2.000000,,,21.284000,37.635000,21.566000,3952.258000,3989.893000,4011.459000,180.000000,184.000000,263.000000,280.000000,False,HARD,7.000000,True,Haas F1 Team,3930.952000,,1,21.000000,False,,False,True
2026,6,Monaco Grand Prix,R,4092.246000,BEA,87,bearman,haas,80.809000,9.000000,2.000000,,,21.305000,37.459000,22.045000,4032.764000,4070.223000,4092.268000,183.000000,180.000000,258.000000,280.000000,False,HARD,8.000000,True,Haas F1 Team,4011.437000,,1,21.000000,False,,False,True
2026,6,Monaco Grand Prix,R,4176.367000,BEA,87,bearman,haas,84.121000,10.000000,2.000000,,,22.650000,38.782000,22.689000,4114.918000,4153.700000,4176.389000,179.000000,179.000000,261.000000,266.000000,False,HARD,9.000000,True,Haas F1 Team,4092.246000,,1,21.000000,False,,False,True
2026,6,Monaco Grand Prix,R,4258.979000,BEA,87,bearman,haas,82.612000,11.000000,2.000000,,,21.980000,39.339000,21.293000,4198.369000,4237.708000,4259.001000,179.000000,182.000000,256.000000,257.000000,False,HARD,10.000000,True,Haas F1 Team,4176.367000,,1,21.000000,False,,False,True
2026,6,Monaco Grand Prix,R,4342.594000,BEA,87,bearman,haas,83.615000,12.000000,2.000000,,,21.380000,40.743000,21.492000,4280.381000,4321.124000,4342.616000,187.000000,176.000000,256.000000,272.000000,False,HARD,11.000000,True,Haas F1 Team,4258.979000,,1,21.000000,False,,False,True
2026,6,Monaco Grand Prix,R,4422.136000,BEA,87,bearman,haas,79.542000,13.000000,2.000000,,,21.028000,37.201000,21.313000,4363.644000,4400.845000,4422.158000,188.000000,182.000000,262.000000,271.000000,False,HARD,12.000000,True,Haas F1 Team,4342.594000,,1,21.000000,False,,False,True
2026,6,Monaco Grand Prix,R,4502.924000,BEA,87,bearman,haas,80.788000,14.000000,2.000000,,,21.191000,37.968000,21.629000,4443.349000,4481.317000,4502.946000,186.000000,183.000000,263.000000,280.000000,False,HARD,13.000000,True,Haas F1 Team,4422.136000,,1,21.000000,False,,False,True
2026,6,Monaco Grand Prix,R,4585.359000,BEA,87,bearman,haas,82.435000,15.000000,2.000000,,,21.365000,37.859000,23.211000,4524.311000,4562.170000,4585.381000,183.000000,183.000000,262.000000,280.000000,False,HARD,14.000000,True,Haas F1 Team,4502.924000,,1,21.000000,False,,False,True
2026,6,Monaco Grand Prix,R,4668.054000,BEA,87,bearman,haas,82.695000,16.000000,2.000000,,,21.411000,38.655000,22.629000,4606.792000,4645.447000,4668.076000,185.000000,177.000000,262.000000,277.000000,False,HARD,15.000000,True,Haas F1 Team,4585.359000,,1,21.000000,False,,False,True
2026,6,Monaco Grand Prix,R,4749.710000,BEA,87,bearman,haas,81.656000,17.000000,2.000000,,,22.497000,38.200000,20.959000,4690.573000,4728.773000,4749.732000,82.000000,181.000000,256.000000,279.000000,False,HARD,16.000000,True,Haas F1 Team,4668.054000,,1,20.000000,False,,False,True
2026,6,Monaco Grand Prix,R,4828.692000,BEA,87,bearman,haas,78.982000,18.000000,2.000000,,,20.952000,37.021000,21.009000,4770.684000,4807.705000,4828.714000,191.000000,183.000000,256.000000,271.000000,True,HARD,17.000000,True,Haas F1 Team,4749.710000,,1,20.000000,False,,False,True
2026,6,Monaco Grand Prix,R,4907.281000,BEA,87,bearman,haas,78.589000,19.000000,2.000000,,,20.872000,36.852000,20.865000,4849.586000,4886.438000,4907.303000,192.000000,184.000000,256.000000,271.000000,True,HARD,18.000000,True,Haas F1 Team,4828.692000,,1,20.000000,False,,False,True
2026,6,Monaco Grand Prix,R,4986.050000,BEA,87,bearman,haas,78.769000,20.000000,2.000000,,,20.803000,36.816000,21.150000,4928.106000,4964.922000,4986.072000,198.000000,184.000000,256.000000,271.000000,False,HARD,19.000000,True,Haas F1 Team,4907.281000,,1,20.000000,False,,False,True
2026,6,Monaco Grand Prix,R,5064.590000,BEA,87,bearman,haas,78.540000,21.000000,2.000000,,,20.772000,36.793000,20.975000,5006.844000,5043.637000,5064.612000,196.000000,186.000000,256.000000,271.000000,True,HARD,20.000000,True,Haas F1 Team,4986.050000,,1,20.000000,False,,False,True
2026,6,Monaco Grand Prix,R,5143.065000,BEA,87,bearman,haas,78.475000,22.000000,2.000000,,,20.698000,36.734000,21.043000,5085.310000,5122.044000,5143.087000,201.000000,187.000000,256.000000,271.000000,True,HARD,21.000000,True,Haas F1 Team,5064.590000,,1,20.000000,False,,False,True
2026,6,Monaco Grand Prix,R,5221.730000,BEA,87,bearman,haas,78.665000,23.000000,2.000000,,,20.733000,36.992000,20.940000,5163.820000,5200.812000,5221.752000,199.000000,187.000000,256.000000,271.000000,False,HARD,22.000000,True,Haas F1 Team,5143.065000,,1,20.000000,False,,False,True
2026,6,Monaco Grand Prix,R,5300.867000,BEA,87,bearman,haas,79.137000,24.000000,2.000000,,,20.767000,37.212000,21.158000,5242.519000,5279.731000,5300.889000,197.000000,184.000000,256.000000,271.000000,False,HARD,23.000000,True,Haas F1 Team,5221.730000,,1,20.000000,True,TRACK LIMITS AT TURN 10 LAP 24 ,False,True
2026,6,Monaco Grand Prix,R,5379.550000,BEA,87,bearman,haas,78.683000,25.000000,2.000000,,,20.809000,36.585000,21.289000,5321.698000,5358.283000,5379.572000,196.000000,178.000000,256.000000,271.000000,False,HARD,24.000000,True,Haas F1 Team,5300.867000,,1,20.000000,True,TRACK LIMITS AT TURN 10 LAP 25 ,False,True
2026,6,Monaco Grand Prix,R,5458.341000,BEA,87,bearman,haas,78.791000,26.000000,2.000000,,,20.828000,37.028000,20.935000,5400.400000,5437.428000,5458.363000,194.000000,187.000000,256.000000,271.000000,False,HARD,25.000000,True,Haas F1 Team,5379.550000,,1,20.000000,False,,False,True
2026,6,Monaco Grand Prix,R,5536.964000,BEA,87,bearman,haas,78.623000,27.000000,2.000000,,,20.669000,36.971000,20.983000,5479.032000,5516.003000,5536.986000,200.000000,183.000000,256.000000,271.000000,False,HARD,26.000000,True,Haas F1 Team,5458.341000,,1,20.000000,False,,False,True
2026,6,Monaco Grand Prix,R,5615.421000,BEA,87,bearman,haas,,28.000000,2.000000,,5615.443000,20.700000,37.555000,,5557.830000,5595.268000,,198.000000,139.000000,,271.000000,False,HARD,27.000000,True,Haas F1 Team,5536.964000,,1,20.000000,False,,False,False
