season,round,event_name,session_type,Time_s,Driver,DriverNumber,DriverId,TeamId,LapTime_s,LapNumber,Stint,PitOutTime_s,PitInTime_s,Sector1Time_s,Sector2Time_s,Sector3Time_s,Sector1SessionTime_s,Sector2SessionTime_s,Sector3SessionTime_s,SpeedI1,SpeedI2,SpeedFL,SpeedST,IsPersonalBest,Compound,TyreLife,FreshTyre,Team,LapStartTime_s,LapStartDate,TrackStatus,Position,Deleted,DeletedReason,FastF1Generated,IsAccurate
2026,1,Australian Grand Prix,R,3836.437000,NOR,1,norris,mclaren,96.458000,1.000000,1.000000,,,,18.163000,38.796000,,3797.998000,3836.692000,229.000000,291.000000,304.000000,217.000000,False,MEDIUM,1.000000,True,McLaren,3739.743000,,1,6.000000,False,,False,False
2026,1,Australian Grand Prix,R,3923.781000,NOR,1,norris,mclaren,87.344000,2.000000,1.000000,,,31.074000,18.116000,38.154000,3867.511000,3885.627000,3923.781000,243.000000,287.000000,303.000000,260.000000,True,MEDIUM,2.000000,True,McLaren,3836.437000,,1,6.000000,False,,False,True
2026,1,Australian Grand Prix,R,4010.644000,NOR,1,norris,mclaren,86.863000,3.000000,1.000000,,,30.541000,18.252000,38.070000,3954.322000,3972.574000,4010.644000,245.000000,311.000000,286.000000,273.000000,True,MEDIUM,3.000000,True,McLaren,3923.781000,,1,7.000000,False,,False,True
2026,1,Australian Grand Prix,R,4096.501000,NOR,1,norris,mclaren,85.857000,4.000000,1.000000,,,30.190000,18.193000,37.474000,4040.834000,4059.027000,4096.501000,249.000000,304.000000,283.000000,276.000000,True,MEDIUM,4.000000,True,McLaren,4010.644000,,1,7.000000,False,,False,True
2026,1,Australian Grand Prix,R,4182.074000,NOR,1,norris,mclaren,85.573000,5.000000,1.000000,,,29.930000,17.868000,37.775000,4126.431000,4144.299000,4182.074000,260.000000,297.000000,280.000000,276.000000,True,MEDIUM,5.000000,True,McLaren,4096.501000,,1,7.000000,False,,False,True
2026,1,Australian Grand Prix,R,4267.110000,NOR,1,norris,mclaren,85.036000,6.000000,1.000000,,,30.025000,17.829000,37.182000,4212.099000,4229.928000,4267.110000,256.000000,313.000000,293.000000,273.000000,True,MEDIUM,6.000000,True,McLaren,4182.074000,,1,7.000000,False,,False,True
2026,1,Australian Grand Prix,R,4352.088000,NOR,1,norris,mclaren,84.978000,7.000000,1.000000,,,30.067000,17.764000,37.147000,4297.177000,4314.941000,4352.088000,253.000000,316.000000,297.000000,285.000000,True,MEDIUM,7.000000,True,McLaren,4267.110000,,1,7.000000,False,,False,True
2026,1,Australian Grand Prix,R,4437.387000,NOR,1,norris,mclaren,85.299000,8.000000,1.000000,,,30.191000,17.970000,37.138000,4382.279000,4400.249000,4437.387000,253.000000,311.000000,298.000000,280.000000,False,MEDIUM,8.000000,True,McLaren,4352.088000,,1,7.000000,False,,False,True
2026,1,Australian Grand Prix,R,4523.026000,NOR,1,norris,mclaren,85.639000,9.000000,1.000000,,,30.135000,17.770000,37.734000,4467.522000,4485.292000,4523.026000,262.000000,315.000000,284.000000,276.000000,False,MEDIUM,9.000000,True,McLaren,4437.387000,,1,7.000000,False,,False,True
2026,1,Australian Grand Prix,R,4608.321000,NOR,1,norris,mclaren,85.295000,10.000000,1.000000,,,30.117000,17.924000,37.254000,4553.143000,4571.067000,4608.321000,261.000000,311.000000,295.000000,277.000000,False,MEDIUM,10.000000,True,McLaren,4523.026000,,1,7.000000,False,,False,True
2026,1,Australian Grand Prix,R,4711.712000,NOR,1,norris,mclaren,103.391000,11.000000,1.000000,,4695.593000,30.117000,17.987000,55.287000,,4656.425000,4711.712000,251.000000,309.000000,,289.000000,False,MEDIUM,11.000000,True,McLaren,4608.321000,,16,9.000000,False,,False,False
2026,1,Australian Grand Prix,R,4829.787000,NOR,1,norris,mclaren,118.075000,12.000000,2.000000,4714.141000,,44.892000,27.737000,45.446000,4756.604000,4784.341000,4829.787000,238.000000,127.000000,201.000000,230.000000,False,HARD,1.000000,True,McLaren,4711.712000,,6,9.000000,False,,False,False
2026,1,Australian Grand Prix,R,4941.719000,NOR,1,norris,mclaren,111.932000,13.000000,2.000000,,,41.529000,27.589000,42.814000,4871.316000,4898.905000,4941.719000,230.000000,146.000000,289.000000,203.000000,False,HARD,2.000000,True,McLaren,4829.787000,,671,9.000000,False,,False,False
2026,1,Australian Grand Prix,R,5025.952000,NOR,1,norris,mclaren,84.233000,14.000000,2.000000,,,29.882000,17.870000,36.481000,4971.601000,4989.471000,5025.952000,251.000000,306.000000,287.000000,279.000000,True,HARD,3.000000,True,McLaren,4941.719000,,1,9.000000,False,,False,True
2026,1,Australian Grand Prix,R,5109.736000,NOR,1,norris,mclaren,83.784000,15.000000,2.000000,,,29.402000,17.899000,36.483000,5055.354000,5073.253000,5109.736000,269.000000,301.000000,288.000000,278.000000,True,HARD,4.000000,True,McLaren,5025.952000,,1,9.000000,False,,False,True
2026,1,Australian Grand Prix,R,5193.648000,NOR,1,norris,mclaren,83.912000,16.000000,2.000000,,,29.524000,17.919000,36.469000,5139.260000,5157.179000,5193.648000,255.000000,301.000000,290.000000,286.000000,False,HARD,5.000000,True,McLaren,5109.736000,,1,9.000000,False,,False,True
2026,1,Australian Grand Prix,R,5277.701000,NOR,1,norris,mclaren,84.053000,17.000000,2.000000,,,29.442000,18.015000,36.596000,5223.090000,5241.105000,5277.701000,262.000000,303.000000,291.000000,287.000000,False,HARD,6.000000,True,McLaren,5193.648000,,1,9.000000,False,,False,True
2026,1,Australian Grand Prix,R,5373.105000,NOR,1,norris,mclaren,95.404000,18.000000,2.000000,,,29.758000,17.788000,47.858000,5307.459000,5325.247000,5373.105000,259.000000,312.000000,223.000000,291.000000,False,HARD,7.000000,True,McLaren,5277.701000,,126,5.000000,False,,False,False
2026,1,Australian Grand Prix,R,5489.175000,NOR,1,norris,mclaren,116.070000,19.000000,2.000000,,,42.456000,22.738000,50.876000,5415.561000,5438.299000,5489.175000,184.000000,238.000000,278.000000,184.000000,False,HARD,8.000000,True,McLaren,5373.105000,,67,5.000000,False,,False,False
2026,1,Australian Grand Prix,R,5574.949000,NOR,1,norris,mclaren,85.774000,20.000000,2.000000,,,30.612000,18.630000,36.532000,5519.787000,5538.417000,5574.949000,259.000000,290.000000,282.000000,219.000000,False,HARD,9.000000,True,McLaren,5489.175000,,71,5.000000,False,,False,False
2026,1,Australian Grand Prix,R,5658.921000,NOR,1,norris,mclaren,83.972000,21.000000,2.000000,,,29.499000,18.129000,36.344000,5604.448000,5622.577000,5658.921000,243.000000,296.000000,285.000000,283.000000,False,HARD,10.000000,True,McLaren,5574.949000,,1,5.000000,False,,False,True
2026,1,Australian Grand Prix,R,5742.608000,NOR,1,norris,mclaren,83.687000,22.000000,2.000000,,,29.317000,17.999000,36.371000,5688.238000,5706.237000,5742.608000,257.000000,297.000000,285.000000,288.000000,True,HARD,11.000000,True,McLaren,5658.921000,,1,5.000000,False,,False,True
2026,1,Australian Grand Prix,R,5826.142000,NOR,1,norris,mclaren,83.534000,23.000000,2.000000,,,29.254000,17.992000,36.288000,5771.862000,5789.854000,5826.142000,264.000000,298.000000,285.000000,285.000000,True,HARD,12.000000,True,McLaren,5742.608000,,1,5.000000,False,,False,True
2026,1,Australian Grand Prix,R,5909.536000,NOR,1,norris,mclaren,83.394000,24.000000,2.000000,,,29.302000,17.929000,36.163000,5855.444000,5873.373000,5909.536000,260.000000,297.000000,284.000000,287.000000,True,HARD,13.000000,True,McLaren,5826.142000,,1,5.000000,False,,False,True
2026,1,Australian Grand Prix,R,5993.036000,NOR,1,norris,mclaren,83.500000,25.000000,2.000000,,,29.373000,17.925000,36.202000,5938.909000,5956.834000,5993.036000,262.000000,299.000000,295.000000,286.000000,False,HARD,14.000000,True,McLaren,5909.536000,,1,5.000000,False,,False,True
2026,1,Australian Grand Prix,R,6076.439000,NOR,1,norris,mclaren,83.403000,26.000000,2.000000,,,29.350000,17.894000,36.159000,6022.386000,6040.280000,6076.439000,259.000000,306.000000,294.000000,293.000000,False,HARD,15.000000,True,McLaren,5993.036000,,1,5.000000,False,,False,True
2026,1,Australian Grand Prix,R,6160.335000,NOR,1,norris,mclaren,83.896000,27.000000,2.000000,,,29.426000,18.011000,36.459000,6105.865000,6123.876000,6160.335000,266.000000,298.000000,289.000000,294.000000,False,HARD,16.000000,True,McLaren,6076.439000,,1,5.000000,False,,False,True
2026,1,Australian Grand Prix,R,6244.375000,NOR,1,norris,mclaren,84.040000,28.000000,2.000000,,,29.538000,17.988000,36.514000,6189.873000,6207.861000,6244.375000,257.000000,301.000000,293.000000,288.000000,False,HARD,17.000000,True,McLaren,6160.335000,,1,5.000000,False,,False,True
2026,1,Australian Grand Prix,R,6328.455000,NOR,1,norris,mclaren,84.080000,29.000000,2.000000,,,29.692000,17.992000,36.396000,6274.067000,6292.059000,6328.455000,254.000000,302.000000,288.000000,288.000000,False,HARD,18.000000,True,McLaren,6244.375000,,1,5.000000,False,,False,True
2026,1,Australian Grand Prix,R,6412.416000,NOR,1,norris,mclaren,83.961000,30.000000,2.000000,,,29.515000,17.966000,36.480000,6357.970000,6375.936000,6412.416000,264.000000,301.000000,289.000000,288.000000,False,HARD,19.000000,True,McLaren,6328.455000,,1,5.000000,False,,False,True
2026,1,Australian Grand Prix,R,6496.510000,NOR,1,norris,mclaren,84.094000,31.000000,2.000000,,,29.604000,17.958000,36.532000,6442.020000,6459.978000,6496.510000,262.000000,300.000000,293.000000,286.000000,False,HARD,20.000000,True,McLaren,6412.416000,,1,5.000000,False,,False,True
2026,1,Australian Grand Prix,R,6580.585000,NOR,1,norris,mclaren,84.075000,32.000000,2.000000,,,29.481000,17.980000,36.614000,6525.991000,6543.971000,6580.585000,259.000000,300.000000,289.000000,291.000000,False,HARD,21.000000,True,McLaren,6496.510000,,1,5.000000,False,,False,True
2026,1,Australian Grand Prix,R,6665.375000,NOR,1,norris,mclaren,84.790000,33.000000,2.000000,,,30.039000,18.027000,36.724000,6610.624000,6628.651000,6665.375000,253.000000,300.000000,287.000000,290.000000,False,HARD,22.000000,True,McLaren,6580.585000,,1,5.000000,False,,False,True
2026,1,Australian Grand Prix,R,6778.107000,NOR,1,norris,mclaren,112.732000,34.000000,2.000000,,6762.584000,39.736000,22.345000,50.651000,6705.111000,6727.456000,6778.107000,207.000000,290.000000,,287.000000,False,HARD,23.000000,True,McLaren,6665.375000,,167,6.000000,False,,False,False
2026,1,Australian Grand Prix,R,6867.541000,NOR,1,norris,mclaren,89.434000,35.000000,3.000000,6780.323000,,34.977000,17.783000,36.674000,6813.084000,6830.867000,6867.541000,267.000000,305.000000,298.000000,240.000000,False,MEDIUM,1.000000,True,McLaren,6778.107000,,1,8.000000,False,,False,False
2026,1,Australian Grand Prix,R,6950.865000,NOR,1,norris,mclaren,83.324000,36.000000,3.000000,,,29.282000,17.819000,36.223000,6896.823000,6914.642000,6950.865000,252.000000,304.000000,299.000000,295.000000,True,MEDIUM,2.000000,True,McLaren,6867.541000,,1,8.000000,False,,False,True
2026,1,Australian Grand Prix,R,7034.313000,NOR,1,norris,mclaren,83.448000,37.000000,3.000000,,,29.399000,17.652000,36.397000,6980.264000,6997.916000,7034.313000,262.000000,311.000000,302.000000,294.000000,False,MEDIUM,3.000000,True,McLaren,6950.865000,,1,8.000000,False,,False,True
2026,1,Australian Grand Prix,R,7117.736000,NOR,1,norris,mclaren,83.423000,38.000000,3.000000,,,29.202000,17.867000,36.354000,7063.515000,7081.382000,7117.736000,252.000000,305.000000,318.000000,296.000000,False,MEDIUM,4.000000,True,McLaren,7034.313000,,1,7.000000,False,,False,True
2026,1,Australian Grand Prix,R,7201.737000,NOR,1,norris,mclaren,84.001000,39.000000,3.000000,,,29.482000,18.144000,36.375000,7147.218000,7165.362000,7201.737000,258.000000,295.000000,286.000000,292.000000,False,MEDIUM,5.000000,True,McLaren,7117.736000,,1,6.000000,False,,False,True
2026,1,Australian Grand Prix,R,7285.134000,NOR,1,norris,mclaren,83.397000,40.000000,3.000000,,,29.188000,17.861000,36.348000,7230.925000,7248.786000,7285.134000,264.000000,297.000000,288.000000,283.000000,False,MEDIUM,6.000000,True,McLaren,7201.737000,,1,6.000000,False,,False,True
2026,1,Australian Grand Prix,R,7368.896000,NOR,1,norris,mclaren,83.762000,41.000000,3.000000,,,29.481000,18.000000,36.281000,7314.615000,7332.615000,7368.896000,253.000000,298.000000,292.000000,284.000000,False,MEDIUM,7.000000,True,McLaren,7285.134000,,1,6.000000,False,,False,True
2026,1,Australian Grand Prix,R,7452.243000,NOR,1,norris,mclaren,83.347000,42.000000,3.000000,,,29.334000,17.955000,36.058000,7398.230000,7416.185000,7452.243000,256.000000,298.000000,288.000000,286.000000,False,MEDIUM,8.000000,True,McLaren,7368.896000,,1,5.000000,False,,False,True
2026,1,Australian Grand Prix,R,7535.529000,NOR,1,norris,mclaren,83.286000,43.000000,3.000000,,,29.377000,17.865000,36.044000,7481.620000,7499.485000,7535.529000,253.000000,299.000000,290.000000,287.000000,True,MEDIUM,9.000000,True,McLaren,7452.243000,,1,5.000000,False,,False,True
2026,1,Australian Grand Prix,R,7618.721000,NOR,1,norris,mclaren,83.192000,44.000000,3.000000,,,29.308000,17.809000,36.075000,7564.837000,7582.646000,7618.721000,256.000000,299.000000,295.000000,285.000000,True,MEDIUM,10.000000,True,McLaren,7535.529000,,1,5.000000,False,,False,True
2026,1,Australian Grand Prix,R,7701.607000,NOR,1,norris,mclaren,82.886000,45.000000,3.000000,,,29.236000,17.800000,35.850000,7647.957000,7665.757000,7701.607000,253.000000,300.000000,293.000000,296.000000,True,MEDIUM,11.000000,True,McLaren,7618.721000,,1,5.000000,False,,False,True
2026,1,Australian Grand Prix,R,7784.515000,NOR,1,norris,mclaren,82.908000,46.000000,3.000000,,,29.050000,17.644000,36.214000,7730.657000,7748.301000,7784.515000,263.000000,304.000000,297.000000,292.000000,False,MEDIUM,12.000000,True,McLaren,7701.607000,,1,5.000000,False,,False,True
2026,1,Australian Grand Prix,R,7867.293000,NOR,1,norris,mclaren,82.778000,47.000000,3.000000,,,29.083000,17.798000,35.897000,7813.598000,7831.396000,7867.293000,253.000000,295.000000,298.000000,297.000000,True,MEDIUM,13.000000,True,McLaren,7784.515000,,1,5.000000,False,,False,True
2026,1,Australian Grand Prix,R,7950.246000,NOR,1,norris,mclaren,82.953000,48.000000,3.000000,,,29.106000,17.743000,36.104000,7896.399000,7914.142000,7950.246000,256.000000,303.000000,290.000000,297.000000,False,MEDIUM,14.000000,True,McLaren,7867.293000,,1,5.000000,False,,False,True
2026,1,Australian Grand Prix,R,8033.050000,NOR,1,norris,mclaren,82.804000,49.000000,3.000000,,,29.043000,17.880000,35.881000,7979.289000,7997.169000,8033.050000,259.000000,295.000000,291.000000,285.000000,False,MEDIUM,15.000000,True,McLaren,7950.246000,,1,5.000000,False,,False,True
2026,1,Australian Grand Prix,R,8115.813000,NOR,1,norris,mclaren,82.763000,50.000000,3.000000,,,29.057000,17.845000,35.861000,8062.107000,8079.952000,8115.813000,258.000000,295.000000,290.000000,289.000000,True,MEDIUM,16.000000,True,McLaren,8033.050000,,1,5.000000,False,,False,True
2026,1,Australian Grand Prix,R,8198.411000,NOR,1,norris,mclaren,82.598000,51.000000,3.000000,,,29.032000,17.854000,35.712000,8144.845000,8162.699000,8198.411000,257.000000,292.000000,298.000000,285.000000,True,MEDIUM,17.000000,True,McLaren,8115.813000,,1,5.000000,False,,False,True
2026,1,Australian Grand Prix,R,8281.195000,NOR,1,norris,mclaren,82.784000,52.000000,3.000000,,,29.077000,17.781000,35.926000,8227.488000,8245.269000,8281.195000,265.000000,292.000000,297.000000,290.000000,False,MEDIUM,18.000000,True,McLaren,8198.411000,,1,5.000000,False,,False,True
2026,1,Australian Grand Prix,R,8363.553000,NOR,1,norris,mclaren,82.358000,53.000000,3.000000,,,28.979000,17.780000,35.599000,8310.174000,8327.954000,8363.553000,253.000000,295.000000,296.000000,288.000000,True,MEDIUM,19.000000,True,McLaren,8281.195000,,1,5.000000,False,,False,True
2026,1,Australian Grand Prix,R,8446.349000,NOR,1,norris,mclaren,82.796000,54.000000,3.000000,,,29.006000,17.779000,36.011000,8392.559000,8410.338000,8446.349000,258.000000,295.000000,298.000000,288.000000,False,MEDIUM,20.000000,True,McLaren,8363.553000,,1,5.000000,False,,False,True
2026,1,Australian Grand Prix,R,8529.216000,NOR,1,norris,mclaren,82.867000,55.000000,3.000000,,,29.076000,17.822000,35.969000,8475.425000,8493.247000,8529.216000,267.000000,298.000000,297.000000,290.000000,False,MEDIUM,21.000000,True,McLaren,8446.349000,,1,5.000000,False,,False,True
2026,1,Australian Grand Prix,R,8612.059000,NOR,1,norris,mclaren,82.843000,56.000000,3.000000,,,29.096000,17.831000,35.916000,8558.312000,8576.143000,8612.059000,257.000000,300.000000,302.000000,286.000000,False,MEDIUM,22.000000,True,McLaren,8529.216000,,1,5.000000,False,,False,True
2026,1,Australian Grand Prix,R,8695.475000,NOR,1,norris,mclaren,83.416000,57.000000,3.000000,,,29.563000,17.762000,36.091000,8641.622000,8659.384000,8695.475000,254.000000,303.000000,296.000000,291.000000,False,MEDIUM,23.000000,True,McLaren,8612.059000,,1,5.000000,False,,False,True
2026,1,Australian Grand Prix,R,8778.521000,NOR,1,norris,mclaren,83.046000,58.000000,3.000000,,,29.171000,17.845000,36.030000,8724.646000,8742.491000,8778.521000,265.000000,296.000000,290.000000,292.000000,False,MEDIUM,24.000000,True,McLaren,8695.475000,,1,5.000000,False,,False,True
2026,1,Australian Grand Prix,R,3837.959000,GAS,10,gasly,alpine,97.980000,1.000000,1.000000,,,,18.682000,38.910000,,3799.620000,3838.246000,230.000000,305.000000,288.000000,214.000000,False,MEDIUM,1.000000,True,Alpine,3739.743000,,1,9.000000,False,,False,False
2026,1,Australian Grand Prix,R,3925.240000,GAS,10,gasly,alpine,87.281000,2.000000,1.000000,,,31.136000,17.996000,38.149000,3869.151000,3887.147000,3925.296000,259.000000,296.000000,294.000000,264.000000,True,MEDIUM,2.000000,True,Alpine,3837.959000,,1,9.000000,False,,False,True
2026,1,Australian Grand Prix,R,4011.611000,GAS,10,gasly,alpine,86.371000,3.000000,1.000000,,,30.613000,17.818000,37.940000,3955.909000,3973.727000,4011.667000,256.000000,308.000000,298.000000,270.000000,True,MEDIUM,3.000000,True,Alpine,3925.240000,,1,9.000000,False,,False,True
2026,1,Australian Grand Prix,R,4097.505000,GAS,10,gasly,alpine,85.894000,4.000000,1.000000,,,30.427000,17.771000,37.696000,4042.094000,4059.865000,4097.561000,254.000000,314.000000,308.000000,278.000000,True,MEDIUM,4.000000,True,Alpine,4011.611000,,1,9.000000,False,,False,True
2026,1,Australian Grand Prix,R,4184.545000,GAS,10,gasly,alpine,87.040000,5.000000,1.000000,,,30.983000,17.647000,38.410000,4128.544000,4146.191000,4184.601000,266.000000,324.000000,302.000000,253.000000,False,MEDIUM,5.000000,True,Alpine,4097.505000,,1,9.000000,True,TRACK LIMITS AT TURN 10 LAP 5 ,False,True
2026,1,Australian Grand Prix,R,4270.534000,GAS,10,gasly,alpine,85.989000,6.000000,1.000000,,,30.696000,17.800000,37.493000,4215.297000,4233.097000,4270.590000,262.000000,312.000000,296.000000,262.000000,False,MEDIUM,6.000000,True,Alpine,4184.545000,,1,9.000000,False,,False,True
2026,1,Australian Grand Prix,R,4355.613000,GAS,10,gasly,alpine,85.079000,7.000000,1.000000,,,29.873000,17.815000,37.391000,4300.463000,4318.278000,4355.669000,268.000000,303.000000,296.000000,288.000000,True,MEDIUM,7.000000,True,Alpine,4270.534000,,1,9.000000,False,,False,True
2026,1,Australian Grand Prix,R,4440.577000,GAS,10,gasly,alpine,84.964000,8.000000,1.000000,,,29.969000,17.697000,37.298000,4385.638000,4403.335000,4440.633000,264.000000,308.000000,303.000000,293.000000,True,MEDIUM,8.000000,True,Alpine,4355.613000,,1,9.000000,False,,False,True
2026,1,Australian Grand Prix,R,4526.018000,GAS,10,gasly,alpine,85.441000,9.000000,1.000000,,,30.052000,17.651000,37.738000,4470.685000,4488.336000,4526.074000,260.000000,318.000000,297.000000,300.000000,False,MEDIUM,9.000000,True,Alpine,4440.577000,,1,9.000000,False,,False,True
2026,1,Australian Grand Prix,R,4612.687000,GAS,10,gasly,alpine,86.669000,10.000000,1.000000,,,30.475000,17.800000,38.394000,4556.549000,4574.349000,4612.743000,258.000000,312.000000,299.000000,292.000000,False,MEDIUM,10.000000,True,Alpine,4526.018000,,1,10.000000,False,,False,True
2026,1,Australian Grand Prix,R,4717.508000,GAS,10,gasly,alpine,104.821000,11.000000,1.000000,,4701.012000,30.082000,17.797000,56.942000,4642.825000,4660.622000,4717.564000,267.000000,313.000000,,298.000000,False,MEDIUM,11.000000,True,Alpine,4612.687000,,16,12.000000,False,,False,False
2026,1,Australian Grand Prix,R,4835.580000,GAS,10,gasly,alpine,118.072000,12.000000,2.000000,4719.918000,,42.291000,29.532000,46.249000,4759.855000,4789.387000,4835.636000,216.000000,119.000000,237.000000,219.000000,False,HARD,1.000000,True,Alpine,4717.508000,,6,11.000000,False,,False,False
2026,1,Australian Grand Prix,R,4947.214000,GAS,10,gasly,alpine,111.634000,13.000000,2.000000,,,40.653000,30.489000,40.492000,4876.289000,4906.778000,4947.270000,201.000000,133.000000,269.000000,240.000000,False,HARD,2.000000,True,Alpine,4835.580000,,671,11.000000,False,,False,False
2026,1,Australian Grand Prix,R,5032.962000,GAS,10,gasly,alpine,85.748000,14.000000,2.000000,,,30.752000,17.982000,37.014000,4978.022000,4996.004000,5033.018000,252.000000,306.000000,293.000000,277.000000,False,HARD,3.000000,True,Alpine,4947.214000,,1,11.000000,False,,False,True
2026,1,Australian Grand Prix,R,5117.785000,GAS,10,gasly,alpine,84.823000,15.000000,2.000000,,,29.928000,17.954000,36.941000,5062.946000,5080.900000,5117.841000,251.000000,308.000000,298.000000,288.000000,True,HARD,4.000000,True,Alpine,5032.962000,,1,11.000000,False,,False,True
2026,1,Australian Grand Prix,R,5202.475000,GAS,10,gasly,alpine,84.690000,16.000000,2.000000,,,29.817000,17.810000,37.063000,5147.658000,5165.468000,5202.531000,262.000000,310.000000,300.000000,290.000000,True,HARD,5.000000,True,Alpine,5117.785000,,1,11.000000,False,,False,True
2026,1,Australian Grand Prix,R,5287.678000,GAS,10,gasly,alpine,85.203000,17.000000,2.000000,,,29.868000,17.693000,37.642000,5232.399000,5250.092000,5287.734000,253.000000,318.000000,297.000000,297.000000,False,HARD,6.000000,True,Alpine,5202.475000,,1,11.000000,False,,False,True
2026,1,Australian Grand Prix,R,5388.903000,GAS,10,gasly,alpine,101.225000,18.000000,2.000000,,,30.704000,25.668000,44.853000,5318.438000,5344.106000,5388.959000,255.000000,189.000000,223.000000,269.000000,False,HARD,7.000000,True,Alpine,5287.678000,,126,11.000000,False,,False,False
2026,1,Australian Grand Prix,R,5501.853000,GAS,10,gasly,alpine,112.950000,19.000000,2.000000,,,41.395000,25.752000,45.803000,5430.354000,5456.106000,5501.909000,236.000000,212.000000,300.000000,231.000000,False,HARD,8.000000,True,Alpine,5388.903000,,671,10.000000,False,,False,False
2026,1,Australian Grand Prix,R,5588.431000,GAS,10,gasly,alpine,86.578000,20.000000,2.000000,,,31.057000,17.719000,37.802000,5532.966000,5550.685000,5588.487000,260.000000,310.000000,303.000000,277.000000,False,HARD,9.000000,True,Alpine,5501.853000,,1,11.000000,False,,False,True
2026,1,Australian Grand Prix,R,5674.109000,GAS,10,gasly,alpine,85.678000,21.000000,2.000000,,,30.591000,17.995000,37.092000,5619.078000,5637.073000,5674.165000,267.000000,307.000000,289.000000,259.000000,False,HARD,10.000000,True,Alpine,5588.431000,,1,10.000000,False,,False,True
2026,1,Australian Grand Prix,R,5758.695000,GAS,10,gasly,alpine,84.586000,22.000000,2.000000,,,29.740000,17.913000,36.933000,5703.905000,5721.818000,5758.751000,250.000000,307.000000,297.000000,290.000000,True,HARD,11.000000,True,Alpine,5674.109000,,1,10.000000,False,,False,True
2026,1,Australian Grand Prix,R,5843.194000,GAS,10,gasly,alpine,84.499000,23.000000,2.000000,,,29.633000,17.823000,37.043000,5788.384000,5806.207000,5843.250000,258.000000,307.000000,290.000000,298.000000,True,HARD,12.000000,True,Alpine,5758.695000,,1,10.000000,False,,False,True
2026,1,Australian Grand Prix,R,5928.046000,GAS,10,gasly,alpine,84.852000,24.000000,2.000000,,,30.053000,17.852000,36.947000,5873.303000,5891.155000,5928.102000,260.000000,307.000000,299.000000,288.000000,False,HARD,13.000000,True,Alpine,5843.194000,,1,10.000000,False,,False,True
2026,1,Australian Grand Prix,R,6012.586000,GAS,10,gasly,alpine,84.540000,25.000000,2.000000,,,29.816000,17.886000,36.838000,5957.918000,5975.804000,6012.642000,263.000000,305.000000,298.000000,295.000000,False,HARD,14.000000,True,Alpine,5928.046000,,1,10.000000,False,,False,True
2026,1,Australian Grand Prix,R,6097.357000,GAS,10,gasly,alpine,84.771000,26.000000,2.000000,,,29.940000,17.957000,36.874000,6042.582000,6060.539000,6097.413000,251.000000,306.000000,293.000000,294.000000,False,HARD,15.000000,True,Alpine,6012.586000,,1,10.000000,False,,False,True
2026,1,Australian Grand Prix,R,6182.018000,GAS,10,gasly,alpine,84.661000,27.000000,2.000000,,,29.680000,17.895000,37.086000,6127.093000,6144.988000,6182.074000,270.000000,304.000000,297.000000,288.000000,False,HARD,16.000000,True,Alpine,6097.357000,,1,10.000000,False,,False,True
2026,1,Australian Grand Prix,R,6266.813000,GAS,10,gasly,alpine,84.795000,28.000000,2.000000,,,29.776000,17.975000,37.044000,6211.850000,6229.825000,6266.869000,265.000000,304.000000,295.000000,293.000000,False,HARD,17.000000,True,Alpine,6182.018000,,1,10.000000,False,,False,True
2026,1,Australian Grand Prix,R,6351.909000,GAS,10,gasly,alpine,85.096000,29.000000,2.000000,,,29.838000,18.010000,37.248000,6296.707000,6314.717000,6351.965000,265.000000,303.000000,292.000000,294.000000,False,HARD,18.000000,True,Alpine,6266.813000,,1,10.000000,False,,False,True
2026,1,Australian Grand Prix,R,6437.151000,GAS,10,gasly,alpine,85.242000,30.000000,2.000000,,,30.259000,17.917000,37.066000,6382.224000,6400.141000,6437.207000,254.000000,306.000000,294.000000,284.000000,False,HARD,19.000000,True,Alpine,6351.909000,,1,10.000000,False,,False,True
2026,1,Australian Grand Prix,R,6522.422000,GAS,10,gasly,alpine,85.271000,31.000000,2.000000,,,30.213000,17.873000,37.185000,6467.420000,6485.293000,6522.478000,258.000000,306.000000,288.000000,285.000000,False,HARD,20.000000,True,Alpine,6437.151000,,1,10.000000,False,,False,True
2026,1,Australian Grand Prix,R,6607.624000,GAS,10,gasly,alpine,85.202000,32.000000,2.000000,,,30.200000,17.946000,37.056000,6552.678000,6570.624000,6607.680000,258.000000,303.000000,295.000000,282.000000,False,HARD,21.000000,True,Alpine,6522.422000,,1,10.000000,False,,False,True
2026,1,Australian Grand Prix,R,6699.900000,GAS,10,gasly,alpine,92.276000,33.000000,2.000000,,,30.216000,18.086000,43.974000,6637.896000,6655.982000,6699.956000,259.000000,302.000000,253.000000,290.000000,False,HARD,22.000000,True,Alpine,6607.624000,,16,9.000000,False,,False,False
2026,1,Australian Grand Prix,R,6791.144000,GAS,10,gasly,alpine,91.244000,34.000000,2.000000,,,35.755000,18.140000,37.349000,6735.711000,6753.851000,6791.200000,265.000000,300.000000,293.000000,248.000000,False,HARD,23.000000,True,Alpine,6699.900000,,671,9.000000,False,,False,False
2026,1,Australian Grand Prix,R,6876.173000,GAS,10,gasly,alpine,85.029000,35.000000,2.000000,,,30.064000,17.915000,37.050000,6821.264000,6839.179000,6876.229000,266.000000,302.000000,299.000000,286.000000,False,HARD,24.000000,True,Alpine,6791.144000,,1,9.000000,False,,False,True
2026,1,Australian Grand Prix,R,6961.350000,GAS,10,gasly,alpine,85.177000,36.000000,2.000000,,,29.890000,17.876000,37.411000,6906.119000,6923.995000,6961.406000,264.000000,306.000000,291.000000,296.000000,False,HARD,25.000000,True,Alpine,6876.173000,,1,9.000000,False,,False,True
2026,1,Australian Grand Prix,R,7047.683000,GAS,10,gasly,alpine,86.333000,37.000000,2.000000,,,30.147000,18.019000,38.167000,6991.553000,7009.572000,7047.739000,268.000000,302.000000,302.000000,286.000000,False,HARD,26.000000,True,Alpine,6961.350000,,1,10.000000,False,,False,True
2026,1,Australian Grand Prix,R,7133.777000,GAS,10,gasly,alpine,86.094000,38.000000,2.000000,,,30.547000,17.760000,37.787000,7078.286000,7096.046000,7133.833000,261.000000,315.000000,294.000000,263.000000,False,HARD,27.000000,True,Alpine,7047.683000,,1,9.000000,False,,False,True
2026,1,Australian Grand Prix,R,7219.042000,GAS,10,gasly,alpine,85.265000,39.000000,2.000000,,,30.113000,17.989000,37.163000,7163.946000,7181.935000,7219.098000,262.000000,300.000000,290.000000,286.000000,False,HARD,28.000000,True,Alpine,7133.777000,,1,9.000000,False,,False,True
2026,1,Australian Grand Prix,R,7305.174000,GAS,10,gasly,alpine,86.132000,40.000000,2.000000,,,30.738000,17.773000,37.621000,7249.836000,7267.609000,7305.230000,265.000000,307.000000,298.000000,271.000000,False,HARD,29.000000,True,Alpine,7219.042000,,1,10.000000,False,,False,True
2026,1,Australian Grand Prix,R,7390.493000,GAS,10,gasly,alpine,85.319000,41.000000,2.000000,,,30.039000,17.873000,37.407000,7335.269000,7353.142000,7390.549000,257.000000,308.000000,297.000000,295.000000,False,HARD,30.000000,True,Alpine,7305.174000,,1,10.000000,False,,False,True
2026,1,Australian Grand Prix,R,7475.372000,GAS,10,gasly,alpine,84.879000,42.000000,2.000000,,,29.776000,17.899000,37.204000,7420.325000,7438.224000,7475.428000,270.000000,304.000000,293.000000,306.000000,False,HARD,31.000000,True,Alpine,7390.493000,,1,10.000000,False,,False,True
2026,1,Australian Grand Prix,R,7560.349000,GAS,10,gasly,alpine,84.977000,43.000000,2.000000,,,30.015000,17.902000,37.060000,7505.443000,7523.345000,7560.405000,260.000000,306.000000,288.000000,289.000000,False,HARD,32.000000,True,Alpine,7475.372000,,1,10.000000,False,,False,True
2026,1,Australian Grand Prix,R,7645.377000,GAS,10,gasly,alpine,85.028000,44.000000,2.000000,,,29.992000,17.897000,37.139000,7590.397000,7608.294000,7645.433000,261.000000,304.000000,296.000000,290.000000,False,HARD,33.000000,True,Alpine,7560.349000,,1,10.000000,False,,False,True
2026,1,Australian Grand Prix,R,7732.552000,GAS,10,gasly,alpine,87.175000,45.000000,2.000000,,,30.630000,18.626000,37.919000,7676.063000,7694.689000,7732.608000,260.000000,283.000000,290.000000,292.000000,False,HARD,34.000000,True,Alpine,7645.377000,,1,10.000000,False,,False,True
2026,1,Australian Grand Prix,R,7817.905000,GAS,10,gasly,alpine,85.353000,46.000000,2.000000,,,30.097000,17.911000,37.345000,7762.705000,7780.616000,7817.961000,264.000000,305.000000,289.000000,286.000000,False,HARD,35.000000,True,Alpine,7732.552000,,1,10.000000,False,,False,True
2026,1,Australian Grand Prix,R,7904.402000,GAS,10,gasly,alpine,86.497000,47.000000,2.000000,,,29.971000,18.379000,38.147000,7847.932000,7866.311000,7904.458000,271.000000,230.000000,299.000000,288.000000,False,HARD,36.000000,True,Alpine,7817.905000,,1,10.000000,False,,False,True
2026,1,Australian Grand Prix,R,7989.384000,GAS,10,gasly,alpine,84.982000,48.000000,2.000000,,,29.911000,17.794000,37.277000,7934.369000,7952.163000,7989.440000,264.000000,307.000000,294.000000,294.000000,False,HARD,37.000000,True,Alpine,7904.402000,,1,10.000000,False,,False,True
2026,1,Australian Grand Prix,R,8074.665000,GAS,10,gasly,alpine,85.281000,49.000000,2.000000,,,30.100000,17.949000,37.232000,8019.540000,8037.489000,8074.721000,263.000000,303.000000,291.000000,292.000000,False,HARD,38.000000,True,Alpine,7989.384000,,1,10.000000,False,,False,True
2026,1,Australian Grand Prix,R,8159.592000,GAS,10,gasly,alpine,84.927000,50.000000,2.000000,,,30.004000,17.925000,36.998000,8104.725000,8122.650000,8159.648000,271.000000,302.000000,292.000000,293.000000,False,HARD,39.000000,True,Alpine,8074.665000,,1,10.000000,False,,False,True
2026,1,Australian Grand Prix,R,8246.052000,GAS,10,gasly,alpine,86.460000,51.000000,2.000000,,,30.170000,18.244000,38.046000,8189.818000,8208.062000,8246.108000,259.000000,248.000000,300.000000,294.000000,False,HARD,40.000000,True,Alpine,8159.592000,,1,10.000000,False,,False,True
2026,1,Australian Grand Prix,R,8332.579000,GAS,10,gasly,alpine,86.527000,52.000000,2.000000,,,31.448000,17.854000,37.225000,8277.556000,8295.410000,8332.635000,258.000000,309.000000,297.000000,290.000000,False,HARD,41.000000,True,Alpine,8246.052000,,1,10.000000,False,,False,True
2026,1,Australian Grand Prix,R,8417.369000,GAS,10,gasly,alpine,84.790000,53.000000,2.000000,,,29.893000,17.911000,36.986000,8362.528000,8380.439000,8417.425000,263.000000,303.000000,292.000000,293.000000,False,HARD,42.000000,True,Alpine,8332.579000,,1,10.000000,False,,False,True
2026,1,Australian Grand Prix,R,8501.889000,GAS,10,gasly,alpine,84.520000,54.000000,2.000000,,,29.789000,17.954000,36.777000,8447.214000,8465.168000,8501.945000,269.000000,302.000000,292.000000,295.000000,False,HARD,43.000000,True,Alpine,8417.369000,,1,10.000000,False,,False,True
2026,1,Australian Grand Prix,R,8586.484000,GAS,10,gasly,alpine,84.595000,55.000000,2.000000,,,29.659000,17.851000,37.085000,8531.604000,8549.455000,8586.540000,274.000000,302.000000,296.000000,293.000000,False,HARD,44.000000,True,Alpine,8501.889000,,1,10.000000,False,,False,True
2026,1,Australian Grand Prix,R,8670.970000,GAS,10,gasly,alpine,84.486000,56.000000,2.000000,,,29.844000,17.894000,36.748000,8616.384000,8634.278000,8671.026000,262.000000,302.000000,298.000000,298.000000,True,HARD,45.000000,True,Alpine,8586.484000,,1,10.000000,False,,False,True
2026,1,Australian Grand Prix,R,8755.807000,GAS,10,gasly,alpine,84.837000,57.000000,2.000000,,,29.814000,17.848000,37.175000,8700.840000,8718.688000,8755.863000,273.000000,302.000000,295.000000,295.000000,False,HARD,46.000000,True,Alpine,8670.970000,,1,10.000000,False,,False,True
2026,1,Australian Grand Prix,R,3842.536000,PER,11,perez,cadillac,102.557000,1.000000,1.000000,,,,19.226000,40.448000,,3803.144000,3842.783000,229.000000,290.000000,303.000000,200.000000,False,MEDIUM,1.000000,True,Cadillac,3739.743000,,1,19.000000,False,,False,False
2026,1,Australian Grand Prix,R,3931.299000,PER,11,perez,cadillac,88.763000,2.000000,1.000000,,,31.753000,18.188000,38.822000,3874.380000,3892.568000,3931.390000,251.000000,312.000000,305.000000,238.000000,True,MEDIUM,2.000000,True,Cadillac,3842.536000,,1,19.000000,False,,False,True
2026,1,Australian Grand Prix,R,4019.393000,PER,11,perez,cadillac,88.094000,3.000000,1.000000,,,31.672000,18.037000,38.385000,3963.062000,3981.099000,4019.484000,253.000000,311.000000,298.000000,260.000000,True,MEDIUM,3.000000,True,Cadillac,3931.299000,,1,18.000000,False,,False,True
2026,1,Australian Grand Prix,R,4106.615000,PER,11,perez,cadillac,87.222000,4.000000,1.000000,,,30.827000,18.195000,38.200000,4050.311000,4068.506000,4106.706000,255.000000,307.000000,298.000000,280.000000,True,MEDIUM,4.000000,True,Cadillac,4019.393000,,1,18.000000,False,,False,True
2026,1,Australian Grand Prix,R,4194.640000,PER,11,perez,cadillac,88.025000,5.000000,1.000000,,,31.295000,18.506000,38.224000,4138.001000,4156.507000,4194.731000,256.000000,300.000000,292.000000,291.000000,False,MEDIUM,5.000000,True,Cadillac,4106.615000,,1,18.000000,False,,False,True
2026,1,Australian Grand Prix,R,4282.235000,PER,11,perez,cadillac,87.595000,6.000000,1.000000,,,31.178000,18.288000,38.129000,4225.909000,4244.197000,4282.326000,259.000000,302.000000,289.000000,269.000000,False,MEDIUM,6.000000,True,Cadillac,4194.640000,,1,18.000000,False,,False,True
2026,1,Australian Grand Prix,R,4369.860000,PER,11,perez,cadillac,87.625000,7.000000,1.000000,,,31.003000,18.300000,38.322000,4313.329000,4331.629000,4369.951000,258.000000,300.000000,296.000000,273.000000,False,MEDIUM,7.000000,True,Cadillac,4282.235000,,1,18.000000,False,,False,True
2026,1,Australian Grand Prix,R,4457.044000,PER,11,perez,cadillac,87.184000,8.000000,1.000000,,,30.946000,18.193000,38.045000,4400.897000,4419.090000,4457.135000,257.000000,302.000000,296.000000,281.000000,True,MEDIUM,8.000000,True,Cadillac,4369.860000,,1,18.000000,False,,False,True
2026,1,Australian Grand Prix,R,4544.094000,PER,11,perez,cadillac,87.050000,9.000000,1.000000,,,30.807000,18.233000,38.010000,4487.942000,4506.175000,4544.185000,256.000000,300.000000,296.000000,292.000000,True,MEDIUM,9.000000,True,Cadillac,4457.044000,,1,17.000000,False,,False,True
2026,1,Australian Grand Prix,R,4631.689000,PER,11,perez,cadillac,87.595000,10.000000,1.000000,,,30.981000,18.397000,38.217000,4575.166000,4593.563000,4631.780000,257.000000,294.000000,296.000000,284.000000,False,MEDIUM,10.000000,True,Cadillac,4544.094000,,1,17.000000,False,,False,True
2026,1,Australian Grand Prix,R,4729.564000,PER,11,perez,cadillac,97.875000,11.000000,1.000000,,,31.102000,18.422000,48.351000,4662.882000,4681.304000,4729.655000,257.000000,294.000000,219.000000,292.000000,False,MEDIUM,11.000000,True,Cadillac,4631.689000,,16,14.000000,False,,False,False
2026,1,Australian Grand Prix,R,4846.101000,PER,11,perez,cadillac,116.537000,12.000000,1.000000,,,43.311000,24.555000,48.671000,4772.966000,4797.521000,4846.192000,206.000000,181.000000,256.000000,177.000000,False,MEDIUM,12.000000,True,Cadillac,4729.564000,,6,14.000000,False,,False,False
2026,1,Australian Grand Prix,R,4956.102000,PER,11,perez,cadillac,110.001000,13.000000,1.000000,,,41.541000,26.385000,42.075000,4887.733000,4914.118000,4956.193000,222.000000,124.000000,300.000000,157.000000,False,MEDIUM,13.000000,True,Cadillac,4846.101000,,671,14.000000,False,,False,False
2026,1,Australian Grand Prix,R,5043.186000,PER,11,perez,cadillac,87.084000,14.000000,1.000000,,,30.356000,18.641000,38.087000,4986.549000,5005.190000,5043.277000,248.000000,291.000000,292.000000,291.000000,False,MEDIUM,14.000000,True,Cadillac,4956.102000,,1,14.000000,False,,False,True
2026,1,Australian Grand Prix,R,5131.323000,PER,11,perez,cadillac,88.137000,15.000000,1.000000,,,30.957000,18.323000,38.857000,5074.234000,5092.557000,5131.414000,255.000000,298.000000,294.000000,273.000000,False,MEDIUM,15.000000,True,Cadillac,5043.186000,,1,14.000000,False,,False,True
2026,1,Australian Grand Prix,R,5222.600000,PER,11,perez,cadillac,91.277000,16.000000,1.000000,,,31.938000,19.006000,40.333000,5163.352000,5182.358000,5222.691000,245.000000,286.000000,274.000000,252.000000,False,MEDIUM,16.000000,True,Cadillac,5131.323000,,1,15.000000,False,,False,True
2026,1,Australian Grand Prix,R,5311.215000,PER,11,perez,cadillac,88.615000,17.000000,1.000000,,,31.493000,18.417000,38.705000,5254.184000,5272.601000,5311.306000,257.000000,299.000000,297.000000,254.000000,False,MEDIUM,17.000000,True,Cadillac,5222.600000,,1,15.000000,False,,False,True
2026,1,Australian Grand Prix,R,5437.299000,PER,11,perez,cadillac,126.084000,18.000000,1.000000,,5418.038000,35.121000,24.446000,66.517000,5346.427000,5370.873000,5437.390000,234.000000,163.000000,,286.000000,False,MEDIUM,18.000000,True,Cadillac,5311.215000,,126,16.000000,False,,False,False
2026,1,Australian Grand Prix,R,5540.658000,PER,11,perez,cadillac,103.359000,19.000000,2.000000,5439.693000,,45.600000,19.548000,38.211000,5482.990000,5502.538000,5540.749000,182.000000,297.000000,286.000000,194.000000,False,HARD,1.000000,True,Cadillac,5437.299000,,671,16.000000,False,,False,False
2026,1,Australian Grand Prix,R,5627.148000,PER,11,perez,cadillac,86.490000,20.000000,2.000000,,,30.352000,18.323000,37.815000,5571.101000,5589.424000,5627.239000,256.000000,290.000000,289.000000,273.000000,True,HARD,2.000000,True,Cadillac,5540.658000,,1,16.000000,False,,False,True
2026,1,Australian Grand Prix,R,5714.410000,PER,11,perez,cadillac,87.262000,21.000000,2.000000,,,30.520000,18.341000,38.401000,5657.759000,5676.100000,5714.501000,256.000000,292.000000,245.000000,290.000000,False,HARD,3.000000,True,Cadillac,5627.148000,,1,16.000000,False,,False,True
2026,1,Australian Grand Prix,R,5803.493000,PER,11,perez,cadillac,89.083000,22.000000,2.000000,,,32.306000,18.051000,38.726000,5746.807000,5764.858000,5803.584000,259.000000,301.000000,253.000000,255.000000,False,HARD,4.000000,True,Cadillac,5714.410000,,1,16.000000,False,,False,True
2026,1,Australian Grand Prix,R,5890.950000,PER,11,perez,cadillac,87.457000,23.000000,2.000000,,,31.521000,18.152000,37.784000,5835.105000,5853.257000,5891.041000,260.000000,299.000000,299.000000,236.000000,False,HARD,5.000000,True,Cadillac,5803.493000,,1,16.000000,False,,False,True
2026,1,Australian Grand Prix,R,5980.234000,PER,11,perez,cadillac,89.284000,24.000000,2.000000,,,30.505000,18.594000,40.185000,5921.546000,5940.140000,5980.325000,256.000000,242.000000,285.000000,295.000000,False,HARD,6.000000,True,Cadillac,5890.950000,,1,16.000000,False,,False,True
2026,1,Australian Grand Prix,R,6067.327000,PER,11,perez,cadillac,87.093000,25.000000,2.000000,,,30.785000,18.117000,38.191000,6011.110000,6029.227000,6067.418000,260.000000,298.000000,297.000000,280.000000,False,HARD,7.000000,True,Cadillac,5980.234000,,1,16.000000,False,,False,True
2026,1,Australian Grand Prix,R,6155.915000,PER,11,perez,cadillac,88.588000,26.000000,2.000000,,,32.306000,18.158000,38.124000,6099.724000,6117.882000,6156.006000,256.000000,303.000000,297.000000,297.000000,False,HARD,8.000000,True,Cadillac,6067.327000,,1,16.000000,False,,False,True
2026,1,Australian Grand Prix,R,6244.267000,PER,11,perez,cadillac,88.352000,27.000000,2.000000,,,30.457000,18.511000,39.384000,6186.463000,6204.974000,6244.358000,258.000000,290.000000,221.000000,298.000000,False,HARD,9.000000,True,Cadillac,6155.915000,,1,16.000000,False,,False,True
2026,1,Australian Grand Prix,R,6333.516000,PER,11,perez,cadillac,89.249000,28.000000,2.000000,,,31.333000,18.077000,39.839000,6275.691000,6293.768000,6333.607000,258.000000,302.000000,299.000000,253.000000,False,HARD,10.000000,True,Cadillac,6244.267000,,1,16.000000,False,,False,True
2026,1,Australian Grand Prix,R,6420.450000,PER,11,perez,cadillac,86.934000,29.000000,2.000000,,,30.669000,18.062000,38.203000,6364.276000,6382.338000,6420.541000,258.000000,301.000000,296.000000,296.000000,False,HARD,11.000000,True,Cadillac,6333.516000,,1,16.000000,False,,False,True
2026,1,Australian Grand Prix,R,6507.869000,PER,11,perez,cadillac,87.419000,30.000000,2.000000,,,30.911000,18.227000,38.281000,6451.452000,6469.679000,6507.960000,255.000000,296.000000,297.000000,281.000000,False,HARD,12.000000,True,Cadillac,6420.450000,,1,16.000000,False,,False,True
2026,1,Australian Grand Prix,R,6598.375000,PER,11,perez,cadillac,90.506000,31.000000,2.000000,,,30.889000,18.328000,41.289000,6538.849000,6557.177000,6598.466000,255.000000,295.000000,298.000000,287.000000,False,HARD,13.000000,True,Cadillac,6507.869000,,1,16.000000,False,,False,True
2026,1,Australian Grand Prix,R,6693.347000,PER,11,perez,cadillac,94.972000,32.000000,2.000000,,,31.025000,19.385000,44.562000,6629.491000,6648.876000,6693.438000,257.000000,295.000000,162.000000,285.000000,False,HARD,14.000000,True,Cadillac,6598.375000,,16,16.000000,False,,False,False
2026,1,Australian Grand Prix,R,6786.825000,PER,11,perez,cadillac,93.478000,33.000000,2.000000,,,37.144000,18.329000,38.005000,6730.582000,6748.911000,6786.916000,259.000000,296.000000,298.000000,174.000000,False,HARD,15.000000,True,Cadillac,6693.347000,,671,16.000000,False,,False,False
2026,1,Australian Grand Prix,R,6873.976000,PER,11,perez,cadillac,87.151000,34.000000,2.000000,,,30.958000,18.172000,38.021000,6817.874000,6836.046000,6874.067000,256.000000,298.000000,299.000000,289.000000,False,HARD,16.000000,True,Cadillac,6786.825000,,1,16.000000,False,,False,True
2026,1,Australian Grand Prix,R,6963.202000,PER,11,perez,cadillac,89.226000,35.000000,2.000000,,,30.561000,18.262000,40.403000,6904.628000,6922.890000,6963.293000,258.000000,295.000000,302.000000,295.000000,False,HARD,17.000000,True,Cadillac,6873.976000,,1,16.000000,False,,False,True
2026,1,Australian Grand Prix,R,7052.093000,PER,11,perez,cadillac,88.891000,36.000000,2.000000,,,30.652000,18.755000,39.484000,6993.945000,7012.700000,7052.184000,260.000000,227.000000,301.000000,289.000000,False,HARD,18.000000,True,Cadillac,6963.202000,,1,16.000000,False,,False,True
2026,1,Australian Grand Prix,R,7139.174000,PER,11,perez,cadillac,87.081000,37.000000,2.000000,,,30.894000,18.169000,38.018000,7083.078000,7101.247000,7139.265000,259.000000,298.000000,300.000000,297.000000,False,HARD,19.000000,True,Cadillac,7052.093000,,1,16.000000,False,,False,True
2026,1,Australian Grand Prix,R,7226.104000,PER,11,perez,cadillac,86.930000,38.000000,2.000000,,,30.567000,18.380000,37.983000,7169.832000,7188.212000,7226.195000,261.000000,293.000000,301.000000,294.000000,False,HARD,20.000000,True,Cadillac,7139.174000,,1,16.000000,False,,False,True
2026,1,Australian Grand Prix,R,7313.203000,PER,11,perez,cadillac,87.099000,39.000000,2.000000,,,30.501000,18.506000,38.092000,7256.696000,7275.202000,7313.294000,259.000000,288.000000,298.000000,298.000000,False,HARD,21.000000,True,Cadillac,7226.104000,,1,16.000000,False,,False,True
2026,1,Australian Grand Prix,R,7402.401000,PER,11,perez,cadillac,89.198000,40.000000,2.000000,,,32.609000,18.222000,38.367000,7345.903000,7364.125000,7402.492000,257.000000,302.000000,299.000000,296.000000,False,HARD,22.000000,True,Cadillac,7313.203000,,1,16.000000,False,,False,True
2026,1,Australian Grand Prix,R,7491.620000,PER,11,perez,cadillac,89.219000,41.000000,2.000000,,,32.506000,18.387000,38.326000,7434.998000,7453.385000,7491.711000,256.000000,300.000000,294.000000,291.000000,False,HARD,23.000000,True,Cadillac,7402.401000,,1,16.000000,False,,False,True
2026,1,Australian Grand Prix,R,7579.576000,PER,11,perez,cadillac,87.956000,42.000000,2.000000,,,30.996000,18.189000,38.771000,7522.707000,7540.896000,7579.667000,258.000000,297.000000,249.000000,275.000000,False,HARD,24.000000,True,Cadillac,7491.620000,,1,16.000000,False,,False,True
2026,1,Australian Grand Prix,R,7684.625000,PER,11,perez,cadillac,105.049000,43.000000,2.000000,,7667.788000,31.257000,18.463000,55.329000,7610.924000,7629.387000,7684.716000,259.000000,295.000000,,266.000000,False,HARD,25.000000,True,Cadillac,7579.576000,,1,16.000000,False,,False,False
2026,1,Australian Grand Prix,R,7778.047000,PER,11,perez,cadillac,93.422000,44.000000,3.000000,7687.124000,,37.210000,18.286000,37.926000,7721.926000,7740.212000,7778.138000,255.000000,296.000000,292.000000,204.000000,False,SOFT,1.000000,True,Cadillac,7684.625000,,1,16.000000,False,,False,False
2026,1,Australian Grand Prix,R,7864.361000,PER,11,perez,cadillac,86.314000,45.000000,3.000000,,,29.952000,18.089000,38.273000,7808.090000,7826.179000,7864.452000,260.000000,293.000000,286.000000,286.000000,True,SOFT,2.000000,True,Cadillac,7778.047000,,1,16.000000,False,,False,True
2026,1,Australian Grand Prix,R,7952.456000,PER,11,perez,cadillac,88.095000,46.000000,3.000000,,,30.005000,18.092000,39.998000,7894.457000,7912.549000,7952.547000,259.000000,294.000000,287.000000,287.000000,False,SOFT,3.000000,True,Cadillac,7864.361000,,1,16.000000,False,,False,True
2026,1,Australian Grand Prix,R,8038.526000,PER,11,perez,cadillac,86.070000,47.000000,3.000000,,,30.284000,18.074000,37.712000,7982.831000,8000.905000,8038.617000,264.000000,298.000000,292.000000,289.000000,True,SOFT,4.000000,True,Cadillac,7952.456000,,1,16.000000,False,,False,True
2026,1,Australian Grand Prix,R,8124.677000,PER,11,perez,cadillac,86.151000,48.000000,3.000000,,,30.400000,18.042000,37.709000,8069.017000,8087.059000,8124.768000,260.000000,296.000000,296.000000,287.000000,False,SOFT,5.000000,True,Cadillac,8038.526000,,1,16.000000,False,,False,True
2026,1,Australian Grand Prix,R,8210.887000,PER,11,perez,cadillac,86.210000,49.000000,3.000000,,,30.263000,18.141000,37.806000,8155.031000,8173.172000,8210.978000,259.000000,295.000000,291.000000,291.000000,False,SOFT,6.000000,True,Cadillac,8124.677000,,1,16.000000,False,,False,True
2026,1,Australian Grand Prix,R,8296.972000,PER,11,perez,cadillac,86.085000,50.000000,3.000000,,,30.231000,18.020000,37.834000,8241.209000,8259.229000,8297.063000,260.000000,295.000000,294.000000,287.000000,False,SOFT,7.000000,True,Cadillac,8210.887000,,1,16.000000,False,,False,True
2026,1,Australian Grand Prix,R,8383.172000,PER,11,perez,cadillac,86.200000,51.000000,3.000000,,,30.231000,18.073000,37.896000,,8345.367000,8383.263000,259.000000,294.000000,294.000000,290.000000,False,SOFT,8.000000,True,Cadillac,8296.972000,,1,16.000000,False,,False,True
2026,1,Australian Grand Prix,R,8469.584000,PER,11,perez,cadillac,86.412000,52.000000,3.000000,,,30.033000,18.306000,38.073000,8413.296000,8431.602000,8469.675000,260.000000,291.000000,281.000000,292.000000,False,SOFT,9.000000,True,Cadillac,8383.172000,,1,16.000000,False,,False,True
2026,1,Australian Grand Prix,R,8555.714000,PER,11,perez,cadillac,86.130000,53.000000,3.000000,,,30.276000,18.011000,37.843000,8499.951000,8517.962000,8555.805000,259.000000,296.000000,291.000000,270.000000,False,SOFT,10.000000,True,Cadillac,8469.584000,,1,16.000000,False,,False,True
2026,1,Australian Grand Prix,R,8645.673000,PER,11,perez,cadillac,89.959000,54.000000,3.000000,,,30.045000,18.141000,41.773000,8585.850000,8603.991000,8645.764000,261.000000,293.000000,293.000000,282.000000,False,SOFT,11.000000,True,Cadillac,8555.714000,,1,16.000000,False,,False,True
2026,1,Australian Grand Prix,R,8734.630000,PER,11,perez,cadillac,88.957000,55.000000,3.000000,,,32.857000,18.015000,38.085000,8678.621000,8696.636000,8734.721000,256.000000,304.000000,297.000000,283.000000,False,SOFT,12.000000,True,Cadillac,8645.673000,,1,16.000000,False,,False,True
2026,1,Australian Grand Prix,R,3836.945000,ANT,12,antonelli,mercedes,96.966000,1.000000,1.000000,,,,18.757000,38.331000,,3798.879000,3837.156000,234.000000,295.000000,292.000000,232.000000,False,MEDIUM,1.000000,True,Mercedes,3739.743000,,1,7.000000,False,,False,False
2026,1,Australian Grand Prix,R,3924.074000,ANT,12,antonelli,mercedes,87.129000,2.000000,1.000000,,,30.820000,18.035000,38.274000,3867.873000,3885.908000,3924.182000,253.000000,292.000000,303.000000,272.000000,True,MEDIUM,2.000000,True,Mercedes,3836.945000,,1,7.000000,False,,False,True
2026,1,Australian Grand Prix,R,4009.537000,ANT,12,antonelli,mercedes,85.463000,3.000000,1.000000,,,30.586000,18.042000,36.835000,3954.768000,3972.810000,4009.645000,256.000000,304.000000,289.000000,276.000000,True,MEDIUM,3.000000,True,Mercedes,3924.074000,,1,6.000000,False,,False,True
2026,1,Australian Grand Prix,R,4094.948000,ANT,12,antonelli,mercedes,85.411000,4.000000,1.000000,,,29.869000,17.795000,37.747000,4039.514000,4057.309000,4095.056000,260.000000,315.000000,314.000000,280.000000,True,MEDIUM,4.000000,True,Mercedes,4009.537000,,1,6.000000,False,,False,True
2026,1,Australian Grand Prix,R,4179.447000,ANT,12,antonelli,mercedes,84.499000,5.000000,1.000000,,,29.761000,18.073000,36.665000,4124.817000,4142.890000,4179.555000,256.000000,307.000000,288.000000,302.000000,True,MEDIUM,5.000000,True,Mercedes,4094.948000,,1,5.000000,False,,False,True
2026,1,Australian Grand Prix,R,4263.471000,ANT,12,antonelli,mercedes,84.024000,6.000000,1.000000,,,29.534000,17.861000,36.629000,4209.089000,4226.950000,4263.579000,262.000000,299.000000,281.000000,290.000000,True,MEDIUM,6.000000,True,Mercedes,4179.447000,,1,4.000000,False,,False,True
2026,1,Australian Grand Prix,R,4347.306000,ANT,12,antonelli,mercedes,83.835000,7.000000,1.000000,,,29.537000,18.052000,36.246000,4293.116000,4311.168000,4347.414000,261.000000,301.000000,282.000000,283.000000,True,MEDIUM,7.000000,True,Mercedes,4263.471000,,1,4.000000,False,,False,True
2026,1,Australian Grand Prix,R,4430.989000,ANT,12,antonelli,mercedes,83.683000,8.000000,1.000000,,,29.573000,17.945000,36.165000,4376.987000,4394.932000,4431.097000,266.000000,299.000000,290.000000,293.000000,True,MEDIUM,8.000000,True,Mercedes,4347.306000,,1,4.000000,False,,False,True
2026,1,Australian Grand Prix,R,4514.897000,ANT,12,antonelli,mercedes,83.908000,9.000000,1.000000,,,29.601000,17.910000,36.397000,4460.698000,4478.608000,4515.005000,258.000000,306.000000,296.000000,299.000000,False,MEDIUM,9.000000,True,Mercedes,4430.989000,,1,4.000000,False,,False,True
2026,1,Australian Grand Prix,R,4598.934000,ANT,12,antonelli,mercedes,84.037000,10.000000,1.000000,,,29.723000,17.879000,36.435000,4544.728000,4562.607000,4599.042000,265.000000,309.000000,296.000000,298.000000,False,MEDIUM,10.000000,True,Mercedes,4514.897000,,1,4.000000,False,,False,True
2026,1,Australian Grand Prix,R,4682.824000,ANT,12,antonelli,mercedes,83.890000,11.000000,1.000000,,,29.711000,17.822000,36.357000,4628.753000,4646.575000,4682.932000,261.000000,310.000000,294.000000,298.000000,False,MEDIUM,11.000000,True,Mercedes,4598.934000,,16,4.000000,False,,False,False
2026,1,Australian Grand Prix,R,4812.506000,ANT,12,antonelli,mercedes,129.682000,12.000000,1.000000,,4793.658000,40.974000,29.373000,59.335000,4723.906000,4753.279000,4812.614000,224.000000,145.000000,,165.000000,False,MEDIUM,12.000000,True,Mercedes,4682.824000,,6,5.000000,False,,False,False
2026,1,Australian Grand Prix,R,4930.197000,ANT,12,antonelli,mercedes,117.691000,13.000000,2.000000,4814.928000,,43.264000,28.321000,46.106000,4855.878000,4884.199000,4930.305000,211.000000,121.000000,211.000000,227.000000,False,HARD,1.000000,True,Mercedes,4812.506000,,67,5.000000,False,,False,False
2026,1,Australian Grand Prix,R,5016.876000,ANT,12,antonelli,mercedes,86.679000,14.000000,2.000000,,,32.153000,18.212000,36.314000,4962.458000,4980.670000,5016.984000,266.000000,301.000000,286.000000,226.000000,False,HARD,2.000000,True,Mercedes,4930.197000,,71,5.000000,False,,False,False
2026,1,Australian Grand Prix,R,5100.163000,ANT,12,antonelli,mercedes,83.287000,15.000000,2.000000,,,29.346000,17.730000,36.211000,5046.330000,5064.060000,5100.271000,267.000000,310.000000,316.000000,295.000000,True,HARD,3.000000,True,Mercedes,5016.876000,,1,5.000000,False,,False,True
2026,1,Australian Grand Prix,R,5183.781000,ANT,12,antonelli,mercedes,83.618000,16.000000,2.000000,,,29.345000,17.992000,36.281000,5129.616000,5147.608000,5183.889000,255.000000,295.000000,289.000000,292.000000,False,HARD,4.000000,True,Mercedes,5100.163000,,1,4.000000,False,,False,True
2026,1,Australian Grand Prix,R,5267.041000,ANT,12,antonelli,mercedes,83.260000,17.000000,2.000000,,,29.460000,17.930000,35.870000,5213.349000,5231.279000,5267.149000,261.000000,301.000000,293.000000,294.000000,True,HARD,5.000000,True,Mercedes,5183.781000,,1,4.000000,False,,False,True
2026,1,Australian Grand Prix,R,5358.023000,ANT,12,antonelli,mercedes,90.982000,18.000000,2.000000,,,29.138000,17.897000,43.947000,5296.287000,5314.184000,5358.131000,252.000000,298.000000,227.000000,296.000000,False,HARD,6.000000,True,Mercedes,5267.041000,,126,4.000000,False,,False,False
2026,1,Australian Grand Prix,R,5473.357000,ANT,12,antonelli,mercedes,115.334000,19.000000,2.000000,,,40.684000,24.847000,49.803000,5398.815000,5423.662000,5473.465000,189.000000,223.000000,209.000000,196.000000,False,HARD,7.000000,True,Mercedes,5358.023000,,6,4.000000,False,,False,False
2026,1,Australian Grand Prix,R,5561.836000,ANT,12,antonelli,mercedes,88.479000,20.000000,2.000000,,,34.654000,17.884000,35.941000,5508.119000,5526.003000,5561.944000,265.000000,297.000000,297.000000,224.000000,False,HARD,8.000000,True,Mercedes,5473.357000,,671,4.000000,False,,False,False
2026,1,Australian Grand Prix,R,5644.617000,ANT,12,antonelli,mercedes,82.781000,21.000000,2.000000,,,28.955000,17.927000,35.899000,5590.899000,5608.826000,5644.725000,267.000000,298.000000,287.000000,298.000000,True,HARD,9.000000,True,Mercedes,5561.836000,,1,4.000000,False,,False,True
2026,1,Australian Grand Prix,R,5727.479000,ANT,12,antonelli,mercedes,82.862000,22.000000,2.000000,,,28.856000,17.864000,36.142000,5673.581000,5691.445000,5727.587000,273.000000,301.000000,293.000000,292.000000,False,HARD,10.000000,True,Mercedes,5644.617000,,1,4.000000,False,,False,True
2026,1,Australian Grand Prix,R,5810.061000,ANT,12,antonelli,mercedes,82.582000,23.000000,2.000000,,,28.958000,17.767000,35.857000,5756.545000,5774.312000,5810.169000,264.000000,288.000000,294.000000,294.000000,True,HARD,11.000000,True,Mercedes,5727.479000,,1,4.000000,False,,False,True
2026,1,Australian Grand Prix,R,5893.283000,ANT,12,antonelli,mercedes,83.222000,24.000000,2.000000,,,29.329000,17.828000,36.065000,5839.498000,5857.326000,5893.391000,266.000000,303.000000,293.000000,291.000000,False,HARD,12.000000,True,Mercedes,5810.061000,,1,4.000000,False,,False,True
2026,1,Australian Grand Prix,R,5977.828000,ANT,12,antonelli,mercedes,84.545000,25.000000,2.000000,,,29.326000,17.855000,37.364000,5922.717000,5940.572000,5977.936000,260.000000,298.000000,294.000000,296.000000,False,HARD,13.000000,True,Mercedes,5893.283000,,1,3.000000,False,,False,True
2026,1,Australian Grand Prix,R,6060.966000,ANT,12,antonelli,mercedes,83.138000,26.000000,2.000000,,,29.311000,17.911000,35.916000,6007.247000,6025.158000,6061.074000,264.000000,301.000000,296.000000,295.000000,False,HARD,14.000000,True,Mercedes,5977.828000,,1,3.000000,False,,False,True
2026,1,Australian Grand Prix,R,6144.069000,ANT,12,antonelli,mercedes,83.103000,27.000000,2.000000,,,29.187000,17.915000,36.001000,6090.261000,6108.176000,6144.177000,260.000000,300.000000,294.000000,299.000000,False,HARD,15.000000,True,Mercedes,6060.966000,,1,3.000000,False,,False,True
2026,1,Australian Grand Prix,R,6227.099000,ANT,12,antonelli,mercedes,83.030000,28.000000,2.000000,,,29.174000,17.872000,35.984000,6173.351000,6191.223000,6227.207000,260.000000,301.000000,296.000000,298.000000,False,HARD,16.000000,True,Mercedes,6144.069000,,1,2.000000,False,,False,True
2026,1,Australian Grand Prix,R,6310.067000,ANT,12,antonelli,mercedes,82.968000,29.000000,2.000000,,,29.145000,17.888000,35.935000,6256.352000,6274.240000,6310.175000,265.000000,300.000000,296.000000,300.000000,False,HARD,17.000000,True,Mercedes,6227.099000,,1,2.000000,False,,False,True
2026,1,Australian Grand Prix,R,6392.956000,ANT,12,antonelli,mercedes,82.889000,30.000000,2.000000,,,29.144000,17.803000,35.942000,6339.319000,6357.122000,6393.064000,265.000000,303.000000,298.000000,298.000000,False,HARD,18.000000,True,Mercedes,6310.067000,,1,2.000000,False,,False,True
2026,1,Australian Grand Prix,R,6475.836000,ANT,12,antonelli,mercedes,82.880000,31.000000,2.000000,,,29.175000,17.772000,35.933000,6422.239000,6440.011000,6475.944000,264.000000,306.000000,299.000000,301.000000,False,HARD,19.000000,True,Mercedes,6392.956000,,1,2.000000,False,,False,True
2026,1,Australian Grand Prix,R,6559.075000,ANT,12,antonelli,mercedes,83.239000,32.000000,2.000000,,,29.509000,17.780000,35.950000,6505.453000,6523.233000,6559.183000,265.000000,303.000000,301.000000,295.000000,False,HARD,20.000000,True,Mercedes,6475.836000,,1,2.000000,False,,False,True
2026,1,Australian Grand Prix,R,6642.092000,ANT,12,antonelli,mercedes,83.017000,33.000000,2.000000,,,29.360000,17.772000,35.885000,6588.543000,6606.315000,6642.200000,264.000000,304.000000,300.000000,306.000000,False,HARD,21.000000,True,Mercedes,6559.075000,,1,2.000000,False,,False,True
2026,1,Australian Grand Prix,R,6740.479000,ANT,12,antonelli,mercedes,98.387000,34.000000,2.000000,,,29.416000,29.491000,39.480000,6671.616000,6701.107000,6740.587000,265.000000,187.000000,306.000000,300.000000,False,HARD,22.000000,True,Mercedes,6642.092000,,167,2.000000,False,,False,False
2026,1,Australian Grand Prix,R,6823.771000,ANT,12,antonelli,mercedes,83.292000,35.000000,2.000000,,,29.604000,17.871000,35.817000,6770.191000,6788.062000,6823.879000,264.000000,299.000000,297.000000,304.000000,False,HARD,23.000000,True,Mercedes,6740.479000,,1,2.000000,False,,False,True
2026,1,Australian Grand Prix,R,6906.636000,ANT,12,antonelli,mercedes,82.865000,36.000000,2.000000,,,29.264000,17.788000,35.813000,6853.143000,6870.931000,6906.744000,267.000000,299.000000,296.000000,302.000000,False,HARD,24.000000,True,Mercedes,6823.771000,,1,2.000000,False,,False,True
2026,1,Australian Grand Prix,R,6989.602000,ANT,12,antonelli,mercedes,82.966000,37.000000,2.000000,,,29.271000,17.847000,35.848000,6936.015000,6953.862000,6989.710000,265.000000,299.000000,295.000000,301.000000,False,HARD,25.000000,True,Mercedes,6906.636000,,1,2.000000,False,,False,True
2026,1,Australian Grand Prix,R,7072.591000,ANT,12,antonelli,mercedes,82.989000,38.000000,2.000000,,,29.155000,17.873000,35.961000,7018.865000,7036.738000,7072.699000,273.000000,299.000000,289.000000,302.000000,False,HARD,26.000000,True,Mercedes,6989.602000,,1,2.000000,False,,False,True
2026,1,Australian Grand Prix,R,7155.512000,ANT,12,antonelli,mercedes,82.921000,39.000000,2.000000,,,29.196000,17.847000,35.878000,7101.895000,7119.742000,7155.620000,263.000000,300.000000,295.000000,295.000000,False,HARD,27.000000,True,Mercedes,7072.591000,,1,2.000000,False,,False,True
2026,1,Australian Grand Prix,R,7238.184000,ANT,12,antonelli,mercedes,82.672000,40.000000,2.000000,,,29.100000,17.868000,35.704000,7184.720000,7202.588000,7238.292000,257.000000,300.000000,298.000000,297.000000,False,HARD,28.000000,True,Mercedes,7155.512000,,1,2.000000,False,,False,True
2026,1,Australian Grand Prix,R,7321.112000,ANT,12,antonelli,mercedes,82.928000,41.000000,2.000000,,,29.162000,17.803000,35.963000,7267.454000,7285.257000,7321.220000,260.000000,302.000000,298.000000,301.000000,False,HARD,29.000000,True,Mercedes,7238.184000,,1,2.000000,False,,False,True
2026,1,Australian Grand Prix,R,7404.054000,ANT,12,antonelli,mercedes,82.942000,42.000000,2.000000,,,29.075000,17.803000,36.064000,7350.295000,7368.098000,7404.162000,264.000000,303.000000,302.000000,301.000000,False,HARD,30.000000,True,Mercedes,7321.112000,,1,2.000000,False,,False,True
2026,1,Australian Grand Prix,R,7487.069000,ANT,12,antonelli,mercedes,83.015000,43.000000,2.000000,,,29.244000,17.820000,35.951000,7433.406000,7451.226000,7487.177000,264.000000,301.000000,298.000000,306.000000,False,HARD,31.000000,True,Mercedes,7404.054000,,1,2.000000,False,,False,True
2026,1,Australian Grand Prix,R,7570.148000,ANT,12,antonelli,mercedes,83.079000,44.000000,2.000000,,,29.252000,17.743000,36.084000,7516.429000,7534.172000,7570.256000,264.000000,303.000000,298.000000,303.000000,False,HARD,32.000000,True,Mercedes,7487.069000,,1,2.000000,False,,False,True
2026,1,Australian Grand Prix,R,7653.271000,ANT,12,antonelli,mercedes,83.123000,45.000000,2.000000,,,29.311000,17.763000,36.049000,7599.567000,7617.330000,7653.379000,259.000000,302.000000,297.000000,304.000000,False,HARD,33.000000,True,Mercedes,7570.148000,,1,2.000000,False,,False,True
2026,1,Australian Grand Prix,R,7736.309000,ANT,12,antonelli,mercedes,83.038000,46.000000,2.000000,,,29.350000,17.698000,35.990000,7682.729000,7700.427000,7736.417000,261.000000,303.000000,299.000000,301.000000,False,HARD,34.000000,True,Mercedes,7653.271000,,1,2.000000,False,,False,True
2026,1,Australian Grand Prix,R,7819.375000,ANT,12,antonelli,mercedes,83.066000,47.000000,2.000000,,,29.276000,17.687000,36.103000,7765.693000,7783.380000,7819.483000,265.000000,306.000000,298.000000,301.000000,False,HARD,35.000000,True,Mercedes,7736.309000,,1,2.000000,False,,False,True
2026,1,Australian Grand Prix,R,7902.367000,ANT,12,antonelli,mercedes,82.992000,48.000000,2.000000,,,29.415000,17.461000,36.116000,7848.898000,7866.359000,7902.475000,266.000000,313.000000,292.000000,301.000000,False,HARD,36.000000,True,Mercedes,7819.375000,,1,2.000000,False,,False,True
2026,1,Australian Grand Prix,R,7985.612000,ANT,12,antonelli,mercedes,83.245000,49.000000,2.000000,,,29.403000,17.728000,36.114000,7931.878000,7949.606000,7985.720000,262.000000,303.000000,292.000000,295.000000,False,HARD,37.000000,True,Mercedes,7902.367000,,1,2.000000,False,,False,True
2026,1,Australian Grand Prix,R,8068.515000,ANT,12,antonelli,mercedes,82.903000,50.000000,2.000000,,,29.148000,17.703000,36.052000,8014.868000,8032.571000,8068.623000,262.000000,303.000000,294.000000,298.000000,False,HARD,38.000000,True,Mercedes,7985.612000,,1,2.000000,False,,False,True
2026,1,Australian Grand Prix,R,8151.140000,ANT,12,antonelli,mercedes,82.625000,51.000000,2.000000,,,29.108000,17.706000,35.811000,8097.731000,8115.437000,8151.248000,261.000000,303.000000,297.000000,301.000000,False,HARD,39.000000,True,Mercedes,8068.515000,,1,2.000000,False,,False,True
2026,1,Australian Grand Prix,R,8233.698000,ANT,12,antonelli,mercedes,82.558000,52.000000,2.000000,,,28.925000,17.654000,35.979000,8180.173000,8197.827000,8233.806000,271.000000,303.000000,295.000000,302.000000,True,HARD,40.000000,True,Mercedes,8151.140000,,1,2.000000,False,,False,True
2026,1,Australian Grand Prix,R,8316.311000,ANT,12,antonelli,mercedes,82.613000,53.000000,2.000000,,,29.088000,17.651000,35.874000,8262.894000,8280.545000,8316.419000,264.000000,307.000000,300.000000,301.000000,False,HARD,41.000000,True,Mercedes,8233.698000,,1,2.000000,False,,False,True
2026,1,Australian Grand Prix,R,8399.153000,ANT,12,antonelli,mercedes,82.842000,54.000000,2.000000,,,29.051000,17.580000,36.211000,8345.470000,8363.050000,8399.261000,262.000000,312.000000,298.000000,305.000000,False,HARD,42.000000,True,Mercedes,8316.311000,,1,2.000000,False,,False,True
2026,1,Australian Grand Prix,R,8482.081000,ANT,12,antonelli,mercedes,82.928000,55.000000,2.000000,,,29.332000,17.668000,35.928000,8428.593000,8446.261000,8482.189000,267.000000,304.000000,293.000000,304.000000,False,HARD,43.000000,True,Mercedes,8399.153000,,1,2.000000,False,,False,True
2026,1,Australian Grand Prix,R,8564.684000,ANT,12,antonelli,mercedes,82.603000,56.000000,2.000000,,,29.022000,17.718000,35.863000,8511.211000,8528.929000,8564.792000,264.000000,304.000000,293.000000,300.000000,False,HARD,44.000000,True,Mercedes,8482.081000,,1,2.000000,False,,False,True
2026,1,Australian Grand Prix,R,8647.101000,ANT,12,antonelli,mercedes,82.417000,57.000000,2.000000,,,28.926000,17.660000,35.831000,8593.718000,8611.378000,8647.209000,264.000000,303.000000,298.000000,301.000000,True,HARD,45.000000,True,Mercedes,8564.684000,,1,2.000000,False,,False,True
2026,1,Australian Grand Prix,R,8729.754000,ANT,12,antonelli,mercedes,82.653000,58.000000,2.000000,,,29.285000,17.530000,35.838000,8676.494000,8694.024000,8729.862000,271.000000,308.000000,313.000000,306.000000,False,HARD,46.000000,True,Mercedes,8647.101000,,1,2.000000,False,,False,True
2026,1,Australian Grand Prix,R,3838.250000,ALO,14,alonso,aston_martin,98.271000,1.000000,1.000000,,,,18.649000,38.704000,,3800.135000,3838.519000,239.000000,309.000000,297.000000,203.000000,False,SOFT,1.000000,True,Aston Martin,3739.743000,,1,10.000000,False,,False,False
2026,1,Australian Grand Prix,R,3925.848000,ALO,14,alonso,aston_martin,87.598000,2.000000,1.000000,,,31.374000,18.457000,37.767000,3869.713000,3888.170000,3925.937000,250.000000,289.000000,294.000000,251.000000,True,SOFT,2.000000,True,Aston Martin,3838.250000,,1,10.000000,False,,False,True
2026,1,Australian Grand Prix,R,4013.883000,ALO,14,alonso,aston_martin,88.035000,3.000000,1.000000,,,30.633000,18.400000,39.002000,3956.570000,3974.970000,4013.972000,253.000000,289.000000,296.000000,280.000000,False,SOFT,3.000000,True,Aston Martin,3925.848000,,1,12.000000,False,,False,True
2026,1,Australian Grand Prix,R,4101.307000,ALO,14,alonso,aston_martin,87.424000,4.000000,1.000000,,,31.163000,18.447000,37.814000,4045.135000,4063.582000,4101.396000,250.000000,288.000000,289.000000,261.000000,True,SOFT,4.000000,True,Aston Martin,4013.883000,,1,12.000000,False,,False,True
2026,1,Australian Grand Prix,R,4190.142000,ALO,14,alonso,aston_martin,88.835000,5.000000,1.000000,,,31.303000,18.529000,39.003000,4132.699000,4151.228000,4190.231000,251.000000,294.000000,292.000000,289.000000,False,SOFT,5.000000,True,Aston Martin,4101.307000,,1,14.000000,False,,False,True
2026,1,Australian Grand Prix,R,4278.905000,ALO,14,alonso,aston_martin,88.763000,6.000000,1.000000,,,30.861000,18.522000,39.380000,4221.092000,4239.614000,4278.994000,252.000000,285.000000,294.000000,270.000000,False,SOFT,6.000000,True,Aston Martin,4190.142000,,1,16.000000,False,,False,True
2026,1,Australian Grand Prix,R,4366.781000,ALO,14,alonso,aston_martin,87.876000,7.000000,1.000000,,,30.794000,18.262000,38.820000,4309.788000,4328.050000,4366.870000,253.000000,308.000000,292.000000,268.000000,False,SOFT,7.000000,True,Aston Martin,4278.905000,,1,17.000000,False,,False,True
2026,1,Australian Grand Prix,R,4453.573000,ALO,14,alonso,aston_martin,86.792000,8.000000,1.000000,,,30.618000,18.468000,37.706000,4397.488000,4415.956000,4453.662000,251.000000,286.000000,287.000000,284.000000,True,SOFT,8.000000,True,Aston Martin,4366.781000,,1,17.000000,False,,False,True
2026,1,Australian Grand Prix,R,4540.613000,ALO,14,alonso,aston_martin,87.040000,9.000000,1.000000,,,30.452000,18.650000,37.938000,4484.114000,4502.764000,4540.702000,250.000000,293.000000,283.000000,288.000000,False,SOFT,9.000000,True,Aston Martin,4453.573000,,1,16.000000,False,,False,True
2026,1,Australian Grand Prix,R,4628.088000,ALO,14,alonso,aston_martin,87.475000,10.000000,1.000000,,,30.587000,18.880000,38.008000,4571.289000,4590.169000,4628.177000,250.000000,285.000000,281.000000,284.000000,False,SOFT,10.000000,True,Aston Martin,4540.613000,,1,16.000000,False,,False,True
2026,1,Australian Grand Prix,R,4748.078000,ALO,14,alonso,aston_martin,119.990000,11.000000,1.000000,,4724.236000,30.773000,19.575000,69.642000,4658.950000,4678.525000,4748.167000,251.000000,225.000000,,276.000000,False,SOFT,11.000000,True,Aston Martin,4628.088000,,16,17.000000,False,,False,False
2026,1,Australian Grand Prix,R,4870.418000,ALO,14,alonso,aston_martin,122.340000,12.000000,2.000000,4750.242000,,44.091000,34.546000,43.703000,4792.258000,4826.804000,4870.507000,214.000000,127.000000,277.000000,202.000000,False,SOFT,1.000000,True,Aston Martin,4748.078000,,6,16.000000,False,,False,False
2026,1,Australian Grand Prix,R,5939.952000,ALO,14,alonso,aston_martin,,13.000000,2.000000,,4969.657000,35.885000,25.378000,,4906.474000,4931.872000,,203.000000,233.000000,,251.000000,False,SOFT,2.000000,True,Aston Martin,4870.418000,,6712,19.000000,False,,False,False
2026,1,Australian Grand Prix,R,6038.780000,ALO,14,alonso,aston_martin,98.828000,14.000000,3.000000,5942.289000,,42.346000,18.951000,37.531000,5982.387000,6001.338000,6038.869000,241.000000,271.000000,288.000000,190.000000,False,SOFT,3.000000,False,Aston Martin,5939.952000,,1,19.000000,False,,False,False
2026,1,Australian Grand Prix,R,6124.493000,ALO,14,alonso,aston_martin,85.713000,15.000000,3.000000,,,29.879000,18.494000,37.340000,6068.748000,6087.242000,6124.582000,251.000000,275.000000,285.000000,283.000000,True,SOFT,4.000000,False,Aston Martin,6038.780000,,1,19.000000,False,,False,True
2026,1,Australian Grand Prix,R,6210.624000,ALO,14,alonso,aston_martin,86.131000,16.000000,3.000000,,,30.073000,18.874000,37.184000,6154.655000,6173.529000,6210.713000,252.000000,266.000000,282.000000,279.000000,False,SOFT,5.000000,False,Aston Martin,6124.493000,,1,18.000000,False,,False,True
2026,1,Australian Grand Prix,R,6297.000000,ALO,14,alonso,aston_martin,86.376000,17.000000,3.000000,,,30.067000,19.021000,37.288000,6240.780000,6259.801000,6297.089000,252.000000,263.000000,283.000000,275.000000,False,SOFT,6.000000,False,Aston Martin,6210.624000,,1,18.000000,False,,False,True
2026,1,Australian Grand Prix,R,6382.908000,ALO,14,alonso,aston_martin,85.908000,18.000000,3.000000,,,30.043000,18.796000,37.069000,6327.132000,6345.928000,6382.997000,252.000000,265.000000,285.000000,277.000000,False,SOFT,7.000000,False,Aston Martin,6297.000000,,1,18.000000,False,,False,True
2026,1,Australian Grand Prix,R,6471.048000,ALO,14,alonso,aston_martin,88.140000,19.000000,3.000000,,,30.071000,18.904000,39.165000,6413.068000,6431.972000,6471.137000,253.000000,259.000000,284.000000,276.000000,False,SOFT,8.000000,False,Aston Martin,6382.908000,,1,18.000000,False,,False,True
2026,1,Australian Grand Prix,R,6557.689000,ALO,14,alonso,aston_martin,86.641000,20.000000,3.000000,,,30.312000,18.834000,37.495000,6501.449000,6520.283000,6557.778000,259.000000,259.000000,284.000000,278.000000,False,SOFT,9.000000,False,Aston Martin,6471.048000,,1,18.000000,False,,False,True
2026,1,Australian Grand Prix,R,6645.771000,ALO,14,alonso,aston_martin,88.082000,21.000000,3.000000,,,31.697000,18.782000,37.603000,6589.475000,6608.257000,6645.860000,253.000000,284.000000,285.000000,276.000000,False,SOFT,10.000000,False,Aston Martin,6557.689000,,1,18.000000,False,,False,True
2026,1,Australian Grand Prix,R,6747.116000,ALO,14,alonso,aston_martin,,22.000000,3.000000,,6747.205000,30.824000,30.521000,,6676.816000,6707.314000,,190.000000,208.000000,,265.000000,False,SOFT,11.000000,False,Aston Martin,6645.771000,,167,18.000000,False,,False,False
2026,1,Australian Grand Prix,R,3831.908000,LEC,16,leclerc,ferrari,91.929000,1.000000,1.000000,,,,18.663000,36.681000,,3795.379000,3832.090000,248.000000,280.000000,277.000000,244.000000,False,MEDIUM,1.000000,True,Ferrari,3739.743000,,1,1.000000,False,,False,False
2026,1,Australian Grand Prix,R,3918.120000,LEC,16,leclerc,ferrari,86.212000,2.000000,1.000000,,,30.116000,18.180000,37.916000,3862.122000,3880.302000,3918.218000,247.000000,289.000000,300.000000,269.000000,True,MEDIUM,2.000000,True,Ferrari,3831.908000,,1,2.000000,False,,False,True
2026,1,Australian Grand Prix,R,4003.573000,LEC,16,leclerc,ferrari,85.453000,3.000000,1.000000,,,30.141000,17.876000,37.436000,3948.359000,3966.235000,4003.671000,250.000000,306.000000,285.000000,275.000000,True,MEDIUM,3.000000,True,Ferrari,3918.120000,,1,1.000000,False,,False,True
2026,1,Australian Grand Prix,R,4088.126000,LEC,16,leclerc,ferrari,84.553000,4.000000,1.000000,,,29.990000,18.045000,36.518000,4033.661000,4051.706000,4088.224000,254.000000,289.000000,293.000000,271.000000,True,MEDIUM,4.000000,True,Ferrari,4003.573000,,1,1.000000,False,,False,True
2026,1,Australian Grand Prix,R,4172.107000,LEC,16,leclerc,ferrari,83.981000,5.000000,1.000000,,,29.542000,18.008000,36.431000,4117.766000,4135.774000,4172.205000,255.000000,289.000000,291.000000,288.000000,True,MEDIUM,5.000000,True,Ferrari,4088.126000,,1,1.000000,False,,False,True
2026,1,Australian Grand Prix,R,4256.929000,LEC,16,leclerc,ferrari,84.822000,6.000000,1.000000,,,29.775000,18.075000,36.972000,4201.980000,4220.055000,4257.027000,252.000000,288.000000,293.000000,283.000000,False,MEDIUM,6.000000,True,Ferrari,4172.107000,,1,1.000000,False,,False,True
2026,1,Australian Grand Prix,R,4340.963000,LEC,16,leclerc,ferrari,84.034000,7.000000,1.000000,,,29.693000,18.010000,36.331000,4286.720000,4304.730000,4341.061000,256.000000,288.000000,295.000000,288.000000,False,MEDIUM,7.000000,True,Ferrari,4256.929000,,1,1.000000,False,,False,True
2026,1,Australian Grand Prix,R,4426.526000,LEC,16,leclerc,ferrari,85.563000,8.000000,1.000000,,,30.478000,18.017000,37.068000,4371.539000,4389.556000,4426.624000,275.000000,298.000000,276.000000,294.000000,False,MEDIUM,8.000000,True,Ferrari,4340.963000,,1,1.000000,False,,False,True
2026,1,Australian Grand Prix,R,4512.128000,LEC,16,leclerc,ferrari,85.602000,9.000000,1.000000,,,30.791000,18.247000,36.564000,4457.415000,4475.662000,4512.226000,274.000000,280.000000,295.000000,277.000000,False,MEDIUM,9.000000,True,Ferrari,4426.526000,,1,1.000000,False,,False,True
2026,1,Australian Grand Prix,R,4596.105000,LEC,16,leclerc,ferrari,83.977000,10.000000,1.000000,,,29.824000,17.963000,36.190000,4542.050000,4560.013000,4596.203000,252.000000,289.000000,295.000000,294.000000,True,MEDIUM,10.000000,True,Ferrari,4512.128000,,1,1.000000,False,,False,True
2026,1,Australian Grand Prix,R,4679.903000,LEC,16,leclerc,ferrari,83.798000,11.000000,1.000000,,,29.585000,18.082000,36.131000,4625.788000,4643.870000,4680.001000,274.000000,282.000000,293.000000,292.000000,True,MEDIUM,11.000000,True,Ferrari,4596.105000,,1,1.000000,False,,False,True
2026,1,Australian Grand Prix,R,4793.911000,LEC,16,leclerc,ferrari,114.008000,12.000000,1.000000,,,40.041000,28.446000,45.521000,4720.042000,4748.488000,4794.009000,222.000000,137.000000,204.000000,287.000000,False,MEDIUM,12.000000,True,Ferrari,4679.903000,,16,1.000000,False,,False,False
2026,1,Australian Grand Prix,R,4909.089000,LEC,16,leclerc,ferrari,115.178000,13.000000,1.000000,,,41.178000,27.300000,46.700000,4835.187000,4862.487000,4909.187000,181.000000,142.000000,175.000000,213.000000,False,MEDIUM,13.000000,True,Ferrari,4793.911000,,6,1.000000,False,,False,False
2026,1,Australian Grand Prix,R,4999.578000,LEC,16,leclerc,ferrari,90.489000,14.000000,1.000000,,,35.983000,18.192000,36.314000,4945.170000,4963.362000,4999.676000,273.000000,282.000000,289.000000,218.000000,False,MEDIUM,14.000000,True,Ferrari,4909.089000,,671,1.000000,False,,False,False
2026,1,Australian Grand Prix,R,5083.343000,LEC,16,leclerc,ferrari,83.765000,15.000000,1.000000,,,29.539000,17.900000,36.326000,5029.215000,5047.115000,5083.441000,249.000000,287.000000,291.000000,283.000000,True,MEDIUM,15.000000,True,Ferrari,4999.578000,,1,1.000000,False,,False,True
2026,1,Australian Grand Prix,R,5166.854000,LEC,16,leclerc,ferrari,83.511000,16.000000,1.000000,,,29.393000,17.898000,36.220000,5112.834000,5130.732000,5166.952000,248.000000,290.000000,297.000000,291.000000,True,MEDIUM,16.000000,True,Ferrari,5083.343000,,1,1.000000,False,,False,True
2026,1,Australian Grand Prix,R,5251.210000,LEC,16,leclerc,ferrari,84.356000,17.000000,1.000000,,,29.858000,18.083000,36.415000,5196.810000,5214.893000,5251.308000,275.000000,285.000000,291.000000,300.000000,False,MEDIUM,17.000000,True,Ferrari,5166.854000,,1,1.000000,False,,False,True
2026,1,Australian Grand Prix,R,5340.812000,LEC,16,leclerc,ferrari,89.602000,18.000000,1.000000,,,29.353000,18.021000,42.228000,5280.661000,5298.682000,5340.910000,275.000000,290.000000,139.000000,287.000000,False,MEDIUM,18.000000,True,Ferrari,5251.210000,,126,1.000000,False,,False,False
2026,1,Australian Grand Prix,R,5454.465000,LEC,16,leclerc,ferrari,113.653000,19.000000,1.000000,,,38.364000,24.534000,50.755000,5379.274000,5403.808000,5454.563000,238.000000,224.000000,229.000000,227.000000,False,MEDIUM,19.000000,True,Ferrari,5340.812000,,6,1.000000,False,,False,False
2026,1,Australian Grand Prix,R,5547.648000,LEC,16,leclerc,ferrari,93.183000,20.000000,1.000000,,,38.397000,18.486000,36.300000,5492.960000,5511.446000,5547.746000,186.000000,289.000000,298.000000,230.000000,False,MEDIUM,20.000000,True,Ferrari,5454.465000,,671,1.000000,False,,False,False
2026,1,Australian Grand Prix,R,5630.970000,LEC,16,leclerc,ferrari,83.322000,21.000000,1.000000,,,29.324000,17.876000,36.122000,5577.070000,5594.946000,5631.068000,248.000000,292.000000,299.000000,299.000000,True,MEDIUM,21.000000,True,Ferrari,5547.648000,,1,1.000000,False,,False,True
2026,1,Australian Grand Prix,R,5714.386000,LEC,16,leclerc,ferrari,83.416000,22.000000,1.000000,,,29.349000,17.762000,36.305000,5660.417000,5678.179000,5714.484000,250.000000,295.000000,297.000000,302.000000,False,MEDIUM,22.000000,True,Ferrari,5630.970000,,1,1.000000,False,,False,True
2026,1,Australian Grand Prix,R,5797.862000,LEC,16,leclerc,ferrari,83.476000,23.000000,1.000000,,,29.500000,17.655000,36.321000,5743.984000,5761.639000,5797.960000,244.000000,300.000000,297.000000,299.000000,False,MEDIUM,23.000000,True,Ferrari,5714.386000,,1,1.000000,False,,False,True
2026,1,Australian Grand Prix,R,5881.522000,LEC,16,leclerc,ferrari,83.660000,24.000000,1.000000,,,29.602000,17.848000,36.210000,5827.562000,5845.410000,5881.620000,249.000000,292.000000,299.000000,297.000000,False,MEDIUM,24.000000,True,Ferrari,5797.862000,,1,1.000000,False,,False,True
2026,1,Australian Grand Prix,R,5979.356000,LEC,16,leclerc,ferrari,97.834000,25.000000,1.000000,,5963.741000,29.658000,17.796000,50.380000,5911.278000,5929.074000,5979.454000,251.000000,292.000000,,302.000000,False,MEDIUM,25.000000,True,Ferrari,5881.522000,,1,4.000000,False,,False,False
2026,1,Australian Grand Prix,R,6068.673000,LEC,16,leclerc,ferrari,89.317000,26.000000,2.000000,5981.666000,,35.370000,17.951000,35.996000,6014.824000,6032.775000,6068.771000,274.000000,292.000000,298.000000,201.000000,False,HARD,1.000000,True,Ferrari,5979.356000,,1,4.000000,False,,False,False
2026,1,Australian Grand Prix,R,6151.779000,LEC,16,leclerc,ferrari,83.106000,27.000000,2.000000,,,29.434000,17.824000,35.848000,6098.205000,6116.029000,6151.877000,251.000000,292.000000,302.000000,295.000000,True,HARD,2.000000,True,Ferrari,6068.673000,,1,4.000000,False,,False,True
2026,1,Australian Grand Prix,R,6234.868000,LEC,16,leclerc,ferrari,83.089000,28.000000,2.000000,,,29.241000,17.821000,36.027000,6181.118000,6198.939000,6234.966000,249.000000,292.000000,299.000000,303.000000,True,HARD,3.000000,True,Ferrari,6151.779000,,1,3.000000,False,,False,True
2026,1,Australian Grand Prix,R,6317.855000,LEC,16,leclerc,ferrari,82.987000,29.000000,2.000000,,,29.127000,17.756000,36.104000,6264.093000,6281.849000,6317.953000,256.000000,292.000000,298.000000,300.000000,True,HARD,4.000000,True,Ferrari,6234.868000,,1,3.000000,False,,False,True
2026,1,Australian Grand Prix,R,6400.881000,LEC,16,leclerc,ferrari,83.026000,30.000000,2.000000,,,29.173000,17.763000,36.090000,6347.126000,6364.889000,6400.979000,248.000000,293.000000,301.000000,294.000000,False,HARD,5.000000,True,Ferrari,6317.855000,,1,3.000000,False,,False,True
2026,1,Australian Grand Prix,R,6483.815000,LEC,16,leclerc,ferrari,82.934000,31.000000,2.000000,,,29.138000,17.745000,36.051000,6430.117000,6447.862000,6483.913000,256.000000,292.000000,300.000000,302.000000,True,HARD,6.000000,True,Ferrari,6400.881000,,1,3.000000,False,,False,True
2026,1,Australian Grand Prix,R,6566.762000,LEC,16,leclerc,ferrari,82.947000,32.000000,2.000000,,,29.221000,17.788000,35.938000,6513.134000,6530.922000,6566.860000,249.000000,292.000000,303.000000,300.000000,False,HARD,7.000000,True,Ferrari,6483.815000,,1,3.000000,False,,False,True
2026,1,Australian Grand Prix,R,6649.936000,LEC,16,leclerc,ferrari,83.174000,33.000000,2.000000,,,29.301000,17.756000,36.117000,6596.161000,6613.917000,6650.034000,252.000000,294.000000,302.000000,302.000000,False,HARD,8.000000,True,Ferrari,6566.762000,,1,3.000000,False,,False,True
2026,1,Australian Grand Prix,R,6748.452000,LEC,16,leclerc,ferrari,98.516000,34.000000,2.000000,,,32.568000,28.471000,37.477000,6682.602000,6711.073000,6748.550000,105.000000,237.000000,289.000000,295.000000,False,HARD,9.000000,True,Ferrari,6649.936000,,167,3.000000,False,,False,False
2026,1,Australian Grand Prix,R,6831.994000,LEC,16,leclerc,ferrari,83.542000,35.000000,2.000000,,,29.632000,17.831000,36.079000,6778.182000,6796.013000,6832.092000,254.000000,294.000000,304.000000,276.000000,False,HARD,10.000000,True,Ferrari,6748.452000,,1,3.000000,False,,False,True
2026,1,Australian Grand Prix,R,6916.370000,LEC,16,leclerc,ferrari,84.376000,36.000000,2.000000,,,29.478000,17.907000,36.991000,6861.570000,6879.477000,6916.468000,249.000000,295.000000,301.000000,293.000000,False,HARD,11.000000,True,Ferrari,6831.994000,,1,3.000000,False,,False,True
2026,1,Australian Grand Prix,R,6999.606000,LEC,16,leclerc,ferrari,83.236000,37.000000,2.000000,,,29.421000,17.866000,35.949000,6945.889000,6963.755000,6999.704000,256.000000,291.000000,302.000000,297.000000,False,HARD,12.000000,True,Ferrari,6916.370000,,1,3.000000,False,,False,True
2026,1,Australian Grand Prix,R,7082.185000,LEC,16,leclerc,ferrari,82.579000,38.000000,2.000000,,,28.995000,17.699000,35.885000,7028.699000,7046.398000,7082.283000,258.000000,293.000000,301.000000,300.000000,True,HARD,13.000000,True,Ferrari,6999.606000,,1,3.000000,False,,False,True
2026,1,Australian Grand Prix,R,7164.913000,LEC,16,leclerc,ferrari,82.728000,39.000000,2.000000,,,29.142000,17.617000,35.969000,7111.425000,7129.042000,7165.011000,255.000000,298.000000,301.000000,292.000000,False,HARD,14.000000,True,Ferrari,7082.185000,,1,3.000000,False,,False,True
2026,1,Australian Grand Prix,R,7247.843000,LEC,16,leclerc,ferrari,82.930000,40.000000,2.000000,,,29.199000,17.741000,35.990000,7194.210000,7211.951000,7247.941000,253.000000,292.000000,300.000000,301.000000,False,HARD,15.000000,True,Ferrari,7164.913000,,1,3.000000,False,,False,True
2026,1,Australian Grand Prix,R,7330.838000,LEC,16,leclerc,ferrari,82.995000,41.000000,2.000000,,,29.102000,17.730000,36.163000,7277.043000,7294.773000,7330.936000,253.000000,292.000000,295.000000,301.000000,False,HARD,16.000000,True,Ferrari,7247.843000,,1,3.000000,False,,False,True
2026,1,Australian Grand Prix,R,7413.684000,LEC,16,leclerc,ferrari,82.846000,42.000000,2.000000,,,29.167000,17.705000,35.974000,7360.103000,7377.808000,7413.782000,257.000000,292.000000,301.000000,288.000000,False,HARD,17.000000,True,Ferrari,7330.838000,,1,3.000000,False,,False,True
2026,1,Australian Grand Prix,R,7496.434000,LEC,16,leclerc,ferrari,82.750000,43.000000,2.000000,,,29.142000,17.651000,35.957000,7442.924000,7460.575000,7496.532000,253.000000,292.000000,301.000000,298.000000,False,HARD,18.000000,True,Ferrari,7413.684000,,1,3.000000,False,,False,True
2026,1,Australian Grand Prix,R,7579.528000,LEC,16,leclerc,ferrari,83.094000,44.000000,2.000000,,,29.326000,17.643000,36.125000,7525.858000,7543.501000,7579.626000,254.000000,297.000000,304.000000,301.000000,False,HARD,19.000000,True,Ferrari,7496.434000,,1,3.000000,False,,False,True
2026,1,Australian Grand Prix,R,7662.688000,LEC,16,leclerc,ferrari,83.160000,45.000000,2.000000,,,29.378000,17.651000,36.131000,7609.004000,7626.655000,7662.786000,250.000000,293.000000,300.000000,294.000000,False,HARD,20.000000,True,Ferrari,7579.528000,,1,3.000000,False,,False,True
2026,1,Australian Grand Prix,R,7745.582000,LEC,16,leclerc,ferrari,82.894000,46.000000,2.000000,,,29.254000,17.685000,35.955000,7692.040000,7709.725000,7745.680000,256.000000,291.000000,303.000000,291.000000,False,HARD,21.000000,True,Ferrari,7662.688000,,1,3.000000,False,,False,True
2026,1,Australian Grand Prix,R,7828.534000,LEC,16,leclerc,ferrari,82.952000,47.000000,2.000000,,,29.106000,17.719000,36.127000,7774.786000,7792.505000,7828.632000,250.000000,291.000000,301.000000,294.000000,False,HARD,22.000000,True,Ferrari,7745.582000,,1,3.000000,False,,False,True
2026,1,Australian Grand Prix,R,7911.433000,LEC,16,leclerc,ferrari,82.899000,48.000000,2.000000,,,29.299000,17.678000,35.922000,7857.931000,7875.609000,7911.531000,249.000000,295.000000,303.000000,298.000000,False,HARD,23.000000,True,Ferrari,7828.534000,,1,3.000000,False,,False,True
2026,1,Australian Grand Prix,R,7994.797000,LEC,16,leclerc,ferrari,83.364000,49.000000,2.000000,,,29.374000,17.664000,36.326000,7940.905000,7958.569000,7994.895000,249.000000,296.000000,304.000000,301.000000,False,HARD,24.000000,True,Ferrari,7911.433000,,1,3.000000,False,,False,True
2026,1,Australian Grand Prix,R,8077.997000,LEC,16,leclerc,ferrari,83.200000,50.000000,2.000000,,,29.246000,17.742000,36.212000,8024.141000,8041.883000,8078.095000,251.000000,300.000000,301.000000,301.000000,False,HARD,25.000000,True,Ferrari,7994.797000,,1,3.000000,False,,False,True
2026,1,Australian Grand Prix,R,8160.986000,LEC,16,leclerc,ferrari,82.989000,51.000000,2.000000,,,29.359000,17.602000,36.028000,8107.454000,8125.056000,8161.084000,259.000000,299.000000,306.000000,300.000000,False,HARD,26.000000,True,Ferrari,8077.997000,,1,3.000000,False,,False,True
2026,1,Australian Grand Prix,R,8244.035000,LEC,16,leclerc,ferrari,83.049000,52.000000,2.000000,,,29.441000,17.598000,36.010000,8190.525000,8208.123000,8244.133000,256.000000,301.000000,303.000000,304.000000,False,HARD,27.000000,True,Ferrari,8160.986000,,1,3.000000,False,,False,True
2026,1,Australian Grand Prix,R,8327.049000,LEC,16,leclerc,ferrari,83.014000,53.000000,2.000000,,,29.254000,17.635000,36.125000,8273.387000,8291.022000,8327.147000,255.000000,292.000000,299.000000,305.000000,False,HARD,28.000000,True,Ferrari,8244.035000,,1,3.000000,False,,False,True
2026,1,Australian Grand Prix,R,8410.094000,LEC,16,leclerc,ferrari,83.045000,54.000000,2.000000,,,29.077000,17.673000,36.295000,8356.224000,8373.897000,8410.192000,257.000000,291.000000,298.000000,294.000000,False,HARD,29.000000,True,Ferrari,8327.049000,,1,3.000000,False,,False,True
2026,1,Australian Grand Prix,R,8492.919000,LEC,16,leclerc,ferrari,82.825000,55.000000,2.000000,,,29.147000,17.624000,36.054000,8439.339000,8456.963000,8493.017000,257.000000,292.000000,299.000000,288.000000,False,HARD,30.000000,True,Ferrari,8410.094000,,1,3.000000,False,,False,True
2026,1,Australian Grand Prix,R,8575.884000,LEC,16,leclerc,ferrari,82.965000,56.000000,2.000000,,,29.161000,17.681000,36.123000,8522.178000,8539.859000,8575.982000,254.000000,288.000000,300.000000,288.000000,False,HARD,31.000000,True,Ferrari,8492.919000,,1,3.000000,False,,False,True
2026,1,Australian Grand Prix,R,8658.982000,LEC,16,leclerc,ferrari,83.098000,57.000000,2.000000,,,29.245000,17.621000,36.232000,8605.227000,8622.848000,8659.080000,258.000000,291.000000,293.000000,289.000000,False,HARD,32.000000,True,Ferrari,8575.884000,,1,3.000000,False,,False,True
2026,1,Australian Grand Prix,R,8742.299000,LEC,16,leclerc,ferrari,83.317000,58.000000,2.000000,,,29.364000,17.704000,36.249000,8688.444000,8706.148000,8742.397000,261.000000,298.000000,313.000000,277.000000,False,HARD,33.000000,True,Ferrari,8658.982000,,1,3.000000,False,,False,True
2026,1,Australian Grand Prix,R,3843.349000,STR,18,stroll,aston_martin,103.370000,1.000000,1.000000,,,,19.505000,40.559000,,3803.481000,3843.562000,232.000000,272.000000,292.000000,188.000000,False,MEDIUM,1.000000,True,Aston Martin,3739.743000,,1,20.000000,False,,False,False
2026,1,Australian Grand Prix,R,3932.122000,STR,18,stroll,aston_martin,88.773000,2.000000,1.000000,,,31.679000,18.599000,38.495000,3875.047000,3893.646000,3932.141000,248.000000,292.000000,293.000000,244.000000,True,MEDIUM,2.000000,True,Aston Martin,3843.349000,,1,20.000000,False,,False,True
2026,1,Australian Grand Prix,R,4020.702000,STR,18,stroll,aston_martin,88.580000,3.000000,1.000000,,,31.507000,18.467000,38.606000,3963.648000,3982.115000,4020.721000,245.000000,297.000000,302.000000,261.000000,True,MEDIUM,3.000000,True,Aston Martin,3932.122000,,1,20.000000,False,,False,True
2026,1,Australian Grand Prix,R,4108.781000,STR,18,stroll,aston_martin,88.079000,4.000000,1.000000,,,31.176000,18.646000,38.257000,4051.897000,4070.543000,4108.800000,249.000000,299.000000,304.000000,282.000000,True,MEDIUM,4.000000,True,Aston Martin,4020.702000,,1,20.000000,False,,False,True
2026,1,Australian Grand Prix,R,4196.966000,STR,18,stroll,aston_martin,88.185000,5.000000,1.000000,,,31.252000,18.541000,38.392000,4140.052000,4158.593000,4196.985000,247.000000,292.000000,292.000000,281.000000,False,MEDIUM,5.000000,True,Aston Martin,4108.781000,,1,20.000000,False,,False,True
2026,1,Australian Grand Prix,R,4285.168000,STR,18,stroll,aston_martin,88.202000,6.000000,1.000000,,,31.239000,18.645000,38.318000,4228.224000,4246.869000,4285.187000,247.000000,285.000000,291.000000,265.000000,False,MEDIUM,6.000000,True,Aston Martin,4196.966000,,1,20.000000,False,,False,True
2026,1,Australian Grand Prix,R,4373.155000,STR,18,stroll,aston_martin,87.987000,7.000000,1.000000,,,31.152000,18.586000,38.249000,4316.339000,4334.925000,4373.174000,246.000000,296.000000,288.000000,275.000000,True,MEDIUM,7.000000,True,Aston Martin,4285.168000,,1,20.000000,False,,False,True
2026,1,Australian Grand Prix,R,4460.799000,STR,18,stroll,aston_martin,87.644000,8.000000,1.000000,,,30.941000,18.662000,38.041000,4404.115000,4422.777000,4460.818000,249.000000,291.000000,285.000000,278.000000,True,MEDIUM,8.000000,True,Aston Martin,4373.155000,,1,20.000000,False,,False,True
2026,1,Australian Grand Prix,R,4548.871000,STR,18,stroll,aston_martin,88.072000,9.000000,1.000000,,,30.958000,18.759000,38.355000,4491.776000,4510.535000,4548.890000,249.000000,278.000000,284.000000,274.000000,False,MEDIUM,9.000000,True,Aston Martin,4460.799000,,1,19.000000,False,,False,True
2026,1,Australian Grand Prix,R,4636.485000,STR,18,stroll,aston_martin,87.614000,10.000000,1.000000,,,31.028000,18.726000,37.860000,4579.918000,4598.644000,4636.504000,249.000000,276.000000,284.000000,277.000000,True,MEDIUM,10.000000,True,Aston Martin,4548.871000,,1,19.000000,False,,False,True
2026,1,Australian Grand Prix,R,4768.736000,STR,18,stroll,aston_martin,132.251000,11.000000,1.000000,,4734.258000,30.877000,18.895000,82.479000,4667.381000,4686.276000,4768.755000,249.000000,233.000000,,278.000000,False,MEDIUM,11.000000,True,Aston Martin,4636.485000,,16,19.000000,False,,False,False
2026,1,Australian Grand Prix,R,4886.942000,STR,18,stroll,aston_martin,118.206000,12.000000,2.000000,4771.102000,,43.992000,27.800000,46.414000,4812.747000,4840.547000,4886.961000,202.000000,136.000000,270.000000,198.000000,False,HARD,1.000000,True,Aston Martin,4768.736000,,6,18.000000,False,,False,False
2026,1,Australian Grand Prix,R,4985.887000,STR,18,stroll,aston_martin,98.945000,13.000000,2.000000,,,40.361000,20.569000,38.015000,4927.322000,4947.891000,4985.906000,229.000000,267.000000,282.000000,142.000000,False,HARD,2.000000,True,Aston Martin,4886.942000,,671,17.000000,False,,False,False
2026,1,Australian Grand Prix,R,5072.895000,STR,18,stroll,aston_martin,87.008000,14.000000,2.000000,,,30.582000,18.700000,37.726000,5016.488000,5035.188000,5072.914000,250.000000,269.000000,283.000000,268.000000,True,HARD,3.000000,True,Aston Martin,4985.887000,,1,17.000000,False,,False,True
2026,1,Australian Grand Prix,R,5159.767000,STR,18,stroll,aston_martin,86.872000,15.000000,2.000000,,,30.449000,18.787000,37.636000,5103.363000,5122.150000,5159.786000,250.000000,268.000000,282.000000,277.000000,True,HARD,4.000000,True,Aston Martin,5072.895000,,1,17.000000,False,,False,True
2026,1,Australian Grand Prix,R,5247.137000,STR,18,stroll,aston_martin,87.370000,16.000000,2.000000,,,30.539000,18.860000,37.971000,5190.325000,5209.185000,5247.156000,248.000000,266.000000,282.000000,277.000000,False,HARD,5.000000,True,Aston Martin,5159.767000,,1,17.000000,False,,False,True
2026,1,Australian Grand Prix,R,5337.639000,STR,18,stroll,aston_martin,90.502000,17.000000,2.000000,,,30.552000,18.854000,41.096000,5277.708000,5296.562000,5337.658000,249.000000,267.000000,139.000000,277.000000,False,HARD,6.000000,True,Aston Martin,5247.137000,,126,17.000000,False,,False,False
2026,1,Australian Grand Prix,R,5451.639000,STR,18,stroll,aston_martin,114.000000,18.000000,2.000000,,,41.181000,23.170000,49.649000,5378.839000,5402.009000,5451.658000,237.000000,230.000000,270.000000,188.000000,False,HARD,7.000000,True,Aston Martin,5337.639000,,6,17.000000,False,,False,False
2026,1,Australian Grand Prix,R,5551.526000,STR,18,stroll,aston_martin,99.887000,19.000000,2.000000,,,39.971000,20.637000,39.279000,5491.629000,5512.266000,5551.545000,181.000000,223.000000,285.000000,198.000000,False,HARD,8.000000,True,Aston Martin,5451.639000,,671,17.000000,False,,False,False
2026,1,Australian Grand Prix,R,5639.623000,STR,18,stroll,aston_martin,88.097000,20.000000,2.000000,,,30.414000,18.829000,38.854000,5581.959000,5600.788000,5639.642000,251.000000,284.000000,287.000000,281.000000,False,HARD,9.000000,True,Aston Martin,5551.526000,,1,17.000000,False,,False,True
2026,1,Australian Grand Prix,R,5727.538000,STR,18,stroll,aston_martin,87.915000,21.000000,2.000000,,,30.951000,18.969000,37.995000,5670.593000,5689.562000,5727.557000,251.000000,286.000000,262.000000,284.000000,False,HARD,10.000000,True,Aston Martin,5639.623000,,1,17.000000,False,,False,True
2026,1,Australian Grand Prix,R,5815.018000,STR,18,stroll,aston_martin,87.480000,22.000000,2.000000,,,30.985000,18.744000,37.751000,5758.542000,5777.286000,5815.037000,256.000000,287.000000,280.000000,245.000000,False,HARD,11.000000,True,Aston Martin,5727.538000,,1,17.000000,False,,False,True
2026,1,Australian Grand Prix,R,5902.529000,STR,18,stroll,aston_martin,87.511000,23.000000,2.000000,,,30.801000,19.050000,37.660000,5845.838000,5864.888000,5902.548000,249.000000,258.000000,281.000000,274.000000,False,HARD,12.000000,True,Aston Martin,5815.018000,,1,17.000000,False,,False,True
2026,1,Australian Grand Prix,R,5989.651000,STR,18,stroll,aston_martin,87.122000,24.000000,2.000000,,,30.653000,18.936000,37.533000,5933.201000,5952.137000,5989.670000,248.000000,259.000000,281.000000,275.000000,False,HARD,13.000000,True,Aston Martin,5902.529000,,1,17.000000,False,,False,True
2026,1,Australian Grand Prix,R,6078.684000,STR,18,stroll,aston_martin,89.033000,25.000000,2.000000,,,30.673000,18.907000,39.453000,6020.343000,6039.250000,6078.703000,251.000000,262.000000,282.000000,275.000000,False,HARD,14.000000,True,Aston Martin,5989.651000,,1,17.000000,False,,False,True
2026,1,Australian Grand Prix,R,6197.550000,STR,18,stroll,aston_martin,118.866000,26.000000,2.000000,,6166.531000,30.903000,18.957000,69.006000,6109.606000,6128.563000,6197.569000,249.000000,289.000000,,272.000000,False,HARD,15.000000,True,Aston Martin,6078.684000,,1,17.000000,False,,False,False
2026,1,Australian Grand Prix,R,6295.064000,STR,18,stroll,aston_martin,97.514000,27.000000,3.000000,6199.975000,,38.666000,19.350000,39.498000,6236.235000,6255.585000,6295.083000,245.000000,259.000000,283.000000,209.000000,False,SOFT,1.000000,True,Aston Martin,6197.550000,,1,17.000000,False,,False,False
2026,1,Australian Grand Prix,R,6381.138000,STR,18,stroll,aston_martin,86.074000,28.000000,3.000000,,,30.185000,18.792000,37.097000,6325.268000,6344.060000,6381.157000,252.000000,262.000000,284.000000,276.000000,True,SOFT,2.000000,True,Aston Martin,6295.064000,,1,17.000000,False,,False,True
2026,1,Australian Grand Prix,R,6467.202000,STR,18,stroll,aston_martin,86.064000,29.000000,3.000000,,,30.217000,18.613000,37.234000,6411.374000,6429.987000,6467.221000,252.000000,266.000000,286.000000,276.000000,True,SOFT,3.000000,True,Aston Martin,6381.138000,,1,17.000000,False,,False,True
2026,1,Australian Grand Prix,R,6554.618000,STR,18,stroll,aston_martin,87.416000,30.000000,3.000000,,,30.233000,18.674000,38.509000,6497.454000,6516.128000,6554.637000,252.000000,265.000000,290.000000,275.000000,False,SOFT,4.000000,True,Aston Martin,6467.202000,,1,17.000000,False,,False,True
2026,1,Australian Grand Prix,R,6641.005000,STR,18,stroll,aston_martin,86.387000,31.000000,3.000000,,,30.422000,18.577000,37.388000,6585.059000,6603.636000,6641.024000,251.000000,268.000000,284.000000,276.000000,False,SOFT,5.000000,True,Aston Martin,6554.618000,,1,17.000000,False,,False,True
2026,1,Australian Grand Prix,R,6743.473000,STR,18,stroll,aston_martin,102.468000,32.000000,3.000000,,,31.787000,30.644000,40.037000,6672.811000,6703.455000,6743.492000,252.000000,208.000000,285.000000,273.000000,False,SOFT,6.000000,True,Aston Martin,6641.005000,,167,17.000000,False,,False,False
2026,1,Australian Grand Prix,R,6830.001000,STR,18,stroll,aston_martin,86.528000,33.000000,3.000000,,,30.503000,18.728000,37.297000,6773.995000,6792.723000,6830.020000,251.000000,265.000000,292.000000,274.000000,False,SOFT,7.000000,True,Aston Martin,6743.473000,,1,17.000000,False,,False,True
2026,1,Australian Grand Prix,R,7998.247000,STR,18,stroll,aston_martin,,34.000000,3.000000,,6918.611000,30.496000,19.613000,,6860.759000,6880.301000,,252.000000,296.000000,,298.000000,False,SOFT,8.000000,True,Aston Martin,6830.001000,,1,17.000000,False,,False,False
2026,1,Australian Grand Prix,R,8093.884000,STR,18,stroll,aston_martin,95.637000,35.000000,4.000000,8000.515000,,39.439000,18.905000,37.293000,8037.705000,8056.610000,8093.903000,244.000000,265.000000,290.000000,151.000000,False,SOFT,1.000000,True,Aston Martin,7998.247000,,1,17.000000,False,,False,False
2026,1,Australian Grand Prix,R,8179.294000,STR,18,stroll,aston_martin,85.410000,36.000000,4.000000,,,29.828000,18.491000,37.091000,8123.731000,8142.222000,8179.313000,251.000000,268.000000,284.000000,285.000000,True,SOFT,2.000000,True,Aston Martin,8093.884000,,1,17.000000,False,,False,True
2026,1,Australian Grand Prix,R,8265.614000,STR,18,stroll,aston_martin,86.320000,37.000000,4.000000,,,30.139000,18.756000,37.425000,8209.452000,8228.208000,8265.633000,251.000000,261.000000,287.000000,276.000000,False,SOFT,3.000000,True,Aston Martin,8179.294000,,1,17.000000,False,,False,True
2026,1,Australian Grand Prix,R,8351.984000,STR,18,stroll,aston_martin,86.370000,38.000000,4.000000,,,30.177000,18.735000,37.458000,8295.810000,8314.545000,8352.003000,251.000000,262.000000,286.000000,278.000000,False,SOFT,4.000000,True,Aston Martin,8265.614000,,1,17.000000,False,,False,True
2026,1,Australian Grand Prix,R,8457.873000,STR,18,stroll,aston_martin,105.889000,39.000000,4.000000,,8437.402000,30.411000,18.745000,56.733000,8382.414000,8401.159000,8457.892000,248.000000,261.000000,,278.000000,False,SOFT,5.000000,True,Aston Martin,8351.984000,,1,17.000000,False,,False,False
2026,1,Australian Grand Prix,R,8550.845000,STR,18,stroll,aston_martin,92.972000,40.000000,5.000000,8460.243000,,36.906000,19.049000,37.017000,8494.798000,8513.847000,8550.864000,247.000000,259.000000,295.000000,209.000000,False,SOFT,1.000000,True,Aston Martin,8457.873000,,1,17.000000,False,,False,False
2026,1,Australian Grand Prix,R,8636.289000,STR,18,stroll,aston_martin,85.444000,41.000000,5.000000,,,29.694000,18.741000,37.009000,8580.558000,8599.299000,8636.308000,252.000000,260.000000,285.000000,302.000000,False,SOFT,2.000000,True,Aston Martin,8550.845000,,1,17.000000,False,,False,True
2026,1,Australian Grand Prix,R,8721.996000,STR,18,stroll,aston_martin,85.707000,42.000000,5.000000,,,29.973000,18.791000,36.943000,8666.281000,8685.072000,8722.015000,252.000000,257.000000,283.000000,275.000000,False,SOFT,3.000000,True,Aston Martin,8636.289000,,1,17.000000,False,,False,True
2026,1,Australian Grand Prix,R,8807.915000,STR,18,stroll,aston_martin,85.919000,43.000000,5.000000,,,29.948000,18.837000,37.134000,8751.963000,8770.800000,8807.934000,251.000000,257.000000,283.000000,274.000000,False,SOFT,4.000000,True,Aston Martin,8721.996000,,1,17.000000,False,,False,True
2026,1,Australian Grand Prix,R,3839.355000,ALB,23,albon,williams,99.376000,1.000000,1.000000,,,,19.018000,39.109000,,3800.705000,3839.566000,225.000000,290.000000,291.000000,209.000000,False,MEDIUM,1.000000,True,Williams,3739.743000,,1,12.000000,False,,False,False
2026,1,Australian Grand Prix,R,3927.135000,ALB,23,albon,williams,87.780000,2.000000,1.000000,,,31.155000,18.160000,38.465000,3870.594000,3888.754000,3927.219000,259.000000,285.000000,281.000000,265.000000,True,MEDIUM,2.000000,True,Williams,3839.355000,,1,13.000000,False,,False,True
2026,1,Australian Grand Prix,R,4014.647000,ALB,23,albon,williams,87.512000,3.000000,1.000000,,,31.369000,18.234000,37.909000,3958.588000,3976.822000,4014.731000,267.000000,310.000000,301.000000,251.000000,True,MEDIUM,3.000000,True,Williams,3927.135000,,1,13.000000,False,,False,True
2026,1,Australian Grand Prix,R,4102.558000,ALB,23,albon,williams,87.911000,4.000000,1.000000,,,30.836000,18.153000,38.922000,4045.567000,4063.720000,4102.642000,255.000000,293.000000,301.000000,276.000000,False,MEDIUM,4.000000,True,Williams,4014.647000,,1,14.000000,False,,False,True
2026,1,Australian Grand Prix,R,4189.734000,ALB,23,albon,williams,87.176000,5.000000,1.000000,,,30.385000,18.275000,38.516000,4133.027000,4151.302000,4189.818000,260.000000,318.000000,292.000000,278.000000,True,MEDIUM,5.000000,True,Williams,4102.558000,,1,13.000000,False,,False,True
2026,1,Australian Grand Prix,R,4276.170000,ALB,23,albon,williams,86.436000,6.000000,1.000000,,,30.347000,18.545000,37.544000,4220.165000,4238.710000,4276.254000,264.000000,297.000000,294.000000,282.000000,True,MEDIUM,6.000000,True,Williams,4189.734000,,1,13.000000,False,,False,True
2026,1,Australian Grand Prix,R,4361.858000,ALB,23,albon,williams,85.688000,7.000000,1.000000,,,30.041000,18.442000,37.205000,4306.295000,4324.737000,4361.942000,264.000000,300.000000,291.000000,281.000000,True,MEDIUM,7.000000,True,Williams,4276.170000,,1,13.000000,False,,False,True
2026,1,Australian Grand Prix,R,4447.416000,ALB,23,albon,williams,85.558000,8.000000,1.000000,,,29.979000,18.318000,37.261000,4391.921000,4410.239000,4447.500000,260.000000,301.000000,287.000000,285.000000,True,MEDIUM,8.000000,True,Williams,4361.858000,,1,13.000000,False,,False,True
2026,1,Australian Grand Prix,R,4533.144000,ALB,23,albon,williams,85.728000,9.000000,1.000000,,,30.086000,18.257000,37.385000,4477.586000,4495.843000,4533.228000,265.000000,301.000000,291.000000,287.000000,False,MEDIUM,9.000000,True,Williams,4447.416000,,1,13.000000,False,,False,True
2026,1,Australian Grand Prix,R,4619.174000,ALB,23,albon,williams,86.030000,10.000000,1.000000,,,30.181000,18.432000,37.417000,4563.409000,4581.841000,4619.258000,262.000000,299.000000,288.000000,285.000000,False,MEDIUM,10.000000,True,Williams,4533.144000,,1,13.000000,False,,False,True
2026,1,Australian Grand Prix,R,4713.154000,ALB,23,albon,williams,93.980000,11.000000,1.000000,,,30.057000,18.391000,45.532000,4649.315000,4667.706000,4713.238000,266.000000,299.000000,227.000000,284.000000,False,MEDIUM,11.000000,True,Williams,4619.174000,,16,10.000000,False,,False,False
2026,1,Australian Grand Prix,R,4838.732000,ALB,23,albon,williams,125.578000,12.000000,1.000000,,4822.785000,40.480000,27.083000,58.015000,4753.718000,4780.801000,4838.816000,214.000000,169.000000,,218.000000,False,MEDIUM,12.000000,True,Williams,4713.154000,,6,12.000000,False,,False,False
2026,1,Australian Grand Prix,R,4951.080000,ALB,23,albon,williams,112.348000,13.000000,2.000000,4841.190000,,44.516000,26.746000,41.086000,4883.332000,4910.078000,4951.164000,174.000000,135.000000,288.000000,223.000000,False,HARD,1.000000,True,Williams,4838.732000,,671,12.000000,False,,False,False
2026,1,Australian Grand Prix,R,5036.459000,ALB,23,albon,williams,85.379000,14.000000,2.000000,,,30.090000,18.340000,36.949000,4981.254000,4999.594000,5036.543000,264.000000,300.000000,290.000000,273.000000,True,HARD,2.000000,True,Williams,4951.080000,,1,12.000000,False,,False,True
2026,1,Australian Grand Prix,R,5121.494000,ALB,23,albon,williams,85.035000,15.000000,2.000000,,,29.782000,18.291000,36.962000,5066.325000,5084.616000,5121.578000,254.000000,300.000000,296.000000,284.000000,True,HARD,3.000000,True,Williams,5036.459000,,1,12.000000,False,,False,True
2026,1,Australian Grand Prix,R,5209.928000,ALB,23,albon,williams,88.434000,16.000000,2.000000,,,32.674000,18.369000,37.391000,5154.252000,5172.621000,5210.012000,256.000000,300.000000,290.000000,288.000000,False,HARD,4.000000,True,Williams,5121.494000,,1,13.000000,True,TRACK LIMITS AT TURN 3 LAP 16 ,False,True
2026,1,Australian Grand Prix,R,5295.590000,ALB,23,albon,williams,85.662000,17.000000,2.000000,,,29.953000,18.346000,37.363000,5239.965000,5258.311000,5295.674000,263.000000,300.000000,287.000000,281.000000,False,HARD,5.000000,True,Williams,5209.928000,,1,13.000000,False,,False,True
2026,1,Australian Grand Prix,R,5399.618000,ALB,23,albon,williams,104.028000,18.000000,2.000000,,,29.856000,26.359000,47.813000,5325.530000,5351.889000,5399.702000,257.000000,208.000000,206.000000,281.000000,False,HARD,6.000000,True,Williams,5295.590000,,126,13.000000,False,,False,False
2026,1,Australian Grand Prix,R,5509.094000,ALB,23,albon,williams,109.476000,19.000000,2.000000,,,40.275000,25.064000,44.137000,5439.977000,5465.041000,5509.178000,240.000000,256.000000,297.000000,221.000000,False,HARD,7.000000,True,Williams,5399.618000,,671,13.000000,False,,False,False
2026,1,Australian Grand Prix,R,5594.135000,ALB,23,albon,williams,85.041000,20.000000,2.000000,,,29.647000,18.338000,37.056000,5538.825000,5557.163000,5594.219000,264.000000,299.000000,296.000000,288.000000,False,HARD,8.000000,True,Williams,5509.094000,,1,13.000000,False,,False,True
2026,1,Australian Grand Prix,R,5679.200000,ALB,23,albon,williams,85.065000,21.000000,2.000000,,,29.694000,18.172000,37.199000,5623.913000,5642.085000,5679.284000,257.000000,302.000000,295.000000,288.000000,False,HARD,9.000000,True,Williams,5594.135000,,1,13.000000,False,,False,True
2026,1,Australian Grand Prix,R,5764.497000,ALB,23,albon,williams,85.297000,22.000000,2.000000,,,29.771000,18.290000,37.236000,5709.055000,5727.345000,5764.581000,260.000000,301.000000,295.000000,287.000000,False,HARD,10.000000,True,Williams,5679.200000,,1,13.000000,False,,False,True
2026,1,Australian Grand Prix,R,5849.755000,ALB,23,albon,williams,85.258000,23.000000,2.000000,,,29.798000,18.173000,37.287000,5794.379000,5812.552000,5849.839000,256.000000,301.000000,297.000000,286.000000,False,HARD,11.000000,True,Williams,5764.497000,,1,13.000000,False,,False,True
2026,1,Australian Grand Prix,R,5935.089000,ALB,23,albon,williams,85.334000,24.000000,2.000000,,,29.842000,18.245000,37.247000,5879.681000,5897.926000,5935.173000,266.000000,302.000000,292.000000,286.000000,False,HARD,12.000000,True,Williams,5849.755000,,1,13.000000,False,,False,True
2026,1,Australian Grand Prix,R,6020.658000,ALB,23,albon,williams,85.569000,25.000000,2.000000,,,29.990000,18.291000,37.288000,5965.163000,5983.454000,6020.742000,262.000000,302.000000,296.000000,283.000000,False,HARD,13.000000,True,Williams,5935.089000,,1,13.000000,False,,False,True
2026,1,Australian Grand Prix,R,6106.440000,ALB,23,albon,williams,85.782000,26.000000,2.000000,,,29.871000,18.341000,37.570000,6050.613000,6068.954000,6106.524000,266.000000,303.000000,293.000000,283.000000,False,HARD,14.000000,True,Williams,6020.658000,,1,13.000000,False,,False,True
2026,1,Australian Grand Prix,R,6192.174000,ALB,23,albon,williams,85.734000,27.000000,2.000000,,,29.901000,18.232000,37.601000,6136.425000,6154.657000,6192.258000,268.000000,300.000000,298.000000,286.000000,False,HARD,15.000000,True,Williams,6106.440000,,1,13.000000,False,,False,True
2026,1,Australian Grand Prix,R,6278.816000,ALB,23,albon,williams,86.642000,28.000000,2.000000,,,30.362000,18.456000,37.824000,6222.620000,6241.076000,6278.900000,266.000000,302.000000,296.000000,277.000000,False,HARD,16.000000,True,Williams,6192.174000,,1,13.000000,False,,False,True
2026,1,Australian Grand Prix,R,6365.430000,ALB,23,albon,williams,86.614000,29.000000,2.000000,,,30.359000,18.191000,38.064000,6309.259000,6327.450000,6365.514000,266.000000,301.000000,289.000000,280.000000,False,HARD,17.000000,True,Williams,6278.816000,,1,12.000000,False,,False,True
2026,1,Australian Grand Prix,R,6451.902000,ALB,23,albon,williams,86.472000,30.000000,2.000000,,,30.327000,18.382000,37.763000,6395.841000,6414.223000,6451.986000,248.000000,296.000000,294.000000,281.000000,False,HARD,18.000000,True,Williams,6365.430000,,1,12.000000,False,,False,True
2026,1,Australian Grand Prix,R,6538.425000,ALB,23,albon,williams,86.523000,31.000000,2.000000,,,30.134000,18.460000,37.929000,6482.120000,6500.580000,6538.509000,264.000000,297.000000,291.000000,283.000000,False,HARD,19.000000,True,Williams,6451.902000,,1,12.000000,False,,False,True
2026,1,Australian Grand Prix,R,6624.884000,ALB,23,albon,williams,86.459000,32.000000,2.000000,,,30.357000,18.353000,37.749000,6568.866000,6587.219000,6624.968000,264.000000,295.000000,286.000000,279.000000,False,HARD,20.000000,True,Williams,6538.425000,,1,12.000000,False,,False,True
2026,1,Australian Grand Prix,R,6734.914000,ALB,23,albon,williams,110.030000,33.000000,2.000000,,6718.614000,30.255000,18.445000,61.330000,6655.223000,6673.668000,6734.998000,261.000000,296.000000,,278.000000,False,HARD,21.000000,True,Williams,6624.884000,,167,12.000000,False,,False,False
2026,1,Australian Grand Prix,R,6825.832000,ALB,23,albon,williams,90.918000,34.000000,3.000000,6737.259000,,36.035000,18.141000,36.742000,6771.033000,6789.174000,6825.916000,266.000000,305.000000,292.000000,218.000000,False,SOFT,1.000000,True,Williams,6734.914000,,1,12.000000,False,,False,False
2026,1,Australian Grand Prix,R,6910.278000,ALB,23,albon,williams,84.446000,35.000000,3.000000,,,29.483000,18.135000,36.828000,6855.399000,6873.534000,6910.362000,265.000000,300.000000,287.000000,287.000000,True,SOFT,2.000000,True,Williams,6825.832000,,1,12.000000,False,,False,True
2026,1,Australian Grand Prix,R,6994.653000,ALB,23,albon,williams,84.375000,36.000000,3.000000,,,29.418000,18.165000,36.792000,6939.780000,6957.945000,6994.737000,263.000000,298.000000,296.000000,285.000000,True,SOFT,3.000000,True,Williams,6910.278000,,1,12.000000,False,,False,True
2026,1,Australian Grand Prix,R,7079.705000,ALB,23,albon,williams,85.052000,37.000000,3.000000,,,29.898000,18.205000,36.949000,7024.635000,7042.840000,7079.789000,259.000000,297.000000,295.000000,276.000000,False,SOFT,4.000000,True,Williams,6994.653000,,1,12.000000,False,,False,True
2026,1,Australian Grand Prix,R,7166.043000,ALB,23,albon,williams,86.338000,38.000000,3.000000,,,29.646000,18.304000,38.388000,7109.435000,7127.739000,7166.127000,260.000000,299.000000,295.000000,287.000000,False,SOFT,5.000000,True,Williams,7079.705000,,1,12.000000,False,,False,True
2026,1,Australian Grand Prix,R,7250.901000,ALB,23,albon,williams,84.858000,39.000000,3.000000,,,29.970000,18.028000,36.860000,7196.097000,7214.125000,7250.985000,259.000000,304.000000,293.000000,287.000000,False,SOFT,6.000000,True,Williams,7166.043000,,1,12.000000,False,,False,True
2026,1,Australian Grand Prix,R,7337.573000,ALB,23,albon,williams,86.672000,40.000000,3.000000,,,29.920000,18.212000,38.540000,7280.905000,7299.117000,7337.657000,247.000000,301.000000,297.000000,287.000000,False,SOFT,7.000000,True,Williams,7250.901000,,1,12.000000,False,,False,True
2026,1,Australian Grand Prix,R,7422.449000,ALB,23,albon,williams,84.876000,41.000000,3.000000,,,29.843000,18.061000,36.972000,7367.500000,7385.561000,7422.533000,258.000000,302.000000,295.000000,287.000000,False,SOFT,8.000000,True,Williams,7337.573000,,1,12.000000,False,,False,True
2026,1,Australian Grand Prix,R,7507.307000,ALB,23,albon,williams,84.858000,42.000000,3.000000,,,29.705000,18.242000,36.911000,7452.238000,7470.480000,7507.391000,244.000000,299.000000,291.000000,285.000000,False,SOFT,9.000000,True,Williams,7422.449000,,1,12.000000,False,,False,True
2026,1,Australian Grand Prix,R,7592.263000,ALB,23,albon,williams,84.956000,43.000000,3.000000,,,29.745000,18.256000,36.955000,7537.136000,7555.392000,7592.347000,260.000000,300.000000,290.000000,282.000000,False,SOFT,10.000000,True,Williams,7507.307000,,1,12.000000,False,,False,True
2026,1,Australian Grand Prix,R,7677.104000,ALB,23,albon,williams,84.841000,44.000000,3.000000,,,29.537000,18.178000,37.126000,7621.884000,7640.062000,7677.188000,264.000000,299.000000,294.000000,282.000000,False,SOFT,11.000000,True,Williams,7592.263000,,1,12.000000,False,,False,True
2026,1,Australian Grand Prix,R,7761.806000,ALB,23,albon,williams,84.702000,45.000000,3.000000,,,29.548000,18.205000,36.949000,7706.736000,7724.941000,7761.890000,258.000000,297.000000,294.000000,282.000000,False,SOFT,12.000000,True,Williams,7677.104000,,1,12.000000,False,,False,True
2026,1,Australian Grand Prix,R,7846.583000,ALB,23,albon,williams,84.777000,46.000000,3.000000,,,29.574000,18.274000,36.929000,7791.464000,7809.738000,7846.667000,257.000000,297.000000,289.000000,283.000000,False,SOFT,13.000000,True,Williams,7761.806000,,1,12.000000,False,,False,True
2026,1,Australian Grand Prix,R,7931.398000,ALB,23,albon,williams,84.815000,47.000000,3.000000,,,29.602000,18.169000,37.044000,7876.269000,7894.438000,7931.482000,255.000000,298.000000,293.000000,283.000000,False,SOFT,14.000000,True,Williams,7846.583000,,1,12.000000,False,,False,True
2026,1,Australian Grand Prix,R,8016.171000,ALB,23,albon,williams,84.773000,48.000000,3.000000,,,29.606000,18.156000,37.011000,7961.088000,7979.244000,8016.255000,255.000000,298.000000,294.000000,281.000000,False,SOFT,15.000000,True,Williams,7931.398000,,1,12.000000,False,,False,True
2026,1,Australian Grand Prix,R,8100.956000,ALB,23,albon,williams,84.785000,49.000000,3.000000,,,29.474000,18.340000,36.971000,8045.729000,8064.069000,8101.040000,265.000000,297.000000,295.000000,285.000000,False,SOFT,16.000000,True,Williams,8016.171000,,1,12.000000,False,,False,True
2026,1,Australian Grand Prix,R,8185.812000,ALB,23,albon,williams,84.856000,50.000000,3.000000,,,29.794000,18.218000,36.844000,8130.834000,8149.052000,8185.896000,244.000000,301.000000,297.000000,286.000000,False,SOFT,17.000000,True,Williams,8100.956000,,1,12.000000,False,,False,True
2026,1,Australian Grand Prix,R,8270.561000,ALB,23,albon,williams,84.749000,51.000000,3.000000,,,29.468000,18.211000,37.070000,8215.364000,8233.575000,8270.645000,257.000000,300.000000,294.000000,285.000000,False,SOFT,18.000000,True,Williams,8185.812000,,1,12.000000,False,,False,True
2026,1,Australian Grand Prix,R,8355.325000,ALB,23,albon,williams,84.764000,52.000000,3.000000,,,29.582000,18.133000,37.049000,8300.227000,8318.360000,8355.409000,261.000000,300.000000,289.000000,290.000000,False,SOFT,19.000000,True,Williams,8270.561000,,1,12.000000,False,,False,True
2026,1,Australian Grand Prix,R,8440.344000,ALB,23,albon,williams,85.019000,53.000000,3.000000,,,29.769000,18.199000,37.051000,8385.178000,8403.377000,8440.428000,254.000000,302.000000,294.000000,286.000000,False,SOFT,20.000000,True,Williams,8355.325000,,1,12.000000,False,,False,True
2026,1,Australian Grand Prix,R,8525.205000,ALB,23,albon,williams,84.861000,54.000000,3.000000,,,29.690000,18.266000,36.905000,8470.118000,8488.384000,8525.289000,255.000000,296.000000,289.000000,291.000000,False,SOFT,21.000000,True,Williams,8440.344000,,1,12.000000,False,,False,True
2026,1,Australian Grand Prix,R,8610.200000,ALB,23,albon,williams,84.995000,55.000000,3.000000,,,29.747000,18.208000,37.040000,8555.036000,8573.244000,8610.284000,255.000000,296.000000,292.000000,287.000000,False,SOFT,22.000000,True,Williams,8525.205000,,1,12.000000,False,,False,True
2026,1,Australian Grand Prix,R,8696.587000,ALB,23,albon,williams,86.387000,56.000000,3.000000,,,29.824000,18.321000,38.242000,8640.108000,8658.429000,8696.671000,261.000000,295.000000,287.000000,288.000000,False,SOFT,23.000000,True,Williams,8610.200000,,1,12.000000,False,,False,True
2026,1,Australian Grand Prix,R,8782.855000,ALB,23,albon,williams,86.268000,57.000000,3.000000,,,31.326000,18.011000,36.931000,8727.997000,8746.008000,8782.939000,261.000000,308.000000,301.000000,278.000000,False,SOFT,24.000000,True,Williams,8696.587000,,1,12.000000,False,,False,True
2026,1,Australian Grand Prix,R,3841.312000,VER,3,max_verstappen,red_bull,101.333000,1.000000,1.000000,,,,18.975000,39.753000,,3802.591000,3841.376000,235.000000,292.000000,277.000000,211.000000,False,HARD,1.000000,True,Red Bull Racing,3739.743000,,1,16.000000,False,,False,False
2026,1,Australian Grand Prix,R,3928.140000,VER,3,max_verstappen,red_bull,86.828000,2.000000,1.000000,,,31.200000,18.005000,37.623000,3872.576000,3890.581000,3928.204000,245.000000,313.000000,306.000000,269.000000,True,HARD,2.000000,True,Red Bull Racing,3841.312000,,1,15.000000,False,,False,True
2026,1,Australian Grand Prix,R,4015.236000,VER,3,max_verstappen,red_bull,87.096000,3.000000,1.000000,,,31.213000,18.031000,37.852000,3959.417000,3977.448000,4015.300000,246.000000,306.000000,306.000000,266.000000,False,HARD,3.000000,True,Red Bull Racing,3928.140000,,1,14.000000,False,,False,True
2026,1,Australian Grand Prix,R,4101.807000,VER,3,max_verstappen,red_bull,86.571000,4.000000,1.000000,,,30.547000,17.928000,38.096000,4045.847000,4063.775000,4101.871000,251.000000,292.000000,303.000000,282.000000,True,HARD,4.000000,True,Red Bull Racing,4015.236000,,1,13.000000,False,,False,True
2026,1,Australian Grand Prix,R,4186.686000,VER,3,max_verstappen,red_bull,84.879000,5.000000,1.000000,,,29.902000,18.360000,36.617000,4131.773000,4150.133000,4186.750000,247.000000,295.000000,308.000000,281.000000,True,HARD,5.000000,True,Red Bull Racing,4101.807000,,1,12.000000,False,,False,True
2026,1,Australian Grand Prix,R,4271.654000,VER,3,max_verstappen,red_bull,84.968000,6.000000,1.000000,,,30.063000,17.806000,37.099000,4216.813000,4234.619000,4271.718000,253.000000,324.000000,308.000000,295.000000,False,HARD,6.000000,True,Red Bull Racing,4186.686000,,1,11.000000,False,,False,True
2026,1,Australian Grand Prix,R,4357.038000,VER,3,max_verstappen,red_bull,85.384000,7.000000,1.000000,,,30.335000,18.224000,36.825000,4302.053000,4320.277000,4357.102000,254.000000,303.000000,312.000000,275.000000,False,HARD,7.000000,True,Red Bull Racing,4271.654000,,1,11.000000,False,,False,True
2026,1,Australian Grand Prix,R,4441.745000,VER,3,max_verstappen,red_bull,84.707000,8.000000,1.000000,,,29.790000,18.051000,36.866000,4386.892000,4404.943000,4441.809000,251.000000,300.000000,301.000000,305.000000,True,HARD,8.000000,True,Red Bull Racing,4357.038000,,1,10.000000,False,,False,True
2026,1,Australian Grand Prix,R,4526.816000,VER,3,max_verstappen,red_bull,85.071000,9.000000,1.000000,,,29.879000,17.966000,37.226000,4471.688000,4489.654000,4526.880000,249.000000,304.000000,302.000000,297.000000,False,HARD,9.000000,True,Red Bull Racing,4441.745000,,1,10.000000,False,,False,True
2026,1,Australian Grand Prix,R,4611.949000,VER,3,max_verstappen,red_bull,85.133000,10.000000,1.000000,,,30.036000,17.609000,37.488000,4556.916000,4574.525000,4612.013000,254.000000,324.000000,300.000000,298.000000,False,HARD,10.000000,True,Red Bull Racing,4526.816000,,1,9.000000,False,,False,True
2026,1,Australian Grand Prix,R,4702.978000,VER,3,max_verstappen,red_bull,91.029000,11.000000,1.000000,,,29.804000,18.006000,43.219000,4641.817000,4659.823000,4703.042000,253.000000,308.000000,226.000000,300.000000,False,HARD,11.000000,True,Red Bull Racing,4611.949000,,16,6.000000,False,,False,False
2026,1,Australian Grand Prix,R,4817.192000,VER,3,max_verstappen,red_bull,114.214000,12.000000,1.000000,,,39.818000,27.803000,46.593000,4742.860000,4770.663000,4817.256000,175.000000,141.000000,196.000000,180.000000,False,HARD,12.000000,True,Red Bull Racing,4702.978000,,6,6.000000,False,,False,False
2026,1,Australian Grand Prix,R,4932.053000,VER,3,max_verstappen,red_bull,114.861000,13.000000,1.000000,,,40.500000,28.662000,45.699000,4857.756000,4886.418000,4932.117000,211.000000,135.000000,196.000000,184.000000,False,HARD,13.000000,True,Red Bull Racing,4817.192000,,67,6.000000,False,,False,False
2026,1,Australian Grand Prix,R,5018.183000,VER,3,max_verstappen,red_bull,86.130000,14.000000,1.000000,,,31.326000,18.104000,36.700000,4963.443000,4981.547000,5018.247000,252.000000,302.000000,295.000000,266.000000,False,HARD,14.000000,True,Red Bull Racing,4932.053000,,71,6.000000,False,,False,False
2026,1,Australian Grand Prix,R,5102.281000,VER,3,max_verstappen,red_bull,84.098000,15.000000,1.000000,,,29.618000,17.939000,36.541000,5047.865000,5065.804000,5102.345000,247.000000,301.000000,300.000000,299.000000,True,HARD,15.000000,True,Red Bull Racing,5018.183000,,1,6.000000,False,,False,True
2026,1,Australian Grand Prix,R,5186.887000,VER,3,max_verstappen,red_bull,84.606000,16.000000,1.000000,,,29.522000,18.040000,37.044000,5131.867000,5149.907000,5186.951000,267.000000,301.000000,296.000000,305.000000,False,HARD,16.000000,True,Red Bull Racing,5102.281000,,1,6.000000,False,,False,True
2026,1,Australian Grand Prix,R,5271.644000,VER,3,max_verstappen,red_bull,84.757000,17.000000,1.000000,,,29.737000,17.967000,37.053000,5216.688000,5234.655000,5271.708000,251.000000,305.000000,303.000000,298.000000,False,HARD,17.000000,True,Red Bull Racing,5186.887000,,1,6.000000,False,,False,True
2026,1,Australian Grand Prix,R,5380.191000,VER,3,max_verstappen,red_bull,108.547000,18.000000,1.000000,,5363.209000,30.110000,17.724000,60.713000,5301.818000,5319.542000,5380.255000,249.000000,318.000000,,295.000000,False,HARD,18.000000,True,Red Bull Racing,5271.644000,,126,7.000000,False,,False,False
2026,1,Australian Grand Prix,R,5496.540000,VER,3,max_verstappen,red_bull,116.349000,19.000000,2.000000,5382.692000,,42.485000,26.161000,47.703000,5422.740000,5448.901000,5496.604000,231.000000,237.000000,282.000000,226.000000,False,MEDIUM,1.000000,True,Red Bull Racing,5380.191000,,671,7.000000,False,,False,False
2026,1,Australian Grand Prix,R,5580.106000,VER,3,max_verstappen,red_bull,83.566000,20.000000,2.000000,,,29.779000,17.769000,36.018000,5526.383000,5544.152000,5580.170000,252.000000,309.000000,303.000000,269.000000,True,MEDIUM,2.000000,True,Red Bull Racing,5496.540000,,1,6.000000,False,,False,True
2026,1,Australian Grand Prix,R,5663.642000,VER,3,max_verstappen,red_bull,83.536000,21.000000,2.000000,,,29.143000,18.110000,36.283000,5609.313000,5627.423000,5663.706000,245.000000,292.000000,299.000000,306.000000,True,MEDIUM,3.000000,True,Red Bull Racing,5580.106000,,1,6.000000,False,,False,True
2026,1,Australian Grand Prix,R,5747.100000,VER,3,max_verstappen,red_bull,83.458000,22.000000,2.000000,,,29.148000,17.987000,36.323000,5692.854000,5710.841000,5747.164000,250.000000,296.000000,296.000000,299.000000,True,MEDIUM,4.000000,True,Red Bull Racing,5663.642000,,1,6.000000,False,,False,True
2026,1,Australian Grand Prix,R,5830.616000,VER,3,max_verstappen,red_bull,83.516000,23.000000,2.000000,,,29.193000,18.022000,36.301000,5776.357000,5794.379000,5830.680000,250.000000,294.000000,293.000000,296.000000,False,MEDIUM,5.000000,True,Red Bull Racing,5747.100000,,1,6.000000,False,,False,True
2026,1,Australian Grand Prix,R,5914.088000,VER,3,max_verstappen,red_bull,83.472000,24.000000,2.000000,,,29.331000,17.986000,36.155000,5860.011000,5877.997000,5914.152000,250.000000,295.000000,295.000000,294.000000,False,MEDIUM,6.000000,True,Red Bull Racing,5830.616000,,1,6.000000,False,,False,True
2026,1,Australian Grand Prix,R,5997.642000,VER,3,max_verstappen,red_bull,83.554000,25.000000,2.000000,,,29.364000,17.930000,36.260000,5943.516000,5961.446000,5997.706000,250.000000,296.000000,298.000000,294.000000,False,MEDIUM,7.000000,True,Red Bull Racing,5914.088000,,1,6.000000,False,,False,True
2026,1,Australian Grand Prix,R,6081.005000,VER,3,max_verstappen,red_bull,83.363000,26.000000,2.000000,,,29.297000,17.886000,36.180000,6027.003000,6044.889000,6081.069000,250.000000,298.000000,299.000000,299.000000,True,MEDIUM,8.000000,True,Red Bull Racing,5997.642000,,1,6.000000,False,,False,True
2026,1,Australian Grand Prix,R,6164.745000,VER,3,max_verstappen,red_bull,83.740000,27.000000,2.000000,,,29.355000,17.915000,36.470000,6110.424000,6128.339000,6164.809000,255.000000,298.000000,297.000000,299.000000,False,MEDIUM,9.000000,True,Red Bull Racing,6081.005000,,1,6.000000,False,,False,True
2026,1,Australian Grand Prix,R,6248.208000,VER,3,max_verstappen,red_bull,83.463000,28.000000,2.000000,,,29.351000,17.958000,36.154000,6194.160000,6212.118000,6248.272000,252.000000,296.000000,297.000000,295.000000,False,MEDIUM,10.000000,True,Red Bull Racing,6164.745000,,1,6.000000,False,,False,True
2026,1,Australian Grand Prix,R,6331.647000,VER,3,max_verstappen,red_bull,83.439000,29.000000,2.000000,,,29.240000,17.886000,36.313000,6277.512000,6295.398000,6331.711000,253.000000,302.000000,297.000000,299.000000,False,MEDIUM,11.000000,True,Red Bull Racing,6248.208000,,1,6.000000,False,,False,True
2026,1,Australian Grand Prix,R,6415.037000,VER,3,max_verstappen,red_bull,83.390000,30.000000,2.000000,,,29.256000,17.871000,36.263000,6360.967000,6378.838000,6415.101000,252.000000,299.000000,300.000000,296.000000,False,MEDIUM,12.000000,True,Red Bull Racing,6331.647000,,1,6.000000,False,,False,True
2026,1,Australian Grand Prix,R,6498.547000,VER,3,max_verstappen,red_bull,83.510000,31.000000,2.000000,,,29.324000,17.844000,36.342000,6444.425000,6462.269000,6498.611000,253.000000,300.000000,304.000000,295.000000,False,MEDIUM,13.000000,True,Red Bull Racing,6415.037000,,1,6.000000,False,,False,True
2026,1,Australian Grand Prix,R,6582.134000,VER,3,max_verstappen,red_bull,83.587000,32.000000,2.000000,,,29.193000,17.877000,36.517000,6527.804000,6545.681000,6582.198000,254.000000,300.000000,292.000000,303.000000,False,MEDIUM,14.000000,True,Red Bull Racing,6498.547000,,1,6.000000,False,,False,True
2026,1,Australian Grand Prix,R,6666.064000,VER,3,max_verstappen,red_bull,83.930000,33.000000,2.000000,,,29.526000,17.854000,36.550000,6611.724000,6629.578000,6666.128000,250.000000,303.000000,302.000000,297.000000,False,MEDIUM,15.000000,True,Red Bull Racing,6582.134000,,1,6.000000,False,,False,True
2026,1,Australian Grand Prix,R,6764.280000,VER,3,max_verstappen,red_bull,98.216000,34.000000,2.000000,,,39.424000,22.416000,36.376000,6705.552000,6727.968000,6764.344000,217.000000,291.000000,314.000000,303.000000,False,MEDIUM,16.000000,True,Red Bull Racing,6666.064000,,167,5.000000,False,,False,False
2026,1,Australian Grand Prix,R,6848.836000,VER,3,max_verstappen,red_bull,84.556000,35.000000,2.000000,,,29.456000,18.087000,37.013000,6793.800000,6811.887000,6848.900000,251.000000,292.000000,313.000000,313.000000,False,MEDIUM,17.000000,True,Red Bull Racing,6764.280000,,1,5.000000,False,,False,True
2026,1,Australian Grand Prix,R,6932.803000,VER,3,max_verstappen,red_bull,83.967000,36.000000,2.000000,,,29.510000,18.177000,36.280000,6878.410000,6896.587000,6932.867000,252.000000,291.000000,311.000000,311.000000,False,MEDIUM,18.000000,True,Red Bull Racing,6848.836000,,1,5.000000,False,,False,True
2026,1,Australian Grand Prix,R,7016.478000,VER,3,max_verstappen,red_bull,83.675000,37.000000,2.000000,,,29.340000,18.180000,36.155000,6962.207000,6980.387000,7016.542000,253.000000,291.000000,312.000000,308.000000,False,MEDIUM,19.000000,True,Red Bull Racing,6932.803000,,1,5.000000,False,,False,True
2026,1,Australian Grand Prix,R,7100.390000,VER,3,max_verstappen,red_bull,83.912000,38.000000,2.000000,,,29.242000,18.212000,36.458000,7045.784000,7063.996000,7100.454000,252.000000,292.000000,307.000000,308.000000,False,MEDIUM,20.000000,True,Red Bull Racing,7016.478000,,1,5.000000,False,,False,True
2026,1,Australian Grand Prix,R,7184.105000,VER,3,max_verstappen,red_bull,83.715000,39.000000,2.000000,,,29.316000,18.034000,36.365000,7129.770000,7147.804000,7184.169000,251.000000,297.000000,305.000000,304.000000,False,MEDIUM,21.000000,True,Red Bull Racing,7100.390000,,1,5.000000,False,,False,True
2026,1,Australian Grand Prix,R,7268.700000,VER,3,max_verstappen,red_bull,84.595000,40.000000,2.000000,,,29.579000,17.878000,37.138000,7213.748000,7231.626000,7268.764000,254.000000,304.000000,295.000000,295.000000,False,MEDIUM,22.000000,True,Red Bull Racing,7184.105000,,1,5.000000,False,,False,True
2026,1,Australian Grand Prix,R,7367.566000,VER,3,max_verstappen,red_bull,98.866000,41.000000,2.000000,,7351.678000,29.633000,17.899000,51.334000,7298.397000,7316.296000,7367.630000,252.000000,297.000000,,291.000000,False,MEDIUM,23.000000,True,Red Bull Racing,7268.700000,,1,5.000000,False,,False,False
2026,1,Australian Grand Prix,R,7455.557000,VER,3,max_verstappen,red_bull,87.991000,42.000000,3.000000,7369.983000,,34.309000,17.942000,35.740000,7401.939000,7419.881000,7455.621000,253.000000,297.000000,293.000000,233.000000,False,HARD,1.000000,True,Red Bull Racing,7367.566000,,1,6.000000,False,,False,False
2026,1,Australian Grand Prix,R,7537.648000,VER,3,max_verstappen,red_bull,82.091000,43.000000,3.000000,,,28.823000,17.616000,35.652000,7484.444000,7502.060000,7537.712000,255.000000,300.000000,305.000000,297.000000,True,HARD,2.000000,True,Red Bull Racing,7455.557000,,1,6.000000,False,,False,True
2026,1,Australian Grand Prix,R,7620.168000,VER,3,max_verstappen,red_bull,82.520000,44.000000,3.000000,,,28.919000,17.767000,35.834000,7566.631000,7584.398000,7620.232000,253.000000,300.000000,302.000000,304.000000,False,HARD,3.000000,True,Red Bull Racing,7537.648000,,1,6.000000,False,,False,True
2026,1,Australian Grand Prix,R,7702.621000,VER,3,max_verstappen,red_bull,82.453000,45.000000,3.000000,,,28.859000,17.681000,35.913000,7649.091000,7666.772000,7702.685000,269.000000,303.000000,299.000000,306.000000,False,HARD,4.000000,True,Red Bull Racing,7620.168000,,1,6.000000,False,,False,True
2026,1,Australian Grand Prix,R,7785.431000,VER,3,max_verstappen,red_bull,82.810000,46.000000,3.000000,,,29.220000,17.664000,35.926000,7731.905000,7749.569000,7785.495000,251.000000,305.000000,308.000000,302.000000,False,HARD,5.000000,True,Red Bull Racing,7702.621000,,1,6.000000,False,,False,True
2026,1,Australian Grand Prix,R,7867.920000,VER,3,max_verstappen,red_bull,82.489000,47.000000,3.000000,,,28.873000,17.603000,36.013000,7814.368000,7831.971000,7867.984000,259.000000,307.000000,305.000000,309.000000,False,HARD,6.000000,True,Red Bull Racing,7785.431000,,1,6.000000,False,,False,True
2026,1,Australian Grand Prix,R,7950.826000,VER,3,max_verstappen,red_bull,82.906000,48.000000,3.000000,,,29.093000,17.536000,36.277000,7897.077000,7914.613000,7950.890000,258.000000,312.000000,307.000000,307.000000,False,HARD,7.000000,True,Red Bull Racing,7867.920000,,1,6.000000,False,,False,True
2026,1,Australian Grand Prix,R,8033.765000,VER,3,max_verstappen,red_bull,82.939000,49.000000,3.000000,,,29.150000,17.584000,36.205000,7980.040000,7997.624000,8033.829000,259.000000,308.000000,304.000000,302.000000,False,HARD,8.000000,True,Red Bull Racing,7950.826000,,1,6.000000,False,,False,True
2026,1,Australian Grand Prix,R,8116.503000,VER,3,max_verstappen,red_bull,82.738000,50.000000,3.000000,,,29.125000,17.654000,35.959000,8062.954000,8080.608000,8116.567000,256.000000,305.000000,307.000000,306.000000,False,HARD,9.000000,True,Red Bull Racing,8033.765000,,1,6.000000,False,,False,True
2026,1,Australian Grand Prix,R,8199.193000,VER,3,max_verstappen,red_bull,82.690000,51.000000,3.000000,,,29.042000,17.676000,35.972000,8145.609000,8163.285000,8199.257000,256.000000,302.000000,308.000000,307.000000,False,HARD,10.000000,True,Red Bull Racing,8116.503000,,1,6.000000,False,,False,True
2026,1,Australian Grand Prix,R,8281.876000,VER,3,max_verstappen,red_bull,82.683000,52.000000,3.000000,,,28.971000,17.606000,36.106000,8228.228000,8245.834000,8281.940000,250.000000,304.000000,309.000000,309.000000,False,HARD,11.000000,True,Red Bull Racing,8199.193000,,1,6.000000,False,,False,True
2026,1,Australian Grand Prix,R,8364.985000,VER,3,max_verstappen,red_bull,83.109000,53.000000,3.000000,,,29.115000,17.894000,36.100000,8311.055000,8328.949000,8365.049000,242.000000,297.000000,305.000000,313.000000,False,HARD,12.000000,True,Red Bull Racing,8281.876000,,1,6.000000,False,,False,True
2026,1,Australian Grand Prix,R,8448.075000,VER,3,max_verstappen,red_bull,83.090000,54.000000,3.000000,,,29.024000,17.803000,36.263000,8394.073000,8411.876000,8448.139000,258.000000,296.000000,304.000000,304.000000,False,HARD,13.000000,True,Red Bull Racing,8364.985000,,1,6.000000,False,,False,True
2026,1,Australian Grand Prix,R,8531.286000,VER,3,max_verstappen,red_bull,83.211000,55.000000,3.000000,,,29.154000,17.844000,36.213000,8477.293000,8495.137000,8531.350000,243.000000,295.000000,304.000000,304.000000,False,HARD,14.000000,True,Red Bull Racing,8448.075000,,1,6.000000,False,,False,True
2026,1,Australian Grand Prix,R,8614.395000,VER,3,max_verstappen,red_bull,83.109000,56.000000,3.000000,,,29.051000,17.734000,36.324000,8560.401000,8578.135000,8614.459000,271.000000,295.000000,303.000000,303.000000,False,HARD,15.000000,True,Red Bull Racing,8531.286000,,1,6.000000,False,,False,True
2026,1,Australian Grand Prix,R,8697.864000,VER,3,max_verstappen,red_bull,83.469000,57.000000,3.000000,,,29.153000,17.830000,36.486000,8643.612000,8661.442000,8697.928000,252.000000,296.000000,308.000000,306.000000,False,HARD,16.000000,True,Red Bull Racing,8614.395000,,1,6.000000,False,,False,True
2026,1,Australian Grand Prix,R,8781.397000,VER,3,max_verstappen,red_bull,83.533000,58.000000,3.000000,,,29.247000,17.832000,36.454000,8727.175000,8745.007000,8781.461000,254.000000,294.000000,292.000000,303.000000,False,HARD,17.000000,True,Red Bull Racing,8697.864000,,1,6.000000,False,,False,True
2026,1,Australian Grand Prix,R,3842.167000,LAW,30,lawson,rb,102.188000,1.000000,1.000000,,,,19.280000,39.431000,,3803.454000,3842.432000,224.000000,303.000000,287.000000,182.000000,False,MEDIUM,1.000000,True,Racing Bulls,3739.743000,,1,18.000000,False,,False,False
2026,1,Australian Grand Prix,R,3930.704000,LAW,30,lawson,rb,88.537000,2.000000,1.000000,,,31.545000,18.100000,38.892000,3873.833000,3891.933000,3930.825000,250.000000,299.000000,286.000000,259.000000,True,MEDIUM,2.000000,True,Racing Bulls,3842.167000,,1,17.000000,False,,False,True
2026,1,Australian Grand Prix,R,4017.573000,LAW,30,lawson,rb,86.869000,3.000000,1.000000,,,30.837000,18.295000,37.737000,3961.662000,3979.957000,4017.694000,251.000000,286.000000,296.000000,262.000000,True,MEDIUM,3.000000,True,Racing Bulls,3930.704000,,1,17.000000,False,,False,True
2026,1,Australian Grand Prix,R,4104.234000,LAW,30,lawson,rb,86.661000,4.000000,1.000000,,,30.649000,17.998000,38.014000,4048.343000,4066.341000,4104.355000,246.000000,301.000000,295.000000,279.000000,True,MEDIUM,4.000000,True,Racing Bulls,4017.573000,,1,17.000000,False,,False,True
2026,1,Australian Grand Prix,R,4191.376000,LAW,30,lawson,rb,87.142000,5.000000,1.000000,,,30.770000,17.979000,38.393000,4135.125000,4153.104000,4191.497000,251.000000,305.000000,304.000000,276.000000,False,MEDIUM,5.000000,True,Racing Bulls,4104.234000,,1,17.000000,False,,False,True
2026,1,Australian Grand Prix,R,4279.336000,LAW,30,lawson,rb,87.960000,6.000000,1.000000,,,31.183000,18.191000,38.586000,4222.680000,4240.871000,4279.457000,239.000000,306.000000,291.000000,280.000000,False,MEDIUM,6.000000,True,Racing Bulls,4191.376000,,1,17.000000,False,,False,True
2026,1,Australian Grand Prix,R,4365.980000,LAW,30,lawson,rb,86.644000,7.000000,1.000000,,,30.977000,18.039000,37.628000,4310.434000,4328.473000,4366.101000,247.000000,306.000000,290.000000,264.000000,True,MEDIUM,7.000000,True,Racing Bulls,4279.336000,,1,16.000000,False,,False,True
2026,1,Australian Grand Prix,R,4451.868000,LAW,30,lawson,rb,85.888000,8.000000,1.000000,,,30.435000,18.082000,37.371000,4396.536000,4414.618000,4451.989000,247.000000,300.000000,292.000000,277.000000,True,MEDIUM,8.000000,True,Racing Bulls,4365.980000,,1,16.000000,False,,False,True
2026,1,Australian Grand Prix,R,4537.893000,LAW,30,lawson,rb,86.025000,9.000000,1.000000,,,30.229000,18.073000,37.723000,4482.218000,4500.291000,4538.014000,249.000000,304.000000,285.000000,280.000000,False,MEDIUM,9.000000,True,Racing Bulls,4451.868000,,1,15.000000,False,,False,True
2026,1,Australian Grand Prix,R,4623.644000,LAW,30,lawson,rb,85.751000,10.000000,1.000000,,,30.485000,18.132000,37.134000,4568.499000,4586.631000,4623.765000,248.000000,298.000000,297.000000,276.000000,True,MEDIUM,10.000000,True,Racing Bulls,4537.893000,,1,15.000000,False,,False,True
2026,1,Australian Grand Prix,R,4733.670000,LAW,30,lawson,rb,110.026000,11.000000,1.000000,,4716.737000,30.604000,18.153000,61.269000,4654.369000,4672.522000,4733.791000,246.000000,284.000000,,296.000000,False,MEDIUM,11.000000,True,Racing Bulls,4623.644000,,16,16.000000,False,,False,False
2026,1,Australian Grand Prix,R,4864.054000,LAW,30,lawson,rb,130.384000,12.000000,2.000000,4736.054000,,47.420000,40.637000,42.327000,4781.211000,4821.848000,4864.175000,84.000000,135.000000,252.000000,200.000000,False,HARD,1.000000,True,Racing Bulls,4733.670000,,6,15.000000,False,,False,False
2026,1,Australian Grand Prix,R,4959.504000,LAW,30,lawson,rb,95.450000,13.000000,2.000000,,,33.059000,23.573000,38.818000,4897.234000,4920.807000,4959.625000,237.000000,170.000000,308.000000,234.000000,False,HARD,2.000000,True,Racing Bulls,4864.054000,,671,15.000000,False,,False,False
2026,1,Australian Grand Prix,R,5044.737000,LAW,30,lawson,rb,85.233000,14.000000,2.000000,,,29.733000,18.130000,37.370000,4989.358000,5007.488000,5044.858000,260.000000,289.000000,288.000000,291.000000,True,HARD,3.000000,True,Racing Bulls,4959.504000,,1,15.000000,False,,False,True
2026,1,Australian Grand Prix,R,5131.528000,LAW,30,lawson,rb,86.791000,15.000000,2.000000,,,30.225000,17.908000,38.658000,5075.083000,5092.991000,5131.649000,249.000000,297.000000,308.000000,275.000000,False,HARD,4.000000,True,Racing Bulls,5044.737000,,1,15.000000,False,,False,True
2026,1,Australian Grand Prix,R,5221.447000,LAW,30,lawson,rb,89.919000,16.000000,2.000000,,,32.870000,18.431000,38.618000,5164.519000,5182.950000,5221.568000,231.000000,298.000000,289.000000,245.000000,False,HARD,5.000000,True,Racing Bulls,5131.528000,,1,14.000000,True,TRACK LIMITS AT TURN 3 LAP 16 ,False,True
2026,1,Australian Grand Prix,R,5307.286000,LAW,30,lawson,rb,85.839000,17.000000,2.000000,,,30.269000,18.180000,37.390000,5251.837000,5270.017000,5307.407000,251.000000,293.000000,284.000000,277.000000,False,HARD,6.000000,True,Racing Bulls,5221.447000,,1,14.000000,False,,False,True
2026,1,Australian Grand Prix,R,5416.251000,LAW,30,lawson,rb,108.965000,18.000000,2.000000,,,36.165000,24.070000,48.730000,5343.572000,5367.642000,5416.372000,202.000000,202.000000,181.000000,273.000000,False,HARD,7.000000,True,Racing Bulls,5307.286000,,126,14.000000,False,,False,False
2026,1,Australian Grand Prix,R,5522.059000,LAW,30,lawson,rb,105.808000,19.000000,2.000000,,,41.187000,24.218000,40.403000,5457.559000,5481.777000,5522.180000,212.000000,179.000000,306.000000,185.000000,False,HARD,8.000000,True,Racing Bulls,5416.251000,,671,14.000000,False,,False,False
2026,1,Australian Grand Prix,R,5607.127000,LAW,30,lawson,rb,85.068000,20.000000,2.000000,,,29.568000,18.433000,37.067000,5551.748000,5570.181000,5607.248000,259.000000,285.000000,288.000000,288.000000,True,HARD,9.000000,True,Racing Bulls,5522.059000,,1,14.000000,False,,False,True
2026,1,Australian Grand Prix,R,5692.037000,LAW,30,lawson,rb,84.910000,21.000000,2.000000,,,29.999000,17.994000,36.917000,5637.247000,5655.241000,5692.158000,255.000000,296.000000,295.000000,280.000000,True,HARD,10.000000,True,Racing Bulls,5607.127000,,1,14.000000,False,,False,True
2026,1,Australian Grand Prix,R,5777.078000,LAW,30,lawson,rb,85.041000,22.000000,2.000000,,,29.874000,18.032000,37.135000,5722.032000,5740.064000,5777.199000,248.000000,295.000000,287.000000,292.000000,False,HARD,11.000000,True,Racing Bulls,5692.037000,,1,14.000000,False,,False,True
2026,1,Australian Grand Prix,R,5862.152000,LAW,30,lawson,rb,85.074000,23.000000,2.000000,,,30.148000,17.998000,36.928000,5807.347000,5825.345000,5862.273000,250.000000,295.000000,296.000000,275.000000,False,HARD,12.000000,True,Racing Bulls,5777.078000,,1,14.000000,False,,False,True
2026,1,Australian Grand Prix,R,5948.678000,LAW,30,lawson,rb,86.526000,24.000000,2.000000,,,30.096000,18.083000,38.347000,5892.369000,5910.452000,5948.799000,250.000000,294.000000,292.000000,294.000000,False,HARD,13.000000,True,Racing Bulls,5862.152000,,1,14.000000,False,,False,True
2026,1,Australian Grand Prix,R,6033.933000,LAW,30,lawson,rb,85.255000,25.000000,2.000000,,,30.197000,18.086000,36.972000,5978.996000,5997.082000,6034.054000,251.000000,294.000000,292.000000,286.000000,False,HARD,14.000000,True,Racing Bulls,5948.678000,,1,14.000000,False,,False,True
2026,1,Australian Grand Prix,R,6118.905000,LAW,30,lawson,rb,84.972000,26.000000,2.000000,,,29.780000,18.048000,37.144000,6063.834000,6081.882000,6119.026000,260.000000,294.000000,292.000000,286.000000,False,HARD,15.000000,True,Racing Bulls,6033.933000,,1,14.000000,False,,False,True
2026,1,Australian Grand Prix,R,6204.078000,LAW,30,lawson,rb,85.173000,27.000000,2.000000,,,30.000000,18.079000,37.094000,6149.026000,6167.105000,6204.199000,254.000000,293.000000,293.000000,284.000000,False,HARD,16.000000,True,Racing Bulls,6118.905000,,1,14.000000,False,,False,True
2026,1,Australian Grand Prix,R,6289.455000,LAW,30,lawson,rb,85.377000,28.000000,2.000000,,,30.088000,18.065000,37.224000,6234.287000,6252.352000,6289.576000,252.000000,291.000000,285.000000,284.000000,False,HARD,17.000000,True,Racing Bulls,6204.078000,,1,14.000000,False,,False,True
2026,1,Australian Grand Prix,R,6374.708000,LAW,30,lawson,rb,85.253000,29.000000,2.000000,,,30.109000,18.063000,37.081000,6319.685000,6337.748000,6374.829000,254.000000,292.000000,292.000000,273.000000,False,HARD,18.000000,True,Racing Bulls,6289.455000,,1,14.000000,False,,False,True
2026,1,Australian Grand Prix,R,6460.358000,LAW,30,lawson,rb,85.650000,30.000000,2.000000,,,30.163000,18.125000,37.362000,6404.992000,6423.117000,6460.479000,256.000000,292.000000,291.000000,289.000000,False,HARD,19.000000,True,Racing Bulls,6374.708000,,1,14.000000,False,,False,True
2026,1,Australian Grand Prix,R,6546.150000,LAW,30,lawson,rb,85.792000,31.000000,2.000000,,,30.358000,18.099000,37.335000,6490.837000,6508.936000,6546.271000,256.000000,292.000000,291.000000,287.000000,False,HARD,20.000000,True,Racing Bulls,6460.358000,,1,14.000000,False,,False,True
2026,1,Australian Grand Prix,R,6632.017000,LAW,30,lawson,rb,85.867000,32.000000,2.000000,,,30.132000,18.063000,37.672000,6576.403000,6594.466000,6632.138000,255.000000,295.000000,290.000000,284.000000,False,HARD,21.000000,True,Racing Bulls,6546.150000,,1,14.000000,False,,False,True
2026,1,Australian Grand Prix,R,6746.124000,LAW,30,lawson,rb,114.107000,33.000000,2.000000,,6730.404000,30.338000,23.781000,59.988000,6662.476000,6686.257000,6746.245000,252.000000,176.000000,,275.000000,False,HARD,22.000000,True,Racing Bulls,6632.017000,,167,13.000000,False,,False,False
2026,1,Australian Grand Prix,R,6837.051000,LAW,30,lawson,rb,90.927000,34.000000,3.000000,6748.510000,,35.612000,18.018000,37.297000,6781.857000,6799.875000,6837.172000,259.000000,293.000000,278.000000,207.000000,False,SOFT,1.000000,True,Racing Bulls,6746.124000,,1,14.000000,False,,False,False
2026,1,Australian Grand Prix,R,6921.261000,LAW,30,lawson,rb,84.210000,35.000000,3.000000,,,29.684000,17.768000,36.758000,6866.856000,6884.624000,6921.382000,252.000000,297.000000,295.000000,271.000000,True,SOFT,2.000000,True,Racing Bulls,6837.051000,,1,14.000000,False,,False,True
2026,1,Australian Grand Prix,R,7007.989000,LAW,30,lawson,rb,86.728000,36.000000,3.000000,,,31.791000,17.800000,37.137000,6953.173000,6970.973000,7008.110000,254.000000,302.000000,307.000000,282.000000,False,SOFT,3.000000,True,Racing Bulls,6921.261000,,1,14.000000,False,,False,True
2026,1,Australian Grand Prix,R,7093.729000,LAW,30,lawson,rb,85.740000,37.000000,3.000000,,,30.472000,17.992000,37.276000,7038.582000,7056.574000,7093.850000,252.000000,293.000000,289.000000,277.000000,False,SOFT,4.000000,True,Racing Bulls,7007.989000,,1,13.000000,False,,False,True
2026,1,Australian Grand Prix,R,7178.152000,LAW,30,lawson,rb,84.423000,38.000000,3.000000,,,29.858000,17.952000,36.613000,7123.708000,7141.660000,7178.273000,252.000000,296.000000,291.000000,275.000000,False,SOFT,5.000000,True,Racing Bulls,7093.729000,,1,13.000000,False,,False,True
2026,1,Australian Grand Prix,R,7262.276000,LAW,30,lawson,rb,84.124000,39.000000,3.000000,,,29.654000,17.837000,36.633000,7207.927000,7225.764000,7262.397000,256.000000,295.000000,296.000000,279.000000,True,SOFT,6.000000,True,Racing Bulls,7178.152000,,1,13.000000,False,,False,True
2026,1,Australian Grand Prix,R,7346.353000,LAW,30,lawson,rb,84.077000,40.000000,3.000000,,,29.497000,17.953000,36.627000,7291.894000,7309.847000,7346.474000,256.000000,290.000000,293.000000,293.000000,True,SOFT,7.000000,True,Racing Bulls,7262.276000,,1,13.000000,False,,False,True
2026,1,Australian Grand Prix,R,7430.273000,LAW,30,lawson,rb,83.920000,41.000000,3.000000,,,29.490000,17.906000,36.524000,7375.964000,7393.870000,7430.394000,264.000000,291.000000,291.000000,290.000000,True,SOFT,8.000000,True,Racing Bulls,7346.353000,,1,13.000000,False,,False,True
2026,1,Australian Grand Prix,R,7514.321000,LAW,30,lawson,rb,84.048000,42.000000,3.000000,,,29.555000,17.970000,36.523000,7459.949000,7477.919000,7514.442000,253.000000,289.000000,296.000000,276.000000,False,SOFT,9.000000,True,Racing Bulls,7430.273000,,1,13.000000,False,,False,True
2026,1,Australian Grand Prix,R,7598.553000,LAW,30,lawson,rb,84.232000,43.000000,3.000000,,,29.564000,18.033000,36.635000,7544.006000,7562.039000,7598.674000,237.000000,294.000000,295.000000,292.000000,False,SOFT,10.000000,True,Racing Bulls,7514.321000,,1,13.000000,False,,False,True
2026,1,Australian Grand Prix,R,7682.624000,LAW,30,lawson,rb,84.071000,44.000000,3.000000,,,29.647000,17.945000,36.479000,7628.321000,7646.266000,7682.745000,238.000000,295.000000,298.000000,287.000000,False,SOFT,11.000000,True,Racing Bulls,7598.553000,,1,13.000000,False,,False,True
2026,1,Australian Grand Prix,R,7766.934000,LAW,30,lawson,rb,84.310000,45.000000,3.000000,,,29.849000,18.022000,36.439000,7712.594000,7730.616000,7767.055000,230.000000,294.000000,299.000000,290.000000,False,SOFT,12.000000,True,Racing Bulls,7682.624000,,1,13.000000,False,,False,True
2026,1,Australian Grand Prix,R,7850.957000,LAW,30,lawson,rb,84.023000,46.000000,3.000000,,,29.625000,17.849000,36.549000,7796.680000,7814.529000,7851.078000,242.000000,298.000000,296.000000,297.000000,False,SOFT,13.000000,True,Racing Bulls,7766.934000,,1,13.000000,False,,False,True
2026,1,Australian Grand Prix,R,7934.740000,LAW,30,lawson,rb,83.783000,47.000000,3.000000,,,29.407000,17.848000,36.528000,7880.485000,7898.333000,7934.861000,243.000000,299.000000,290.000000,296.000000,True,SOFT,14.000000,True,Racing Bulls,7850.957000,,1,13.000000,False,,False,True
2026,1,Australian Grand Prix,R,8018.962000,LAW,30,lawson,rb,84.222000,48.000000,3.000000,,,29.646000,17.894000,36.682000,7964.507000,7982.401000,8019.083000,236.000000,299.000000,295.000000,280.000000,False,SOFT,15.000000,True,Racing Bulls,7934.740000,,1,13.000000,False,,False,True
2026,1,Australian Grand Prix,R,8102.894000,LAW,30,lawson,rb,83.932000,49.000000,3.000000,,,29.404000,17.932000,36.596000,8048.487000,8066.419000,8103.015000,258.000000,299.000000,301.000000,283.000000,False,SOFT,16.000000,True,Racing Bulls,8018.962000,,1,13.000000,False,,False,True
2026,1,Australian Grand Prix,R,8186.806000,LAW,30,lawson,rb,83.912000,50.000000,3.000000,,,29.434000,17.783000,36.695000,8132.449000,8150.232000,8186.927000,255.000000,302.000000,300.000000,294.000000,False,SOFT,17.000000,True,Racing Bulls,8102.894000,,1,13.000000,False,,False,True
2026,1,Australian Grand Prix,R,8271.266000,LAW,30,lawson,rb,84.460000,51.000000,3.000000,,,29.699000,17.888000,36.873000,8216.626000,8234.514000,8271.387000,237.000000,304.000000,301.000000,294.000000,False,SOFT,18.000000,True,Racing Bulls,8186.806000,,1,13.000000,False,,False,True
2026,1,Australian Grand Prix,R,8355.931000,LAW,30,lawson,rb,84.665000,52.000000,3.000000,,,29.812000,17.679000,37.174000,8301.199000,8318.878000,8356.052000,242.000000,309.000000,301.000000,294.000000,False,SOFT,19.000000,True,Racing Bulls,8271.266000,,1,13.000000,False,,False,True
2026,1,Australian Grand Prix,R,8441.093000,LAW,30,lawson,rb,85.162000,53.000000,3.000000,,,29.988000,17.791000,37.383000,8386.040000,8403.831000,8441.214000,240.000000,309.000000,296.000000,290.000000,False,SOFT,20.000000,True,Racing Bulls,8355.931000,,1,13.000000,False,,False,True
2026,1,Australian Grand Prix,R,8525.618000,LAW,30,lawson,rb,84.525000,54.000000,3.000000,,,29.874000,17.754000,36.897000,8471.088000,8488.842000,8525.739000,256.000000,306.000000,305.000000,282.000000,False,SOFT,21.000000,True,Racing Bulls,8441.093000,,1,13.000000,False,,False,True
2026,1,Australian Grand Prix,R,8610.741000,LAW,30,lawson,rb,85.123000,55.000000,3.000000,,,30.102000,17.996000,37.025000,8555.841000,8573.837000,8610.862000,240.000000,304.000000,299.000000,271.000000,False,SOFT,22.000000,True,Racing Bulls,8525.618000,,1,13.000000,False,,False,True
2026,1,Australian Grand Prix,R,8697.636000,LAW,30,lawson,rb,86.895000,56.000000,3.000000,,,31.114000,18.065000,37.716000,8641.976000,8660.041000,8697.757000,232.000000,303.000000,258.000000,284.000000,False,SOFT,23.000000,True,Racing Bulls,8610.741000,,1,13.000000,False,,False,True
2026,1,Australian Grand Prix,R,8783.953000,LAW,30,lawson,rb,86.317000,57.000000,3.000000,,,30.900000,17.896000,37.521000,8728.657000,8746.553000,8784.074000,253.000000,308.000000,287.000000,264.000000,False,SOFT,24.000000,True,Racing Bulls,8697.636000,,1,13.000000,False,,False,True
2026,1,Australian Grand Prix,R,3837.479000,OCO,31,ocon,haas,97.500000,1.000000,1.000000,,,,18.692000,38.573000,,3799.381000,3837.778000,227.000000,309.000000,280.000000,211.000000,False,MEDIUM,1.000000,True,Haas F1 Team,3739.743000,,1,8.000000,False,,False,False
2026,1,Australian Grand Prix,R,3924.514000,OCO,31,ocon,haas,87.035000,2.000000,1.000000,,,31.014000,17.977000,38.044000,3868.547000,3886.524000,3924.568000,260.000000,296.000000,302.000000,266.000000,True,MEDIUM,2.000000,True,Haas F1 Team,3837.479000,,1,8.000000,False,,False,True
2026,1,Australian Grand Prix,R,4011.081000,OCO,31,ocon,haas,86.567000,3.000000,1.000000,,,30.865000,17.978000,37.724000,3955.433000,3973.411000,4011.135000,260.000000,308.000000,289.000000,267.000000,True,MEDIUM,3.000000,True,Haas F1 Team,3924.514000,,1,8.000000,False,,False,True
2026,1,Australian Grand Prix,R,4097.267000,OCO,31,ocon,haas,86.186000,4.000000,1.000000,,,30.431000,17.642000,38.113000,4041.566000,4059.208000,4097.321000,263.000000,296.000000,277.000000,273.000000,True,MEDIUM,4.000000,True,Haas F1 Team,4011.081000,,1,8.000000,False,,False,True
2026,1,Australian Grand Prix,R,4184.075000,OCO,31,ocon,haas,86.808000,5.000000,1.000000,,,30.836000,17.956000,38.016000,4128.157000,4146.113000,4184.129000,264.000000,308.000000,272.000000,274.000000,False,MEDIUM,5.000000,True,Haas F1 Team,4097.267000,,1,8.000000,False,,False,True
2026,1,Australian Grand Prix,R,4269.644000,OCO,31,ocon,haas,85.569000,6.000000,1.000000,,,30.704000,17.956000,36.909000,4214.833000,4232.789000,4269.698000,261.000000,296.000000,294.000000,277.000000,True,MEDIUM,6.000000,True,Haas F1 Team,4184.075000,,1,8.000000,False,,False,True
2026,1,Australian Grand Prix,R,4354.731000,OCO,31,ocon,haas,85.087000,7.000000,1.000000,,,30.269000,17.909000,36.909000,4299.967000,4317.876000,4354.785000,264.000000,294.000000,286.000000,285.000000,True,MEDIUM,7.000000,True,Haas F1 Team,4269.644000,,1,8.000000,False,,False,True
2026,1,Australian Grand Prix,R,4439.760000,OCO,31,ocon,haas,85.029000,8.000000,1.000000,,,30.287000,17.905000,36.837000,4385.072000,4402.977000,4439.814000,261.000000,297.000000,295.000000,285.000000,True,MEDIUM,8.000000,True,Haas F1 Team,4354.731000,,1,8.000000,False,,False,True
2026,1,Australian Grand Prix,R,4525.312000,OCO,31,ocon,haas,85.552000,9.000000,1.000000,,,30.308000,17.927000,37.317000,4470.122000,4488.049000,4525.366000,258.000000,298.000000,295.000000,279.000000,False,MEDIUM,9.000000,True,Haas F1 Team,4439.760000,,1,8.000000,False,,False,True
2026,1,Australian Grand Prix,R,4610.944000,OCO,31,ocon,haas,85.632000,10.000000,1.000000,,,30.464000,17.902000,37.266000,4555.830000,4573.732000,4610.998000,263.000000,297.000000,296.000000,288.000000,False,MEDIUM,10.000000,True,Haas F1 Team,4525.312000,,1,8.000000,False,,False,True
2026,1,Australian Grand Prix,R,4716.893000,OCO,31,ocon,haas,105.949000,11.000000,1.000000,,4700.493000,30.360000,18.101000,57.488000,4641.358000,4659.459000,4716.947000,262.000000,294.000000,,290.000000,False,MEDIUM,11.000000,True,Haas F1 Team,4610.944000,,16,11.000000,False,,False,False
2026,1,Australian Grand Prix,R,4833.298000,OCO,31,ocon,haas,116.405000,12.000000,2.000000,4719.302000,,42.111000,28.731000,45.563000,4759.058000,4787.789000,4833.352000,201.000000,139.000000,199.000000,215.000000,False,HARD,1.000000,True,Haas F1 Team,4716.893000,,6,10.000000,False,,False,False
2026,1,Australian Grand Prix,R,4945.516000,OCO,31,ocon,haas,112.218000,13.000000,2.000000,,,41.465000,28.714000,42.039000,4874.817000,4903.531000,4945.570000,166.000000,132.000000,294.000000,203.000000,False,HARD,2.000000,True,Haas F1 Team,4833.298000,,671,10.000000,False,,False,False
2026,1,Australian Grand Prix,R,5030.819000,OCO,31,ocon,haas,85.303000,14.000000,2.000000,,,30.400000,17.985000,36.918000,4975.970000,4993.955000,5030.873000,263.000000,293.000000,297.000000,282.000000,False,HARD,3.000000,True,Haas F1 Team,4945.516000,,1,10.000000,False,,False,True
2026,1,Australian Grand Prix,R,5116.179000,OCO,31,ocon,haas,85.360000,15.000000,2.000000,,,30.329000,17.972000,37.059000,5061.202000,5079.174000,5116.233000,263.000000,292.000000,296.000000,282.000000,False,HARD,4.000000,True,Haas F1 Team,5030.819000,,1,10.000000,False,,False,True
2026,1,Australian Grand Prix,R,5201.609000,OCO,31,ocon,haas,85.430000,16.000000,2.000000,,,30.332000,17.995000,37.103000,5146.565000,5164.560000,5201.663000,261.000000,291.000000,295.000000,282.000000,False,HARD,5.000000,True,Haas F1 Team,5116.179000,,1,10.000000,False,,False,True
2026,1,Australian Grand Prix,R,5287.325000,OCO,31,ocon,haas,85.716000,17.000000,2.000000,,,30.159000,17.982000,37.575000,5231.822000,5249.804000,5287.379000,258.000000,291.000000,273.000000,290.000000,False,HARD,6.000000,True,Haas F1 Team,5201.609000,,1,10.000000,False,,False,True
2026,1,Australian Grand Prix,R,5388.706000,OCO,31,ocon,haas,101.381000,18.000000,2.000000,,,30.733000,25.042000,45.606000,5318.112000,5343.154000,5388.760000,259.000000,193.000000,224.000000,294.000000,False,HARD,7.000000,True,Haas F1 Team,5287.325000,,126,10.000000,False,,False,False
2026,1,Australian Grand Prix,R,5501.417000,OCO,31,ocon,haas,112.711000,19.000000,2.000000,,,40.623000,25.848000,46.240000,5429.383000,5455.231000,5501.471000,199.000000,207.000000,303.000000,214.000000,False,HARD,8.000000,True,Haas F1 Team,5388.706000,,671,9.000000,False,,False,False
2026,1,Australian Grand Prix,R,5588.130000,OCO,31,ocon,haas,86.713000,20.000000,2.000000,,,31.066000,17.873000,37.774000,5532.537000,5550.410000,5588.184000,256.000000,308.000000,281.000000,268.000000,False,HARD,9.000000,True,Haas F1 Team,5501.417000,,1,10.000000,False,,False,True
2026,1,Australian Grand Prix,R,5674.701000,OCO,31,ocon,haas,86.571000,21.000000,2.000000,,,31.496000,17.886000,37.189000,5619.680000,5637.566000,5674.755000,262.000000,308.000000,300.000000,288.000000,False,HARD,10.000000,True,Haas F1 Team,5588.130000,,1,11.000000,False,,False,True
2026,1,Australian Grand Prix,R,5759.522000,OCO,31,ocon,haas,84.821000,22.000000,2.000000,,,29.967000,17.651000,37.203000,5704.722000,5722.373000,5759.576000,265.000000,307.000000,298.000000,289.000000,True,HARD,11.000000,True,Haas F1 Team,5674.701000,,1,11.000000,False,,False,True
2026,1,Australian Grand Prix,R,5844.172000,OCO,31,ocon,haas,84.650000,23.000000,2.000000,,,29.889000,17.634000,37.127000,5789.465000,5807.099000,5844.226000,267.000000,305.000000,298.000000,286.000000,True,HARD,12.000000,True,Haas F1 Team,5759.522000,,1,11.000000,False,,False,True
2026,1,Australian Grand Prix,R,5929.427000,OCO,31,ocon,haas,85.255000,24.000000,2.000000,,,30.114000,18.787000,36.354000,5874.340000,5893.127000,5929.481000,265.000000,285.000000,308.000000,291.000000,False,HARD,13.000000,True,Haas F1 Team,5844.172000,,1,11.000000,False,,False,True
2026,1,Australian Grand Prix,R,6013.851000,OCO,31,ocon,haas,84.424000,25.000000,2.000000,,,29.924000,17.752000,36.748000,5959.405000,5977.157000,6013.905000,264.000000,301.000000,301.000000,304.000000,True,HARD,14.000000,True,Haas F1 Team,5929.427000,,1,11.000000,False,,False,True
2026,1,Australian Grand Prix,R,6098.547000,OCO,31,ocon,haas,84.696000,26.000000,2.000000,,,30.001000,17.783000,36.912000,6043.906000,6061.689000,6098.601000,265.000000,303.000000,299.000000,293.000000,False,HARD,15.000000,True,Haas F1 Team,6013.851000,,1,11.000000,False,,False,True
2026,1,Australian Grand Prix,R,6183.348000,OCO,31,ocon,haas,84.801000,27.000000,2.000000,,,29.828000,17.799000,37.174000,6128.429000,6146.228000,6183.402000,265.000000,300.000000,299.000000,296.000000,False,HARD,16.000000,True,Haas F1 Team,6098.547000,,1,11.000000,False,,False,True
2026,1,Australian Grand Prix,R,6268.085000,OCO,31,ocon,haas,84.737000,28.000000,2.000000,,,29.828000,17.835000,37.074000,,6231.065000,6268.139000,267.000000,297.000000,293.000000,297.000000,False,HARD,17.000000,True,Haas F1 Team,6183.348000,,1,11.000000,False,,False,True
2026,1,Australian Grand Prix,R,6352.854000,OCO,31,ocon,haas,84.769000,29.000000,2.000000,,,29.932000,17.765000,37.072000,6298.071000,6315.836000,6352.908000,266.000000,301.000000,298.000000,289.000000,False,HARD,18.000000,True,Haas F1 Team,6268.085000,,1,11.000000,False,,False,True
2026,1,Australian Grand Prix,R,6437.820000,OCO,31,ocon,haas,84.966000,30.000000,2.000000,,,30.182000,17.741000,37.043000,6383.090000,6400.831000,6437.874000,263.000000,304.000000,300.000000,285.000000,False,HARD,19.000000,True,Haas F1 Team,6352.854000,,1,11.000000,False,,False,True
2026,1,Australian Grand Prix,R,6523.127000,OCO,31,ocon,haas,85.307000,31.000000,2.000000,,,30.066000,17.593000,37.648000,6467.940000,6485.533000,6523.181000,264.000000,305.000000,278.000000,287.000000,False,HARD,20.000000,True,Haas F1 Team,6437.820000,,1,11.000000,False,,False,True
2026,1,Australian Grand Prix,R,6608.172000,OCO,31,ocon,haas,85.045000,32.000000,2.000000,,,30.295000,17.641000,37.109000,6553.476000,6571.117000,6608.226000,262.000000,308.000000,301.000000,266.000000,False,HARD,21.000000,True,Haas F1 Team,6523.127000,,1,11.000000,False,,False,True
2026,1,Australian Grand Prix,R,6701.456000,OCO,31,ocon,haas,93.284000,33.000000,2.000000,,,30.238000,17.830000,45.216000,6638.464000,6656.294000,6701.510000,269.000000,296.000000,228.000000,291.000000,False,HARD,22.000000,True,Haas F1 Team,6608.172000,,16,10.000000,False,,False,False
2026,1,Australian Grand Prix,R,6791.691000,OCO,31,ocon,haas,90.235000,34.000000,2.000000,,,35.210000,17.780000,37.245000,6736.720000,6754.500000,6791.745000,266.000000,299.000000,300.000000,228.000000,False,HARD,23.000000,True,Haas F1 Team,6701.456000,,671,10.000000,False,,False,False
2026,1,Australian Grand Prix,R,6876.890000,OCO,31,ocon,haas,85.199000,35.000000,2.000000,,,30.107000,17.711000,37.381000,6821.852000,6839.563000,6876.944000,267.000000,294.000000,299.000000,286.000000,False,HARD,24.000000,True,Haas F1 Team,6791.691000,,1,10.000000,False,,False,True
2026,1,Australian Grand Prix,R,6961.908000,OCO,31,ocon,haas,85.018000,36.000000,2.000000,,,30.015000,17.675000,37.328000,6906.959000,6924.634000,6961.962000,266.000000,304.000000,301.000000,293.000000,False,HARD,25.000000,True,Haas F1 Team,6876.890000,,1,10.000000,False,,False,True
2026,1,Australian Grand Prix,R,7047.370000,OCO,31,ocon,haas,85.462000,37.000000,2.000000,,,30.176000,17.482000,37.804000,6992.138000,7009.620000,7047.424000,265.000000,315.000000,276.000000,290.000000,False,HARD,26.000000,True,Haas F1 Team,6961.908000,,1,9.000000,False,,False,True
2026,1,Australian Grand Prix,R,7134.342000,OCO,31,ocon,haas,86.972000,38.000000,2.000000,,,30.327000,18.318000,38.327000,7077.751000,7096.069000,7134.396000,235.000000,292.000000,304.000000,296.000000,False,HARD,27.000000,True,Haas F1 Team,7047.370000,,1,10.000000,False,,False,True
2026,1,Australian Grand Prix,R,7220.255000,OCO,31,ocon,haas,85.913000,39.000000,2.000000,,,30.944000,18.047000,36.922000,7165.340000,7183.387000,7220.309000,258.000000,296.000000,313.000000,265.000000,False,HARD,28.000000,True,Haas F1 Team,7134.342000,,1,11.000000,False,,False,True
2026,1,Australian Grand Prix,R,7305.688000,OCO,31,ocon,haas,85.433000,40.000000,2.000000,,,30.255000,17.793000,37.385000,7250.564000,7268.357000,7305.742000,251.000000,307.000000,303.000000,293.000000,False,HARD,29.000000,True,Haas F1 Team,7220.255000,,1,11.000000,False,,False,True
2026,1,Australian Grand Prix,R,7390.852000,OCO,31,ocon,haas,85.164000,41.000000,2.000000,,,30.281000,17.633000,37.250000,7336.023000,7353.656000,7390.906000,263.000000,308.000000,322.000000,294.000000,False,HARD,30.000000,True,Haas F1 Team,7305.688000,,1,11.000000,False,,False,True
2026,1,Australian Grand Prix,R,7476.101000,OCO,31,ocon,haas,85.249000,42.000000,2.000000,,,30.317000,17.775000,37.157000,7421.223000,7438.998000,7476.155000,251.000000,305.000000,297.000000,288.000000,False,HARD,31.000000,True,Haas F1 Team,7390.852000,,1,11.000000,False,,False,True
2026,1,Australian Grand Prix,R,7561.207000,OCO,31,ocon,haas,85.106000,43.000000,2.000000,,,30.046000,17.620000,37.440000,7506.201000,7523.821000,7561.261000,267.000000,312.000000,278.000000,290.000000,False,HARD,32.000000,True,Haas F1 Team,7476.101000,,1,11.000000,False,,False,True
2026,1,Australian Grand Prix,R,7647.804000,OCO,31,ocon,haas,86.597000,44.000000,2.000000,,,30.143000,17.654000,38.800000,7591.404000,7609.058000,7647.858000,267.000000,308.000000,302.000000,273.000000,False,HARD,33.000000,True,Haas F1 Team,7561.207000,,1,11.000000,False,,False,True
2026,1,Australian Grand Prix,R,7733.032000,OCO,31,ocon,haas,85.228000,45.000000,2.000000,,,30.093000,17.752000,37.383000,7677.951000,7695.703000,7733.086000,264.000000,303.000000,302.000000,286.000000,False,HARD,34.000000,True,Haas F1 Team,7647.804000,,1,11.000000,False,,False,True
2026,1,Australian Grand Prix,R,7819.253000,OCO,31,ocon,haas,86.221000,46.000000,2.000000,,,30.232000,17.388000,38.601000,7763.318000,7780.706000,7819.307000,267.000000,325.000000,241.000000,284.000000,False,HARD,35.000000,True,Haas F1 Team,7733.032000,,1,11.000000,False,,False,True
2026,1,Australian Grand Prix,R,7905.587000,OCO,31,ocon,haas,86.334000,47.000000,2.000000,,,31.078000,17.881000,37.375000,7850.385000,7868.266000,7905.641000,264.000000,296.000000,300.000000,280.000000,False,HARD,36.000000,True,Haas F1 Team,7819.253000,,1,11.000000,False,,False,True
2026,1,Australian Grand Prix,R,7990.606000,OCO,31,ocon,haas,85.019000,48.000000,2.000000,,,29.989000,17.756000,37.274000,7935.630000,7953.386000,7990.660000,268.000000,301.000000,302.000000,294.000000,False,HARD,37.000000,True,Haas F1 Team,7905.587000,,1,11.000000,False,,False,True
2026,1,Australian Grand Prix,R,8075.721000,OCO,31,ocon,haas,85.115000,49.000000,2.000000,,,29.863000,17.963000,37.289000,8020.523000,8038.486000,8075.775000,276.000000,297.000000,294.000000,295.000000,False,HARD,38.000000,True,Haas F1 Team,7990.606000,,1,11.000000,False,,False,True
2026,1,Australian Grand Prix,R,8162.536000,OCO,31,ocon,haas,86.815000,50.000000,2.000000,,,30.110000,19.111000,37.594000,8105.885000,8124.996000,8162.590000,277.000000,213.000000,296.000000,287.000000,False,HARD,39.000000,True,Haas F1 Team,8075.721000,,1,11.000000,False,,False,True
2026,1,Australian Grand Prix,R,8248.833000,OCO,31,ocon,haas,86.297000,51.000000,2.000000,,,31.435000,17.814000,37.048000,8194.025000,8211.839000,8248.887000,266.000000,299.000000,302.000000,293.000000,False,HARD,40.000000,True,Haas F1 Team,8162.536000,,1,11.000000,False,,False,True
2026,1,Australian Grand Prix,R,8333.417000,OCO,31,ocon,haas,84.584000,52.000000,2.000000,,,29.943000,17.711000,36.930000,8278.830000,8296.541000,8333.471000,271.000000,301.000000,304.000000,295.000000,False,HARD,41.000000,True,Haas F1 Team,8248.833000,,1,11.000000,False,,False,True
2026,1,Australian Grand Prix,R,8418.039000,OCO,31,ocon,haas,84.622000,53.000000,2.000000,,,29.831000,17.621000,37.170000,8363.302000,8380.923000,8418.093000,269.000000,311.000000,302.000000,298.000000,False,HARD,42.000000,True,Haas F1 Team,8333.417000,,1,11.000000,False,,False,True
2026,1,Australian Grand Prix,R,8502.947000,OCO,31,ocon,haas,84.908000,54.000000,2.000000,,,29.963000,17.561000,37.384000,8448.056000,8465.617000,8503.001000,266.000000,307.000000,279.000000,298.000000,False,HARD,43.000000,True,Haas F1 Team,8418.039000,,1,11.000000,False,,False,True
2026,1,Australian Grand Prix,R,8587.524000,OCO,31,ocon,haas,84.577000,55.000000,2.000000,,,30.097000,17.655000,36.825000,8533.098000,8550.753000,8587.578000,265.000000,302.000000,304.000000,271.000000,False,HARD,44.000000,True,Haas F1 Team,8502.947000,,1,11.000000,False,,False,True
2026,1,Australian Grand Prix,R,8672.057000,OCO,31,ocon,haas,84.533000,56.000000,2.000000,,,29.888000,17.767000,36.878000,8617.466000,8635.233000,8672.111000,271.000000,297.000000,300.000000,301.000000,False,HARD,45.000000,True,Haas F1 Team,8587.524000,,1,11.000000,False,,False,True
2026,1,Australian Grand Prix,R,8756.630000,OCO,31,ocon,haas,84.573000,57.000000,2.000000,,,29.920000,17.754000,36.899000,8702.031000,8719.785000,8756.684000,270.000000,298.000000,302.000000,295.000000,False,HARD,46.000000,True,Haas F1 Team,8672.057000,,1,11.000000,False,,False,True
2026,1,Australian Grand Prix,R,3836.060000,LIN,41,arvid_lindblad,rb,96.081000,1.000000,1.000000,,,,18.025000,39.211000,,3797.069000,3836.362000,253.000000,310.000000,279.000000,235.000000,False,MEDIUM,1.000000,True,Racing Bulls,3739.743000,,1,5.000000,False,,False,False
2026,1,Australian Grand Prix,R,3923.278000,LIN,41,arvid_lindblad,rb,87.218000,2.000000,1.000000,,,30.800000,18.041000,38.377000,3866.970000,3885.011000,3923.388000,254.000000,298.000000,300.000000,260.000000,True,MEDIUM,2.000000,True,Racing Bulls,3836.060000,,1,5.000000,False,,False,True
2026,1,Australian Grand Prix,R,4008.775000,LIN,41,arvid_lindblad,rb,85.497000,3.000000,1.000000,,,30.171000,17.966000,37.360000,3953.559000,3971.525000,4008.885000,255.000000,304.000000,301.000000,289.000000,True,MEDIUM,3.000000,True,Racing Bulls,3923.278000,,1,5.000000,False,,False,True
2026,1,Australian Grand Prix,R,4094.847000,LIN,41,arvid_lindblad,rb,86.072000,4.000000,1.000000,,,30.126000,17.940000,38.006000,4039.011000,4056.951000,4094.957000,252.000000,302.000000,293.000000,293.000000,False,MEDIUM,4.000000,True,Racing Bulls,4008.775000,,1,5.000000,False,,False,True
2026,1,Australian Grand Prix,R,4181.082000,LIN,41,arvid_lindblad,rb,86.235000,5.000000,1.000000,,,30.966000,17.919000,37.350000,4125.923000,4143.842000,4181.192000,256.000000,308.000000,296.000000,264.000000,False,MEDIUM,5.000000,True,Racing Bulls,4094.847000,,1,6.000000,False,,False,True
2026,1,Australian Grand Prix,R,4266.474000,LIN,41,arvid_lindblad,rb,85.392000,6.000000,1.000000,,,30.162000,17.916000,37.314000,4211.354000,4229.270000,4266.584000,253.000000,304.000000,295.000000,289.000000,True,MEDIUM,6.000000,True,Racing Bulls,4181.082000,,1,6.000000,False,,False,True
2026,1,Australian Grand Prix,R,4351.668000,LIN,41,arvid_lindblad,rb,85.194000,7.000000,1.000000,,,30.025000,17.897000,37.272000,4296.609000,4314.506000,4351.778000,253.000000,304.000000,295.000000,288.000000,True,MEDIUM,7.000000,True,Racing Bulls,4266.474000,,1,6.000000,False,,False,True
2026,1,Australian Grand Prix,R,4436.928000,LIN,41,arvid_lindblad,rb,85.260000,8.000000,1.000000,,,30.164000,17.919000,37.177000,4381.942000,4399.861000,4437.038000,251.000000,304.000000,294.000000,286.000000,False,MEDIUM,8.000000,True,Racing Bulls,4351.668000,,1,6.000000,False,,False,True
2026,1,Australian Grand Prix,R,4522.265000,LIN,41,arvid_lindblad,rb,85.337000,9.000000,1.000000,,,30.236000,17.915000,37.186000,4467.274000,4485.189000,4522.375000,252.000000,305.000000,295.000000,287.000000,False,MEDIUM,9.000000,True,Racing Bulls,4436.928000,,1,6.000000,False,,False,True
2026,1,Australian Grand Prix,R,4607.830000,LIN,41,arvid_lindblad,rb,85.565000,10.000000,1.000000,,,30.168000,17.947000,37.450000,4552.543000,4570.490000,4607.940000,251.000000,303.000000,293.000000,287.000000,False,MEDIUM,10.000000,True,Racing Bulls,4522.265000,,1,6.000000,False,,False,True
2026,1,Australian Grand Prix,R,4700.068000,LIN,41,arvid_lindblad,rb,92.238000,11.000000,1.000000,,,30.141000,17.967000,44.130000,4638.081000,4656.048000,4700.178000,250.000000,299.000000,240.000000,286.000000,False,MEDIUM,11.000000,True,Racing Bulls,4607.830000,,16,5.000000,False,,False,False
2026,1,Australian Grand Prix,R,4812.068000,LIN,41,arvid_lindblad,rb,112.000000,12.000000,1.000000,,,37.694000,26.533000,47.773000,4737.872000,4764.405000,4812.178000,199.000000,140.000000,216.000000,221.000000,False,MEDIUM,12.000000,True,Racing Bulls,4700.068000,,6,4.000000,False,,False,False
2026,1,Australian Grand Prix,R,4926.946000,LIN,41,arvid_lindblad,rb,114.878000,13.000000,1.000000,,,40.567000,27.761000,46.550000,4852.745000,4880.506000,4927.056000,199.000000,133.000000,183.000000,181.000000,False,MEDIUM,13.000000,True,Racing Bulls,4812.068000,,67,4.000000,False,,False,False
2026,1,Australian Grand Prix,R,5015.107000,LIN,41,arvid_lindblad,rb,88.161000,14.000000,1.000000,,,33.006000,17.955000,37.200000,4960.062000,4978.017000,5015.217000,251.000000,302.000000,294.000000,194.000000,False,MEDIUM,14.000000,True,Racing Bulls,4926.946000,,71,4.000000,False,,False,False
2026,1,Australian Grand Prix,R,5099.984000,LIN,41,arvid_lindblad,rb,84.877000,15.000000,1.000000,,,29.995000,17.892000,36.990000,5045.212000,5063.104000,5100.094000,253.000000,301.000000,297.000000,280.000000,True,MEDIUM,15.000000,True,Racing Bulls,5015.107000,,1,4.000000,False,,False,True
2026,1,Australian Grand Prix,R,5185.882000,LIN,41,arvid_lindblad,rb,85.898000,16.000000,1.000000,,,30.820000,17.896000,37.182000,5130.914000,5148.810000,5185.992000,256.000000,307.000000,298.000000,259.000000,False,MEDIUM,16.000000,True,Racing Bulls,5099.984000,,1,5.000000,False,,False,True
2026,1,Australian Grand Prix,R,5270.978000,LIN,41,arvid_lindblad,rb,85.096000,17.000000,1.000000,,,29.829000,17.940000,37.327000,5215.821000,5233.761000,5271.088000,247.000000,303.000000,291.000000,290.000000,False,MEDIUM,17.000000,True,Racing Bulls,5185.882000,,1,5.000000,False,,False,True
2026,1,Australian Grand Prix,R,5379.202000,LIN,41,arvid_lindblad,rb,108.224000,18.000000,1.000000,,5362.947000,30.225000,17.956000,60.043000,5301.313000,5319.269000,5379.312000,252.000000,301.000000,,284.000000,False,MEDIUM,18.000000,True,Racing Bulls,5270.978000,,126,6.000000,False,,False,False
2026,1,Australian Grand Prix,R,5496.427000,LIN,41,arvid_lindblad,rb,117.225000,19.000000,2.000000,5381.498000,,42.462000,25.719000,49.044000,5421.774000,5447.493000,5496.537000,198.000000,220.000000,277.000000,213.000000,False,HARD,1.000000,True,Racing Bulls,5379.202000,,671,6.000000,False,,False,False
2026,1,Australian Grand Prix,R,5581.851000,LIN,41,arvid_lindblad,rb,85.424000,20.000000,2.000000,,,29.507000,18.190000,37.727000,5526.044000,5544.234000,5581.961000,260.000000,278.000000,294.000000,293.000000,False,HARD,2.000000,True,Racing Bulls,5496.427000,,1,7.000000,False,,False,True
2026,1,Australian Grand Prix,R,5666.033000,LIN,41,arvid_lindblad,rb,84.182000,21.000000,2.000000,,,29.574000,17.755000,36.853000,5611.535000,5629.290000,5666.143000,259.000000,308.000000,297.000000,289.000000,True,HARD,3.000000,True,Racing Bulls,5581.851000,,1,7.000000,False,,False,True
2026,1,Australian Grand Prix,R,5750.323000,LIN,41,arvid_lindblad,rb,84.290000,22.000000,2.000000,,,29.605000,17.753000,36.932000,5695.748000,5713.501000,5750.433000,258.000000,306.000000,299.000000,291.000000,False,HARD,4.000000,True,Racing Bulls,5666.033000,,1,7.000000,False,,False,True
2026,1,Australian Grand Prix,R,5835.232000,LIN,41,arvid_lindblad,rb,84.909000,23.000000,2.000000,,,29.687000,17.824000,37.398000,5780.120000,5797.944000,5835.342000,251.000000,305.000000,294.000000,291.000000,False,HARD,5.000000,True,Racing Bulls,5750.323000,,1,7.000000,False,,False,True
2026,1,Australian Grand Prix,R,5919.786000,LIN,41,arvid_lindblad,rb,84.554000,24.000000,2.000000,,,29.834000,17.868000,36.852000,5865.176000,5883.044000,5919.896000,252.000000,303.000000,296.000000,289.000000,False,HARD,6.000000,True,Racing Bulls,5835.232000,,1,7.000000,False,,False,True
2026,1,Australian Grand Prix,R,6004.049000,LIN,41,arvid_lindblad,rb,84.263000,25.000000,2.000000,,,29.548000,17.841000,36.874000,5949.444000,5967.285000,6004.159000,252.000000,303.000000,296.000000,291.000000,False,HARD,7.000000,True,Racing Bulls,5919.786000,,1,7.000000,False,,False,True
2026,1,Australian Grand Prix,R,6088.254000,LIN,41,arvid_lindblad,rb,84.205000,26.000000,2.000000,,,29.551000,17.874000,36.780000,6033.710000,6051.584000,6088.364000,255.000000,303.000000,297.000000,292.000000,False,HARD,8.000000,True,Racing Bulls,6004.049000,,1,7.000000,False,,False,True
2026,1,Australian Grand Prix,R,6172.615000,LIN,41,arvid_lindblad,rb,84.361000,27.000000,2.000000,,,29.508000,17.881000,36.972000,6117.872000,6135.753000,6172.725000,254.000000,302.000000,291.000000,294.000000,False,HARD,9.000000,True,Racing Bulls,6088.254000,,1,7.000000,False,,False,True
2026,1,Australian Grand Prix,R,6257.090000,LIN,41,arvid_lindblad,rb,84.475000,28.000000,2.000000,,,29.902000,17.869000,36.704000,6202.627000,6220.496000,6257.200000,252.000000,302.000000,295.000000,285.000000,False,HARD,10.000000,True,Racing Bulls,6172.615000,,1,7.000000,False,,False,True
2026,1,Australian Grand Prix,R,6342.006000,LIN,41,arvid_lindblad,rb,84.916000,29.000000,2.000000,,,29.977000,18.019000,36.920000,6287.177000,6305.196000,6342.116000,252.000000,302.000000,293.000000,289.000000,False,HARD,11.000000,True,Racing Bulls,6257.090000,,1,7.000000,False,,False,True
2026,1,Australian Grand Prix,R,6426.288000,LIN,41,arvid_lindblad,rb,84.282000,30.000000,2.000000,,,29.767000,17.837000,36.678000,6371.883000,6389.720000,6426.398000,252.000000,303.000000,297.000000,286.000000,False,HARD,12.000000,True,Racing Bulls,6342.006000,,1,7.000000,False,,False,True
2026,1,Australian Grand Prix,R,6511.164000,LIN,41,arvid_lindblad,rb,84.876000,31.000000,2.000000,,,29.785000,18.090000,37.001000,6456.183000,6474.273000,6511.274000,251.000000,300.000000,297.000000,292.000000,False,HARD,13.000000,True,Racing Bulls,6426.288000,,1,7.000000,False,,False,True
2026,1,Australian Grand Prix,R,6595.835000,LIN,41,arvid_lindblad,rb,84.671000,32.000000,2.000000,,,29.694000,17.780000,37.197000,6540.968000,6558.748000,6595.945000,253.000000,307.000000,293.000000,293.000000,False,HARD,14.000000,True,Racing Bulls,6511.164000,,1,7.000000,False,,False,True
2026,1,Australian Grand Prix,R,6685.261000,LIN,41,arvid_lindblad,rb,89.426000,33.000000,2.000000,,,29.771000,17.976000,41.679000,6625.716000,6643.692000,6685.371000,251.000000,300.000000,212.000000,288.000000,False,HARD,15.000000,True,Racing Bulls,6595.835000,,16,7.000000,False,,False,False
2026,1,Australian Grand Prix,R,6779.073000,LIN,41,arvid_lindblad,rb,93.812000,34.000000,2.000000,,,38.151000,18.652000,37.009000,6723.522000,6742.174000,6779.183000,191.000000,293.000000,307.000000,229.000000,False,HARD,16.000000,True,Racing Bulls,6685.261000,,671,7.000000,False,,False,False
2026,1,Australian Grand Prix,R,6863.609000,LIN,41,arvid_lindblad,rb,84.536000,35.000000,2.000000,,,29.663000,17.919000,36.954000,6808.846000,6826.765000,6863.719000,252.000000,300.000000,295.000000,301.000000,False,HARD,17.000000,True,Racing Bulls,6779.073000,,1,6.000000,False,,False,True
2026,1,Australian Grand Prix,R,6948.307000,LIN,41,arvid_lindblad,rb,84.698000,36.000000,2.000000,,,29.762000,17.928000,37.008000,6893.481000,6911.409000,6948.417000,252.000000,300.000000,294.000000,287.000000,False,HARD,18.000000,True,Racing Bulls,6863.609000,,1,6.000000,False,,False,True
2026,1,Australian Grand Prix,R,7032.830000,LIN,41,arvid_lindblad,rb,84.523000,37.000000,2.000000,,,29.871000,17.873000,36.779000,6978.288000,6996.161000,7032.940000,251.000000,301.000000,296.000000,287.000000,False,HARD,19.000000,True,Racing Bulls,6948.307000,,1,6.000000,False,,False,True
2026,1,Australian Grand Prix,R,7117.627000,LIN,41,arvid_lindblad,rb,84.797000,38.000000,2.000000,,,29.796000,17.906000,37.095000,7062.736000,7080.642000,7117.737000,252.000000,300.000000,293.000000,288.000000,False,HARD,20.000000,True,Racing Bulls,7032.830000,,1,6.000000,False,,False,True
2026,1,Australian Grand Prix,R,7203.582000,LIN,41,arvid_lindblad,rb,85.955000,39.000000,2.000000,,,30.718000,17.813000,37.424000,7148.455000,7166.268000,7203.692000,253.000000,309.000000,298.000000,259.000000,False,HARD,21.000000,True,Racing Bulls,7117.627000,,1,7.000000,False,,False,True
2026,1,Australian Grand Prix,R,7291.824000,LIN,41,arvid_lindblad,rb,88.242000,40.000000,2.000000,,,31.551000,18.051000,38.640000,7235.243000,7253.294000,7291.934000,252.000000,310.000000,297.000000,275.000000,False,HARD,22.000000,True,Racing Bulls,7203.582000,,1,8.000000,False,,False,True
2026,1,Australian Grand Prix,R,7377.230000,LIN,41,arvid_lindblad,rb,85.406000,41.000000,2.000000,,,30.136000,17.882000,37.388000,7322.070000,7339.952000,7377.340000,259.000000,307.000000,298.000000,293.000000,False,HARD,23.000000,True,Racing Bulls,7291.824000,,1,8.000000,False,,False,True
2026,1,Australian Grand Prix,R,7462.639000,LIN,41,arvid_lindblad,rb,85.409000,42.000000,2.000000,,,30.221000,17.763000,37.425000,7407.561000,7425.324000,7462.749000,252.000000,310.000000,297.000000,288.000000,False,HARD,24.000000,True,Racing Bulls,7377.230000,,1,8.000000,False,,False,True
2026,1,Australian Grand Prix,R,7547.501000,LIN,41,arvid_lindblad,rb,84.862000,43.000000,2.000000,,,29.977000,17.828000,37.057000,7492.726000,7510.554000,7547.611000,252.000000,306.000000,296.000000,292.000000,False,HARD,25.000000,True,Racing Bulls,7462.639000,,1,8.000000,False,,False,True
2026,1,Australian Grand Prix,R,7632.248000,LIN,41,arvid_lindblad,rb,84.747000,44.000000,2.000000,,,29.887000,17.758000,37.102000,7577.498000,7595.256000,7632.358000,253.000000,306.000000,298.000000,290.000000,False,HARD,26.000000,True,Racing Bulls,7547.501000,,1,8.000000,False,,False,True
2026,1,Australian Grand Prix,R,7716.893000,LIN,41,arvid_lindblad,rb,84.645000,45.000000,2.000000,,,29.827000,17.836000,36.982000,7662.185000,7680.021000,7717.003000,252.000000,304.000000,295.000000,295.000000,False,HARD,27.000000,True,Racing Bulls,7632.248000,,1,8.000000,False,,False,True
2026,1,Australian Grand Prix,R,7801.581000,LIN,41,arvid_lindblad,rb,84.688000,46.000000,2.000000,,,29.891000,17.824000,36.973000,7746.894000,7764.718000,7801.691000,252.000000,305.000000,295.000000,292.000000,False,HARD,28.000000,True,Racing Bulls,7716.893000,,1,8.000000,False,,False,True
2026,1,Australian Grand Prix,R,7886.354000,LIN,41,arvid_lindblad,rb,84.773000,47.000000,2.000000,,,29.868000,17.879000,37.026000,7831.559000,7849.438000,7886.464000,262.000000,302.000000,297.000000,291.000000,False,HARD,29.000000,True,Racing Bulls,7801.581000,,1,8.000000,False,,False,True
2026,1,Australian Grand Prix,R,7971.217000,LIN,41,arvid_lindblad,rb,84.863000,48.000000,2.000000,,,29.958000,17.827000,37.078000,7916.422000,7934.249000,7971.327000,252.000000,304.000000,297.000000,291.000000,False,HARD,30.000000,True,Racing Bulls,7886.354000,,1,8.000000,False,,False,True
2026,1,Australian Grand Prix,R,8055.991000,LIN,41,arvid_lindblad,rb,84.774000,49.000000,2.000000,,,29.859000,17.878000,37.037000,8001.186000,8019.064000,8056.101000,253.000000,303.000000,296.000000,291.000000,False,HARD,31.000000,True,Racing Bulls,7971.217000,,1,8.000000,False,,False,True
2026,1,Australian Grand Prix,R,8140.706000,LIN,41,arvid_lindblad,rb,84.715000,50.000000,2.000000,,,29.829000,17.897000,36.989000,8085.930000,8103.827000,8140.816000,253.000000,303.000000,298.000000,290.000000,False,HARD,32.000000,True,Racing Bulls,8055.991000,,1,8.000000,False,,False,True
2026,1,Australian Grand Prix,R,8225.080000,LIN,41,arvid_lindblad,rb,84.374000,51.000000,2.000000,,,29.802000,17.819000,36.753000,8170.618000,8188.437000,8225.190000,253.000000,304.000000,299.000000,293.000000,False,HARD,33.000000,True,Racing Bulls,8140.706000,,1,8.000000,False,,False,True
2026,1,Australian Grand Prix,R,8310.290000,LIN,41,arvid_lindblad,rb,85.210000,52.000000,2.000000,,,29.876000,17.834000,37.500000,8255.066000,8272.900000,8310.400000,253.000000,305.000000,297.000000,296.000000,False,HARD,34.000000,True,Racing Bulls,8225.080000,,1,8.000000,False,,False,True
2026,1,Australian Grand Prix,R,8396.438000,LIN,41,arvid_lindblad,rb,86.148000,53.000000,2.000000,,,29.840000,18.429000,37.879000,8340.240000,8358.669000,8396.548000,253.000000,236.000000,298.000000,292.000000,False,HARD,35.000000,True,Racing Bulls,8310.290000,,1,8.000000,False,,False,True
2026,1,Australian Grand Prix,R,8484.605000,LIN,41,arvid_lindblad,rb,88.167000,54.000000,2.000000,,,31.949000,18.437000,37.781000,8428.497000,8446.934000,8484.715000,219.000000,315.000000,306.000000,272.000000,False,HARD,36.000000,True,Racing Bulls,8396.438000,,1,8.000000,False,,False,True
2026,1,Australian Grand Prix,R,8569.219000,LIN,41,arvid_lindblad,rb,84.614000,55.000000,2.000000,,,30.016000,17.645000,36.953000,8514.731000,8532.376000,8569.329000,251.000000,312.000000,305.000000,290.000000,False,HARD,37.000000,True,Racing Bulls,8484.605000,,1,8.000000,False,,False,True
2026,1,Australian Grand Prix,R,8653.907000,LIN,41,arvid_lindblad,rb,84.688000,56.000000,2.000000,,,29.961000,17.776000,36.951000,8599.290000,8617.066000,8654.017000,254.000000,306.000000,300.000000,299.000000,False,HARD,38.000000,True,Racing Bulls,8569.219000,,1,8.000000,False,,False,True
2026,1,Australian Grand Prix,R,8738.596000,LIN,41,arvid_lindblad,rb,84.689000,57.000000,2.000000,,,29.872000,17.727000,37.090000,8683.889000,8701.616000,8738.706000,254.000000,305.000000,301.000000,296.000000,False,HARD,39.000000,True,Racing Bulls,8653.907000,,1,8.000000,False,,False,True
2026,1,Australian Grand Prix,R,3841.592000,COL,43,colapinto,alpine,101.613000,1.000000,1.000000,,,,19.039000,40.226000,,3802.440000,3841.785000,227.000000,302.000000,294.000000,209.000000,False,HARD,1.000000,True,Alpine,3739.743000,,1,17.000000,False,,False,False
2026,1,Australian Grand Prix,R,3929.758000,COL,43,colapinto,alpine,88.166000,2.000000,1.000000,,,31.674000,18.157000,38.335000,3873.365000,3891.522000,3929.857000,260.000000,284.000000,285.000000,257.000000,True,HARD,2.000000,True,Alpine,3841.592000,,1,16.000000,False,,False,True
2026,1,Australian Grand Prix,R,4016.693000,COL,43,colapinto,alpine,86.935000,3.000000,1.000000,,,30.607000,18.320000,38.008000,3960.464000,3978.784000,4016.792000,258.000000,284.000000,302.000000,267.000000,True,HARD,3.000000,True,Alpine,3929.758000,,1,16.000000,False,,False,True
2026,1,Australian Grand Prix,R,4103.505000,COL,43,colapinto,alpine,86.812000,4.000000,1.000000,,,30.715000,17.902000,38.195000,4047.507000,4065.409000,4103.604000,259.000000,299.000000,307.000000,286.000000,True,HARD,4.000000,True,Alpine,4016.693000,,1,16.000000,False,,False,True
2026,1,Australian Grand Prix,R,4191.017000,COL,43,colapinto,alpine,87.512000,5.000000,1.000000,,,30.698000,17.936000,38.878000,4134.302000,4152.238000,4191.116000,264.000000,302.000000,316.000000,265.000000,False,HARD,5.000000,True,Alpine,4103.505000,,1,16.000000,False,,False,True
2026,1,Australian Grand Prix,R,4278.530000,COL,43,colapinto,alpine,87.513000,6.000000,1.000000,,,30.986000,17.993000,38.534000,4222.102000,4240.095000,4278.629000,258.000000,309.000000,288.000000,265.000000,False,HARD,6.000000,True,Alpine,4191.017000,,1,15.000000,False,,False,True
2026,1,Australian Grand Prix,R,4364.598000,COL,43,colapinto,alpine,86.068000,7.000000,1.000000,,,30.496000,18.028000,37.544000,4309.125000,4327.153000,4364.697000,257.000000,301.000000,299.000000,277.000000,True,HARD,7.000000,True,Alpine,4278.530000,,1,15.000000,False,,False,True
2026,1,Australian Grand Prix,R,4450.416000,COL,43,colapinto,alpine,85.818000,8.000000,1.000000,,,30.390000,18.004000,37.424000,4395.087000,4413.091000,4450.515000,254.000000,305.000000,297.000000,279.000000,True,HARD,8.000000,True,Alpine,4364.598000,,1,15.000000,False,,False,True
2026,1,Australian Grand Prix,R,4560.347000,COL,43,colapinto,alpine,109.931000,9.000000,1.000000,,4534.795000,30.400000,18.017000,61.514000,4480.915000,4498.932000,4560.446000,259.000000,307.000000,,293.000000,False,HARD,9.000000,True,Alpine,4450.416000,,1,20.000000,False,,False,False
2026,1,Australian Grand Prix,R,4653.109000,COL,43,colapinto,alpine,92.762000,10.000000,2.000000,4562.847000,,36.557000,18.377000,37.828000,4597.003000,4615.380000,4653.208000,253.000000,296.000000,290.000000,217.000000,False,HARD,10.000000,False,Alpine,4560.347000,,1,20.000000,False,,False,False
2026,1,Australian Grand Prix,R,4758.916000,COL,43,colapinto,alpine,105.807000,11.000000,2.000000,,,30.568000,27.783000,47.456000,4683.776000,4711.559000,4759.015000,250.000000,138.000000,205.000000,283.000000,False,HARD,11.000000,False,Alpine,4653.109000,,16,18.000000,False,,False,False
2026,1,Australian Grand Prix,R,4882.586000,COL,43,colapinto,alpine,123.670000,12.000000,2.000000,,,41.094000,27.882000,54.694000,4800.109000,4827.991000,4882.685000,199.000000,122.000000,280.000000,187.000000,False,HARD,12.000000,False,Alpine,4758.916000,,6,17.000000,False,,False,False
2026,1,Australian Grand Prix,R,4976.458000,COL,43,colapinto,alpine,93.872000,13.000000,2.000000,,,32.451000,23.161000,38.260000,4915.136000,4938.297000,4976.557000,242.000000,280.000000,288.000000,270.000000,False,HARD,13.000000,False,Alpine,4882.586000,,671,16.000000,False,,False,False
2026,1,Australian Grand Prix,R,5063.121000,COL,43,colapinto,alpine,86.663000,14.000000,2.000000,,,30.410000,18.256000,37.997000,5006.967000,5025.223000,5063.220000,258.000000,298.000000,291.000000,287.000000,False,HARD,14.000000,False,Alpine,4976.458000,,1,16.000000,False,,False,True
2026,1,Australian Grand Prix,R,5148.721000,COL,43,colapinto,alpine,85.600000,15.000000,2.000000,,,30.086000,18.096000,37.418000,5093.306000,5111.402000,5148.820000,258.000000,297.000000,289.000000,288.000000,True,HARD,15.000000,False,Alpine,5063.121000,,1,16.000000,False,,False,True
2026,1,Australian Grand Prix,R,5234.632000,COL,43,colapinto,alpine,85.911000,16.000000,2.000000,,,30.157000,18.270000,37.484000,5178.977000,5197.247000,5234.731000,257.000000,297.000000,290.000000,290.000000,False,HARD,16.000000,False,Alpine,5148.721000,,1,16.000000,False,,False,True
2026,1,Australian Grand Prix,R,5320.340000,COL,43,colapinto,alpine,85.708000,17.000000,2.000000,,,30.221000,18.119000,37.368000,5264.952000,5283.071000,5320.439000,258.000000,300.000000,291.000000,292.000000,False,HARD,17.000000,False,Alpine,5234.632000,,12,16.000000,False,,False,True
2026,1,Australian Grand Prix,R,5433.301000,COL,43,colapinto,alpine,112.961000,18.000000,2.000000,,,39.656000,23.049000,50.256000,5360.095000,5383.144000,5433.400000,239.000000,227.000000,214.000000,291.000000,False,HARD,18.000000,False,Alpine,5320.340000,,26,15.000000,False,,False,False
2026,1,Australian Grand Prix,R,5534.977000,COL,43,colapinto,alpine,101.676000,19.000000,2.000000,,,39.674000,24.199000,37.803000,5473.074000,5497.273000,5535.076000,240.000000,287.000000,297.000000,202.000000,False,HARD,19.000000,False,Alpine,5433.301000,,671,15.000000,False,,False,False
2026,1,Australian Grand Prix,R,5620.308000,COL,43,colapinto,alpine,85.331000,20.000000,2.000000,,,29.839000,18.136000,37.356000,5564.915000,5583.051000,5620.407000,261.000000,297.000000,286.000000,288.000000,True,HARD,20.000000,False,Alpine,5534.977000,,1,15.000000,False,,False,True
2026,1,Australian Grand Prix,R,5705.240000,COL,43,colapinto,alpine,84.932000,21.000000,2.000000,,,29.764000,18.096000,37.072000,5650.171000,5668.267000,5705.339000,263.000000,298.000000,292.000000,293.000000,True,HARD,21.000000,False,Alpine,5620.308000,,1,15.000000,False,,False,True
2026,1,Australian Grand Prix,R,5790.251000,COL,43,colapinto,alpine,85.011000,22.000000,2.000000,,,29.789000,17.999000,37.223000,5735.128000,5753.127000,5790.350000,265.000000,298.000000,292.000000,293.000000,False,HARD,22.000000,False,Alpine,5705.240000,,1,15.000000,False,,False,True
2026,1,Australian Grand Prix,R,5875.387000,COL,43,colapinto,alpine,85.136000,23.000000,2.000000,,,29.869000,18.049000,37.218000,5820.219000,5838.268000,5875.486000,261.000000,299.000000,294.000000,293.000000,False,HARD,23.000000,False,Alpine,5790.251000,,1,15.000000,False,,False,True
2026,1,Australian Grand Prix,R,5960.836000,COL,43,colapinto,alpine,85.449000,24.000000,2.000000,,,30.097000,18.128000,37.224000,5905.583000,5923.711000,5960.935000,257.000000,299.000000,295.000000,290.000000,False,HARD,24.000000,False,Alpine,5875.387000,,1,15.000000,False,,False,True
2026,1,Australian Grand Prix,R,6046.061000,COL,43,colapinto,alpine,85.225000,25.000000,2.000000,,,29.946000,18.102000,37.177000,5990.881000,6008.983000,6046.160000,258.000000,300.000000,293.000000,296.000000,False,HARD,25.000000,False,Alpine,5960.836000,,1,15.000000,False,,False,True
2026,1,Australian Grand Prix,R,6131.235000,COL,43,colapinto,alpine,85.174000,26.000000,2.000000,,,29.930000,18.081000,37.163000,6076.090000,6094.171000,6131.334000,262.000000,300.000000,292.000000,295.000000,False,HARD,26.000000,False,Alpine,6046.061000,,1,15.000000,False,,False,True
2026,1,Australian Grand Prix,R,6216.861000,COL,43,colapinto,alpine,85.626000,27.000000,2.000000,,,30.037000,18.139000,37.450000,6161.371000,6179.510000,6216.960000,259.000000,300.000000,295.000000,294.000000,False,HARD,27.000000,False,Alpine,6131.235000,,1,15.000000,False,,False,True
2026,1,Australian Grand Prix,R,6303.033000,COL,43,colapinto,alpine,86.172000,28.000000,2.000000,,,30.003000,18.067000,38.102000,6246.963000,6265.030000,6303.132000,259.000000,301.000000,235.000000,295.000000,False,HARD,28.000000,False,Alpine,6216.861000,,1,15.000000,False,,False,True
2026,1,Australian Grand Prix,R,6389.516000,COL,43,colapinto,alpine,86.483000,29.000000,2.000000,,,30.995000,18.014000,37.474000,6334.127000,6352.141000,6389.615000,260.000000,308.000000,288.000000,260.000000,False,HARD,29.000000,False,Alpine,6303.033000,,1,15.000000,False,,False,True
2026,1,Australian Grand Prix,R,6475.082000,COL,43,colapinto,alpine,85.566000,30.000000,2.000000,,,30.111000,18.034000,37.421000,6419.726000,6437.760000,6475.181000,260.000000,303.000000,287.000000,291.000000,False,HARD,30.000000,False,Alpine,6389.516000,,1,15.000000,False,,False,True
2026,1,Australian Grand Prix,R,6562.342000,COL,43,colapinto,alpine,87.260000,31.000000,2.000000,,,31.496000,17.976000,37.788000,6506.677000,6524.653000,6562.441000,262.000000,309.000000,296.000000,287.000000,False,HARD,31.000000,False,Alpine,6475.082000,,1,15.000000,False,,False,True
2026,1,Australian Grand Prix,R,6648.049000,COL,43,colapinto,alpine,85.707000,32.000000,2.000000,,,30.159000,18.001000,37.547000,6592.600000,6610.601000,6648.148000,259.000000,304.000000,298.000000,298.000000,False,HARD,32.000000,False,Alpine,6562.342000,,1,15.000000,False,,False,True
2026,1,Australian Grand Prix,R,6748.590000,COL,43,colapinto,alpine,100.541000,33.000000,2.000000,,,32.599000,27.744000,40.198000,6680.747000,6708.491000,6748.689000,125.000000,216.000000,281.000000,290.000000,False,HARD,33.000000,False,Alpine,6648.049000,,167,15.000000,False,,False,False
2026,1,Australian Grand Prix,R,6834.657000,COL,43,colapinto,alpine,86.067000,34.000000,2.000000,,,30.806000,18.018000,37.243000,6779.495000,6797.513000,6834.756000,259.000000,306.000000,298.000000,250.000000,False,HARD,34.000000,False,Alpine,6748.590000,,1,13.000000,False,,False,True
2026,1,Australian Grand Prix,R,6920.290000,COL,43,colapinto,alpine,85.633000,35.000000,2.000000,,,30.240000,17.955000,37.438000,6864.996000,6882.951000,6920.389000,261.000000,304.000000,295.000000,300.000000,False,HARD,35.000000,False,Alpine,6834.657000,,1,13.000000,False,,False,True
2026,1,Australian Grand Prix,R,7007.724000,COL,43,colapinto,alpine,87.434000,36.000000,2.000000,,,30.218000,18.176000,39.040000,6950.607000,6968.783000,7007.823000,259.000000,263.000000,313.000000,291.000000,False,HARD,36.000000,False,Alpine,6920.290000,,1,13.000000,False,,False,True
2026,1,Australian Grand Prix,R,7094.771000,COL,43,colapinto,alpine,87.047000,37.000000,2.000000,,,30.234000,18.605000,38.208000,7038.057000,7056.662000,7094.870000,256.000000,284.000000,313.000000,285.000000,False,HARD,37.000000,False,Alpine,7007.724000,,1,14.000000,False,,False,True
2026,1,Australian Grand Prix,R,7181.783000,COL,43,colapinto,alpine,87.012000,38.000000,2.000000,,,30.376000,18.535000,38.101000,7125.246000,7143.781000,7181.882000,221.000000,300.000000,292.000000,291.000000,False,HARD,38.000000,False,Alpine,7094.771000,,1,14.000000,False,,False,True
2026,1,Australian Grand Prix,R,7268.747000,COL,43,colapinto,alpine,86.964000,39.000000,2.000000,,,30.268000,18.179000,38.517000,7212.150000,7230.329000,7268.846000,252.000000,307.000000,275.000000,288.000000,False,HARD,39.000000,False,Alpine,7181.783000,,1,14.000000,False,,False,True
2026,1,Australian Grand Prix,R,7355.412000,COL,43,colapinto,alpine,86.665000,40.000000,2.000000,,,30.853000,17.990000,37.822000,7299.699000,7317.689000,7355.511000,241.000000,296.000000,302.000000,262.000000,False,HARD,40.000000,False,Alpine,7268.747000,,1,14.000000,False,,False,True
2026,1,Australian Grand Prix,R,7441.881000,COL,43,colapinto,alpine,86.469000,41.000000,2.000000,,,30.443000,18.308000,37.718000,7385.954000,7404.262000,7441.980000,241.000000,309.000000,290.000000,287.000000,False,HARD,41.000000,False,Alpine,7355.412000,,1,14.000000,False,,False,True
2026,1,Australian Grand Prix,R,7527.156000,COL,43,colapinto,alpine,85.275000,42.000000,2.000000,,,30.041000,18.114000,37.120000,7472.021000,7490.135000,7527.255000,261.000000,297.000000,292.000000,288.000000,False,HARD,42.000000,False,Alpine,7441.881000,,1,14.000000,False,,False,True
2026,1,Australian Grand Prix,R,7612.537000,COL,43,colapinto,alpine,85.381000,43.000000,2.000000,,,30.093000,18.083000,37.205000,7557.348000,7575.431000,7612.636000,252.000000,296.000000,295.000000,290.000000,False,HARD,43.000000,False,Alpine,7527.156000,,1,14.000000,False,,False,True
2026,1,Australian Grand Prix,R,7697.777000,COL,43,colapinto,alpine,85.240000,44.000000,2.000000,,,30.052000,18.011000,37.177000,7642.688000,7660.699000,7697.876000,261.000000,296.000000,294.000000,292.000000,False,HARD,44.000000,False,Alpine,7612.537000,,1,14.000000,False,,False,True
2026,1,Australian Grand Prix,R,7782.716000,COL,43,colapinto,alpine,84.939000,45.000000,2.000000,,,29.961000,17.996000,36.982000,7727.837000,7745.833000,7782.815000,263.000000,302.000000,297.000000,288.000000,False,HARD,45.000000,False,Alpine,7697.777000,,1,14.000000,False,,False,True
2026,1,Australian Grand Prix,R,7885.627000,COL,43,colapinto,alpine,102.911000,46.000000,2.000000,,7869.223000,30.115000,19.536000,53.260000,7812.930000,7832.466000,7885.726000,259.000000,306.000000,,291.000000,False,HARD,46.000000,False,Alpine,7782.716000,,1,14.000000,False,,False,False
2026,1,Australian Grand Prix,R,7975.936000,COL,43,colapinto,alpine,90.309000,47.000000,3.000000,7888.007000,,35.971000,17.845000,36.493000,7921.697000,7939.542000,7976.035000,258.000000,311.000000,304.000000,226.000000,False,SOFT,1.000000,True,Alpine,7885.627000,,1,14.000000,False,,False,False
2026,1,Australian Grand Prix,R,8058.862000,COL,43,colapinto,alpine,82.926000,48.000000,3.000000,,,29.194000,17.380000,36.352000,8005.229000,8022.609000,8058.961000,269.000000,318.000000,292.000000,297.000000,True,SOFT,2.000000,True,Alpine,7975.936000,,1,14.000000,False,,False,True
2026,1,Australian Grand Prix,R,8142.121000,COL,43,colapinto,alpine,83.259000,49.000000,3.000000,,,29.042000,17.815000,36.402000,8088.003000,8105.818000,8142.220000,273.000000,305.000000,292.000000,298.000000,False,SOFT,3.000000,True,Alpine,8058.862000,,1,14.000000,False,,False,True
2026,1,Australian Grand Prix,R,8225.842000,COL,43,colapinto,alpine,83.721000,50.000000,3.000000,,,29.463000,17.650000,36.608000,8171.683000,8189.333000,8225.941000,269.000000,310.000000,304.000000,296.000000,False,SOFT,4.000000,True,Alpine,8142.121000,,1,14.000000,False,,False,True
2026,1,Australian Grand Prix,R,8311.475000,COL,43,colapinto,alpine,85.633000,51.000000,3.000000,,,29.397000,17.611000,38.625000,8255.338000,8272.949000,8311.574000,262.000000,307.000000,273.000000,299.000000,False,SOFT,5.000000,True,Alpine,8225.842000,,1,14.000000,False,,False,True
2026,1,Australian Grand Prix,R,8396.626000,COL,43,colapinto,alpine,85.151000,52.000000,3.000000,,,30.396000,17.677000,37.078000,8341.970000,8359.647000,8396.725000,262.000000,311.000000,321.000000,272.000000,False,SOFT,6.000000,True,Alpine,8311.475000,,1,14.000000,False,,False,True
2026,1,Australian Grand Prix,R,8483.746000,COL,43,colapinto,alpine,87.120000,53.000000,3.000000,,,30.919000,19.007000,37.194000,8427.644000,8446.651000,8483.845000,254.000000,293.000000,297.000000,306.000000,False,SOFT,7.000000,True,Alpine,8396.626000,,1,14.000000,False,,False,True
2026,1,Australian Grand Prix,R,8567.734000,COL,43,colapinto,alpine,83.988000,54.000000,3.000000,,,29.240000,17.920000,36.828000,8513.085000,8531.005000,8567.833000,269.000000,303.000000,287.000000,300.000000,False,SOFT,8.000000,True,Alpine,8483.746000,,1,14.000000,False,,False,True
2026,1,Australian Grand Prix,R,8651.646000,COL,43,colapinto,alpine,83.912000,55.000000,3.000000,,,29.520000,17.750000,36.642000,8597.353000,8615.103000,8651.745000,267.000000,302.000000,292.000000,296.000000,False,SOFT,9.000000,True,Alpine,8567.734000,,1,14.000000,False,,False,True
2026,1,Australian Grand Prix,R,8735.267000,COL,43,colapinto,alpine,83.621000,56.000000,3.000000,,,29.465000,17.601000,36.555000,8681.210000,8698.811000,8735.366000,261.000000,311.000000,319.000000,297.000000,False,SOFT,10.000000,True,Alpine,8651.646000,,1,14.000000,False,,False,True
2026,1,Australian Grand Prix,R,3835.240000,HAM,44,hamilton,ferrari,95.261000,1.000000,1.000000,,,,18.385000,37.713000,,3797.822000,3835.392000,245.000000,306.000000,290.000000,240.000000,False,MEDIUM,1.000000,True,Ferrari,3739.743000,,1,3.000000,False,,False,False
2026,1,Australian Grand Prix,R,3919.866000,HAM,44,hamilton,ferrari,84.626000,2.000000,1.000000,,,29.988000,18.115000,36.523000,3865.334000,3883.449000,3919.972000,248.000000,295.000000,291.000000,282.000000,True,MEDIUM,2.000000,True,Ferrari,3835.240000,,1,3.000000,False,,False,True
2026,1,Australian Grand Prix,R,4004.740000,HAM,44,hamilton,ferrari,84.874000,3.000000,1.000000,,,30.233000,18.076000,36.565000,3950.205000,3968.281000,4004.846000,247.000000,299.000000,303.000000,271.000000,False,MEDIUM,3.000000,True,Ferrari,3919.866000,,1,3.000000,False,,False,True
2026,1,Australian Grand Prix,R,4089.806000,HAM,44,hamilton,ferrari,85.066000,4.000000,1.000000,,,30.332000,18.021000,36.713000,4035.178000,4053.199000,4089.912000,243.000000,298.000000,301.000000,286.000000,False,MEDIUM,4.000000,True,Ferrari,4004.740000,,1,3.000000,False,,False,True
2026,1,Australian Grand Prix,R,4174.308000,HAM,44,hamilton,ferrari,84.502000,5.000000,1.000000,,,29.967000,18.029000,36.506000,4119.879000,4137.908000,4174.414000,253.000000,296.000000,299.000000,285.000000,True,MEDIUM,5.000000,True,Ferrari,4089.806000,,1,3.000000,False,,False,True
2026,1,Australian Grand Prix,R,4259.011000,HAM,44,hamilton,ferrari,84.703000,6.000000,1.000000,,,29.970000,18.016000,36.717000,4204.384000,4222.400000,4259.117000,251.000000,295.000000,295.000000,290.000000,False,MEDIUM,6.000000,True,Ferrari,4174.308000,,1,3.000000,False,,False,True
2026,1,Australian Grand Prix,R,4343.376000,HAM,44,hamilton,ferrari,84.365000,7.000000,1.000000,,,29.888000,18.034000,36.443000,4289.005000,4307.039000,4343.482000,255.000000,296.000000,298.000000,291.000000,True,MEDIUM,7.000000,True,Ferrari,4259.011000,,1,3.000000,False,,False,True
2026,1,Australian Grand Prix,R,4427.784000,HAM,44,hamilton,ferrari,84.408000,8.000000,1.000000,,,29.787000,18.093000,36.528000,4373.269000,4391.362000,4427.890000,249.000000,292.000000,300.000000,304.000000,False,MEDIUM,8.000000,True,Ferrari,4343.376000,,1,3.000000,False,,False,True
2026,1,Australian Grand Prix,R,4513.628000,HAM,44,hamilton,ferrari,85.844000,9.000000,1.000000,,,30.984000,18.266000,36.594000,4458.874000,4477.140000,4513.734000,228.000000,299.000000,299.000000,302.000000,False,MEDIUM,9.000000,True,Ferrari,4427.784000,,1,3.000000,False,,False,True
2026,1,Australian Grand Prix,R,4597.883000,HAM,44,hamilton,ferrari,84.255000,10.000000,1.000000,,,29.827000,17.875000,36.553000,4543.561000,4561.436000,4597.989000,249.000000,305.000000,296.000000,298.000000,True,MEDIUM,10.000000,True,Ferrari,4513.628000,,1,3.000000,False,,False,True
2026,1,Australian Grand Prix,R,4681.956000,HAM,44,hamilton,ferrari,84.073000,11.000000,1.000000,,,29.686000,17.816000,36.571000,4627.675000,4645.491000,4682.062000,248.000000,302.000000,297.000000,292.000000,True,MEDIUM,11.000000,True,Ferrari,4597.883000,,1,3.000000,False,,False,True
2026,1,Australian Grand Prix,R,4796.914000,HAM,44,hamilton,ferrari,114.958000,12.000000,1.000000,,,40.845000,28.326000,45.787000,4722.907000,4751.233000,4797.020000,219.000000,138.000000,156.000000,219.000000,False,MEDIUM,12.000000,True,Ferrari,4681.956000,,16,2.000000,False,,False,False
2026,1,Australian Grand Prix,R,4913.229000,HAM,44,hamilton,ferrari,116.315000,13.000000,1.000000,,,41.178000,27.777000,47.360000,4838.198000,4865.975000,4913.335000,196.000000,144.000000,149.000000,216.000000,False,MEDIUM,13.000000,True,Ferrari,4796.914000,,6,2.000000,False,,False,False
2026,1,Australian Grand Prix,R,5001.556000,HAM,44,hamilton,ferrari,88.327000,14.000000,1.000000,,,33.824000,17.902000,36.601000,4947.159000,4965.061000,5001.662000,254.000000,293.000000,292.000000,232.000000,False,MEDIUM,14.000000,True,Ferrari,4913.229000,,671,2.000000,False,,False,False
2026,1,Australian Grand Prix,R,5085.259000,HAM,44,hamilton,ferrari,83.703000,15.000000,1.000000,,,29.547000,17.763000,36.393000,5031.209000,5048.972000,5085.365000,258.000000,294.000000,296.000000,289.000000,True,MEDIUM,15.000000,True,Ferrari,5001.556000,,1,2.000000,False,,False,True
2026,1,Australian Grand Prix,R,5168.671000,HAM,44,hamilton,ferrari,83.412000,16.000000,1.000000,,,29.291000,17.817000,36.304000,5114.656000,5132.473000,5168.777000,259.000000,295.000000,297.000000,296.000000,True,MEDIUM,16.000000,True,Ferrari,5085.259000,,1,2.000000,False,,False,True
2026,1,Australian Grand Prix,R,5252.716000,HAM,44,hamilton,ferrari,84.045000,17.000000,1.000000,,,29.729000,17.883000,36.433000,5198.506000,5216.389000,5252.822000,256.000000,296.000000,297.000000,299.000000,False,MEDIUM,17.000000,True,Ferrari,5168.671000,,1,2.000000,False,,False,True
2026,1,Australian Grand Prix,R,5344.313000,HAM,44,hamilton,ferrari,91.597000,18.000000,1.000000,,,29.625000,17.793000,44.179000,5282.447000,5300.240000,5344.419000,255.000000,298.000000,143.000000,296.000000,False,MEDIUM,18.000000,True,Ferrari,5252.716000,,126,2.000000,False,,False,False
2026,1,Australian Grand Prix,R,5457.413000,HAM,44,hamilton,ferrari,113.100000,19.000000,1.000000,,,37.081000,24.573000,51.446000,5381.500000,5406.073000,5457.519000,221.000000,170.000000,228.000000,223.000000,False,MEDIUM,19.000000,True,Ferrari,5344.313000,,6,2.000000,False,,False,False
2026,1,Australian Grand Prix,R,5549.050000,HAM,44,hamilton,ferrari,91.637000,20.000000,1.000000,,,37.133000,18.014000,36.490000,5494.652000,5512.666000,5549.156000,235.000000,297.000000,299.000000,247.000000,False,MEDIUM,20.000000,True,Ferrari,5457.413000,,671,2.000000,False,,False,False
2026,1,Australian Grand Prix,R,5632.667000,HAM,44,hamilton,ferrari,83.617000,21.000000,1.000000,,,29.381000,17.818000,36.418000,5578.537000,5596.355000,5632.773000,256.000000,297.000000,298.000000,296.000000,False,MEDIUM,21.000000,True,Ferrari,5549.050000,,1,2.000000,False,,False,True
2026,1,Australian Grand Prix,R,5716.176000,HAM,44,hamilton,ferrari,83.509000,22.000000,1.000000,,,29.258000,17.832000,36.419000,5662.031000,5679.863000,5716.282000,259.000000,298.000000,299.000000,296.000000,False,MEDIUM,22.000000,True,Ferrari,5632.667000,,1,2.000000,False,,False,True
2026,1,Australian Grand Prix,R,5799.558000,HAM,44,hamilton,ferrari,83.382000,23.000000,1.000000,,,29.306000,17.766000,36.310000,5745.588000,5763.354000,5799.664000,260.000000,298.000000,300.000000,304.000000,True,MEDIUM,23.000000,True,Ferrari,5716.176000,,1,2.000000,False,,False,True
2026,1,Australian Grand Prix,R,5883.887000,HAM,44,hamilton,ferrari,84.329000,24.000000,1.000000,,,29.999000,17.913000,36.417000,5829.663000,5847.576000,5883.993000,255.000000,295.000000,299.000000,305.000000,False,MEDIUM,24.000000,True,Ferrari,5799.558000,,1,2.000000,False,,False,True
2026,1,Australian Grand Prix,R,5967.547000,HAM,44,hamilton,ferrari,83.660000,25.000000,1.000000,,,29.419000,17.845000,36.396000,5913.412000,5931.257000,5967.653000,257.000000,296.000000,298.000000,303.000000,False,MEDIUM,25.000000,True,Ferrari,5883.887000,,1,1.000000,False,,False,True
2026,1,Australian Grand Prix,R,6051.632000,HAM,44,hamilton,ferrari,84.085000,26.000000,1.000000,,,29.611000,17.867000,36.607000,5997.264000,6015.131000,6051.738000,255.000000,294.000000,298.000000,300.000000,False,MEDIUM,26.000000,True,Ferrari,5967.547000,,1,1.000000,False,,False,True
2026,1,Australian Grand Prix,R,6135.392000,HAM,44,hamilton,ferrari,83.760000,27.000000,1.000000,,,29.455000,17.860000,36.445000,6081.193000,6099.053000,6135.498000,258.000000,294.000000,298.000000,300.000000,False,MEDIUM,27.000000,True,Ferrari,6051.632000,,1,1.000000,False,,False,True
2026,1,Australian Grand Prix,R,6234.970000,HAM,44,hamilton,ferrari,99.578000,28.000000,1.000000,,6219.308000,29.438000,17.924000,52.216000,6164.936000,6182.860000,6235.076000,253.000000,296.000000,,300.000000,False,MEDIUM,28.000000,True,Ferrari,6135.392000,,1,4.000000,False,,False,False
2026,1,Australian Grand Prix,R,6324.105000,HAM,44,hamilton,ferrari,89.135000,29.000000,2.000000,6237.281000,,35.116000,17.909000,36.110000,6270.192000,6288.101000,6324.211000,275.000000,290.000000,293.000000,220.000000,False,HARD,1.000000,True,Ferrari,6234.970000,,1,4.000000,False,,False,False
2026,1,Australian Grand Prix,R,6407.579000,HAM,44,hamilton,ferrari,83.474000,30.000000,2.000000,,,29.431000,17.923000,36.120000,6353.642000,6371.565000,6407.685000,251.000000,289.000000,293.000000,285.000000,False,HARD,2.000000,True,Ferrari,6324.105000,,1,4.000000,False,,False,True
2026,1,Australian Grand Prix,R,6490.708000,HAM,44,hamilton,ferrari,83.129000,31.000000,2.000000,,,29.336000,17.854000,35.939000,6437.021000,6454.875000,6490.814000,244.000000,293.000000,301.000000,287.000000,True,HARD,3.000000,True,Ferrari,6407.579000,,1,4.000000,False,,False,True
2026,1,Australian Grand Prix,R,6573.893000,HAM,44,hamilton,ferrari,83.185000,32.000000,2.000000,,,29.328000,17.835000,36.022000,6520.142000,6537.977000,6573.999000,244.000000,293.000000,300.000000,302.000000,False,HARD,4.000000,True,Ferrari,6490.708000,,1,4.000000,False,,False,True
2026,1,Australian Grand Prix,R,6657.668000,HAM,44,hamilton,ferrari,83.775000,33.000000,2.000000,,,29.415000,17.921000,36.439000,6603.414000,6621.335000,6657.774000,250.000000,299.000000,281.000000,302.000000,False,HARD,5.000000,True,Ferrari,6573.893000,,1,4.000000,False,,False,True
2026,1,Australian Grand Prix,R,6755.983000,HAM,44,hamilton,ferrari,98.315000,34.000000,2.000000,,,36.057000,24.217000,38.041000,6693.831000,6718.048000,6756.089000,203.000000,241.000000,308.000000,275.000000,False,HARD,6.000000,True,Ferrari,6657.668000,,167,4.000000,False,,False,False
2026,1,Australian Grand Prix,R,6839.300000,HAM,44,hamilton,ferrari,83.317000,35.000000,2.000000,,,29.381000,17.698000,36.238000,6785.470000,6803.168000,6839.406000,251.000000,301.000000,302.000000,312.000000,False,HARD,7.000000,True,Ferrari,6755.983000,,1,4.000000,False,,False,True
2026,1,Australian Grand Prix,R,6922.638000,HAM,44,hamilton,ferrari,83.338000,36.000000,2.000000,,,29.420000,17.712000,36.206000,6868.826000,6886.538000,6922.744000,246.000000,298.000000,304.000000,305.000000,False,HARD,8.000000,True,Ferrari,6839.300000,,1,4.000000,False,,False,True
2026,1,Australian Grand Prix,R,7005.724000,HAM,44,hamilton,ferrari,83.086000,37.000000,2.000000,,,29.353000,17.661000,36.072000,6952.097000,6969.758000,7005.830000,250.000000,298.000000,303.000000,304.000000,True,HARD,9.000000,True,Ferrari,6922.638000,,1,4.000000,False,,False,True
2026,1,Australian Grand Prix,R,7088.412000,HAM,44,hamilton,ferrari,82.688000,38.000000,2.000000,,,29.069000,17.752000,35.867000,7034.899000,7052.651000,7088.518000,245.000000,293.000000,303.000000,305.000000,True,HARD,10.000000,True,Ferrari,7005.724000,,1,4.000000,False,,False,True
2026,1,Australian Grand Prix,R,7170.948000,HAM,44,hamilton,ferrari,82.536000,39.000000,2.000000,,,28.919000,17.689000,35.928000,7117.437000,7135.126000,7171.054000,252.000000,294.000000,301.000000,307.000000,True,HARD,11.000000,True,Ferrari,7088.412000,,1,4.000000,False,,False,True
2026,1,Australian Grand Prix,R,7253.498000,HAM,44,hamilton,ferrari,82.550000,40.000000,2.000000,,,29.091000,17.679000,35.780000,7200.145000,7217.824000,7253.604000,252.000000,296.000000,304.000000,303.000000,False,HARD,12.000000,True,Ferrari,7170.948000,,1,4.000000,False,,False,True
2026,1,Australian Grand Prix,R,7336.146000,HAM,44,hamilton,ferrari,82.648000,41.000000,2.000000,,,29.065000,17.564000,36.019000,7282.669000,7300.233000,7336.252000,253.000000,302.000000,301.000000,308.000000,False,HARD,13.000000,True,Ferrari,7253.498000,,1,4.000000,False,,False,True
2026,1,Australian Grand Prix,R,7418.782000,HAM,44,hamilton,ferrari,82.636000,42.000000,2.000000,,,29.114000,17.688000,35.834000,7365.366000,7383.054000,7418.888000,252.000000,295.000000,300.000000,302.000000,False,HARD,14.000000,True,Ferrari,7336.146000,,1,4.000000,False,,False,True
2026,1,Australian Grand Prix,R,7501.341000,HAM,44,hamilton,ferrari,82.559000,43.000000,2.000000,,,28.993000,17.663000,35.903000,7447.881000,7465.544000,7501.447000,251.000000,294.000000,301.000000,301.000000,False,HARD,15.000000,True,Ferrari,7418.782000,,1,4.000000,False,,False,True
2026,1,Australian Grand Prix,R,7584.178000,HAM,44,hamilton,ferrari,82.837000,44.000000,2.000000,,,29.087000,17.685000,36.065000,7530.534000,7548.219000,7584.284000,253.000000,296.000000,303.000000,304.000000,False,HARD,16.000000,True,Ferrari,7501.341000,,1,4.000000,False,,False,True
2026,1,Australian Grand Prix,R,7666.707000,HAM,44,hamilton,ferrari,82.529000,45.000000,2.000000,,,28.867000,17.570000,36.092000,7613.151000,7630.721000,7666.813000,253.000000,300.000000,301.000000,308.000000,True,HARD,17.000000,True,Ferrari,7584.178000,,1,4.000000,False,,False,True
2026,1,Australian Grand Prix,R,7749.652000,HAM,44,hamilton,ferrari,82.945000,46.000000,2.000000,,,29.158000,17.770000,36.017000,7695.971000,7713.741000,7749.758000,245.000000,293.000000,303.000000,305.000000,False,HARD,18.000000,True,Ferrari,7666.707000,,1,4.000000,False,,False,True
2026,1,Australian Grand Prix,R,7832.329000,HAM,44,hamilton,ferrari,82.677000,47.000000,2.000000,,,29.105000,17.709000,35.863000,7778.863000,7796.572000,7832.435000,252.000000,295.000000,302.000000,307.000000,False,HARD,19.000000,True,Ferrari,7749.652000,,1,4.000000,False,,False,True
2026,1,Australian Grand Prix,R,7915.093000,HAM,44,hamilton,ferrari,82.764000,48.000000,2.000000,,,29.189000,17.665000,35.910000,7861.624000,7879.289000,7915.199000,251.000000,297.000000,301.000000,307.000000,False,HARD,20.000000,True,Ferrari,7832.329000,,1,4.000000,False,,False,True
2026,1,Australian Grand Prix,R,7997.928000,HAM,44,hamilton,ferrari,82.835000,49.000000,2.000000,,,29.086000,17.650000,36.099000,7944.285000,7961.935000,7998.034000,252.000000,297.000000,304.000000,303.000000,False,HARD,21.000000,True,Ferrari,7915.093000,,1,4.000000,False,,False,True
2026,1,Australian Grand Prix,R,8081.238000,HAM,44,hamilton,ferrari,83.310000,50.000000,2.000000,,,29.107000,17.787000,36.416000,8027.141000,8044.928000,8081.344000,248.000000,296.000000,300.000000,312.000000,False,HARD,22.000000,True,Ferrari,7997.928000,,1,4.000000,False,,False,True
2026,1,Australian Grand Prix,R,8163.921000,HAM,44,hamilton,ferrari,82.683000,51.000000,2.000000,,,29.231000,17.661000,35.791000,8110.575000,8128.236000,8164.027000,251.000000,298.000000,309.000000,306.000000,False,HARD,23.000000,True,Ferrari,8081.238000,,1,4.000000,False,,False,True
2026,1,Australian Grand Prix,R,8246.929000,HAM,44,hamilton,ferrari,83.008000,52.000000,2.000000,,,29.158000,17.670000,36.180000,8193.185000,8210.855000,8247.035000,246.000000,298.000000,306.000000,317.000000,False,HARD,24.000000,True,Ferrari,8163.921000,,1,4.000000,False,,False,True
2026,1,Australian Grand Prix,R,8330.094000,HAM,44,hamilton,ferrari,83.165000,53.000000,2.000000,,,29.520000,17.678000,35.967000,8276.555000,8294.233000,8330.200000,254.000000,296.000000,304.000000,304.000000,False,HARD,25.000000,True,Ferrari,8246.929000,,1,4.000000,False,,False,True
2026,1,Australian Grand Prix,R,8412.648000,HAM,44,hamilton,ferrari,82.554000,54.000000,2.000000,,,29.035000,17.661000,35.858000,8359.235000,8376.896000,8412.754000,252.000000,295.000000,305.000000,313.000000,False,HARD,26.000000,True,Ferrari,8330.094000,,1,4.000000,False,,False,True
2026,1,Australian Grand Prix,R,8495.071000,HAM,44,hamilton,ferrari,82.423000,55.000000,2.000000,,,29.094000,17.613000,35.716000,8441.848000,8459.461000,8495.177000,252.000000,296.000000,303.000000,316.000000,True,HARD,27.000000,True,Ferrari,8412.648000,,1,4.000000,False,,False,True
2026,1,Australian Grand Prix,R,8577.571000,HAM,44,hamilton,ferrari,82.500000,56.000000,2.000000,,,28.996000,17.577000,35.927000,8524.173000,8541.750000,8577.677000,254.000000,299.000000,304.000000,312.000000,False,HARD,28.000000,True,Ferrari,8495.071000,,1,4.000000,False,,False,True
2026,1,Australian Grand Prix,R,8660.287000,HAM,44,hamilton,ferrari,82.716000,57.000000,2.000000,,,29.004000,17.632000,36.080000,8606.681000,8624.313000,8660.393000,254.000000,298.000000,304.000000,313.000000,False,HARD,29.000000,True,Ferrari,8577.571000,,1,4.000000,False,,False,True
2026,1,Australian Grand Prix,R,8742.924000,HAM,44,hamilton,ferrari,82.637000,58.000000,2.000000,,,29.096000,17.505000,36.036000,8689.489000,8706.994000,8743.030000,255.000000,301.000000,302.000000,315.000000,False,HARD,30.000000,True,Ferrari,8660.287000,,1,4.000000,False,,False,True
2026,1,Australian Grand Prix,R,3838.734000,BOR,5,bortoleto,audi,98.755000,1.000000,1.000000,,,,18.975000,38.744000,,3800.657000,3838.871000,238.000000,300.000000,295.000000,216.000000,False,MEDIUM,1.000000,True,Audi,3739.743000,,1,11.000000,False,,False,False
2026,1,Australian Grand Prix,R,3926.272000,BOR,5,bortoleto,audi,87.538000,2.000000,1.000000,,,31.092000,18.428000,38.018000,3869.900000,3888.328000,3926.346000,261.000000,284.000000,294.000000,274.000000,True,MEDIUM,2.000000,True,Audi,3838.734000,,1,11.000000,False,,False,True
2026,1,Australian Grand Prix,R,4012.596000,BOR,5,bortoleto,audi,86.324000,3.000000,1.000000,,,30.546000,18.125000,37.653000,3956.892000,3975.017000,4012.670000,263.000000,292.000000,289.000000,276.000000,True,MEDIUM,3.000000,True,Audi,3926.272000,,1,10.000000,False,,False,True
2026,1,Australian Grand Prix,R,4098.628000,BOR,5,bortoleto,audi,86.032000,4.000000,1.000000,,,30.416000,18.415000,37.201000,4043.086000,4061.501000,4098.702000,251.000000,295.000000,294.000000,283.000000,True,MEDIUM,4.000000,True,Audi,4012.596000,,1,10.000000,False,,False,True
2026,1,Australian Grand Prix,R,4184.955000,BOR,5,bortoleto,audi,86.327000,5.000000,1.000000,,,30.512000,17.836000,37.979000,4129.214000,4147.050000,4185.029000,250.000000,306.000000,299.000000,286.000000,False,MEDIUM,5.000000,True,Audi,4098.628000,,1,10.000000,False,,False,True
2026,1,Australian Grand Prix,R,4272.418000,BOR,5,bortoleto,audi,87.463000,6.000000,1.000000,,,31.563000,18.038000,37.862000,4216.592000,4234.630000,4272.492000,263.000000,298.000000,299.000000,277.000000,False,MEDIUM,6.000000,True,Audi,4184.955000,,1,12.000000,True,TRACK LIMITS AT TURN 3 LAP 6 ,False,True
2026,1,Australian Grand Prix,R,4358.203000,BOR,5,bortoleto,audi,85.785000,7.000000,1.000000,,,30.465000,17.945000,37.375000,4302.957000,4320.902000,4358.277000,264.000000,298.000000,297.000000,300.000000,True,MEDIUM,7.000000,True,Audi,4272.418000,,1,12.000000,False,,False,True
2026,1,Australian Grand Prix,R,4443.673000,BOR,5,bortoleto,audi,85.470000,8.000000,1.000000,,,30.114000,17.925000,37.431000,4388.391000,4406.316000,4443.747000,267.000000,299.000000,297.000000,290.000000,True,MEDIUM,8.000000,True,Audi,4358.203000,,1,12.000000,False,,False,True
2026,1,Australian Grand Prix,R,4528.897000,BOR,5,bortoleto,audi,85.224000,9.000000,1.000000,,,30.146000,17.839000,37.239000,4473.893000,4491.732000,4528.971000,256.000000,301.000000,299.000000,285.000000,True,MEDIUM,9.000000,True,Audi,4443.673000,,1,12.000000,False,,False,True
2026,1,Australian Grand Prix,R,4614.458000,BOR,5,bortoleto,audi,85.561000,10.000000,1.000000,,,30.476000,17.834000,37.251000,4559.447000,4577.281000,4614.532000,266.000000,301.000000,298.000000,300.000000,False,MEDIUM,10.000000,True,Audi,4528.897000,,1,12.000000,False,,False,True
2026,1,Australian Grand Prix,R,4706.320000,BOR,5,bortoleto,audi,91.862000,11.000000,1.000000,,,30.096000,17.910000,43.856000,4644.628000,4662.538000,4706.394000,267.000000,296.000000,245.000000,294.000000,False,MEDIUM,11.000000,True,Audi,4614.458000,,16,8.000000,False,,False,False
2026,1,Australian Grand Prix,R,4820.684000,BOR,5,bortoleto,audi,114.364000,12.000000,1.000000,,,39.819000,27.688000,46.857000,4746.213000,4773.901000,4820.758000,188.000000,160.000000,265.000000,211.000000,False,MEDIUM,12.000000,True,Audi,4706.320000,,6,8.000000,False,,False,False
2026,1,Australian Grand Prix,R,4935.129000,BOR,5,bortoleto,audi,114.445000,13.000000,1.000000,,,40.360000,28.226000,45.859000,4861.118000,4889.344000,4935.203000,184.000000,138.000000,227.000000,188.000000,False,MEDIUM,13.000000,True,Audi,4820.684000,,671,8.000000,False,,False,False
2026,1,Australian Grand Prix,R,5021.087000,BOR,5,bortoleto,audi,85.958000,14.000000,1.000000,,,31.023000,17.824000,37.111000,4966.226000,4984.050000,5021.161000,254.000000,301.000000,295.000000,273.000000,False,MEDIUM,14.000000,True,Audi,4935.129000,,1,8.000000,False,,False,True
2026,1,Australian Grand Prix,R,5105.906000,BOR,5,bortoleto,audi,84.819000,15.000000,1.000000,,,29.860000,17.908000,37.051000,5051.021000,5068.929000,5105.980000,255.000000,299.000000,296.000000,290.000000,True,MEDIUM,15.000000,True,Audi,5021.087000,,1,8.000000,False,,False,True
2026,1,Australian Grand Prix,R,5190.886000,BOR,5,bortoleto,audi,84.980000,16.000000,1.000000,,,29.821000,17.960000,37.199000,5135.801000,5153.761000,5190.960000,254.000000,294.000000,294.000000,293.000000,False,MEDIUM,16.000000,True,Audi,5105.906000,,1,8.000000,False,,False,True
2026,1,Australian Grand Prix,R,5275.947000,BOR,5,bortoleto,audi,85.061000,17.000000,1.000000,,,29.831000,18.092000,37.138000,5220.791000,5238.883000,5276.021000,254.000000,293.000000,293.000000,290.000000,False,MEDIUM,17.000000,True,Audi,5190.886000,,1,8.000000,False,,False,True
2026,1,Australian Grand Prix,R,5386.306000,BOR,5,bortoleto,audi,110.359000,18.000000,1.000000,,5369.607000,30.685000,18.120000,61.554000,5306.706000,5324.826000,5386.380000,251.000000,292.000000,,287.000000,False,MEDIUM,18.000000,True,Audi,5275.947000,,126,9.000000,False,,False,False
2026,1,Australian Grand Prix,R,5501.985000,BOR,5,bortoleto,audi,115.679000,19.000000,2.000000,5388.749000,,44.929000,25.326000,45.424000,5431.309000,5456.635000,5502.059000,215.000000,227.000000,319.000000,216.000000,False,HARD,1.000000,True,Audi,5386.306000,,671,11.000000,False,,False,False
2026,1,Australian Grand Prix,R,5587.186000,BOR,5,bortoleto,audi,85.201000,20.000000,2.000000,,,29.953000,18.498000,36.750000,5532.012000,5550.510000,5587.260000,253.000000,284.000000,288.000000,279.000000,False,HARD,2.000000,True,Audi,5501.985000,,1,9.000000,False,,False,True
2026,1,Australian Grand Prix,R,5672.230000,BOR,5,bortoleto,audi,85.044000,21.000000,2.000000,,,29.937000,18.308000,36.799000,5617.197000,5635.505000,5672.304000,252.000000,287.000000,290.000000,283.000000,False,HARD,3.000000,True,Audi,5587.186000,,1,9.000000,False,,False,True
2026,1,Australian Grand Prix,R,5756.658000,BOR,5,bortoleto,audi,84.428000,22.000000,2.000000,,,29.747000,18.079000,36.602000,5702.051000,5720.130000,5756.732000,256.000000,289.000000,293.000000,283.000000,True,HARD,4.000000,True,Audi,5672.230000,,1,9.000000,False,,False,True
2026,1,Australian Grand Prix,R,5840.993000,BOR,5,bortoleto,audi,84.335000,23.000000,2.000000,,,29.835000,17.950000,36.550000,5786.567000,5804.517000,5841.067000,254.000000,290.000000,293.000000,287.000000,True,HARD,5.000000,True,Audi,5756.658000,,1,9.000000,False,,False,True
2026,1,Australian Grand Prix,R,5925.320000,BOR,5,bortoleto,audi,84.327000,24.000000,2.000000,,,29.815000,18.001000,36.511000,5870.882000,5888.883000,5925.394000,255.000000,290.000000,295.000000,286.000000,True,HARD,6.000000,True,Audi,5840.993000,,1,9.000000,False,,False,True
2026,1,Australian Grand Prix,R,6009.690000,BOR,5,bortoleto,audi,84.370000,25.000000,2.000000,,,29.685000,18.019000,36.666000,5955.079000,5973.098000,6009.764000,258.000000,291.000000,294.000000,291.000000,False,HARD,7.000000,True,Audi,5925.320000,,1,9.000000,False,,False,True
2026,1,Australian Grand Prix,R,6094.223000,BOR,5,bortoleto,audi,84.533000,26.000000,2.000000,,,29.804000,18.015000,36.714000,6039.568000,6057.583000,6094.297000,259.000000,290.000000,289.000000,290.000000,False,HARD,8.000000,True,Audi,6009.690000,,1,9.000000,False,,False,True
2026,1,Australian Grand Prix,R,6178.758000,BOR,5,bortoleto,audi,84.535000,27.000000,2.000000,,,29.947000,17.963000,36.625000,6124.244000,6142.207000,6178.832000,260.000000,291.000000,293.000000,278.000000,False,HARD,9.000000,True,Audi,6094.223000,,1,9.000000,False,,False,True
2026,1,Australian Grand Prix,R,6263.198000,BOR,5,bortoleto,audi,84.440000,28.000000,2.000000,,,29.912000,18.051000,36.477000,6208.744000,6226.795000,6263.272000,256.000000,288.000000,291.000000,289.000000,False,HARD,10.000000,True,Audi,6178.758000,,1,9.000000,False,,False,True
2026,1,Australian Grand Prix,R,6347.892000,BOR,5,bortoleto,audi,84.694000,29.000000,2.000000,,,29.861000,18.058000,36.775000,6293.133000,6311.191000,6347.966000,251.000000,290.000000,291.000000,288.000000,False,HARD,11.000000,True,Audi,6263.198000,,1,9.000000,False,,False,True
2026,1,Australian Grand Prix,R,6432.256000,BOR,5,bortoleto,audi,84.364000,30.000000,2.000000,,,29.865000,17.935000,36.564000,6377.831000,6395.766000,6432.330000,256.000000,293.000000,294.000000,283.000000,False,HARD,12.000000,True,Audi,6347.892000,,1,9.000000,False,,False,True
2026,1,Australian Grand Prix,R,6516.409000,BOR,5,bortoleto,audi,84.153000,31.000000,2.000000,,,29.790000,17.858000,36.505000,6462.120000,6479.978000,6516.483000,258.000000,294.000000,295.000000,286.000000,True,HARD,13.000000,True,Audi,6432.256000,,1,9.000000,False,,False,True
2026,1,Australian Grand Prix,R,6600.387000,BOR,5,bortoleto,audi,83.978000,32.000000,2.000000,,,29.576000,17.889000,36.513000,6546.059000,6563.948000,6600.461000,251.000000,292.000000,294.000000,291.000000,True,HARD,14.000000,True,Audi,6516.409000,,1,9.000000,False,,False,True
2026,1,Australian Grand Prix,R,6704.622000,BOR,5,bortoleto,audi,104.235000,33.000000,2.000000,,6684.281000,29.944000,17.988000,56.303000,6630.405000,6648.393000,6704.696000,257.000000,293.000000,,291.000000,False,HARD,15.000000,True,Audi,6600.387000,,16,11.000000,False,,False,False
2026,1,Australian Grand Prix,R,6797.908000,BOR,5,bortoleto,audi,93.286000,34.000000,3.000000,6707.184000,,38.940000,18.065000,36.281000,6743.636000,6761.701000,6797.982000,255.000000,299.000000,295.000000,214.000000,False,HARD,1.000000,True,Audi,6704.622000,,671,11.000000,False,,False,False
2026,1,Australian Grand Prix,R,6881.862000,BOR,5,bortoleto,audi,83.954000,35.000000,3.000000,,,29.405000,18.240000,36.309000,6827.387000,6845.627000,6881.936000,257.000000,285.000000,290.000000,287.000000,True,HARD,2.000000,True,Audi,6797.908000,,1,11.000000,False,,False,True
2026,1,Australian Grand Prix,R,6965.517000,BOR,5,bortoleto,audi,83.655000,36.000000,3.000000,,,29.478000,17.963000,36.214000,6911.414000,6929.377000,6965.591000,255.000000,288.000000,295.000000,286.000000,True,HARD,3.000000,True,Audi,6881.862000,,1,11.000000,False,,False,True
2026,1,Australian Grand Prix,R,7049.249000,BOR,5,bortoleto,audi,83.732000,37.000000,3.000000,,,29.506000,17.848000,36.378000,6995.097000,7012.945000,7049.323000,256.000000,294.000000,298.000000,289.000000,False,HARD,4.000000,True,Audi,6965.517000,,1,11.000000,False,,False,True
2026,1,Australian Grand Prix,R,7134.368000,BOR,5,bortoleto,audi,85.119000,38.000000,3.000000,,,29.421000,17.884000,37.814000,7078.744000,7096.628000,7134.442000,262.000000,303.000000,318.000000,293.000000,False,HARD,5.000000,True,Audi,7049.249000,,1,11.000000,False,,False,True
2026,1,Australian Grand Prix,R,7219.198000,BOR,5,bortoleto,audi,84.830000,39.000000,3.000000,,,30.093000,18.191000,36.546000,7164.535000,7182.726000,7219.272000,259.000000,290.000000,319.000000,293.000000,False,HARD,6.000000,True,Audi,7134.368000,,1,10.000000,False,,False,True
2026,1,Australian Grand Prix,R,7303.894000,BOR,5,bortoleto,audi,84.696000,40.000000,3.000000,,,29.516000,18.522000,36.658000,7248.788000,7267.310000,7303.968000,258.000000,278.000000,284.000000,306.000000,False,HARD,7.000000,True,Audi,7219.198000,,1,9.000000,False,,False,True
2026,1,Australian Grand Prix,R,7388.364000,BOR,5,bortoleto,audi,84.470000,41.000000,3.000000,,,29.940000,18.115000,36.415000,7333.908000,7352.023000,7388.438000,253.000000,284.000000,291.000000,279.000000,False,HARD,8.000000,True,Audi,7303.894000,,1,9.000000,False,,False,True
2026,1,Australian Grand Prix,R,7472.167000,BOR,5,bortoleto,audi,83.803000,42.000000,3.000000,,,29.508000,17.946000,36.349000,7417.946000,7435.892000,7472.241000,256.000000,288.000000,292.000000,286.000000,False,HARD,9.000000,True,Audi,7388.364000,,1,9.000000,False,,False,True
2026,1,Australian Grand Prix,R,7555.810000,BOR,5,bortoleto,audi,83.643000,43.000000,3.000000,,,29.475000,17.879000,36.289000,7501.716000,7519.595000,7555.884000,256.000000,289.000000,293.000000,287.000000,True,HARD,10.000000,True,Audi,7472.167000,,1,9.000000,False,,False,True
2026,1,Australian Grand Prix,R,7639.546000,BOR,5,bortoleto,audi,83.736000,44.000000,3.000000,,,29.581000,17.856000,36.299000,7585.465000,7603.321000,7639.620000,256.000000,289.000000,295.000000,286.000000,False,HARD,11.000000,True,Audi,7555.810000,,1,9.000000,False,,False,True
2026,1,Australian Grand Prix,R,7722.803000,BOR,5,bortoleto,audi,83.257000,45.000000,3.000000,,,29.395000,17.800000,36.062000,7669.015000,7686.815000,7722.877000,257.000000,291.000000,293.000000,290.000000,True,HARD,12.000000,True,Audi,7639.546000,,1,9.000000,False,,False,True
2026,1,Australian Grand Prix,R,7806.149000,BOR,5,bortoleto,audi,83.346000,46.000000,3.000000,,,29.447000,17.774000,36.125000,7752.324000,7770.098000,7806.223000,259.000000,292.000000,295.000000,288.000000,False,HARD,13.000000,True,Audi,7722.803000,,1,9.000000,False,,False,True
2026,1,Australian Grand Prix,R,7890.125000,BOR,5,bortoleto,audi,83.976000,47.000000,3.000000,,,29.482000,17.841000,36.653000,7835.705000,7853.546000,7890.199000,258.000000,289.000000,295.000000,292.000000,False,HARD,14.000000,True,Audi,7806.149000,,1,9.000000,False,,False,True
2026,1,Australian Grand Prix,R,7975.133000,BOR,5,bortoleto,audi,85.008000,48.000000,3.000000,,,30.382000,17.891000,36.735000,7920.581000,7938.472000,7975.207000,255.000000,290.000000,295.000000,291.000000,False,HARD,15.000000,True,Audi,7890.125000,,1,9.000000,False,,False,True
2026,1,Australian Grand Prix,R,8060.022000,BOR,5,bortoleto,audi,84.889000,49.000000,3.000000,,,29.559000,17.870000,37.460000,8004.766000,8022.636000,8060.096000,256.000000,287.000000,300.000000,290.000000,False,HARD,16.000000,True,Audi,7975.133000,,1,9.000000,False,,False,True
2026,1,Australian Grand Prix,R,8144.346000,BOR,5,bortoleto,audi,84.324000,50.000000,3.000000,,,29.719000,17.835000,36.770000,8089.815000,8107.650000,8144.420000,269.000000,292.000000,296.000000,301.000000,False,HARD,17.000000,True,Audi,8060.022000,,1,9.000000,False,,False,True
2026,1,Australian Grand Prix,R,8229.981000,BOR,5,bortoleto,audi,85.635000,51.000000,3.000000,,,29.804000,18.319000,37.512000,8174.224000,8192.543000,8230.055000,250.000000,274.000000,298.000000,293.000000,False,HARD,18.000000,True,Audi,8144.346000,,1,9.000000,False,,False,True
2026,1,Australian Grand Prix,R,8314.340000,BOR,5,bortoleto,audi,84.359000,52.000000,3.000000,,,29.711000,17.927000,36.721000,8259.766000,8277.693000,8314.414000,255.000000,291.000000,294.000000,294.000000,False,HARD,19.000000,True,Audi,8229.981000,,1,9.000000,False,,False,True
2026,1,Australian Grand Prix,R,8400.403000,BOR,5,bortoleto,audi,86.063000,53.000000,3.000000,,,29.756000,17.889000,38.418000,8344.170000,8362.059000,8400.477000,255.000000,291.000000,301.000000,290.000000,False,HARD,20.000000,True,Audi,8314.340000,,1,9.000000,False,,False,True
2026,1,Australian Grand Prix,R,8484.951000,BOR,5,bortoleto,audi,84.548000,54.000000,3.000000,,,29.857000,17.721000,36.970000,8430.334000,8448.055000,8485.025000,262.000000,296.000000,323.000000,305.000000,False,HARD,21.000000,True,Audi,8400.403000,,1,9.000000,False,,False,True
2026,1,Australian Grand Prix,R,8570.219000,BOR,5,bortoleto,audi,85.268000,55.000000,3.000000,,,30.150000,17.991000,37.127000,8515.175000,8533.166000,8570.293000,269.000000,293.000000,299.000000,279.000000,False,HARD,22.000000,True,Audi,8484.951000,,1,9.000000,False,,False,True
2026,1,Australian Grand Prix,R,8654.734000,BOR,5,bortoleto,audi,84.515000,56.000000,3.000000,,,29.823000,17.878000,36.814000,8600.116000,8617.994000,8654.808000,270.000000,293.000000,301.000000,300.000000,False,HARD,23.000000,True,Audi,8570.219000,,1,9.000000,False,,False,True
2026,1,Australian Grand Prix,R,8739.555000,BOR,5,bortoleto,audi,84.821000,57.000000,3.000000,,,29.522000,18.166000,37.133000,8684.330000,8702.496000,8739.629000,265.000000,291.000000,292.000000,304.000000,False,HARD,24.000000,True,Audi,8654.734000,,1,9.000000,False,,False,True
2026,1,Australian Grand Prix,R,3839.794000,SAI,55,sainz,williams,99.815000,1.000000,1.000000,,,,19.143000,39.148000,,3801.445000,3840.300000,214.000000,298.000000,288.000000,210.000000,False,SOFT,1.000000,True,Williams,3739.743000,,1,13.000000,False,,False,False
2026,1,Australian Grand Prix,R,3927.774000,SAI,55,sainz,williams,87.980000,2.000000,1.000000,,,31.713000,18.211000,38.056000,3871.561000,3889.772000,3927.828000,254.000000,296.000000,298.000000,238.000000,True,SOFT,2.000000,True,Williams,3839.794000,,1,14.000000,False,,False,True
2026,1,Australian Grand Prix,R,4015.867000,SAI,55,sainz,williams,88.093000,3.000000,1.000000,,,31.187000,18.048000,38.858000,3959.015000,3977.063000,4015.921000,258.000000,315.000000,302.000000,259.000000,False,SOFT,3.000000,True,Williams,3927.774000,,1,15.000000,False,,False,True
2026,1,Australian Grand Prix,R,4103.083000,SAI,55,sainz,williams,87.216000,4.000000,1.000000,,,30.511000,18.372000,38.333000,4046.432000,4064.804000,4103.137000,258.000000,311.000000,298.000000,270.000000,True,SOFT,4.000000,True,Williams,4015.867000,,1,15.000000,False,,False,True
2026,1,Australian Grand Prix,R,4190.594000,SAI,55,sainz,williams,87.511000,5.000000,1.000000,,,30.419000,18.057000,39.035000,4133.556000,4151.613000,4190.648000,260.000000,303.000000,301.000000,281.000000,False,SOFT,5.000000,True,Williams,4103.083000,,1,15.000000,False,,False,True
2026,1,Australian Grand Prix,R,4277.466000,SAI,55,sainz,williams,86.872000,6.000000,1.000000,,,30.787000,18.201000,37.884000,4221.435000,4239.636000,4277.520000,256.000000,320.000000,286.000000,273.000000,True,SOFT,6.000000,True,Williams,4190.594000,,1,14.000000,False,,False,True
2026,1,Australian Grand Prix,R,4363.164000,SAI,55,sainz,williams,85.698000,7.000000,1.000000,,,30.022000,18.348000,37.328000,4307.542000,4325.890000,4363.218000,263.000000,304.000000,286.000000,285.000000,True,SOFT,7.000000,True,Williams,4277.466000,,1,14.000000,False,,False,True
2026,1,Australian Grand Prix,R,4448.597000,SAI,55,sainz,williams,85.433000,8.000000,1.000000,,,30.051000,18.228000,37.154000,4393.269000,4411.497000,4448.651000,264.000000,305.000000,293.000000,286.000000,True,SOFT,8.000000,True,Williams,4363.164000,,1,14.000000,False,,False,True
2026,1,Australian Grand Prix,R,4534.423000,SAI,55,sainz,williams,85.826000,9.000000,1.000000,,,29.997000,18.347000,37.482000,4478.648000,4496.995000,4534.477000,263.000000,304.000000,292.000000,294.000000,False,SOFT,9.000000,True,Williams,4448.597000,,1,14.000000,False,,False,True
2026,1,Australian Grand Prix,R,4620.625000,SAI,55,sainz,williams,86.202000,10.000000,1.000000,,,30.638000,18.332000,37.232000,4565.115000,4583.447000,4620.679000,263.000000,303.000000,293.000000,292.000000,False,SOFT,10.000000,True,Williams,4534.423000,,1,14.000000,False,,False,True
2026,1,Australian Grand Prix,R,4727.537000,SAI,55,sainz,williams,106.912000,11.000000,1.000000,,4709.832000,30.181000,18.250000,58.481000,4650.860000,4669.110000,4727.591000,262.000000,301.000000,,287.000000,False,SOFT,11.000000,True,Williams,4620.625000,,16,13.000000,False,,False,False
2026,1,Australian Grand Prix,R,4844.383000,SAI,55,sainz,williams,116.846000,12.000000,2.000000,4729.955000,,43.366000,25.069000,48.411000,4770.957000,4796.026000,4844.437000,241.000000,158.000000,248.000000,225.000000,False,HARD,1.000000,True,Williams,4727.537000,,6,13.000000,False,,False,False
2026,1,Australian Grand Prix,R,4952.724000,SAI,55,sainz,williams,108.341000,13.000000,2.000000,,,41.682000,26.884000,39.775000,4886.119000,4913.003000,4952.778000,232.000000,116.000000,303.000000,159.000000,False,HARD,2.000000,True,Williams,4844.383000,,671,13.000000,False,,False,False
2026,1,Australian Grand Prix,R,5037.651000,SAI,55,sainz,williams,84.927000,14.000000,2.000000,,,29.998000,18.087000,36.842000,4982.776000,5000.863000,5037.705000,264.000000,306.000000,298.000000,290.000000,True,HARD,3.000000,True,Williams,4952.724000,,1,13.000000,False,,False,True
2026,1,Australian Grand Prix,R,5122.475000,SAI,55,sainz,williams,84.824000,15.000000,2.000000,,,29.765000,18.155000,36.904000,5067.470000,5085.625000,5122.529000,267.000000,308.000000,299.000000,287.000000,True,HARD,4.000000,True,Williams,5037.651000,,1,13.000000,False,,False,True
2026,1,Australian Grand Prix,R,5207.415000,SAI,55,sainz,williams,84.940000,16.000000,2.000000,,,29.783000,18.143000,37.014000,5152.312000,5170.455000,5207.469000,263.000000,303.000000,296.000000,294.000000,False,HARD,5.000000,True,Williams,5122.475000,,1,12.000000,False,,False,True
2026,1,Australian Grand Prix,R,5292.566000,SAI,55,sainz,williams,85.151000,17.000000,2.000000,,,29.860000,18.235000,37.056000,5237.329000,5255.564000,5292.620000,265.000000,300.000000,290.000000,288.000000,False,HARD,6.000000,True,Williams,5207.415000,,1,12.000000,False,,False,True
2026,1,Australian Grand Prix,R,5395.386000,SAI,55,sainz,williams,102.820000,18.000000,2.000000,,,29.887000,27.055000,45.878000,5322.507000,5349.562000,5395.440000,262.000000,210.000000,209.000000,291.000000,False,HARD,7.000000,True,Williams,5292.566000,,126,12.000000,False,,False,False
2026,1,Australian Grand Prix,R,5505.466000,SAI,55,sainz,williams,110.080000,19.000000,2.000000,,,42.226000,23.719000,44.135000,5437.666000,5461.385000,5505.520000,221.000000,218.000000,303.000000,213.000000,False,HARD,8.000000,True,Williams,5395.386000,,671,12.000000,False,,False,False
2026,1,Australian Grand Prix,R,5590.860000,SAI,55,sainz,williams,85.394000,20.000000,2.000000,,,29.948000,18.238000,37.208000,5535.468000,5553.706000,5590.914000,263.000000,299.000000,294.000000,289.000000,False,HARD,9.000000,True,Williams,5505.466000,,1,12.000000,False,,False,True
2026,1,Australian Grand Prix,R,5676.269000,SAI,55,sainz,williams,85.409000,21.000000,2.000000,,,29.886000,18.212000,37.311000,5620.800000,5639.012000,5676.323000,266.000000,307.000000,290.000000,290.000000,False,HARD,10.000000,True,Williams,5590.860000,,1,12.000000,False,,False,True
2026,1,Australian Grand Prix,R,5761.639000,SAI,55,sainz,williams,85.370000,22.000000,2.000000,,,30.000000,18.143000,37.227000,5706.323000,5724.466000,5761.693000,264.000000,306.000000,297.000000,299.000000,False,HARD,11.000000,True,Williams,5676.269000,,1,12.000000,False,,False,True
2026,1,Australian Grand Prix,R,5847.239000,SAI,55,sainz,williams,85.600000,23.000000,2.000000,,,29.925000,18.230000,37.445000,5791.618000,5809.848000,5847.293000,264.000000,303.000000,295.000000,293.000000,False,HARD,12.000000,True,Williams,5761.639000,,1,12.000000,False,,False,True
2026,1,Australian Grand Prix,R,5932.943000,SAI,55,sainz,williams,85.704000,24.000000,2.000000,,,30.109000,18.234000,37.361000,5877.402000,5895.636000,5932.997000,257.000000,302.000000,293.000000,294.000000,False,HARD,13.000000,True,Williams,5847.239000,,1,12.000000,False,,False,True
2026,1,Australian Grand Prix,R,6019.065000,SAI,55,sainz,williams,86.122000,25.000000,2.000000,,,30.227000,18.286000,37.609000,5963.224000,5981.510000,6019.119000,264.000000,301.000000,295.000000,291.000000,False,HARD,14.000000,True,Williams,5932.943000,,1,12.000000,False,,False,True
2026,1,Australian Grand Prix,R,6105.206000,SAI,55,sainz,williams,86.141000,26.000000,2.000000,,,30.101000,18.471000,37.569000,6049.220000,6067.691000,6105.260000,264.000000,296.000000,295.000000,294.000000,False,HARD,15.000000,True,Williams,6019.065000,,1,12.000000,False,,False,True
2026,1,Australian Grand Prix,R,6191.330000,SAI,55,sainz,williams,86.124000,27.000000,2.000000,,,30.032000,18.344000,37.748000,6135.292000,6153.636000,6191.384000,261.000000,299.000000,294.000000,298.000000,False,HARD,16.000000,True,Williams,6105.206000,,1,12.000000,False,,False,True
2026,1,Australian Grand Prix,R,6278.126000,SAI,55,sainz,williams,86.796000,28.000000,2.000000,,,30.439000,18.438000,37.919000,6221.823000,6240.261000,6278.180000,257.000000,296.000000,292.000000,299.000000,False,HARD,17.000000,True,Williams,6191.330000,,1,12.000000,False,,False,True
2026,1,Australian Grand Prix,R,6366.175000,SAI,55,sainz,williams,88.049000,29.000000,2.000000,,,30.484000,18.443000,39.122000,6308.664000,6327.107000,6366.229000,254.000000,298.000000,296.000000,290.000000,False,HARD,18.000000,True,Williams,6278.126000,,1,13.000000,False,,False,True
2026,1,Australian Grand Prix,R,6453.270000,SAI,55,sainz,williams,87.095000,30.000000,2.000000,,,30.748000,18.308000,38.039000,6396.977000,6415.285000,6453.324000,250.000000,307.000000,294.000000,285.000000,False,HARD,19.000000,True,Williams,6366.175000,,1,13.000000,False,,False,True
2026,1,Australian Grand Prix,R,6539.909000,SAI,55,sainz,williams,86.639000,31.000000,2.000000,,,30.585000,18.197000,37.857000,6483.909000,6502.106000,6539.963000,253.000000,306.000000,297.000000,282.000000,False,HARD,20.000000,True,Williams,6453.270000,,1,13.000000,False,,False,True
2026,1,Australian Grand Prix,R,6627.295000,SAI,55,sainz,williams,87.386000,32.000000,2.000000,,,30.628000,18.361000,38.397000,6570.591000,6588.952000,6627.349000,251.000000,299.000000,294.000000,294.000000,False,HARD,21.000000,True,Williams,6539.909000,,1,13.000000,False,,False,True
2026,1,Australian Grand Prix,R,6747.156000,SAI,55,sainz,williams,119.861000,33.000000,2.000000,,6723.329000,30.606000,18.531000,70.724000,6657.955000,6676.486000,6747.210000,254.000000,261.000000,,289.000000,False,HARD,22.000000,True,Williams,6627.295000,,167,14.000000,False,,False,False
2026,1,Australian Grand Prix,R,6840.177000,SAI,55,sainz,williams,93.021000,34.000000,3.000000,6749.495000,,36.393000,18.189000,38.439000,6783.603000,6801.792000,6840.231000,250.000000,306.000000,304.000000,208.000000,False,MEDIUM,1.000000,True,Williams,6747.156000,,1,15.000000,False,,False,False
2026,1,Australian Grand Prix,R,6925.058000,SAI,55,sainz,williams,84.881000,35.000000,3.000000,,,29.725000,18.120000,37.036000,6869.956000,6888.076000,6925.112000,266.000000,303.000000,297.000000,295.000000,False,MEDIUM,2.000000,True,Williams,6840.177000,,1,15.000000,False,,False,True
2026,1,Australian Grand Prix,R,7009.862000,SAI,55,sainz,williams,84.804000,36.000000,3.000000,,,29.914000,18.070000,36.820000,6955.026000,6973.096000,7009.916000,262.000000,305.000000,300.000000,293.000000,True,MEDIUM,3.000000,True,Williams,6925.058000,,1,15.000000,False,,False,True
2026,1,Australian Grand Prix,R,7095.072000,SAI,55,sainz,williams,85.210000,37.000000,3.000000,,,29.697000,18.099000,37.414000,7039.613000,7057.712000,7095.126000,267.000000,307.000000,316.000000,296.000000,False,MEDIUM,4.000000,True,Williams,7009.862000,,1,15.000000,False,,False,True
2026,1,Australian Grand Prix,R,7182.277000,SAI,55,sainz,williams,87.205000,38.000000,3.000000,,,30.364000,18.312000,38.529000,7125.490000,7143.802000,7182.331000,253.000000,311.000000,299.000000,282.000000,False,MEDIUM,5.000000,True,Williams,7095.072000,,1,15.000000,False,,False,True
2026,1,Australian Grand Prix,R,7269.543000,SAI,55,sainz,williams,87.266000,39.000000,3.000000,,,30.213000,17.830000,39.223000,7212.544000,7230.374000,7269.597000,264.000000,311.000000,291.000000,289.000000,False,MEDIUM,6.000000,True,Williams,7182.277000,,1,15.000000,False,,False,True
2026,1,Australian Grand Prix,R,7355.765000,SAI,55,sainz,williams,86.222000,40.000000,3.000000,,,30.490000,17.986000,37.746000,7300.087000,7318.073000,7355.819000,267.000000,313.000000,310.000000,286.000000,False,MEDIUM,7.000000,True,Williams,7269.543000,,1,15.000000,False,,False,True
2026,1,Australian Grand Prix,R,7442.482000,SAI,55,sainz,williams,86.717000,41.000000,3.000000,,,30.627000,17.963000,38.127000,7386.446000,7404.409000,7442.536000,257.000000,319.000000,292.000000,287.000000,False,MEDIUM,8.000000,True,Williams,7355.765000,,1,15.000000,False,,False,True
2026,1,Australian Grand Prix,R,7527.843000,SAI,55,sainz,williams,85.361000,42.000000,3.000000,,,30.050000,17.960000,37.351000,7472.586000,7490.546000,7527.897000,260.000000,312.000000,293.000000,286.000000,False,MEDIUM,9.000000,True,Williams,7442.482000,,1,15.000000,False,,False,True
2026,1,Australian Grand Prix,R,7613.130000,SAI,55,sainz,williams,85.287000,43.000000,3.000000,,,30.117000,17.882000,37.288000,7558.014000,7575.896000,7613.184000,260.000000,313.000000,297.000000,295.000000,False,MEDIUM,10.000000,True,Williams,7527.843000,,1,15.000000,False,,False,True
2026,1,Australian Grand Prix,R,7698.659000,SAI,55,sainz,williams,85.529000,44.000000,3.000000,,,30.218000,18.005000,37.306000,7643.402000,7661.407000,7698.713000,259.000000,309.000000,298.000000,303.000000,False,MEDIUM,11.000000,True,Williams,7613.130000,,1,15.000000,False,,False,True
2026,1,Australian Grand Prix,R,7815.050000,SAI,55,sainz,williams,116.391000,45.000000,3.000000,,7782.506000,30.019000,18.045000,68.327000,7728.732000,7746.777000,7815.104000,260.000000,310.000000,,300.000000,False,MEDIUM,12.000000,True,Williams,7698.659000,,1,15.000000,False,,False,False
2026,1,Australian Grand Prix,R,7906.639000,SAI,55,sainz,williams,91.589000,46.000000,4.000000,7817.375000,,37.024000,18.112000,36.453000,7852.128000,7870.240000,7906.693000,269.000000,306.000000,301.000000,201.000000,False,SOFT,1.000000,True,Williams,7815.050000,,1,15.000000,False,,False,False
2026,1,Australian Grand Prix,R,8002.848000,SAI,55,sainz,williams,96.209000,47.000000,4.000000,,,29.270000,17.805000,49.134000,7935.963000,7953.768000,8002.902000,274.000000,319.000000,273.000000,304.000000,False,SOFT,2.000000,True,Williams,7906.639000,,1,15.000000,False,,False,True
2026,1,Australian Grand Prix,R,8087.825000,SAI,55,sainz,williams,84.977000,48.000000,4.000000,,,30.091000,18.142000,36.744000,8032.993000,8051.135000,8087.879000,259.000000,300.000000,285.000000,278.000000,False,SOFT,3.000000,True,Williams,8002.848000,,1,15.000000,False,,False,True
2026,1,Australian Grand Prix,R,8171.747000,SAI,55,sainz,williams,83.922000,49.000000,4.000000,,,29.343000,18.041000,36.538000,8117.222000,8135.263000,8171.801000,267.000000,300.000000,291.000000,293.000000,True,SOFT,4.000000,True,Williams,8087.825000,,1,15.000000,False,,False,True
2026,1,Australian Grand Prix,R,8255.347000,SAI,55,sainz,williams,83.600000,50.000000,4.000000,,,29.200000,17.936000,36.464000,8201.001000,8218.937000,8255.401000,271.000000,301.000000,294.000000,293.000000,True,SOFT,5.000000,True,Williams,8171.747000,,1,15.000000,False,,False,True
2026,1,Australian Grand Prix,R,8339.217000,SAI,55,sainz,williams,83.870000,51.000000,4.000000,,,29.442000,18.002000,36.426000,8284.843000,8302.845000,8339.271000,268.000000,302.000000,297.000000,290.000000,False,SOFT,6.000000,True,Williams,8255.347000,,1,15.000000,False,,False,True
2026,1,Australian Grand Prix,R,8422.807000,SAI,55,sainz,williams,83.590000,52.000000,4.000000,,,29.198000,18.018000,36.374000,8368.469000,8386.487000,8422.861000,270.000000,301.000000,296.000000,289.000000,True,SOFT,7.000000,True,Williams,8339.217000,,1,15.000000,False,,False,True
2026,1,Australian Grand Prix,R,8510.768000,SAI,55,sainz,williams,87.961000,53.000000,4.000000,,,33.135000,18.257000,36.569000,8455.996000,8474.253000,8510.822000,256.000000,301.000000,298.000000,293.000000,False,SOFT,8.000000,True,Williams,8422.807000,,1,15.000000,True,TRACK LIMITS AT TURN 3 LAP 53 ,False,True
2026,1,Australian Grand Prix,R,8595.034000,SAI,55,sainz,williams,84.266000,54.000000,4.000000,,,29.358000,18.216000,36.692000,8540.180000,8558.396000,8595.088000,271.000000,296.000000,292.000000,291.000000,False,SOFT,9.000000,True,Williams,8510.768000,,1,15.000000,False,,False,True
2026,1,Australian Grand Prix,R,8678.843000,SAI,55,sainz,williams,83.809000,55.000000,4.000000,,,29.303000,18.121000,36.385000,8624.391000,8642.512000,8678.897000,270.000000,295.000000,294.000000,287.000000,False,SOFT,10.000000,True,Williams,8595.034000,,1,15.000000,False,,False,True
2026,1,Australian Grand Prix,R,8763.666000,SAI,55,sainz,williams,84.823000,56.000000,4.000000,,,29.171000,18.860000,36.792000,8708.068000,8726.928000,8763.720000,272.000000,300.000000,295.000000,293.000000,False,SOFT,11.000000,True,Williams,8678.843000,,1,15.000000,False,,False,True
2026,1,Australian Grand Prix,R,3836.025000,HAD,6,hadjar,red_bull,96.046000,1.000000,1.000000,,,,18.486000,39.205000,,3797.065000,3836.275000,245.000000,288.000000,301.000000,216.000000,False,MEDIUM,1.000000,True,Red Bull Racing,3739.743000,,1,4.000000,False,,False,False
2026,1,Australian Grand Prix,R,3922.012000,HAD,6,hadjar,red_bull,85.987000,2.000000,1.000000,,,30.189000,18.684000,37.114000,3866.316000,3885.000000,3922.114000,239.000000,275.000000,306.000000,301.000000,True,MEDIUM,2.000000,True,Red Bull Racing,3836.025000,,1,4.000000,False,,False,True
2026,1,Australian Grand Prix,R,4007.568000,HAD,6,hadjar,red_bull,85.556000,3.000000,1.000000,,,30.094000,18.602000,36.860000,3952.208000,3970.810000,4007.670000,238.000000,276.000000,295.000000,294.000000,True,MEDIUM,3.000000,True,Red Bull Racing,3922.012000,,1,4.000000,False,,False,True
2026,1,Australian Grand Prix,R,4092.910000,HAD,6,hadjar,red_bull,85.342000,4.000000,1.000000,,,29.956000,18.801000,36.585000,4037.626000,4056.427000,4093.012000,247.000000,271.000000,296.000000,284.000000,True,MEDIUM,4.000000,True,Red Bull Racing,4007.568000,,1,4.000000,False,,False,True
2026,1,Australian Grand Prix,R,4178.265000,HAD,6,hadjar,red_bull,85.355000,5.000000,1.000000,,,30.182000,18.728000,36.445000,4123.194000,4141.922000,4178.367000,227.000000,273.000000,296.000000,302.000000,False,MEDIUM,5.000000,True,Red Bull Racing,4092.910000,,1,4.000000,False,,False,True
2026,1,Australian Grand Prix,R,4264.144000,HAD,6,hadjar,red_bull,85.879000,6.000000,1.000000,,,29.869000,18.771000,37.239000,4208.236000,4227.007000,4264.246000,235.000000,270.000000,299.000000,294.000000,False,MEDIUM,6.000000,True,Red Bull Racing,4178.265000,,1,5.000000,False,,False,True
2026,1,Australian Grand Prix,R,4349.589000,HAD,6,hadjar,red_bull,85.445000,7.000000,1.000000,,,30.330000,18.575000,36.540000,4294.576000,4313.151000,4349.691000,226.000000,278.000000,299.000000,289.000000,False,MEDIUM,7.000000,True,Red Bull Racing,4264.144000,,1,5.000000,False,,False,True
2026,1,Australian Grand Prix,R,4434.902000,HAD,6,hadjar,red_bull,85.313000,8.000000,1.000000,,,30.016000,18.842000,36.455000,4379.707000,4398.549000,4435.004000,228.000000,270.000000,298.000000,297.000000,True,MEDIUM,8.000000,True,Red Bull Racing,4349.589000,,1,5.000000,False,,False,True
2026,1,Australian Grand Prix,R,4520.141000,HAD,6,hadjar,red_bull,85.239000,9.000000,1.000000,,,29.867000,18.795000,36.577000,4464.871000,4483.666000,4520.243000,237.000000,268.000000,298.000000,293.000000,True,MEDIUM,9.000000,True,Red Bull Racing,4434.902000,,1,5.000000,False,,False,True
2026,1,Australian Grand Prix,R,4605.504000,HAD,6,hadjar,red_bull,85.363000,10.000000,1.000000,,,29.916000,18.845000,36.602000,4550.159000,4569.004000,4605.606000,238.000000,267.000000,295.000000,288.000000,False,MEDIUM,10.000000,True,Red Bull Racing,4520.141000,,1,5.000000,False,,False,True
2026,1,Australian Grand Prix,R,4755.504000,HAD,6,hadjar,red_bull,,11.000000,1.000000,,,,,,,,,,,,,,MEDIUM,11.000000,True,Red Bull Racing,4605.504000,,16,,False,,True,False
2026,1,Australian Grand Prix,R,3832.673000,RUS,63,russell,mercedes,92.694000,1.000000,1.000000,,,,18.344000,36.548000,,3796.422000,3832.856000,240.000000,288.000000,291.000000,234.000000,False,MEDIUM,1.000000,True,Mercedes,3739.743000,,1,2.000000,False,,False,False
2026,1,Australian Grand Prix,R,3917.680000,RUS,63,russell,mercedes,85.007000,2.000000,1.000000,,,29.753000,17.841000,37.413000,3862.530000,3880.371000,3917.784000,259.000000,273.000000,290.000000,273.000000,True,MEDIUM,2.000000,True,Mercedes,3832.673000,,1,1.000000,False,,False,True
2026,1,Australian Grand Prix,R,4004.124000,RUS,63,russell,mercedes,86.444000,3.000000,1.000000,,,29.845000,18.533000,38.066000,3947.629000,3966.162000,4004.228000,269.000000,289.000000,286.000000,264.000000,False,MEDIUM,3.000000,True,Mercedes,3917.680000,,1,2.000000,False,,False,True
2026,1,Australian Grand Prix,R,4088.913000,RUS,63,russell,mercedes,84.789000,4.000000,1.000000,,,29.949000,17.802000,37.038000,4034.177000,4051.979000,4089.017000,269.000000,286.000000,298.000000,271.000000,True,MEDIUM,4.000000,True,Mercedes,4004.124000,,1,2.000000,False,,False,True
2026,1,Australian Grand Prix,R,4172.930000,RUS,63,russell,mercedes,84.017000,5.000000,1.000000,,,29.636000,17.848000,36.533000,4118.653000,4136.501000,4173.034000,264.000000,305.000000,296.000000,291.000000,True,MEDIUM,5.000000,True,Mercedes,4088.913000,,1,2.000000,False,,False,True
2026,1,Australian Grand Prix,R,4257.569000,RUS,63,russell,mercedes,84.639000,6.000000,1.000000,,,29.498000,17.709000,37.432000,4202.532000,4220.241000,4257.673000,263.000000,291.000000,314.000000,298.000000,False,MEDIUM,6.000000,True,Mercedes,4172.930000,,1,2.000000,False,,False,True
2026,1,Australian Grand Prix,R,4341.668000,RUS,63,russell,mercedes,84.099000,7.000000,1.000000,,,29.617000,18.059000,36.423000,4287.290000,4305.349000,4341.772000,263.000000,288.000000,307.000000,285.000000,False,MEDIUM,7.000000,True,Mercedes,4257.569000,,1,2.000000,False,,False,True
2026,1,Australian Grand Prix,R,4426.858000,RUS,63,russell,mercedes,85.190000,8.000000,1.000000,,,29.435000,18.391000,37.364000,4371.207000,4389.598000,4426.962000,258.000000,287.000000,316.000000,301.000000,False,MEDIUM,8.000000,True,Mercedes,4341.668000,,1,2.000000,False,,False,True
2026,1,Australian Grand Prix,R,4512.836000,RUS,63,russell,mercedes,85.978000,9.000000,1.000000,,,31.313000,18.163000,36.502000,4458.275000,4476.438000,4512.940000,258.000000,280.000000,304.000000,298.000000,False,MEDIUM,9.000000,True,Mercedes,4426.858000,,1,2.000000,False,,False,True
2026,1,Australian Grand Prix,R,4596.948000,RUS,63,russell,mercedes,84.112000,10.000000,1.000000,,,29.655000,18.171000,36.286000,4542.595000,4560.766000,4597.052000,261.000000,291.000000,307.000000,289.000000,False,MEDIUM,10.000000,True,Mercedes,4512.836000,,1,2.000000,False,,False,True
2026,1,Australian Grand Prix,R,4680.915000,RUS,63,russell,mercedes,83.967000,11.000000,1.000000,,,29.442000,18.107000,36.418000,4626.494000,4644.601000,4681.019000,265.000000,301.000000,305.000000,305.000000,True,MEDIUM,11.000000,True,Mercedes,4596.948000,,1,2.000000,False,,False,True
2026,1,Australian Grand Prix,R,4806.855000,RUS,63,russell,mercedes,125.940000,12.000000,1.000000,,4791.153000,40.129000,29.038000,56.773000,4721.148000,4750.186000,4806.959000,243.000000,149.000000,,279.000000,False,MEDIUM,12.000000,True,Mercedes,4680.915000,,16,3.000000,False,,False,False
2026,1,Australian Grand Prix,R,4924.514000,RUS,63,russell,mercedes,117.659000,13.000000,2.000000,4809.298000,,42.643000,28.724000,46.292000,4849.602000,4878.326000,4924.618000,158.000000,141.000000,218.000000,215.000000,False,HARD,1.000000,True,Mercedes,4806.855000,,67,3.000000,False,,False,False
2026,1,Australian Grand Prix,R,5011.608000,RUS,63,russell,mercedes,87.094000,14.000000,2.000000,,,32.616000,18.054000,36.424000,4957.234000,4975.288000,5011.712000,267.000000,296.000000,281.000000,187.000000,False,HARD,2.000000,True,Mercedes,4924.514000,,71,3.000000,False,,False,False
2026,1,Australian Grand Prix,R,5094.433000,RUS,63,russell,mercedes,82.825000,15.000000,2.000000,,,29.080000,17.746000,35.999000,5040.792000,5058.538000,5094.537000,263.000000,300.000000,283.000000,291.000000,True,HARD,3.000000,True,Mercedes,5011.608000,,1,3.000000,False,,False,True
2026,1,Australian Grand Prix,R,5177.356000,RUS,63,russell,mercedes,82.923000,16.000000,2.000000,,,29.106000,17.699000,36.118000,5123.643000,5141.342000,5177.460000,261.000000,302.000000,289.000000,290.000000,False,HARD,4.000000,True,Mercedes,5094.433000,,1,3.000000,False,,False,True
2026,1,Australian Grand Prix,R,5260.121000,RUS,63,russell,mercedes,82.765000,17.000000,2.000000,,,29.085000,17.750000,35.930000,5206.545000,5224.295000,5260.225000,259.000000,302.000000,292.000000,298.000000,True,HARD,5.000000,True,Mercedes,5177.356000,,1,3.000000,False,,False,True
2026,1,Australian Grand Prix,R,5349.100000,RUS,63,russell,mercedes,88.979000,18.000000,2.000000,,,29.523000,17.783000,41.673000,5289.748000,5307.531000,5349.204000,262.000000,302.000000,273.000000,294.000000,False,HARD,6.000000,True,Mercedes,5260.121000,,126,3.000000,False,,False,False
2026,1,Australian Grand Prix,R,5464.357000,RUS,63,russell,mercedes,115.257000,19.000000,2.000000,,,39.873000,26.221000,49.163000,5389.077000,5415.298000,5464.461000,200.000000,153.000000,113.000000,144.000000,False,HARD,7.000000,True,Mercedes,5349.100000,,6,3.000000,False,,False,False
2026,1,Australian Grand Prix,R,5555.293000,RUS,63,russell,mercedes,90.936000,20.000000,2.000000,,,37.085000,17.866000,35.985000,5501.546000,5519.412000,5555.397000,259.000000,301.000000,296.000000,239.000000,False,HARD,8.000000,True,Mercedes,5464.357000,,671,3.000000,False,,False,False
2026,1,Australian Grand Prix,R,5637.963000,RUS,63,russell,mercedes,82.670000,21.000000,2.000000,,,28.979000,17.717000,35.974000,5584.376000,5602.093000,5638.067000,260.000000,309.000000,296.000000,299.000000,True,HARD,9.000000,True,Mercedes,5555.293000,,1,3.000000,False,,False,True
2026,1,Australian Grand Prix,R,5720.855000,RUS,63,russell,mercedes,82.892000,22.000000,2.000000,,,29.065000,17.777000,36.050000,5667.132000,5684.909000,5720.959000,263.000000,303.000000,295.000000,295.000000,False,HARD,10.000000,True,Mercedes,5637.963000,,1,3.000000,False,,False,True
2026,1,Australian Grand Prix,R,5803.683000,RUS,63,russell,mercedes,82.828000,23.000000,2.000000,,,28.915000,17.696000,36.217000,5749.874000,5767.570000,5803.787000,268.000000,306.000000,297.000000,298.000000,False,HARD,11.000000,True,Mercedes,5720.855000,,1,3.000000,False,,False,True
2026,1,Australian Grand Prix,R,5887.149000,RUS,63,russell,mercedes,83.466000,24.000000,2.000000,,,29.631000,17.798000,36.037000,5833.418000,5851.216000,5887.253000,271.000000,302.000000,295.000000,268.000000,False,HARD,12.000000,True,Mercedes,5803.683000,,1,3.000000,False,,False,True
2026,1,Australian Grand Prix,R,5970.028000,RUS,63,russell,mercedes,82.879000,25.000000,2.000000,,,28.936000,17.717000,36.226000,5916.189000,5933.906000,5970.132000,273.000000,303.000000,299.000000,301.000000,False,HARD,13.000000,True,Mercedes,5887.149000,,1,2.000000,False,,False,True
2026,1,Australian Grand Prix,R,6053.121000,RUS,63,russell,mercedes,83.093000,26.000000,2.000000,,,29.058000,17.797000,36.238000,5999.190000,6016.987000,6053.225000,273.000000,303.000000,295.000000,305.000000,False,HARD,14.000000,True,Mercedes,5970.028000,,1,2.000000,False,,False,True
2026,1,Australian Grand Prix,R,6136.309000,RUS,63,russell,mercedes,83.188000,27.000000,2.000000,,,29.123000,17.719000,36.346000,6082.348000,6100.067000,6136.413000,272.000000,306.000000,299.000000,302.000000,False,HARD,15.000000,True,Mercedes,6053.121000,,1,2.000000,False,,False,True
2026,1,Australian Grand Prix,R,6219.699000,RUS,63,russell,mercedes,83.390000,28.000000,2.000000,,,28.857000,17.643000,36.890000,6165.270000,6182.913000,6219.803000,275.000000,304.000000,311.000000,301.000000,False,HARD,16.000000,True,Mercedes,6136.309000,,1,1.000000,False,,False,True
2026,1,Australian Grand Prix,R,6303.185000,RUS,63,russell,mercedes,83.486000,29.000000,2.000000,,,29.066000,18.031000,36.389000,6248.869000,6266.900000,6303.289000,270.000000,301.000000,294.000000,321.000000,False,HARD,17.000000,True,Mercedes,6219.699000,,1,1.000000,False,,False,True
2026,1,Australian Grand Prix,R,6386.457000,RUS,63,russell,mercedes,83.272000,30.000000,2.000000,,,29.204000,17.788000,36.280000,6332.493000,6350.281000,6386.561000,267.000000,303.000000,293.000000,288.000000,False,HARD,18.000000,True,Mercedes,6303.185000,,1,1.000000,False,,False,True
2026,1,Australian Grand Prix,R,6469.604000,RUS,63,russell,mercedes,83.147000,31.000000,2.000000,,,29.132000,17.699000,36.316000,6415.693000,6433.392000,6469.708000,271.000000,308.000000,299.000000,296.000000,False,HARD,19.000000,True,Mercedes,6386.457000,,1,1.000000,False,,False,True
2026,1,Australian Grand Prix,R,6553.144000,RUS,63,russell,mercedes,83.540000,32.000000,2.000000,,,29.174000,17.728000,36.638000,6498.882000,6516.610000,6553.248000,274.000000,308.000000,293.000000,303.000000,False,HARD,20.000000,True,Mercedes,6469.604000,,1,1.000000,False,,False,True
2026,1,Australian Grand Prix,R,6636.982000,RUS,63,russell,mercedes,83.838000,33.000000,2.000000,,,29.242000,17.777000,36.819000,6582.490000,6600.267000,6637.086000,274.000000,300.000000,292.000000,301.000000,False,HARD,21.000000,True,Mercedes,6553.144000,,1,1.000000,False,,False,True
2026,1,Australian Grand Prix,R,6734.574000,RUS,63,russell,mercedes,97.592000,34.000000,2.000000,,,29.314000,25.319000,42.959000,6666.400000,6691.719000,6734.678000,260.000000,138.000000,300.000000,296.000000,False,HARD,22.000000,True,Mercedes,6636.982000,,167,1.000000,False,,False,False
2026,1,Australian Grand Prix,R,6817.591000,RUS,63,russell,mercedes,83.017000,35.000000,2.000000,,,29.314000,17.824000,35.879000,,6781.816000,6817.695000,260.000000,299.000000,296.000000,302.000000,False,HARD,23.000000,True,Mercedes,6734.574000,,1,1.000000,False,,False,True
2026,1,Australian Grand Prix,R,6900.320000,RUS,63,russell,mercedes,82.729000,36.000000,2.000000,,,29.079000,17.753000,35.897000,6846.774000,6864.527000,6900.424000,256.000000,299.000000,293.000000,300.000000,False,HARD,24.000000,True,Mercedes,6817.591000,,1,1.000000,False,,False,True
2026,1,Australian Grand Prix,R,6983.159000,RUS,63,russell,mercedes,82.839000,37.000000,2.000000,,,29.197000,17.745000,35.897000,6929.621000,6947.366000,6983.263000,256.000000,299.000000,298.000000,295.000000,False,HARD,25.000000,True,Mercedes,6900.320000,,1,1.000000,False,,False,True
2026,1,Australian Grand Prix,R,7066.022000,RUS,63,russell,mercedes,82.863000,38.000000,2.000000,,,29.211000,17.790000,35.862000,7012.474000,7030.264000,7066.126000,255.000000,300.000000,300.000000,296.000000,False,HARD,26.000000,True,Mercedes,6983.159000,,1,1.000000,False,,False,True
2026,1,Australian Grand Prix,R,7148.760000,RUS,63,russell,mercedes,82.738000,39.000000,2.000000,,,29.102000,17.664000,35.972000,7095.228000,7112.892000,7148.864000,257.000000,302.000000,300.000000,299.000000,False,HARD,27.000000,True,Mercedes,7066.022000,,1,1.000000,False,,False,True
2026,1,Australian Grand Prix,R,7231.675000,RUS,63,russell,mercedes,82.915000,40.000000,2.000000,,,29.172000,17.651000,36.092000,7178.036000,7195.687000,7231.779000,257.000000,304.000000,300.000000,300.000000,False,HARD,28.000000,True,Mercedes,7148.760000,,1,1.000000,False,,False,True
2026,1,Australian Grand Prix,R,7314.748000,RUS,63,russell,mercedes,83.073000,41.000000,2.000000,,,29.173000,17.609000,36.291000,7260.952000,7278.561000,7314.852000,260.000000,305.000000,303.000000,303.000000,False,HARD,29.000000,True,Mercedes,7231.675000,,1,1.000000,False,,False,True
2026,1,Australian Grand Prix,R,7397.802000,RUS,63,russell,mercedes,83.054000,42.000000,2.000000,,,29.325000,17.652000,36.077000,7344.177000,7361.829000,7397.906000,261.000000,304.000000,298.000000,305.000000,False,HARD,30.000000,True,Mercedes,7314.748000,,1,1.000000,False,,False,True
2026,1,Australian Grand Prix,R,7480.695000,RUS,63,russell,mercedes,82.893000,43.000000,2.000000,,,29.111000,17.575000,36.207000,7427.017000,7444.592000,7480.799000,258.000000,306.000000,301.000000,300.000000,False,HARD,31.000000,True,Mercedes,7397.802000,,1,1.000000,False,,False,True
2026,1,Australian Grand Prix,R,7563.551000,RUS,63,russell,mercedes,82.856000,44.000000,2.000000,,,29.170000,17.585000,36.101000,7509.969000,7527.554000,7563.655000,260.000000,307.000000,301.000000,304.000000,False,HARD,32.000000,True,Mercedes,7480.695000,,1,1.000000,False,,False,True
2026,1,Australian Grand Prix,R,7647.028000,RUS,63,russell,mercedes,83.477000,45.000000,2.000000,,,29.305000,17.512000,36.660000,7592.960000,7610.472000,7647.132000,262.000000,312.000000,305.000000,304.000000,False,HARD,33.000000,True,Mercedes,7563.551000,,1,1.000000,False,,False,True
2026,1,Australian Grand Prix,R,7730.779000,RUS,63,russell,mercedes,83.751000,46.000000,2.000000,,,29.348000,18.049000,36.354000,7676.480000,7694.529000,7730.883000,269.000000,304.000000,297.000000,306.000000,False,HARD,34.000000,True,Mercedes,7647.028000,,1,1.000000,False,,False,True
2026,1,Australian Grand Prix,R,7813.812000,RUS,63,russell,mercedes,83.033000,47.000000,2.000000,,,29.286000,17.617000,36.130000,7760.169000,7777.786000,7813.916000,263.000000,303.000000,295.000000,302.000000,False,HARD,35.000000,True,Mercedes,7730.779000,,1,1.000000,False,,False,True
2026,1,Australian Grand Prix,R,7896.846000,RUS,63,russell,mercedes,83.034000,48.000000,2.000000,,,29.180000,17.596000,36.258000,7843.096000,7860.692000,7896.950000,260.000000,304.000000,300.000000,302.000000,False,HARD,36.000000,True,Mercedes,7813.812000,,1,1.000000,False,,False,True
2026,1,Australian Grand Prix,R,7979.690000,RUS,63,russell,mercedes,82.844000,49.000000,2.000000,,,29.104000,17.537000,36.203000,7926.054000,7943.591000,7979.794000,260.000000,308.000000,304.000000,304.000000,False,HARD,37.000000,True,Mercedes,7896.846000,,1,1.000000,False,,False,True
2026,1,Australian Grand Prix,R,8062.777000,RUS,63,russell,mercedes,83.087000,50.000000,2.000000,,,29.182000,17.631000,36.274000,8008.976000,8026.607000,8062.881000,262.000000,305.000000,300.000000,306.000000,False,HARD,38.000000,True,Mercedes,7979.690000,,1,1.000000,False,,False,True
2026,1,Australian Grand Prix,R,8145.539000,RUS,63,russell,mercedes,82.762000,51.000000,2.000000,,,29.204000,17.493000,36.065000,8092.085000,8109.578000,8145.643000,263.000000,310.000000,306.000000,306.000000,False,HARD,39.000000,True,Mercedes,8062.777000,,1,1.000000,False,,False,True
2026,1,Australian Grand Prix,R,8228.645000,RUS,63,russell,mercedes,83.106000,52.000000,2.000000,,,29.323000,17.606000,36.177000,8174.966000,8192.572000,8228.749000,262.000000,313.000000,305.000000,309.000000,False,HARD,40.000000,True,Mercedes,8145.539000,,1,1.000000,False,,False,True
2026,1,Australian Grand Prix,R,8311.714000,RUS,63,russell,mercedes,83.069000,53.000000,2.000000,,,29.144000,17.461000,36.464000,8257.893000,8275.354000,8311.818000,263.000000,309.000000,305.000000,309.000000,False,HARD,41.000000,True,Mercedes,8228.645000,,1,1.000000,False,,False,True
2026,1,Australian Grand Prix,R,8394.814000,RUS,63,russell,mercedes,83.100000,54.000000,2.000000,,,29.272000,17.560000,36.268000,8341.090000,8358.650000,8394.918000,266.000000,307.000000,302.000000,295.000000,False,HARD,42.000000,True,Mercedes,8311.714000,,1,1.000000,False,,False,True
2026,1,Australian Grand Prix,R,8477.484000,RUS,63,russell,mercedes,82.670000,55.000000,2.000000,,,29.116000,17.549000,36.005000,8424.034000,8441.583000,8477.588000,262.000000,305.000000,301.000000,307.000000,False,HARD,43.000000,True,Mercedes,8394.814000,,1,1.000000,False,,False,True
2026,1,Australian Grand Prix,R,8560.241000,RUS,63,russell,mercedes,82.757000,56.000000,2.000000,,,29.134000,17.535000,36.088000,8506.722000,8524.257000,8560.345000,260.000000,308.000000,305.000000,306.000000,False,HARD,44.000000,True,Mercedes,8477.484000,,1,1.000000,False,,False,True
2026,1,Australian Grand Prix,R,8643.429000,RUS,63,russell,mercedes,83.188000,57.000000,2.000000,,,29.225000,17.458000,36.505000,8589.570000,8607.028000,8643.533000,263.000000,312.000000,301.000000,307.000000,False,HARD,45.000000,True,Mercedes,8560.241000,,1,1.000000,False,,False,True
2026,1,Australian Grand Prix,R,8726.780000,RUS,63,russell,mercedes,83.351000,58.000000,2.000000,,,29.312000,17.630000,36.409000,8672.845000,8690.475000,8726.884000,261.000000,302.000000,300.000000,301.000000,False,HARD,46.000000,True,Mercedes,8643.429000,,1,1.000000,False,,False,True
2026,1,Australian Grand Prix,R,3840.829000,BOT,77,bottas,cadillac,100.850000,1.000000,1.000000,,,,19.068000,39.739000,,3802.163000,3841.003000,222.000000,291.000000,283.000000,209.000000,False,HARD,1.000000,True,Cadillac,3739.743000,,1,15.000000,False,,False,False
2026,1,Australian Grand Prix,R,3930.981000,BOT,77,bottas,cadillac,90.152000,2.000000,1.000000,,,31.409000,18.420000,40.323000,3872.335000,3890.755000,3931.078000,270.000000,286.000000,304.000000,271.000000,True,HARD,2.000000,True,Cadillac,3840.829000,,1,18.000000,False,,False,True
2026,1,Australian Grand Prix,R,4020.200000,BOT,77,bottas,cadillac,89.219000,3.000000,1.000000,,,31.489000,18.720000,39.010000,3962.567000,3981.287000,4020.297000,252.000000,296.000000,298.000000,250.000000,True,HARD,3.000000,True,Cadillac,3930.981000,,1,19.000000,False,,False,True
2026,1,Australian Grand Prix,R,4108.257000,BOT,77,bottas,cadillac,88.057000,4.000000,1.000000,,,31.136000,18.765000,38.156000,4051.433000,4070.198000,4108.354000,244.000000,292.000000,301.000000,267.000000,True,HARD,4.000000,True,Cadillac,4020.200000,,1,19.000000,False,,False,True
2026,1,Australian Grand Prix,R,4195.995000,BOT,77,bottas,cadillac,87.738000,5.000000,1.000000,,,31.043000,18.319000,38.376000,4139.397000,4157.716000,4196.092000,252.000000,301.000000,291.000000,282.000000,True,HARD,5.000000,True,Cadillac,4108.257000,,1,19.000000,False,,False,True
2026,1,Australian Grand Prix,R,4283.799000,BOT,77,bottas,cadillac,87.804000,6.000000,1.000000,,,31.064000,18.361000,38.379000,4227.156000,4245.517000,4283.896000,255.000000,297.000000,284.000000,286.000000,False,HARD,6.000000,True,Cadillac,4195.995000,,1,19.000000,False,,False,True
2026,1,Australian Grand Prix,R,4371.256000,BOT,77,bottas,cadillac,87.457000,7.000000,1.000000,,,30.778000,18.242000,38.437000,4314.674000,4332.916000,4371.353000,261.000000,301.000000,283.000000,282.000000,True,HARD,7.000000,True,Cadillac,4283.799000,,1,19.000000,False,,False,True
2026,1,Australian Grand Prix,R,4458.620000,BOT,77,bottas,cadillac,87.364000,8.000000,1.000000,,,30.990000,18.033000,38.341000,4402.343000,4420.376000,4458.717000,256.000000,304.000000,296.000000,283.000000,True,HARD,8.000000,True,Cadillac,4371.256000,,1,19.000000,False,,False,True
2026,1,Australian Grand Prix,R,4546.299000,BOT,77,bottas,cadillac,87.679000,9.000000,1.000000,,,31.159000,18.191000,38.329000,4489.876000,4508.067000,4546.396000,255.000000,304.000000,295.000000,289.000000,False,HARD,9.000000,True,Cadillac,4458.620000,,1,18.000000,False,,False,True
2026,1,Australian Grand Prix,R,4633.960000,BOT,77,bottas,cadillac,87.661000,10.000000,1.000000,,,31.044000,18.182000,38.435000,4577.440000,4595.622000,4634.057000,255.000000,304.000000,283.000000,291.000000,False,HARD,10.000000,True,Cadillac,4546.299000,,1,18.000000,False,,False,True
2026,1,Australian Grand Prix,R,4733.018000,BOT,77,bottas,cadillac,99.058000,11.000000,1.000000,,,31.235000,18.158000,49.665000,4665.292000,4683.450000,4733.115000,255.000000,302.000000,214.000000,281.000000,False,HARD,11.000000,True,Cadillac,4633.960000,,16,15.000000,False,,False,False
2026,1,Australian Grand Prix,R,4925.068000,BOT,77,bottas,cadillac,,12.000000,1.000000,,4896.868000,46.720000,45.988000,99.334000,4779.978000,4825.982000,4925.224000,77.000000,114.000000,,199.000000,False,HARD,12.000000,True,Cadillac,4733.018000,,67,19.000000,False,,False,False
2026,1,Australian Grand Prix,R,5029.179000,BOT,77,bottas,cadillac,104.111000,13.000000,2.000000,4927.555000,,43.535000,19.556000,41.020000,4968.700000,4988.256000,5029.276000,242.000000,308.000000,284.000000,175.000000,False,HARD,13.000000,False,Cadillac,4925.068000,,71,18.000000,False,,False,False
2026,1,Australian Grand Prix,R,5120.568000,BOT,77,bottas,cadillac,91.389000,14.000000,2.000000,,,33.091000,18.948000,39.350000,5062.367000,5081.315000,5120.665000,246.000000,301.000000,279.000000,275.000000,False,HARD,14.000000,False,Cadillac,5029.179000,,1,18.000000,False,,False,True
2026,1,Australian Grand Prix,R,5211.898000,BOT,77,bottas,cadillac,91.330000,15.000000,2.000000,,,34.194000,18.205000,38.931000,5154.859000,5173.064000,5211.995000,250.000000,309.000000,289.000000,274.000000,False,HARD,15.000000,False,Cadillac,5120.568000,,1,18.000000,False,,False,True
2026,1,Australian Grand Prix,R,5361.898000,BOT,77,bottas,cadillac,,16.000000,2.000000,,,,,,,,,,,,,,HARD,16.000000,False,Cadillac,5211.898000,,126,,False,,True,False
2026,1,Australian Grand Prix,R,3839.810000,BEA,87,bearman,haas,99.765000,1.000000,1.000000,,,,19.072000,38.855000,,3801.779000,3839.883000,212.000000,293.000000,314.000000,206.000000,False,MEDIUM,1.000000,True,Haas F1 Team,3739.743000,,1,14.000000,False,,False,False
2026,1,Australian Grand Prix,R,3927.131000,BEA,87,bearman,haas,87.321000,2.000000,1.000000,,,31.318000,17.972000,38.031000,3871.160000,3889.132000,3927.163000,243.000000,287.000000,318.000000,251.000000,True,MEDIUM,2.000000,True,Haas F1 Team,3839.810000,,1,12.000000,False,,False,True
2026,1,Australian Grand Prix,R,4013.515000,BEA,87,bearman,haas,86.384000,3.000000,1.000000,,,30.808000,17.827000,37.749000,3957.971000,3975.798000,4013.547000,260.000000,303.000000,286.000000,264.000000,True,MEDIUM,3.000000,True,Haas F1 Team,3927.131000,,1,11.000000,False,,False,True
2026,1,Australian Grand Prix,R,4099.435000,BEA,87,bearman,haas,85.920000,4.000000,1.000000,,,30.862000,17.971000,37.087000,4044.409000,4062.380000,4099.467000,259.000000,306.000000,303.000000,260.000000,True,MEDIUM,4.000000,True,Haas F1 Team,4013.515000,,1,11.000000,False,,False,True
2026,1,Australian Grand Prix,R,4185.438000,BEA,87,bearman,haas,86.003000,5.000000,1.000000,,,30.282000,17.787000,37.934000,4129.749000,4147.536000,4185.470000,265.000000,309.000000,303.000000,284.000000,False,MEDIUM,5.000000,True,Haas F1 Team,4099.435000,,1,11.000000,False,,False,True
2026,1,Australian Grand Prix,R,4271.407000,BEA,87,bearman,haas,85.969000,6.000000,1.000000,,,30.460000,17.915000,37.594000,4215.930000,4233.845000,4271.439000,259.000000,306.000000,295.000000,278.000000,False,MEDIUM,6.000000,True,Haas F1 Team,4185.438000,,1,10.000000,False,,False,True
2026,1,Australian Grand Prix,R,4356.602000,BEA,87,bearman,haas,85.195000,7.000000,1.000000,,,30.059000,17.825000,37.311000,4301.498000,4319.323000,4356.634000,265.000000,307.000000,300.000000,280.000000,True,MEDIUM,7.000000,True,Haas F1 Team,4271.407000,,1,10.000000,False,,False,True
2026,1,Australian Grand Prix,R,4442.648000,BEA,87,bearman,haas,86.046000,8.000000,1.000000,,,30.659000,17.882000,37.505000,4387.293000,4405.175000,4442.680000,266.000000,299.000000,304.000000,285.000000,False,MEDIUM,8.000000,True,Haas F1 Team,4356.602000,,1,11.000000,False,,False,True
2026,1,Australian Grand Prix,R,4528.045000,BEA,87,bearman,haas,85.397000,9.000000,1.000000,,,30.278000,17.817000,37.302000,4472.958000,4490.775000,4528.077000,266.000000,307.000000,298.000000,294.000000,False,MEDIUM,9.000000,True,Haas F1 Team,4442.648000,,1,11.000000,False,,False,True
2026,1,Australian Grand Prix,R,4613.713000,BEA,87,bearman,haas,85.668000,10.000000,1.000000,,,30.297000,18.010000,37.361000,4558.374000,4576.384000,4613.745000,264.000000,302.000000,296.000000,289.000000,False,MEDIUM,10.000000,True,Haas F1 Team,4528.045000,,1,11.000000,False,,False,True
2026,1,Australian Grand Prix,R,4705.116000,BEA,87,bearman,haas,91.403000,11.000000,1.000000,,,30.208000,17.831000,43.364000,4643.953000,4661.784000,4705.148000,262.000000,308.000000,245.000000,289.000000,False,MEDIUM,11.000000,True,Haas F1 Team,4613.713000,,16,7.000000,False,,False,False
2026,1,Australian Grand Prix,R,4820.155000,BEA,87,bearman,haas,115.039000,12.000000,1.000000,,,40.352000,27.394000,47.293000,4745.500000,4772.894000,4820.187000,184.000000,145.000000,233.000000,215.000000,False,MEDIUM,12.000000,True,Haas F1 Team,4705.116000,,6,7.000000,False,,False,False
2026,1,Australian Grand Prix,R,4933.938000,BEA,87,bearman,haas,113.783000,13.000000,1.000000,,,40.159000,28.270000,45.354000,4860.346000,4888.616000,4933.970000,206.000000,139.000000,247.000000,197.000000,False,MEDIUM,13.000000,True,Haas F1 Team,4820.155000,,671,7.000000,False,,False,False
2026,1,Australian Grand Prix,R,5019.566000,BEA,87,bearman,haas,85.628000,14.000000,1.000000,,,30.797000,17.889000,36.942000,4964.767000,4982.656000,5019.598000,268.000000,300.000000,294.000000,270.000000,False,MEDIUM,14.000000,True,Haas F1 Team,4933.938000,,1,7.000000,False,,False,True
2026,1,Australian Grand Prix,R,5104.128000,BEA,87,bearman,haas,84.562000,15.000000,1.000000,,,29.899000,17.900000,36.763000,5049.497000,5067.397000,5104.160000,265.000000,300.000000,294.000000,289.000000,True,MEDIUM,15.000000,True,Haas F1 Team,5019.566000,,1,7.000000,False,,False,True
2026,1,Australian Grand Prix,R,5188.691000,BEA,87,bearman,haas,84.563000,16.000000,1.000000,,,29.989000,17.862000,36.712000,5134.149000,5152.011000,5188.723000,265.000000,297.000000,296.000000,288.000000,False,MEDIUM,16.000000,True,Haas F1 Team,5104.128000,,1,7.000000,False,,False,True
2026,1,Australian Grand Prix,R,5273.498000,BEA,87,bearman,haas,84.807000,17.000000,1.000000,,,29.903000,17.864000,37.040000,5218.626000,5236.490000,5273.530000,266.000000,300.000000,297.000000,295.000000,False,MEDIUM,17.000000,True,Haas F1 Team,5188.691000,,1,7.000000,False,,False,True
2026,1,Australian Grand Prix,R,5381.102000,BEA,87,bearman,haas,107.604000,18.000000,1.000000,,5364.359000,29.941000,17.901000,59.762000,5303.471000,5321.372000,5381.134000,266.000000,297.000000,,298.000000,False,MEDIUM,18.000000,True,Haas F1 Team,5273.498000,,126,8.000000,False,,False,False
2026,1,Australian Grand Prix,R,5497.779000,BEA,87,bearman,haas,116.677000,19.000000,2.000000,5383.478000,,43.316000,26.017000,47.344000,5424.450000,5450.467000,5497.811000,205.000000,223.000000,297.000000,192.000000,False,HARD,1.000000,True,Haas F1 Team,5381.102000,,671,8.000000,False,,False,False
2026,1,Australian Grand Prix,R,5582.965000,BEA,87,bearman,haas,85.186000,20.000000,2.000000,,,30.325000,18.096000,36.765000,5528.136000,5546.232000,5582.997000,260.000000,297.000000,296.000000,277.000000,False,HARD,2.000000,True,Haas F1 Team,5497.779000,,1,8.000000,False,,False,True
2026,1,Australian Grand Prix,R,5667.168000,BEA,87,bearman,haas,84.203000,21.000000,2.000000,,,29.657000,17.797000,36.749000,5612.654000,5630.451000,5667.200000,267.000000,300.000000,298.000000,293.000000,True,HARD,3.000000,True,Haas F1 Team,5582.965000,,1,8.000000,False,,False,True
2026,1,Australian Grand Prix,R,5751.188000,BEA,87,bearman,haas,84.020000,22.000000,2.000000,,,29.612000,17.740000,36.668000,5696.812000,5714.552000,5751.220000,267.000000,302.000000,301.000000,301.000000,True,HARD,4.000000,True,Haas F1 Team,5667.168000,,1,8.000000,False,,False,True
2026,1,Australian Grand Prix,R,5836.156000,BEA,87,bearman,haas,84.968000,23.000000,2.000000,,,29.567000,17.634000,37.767000,5780.787000,5798.421000,5836.188000,265.000000,309.000000,276.000000,297.000000,False,HARD,5.000000,True,Haas F1 Team,5751.188000,,1,8.000000,False,,False,True
2026,1,Australian Grand Prix,R,5920.848000,BEA,87,bearman,haas,84.692000,24.000000,2.000000,,,30.072000,17.690000,36.930000,5866.260000,5883.950000,5920.880000,265.000000,306.000000,297.000000,272.000000,False,HARD,6.000000,True,Haas F1 Team,5836.156000,,1,8.000000,False,,False,True
2026,1,Australian Grand Prix,R,6004.906000,BEA,87,bearman,haas,84.058000,25.000000,2.000000,,,29.636000,17.814000,36.608000,5950.516000,5968.330000,6004.938000,267.000000,300.000000,300.000000,292.000000,False,HARD,7.000000,True,Haas F1 Team,5920.848000,,1,8.000000,False,,False,True
2026,1,Australian Grand Prix,R,6089.061000,BEA,87,bearman,haas,84.155000,26.000000,2.000000,,,29.668000,17.625000,36.862000,6034.606000,6052.231000,6089.093000,267.000000,308.000000,296.000000,294.000000,False,HARD,8.000000,True,Haas F1 Team,6004.906000,,1,8.000000,False,,False,True
2026,1,Australian Grand Prix,R,6173.345000,BEA,87,bearman,haas,84.284000,27.000000,2.000000,,,29.726000,17.609000,36.949000,6118.819000,6136.428000,6173.377000,266.000000,309.000000,295.000000,289.000000,False,HARD,9.000000,True,Haas F1 Team,6089.061000,,1,8.000000,False,,False,True
2026,1,Australian Grand Prix,R,6257.561000,BEA,87,bearman,haas,84.216000,28.000000,2.000000,,,29.846000,17.628000,36.742000,6203.223000,6220.851000,6257.593000,262.000000,310.000000,318.000000,289.000000,False,HARD,10.000000,True,Haas F1 Team,6173.345000,,1,8.000000,False,,False,True
2026,1,Australian Grand Prix,R,6342.876000,BEA,87,bearman,haas,85.315000,29.000000,2.000000,,,30.327000,17.782000,37.206000,6287.920000,6305.702000,6342.908000,258.000000,310.000000,293.000000,288.000000,False,HARD,11.000000,True,Haas F1 Team,6257.561000,,1,8.000000,False,,False,True
2026,1,Australian Grand Prix,R,6427.385000,BEA,87,bearman,haas,84.509000,30.000000,2.000000,,,30.010000,17.606000,36.893000,6372.918000,6390.524000,6427.417000,266.000000,308.000000,298.000000,281.000000,False,HARD,12.000000,True,Haas F1 Team,6342.876000,,1,8.000000,False,,False,True
2026,1,Australian Grand Prix,R,6512.012000,BEA,87,bearman,haas,84.627000,31.000000,2.000000,,,29.852000,17.853000,36.922000,6457.269000,6475.122000,6512.044000,268.000000,301.000000,300.000000,287.000000,False,HARD,13.000000,True,Haas F1 Team,6427.385000,,1,8.000000,False,,False,True
2026,1,Australian Grand Prix,R,6597.018000,BEA,87,bearman,haas,85.006000,32.000000,2.000000,,,29.938000,17.578000,37.490000,6541.982000,6559.560000,6597.050000,266.000000,309.000000,296.000000,293.000000,False,HARD,14.000000,True,Haas F1 Team,6512.012000,,1,8.000000,False,,False,True
2026,1,Australian Grand Prix,R,6687.665000,BEA,87,bearman,haas,90.647000,33.000000,2.000000,,,29.897000,17.831000,42.919000,6626.947000,6644.778000,6687.697000,269.000000,298.000000,212.000000,293.000000,False,HARD,15.000000,True,Haas F1 Team,6597.018000,,16,8.000000,False,,False,False
2026,1,Australian Grand Prix,R,6779.975000,BEA,87,bearman,haas,92.310000,34.000000,2.000000,,,36.839000,18.306000,37.165000,6724.536000,6742.842000,6780.007000,186.000000,299.000000,299.000000,230.000000,False,HARD,16.000000,True,Haas F1 Team,6687.665000,,671,8.000000,False,,False,False
2026,1,Australian Grand Prix,R,6864.889000,BEA,87,bearman,haas,84.914000,35.000000,2.000000,,,29.802000,17.906000,37.206000,6809.809000,6827.715000,6864.921000,274.000000,294.000000,293.000000,291.000000,False,HARD,17.000000,True,Haas F1 Team,6779.975000,,1,7.000000,False,,False,True
2026,1,Australian Grand Prix,R,6949.487000,BEA,87,bearman,haas,84.598000,36.000000,2.000000,,,29.899000,17.866000,36.833000,6894.820000,6912.686000,6949.519000,268.000000,296.000000,297.000000,289.000000,False,HARD,18.000000,True,Haas F1 Team,6864.889000,,1,7.000000,False,,False,True
2026,1,Australian Grand Prix,R,7033.987000,BEA,87,bearman,haas,84.500000,37.000000,2.000000,,,29.841000,17.845000,36.814000,6979.360000,6997.205000,7034.019000,268.000000,298.000000,297.000000,292.000000,False,HARD,19.000000,True,Haas F1 Team,6949.487000,,1,7.000000,False,,False,True
2026,1,Australian Grand Prix,R,7119.080000,BEA,87,bearman,haas,85.093000,38.000000,2.000000,,,30.271000,17.823000,36.999000,7064.290000,7082.113000,7119.112000,268.000000,304.000000,299.000000,293.000000,False,HARD,20.000000,True,Haas F1 Team,7033.987000,,1,8.000000,False,,False,True
2026,1,Australian Grand Prix,R,7203.836000,BEA,87,bearman,haas,84.756000,39.000000,2.000000,,,29.868000,17.623000,37.265000,7148.980000,7166.603000,7203.868000,262.000000,312.000000,322.000000,294.000000,False,HARD,21.000000,True,Haas F1 Team,7119.080000,,1,8.000000,False,,False,True
2026,1,Australian Grand Prix,R,7290.824000,BEA,87,bearman,haas,86.988000,40.000000,2.000000,,,31.001000,18.417000,37.570000,7234.869000,7253.286000,7290.856000,231.000000,302.000000,291.000000,292.000000,False,HARD,22.000000,True,Haas F1 Team,7203.836000,,1,7.000000,False,,False,True
2026,1,Australian Grand Prix,R,7375.873000,BEA,87,bearman,haas,85.049000,41.000000,2.000000,,,30.227000,17.895000,36.927000,7321.083000,7338.978000,7375.905000,266.000000,292.000000,292.000000,280.000000,False,HARD,23.000000,True,Haas F1 Team,7290.824000,,1,7.000000,False,,False,True
2026,1,Australian Grand Prix,R,7460.376000,BEA,87,bearman,haas,84.503000,42.000000,2.000000,,,29.878000,17.797000,36.828000,7405.783000,7423.580000,7460.408000,266.000000,293.000000,295.000000,287.000000,False,HARD,24.000000,True,Haas F1 Team,7375.873000,,1,7.000000,False,,False,True
2026,1,Australian Grand Prix,R,7544.925000,BEA,87,bearman,haas,84.549000,43.000000,2.000000,,,29.930000,17.826000,36.793000,7490.338000,7508.164000,7544.957000,266.000000,293.000000,294.000000,292.000000,False,HARD,25.000000,True,Haas F1 Team,7460.376000,,1,7.000000,False,,False,True
2026,1,Australian Grand Prix,R,7629.537000,BEA,87,bearman,haas,84.612000,44.000000,2.000000,,,29.765000,17.929000,36.918000,7574.722000,7592.651000,7629.569000,267.000000,291.000000,295.000000,289.000000,False,HARD,26.000000,True,Haas F1 Team,7544.925000,,1,7.000000,False,,False,True
2026,1,Australian Grand Prix,R,7713.667000,BEA,87,bearman,haas,84.130000,45.000000,2.000000,,,29.720000,17.840000,36.570000,7659.289000,7677.129000,7713.699000,266.000000,290.000000,293.000000,292.000000,False,HARD,27.000000,True,Haas F1 Team,7629.537000,,1,7.000000,False,,False,True
2026,1,Australian Grand Prix,R,7798.217000,BEA,87,bearman,haas,84.550000,46.000000,2.000000,,,29.882000,17.845000,36.823000,7743.581000,7761.426000,7798.249000,266.000000,290.000000,294.000000,291.000000,False,HARD,28.000000,True,Haas F1 Team,7713.667000,,1,7.000000,False,,False,True
2026,1,Australian Grand Prix,R,7882.977000,BEA,87,bearman,haas,84.760000,47.000000,2.000000,,,30.001000,17.883000,36.876000,7828.250000,7846.133000,7883.009000,264.000000,290.000000,292.000000,291.000000,False,HARD,29.000000,True,Haas F1 Team,7798.217000,,1,7.000000,False,,False,True
2026,1,Australian Grand Prix,R,7967.381000,BEA,87,bearman,haas,84.404000,48.000000,2.000000,,,29.640000,17.866000,36.898000,7912.649000,7930.515000,7967.413000,271.000000,291.000000,294.000000,287.000000,False,HARD,30.000000,True,Haas F1 Team,7882.977000,,1,7.000000,False,,False,True
2026,1,Australian Grand Prix,R,8051.662000,BEA,87,bearman,haas,84.281000,49.000000,2.000000,,,29.732000,17.826000,36.723000,7997.145000,8014.971000,8051.694000,267.000000,290.000000,294.000000,286.000000,False,HARD,31.000000,True,Haas F1 Team,7967.381000,,1,7.000000,False,,False,True
2026,1,Australian Grand Prix,R,8136.129000,BEA,87,bearman,haas,84.467000,50.000000,2.000000,,,29.811000,17.831000,36.825000,8081.505000,8099.336000,8136.161000,268.000000,290.000000,295.000000,289.000000,False,HARD,32.000000,True,Haas F1 Team,8051.662000,,1,7.000000,False,,False,True
2026,1,Australian Grand Prix,R,8220.362000,BEA,87,bearman,haas,84.233000,51.000000,2.000000,,,29.840000,17.830000,36.563000,8166.001000,8183.831000,8220.394000,265.000000,291.000000,295.000000,289.000000,False,HARD,33.000000,True,Haas F1 Team,8136.129000,,1,7.000000,False,,False,True
2026,1,Australian Grand Prix,R,8304.626000,BEA,87,bearman,haas,84.264000,52.000000,2.000000,,,29.794000,17.777000,36.693000,8250.188000,8267.965000,8304.658000,268.000000,290.000000,295.000000,290.000000,False,HARD,34.000000,True,Haas F1 Team,8220.362000,,1,7.000000,False,,False,True
2026,1,Australian Grand Prix,R,8389.241000,BEA,87,bearman,haas,84.615000,53.000000,2.000000,,,29.699000,17.937000,36.979000,8334.357000,8352.294000,8389.273000,272.000000,290.000000,294.000000,289.000000,False,HARD,35.000000,True,Haas F1 Team,8304.626000,,1,7.000000,False,,False,True
2026,1,Australian Grand Prix,R,8473.851000,BEA,87,bearman,haas,84.610000,54.000000,2.000000,,,29.965000,17.876000,36.769000,8419.238000,8437.114000,8473.883000,268.000000,291.000000,298.000000,288.000000,False,HARD,36.000000,True,Haas F1 Team,8389.241000,,1,7.000000,False,,False,True
2026,1,Australian Grand Prix,R,8558.351000,BEA,87,bearman,haas,84.500000,55.000000,2.000000,,,29.725000,17.930000,36.845000,8503.608000,8521.538000,8558.383000,268.000000,291.000000,298.000000,292.000000,False,HARD,37.000000,True,Haas F1 Team,8473.851000,,1,7.000000,False,,False,True
2026,1,Australian Grand Prix,R,8644.790000,BEA,87,bearman,haas,86.439000,56.000000,2.000000,,,29.768000,17.858000,38.813000,8588.151000,8606.009000,8644.822000,269.000000,292.000000,300.000000,294.000000,False,HARD,38.000000,True,Haas F1 Team,8558.351000,,1,7.000000,False,,False,True
2026,1,Australian Grand Prix,R,8731.439000,BEA,87,bearman,haas,86.649000,57.000000,2.000000,,,30.005000,17.905000,38.739000,8674.827000,8692.732000,8731.471000,269.000000,293.000000,299.000000,291.000000,False,HARD,39.000000,True,Haas F1 Team,8644.790000,,1,7.000000,False,,False,True
