season,round,event_name,session_type,Time_s,Driver,DriverNumber,DriverId,TeamId,LapTime_s,LapNumber,Stint,PitOutTime_s,PitInTime_s,Sector1Time_s,Sector2Time_s,Sector3Time_s,Sector1SessionTime_s,Sector2SessionTime_s,Sector3SessionTime_s,SpeedI1,SpeedI2,SpeedFL,SpeedST,IsPersonalBest,Compound,TyreLife,FreshTyre,Team,LapStartTime_s,LapStartDate,TrackStatus,Position,Deleted,DeletedReason,FastF1Generated,IsAccurate
2026,10,Belgian Grand Prix,FP2,1060.823000,NOR,1,norris,mclaren,,1.000000,1.000000,894.089000,,,54.975000,53.036000,,1008.092000,1060.978000,171.000000,170.000000,210.000000,240.000000,False,MEDIUM,2.000000,False,McLaren,894.089000,,1,,False,,False,False
2026,10,Belgian Grand Prix,FP2,1168.705000,NOR,1,norris,mclaren,107.882000,2.000000,1.000000,,,31.305000,47.275000,29.302000,1092.128000,1139.403000,1168.705000,306.000000,212.000000,213.000000,300.000000,True,MEDIUM,3.000000,False,McLaren,1060.823000,,1,,False,,False,True
2026,10,Belgian Grand Prix,FP2,1368.664000,NOR,1,norris,mclaren,,3.000000,1.000000,,,61.680000,93.324000,44.863000,1230.568000,1323.939000,1368.664000,94.000000,113.000000,216.000000,129.000000,False,MEDIUM,4.000000,False,McLaren,1168.705000,,1,,False,,False,False
2026,10,Belgian Grand Prix,FP2,1846.115000,NOR,1,norris,mclaren,,4.000000,1.000000,,1512.727000,31.183000,70.277000,,1400.053000,1470.199000,,303.000000,133.000000,,304.000000,False,MEDIUM,5.000000,False,McLaren,1368.664000,,152,,False,,False,False
2026,10,Belgian Grand Prix,FP2,1975.931000,NOR,1,norris,mclaren,,5.000000,2.000000,1846.115000,,,54.910000,35.435000,,1940.683000,1976.010000,286.000000,148.000000,217.000000,245.000000,False,MEDIUM,6.000000,False,McLaren,1846.115000,,1,,False,,False,False
2026,10,Belgian Grand Prix,FP2,2083.307000,NOR,1,norris,mclaren,107.376000,6.000000,2.000000,,,30.959000,47.392000,29.025000,2006.890000,2054.282000,2083.307000,308.000000,211.000000,215.000000,301.000000,True,MEDIUM,7.000000,False,McLaren,1975.931000,,1,,False,,False,True
2026,10,Belgian Grand Prix,FP2,2212.093000,NOR,1,norris,mclaren,128.786000,7.000000,2.000000,,2208.215000,36.133000,54.968000,37.685000,2119.440000,2174.408000,2212.093000,229.000000,181.000000,,250.000000,False,MEDIUM,8.000000,False,McLaren,2083.307000,,1,,False,,False,False
2026,10,Belgian Grand Prix,FP2,2535.541000,NOR,1,norris,mclaren,,8.000000,3.000000,2414.124000,,,53.901000,36.986000,,2498.839000,2535.738000,286.000000,183.000000,220.000000,263.000000,False,SOFT,1.000000,True,McLaren,2212.093000,,1,,False,,False,False
2026,10,Belgian Grand Prix,FP2,2641.675000,NOR,1,norris,mclaren,106.134000,9.000000,3.000000,,,30.657000,46.586000,28.891000,2566.198000,2612.784000,2641.675000,309.000000,214.000000,217.000000,302.000000,True,SOFT,2.000000,True,McLaren,2535.541000,,1,,False,,False,True
2026,10,Belgian Grand Prix,FP2,2767.457000,NOR,1,norris,mclaren,125.782000,10.000000,3.000000,,2763.574000,34.969000,53.371000,37.442000,2676.644000,2730.015000,2767.457000,265.000000,185.000000,,262.000000,False,SOFT,3.000000,True,McLaren,2641.675000,,1,,False,,False,False
2026,10,Belgian Grand Prix,FP2,3233.590000,NOR,1,norris,mclaren,,11.000000,4.000000,3101.808000,,,50.159000,30.170000,,3203.607000,3233.629000,298.000000,200.000000,217.000000,285.000000,False,MEDIUM,9.000000,False,McLaren,2767.457000,,1,,False,,False,False
2026,10,Belgian Grand Prix,FP2,3345.452000,NOR,1,norris,mclaren,111.862000,12.000000,4.000000,,,31.573000,49.940000,30.349000,3265.163000,3315.103000,3345.452000,306.000000,202.000000,216.000000,299.000000,False,MEDIUM,10.000000,False,McLaren,3233.590000,,1,,False,,False,True
2026,10,Belgian Grand Prix,FP2,3457.334000,NOR,1,norris,mclaren,111.882000,13.000000,4.000000,,,31.612000,50.079000,30.191000,3377.064000,3427.143000,3457.334000,305.000000,203.000000,216.000000,300.000000,False,MEDIUM,11.000000,False,McLaren,3345.452000,,1,,False,,False,True
2026,10,Belgian Grand Prix,FP2,4314.767000,NOR,1,norris,mclaren,,14.000000,4.000000,,3606.535000,31.739000,,,3489.237000,,,,,,298.000000,False,MEDIUM,12.000000,False,McLaren,3457.334000,,125,,False,,False,False
2026,10,Belgian Grand Prix,FP2,4454.461000,NOR,1,norris,mclaren,,15.000000,5.000000,4314.767000,,,50.203000,29.845000,,4424.662000,4454.461000,299.000000,188.000000,219.000000,278.000000,False,SOFT,4.000000,False,McLaren,4314.767000,,1,,False,,False,False
2026,10,Belgian Grand Prix,FP2,4608.154000,NOR,1,norris,mclaren,,16.000000,5.000000,,,31.752000,53.091000,68.905000,4486.303000,4539.370000,4608.154000,306.000000,139.000000,56.000000,297.000000,False,SOFT,5.000000,False,McLaren,4454.461000,,1,,False,,False,False
2026,10,Belgian Grand Prix,FP2,4766.793000,NOR,1,norris,mclaren,,17.000000,5.000000,,,55.002000,57.127000,46.570000,4663.258000,4720.342000,4766.793000,303.000000,160.000000,76.000000,304.000000,False,SOFT,6.000000,False,McLaren,4608.154000,,1,,False,,False,False
2026,10,Belgian Grand Prix,FP2,4918.137000,NOR,1,norris,mclaren,,18.000000,5.000000,,4913.769000,57.127000,51.366000,42.779000,4824.175000,4875.367000,4918.137000,304.000000,130.000000,,300.000000,False,SOFT,7.000000,False,McLaren,4766.793000,,1,,False,,False,False
2026,10,Belgian Grand Prix,FP2,1021.771000,VER,3,max_verstappen,red_bull,,1.000000,1.000000,880.060000,,,59.679000,42.729000,,979.270000,1021.952000,276.000000,108.000000,223.000000,249.000000,False,MEDIUM,1.000000,True,Red Bull Racing,880.060000,,1,,False,,False,False
2026,10,Belgian Grand Prix,FP2,1128.713000,VER,3,max_verstappen,red_bull,106.942000,2.000000,1.000000,,,30.836000,47.546000,28.560000,1052.607000,1100.153000,1128.713000,308.000000,211.000000,208.000000,296.000000,True,MEDIUM,2.000000,True,Red Bull Racing,1021.771000,,1,,False,,False,True
2026,10,Belgian Grand Prix,FP2,1319.074000,VER,3,max_verstappen,red_bull,,3.000000,1.000000,,,62.948000,88.444000,38.823000,1191.973000,1280.440000,1319.074000,130.000000,95.000000,223.000000,167.000000,False,MEDIUM,3.000000,True,Red Bull Racing,1128.713000,,1,,False,,False,False
2026,10,Belgian Grand Prix,FP2,1426.060000,VER,3,max_verstappen,red_bull,106.986000,4.000000,1.000000,,,30.813000,47.504000,28.669000,1349.887000,1397.391000,1426.060000,305.000000,208.000000,210.000000,298.000000,False,MEDIUM,4.000000,True,Red Bull Racing,1319.074000,,1,,False,,False,True
2026,10,Belgian Grand Prix,FP2,1900.854000,VER,3,max_verstappen,red_bull,,5.000000,1.000000,,1615.907000,63.761000,,,1489.981000,,,127.000000,,,152.000000,False,MEDIUM,5.000000,True,Red Bull Racing,1426.060000,,152,,False,,False,False
2026,10,Belgian Grand Prix,FP2,2034.656000,VER,3,max_verstappen,red_bull,,6.000000,2.000000,1900.854000,,,60.574000,33.529000,,2001.393000,2034.745000,277.000000,170.000000,222.000000,245.000000,False,SOFT,1.000000,True,Red Bull Racing,1900.854000,,1,,False,,False,False
2026,10,Belgian Grand Prix,FP2,2141.072000,VER,3,max_verstappen,red_bull,106.416000,7.000000,2.000000,,,30.771000,47.008000,28.637000,2065.427000,2112.435000,2141.072000,304.000000,215.000000,207.000000,296.000000,True,SOFT,2.000000,True,Red Bull Racing,2034.656000,,1,,False,,False,True
2026,10,Belgian Grand Prix,FP2,2277.830000,VER,3,max_verstappen,red_bull,136.758000,8.000000,2.000000,,2273.933000,40.556000,57.344000,38.858000,2181.628000,2238.972000,2277.830000,229.000000,195.000000,,225.000000,False,SOFT,3.000000,True,Red Bull Racing,2141.072000,,1,,False,,False,False
2026,10,Belgian Grand Prix,FP2,2705.820000,VER,3,max_verstappen,red_bull,,9.000000,3.000000,2562.127000,,,54.149000,30.232000,,2675.674000,2705.838000,308.000000,190.000000,214.000000,295.000000,False,MEDIUM,6.000000,False,Red Bull Racing,2277.830000,,1,,False,,False,False
2026,10,Belgian Grand Prix,FP2,2817.225000,VER,3,max_verstappen,red_bull,111.405000,10.000000,3.000000,,,31.681000,50.155000,29.569000,2737.501000,2787.656000,2817.225000,309.000000,196.000000,207.000000,288.000000,False,MEDIUM,7.000000,False,Red Bull Racing,2705.820000,,1,,False,,False,True
2026,10,Belgian Grand Prix,FP2,2929.437000,VER,3,max_verstappen,red_bull,112.212000,11.000000,3.000000,,,31.864000,50.471000,29.877000,2849.089000,2899.560000,2929.437000,310.000000,194.000000,207.000000,286.000000,False,MEDIUM,8.000000,False,Red Bull Racing,2817.225000,,1,,False,,False,True
2026,10,Belgian Grand Prix,FP2,3040.872000,VER,3,max_verstappen,red_bull,111.435000,12.000000,3.000000,,,31.921000,49.753000,29.761000,2961.358000,3011.111000,3040.872000,309.000000,197.000000,210.000000,286.000000,False,MEDIUM,9.000000,False,Red Bull Racing,2929.437000,,1,,False,,False,True
2026,10,Belgian Grand Prix,FP2,3152.395000,VER,3,max_verstappen,red_bull,111.523000,13.000000,3.000000,,,32.017000,49.818000,29.688000,3072.889000,3122.707000,3152.395000,310.000000,193.000000,210.000000,287.000000,False,MEDIUM,10.000000,False,Red Bull Racing,3040.872000,,1,,False,,False,True
2026,10,Belgian Grand Prix,FP2,3264.059000,VER,3,max_verstappen,red_bull,111.664000,14.000000,3.000000,,,31.689000,50.128000,29.847000,3184.084000,3234.212000,3264.059000,314.000000,195.000000,209.000000,288.000000,False,MEDIUM,11.000000,False,Red Bull Racing,3152.395000,,1,,False,,False,True
2026,10,Belgian Grand Prix,FP2,3376.492000,VER,3,max_verstappen,red_bull,112.433000,15.000000,3.000000,,,31.891000,50.464000,30.078000,3295.950000,3346.414000,3376.492000,311.000000,190.000000,210.000000,288.000000,False,MEDIUM,12.000000,False,Red Bull Racing,3264.059000,,1,,False,,False,True
2026,10,Belgian Grand Prix,FP2,3488.955000,VER,3,max_verstappen,red_bull,112.463000,16.000000,3.000000,,,31.823000,50.507000,30.133000,3408.315000,3458.822000,3488.955000,315.000000,191.000000,210.000000,288.000000,False,MEDIUM,13.000000,False,Red Bull Racing,3376.492000,,1,,False,,False,True
2026,10,Belgian Grand Prix,FP2,4324.634000,VER,3,max_verstappen,red_bull,,17.000000,3.000000,,3657.441000,,,,,,,,,,287.000000,False,MEDIUM,14.000000,False,Red Bull Racing,3488.955000,,125,,False,,False,False
2026,10,Belgian Grand Prix,FP2,4442.299000,VER,3,max_verstappen,red_bull,,18.000000,4.000000,4324.634000,,,51.476000,35.474000,,4406.993000,4442.370000,281.000000,195.000000,127.000000,273.000000,False,SOFT,4.000000,False,Red Bull Racing,4324.634000,,1,,False,,False,False
2026,10,Belgian Grand Prix,FP2,4590.771000,VER,3,max_verstappen,red_bull,148.472000,19.000000,4.000000,,,39.577000,55.658000,53.237000,4481.876000,4537.534000,4590.771000,257.000000,142.000000,70.000000,247.000000,False,SOFT,5.000000,False,Red Bull Racing,4442.299000,,1,,False,,False,True
2026,10,Belgian Grand Prix,FP2,4762.212000,VER,3,max_verstappen,red_bull,,20.000000,4.000000,,,71.691000,53.343000,46.490000,4662.591000,4715.888000,4762.212000,285.000000,175.000000,75.000000,255.000000,False,SOFT,6.000000,False,Red Bull Racing,4590.771000,,1,,False,,False,False
2026,10,Belgian Grand Prix,FP2,4927.912000,VER,3,max_verstappen,red_bull,,21.000000,4.000000,,4923.938000,76.119000,53.003000,36.473000,4838.520000,4891.478000,4927.912000,296.000000,190.000000,,249.000000,False,SOFT,7.000000,False,Red Bull Racing,4762.212000,,1,,False,,False,False
2026,10,Belgian Grand Prix,FP2,1044.487000,BOR,5,bortoleto,audi,,1.000000,1.000000,884.951000,,,60.453000,42.563000,,1002.068000,1044.651000,266.000000,122.000000,217.000000,261.000000,False,MEDIUM,1.000000,True,Audi,884.951000,,1,,False,,False,False
2026,10,Belgian Grand Prix,FP2,1152.822000,BOR,5,bortoleto,audi,108.335000,2.000000,1.000000,,,31.071000,48.174000,29.090000,1075.558000,1123.732000,1152.822000,305.000000,209.000000,187.000000,306.000000,True,MEDIUM,2.000000,True,Audi,1044.487000,,1,,False,,False,True
2026,10,Belgian Grand Prix,FP2,1335.703000,BOR,5,bortoleto,audi,,3.000000,1.000000,,,61.250000,77.446000,44.104000,1214.391000,1291.710000,1335.765000,140.000000,154.000000,212.000000,138.000000,False,MEDIUM,3.000000,True,Audi,1152.822000,,1,,False,,False,False
2026,10,Belgian Grand Prix,FP2,1471.193000,BOR,5,bortoleto,audi,135.490000,4.000000,1.000000,,,33.058000,65.492000,36.940000,1368.761000,1434.253000,1471.193000,224.000000,158.000000,215.000000,303.000000,False,MEDIUM,4.000000,True,Audi,1335.703000,,1,,False,,False,True
2026,10,Belgian Grand Prix,FP2,1849.865000,BOR,5,bortoleto,audi,,5.000000,1.000000,,1627.912000,,,,,,,,,,,False,MEDIUM,5.000000,True,Audi,1471.193000,,152,,False,,False,False
2026,10,Belgian Grand Prix,FP2,1982.220000,BOR,5,bortoleto,audi,,6.000000,2.000000,1849.865000,,,53.711000,36.506000,,1945.831000,1982.220000,262.000000,193.000000,215.000000,260.000000,False,MEDIUM,6.000000,False,Audi,1849.865000,,1,,False,,False,False
2026,10,Belgian Grand Prix,FP2,2090.567000,BOR,5,bortoleto,audi,108.347000,7.000000,2.000000,,,31.255000,47.943000,29.149000,2013.475000,2061.418000,2090.567000,299.000000,212.000000,207.000000,304.000000,False,MEDIUM,7.000000,False,Audi,1982.220000,,1,,False,,False,True
2026,10,Belgian Grand Prix,FP2,2268.720000,BOR,5,bortoleto,audi,,8.000000,2.000000,,,46.693000,80.977000,50.514000,2137.290000,2218.396000,2268.730000,205.000000,139.000000,215.000000,205.000000,False,MEDIUM,8.000000,False,Audi,2090.567000,,1,,False,,False,False
2026,10,Belgian Grand Prix,FP2,2384.514000,BOR,5,bortoleto,audi,115.794000,9.000000,2.000000,,2380.598000,31.364000,48.526000,35.904000,2300.084000,2348.610000,2384.514000,296.000000,208.000000,,303.000000,False,MEDIUM,9.000000,False,Audi,2268.720000,,1,,False,,False,False
2026,10,Belgian Grand Prix,FP2,3000.002000,BOR,5,bortoleto,audi,,10.000000,3.000000,2868.963000,,,62.605000,34.601000,,2965.714000,3000.205000,261.000000,163.000000,217.000000,267.000000,False,SOFT,1.000000,True,Audi,2384.514000,,1,,False,,False,False
2026,10,Belgian Grand Prix,FP2,3107.954000,BOR,5,bortoleto,audi,107.952000,11.000000,3.000000,,,31.274000,47.607000,29.071000,3031.276000,3078.883000,3107.954000,294.000000,212.000000,195.000000,308.000000,True,SOFT,2.000000,True,Audi,3000.002000,,1,,False,,False,True
2026,10,Belgian Grand Prix,FP2,3288.249000,BOR,5,bortoleto,audi,,12.000000,3.000000,,,53.615000,83.971000,42.589000,3161.735000,3245.808000,3288.254000,150.000000,124.000000,217.000000,161.000000,False,SOFT,3.000000,True,Audi,3107.954000,,1,,False,,False,False
2026,10,Belgian Grand Prix,FP2,3403.130000,BOR,5,bortoleto,audi,114.881000,13.000000,3.000000,,3399.152000,31.140000,47.716000,36.025000,3319.389000,3367.105000,3403.130000,299.000000,207.000000,,307.000000,False,SOFT,4.000000,True,Audi,3288.249000,,1,,False,,False,False
2026,10,Belgian Grand Prix,FP2,4408.471000,BOR,5,bortoleto,audi,,14.000000,4.000000,4288.892000,,,51.906000,30.126000,,4378.345000,4408.490000,292.000000,195.000000,208.000000,271.000000,False,MEDIUM,10.000000,False,Audi,4288.892000,,1,,False,,False,False
2026,10,Belgian Grand Prix,FP2,4528.964000,BOR,5,bortoleto,audi,120.493000,15.000000,4.000000,,,32.175000,50.373000,37.945000,4440.646000,4491.019000,4528.964000,300.000000,195.000000,77.000000,297.000000,False,MEDIUM,11.000000,False,Audi,4408.471000,,1,,False,,False,True
2026,10,Belgian Grand Prix,FP2,4674.056000,BOR,5,bortoleto,audi,145.092000,16.000000,4.000000,,,54.286000,50.560000,40.246000,4583.250000,4633.810000,4674.056000,300.000000,196.000000,35.000000,294.000000,False,MEDIUM,12.000000,False,Audi,4528.964000,,1,,False,,False,True
2026,10,Belgian Grand Prix,FP2,4830.233000,BOR,5,bortoleto,audi,,17.000000,4.000000,,4826.189000,60.895000,52.488000,42.789000,4735.014000,4787.553000,4830.233000,300.000000,157.000000,,295.000000,False,MEDIUM,13.000000,False,Audi,4674.056000,,1,,False,,False,False
2026,10,Belgian Grand Prix,FP2,1005.361000,HAD,6,hadjar,red_bull,,1.000000,1.000000,871.111000,,,61.397000,35.395000,,970.038000,1005.361000,278.000000,158.000000,222.000000,248.000000,False,MEDIUM,1.000000,True,Red Bull Racing,871.111000,,1,,False,,False,False
2026,10,Belgian Grand Prix,FP2,1112.283000,HAD,6,hadjar,red_bull,106.922000,2.000000,1.000000,,,31.092000,47.215000,28.615000,1036.453000,1083.668000,1112.283000,305.000000,214.000000,214.000000,292.000000,True,MEDIUM,2.000000,True,Red Bull Racing,1005.361000,,1,,False,,False,True
2026,10,Belgian Grand Prix,FP2,1291.320000,HAD,6,hadjar,red_bull,,3.000000,1.000000,,,65.008000,75.385000,38.662000,1177.365000,1252.765000,1291.410000,143.000000,136.000000,221.000000,105.000000,False,MEDIUM,3.000000,True,Red Bull Racing,1112.283000,,1,,False,,False,False
2026,10,Belgian Grand Prix,FP2,1398.308000,HAD,6,hadjar,red_bull,106.988000,4.000000,1.000000,,,31.005000,47.275000,28.708000,1322.325000,1369.600000,1398.308000,303.000000,215.000000,212.000000,292.000000,False,MEDIUM,4.000000,True,Red Bull Racing,1291.320000,,1,,False,,False,True
2026,10,Belgian Grand Prix,FP2,1863.970000,HAD,6,hadjar,red_bull,,5.000000,1.000000,,1554.981000,39.995000,,,1438.530000,,,256.000000,,,216.000000,False,MEDIUM,5.000000,True,Red Bull Racing,1398.308000,,152,,False,,False,False
2026,10,Belgian Grand Prix,FP2,1992.208000,HAD,6,hadjar,red_bull,,6.000000,2.000000,1863.970000,,,58.032000,32.612000,,1959.817000,1992.262000,270.000000,173.000000,225.000000,213.000000,False,SOFT,1.000000,True,Red Bull Racing,1863.970000,,1,,False,,False,False
2026,10,Belgian Grand Prix,FP2,2098.922000,HAD,6,hadjar,red_bull,106.714000,7.000000,2.000000,,,30.807000,47.024000,28.883000,2023.015000,2070.039000,2098.922000,301.000000,216.000000,197.000000,294.000000,True,SOFT,2.000000,True,Red Bull Racing,1992.208000,,1,,False,,False,True
2026,10,Belgian Grand Prix,FP2,2250.751000,HAD,6,hadjar,red_bull,,8.000000,2.000000,,2246.812000,45.625000,66.159000,39.918000,2144.740000,2210.965000,2250.751000,144.000000,160.000000,,189.000000,False,SOFT,3.000000,True,Red Bull Racing,2098.922000,,1,,False,,False,False
2026,10,Belgian Grand Prix,FP2,2739.833000,HAD,6,hadjar,red_bull,,9.000000,3.000000,2583.599000,,,51.336000,30.267000,,2709.673000,2739.833000,303.000000,200.000000,207.000000,260.000000,False,MEDIUM,6.000000,False,Red Bull Racing,2250.751000,,1,,False,,False,False
2026,10,Belgian Grand Prix,FP2,2851.693000,HAD,6,hadjar,red_bull,111.860000,10.000000,3.000000,,,32.138000,49.707000,30.015000,2771.971000,2821.678000,2851.693000,306.000000,200.000000,207.000000,284.000000,False,MEDIUM,7.000000,False,Red Bull Racing,2739.833000,,1,,False,,False,True
2026,10,Belgian Grand Prix,FP2,2964.351000,HAD,6,hadjar,red_bull,112.658000,11.000000,3.000000,,,32.533000,50.135000,29.990000,2884.226000,2934.361000,2964.351000,304.000000,184.000000,208.000000,281.000000,False,MEDIUM,8.000000,False,Red Bull Racing,2851.693000,,1,,False,,False,True
2026,10,Belgian Grand Prix,FP2,3076.938000,HAD,6,hadjar,red_bull,112.587000,12.000000,3.000000,,,32.273000,50.231000,30.083000,2996.624000,3046.855000,3076.938000,304.000000,202.000000,204.000000,285.000000,False,MEDIUM,9.000000,False,Red Bull Racing,2964.351000,,1,,False,,False,True
2026,10,Belgian Grand Prix,FP2,3189.811000,HAD,6,hadjar,red_bull,112.873000,13.000000,3.000000,,,32.314000,50.397000,30.162000,3109.252000,3159.649000,3189.811000,307.000000,189.000000,211.000000,286.000000,False,MEDIUM,10.000000,False,Red Bull Racing,3076.938000,,1,,False,,False,True
2026,10,Belgian Grand Prix,FP2,3302.144000,HAD,6,hadjar,red_bull,112.333000,14.000000,3.000000,,,31.997000,50.239000,30.097000,3221.808000,3272.047000,3302.144000,308.000000,188.000000,210.000000,287.000000,False,MEDIUM,11.000000,False,Red Bull Racing,3189.811000,,1,,False,,False,True
2026,10,Belgian Grand Prix,FP2,3414.526000,HAD,6,hadjar,red_bull,112.382000,15.000000,3.000000,,,31.763000,50.576000,30.043000,3333.907000,3384.483000,3414.526000,316.000000,186.000000,209.000000,288.000000,False,MEDIUM,12.000000,False,Red Bull Racing,3302.144000,,1,,False,,False,True
2026,10,Belgian Grand Prix,FP2,4326.805000,HAD,6,hadjar,red_bull,,16.000000,3.000000,,3534.146000,31.811000,51.165000,,3446.490000,3497.669000,,318.000000,187.000000,,289.000000,False,MEDIUM,13.000000,False,Red Bull Racing,3414.526000,,125,,False,,False,False
2026,10,Belgian Grand Prix,FP2,4443.941000,HAD,6,hadjar,red_bull,,17.000000,4.000000,4326.805000,,,51.415000,35.888000,,4408.149000,4443.941000,304.000000,196.000000,147.000000,277.000000,False,SOFT,4.000000,False,Red Bull Racing,4326.805000,,1,,False,,False,False
2026,10,Belgian Grand Prix,FP2,4597.929000,HAD,6,hadjar,red_bull,,18.000000,4.000000,,,39.163000,57.868000,56.773000,4483.288000,4541.179000,4598.573000,279.000000,151.000000,50.000000,245.000000,False,SOFT,5.000000,False,Red Bull Racing,4443.941000,,1,,False,,False,False
2026,10,Belgian Grand Prix,FP2,4776.315000,HAD,6,hadjar,red_bull,,19.000000,4.000000,,,67.947000,56.736000,53.729000,4665.850000,4722.605000,4777.086000,276.000000,149.000000,53.000000,283.000000,False,SOFT,6.000000,False,Red Bull Racing,4597.929000,,1,,False,,False,False
2026,10,Belgian Grand Prix,FP2,4942.192000,HAD,6,hadjar,red_bull,,20.000000,4.000000,,4938.271000,67.035000,58.383000,40.661000,4843.393000,4901.721000,4942.192000,304.000000,159.000000,,291.000000,False,SOFT,7.000000,False,Red Bull Racing,4776.315000,,1,,False,,False,False
2026,10,Belgian Grand Prix,FP2,1041.366000,GAS,10,gasly,alpine,,1.000000,1.000000,904.263000,,,59.694000,41.619000,,999.956000,1041.547000,207.000000,158.000000,202.000000,232.000000,False,MEDIUM,1.000000,True,Alpine,904.263000,,1,,False,,False,False
2026,10,Belgian Grand Prix,FP2,1150.598000,GAS,10,gasly,alpine,109.232000,2.000000,1.000000,,,31.461000,49.000000,28.771000,1072.827000,1121.827000,1150.598000,313.000000,209.000000,193.000000,307.000000,True,MEDIUM,2.000000,True,Alpine,1041.366000,,1,,False,,False,True
2026,10,Belgian Grand Prix,FP2,1335.440000,GAS,10,gasly,alpine,,3.000000,1.000000,,,63.545000,83.901000,37.349000,1214.391000,1298.247000,1335.440000,141.000000,147.000000,199.000000,135.000000,False,MEDIUM,3.000000,True,Alpine,1150.598000,,1,,False,,False,False
2026,10,Belgian Grand Prix,FP2,1478.640000,GAS,10,gasly,alpine,143.200000,4.000000,1.000000,,,39.968000,65.810000,37.422000,1375.408000,1441.218000,1478.640000,225.000000,123.000000,213.000000,221.000000,False,MEDIUM,4.000000,True,Alpine,1335.440000,,1,,False,,False,True
2026,10,Belgian Grand Prix,FP2,1823.857000,GAS,10,gasly,alpine,,5.000000,1.000000,,1658.136000,,,,,,,,,,,False,MEDIUM,5.000000,True,Alpine,1478.640000,,152,,False,,False,False
2026,10,Belgian Grand Prix,FP2,1946.146000,GAS,10,gasly,alpine,,6.000000,2.000000,1823.857000,,,55.484000,33.182000,,1913.234000,1946.303000,275.000000,176.000000,217.000000,248.000000,False,MEDIUM,6.000000,False,Alpine,1823.857000,,1,,False,,False,False
2026,10,Belgian Grand Prix,FP2,2055.101000,GAS,10,gasly,alpine,108.955000,7.000000,2.000000,,,31.105000,48.746000,29.104000,1977.251000,2025.997000,2055.101000,307.000000,209.000000,217.000000,298.000000,True,MEDIUM,7.000000,False,Alpine,1946.146000,,1,,False,,False,True
2026,10,Belgian Grand Prix,FP2,2212.706000,GAS,10,gasly,alpine,,8.000000,2.000000,,,48.587000,69.772000,39.111000,2103.916000,2173.771000,2212.741000,190.000000,156.000000,218.000000,156.000000,False,MEDIUM,8.000000,False,Alpine,2055.101000,,1,,False,,False,False
2026,10,Belgian Grand Prix,FP2,2321.715000,GAS,10,gasly,alpine,109.009000,9.000000,2.000000,,,31.011000,48.952000,29.046000,2243.717000,2292.669000,2321.715000,309.000000,206.000000,217.000000,303.000000,False,MEDIUM,9.000000,False,Alpine,2212.706000,,1,,False,,False,True
2026,10,Belgian Grand Prix,FP2,2452.198000,GAS,10,gasly,alpine,130.483000,10.000000,2.000000,,2448.275000,35.601000,55.698000,39.184000,2357.316000,2413.014000,2452.198000,276.000000,170.000000,,239.000000,False,MEDIUM,10.000000,False,Alpine,2321.715000,,1,,False,,False,False
2026,10,Belgian Grand Prix,FP2,2718.657000,GAS,10,gasly,alpine,,11.000000,3.000000,2582.190000,,,61.553000,39.239000,,2679.588000,2718.793000,282.000000,108.000000,219.000000,247.000000,False,SOFT,1.000000,True,Alpine,2452.198000,,1,,False,,False,False
2026,10,Belgian Grand Prix,FP2,2826.017000,GAS,10,gasly,alpine,107.360000,12.000000,3.000000,,,30.788000,48.110000,28.462000,2749.445000,2797.555000,2826.017000,312.000000,210.000000,219.000000,304.000000,False,SOFT,2.000000,True,Alpine,2718.657000,,1,,True,TRACK LIMITS AT TURN 4 LAP 13 ,False,True
2026,10,Belgian Grand Prix,FP2,2971.102000,GAS,10,gasly,alpine,145.085000,13.000000,3.000000,,2967.302000,40.930000,61.510000,42.645000,2866.947000,2928.457000,2971.102000,236.000000,162.000000,,227.000000,False,SOFT,3.000000,True,Alpine,2826.017000,,1,,False,,False,False
2026,10,Belgian Grand Prix,FP2,3422.281000,GAS,10,gasly,alpine,,14.000000,4.000000,3269.247000,,,59.510000,31.291000,,3390.990000,3422.287000,310.000000,180.000000,212.000000,265.000000,False,MEDIUM,11.000000,False,Alpine,2971.102000,,1,,False,,False,False
2026,10,Belgian Grand Prix,FP2,4382.752000,GAS,10,gasly,alpine,,15.000000,4.000000,4135.312000,4382.752000,31.730000,,,3454.032000,,,313.000000,,,299.000000,False,MEDIUM,12.000000,False,Alpine,3422.281000,,125,,False,,False,False
2026,10,Belgian Grand Prix,FP2,945.730000,PER,11,perez,cadillac,,1.000000,1.000000,816.136000,,,58.275000,35.209000,,910.540000,945.914000,269.000000,132.000000,214.000000,233.000000,False,MEDIUM,1.000000,True,Cadillac,816.136000,,1,,False,,False,False
2026,10,Belgian Grand Prix,FP2,1055.817000,PER,11,perez,cadillac,110.087000,2.000000,1.000000,,,31.431000,48.876000,29.780000,977.161000,1026.037000,1055.817000,305.000000,202.000000,212.000000,299.000000,True,MEDIUM,2.000000,True,Cadillac,945.730000,,1,,False,,False,True
2026,10,Belgian Grand Prix,FP2,1219.297000,PER,11,perez,cadillac,,3.000000,1.000000,,,52.780000,77.552000,33.045000,1108.881000,1186.435000,1219.388000,141.000000,152.000000,215.000000,216.000000,False,MEDIUM,3.000000,True,Cadillac,1055.817000,,1,,False,,False,False
2026,10,Belgian Grand Prix,FP2,1329.332000,PER,11,perez,cadillac,110.035000,4.000000,1.000000,,,31.360000,48.955000,29.720000,1250.657000,1299.612000,1329.332000,304.000000,202.000000,213.000000,301.000000,True,MEDIUM,4.000000,True,Cadillac,1219.297000,,1,,False,,False,True
2026,10,Belgian Grand Prix,FP2,1479.364000,PER,11,perez,cadillac,,5.000000,1.000000,,1475.381000,46.606000,63.576000,39.856000,1376.056000,1439.701000,1479.364000,223.000000,184.000000,,219.000000,False,MEDIUM,5.000000,True,Cadillac,1329.332000,,1,,False,,False,False
2026,10,Belgian Grand Prix,FP2,2204.510000,PER,11,perez,cadillac,,6.000000,2.000000,2069.492000,,,64.077000,32.688000,,2171.966000,2204.573000,267.000000,138.000000,218.000000,212.000000,False,SOFT,1.000000,True,Cadillac,2069.492000,,1,,False,,False,False
2026,10,Belgian Grand Prix,FP2,2314.106000,PER,11,perez,cadillac,109.596000,7.000000,2.000000,,,31.207000,48.479000,29.910000,2235.717000,2284.196000,2314.106000,305.000000,205.000000,212.000000,300.000000,True,SOFT,2.000000,True,Cadillac,2204.510000,,1,,False,,False,True
2026,10,Belgian Grand Prix,FP2,2476.108000,PER,11,perez,cadillac,,8.000000,2.000000,,,54.473000,67.041000,40.445000,2368.647000,2435.838000,2476.149000,125.000000,142.000000,217.000000,198.000000,False,SOFT,3.000000,True,Cadillac,2314.106000,,1,,False,,False,False
2026,10,Belgian Grand Prix,FP2,2595.589000,PER,11,perez,cadillac,119.481000,9.000000,2.000000,,2591.573000,31.442000,50.154000,37.885000,2507.550000,2557.704000,2595.589000,300.000000,185.000000,,298.000000,False,SOFT,4.000000,True,Cadillac,2476.108000,,1,,False,,False,False
2026,10,Belgian Grand Prix,FP2,3031.587000,PER,11,perez,cadillac,,10.000000,3.000000,2878.163000,,,59.841000,39.186000,,2992.586000,3031.587000,303.000000,127.000000,214.000000,279.000000,False,MEDIUM,6.000000,False,Cadillac,2595.589000,,1,,False,,False,False
2026,10,Belgian Grand Prix,FP2,3145.440000,PER,11,perez,cadillac,113.853000,11.000000,3.000000,,,32.156000,51.047000,30.650000,3063.743000,3114.790000,3145.440000,303.000000,195.000000,212.000000,289.000000,False,MEDIUM,7.000000,False,Cadillac,3031.587000,,1,,False,,False,True
2026,10,Belgian Grand Prix,FP2,3259.855000,PER,11,perez,cadillac,114.415000,12.000000,3.000000,,,32.364000,51.401000,30.650000,3177.804000,3229.205000,3259.855000,305.000000,196.000000,212.000000,289.000000,False,MEDIUM,8.000000,False,Cadillac,3145.440000,,1,,False,,False,True
2026,10,Belgian Grand Prix,FP2,3374.557000,PER,11,perez,cadillac,114.702000,13.000000,3.000000,,,32.434000,51.708000,30.560000,3292.289000,3343.997000,3374.557000,304.000000,198.000000,211.000000,289.000000,False,MEDIUM,9.000000,False,Cadillac,3259.855000,,1,,False,,False,True
2026,10,Belgian Grand Prix,FP2,3490.597000,PER,11,perez,cadillac,116.040000,14.000000,3.000000,,,32.519000,52.523000,30.998000,3407.076000,3459.599000,3490.597000,303.000000,192.000000,210.000000,289.000000,False,MEDIUM,10.000000,False,Cadillac,3374.557000,,1,,False,,False,True
2026,10,Belgian Grand Prix,FP2,4284.213000,PER,11,perez,cadillac,,15.000000,3.000000,,3659.453000,,,,,,,,,,288.000000,False,MEDIUM,11.000000,False,Cadillac,3490.597000,,125,,False,,False,False
2026,10,Belgian Grand Prix,FP2,4397.625000,PER,11,perez,cadillac,,16.000000,4.000000,4284.213000,,,51.458000,30.161000,,4367.651000,4397.625000,289.000000,196.000000,212.000000,278.000000,False,SOFT,5.000000,False,Cadillac,4284.213000,,1,,False,,False,False
2026,10,Belgian Grand Prix,FP2,4510.749000,PER,11,perez,cadillac,113.124000,17.000000,4.000000,,,31.905000,51.351000,29.868000,4429.530000,4480.881000,4510.749000,311.000000,196.000000,212.000000,289.000000,False,SOFT,6.000000,False,Cadillac,4397.625000,,1,,False,,False,True
2026,10,Belgian Grand Prix,FP2,4647.109000,PER,11,perez,cadillac,136.360000,18.000000,4.000000,,,36.535000,56.669000,43.156000,4547.284000,4603.953000,4647.109000,202.000000,160.000000,62.000000,273.000000,False,SOFT,7.000000,False,Cadillac,4510.749000,,1,,False,,False,True
2026,10,Belgian Grand Prix,FP2,4813.780000,PER,11,perez,cadillac,,19.000000,4.000000,,,54.792000,56.031000,55.810000,4702.058000,4758.025000,4813.869000,307.000000,183.000000,7.000000,295.000000,False,SOFT,8.000000,False,Cadillac,4647.109000,,1,,False,,False,False
2026,10,Belgian Grand Prix,FP2,4958.538000,PER,11,perez,cadillac,144.758000,20.000000,4.000000,,4954.518000,43.021000,59.086000,42.651000,4856.801000,4915.887000,4958.538000,106.000000,180.000000,,289.000000,False,SOFT,9.000000,False,Cadillac,4813.780000,,1,,False,,False,False
2026,10,Belgian Grand Prix,FP2,964.529000,ANT,12,antonelli,mercedes,,1.000000,1.000000,823.086000,,,63.918000,33.359000,,931.360000,964.609000,259.000000,182.000000,214.000000,214.000000,False,MEDIUM,1.000000,True,Mercedes,823.086000,,1,,False,,False,False
2026,10,Belgian Grand Prix,FP2,1071.440000,ANT,12,antonelli,mercedes,106.911000,2.000000,1.000000,,,30.975000,47.236000,28.700000,995.504000,1042.740000,1071.440000,297.000000,213.000000,219.000000,301.000000,True,MEDIUM,2.000000,True,Mercedes,964.529000,,1,,False,,False,True
2026,10,Belgian Grand Prix,FP2,1255.911000,ANT,12,antonelli,mercedes,,3.000000,1.000000,,,60.417000,86.452000,37.569000,1132.056000,1218.442000,1255.911000,109.000000,120.000000,216.000000,165.000000,False,MEDIUM,3.000000,True,Mercedes,1071.440000,,1,,False,,False,False
2026,10,Belgian Grand Prix,FP2,1362.962000,ANT,12,antonelli,mercedes,107.051000,4.000000,1.000000,,,30.927000,47.258000,28.866000,1286.838000,1334.096000,1362.962000,292.000000,211.000000,217.000000,303.000000,False,MEDIUM,4.000000,True,Mercedes,1255.911000,,1,,False,,False,True
2026,10,Belgian Grand Prix,FP2,1908.031000,ANT,12,antonelli,mercedes,,5.000000,1.000000,,1566.886000,66.141000,,,1429.262000,,,74.000000,,,165.000000,False,MEDIUM,5.000000,True,Mercedes,1362.962000,,152,,False,,False,False
2026,10,Belgian Grand Prix,FP2,2040.368000,ANT,12,antonelli,mercedes,,6.000000,2.000000,1908.031000,,,57.866000,33.438000,,2007.171000,2040.368000,278.000000,166.000000,215.000000,216.000000,False,SOFT,1.000000,True,Mercedes,1908.031000,,1,,False,,False,False
2026,10,Belgian Grand Prix,FP2,2146.312000,ANT,12,antonelli,mercedes,105.944000,7.000000,2.000000,,,30.536000,46.722000,28.686000,2070.904000,2117.626000,2146.312000,299.000000,212.000000,219.000000,307.000000,True,SOFT,2.000000,True,Mercedes,2040.368000,,1,,False,,False,True
2026,10,Belgian Grand Prix,FP2,2288.321000,ANT,12,antonelli,mercedes,142.009000,8.000000,2.000000,,2284.396000,39.316000,62.487000,40.206000,2185.628000,2248.115000,2288.321000,234.000000,167.000000,,228.000000,False,SOFT,3.000000,True,Mercedes,2146.312000,,1,,False,,False,False
2026,10,Belgian Grand Prix,FP2,2972.963000,ANT,12,antonelli,mercedes,,9.000000,3.000000,2822.239000,,,55.125000,29.849000,,2943.222000,2973.009000,301.000000,198.000000,217.000000,278.000000,False,MEDIUM,6.000000,False,Mercedes,2288.321000,,1,,False,,False,False
2026,10,Belgian Grand Prix,FP2,3084.414000,ANT,12,antonelli,mercedes,111.451000,10.000000,3.000000,,,31.307000,50.211000,29.933000,3004.270000,3054.481000,3084.414000,314.000000,201.000000,217.000000,300.000000,False,MEDIUM,7.000000,False,Mercedes,2972.963000,,1,,False,,False,True
2026,10,Belgian Grand Prix,FP2,3196.085000,ANT,12,antonelli,mercedes,111.671000,11.000000,3.000000,,,31.382000,50.281000,30.008000,3115.796000,3166.077000,3196.085000,315.000000,202.000000,216.000000,299.000000,False,MEDIUM,8.000000,False,Mercedes,3084.414000,,1,,False,,False,True
2026,10,Belgian Grand Prix,FP2,3307.474000,ANT,12,antonelli,mercedes,111.389000,12.000000,3.000000,,,31.400000,50.071000,29.918000,3227.485000,3277.556000,3307.474000,312.000000,202.000000,216.000000,298.000000,False,MEDIUM,9.000000,False,Mercedes,3196.085000,,1,,False,,False,True
2026,10,Belgian Grand Prix,FP2,3419.007000,ANT,12,antonelli,mercedes,111.533000,13.000000,3.000000,,,31.436000,50.112000,29.985000,3338.910000,3389.022000,3419.007000,314.000000,201.000000,215.000000,298.000000,False,MEDIUM,10.000000,False,Mercedes,3307.474000,,1,,False,,False,True
2026,10,Belgian Grand Prix,FP2,4341.199000,ANT,12,antonelli,mercedes,,14.000000,3.000000,,3537.842000,31.492000,50.383000,,3450.606000,3501.015000,,312.000000,200.000000,,,False,MEDIUM,11.000000,False,Mercedes,3419.007000,,125,,False,,False,False
2026,10,Belgian Grand Prix,FP2,4494.089000,ANT,12,antonelli,mercedes,,15.000000,4.000000,4341.199000,,,51.854000,30.226000,,4464.002000,4494.089000,294.000000,191.000000,210.000000,260.000000,False,SOFT,4.000000,False,Mercedes,4341.199000,,1,,False,,False,False
2026,10,Belgian Grand Prix,FP2,4643.594000,ANT,12,antonelli,mercedes,149.505000,16.000000,4.000000,,,45.343000,61.648000,42.514000,4539.432000,4601.080000,4643.594000,204.000000,140.000000,93.000000,197.000000,False,SOFT,5.000000,False,Mercedes,4494.089000,,1,,False,,False,True
2026,10,Belgian Grand Prix,FP2,4829.528000,ANT,12,antonelli,mercedes,,17.000000,4.000000,,,67.668000,66.880000,51.253000,4711.478000,4778.327000,4829.528000,267.000000,147.000000,49.000000,294.000000,False,SOFT,6.000000,False,Mercedes,4643.594000,,1,,False,,False,False
2026,10,Belgian Grand Prix,FP2,4994.491000,ANT,12,antonelli,mercedes,,18.000000,4.000000,,4990.591000,80.345000,49.698000,34.953000,4909.922000,4959.618000,4994.491000,304.000000,208.000000,,293.000000,False,SOFT,7.000000,False,Mercedes,4829.528000,,1,,False,,False,False
2026,10,Belgian Grand Prix,FP2,1023.078000,ALO,14,alonso,aston_martin,,1.000000,1.000000,886.336000,,,58.897000,42.843000,,980.536000,1023.342000,270.000000,180.000000,202.000000,259.000000,False,MEDIUM,1.000000,True,Aston Martin,886.336000,,1,,False,,False,False
2026,10,Belgian Grand Prix,FP2,1136.791000,ALO,14,alonso,aston_martin,113.713000,2.000000,1.000000,,,32.466000,51.373000,29.874000,1055.544000,1106.917000,1136.791000,278.000000,203.000000,201.000000,296.000000,True,MEDIUM,2.000000,True,Aston Martin,1023.078000,,1,,False,,False,True
2026,10,Belgian Grand Prix,FP2,1305.458000,ALO,14,alonso,aston_martin,,3.000000,1.000000,,,52.895000,76.745000,38.937000,1190.038000,1266.752000,1305.566000,168.000000,123.000000,203.000000,169.000000,False,MEDIUM,3.000000,True,Aston Martin,1136.791000,,1,,False,,False,False
2026,10,Belgian Grand Prix,FP2,1418.390000,ALO,14,alonso,aston_martin,112.932000,4.000000,1.000000,,,32.345000,50.714000,29.873000,1337.803000,1388.517000,1418.390000,278.000000,207.000000,194.000000,295.000000,True,MEDIUM,4.000000,True,Aston Martin,1305.458000,,1,,False,,False,True
2026,10,Belgian Grand Prix,FP2,1872.700000,ALO,14,alonso,aston_martin,,5.000000,1.000000,,1602.355000,53.435000,,,1472.039000,,,171.000000,,,146.000000,False,MEDIUM,5.000000,True,Aston Martin,1418.390000,,152,,False,,False,False
2026,10,Belgian Grand Prix,FP2,1994.862000,ALO,14,alonso,aston_martin,,6.000000,2.000000,1872.700000,,,58.011000,33.494000,,1961.500000,1994.862000,264.000000,188.000000,207.000000,242.000000,False,MEDIUM,6.000000,False,Aston Martin,1872.700000,,1,,False,,False,False
2026,10,Belgian Grand Prix,FP2,2107.617000,ALO,14,alonso,aston_martin,112.755000,7.000000,2.000000,,,32.200000,50.568000,29.987000,2027.062000,2077.630000,2107.617000,277.000000,206.000000,196.000000,295.000000,True,MEDIUM,7.000000,False,Aston Martin,1994.862000,,1,,False,,False,True
2026,10,Belgian Grand Prix,FP2,2260.877000,ALO,14,alonso,aston_martin,,8.000000,2.000000,,,36.358000,64.272000,52.568000,2144.160000,2208.450000,2260.877000,232.000000,129.000000,203.000000,249.000000,False,MEDIUM,8.000000,False,Aston Martin,2107.617000,,1,,False,,False,False
2026,10,Belgian Grand Prix,FP2,2388.712000,ALO,14,alonso,aston_martin,127.835000,9.000000,2.000000,,2384.814000,32.503000,51.109000,44.223000,2293.380000,2344.489000,2388.712000,271.000000,163.000000,,291.000000,False,MEDIUM,9.000000,False,Aston Martin,2260.877000,,1,,False,,False,False
2026,10,Belgian Grand Prix,FP2,2720.171000,ALO,14,alonso,aston_martin,,10.000000,3.000000,2576.421000,,,68.835000,41.877000,,2678.338000,2720.179000,261.000000,184.000000,206.000000,225.000000,False,SOFT,1.000000,True,Aston Martin,2388.712000,,1,,False,,False,False
2026,10,Belgian Grand Prix,FP2,2867.945000,ALO,14,alonso,aston_martin,147.774000,11.000000,3.000000,,,42.824000,69.624000,35.326000,2762.995000,2832.619000,2867.945000,264.000000,108.000000,207.000000,187.000000,False,SOFT,2.000000,True,Aston Martin,2720.171000,,1,,False,,False,True
2026,10,Belgian Grand Prix,FP2,2979.363000,ALO,14,alonso,aston_martin,111.418000,12.000000,3.000000,,,32.190000,49.677000,29.551000,2900.135000,2949.812000,2979.363000,277.000000,210.000000,200.000000,294.000000,True,SOFT,3.000000,True,Aston Martin,2867.945000,,1,,False,,False,True
2026,10,Belgian Grand Prix,FP2,3149.239000,ALO,14,alonso,aston_martin,,13.000000,3.000000,,,48.503000,84.600000,36.793000,3027.887000,3112.626000,3149.239000,180.000000,111.000000,207.000000,167.000000,False,SOFT,4.000000,True,Aston Martin,2979.363000,,1,,False,,False,False
2026,10,Belgian Grand Prix,FP2,3260.770000,ALO,14,alonso,aston_martin,111.531000,14.000000,3.000000,,,31.930000,49.930000,29.671000,3181.169000,3231.099000,3260.770000,285.000000,206.000000,195.000000,297.000000,False,SOFT,5.000000,True,Aston Martin,3149.239000,,1,,False,,False,True
2026,10,Belgian Grand Prix,FP2,3507.835000,ALO,14,alonso,aston_martin,,15.000000,3.000000,,3501.080000,59.074000,,83.451000,3319.980000,,3507.835000,94.000000,107.000000,,193.000000,False,SOFT,6.000000,True,Aston Martin,3260.770000,,12,,False,,False,False
2026,10,Belgian Grand Prix,FP2,4425.028000,ALO,14,alonso,aston_martin,,16.000000,4.000000,4304.012000,,,54.144000,33.139000,,4391.999000,4425.068000,288.000000,187.000000,189.000000,274.000000,False,SOFT,7.000000,False,Aston Martin,4304.012000,,1,,False,,False,False
2026,10,Belgian Grand Prix,FP2,4559.941000,ALO,14,alonso,aston_martin,134.913000,17.000000,4.000000,,,34.567000,55.359000,44.987000,4459.595000,4514.954000,4559.941000,285.000000,166.000000,60.000000,271.000000,False,SOFT,8.000000,False,Aston Martin,4425.028000,,1,,False,,False,True
2026,10,Belgian Grand Prix,FP2,4719.235000,ALO,14,alonso,aston_martin,,18.000000,4.000000,,,62.083000,54.716000,42.464000,4622.139000,4676.771000,4719.407000,290.000000,190.000000,48.000000,286.000000,False,SOFT,9.000000,False,Aston Martin,4559.941000,,1,,False,,False,False
2026,10,Belgian Grand Prix,FP2,4893.838000,ALO,14,alonso,aston_martin,,19.000000,4.000000,,4863.133000,57.887000,52.109000,64.512000,4777.217000,4829.360000,4894.037000,289.000000,194.000000,,292.000000,False,SOFT,10.000000,False,Aston Martin,4719.235000,,1,,False,,False,False
2026,10,Belgian Grand Prix,FP2,981.166000,LEC,16,leclerc,ferrari,,1.000000,1.000000,841.117000,,,56.944000,37.496000,,943.911000,981.316000,272.000000,175.000000,219.000000,216.000000,False,MEDIUM,1.000000,True,Ferrari,841.117000,,1,,False,,False,False
2026,10,Belgian Grand Prix,FP2,1088.746000,LEC,16,leclerc,ferrari,107.580000,2.000000,1.000000,,,31.058000,47.589000,28.933000,1012.224000,1059.813000,1088.746000,302.000000,212.000000,202.000000,302.000000,True,MEDIUM,2.000000,True,Ferrari,981.166000,,1,,False,,False,True
2026,10,Belgian Grand Prix,FP2,1278.409000,LEC,16,leclerc,ferrari,,3.000000,1.000000,,,62.686000,91.713000,35.198000,1151.697000,1243.390000,1278.409000,138.000000,102.000000,219.000000,132.000000,False,MEDIUM,3.000000,True,Ferrari,1088.746000,,1,,False,,False,False
2026,10,Belgian Grand Prix,FP2,1385.980000,LEC,16,leclerc,ferrari,107.571000,4.000000,1.000000,,,31.142000,47.478000,28.951000,1309.551000,1357.029000,1385.980000,299.000000,198.000000,203.000000,303.000000,True,MEDIUM,4.000000,True,Ferrari,1278.409000,,1,,False,,False,True
2026,10,Belgian Grand Prix,FP2,2065.769000,LEC,16,leclerc,ferrari,,5.000000,1.000000,,1563.258000,45.502000,,,1431.653000,,,190.000000,,,191.000000,False,MEDIUM,5.000000,True,Ferrari,1385.980000,,152,,False,,False,False
2026,10,Belgian Grand Prix,FP2,2203.200000,LEC,16,leclerc,ferrari,,6.000000,2.000000,2065.769000,,,64.619000,33.482000,,2169.886000,2203.303000,273.000000,152.000000,220.000000,212.000000,False,SOFT,1.000000,True,Ferrari,2065.769000,,1,,False,,False,False
2026,10,Belgian Grand Prix,FP2,2310.235000,LEC,16,leclerc,ferrari,107.035000,7.000000,2.000000,,,30.787000,47.213000,29.035000,2233.987000,2281.200000,2310.235000,301.000000,210.000000,208.000000,302.000000,False,SOFT,2.000000,True,Ferrari,2203.200000,,1,,True,TRACK LIMITS AT TURN 4 LAP 8 ,False,True
2026,10,Belgian Grand Prix,FP2,2481.439000,LEC,16,leclerc,ferrari,,8.000000,2.000000,,2477.583000,49.252000,73.661000,48.207000,2359.638000,2433.287000,2481.439000,165.000000,132.000000,,162.000000,False,SOFT,3.000000,True,Ferrari,2310.235000,,1,,False,,False,False
2026,10,Belgian Grand Prix,FP2,2680.550000,LEC,16,leclerc,ferrari,,9.000000,3.000000,2558.678000,,,59.101000,32.513000,,2648.280000,2680.738000,253.000000,185.000000,219.000000,278.000000,False,SOFT,4.000000,False,Ferrari,2481.439000,,1,,False,,False,False
2026,10,Belgian Grand Prix,FP2,2788.018000,LEC,16,leclerc,ferrari,107.468000,10.000000,3.000000,,,31.039000,47.504000,28.925000,2711.589000,2759.093000,2788.018000,299.000000,215.000000,206.000000,302.000000,True,SOFT,5.000000,False,Ferrari,2680.550000,,1,,False,,False,True
2026,10,Belgian Grand Prix,FP2,2929.056000,LEC,16,leclerc,ferrari,141.038000,11.000000,3.000000,,2925.321000,44.706000,55.173000,41.159000,2832.724000,2887.897000,2929.056000,133.000000,179.000000,,207.000000,False,SOFT,6.000000,False,Ferrari,2788.018000,,1,,False,,False,False
2026,10,Belgian Grand Prix,FP2,3386.526000,LEC,16,leclerc,ferrari,,12.000000,4.000000,3240.578000,,,54.369000,33.236000,,3353.426000,3386.571000,312.000000,181.000000,211.000000,279.000000,False,MEDIUM,6.000000,False,Ferrari,2929.056000,,1,,False,,False,False
2026,10,Belgian Grand Prix,FP2,3498.170000,LEC,16,leclerc,ferrari,111.644000,13.000000,4.000000,,,32.211000,49.631000,29.802000,3418.737000,3468.368000,3498.170000,303.000000,201.000000,210.000000,289.000000,False,MEDIUM,7.000000,False,Ferrari,3386.526000,,1,,False,,False,True
2026,10,Belgian Grand Prix,FP2,4311.533000,LEC,16,leclerc,ferrari,,14.000000,4.000000,,3661.228000,,,,,,,,,,,False,MEDIUM,8.000000,False,Ferrari,3498.170000,,125,,False,,False,False
2026,10,Belgian Grand Prix,FP2,4426.498000,LEC,16,leclerc,ferrari,,15.000000,5.000000,4311.533000,,,51.686000,29.845000,,4396.860000,4426.498000,294.000000,201.000000,212.000000,256.000000,False,MEDIUM,9.000000,False,Ferrari,4311.533000,,1,,False,,False,False
2026,10,Belgian Grand Prix,FP2,4553.929000,LEC,16,leclerc,ferrari,127.431000,16.000000,5.000000,,,32.533000,51.594000,43.304000,4459.031000,4510.625000,4553.929000,309.000000,189.000000,76.000000,281.000000,False,MEDIUM,10.000000,False,Ferrari,4426.498000,,1,,False,,False,True
2026,10,Belgian Grand Prix,FP2,4725.942000,LEC,16,leclerc,ferrari,,17.000000,5.000000,,,63.976000,60.728000,47.245000,4617.992000,4678.761000,4725.942000,228.000000,159.000000,63.000000,241.000000,False,MEDIUM,11.000000,False,Ferrari,4553.929000,,1,,False,,False,False
2026,10,Belgian Grand Prix,FP2,4876.739000,LEC,16,leclerc,ferrari,,18.000000,5.000000,,4872.978000,60.492000,50.844000,39.513000,4786.479000,4837.405000,4876.739000,309.000000,181.000000,,289.000000,False,MEDIUM,12.000000,False,Ferrari,4725.942000,,1,,False,,False,False
2026,10,Belgian Grand Prix,FP2,1033.717000,STR,18,stroll,aston_martin,,1.000000,1.000000,900.993000,,,59.479000,37.869000,,996.012000,1033.850000,251.000000,169.000000,202.000000,263.000000,False,MEDIUM,1.000000,True,Aston Martin,900.993000,,1,,False,,False,False
2026,10,Belgian Grand Prix,FP2,1146.265000,STR,18,stroll,aston_martin,112.548000,2.000000,1.000000,,,32.257000,50.438000,29.853000,1065.974000,1116.412000,1146.265000,280.000000,201.000000,195.000000,294.000000,True,MEDIUM,2.000000,True,Aston Martin,1033.717000,,1,,False,,False,True
2026,10,Belgian Grand Prix,FP2,1331.808000,STR,18,stroll,aston_martin,,3.000000,1.000000,,,48.956000,87.989000,48.507000,1195.362000,1283.407000,1331.818000,144.000000,119.000000,199.000000,200.000000,False,MEDIUM,3.000000,True,Aston Martin,1146.265000,,1,,False,,False,False
2026,10,Belgian Grand Prix,FP2,1444.836000,STR,18,stroll,aston_martin,113.028000,4.000000,1.000000,,,32.585000,50.556000,29.887000,1364.393000,1414.949000,1444.836000,271.000000,201.000000,200.000000,294.000000,False,MEDIUM,4.000000,True,Aston Martin,1331.808000,,1,,False,,False,True
2026,10,Belgian Grand Prix,FP2,1895.131000,STR,18,stroll,aston_martin,,5.000000,1.000000,,1615.238000,40.650000,,,1485.566000,,,244.000000,,,214.000000,False,MEDIUM,5.000000,True,Aston Martin,1444.836000,,152,,False,,False,False
2026,10,Belgian Grand Prix,FP2,2020.611000,STR,18,stroll,aston_martin,,6.000000,2.000000,1895.131000,,,57.416000,33.802000,,1987.071000,2020.717000,255.000000,162.000000,205.000000,269.000000,False,MEDIUM,6.000000,False,Aston Martin,1895.131000,,1,,False,,False,False
2026,10,Belgian Grand Prix,FP2,2132.898000,STR,18,stroll,aston_martin,112.287000,7.000000,2.000000,,,32.054000,50.358000,29.875000,2052.665000,2103.023000,2132.898000,282.000000,203.000000,196.000000,295.000000,True,MEDIUM,7.000000,False,Aston Martin,2020.611000,,1,,False,,False,True
2026,10,Belgian Grand Prix,FP2,2287.097000,STR,18,stroll,aston_martin,,8.000000,2.000000,,2283.079000,49.130000,63.900000,41.096000,2182.116000,2246.006000,2287.097000,188.000000,157.000000,,201.000000,False,MEDIUM,8.000000,False,Aston Martin,2132.898000,,1,,False,,False,False
2026,10,Belgian Grand Prix,FP2,2696.942000,STR,18,stroll,aston_martin,,9.000000,3.000000,2573.915000,,,59.245000,34.217000,,2662.851000,2696.942000,262.000000,165.000000,207.000000,272.000000,False,SOFT,1.000000,True,Aston Martin,2287.097000,,1,,False,,False,False
2026,10,Belgian Grand Prix,FP2,2808.365000,STR,18,stroll,aston_martin,111.423000,10.000000,3.000000,,,32.003000,49.884000,29.536000,2728.945000,2778.829000,2808.365000,278.000000,205.000000,193.000000,295.000000,True,SOFT,2.000000,True,Aston Martin,2696.942000,,1,,False,,False,True
2026,10,Belgian Grand Prix,FP2,2975.972000,STR,18,stroll,aston_martin,,11.000000,3.000000,,,53.330000,77.338000,37.006000,2861.853000,2939.122000,2976.054000,161.000000,160.000000,205.000000,201.000000,False,SOFT,3.000000,True,Aston Martin,2808.365000,,1,,False,,False,False
2026,10,Belgian Grand Prix,FP2,3087.103000,STR,18,stroll,aston_martin,111.131000,12.000000,3.000000,,,31.764000,49.870000,29.497000,3007.736000,3057.606000,3087.103000,287.000000,201.000000,194.000000,300.000000,True,SOFT,4.000000,True,Aston Martin,2975.972000,,1,,False,,False,True
2026,10,Belgian Grand Prix,FP2,3231.597000,STR,18,stroll,aston_martin,144.494000,13.000000,3.000000,,3227.766000,41.141000,62.824000,40.529000,3128.244000,3191.068000,3231.597000,228.000000,170.000000,,189.000000,False,SOFT,5.000000,True,Aston Martin,3087.103000,,1,,False,,False,False
2026,10,Belgian Grand Prix,FP2,4423.714000,STR,18,stroll,aston_martin,,14.000000,4.000000,4302.446000,,,54.822000,32.271000,,4391.563000,4423.714000,291.000000,187.000000,199.000000,247.000000,False,MEDIUM,9.000000,False,Aston Martin,4302.446000,,1,,False,,False,False
2026,10,Belgian Grand Prix,FP2,4569.583000,STR,18,stroll,aston_martin,145.869000,15.000000,4.000000,,,33.220000,62.320000,50.329000,4456.934000,4519.254000,4569.583000,285.000000,144.000000,90.000000,288.000000,False,MEDIUM,10.000000,False,Aston Martin,4423.714000,,1,,False,,False,True
2026,10,Belgian Grand Prix,FP2,4737.590000,STR,18,stroll,aston_martin,,16.000000,4.000000,,,64.184000,58.565000,45.349000,4633.846000,4692.436000,4737.590000,291.000000,170.000000,86.000000,289.000000,False,MEDIUM,11.000000,False,Aston Martin,4569.583000,,1,,False,,False,False
2026,10,Belgian Grand Prix,FP2,4910.834000,STR,18,stroll,aston_martin,,17.000000,4.000000,,4906.844000,65.850000,63.688000,43.655000,4803.656000,4867.319000,4910.834000,268.000000,146.000000,,256.000000,False,MEDIUM,12.000000,False,Aston Martin,4737.590000,,1,,False,,False,False
2026,10,Belgian Grand Prix,FP2,973.535000,ALB,23,albon,williams,,1.000000,1.000000,830.510000,,,66.745000,33.833000,,939.826000,973.554000,243.000000,153.000000,208.000000,268.000000,False,MEDIUM,1.000000,True,Williams,830.510000,,1,,False,,False,False
2026,10,Belgian Grand Prix,FP2,1082.750000,ALB,23,albon,williams,109.215000,2.000000,1.000000,,,31.390000,48.858000,28.967000,1004.925000,1053.783000,1082.750000,307.000000,207.000000,212.000000,299.000000,True,MEDIUM,2.000000,True,Williams,973.535000,,1,,False,,False,True
2026,10,Belgian Grand Prix,FP2,1261.162000,ALB,23,albon,williams,,3.000000,1.000000,,,59.501000,82.680000,36.431000,1142.261000,1225.068000,1261.380000,148.000000,165.000000,213.000000,140.000000,False,MEDIUM,3.000000,True,Williams,1082.750000,,1,,False,,False,False
2026,10,Belgian Grand Prix,FP2,1369.927000,ALB,23,albon,williams,108.765000,4.000000,1.000000,,,31.127000,48.848000,28.790000,1292.289000,1341.137000,1369.927000,308.000000,206.000000,216.000000,302.000000,True,MEDIUM,4.000000,True,Williams,1261.162000,,1,,False,,False,True
2026,10,Belgian Grand Prix,FP2,1891.429000,ALB,23,albon,williams,,5.000000,1.000000,,1550.464000,47.801000,,,1418.063000,,,179.000000,,,162.000000,False,MEDIUM,5.000000,True,Williams,1369.927000,,152,,False,,False,False
2026,10,Belgian Grand Prix,FP2,2018.552000,ALB,23,albon,williams,,6.000000,2.000000,1891.429000,,,61.651000,33.162000,,1985.624000,2018.799000,243.000000,159.000000,212.000000,252.000000,False,SOFT,1.000000,True,Williams,1891.429000,,1,,False,,False,False
2026,10,Belgian Grand Prix,FP2,2126.571000,ALB,23,albon,williams,108.019000,7.000000,2.000000,,,30.961000,48.210000,28.848000,2049.513000,2097.723000,2126.571000,309.000000,213.000000,211.000000,303.000000,True,SOFT,2.000000,True,Williams,2018.552000,,1,,False,,False,True
2026,10,Belgian Grand Prix,FP2,2306.510000,ALB,23,albon,williams,,8.000000,2.000000,,,53.007000,92.244000,34.527000,2179.841000,2272.058000,2306.510000,196.000000,116.000000,212.000000,157.000000,False,SOFT,3.000000,True,Williams,2126.571000,,1,,False,,False,False
2026,10,Belgian Grand Prix,FP2,2427.037000,ALB,23,albon,williams,120.527000,9.000000,2.000000,,2423.247000,31.500000,51.597000,37.430000,2338.010000,2389.607000,2427.037000,302.000000,162.000000,,298.000000,False,SOFT,4.000000,True,Williams,2306.510000,,1,,False,,False,False
2026,10,Belgian Grand Prix,FP2,2930.990000,ALB,23,albon,williams,,10.000000,3.000000,2813.750000,,,53.079000,30.024000,,2901.059000,2931.099000,154.000000,197.000000,216.000000,243.000000,False,SOFT,5.000000,False,Williams,2427.037000,,1,,False,,False,False
2026,10,Belgian Grand Prix,FP2,3043.548000,ALB,23,albon,williams,112.558000,11.000000,3.000000,,,31.561000,50.881000,30.116000,2962.551000,3013.432000,3043.548000,314.000000,200.000000,213.000000,296.000000,False,SOFT,6.000000,False,Williams,2930.990000,,1,,False,,False,True
2026,10,Belgian Grand Prix,FP2,3161.145000,ALB,23,albon,williams,117.597000,12.000000,3.000000,,3157.223000,31.819000,51.171000,34.607000,3075.367000,3126.538000,3161.145000,311.000000,198.000000,,295.000000,False,SOFT,7.000000,False,Williams,3043.548000,,1,,False,,False,False
2026,10,Belgian Grand Prix,FP2,3295.530000,ALB,23,albon,williams,134.385000,13.000000,4.000000,3184.988000,,52.438000,51.348000,30.599000,3213.583000,3264.931000,3295.530000,307.000000,195.000000,218.000000,283.000000,False,MEDIUM,6.000000,False,Williams,3161.145000,,1,,False,,False,False
2026,10,Belgian Grand Prix,FP2,3409.067000,ALB,23,albon,williams,113.537000,14.000000,4.000000,,,31.583000,51.498000,30.456000,3327.113000,3378.611000,3409.067000,315.000000,195.000000,217.000000,295.000000,False,MEDIUM,7.000000,False,Williams,3295.530000,,1,,False,,False,True
2026,10,Belgian Grand Prix,FP2,4313.040000,ALB,23,albon,williams,,15.000000,4.000000,,3696.444000,31.767000,51.836000,,3441.029000,3492.890000,,304.000000,195.000000,,299.000000,False,MEDIUM,8.000000,False,Williams,3409.067000,,125,,False,,False,False
2026,10,Belgian Grand Prix,FP2,4446.801000,ALB,23,albon,williams,,16.000000,5.000000,4313.040000,,,57.434000,32.751000,,4414.124000,4446.888000,124.000000,191.000000,220.000000,199.000000,False,MEDIUM,9.000000,False,Williams,4313.040000,,1,,False,,False,False
2026,10,Belgian Grand Prix,FP2,4592.630000,ALB,23,albon,williams,145.829000,17.000000,5.000000,,,33.730000,57.404000,54.695000,4480.531000,4537.935000,4592.630000,303.000000,138.000000,71.000000,281.000000,False,MEDIUM,10.000000,False,Williams,4446.801000,,1,,False,,False,True
2026,10,Belgian Grand Prix,FP2,4750.854000,ALB,23,albon,williams,,18.000000,5.000000,,,56.650000,56.454000,45.130000,4649.462000,4705.802000,4750.854000,314.000000,175.000000,54.000000,292.000000,False,MEDIUM,11.000000,False,Williams,4592.630000,,1,,False,,False,False
2026,10,Belgian Grand Prix,FP2,4904.338000,ALB,23,albon,williams,,19.000000,5.000000,,4900.321000,55.658000,61.097000,36.651000,4806.693000,4867.693000,4904.338000,293.000000,156.000000,,278.000000,False,MEDIUM,12.000000,False,Williams,4750.854000,,1,,False,,False,False
2026,10,Belgian Grand Prix,FP2,1012.266000,HUL,27,hulkenberg,audi,,1.000000,1.000000,874.509000,,,59.425000,40.800000,,971.538000,1012.394000,170.000000,169.000000,211.000000,233.000000,False,MEDIUM,1.000000,True,Audi,874.509000,,1,,False,,False,False
2026,10,Belgian Grand Prix,FP2,1158.423000,HUL,27,hulkenberg,audi,146.157000,2.000000,1.000000,,1154.478000,34.414000,69.138000,42.605000,1046.680000,1115.818000,1158.423000,177.000000,83.000000,,270.000000,False,MEDIUM,2.000000,True,Audi,1012.266000,,1,,False,,False,False
2026,10,Belgian Grand Prix,FP2,1438.899000,HUL,27,hulkenberg,audi,,3.000000,2.000000,1289.309000,,,59.425000,35.057000,,1403.897000,1438.899000,233.000000,171.000000,216.000000,221.000000,False,MEDIUM,3.000000,False,Audi,1158.423000,,1,,False,,False,False
2026,10,Belgian Grand Prix,FP2,1870.827000,HUL,27,hulkenberg,audi,,4.000000,2.000000,,1578.365000,31.358000,,,1470.240000,,,295.000000,,,308.000000,False,MEDIUM,4.000000,False,Audi,1438.899000,,152,,False,,False,False
2026,10,Belgian Grand Prix,FP2,2010.442000,HUL,27,hulkenberg,audi,,5.000000,3.000000,1870.827000,,,69.887000,36.936000,,1973.765000,2010.577000,229.000000,145.000000,217.000000,226.000000,False,MEDIUM,5.000000,False,Audi,1870.827000,,1,,False,,False,False
2026,10,Belgian Grand Prix,FP2,2119.833000,HUL,27,hulkenberg,audi,109.391000,6.000000,3.000000,,,31.489000,48.731000,29.171000,2041.931000,2090.662000,2119.833000,297.000000,206.000000,206.000000,306.000000,True,MEDIUM,6.000000,False,Audi,2010.442000,,1,,False,,False,True
2026,10,Belgian Grand Prix,FP2,2288.748000,HUL,27,hulkenberg,audi,,7.000000,3.000000,,,48.010000,75.653000,45.148000,2168.061000,2243.765000,2288.830000,189.000000,135.000000,216.000000,192.000000,False,MEDIUM,7.000000,False,Audi,2119.833000,,1,,False,,False,False
2026,10,Belgian Grand Prix,FP2,2404.450000,HUL,27,hulkenberg,audi,115.702000,8.000000,3.000000,,2400.600000,31.457000,48.969000,35.276000,2320.205000,2369.174000,2404.450000,297.000000,208.000000,,307.000000,False,MEDIUM,8.000000,False,Audi,2288.748000,,1,,False,,False,False
2026,10,Belgian Grand Prix,FP2,2920.915000,HUL,27,hulkenberg,audi,,9.000000,4.000000,2783.705000,,,66.656000,35.207000,,2885.965000,2921.010000,261.000000,167.000000,218.000000,216.000000,False,SOFT,1.000000,True,Audi,2404.450000,,1,,False,,False,False
2026,10,Belgian Grand Prix,FP2,3029.248000,HUL,27,hulkenberg,audi,108.333000,10.000000,4.000000,,,31.271000,48.050000,29.012000,2952.186000,3000.236000,3029.248000,299.000000,210.000000,207.000000,309.000000,True,SOFT,2.000000,True,Audi,2920.915000,,1,,False,,False,True
2026,10,Belgian Grand Prix,FP2,3208.345000,HUL,27,hulkenberg,audi,,11.000000,4.000000,,,54.013000,78.720000,46.326000,3083.478000,3162.198000,3208.415000,163.000000,131.000000,220.000000,199.000000,False,SOFT,3.000000,True,Audi,3029.248000,,1,,False,,False,False
2026,10,Belgian Grand Prix,FP2,3324.026000,HUL,27,hulkenberg,audi,115.681000,12.000000,4.000000,,3320.131000,31.193000,48.781000,35.707000,3239.538000,3288.319000,3324.026000,306.000000,205.000000,,291.000000,False,SOFT,4.000000,True,Audi,3208.345000,,1,,False,,False,False
2026,10,Belgian Grand Prix,FP2,4435.183000,HUL,27,hulkenberg,audi,,13.000000,5.000000,4293.797000,,,54.490000,31.321000,,4403.975000,4435.234000,299.000000,181.000000,209.000000,215.000000,False,MEDIUM,9.000000,False,Audi,4293.797000,,1,,False,,False,False
2026,10,Belgian Grand Prix,FP2,4581.404000,HUL,27,hulkenberg,audi,146.221000,14.000000,5.000000,,,35.460000,61.746000,49.015000,4470.643000,4532.389000,4581.404000,266.000000,141.000000,65.000000,245.000000,False,MEDIUM,10.000000,False,Audi,4435.183000,,1,,False,,False,True
2026,10,Belgian Grand Prix,FP2,4744.396000,HUL,27,hulkenberg,audi,,15.000000,5.000000,,,65.327000,53.104000,44.629000,4646.853000,4699.939000,4744.396000,309.000000,175.000000,47.000000,298.000000,False,MEDIUM,11.000000,False,Audi,4581.404000,,1,,False,,False,False
2026,10,Belgian Grand Prix,FP2,4888.271000,HUL,27,hulkenberg,audi,143.875000,16.000000,5.000000,,4884.358000,56.079000,52.882000,34.914000,4800.475000,4853.357000,4888.271000,299.000000,196.000000,,279.000000,False,MEDIUM,12.000000,False,Audi,4744.396000,,1,,False,,False,False
2026,10,Belgian Grand Prix,FP2,998.614000,LAW,30,lawson,rb,,1.000000,1.000000,855.913000,,,60.542000,34.612000,,964.149000,998.614000,253.000000,164.000000,183.000000,210.000000,False,MEDIUM,1.000000,True,Racing Bulls,855.913000,,1,,False,,False,False
2026,10,Belgian Grand Prix,FP2,1157.408000,LAW,30,lawson,rb,,2.000000,1.000000,,1153.415000,42.650000,71.421000,44.701000,1041.421000,1112.789000,1157.408000,255.000000,160.000000,,229.000000,False,MEDIUM,2.000000,True,Racing Bulls,998.614000,,1,,False,,False,False
2026,10,Belgian Grand Prix,FP2,1962.152000,LAW,30,lawson,rb,,3.000000,2.000000,1834.110000,,,57.141000,32.692000,,1929.745000,1962.369000,261.000000,180.000000,219.000000,211.000000,False,MEDIUM,3.000000,False,Racing Bulls,1834.110000,,1,,False,,False,False
2026,10,Belgian Grand Prix,FP2,2069.958000,LAW,30,lawson,rb,107.806000,4.000000,2.000000,,,30.952000,47.802000,29.052000,1993.104000,2040.906000,2069.958000,295.000000,212.000000,190.000000,309.000000,True,MEDIUM,4.000000,False,Racing Bulls,1962.152000,,1,,False,,False,True
2026,10,Belgian Grand Prix,FP2,2224.464000,LAW,30,lawson,rb,,5.000000,2.000000,,,47.665000,69.802000,36.894000,2117.864000,2187.677000,2224.477000,178.000000,140.000000,220.000000,204.000000,False,MEDIUM,5.000000,False,Racing Bulls,2069.958000,,1,,False,,False,False
2026,10,Belgian Grand Prix,FP2,2332.296000,LAW,30,lawson,rb,107.832000,6.000000,2.000000,,,30.852000,48.015000,28.965000,2255.316000,2303.331000,2332.296000,295.000000,211.000000,194.000000,310.000000,False,MEDIUM,6.000000,False,Racing Bulls,2224.464000,,1,,False,,False,True
2026,10,Belgian Grand Prix,FP2,2463.980000,LAW,30,lawson,rb,131.684000,7.000000,2.000000,,2460.074000,39.637000,54.844000,37.203000,2371.933000,2426.777000,2463.980000,193.000000,179.000000,,214.000000,False,MEDIUM,7.000000,False,Racing Bulls,2332.296000,,1,,False,,False,False
2026,10,Belgian Grand Prix,FP2,2753.587000,LAW,30,lawson,rb,,8.000000,3.000000,2615.383000,,,65.774000,33.708000,,2720.088000,2753.616000,226.000000,166.000000,220.000000,216.000000,False,SOFT,1.000000,True,Racing Bulls,2463.980000,,1,,False,,False,False
2026,10,Belgian Grand Prix,FP2,2861.021000,LAW,30,lawson,rb,107.434000,9.000000,3.000000,,,30.877000,47.630000,28.927000,2784.464000,2832.094000,2861.021000,295.000000,212.000000,189.000000,310.000000,True,SOFT,2.000000,True,Racing Bulls,2753.587000,,1,,False,,False,True
2026,10,Belgian Grand Prix,FP2,3016.264000,LAW,30,lawson,rb,,10.000000,3.000000,,,42.030000,79.671000,33.573000,2903.202000,2982.890000,3016.399000,182.000000,144.000000,220.000000,223.000000,False,SOFT,3.000000,True,Racing Bulls,2861.021000,,1,,False,,False,False
2026,10,Belgian Grand Prix,FP2,3124.423000,LAW,30,lawson,rb,108.159000,11.000000,3.000000,,,30.771000,47.912000,29.476000,3047.035000,3094.947000,3124.423000,295.000000,211.000000,174.000000,310.000000,False,SOFT,4.000000,True,Racing Bulls,3016.264000,,1,,False,,False,True
2026,10,Belgian Grand Prix,FP2,3254.375000,LAW,30,lawson,rb,129.952000,12.000000,3.000000,,3250.608000,35.975000,51.990000,41.987000,3160.398000,3212.388000,3254.375000,290.000000,181.000000,,255.000000,False,SOFT,5.000000,True,Racing Bulls,3124.423000,,1,,False,,False,False
2026,10,Belgian Grand Prix,FP2,4422.950000,LAW,30,lawson,rb,,13.000000,4.000000,4305.953000,,,53.048000,30.679000,,4392.488000,4422.950000,269.000000,179.000000,210.000000,262.000000,False,MEDIUM,8.000000,False,Racing Bulls,4305.953000,,1,,False,,False,False
2026,10,Belgian Grand Prix,FP2,4564.051000,LAW,30,lawson,rb,141.101000,14.000000,4.000000,,,32.597000,61.886000,46.618000,4455.547000,4517.433000,4564.051000,296.000000,153.000000,81.000000,288.000000,False,MEDIUM,9.000000,False,Racing Bulls,4422.950000,,1,,False,,False,True
2026,10,Belgian Grand Prix,FP2,4733.552000,LAW,30,lawson,rb,,15.000000,4.000000,,,67.369000,52.466000,49.643000,4631.563000,4684.091000,4733.552000,303.000000,154.000000,45.000000,300.000000,False,MEDIUM,10.000000,False,Racing Bulls,4564.051000,,1,,False,,False,False
2026,10,Belgian Grand Prix,FP2,4897.324000,LAW,30,lawson,rb,,16.000000,4.000000,,4893.443000,61.852000,60.391000,41.520000,4795.530000,4855.904000,4897.324000,312.000000,143.000000,,300.000000,False,MEDIUM,11.000000,False,Racing Bulls,4733.552000,,1,,False,,False,False
2026,10,Belgian Grand Prix,FP2,1029.419000,OCO,31,ocon,haas,,1.000000,1.000000,897.896000,,,59.413000,36.000000,,993.788000,1029.609000,235.000000,167.000000,214.000000,220.000000,False,MEDIUM,1.000000,True,Haas F1 Team,897.896000,,1,,False,,False,False
2026,10,Belgian Grand Prix,FP2,1138.960000,OCO,31,ocon,haas,109.541000,2.000000,1.000000,,,31.475000,48.864000,29.202000,1060.894000,1109.758000,1138.960000,300.000000,209.000000,213.000000,301.000000,True,MEDIUM,2.000000,True,Haas F1 Team,1029.419000,,1,,False,,False,True
2026,10,Belgian Grand Prix,FP2,1311.985000,OCO,31,ocon,haas,,3.000000,1.000000,,,54.025000,80.130000,38.780000,1193.209000,1273.413000,1311.985000,148.000000,127.000000,213.000000,167.000000,False,MEDIUM,3.000000,True,Haas F1 Team,1138.960000,,1,,False,,False,False
2026,10,Belgian Grand Prix,FP2,1421.651000,OCO,31,ocon,haas,109.666000,4.000000,1.000000,,,31.597000,48.717000,29.352000,1343.582000,1392.299000,1421.651000,302.000000,209.000000,213.000000,301.000000,False,MEDIUM,4.000000,True,Haas F1 Team,1311.985000,,1,,False,,False,True
2026,10,Belgian Grand Prix,FP2,1839.369000,OCO,31,ocon,haas,,5.000000,1.000000,,1605.541000,53.098000,,,1474.872000,,,161.000000,,,154.000000,False,MEDIUM,5.000000,True,Haas F1 Team,1421.651000,,152,,False,,False,False
2026,10,Belgian Grand Prix,FP2,1967.536000,OCO,31,ocon,haas,,6.000000,2.000000,1839.369000,,,56.273000,36.341000,,1931.414000,1967.540000,262.000000,168.000000,213.000000,260.000000,False,MEDIUM,6.000000,False,Haas F1 Team,1839.369000,,1,,False,,False,False
2026,10,Belgian Grand Prix,FP2,2076.852000,OCO,31,ocon,haas,109.316000,7.000000,2.000000,,,31.481000,48.549000,29.286000,1999.017000,2047.566000,2076.852000,300.000000,208.000000,213.000000,299.000000,True,MEDIUM,7.000000,False,Haas F1 Team,1967.536000,,1,,False,,False,True
2026,10,Belgian Grand Prix,FP2,2218.702000,OCO,31,ocon,haas,141.850000,8.000000,2.000000,,2214.774000,40.491000,61.425000,39.934000,2117.343000,2178.768000,2218.702000,220.000000,171.000000,,221.000000,False,MEDIUM,8.000000,False,Haas F1 Team,2076.852000,,1,,False,,False,False
2026,10,Belgian Grand Prix,FP2,2520.572000,OCO,31,ocon,haas,,9.000000,3.000000,2384.631000,,,61.331000,34.145000,,2486.666000,2520.699000,277.000000,165.000000,217.000000,215.000000,False,SOFT,1.000000,True,Haas F1 Team,2218.702000,,1,,False,,False,False
2026,10,Belgian Grand Prix,FP2,2628.530000,OCO,31,ocon,haas,107.958000,10.000000,3.000000,,,31.011000,48.037000,28.910000,2551.583000,2599.620000,2628.530000,307.000000,209.000000,216.000000,301.000000,True,SOFT,2.000000,True,Haas F1 Team,2520.572000,,1,,False,,False,True
2026,10,Belgian Grand Prix,FP2,2811.483000,OCO,31,ocon,haas,,11.000000,3.000000,,,46.266000,90.427000,46.274000,2674.985000,2765.319000,2811.543000,189.000000,113.000000,165.000000,190.000000,False,SOFT,3.000000,True,Haas F1 Team,2628.530000,,1,,False,,False,False
2026,10,Belgian Grand Prix,FP2,2955.358000,OCO,31,ocon,haas,143.875000,12.000000,3.000000,,,46.685000,64.508000,32.682000,2858.168000,2922.676000,2955.358000,194.000000,162.000000,216.000000,192.000000,False,SOFT,4.000000,True,Haas F1 Team,2811.483000,,1,,False,,False,True
2026,10,Belgian Grand Prix,FP2,3063.977000,OCO,31,ocon,haas,108.619000,13.000000,3.000000,,,31.244000,48.243000,29.132000,2986.602000,3034.845000,3063.977000,299.000000,210.000000,218.000000,303.000000,False,SOFT,5.000000,True,Haas F1 Team,2955.358000,,1,,False,,False,True
2026,10,Belgian Grand Prix,FP2,3204.406000,OCO,31,ocon,haas,140.429000,14.000000,3.000000,,3200.513000,39.589000,59.165000,41.675000,3103.566000,3162.731000,3204.406000,260.000000,124.000000,,201.000000,False,SOFT,6.000000,True,Haas F1 Team,3063.977000,,1,,False,,False,False
2026,10,Belgian Grand Prix,FP2,4297.949000,OCO,31,ocon,haas,,15.000000,4.000000,3459.116000,3656.758000,,,,,,,304.000000,,,274.000000,False,MEDIUM,9.000000,False,Haas F1 Team,3204.406000,,125,,False,,False,False
2026,10,Belgian Grand Prix,FP2,4414.926000,OCO,31,ocon,haas,,16.000000,5.000000,4297.949000,,,51.788000,29.792000,,4385.182000,4414.934000,296.000000,200.000000,212.000000,263.000000,False,MEDIUM,10.000000,False,Haas F1 Team,4297.949000,,1,,False,,False,False
2026,10,Belgian Grand Prix,FP2,4556.725000,OCO,31,ocon,haas,141.799000,17.000000,5.000000,,,35.558000,59.468000,46.773000,4450.484000,4509.952000,4556.725000,260.000000,182.000000,51.000000,276.000000,False,MEDIUM,11.000000,False,Haas F1 Team,4414.926000,,1,,False,,False,True
2026,10,Belgian Grand Prix,FP2,4718.143000,OCO,31,ocon,haas,,18.000000,5.000000,,,57.094000,55.990000,48.425000,4613.906000,4669.796000,4718.173000,285.000000,179.000000,56.000000,287.000000,False,MEDIUM,12.000000,False,Haas F1 Team,4556.725000,,1,,False,,False,False
2026,10,Belgian Grand Prix,FP2,4857.382000,OCO,31,ocon,haas,139.239000,19.000000,5.000000,,4853.479000,53.101000,50.884000,35.254000,4771.244000,4822.128000,4857.382000,305.000000,203.000000,,282.000000,False,MEDIUM,13.000000,False,Haas F1 Team,4718.143000,,1,,False,,False,False
2026,10,Belgian Grand Prix,FP2,1016.902000,LIN,41,arvid_lindblad,rb,,1.000000,1.000000,862.736000,,,59.808000,42.719000,,974.397000,1017.023000,233.000000,185.000000,218.000000,173.000000,False,MEDIUM,1.000000,True,Racing Bulls,862.736000,,1,,False,,False,False
2026,10,Belgian Grand Prix,FP2,1124.962000,LIN,41,arvid_lindblad,rb,108.060000,2.000000,1.000000,,,30.955000,48.008000,29.097000,1047.857000,1095.865000,1124.962000,307.000000,215.000000,184.000000,305.000000,True,MEDIUM,2.000000,True,Racing Bulls,1016.902000,,1,,False,,False,True
2026,10,Belgian Grand Prix,FP2,1296.734000,LIN,41,arvid_lindblad,rb,,3.000000,1.000000,,,53.160000,80.790000,37.806000,1178.138000,1259.127000,1296.850000,143.000000,147.000000,221.000000,142.000000,False,MEDIUM,3.000000,True,Racing Bulls,1124.962000,,1,,False,,False,False
2026,10,Belgian Grand Prix,FP2,1404.049000,LIN,41,arvid_lindblad,rb,107.315000,4.000000,1.000000,,,30.818000,47.611000,28.886000,1327.552000,1375.163000,1404.049000,306.000000,215.000000,206.000000,308.000000,True,MEDIUM,4.000000,True,Racing Bulls,1296.734000,,1,,False,,False,True
2026,10,Belgian Grand Prix,FP2,1828.657000,LIN,41,arvid_lindblad,rb,,5.000000,1.000000,,1577.416000,50.184000,,,1454.527000,,,183.000000,,,148.000000,False,MEDIUM,5.000000,True,Racing Bulls,1404.049000,,152,,False,,False,False
2026,10,Belgian Grand Prix,FP2,1954.497000,LIN,41,arvid_lindblad,rb,,6.000000,2.000000,1828.657000,,,56.182000,32.674000,,1922.073000,1954.518000,268.000000,189.000000,222.000000,223.000000,False,MEDIUM,6.000000,False,Racing Bulls,1828.657000,,1,,False,,False,False
2026,10,Belgian Grand Prix,FP2,2062.397000,LIN,41,arvid_lindblad,rb,107.900000,7.000000,2.000000,,,30.820000,47.888000,29.192000,1985.317000,2033.205000,2062.397000,299.000000,211.000000,182.000000,308.000000,False,MEDIUM,7.000000,False,Racing Bulls,1954.497000,,1,,False,,False,True
2026,10,Belgian Grand Prix,FP2,2184.577000,LIN,41,arvid_lindblad,rb,122.180000,8.000000,2.000000,,2180.686000,35.822000,52.142000,34.216000,2098.219000,2150.361000,2184.577000,298.000000,206.000000,,220.000000,False,MEDIUM,8.000000,False,Racing Bulls,2062.397000,,1,,False,,False,False
2026,10,Belgian Grand Prix,FP2,2509.165000,LIN,41,arvid_lindblad,rb,,9.000000,3.000000,2377.038000,,,58.490000,36.144000,,2473.114000,2509.165000,223.000000,178.000000,214.000000,203.000000,False,SOFT,1.000000,True,Racing Bulls,2184.577000,,1,,False,,False,False
2026,10,Belgian Grand Prix,FP2,2616.900000,LIN,41,arvid_lindblad,rb,107.735000,10.000000,3.000000,,,30.777000,47.785000,29.173000,2539.942000,2587.727000,2616.900000,303.000000,215.000000,178.000000,307.000000,False,SOFT,2.000000,True,Racing Bulls,2509.165000,,1,,False,,False,True
2026,10,Belgian Grand Prix,FP2,2780.588000,LIN,41,arvid_lindblad,rb,,11.000000,3.000000,,,51.263000,77.814000,34.766000,2668.300000,2746.116000,2780.765000,158.000000,143.000000,221.000000,153.000000,False,SOFT,3.000000,True,Racing Bulls,2616.900000,,1,,False,,False,False
2026,10,Belgian Grand Prix,FP2,2887.882000,LIN,41,arvid_lindblad,rb,107.294000,12.000000,3.000000,,,30.816000,47.562000,28.916000,2811.404000,2858.966000,2887.882000,298.000000,211.000000,205.000000,309.000000,True,SOFT,4.000000,True,Racing Bulls,2780.588000,,1,,False,,False,True
2026,10,Belgian Grand Prix,FP2,3014.402000,LIN,41,arvid_lindblad,rb,126.520000,13.000000,3.000000,,3010.664000,34.018000,56.808000,35.694000,2921.900000,2978.708000,3014.402000,296.000000,197.000000,,271.000000,False,SOFT,5.000000,True,Racing Bulls,2887.882000,,1,,False,,False,False
2026,10,Belgian Grand Prix,FP2,3400.855000,LIN,41,arvid_lindblad,rb,,14.000000,4.000000,3284.894000,,,56.784000,29.875000,,3371.093000,3400.882000,302.000000,199.000000,207.000000,302.000000,False,MEDIUM,9.000000,False,Racing Bulls,3014.402000,,1,,False,,False,False
2026,10,Belgian Grand Prix,FP2,3514.025000,LIN,41,arvid_lindblad,rb,113.170000,15.000000,4.000000,,,32.043000,51.024000,30.103000,3432.898000,3483.922000,3514.025000,304.000000,200.000000,205.000000,300.000000,False,MEDIUM,10.000000,False,Racing Bulls,3400.855000,,12,,False,,False,True
2026,10,Belgian Grand Prix,FP2,4309.363000,LIN,41,arvid_lindblad,rb,,16.000000,4.000000,,3682.966000,,,,,,,,,,,False,MEDIUM,11.000000,False,Racing Bulls,3514.025000,,251,,False,,False,False
2026,10,Belgian Grand Prix,FP2,4426.051000,LIN,41,arvid_lindblad,rb,,17.000000,5.000000,4309.363000,,,53.419000,30.668000,,4395.522000,4426.122000,284.000000,180.000000,207.000000,257.000000,False,MEDIUM,12.000000,False,Racing Bulls,4309.363000,,1,,False,,False,False
2026,10,Belgian Grand Prix,FP2,4558.124000,LIN,41,arvid_lindblad,rb,132.073000,18.000000,5.000000,,,33.139000,55.491000,43.443000,4459.190000,4514.681000,4558.124000,282.000000,169.000000,81.000000,281.000000,False,MEDIUM,13.000000,False,Racing Bulls,4426.051000,,1,,False,,False,True
2026,10,Belgian Grand Prix,FP2,4730.705000,LIN,41,arvid_lindblad,rb,,19.000000,5.000000,,,61.470000,62.495000,48.654000,4619.733000,4682.237000,4730.705000,304.000000,171.000000,46.000000,294.000000,False,MEDIUM,14.000000,False,Racing Bulls,4558.124000,,1,,False,,False,False
2026,10,Belgian Grand Prix,FP2,4879.361000,LIN,41,arvid_lindblad,rb,148.656000,20.000000,5.000000,,4875.455000,62.601000,50.978000,35.077000,4793.306000,4844.284000,4879.361000,306.000000,203.000000,,299.000000,False,MEDIUM,15.000000,False,Racing Bulls,4730.705000,,1,,False,,False,False
2026,10,Belgian Grand Prix,FP2,956.126000,COL,43,colapinto,alpine,,1.000000,1.000000,819.666000,,,58.453000,33.593000,,922.700000,956.218000,194.000000,177.000000,205.000000,206.000000,False,MEDIUM,1.000000,True,Alpine,819.666000,,1,,False,,False,False
2026,10,Belgian Grand Prix,FP2,1065.480000,COL,43,colapinto,alpine,109.354000,2.000000,1.000000,,,31.267000,49.034000,29.053000,987.393000,1036.427000,1065.480000,308.000000,207.000000,194.000000,301.000000,True,MEDIUM,2.000000,True,Alpine,956.126000,,1,,False,,False,True
2026,10,Belgian Grand Prix,FP2,1247.456000,COL,43,colapinto,alpine,,3.000000,1.000000,,,54.221000,92.430000,35.335000,1119.827000,1212.342000,1247.498000,162.000000,122.000000,208.000000,157.000000,False,MEDIUM,3.000000,True,Alpine,1065.480000,,1,,False,,False,False
2026,10,Belgian Grand Prix,FP2,1356.098000,COL,43,colapinto,alpine,108.642000,4.000000,1.000000,,,31.100000,48.640000,28.902000,1278.556000,1327.196000,1356.098000,302.000000,210.000000,217.000000,309.000000,True,MEDIUM,4.000000,True,Alpine,1247.456000,,1,,False,,False,True
2026,10,Belgian Grand Prix,FP2,1971.486000,COL,43,colapinto,alpine,,5.000000,1.000000,,1547.109000,57.558000,,,1413.846000,,,147.000000,,,153.000000,False,MEDIUM,5.000000,True,Alpine,1356.098000,,152,,False,,False,False
2026,10,Belgian Grand Prix,FP2,2097.583000,COL,43,colapinto,alpine,,6.000000,2.000000,1971.486000,,,58.532000,33.157000,,2064.516000,2097.695000,232.000000,176.000000,209.000000,254.000000,False,MEDIUM,6.000000,False,Alpine,1971.486000,,1,,False,,False,False
2026,10,Belgian Grand Prix,FP2,2206.213000,COL,43,colapinto,alpine,108.630000,7.000000,2.000000,,,31.120000,48.752000,28.758000,2128.703000,2177.455000,2206.213000,306.000000,209.000000,219.000000,302.000000,True,MEDIUM,7.000000,False,Alpine,2097.583000,,1,,False,,False,True
2026,10,Belgian Grand Prix,FP2,2359.206000,COL,43,colapinto,alpine,,8.000000,2.000000,,2355.287000,47.020000,66.666000,39.266000,2253.397000,2319.963000,2359.206000,230.000000,155.000000,,163.000000,False,MEDIUM,8.000000,False,Alpine,2206.213000,,1,,False,,False,False
2026,10,Belgian Grand Prix,FP2,2514.725000,COL,43,colapinto,alpine,,9.000000,3.000000,2382.362000,,59.817000,62.668000,33.142000,2419.199000,2481.813000,2514.905000,291.000000,182.000000,212.000000,212.000000,False,SOFT,1.000000,True,Alpine,2359.206000,,1,,False,,False,False
2026,10,Belgian Grand Prix,FP2,2621.872000,COL,43,colapinto,alpine,107.147000,10.000000,3.000000,,,30.587000,47.991000,28.569000,2545.312000,2593.303000,2621.872000,314.000000,212.000000,220.000000,304.000000,True,SOFT,2.000000,True,Alpine,2514.725000,,1,,False,,False,True
2026,10,Belgian Grand Prix,FP2,2802.087000,COL,43,colapinto,alpine,,11.000000,3.000000,,,49.681000,91.889000,38.570000,2671.766000,2763.627000,2802.154000,168.000000,109.000000,213.000000,184.000000,False,SOFT,3.000000,True,Alpine,2621.872000,,1,,False,,False,False
2026,10,Belgian Grand Prix,FP2,2909.882000,COL,43,colapinto,alpine,107.795000,12.000000,3.000000,,,31.026000,47.933000,28.836000,2833.113000,2881.046000,2909.882000,305.000000,212.000000,219.000000,302.000000,False,SOFT,4.000000,True,Alpine,2802.087000,,1,,False,,False,True
2026,10,Belgian Grand Prix,FP2,3046.093000,COL,43,colapinto,alpine,136.211000,13.000000,3.000000,,3042.286000,38.265000,57.267000,40.679000,2948.147000,3005.414000,3046.093000,239.000000,177.000000,,243.000000,False,SOFT,5.000000,True,Alpine,2909.882000,,1,,False,,False,False
2026,10,Belgian Grand Prix,FP2,3440.990000,COL,43,colapinto,alpine,,14.000000,4.000000,3279.026000,,,53.711000,30.835000,,3410.155000,3440.990000,310.000000,187.000000,211.000000,251.000000,False,MEDIUM,9.000000,False,Alpine,3046.093000,,1,,False,,False,False
2026,10,Belgian Grand Prix,FP2,4287.241000,COL,43,colapinto,alpine,,15.000000,4.000000,,3584.008000,32.113000,,,3473.128000,,,304.000000,,,293.000000,False,MEDIUM,10.000000,False,Alpine,3440.990000,,125,,False,,False,False
2026,10,Belgian Grand Prix,FP2,4399.811000,COL,43,colapinto,alpine,,16.000000,5.000000,4287.241000,,,51.393000,29.711000,,4370.234000,4399.839000,293.000000,200.000000,216.000000,245.000000,False,MEDIUM,11.000000,False,Alpine,4287.241000,,1,,False,,False,False
2026,10,Belgian Grand Prix,FP2,4512.520000,COL,43,colapinto,alpine,112.709000,17.000000,5.000000,,,32.208000,50.828000,29.673000,4432.019000,4482.847000,4512.520000,308.000000,201.000000,213.000000,289.000000,False,MEDIUM,12.000000,False,Alpine,4399.811000,,1,,False,,False,True
2026,10,Belgian Grand Prix,FP2,4655.666000,COL,43,colapinto,alpine,143.146000,18.000000,5.000000,,,41.669000,55.318000,46.159000,4554.189000,4609.507000,4655.666000,239.000000,85.000000,61.000000,224.000000,False,MEDIUM,13.000000,False,Alpine,4512.520000,,1,,False,,False,True
2026,10,Belgian Grand Prix,FP2,4816.781000,COL,43,colapinto,alpine,,19.000000,5.000000,,,63.999000,51.899000,45.133000,4719.862000,4771.694000,4816.781000,299.000000,193.000000,53.000000,287.000000,False,MEDIUM,14.000000,False,Alpine,4655.666000,,1,,False,,False,False
2026,10,Belgian Grand Prix,FP2,4965.656000,COL,43,colapinto,alpine,148.875000,20.000000,5.000000,,4961.705000,63.375000,50.995000,34.505000,4880.156000,4931.151000,4965.656000,302.000000,195.000000,,290.000000,False,MEDIUM,15.000000,False,Alpine,4816.781000,,1,,False,,False,False
2026,10,Belgian Grand Prix,FP2,988.420000,HAM,44,hamilton,ferrari,,1.000000,1.000000,849.398000,,,62.177000,32.181000,,956.437000,988.454000,277.000000,173.000000,219.000000,206.000000,False,MEDIUM,1.000000,True,Ferrari,849.398000,,1,,False,,False,False
2026,10,Belgian Grand Prix,FP2,1097.062000,HAM,44,hamilton,ferrari,108.642000,2.000000,1.000000,,,30.940000,47.335000,30.367000,1019.360000,1066.695000,1097.062000,303.000000,214.000000,203.000000,303.000000,False,MEDIUM,2.000000,True,Ferrari,988.420000,,1,,True,TRACK LIMITS AT TURN 18 LAP 3 ,False,True
2026,10,Belgian Grand Prix,FP2,1303.676000,HAM,44,hamilton,ferrari,,3.000000,1.000000,,,69.761000,98.284000,38.725000,1166.996000,1265.289000,1303.908000,136.000000,128.000000,217.000000,111.000000,False,MEDIUM,3.000000,True,Ferrari,1097.062000,,1,,False,,False,False
2026,10,Belgian Grand Prix,FP2,1411.173000,HAM,44,hamilton,ferrari,107.497000,4.000000,1.000000,,,31.047000,47.621000,28.829000,1334.723000,1382.344000,1411.173000,303.000000,205.000000,206.000000,304.000000,True,MEDIUM,4.000000,True,Ferrari,1303.676000,,1,,False,,False,True
2026,10,Belgian Grand Prix,FP2,2055.101000,HAM,44,hamilton,ferrari,,5.000000,1.000000,,1599.667000,57.982000,,,1469.477000,,,126.000000,,,130.000000,False,MEDIUM,5.000000,True,Ferrari,1411.173000,,152,,False,,False,False
2026,10,Belgian Grand Prix,FP2,2196.607000,HAM,44,hamilton,ferrari,,6.000000,2.000000,2055.101000,,,66.955000,32.136000,,2164.506000,2196.634000,294.000000,167.000000,220.000000,178.000000,False,SOFT,1.000000,True,Ferrari,2055.101000,,1,,False,,False,False
2026,10,Belgian Grand Prix,FP2,2303.298000,HAM,44,hamilton,ferrari,106.691000,7.000000,2.000000,,,30.781000,47.257000,28.653000,2227.388000,2274.645000,2303.298000,301.000000,207.000000,208.000000,303.000000,True,SOFT,2.000000,True,Ferrari,2196.607000,,1,,False,,False,True
2026,10,Belgian Grand Prix,FP2,2504.460000,HAM,44,hamilton,ferrari,,8.000000,2.000000,,,62.505000,,38.615000,2365.888000,,2504.563000,134.000000,125.000000,220.000000,122.000000,False,SOFT,3.000000,True,Ferrari,2303.298000,,1,,False,,False,False
2026,10,Belgian Grand Prix,FP2,2611.521000,HAM,44,hamilton,ferrari,107.061000,9.000000,2.000000,,,30.936000,47.281000,28.844000,2535.396000,2582.677000,2611.521000,303.000000,213.000000,209.000000,302.000000,True,SOFT,4.000000,True,Ferrari,2504.460000,,1,,False,,False,True
2026,10,Belgian Grand Prix,FP2,2733.476000,HAM,44,hamilton,ferrari,121.955000,10.000000,2.000000,,2729.670000,34.421000,51.616000,35.918000,2645.942000,2697.558000,2733.476000,304.000000,203.000000,,269.000000,False,SOFT,5.000000,True,Ferrari,2611.521000,,1,,False,,False,False
2026,10,Belgian Grand Prix,FP2,3408.495000,HAM,44,hamilton,ferrari,,11.000000,3.000000,3265.967000,,,52.630000,31.054000,,3377.623000,3408.495000,324.000000,195.000000,211.000000,268.000000,False,MEDIUM,6.000000,False,Ferrari,2733.476000,,1,,False,,False,False
2026,10,Belgian Grand Prix,FP2,4323.530000,HAM,44,hamilton,ferrari,,12.000000,3.000000,,3694.328000,32.285000,50.076000,,3440.903000,3491.070000,,310.000000,203.000000,,292.000000,False,MEDIUM,7.000000,False,Ferrari,3408.495000,,125,,False,,False,False
2026,10,Belgian Grand Prix,FP2,4438.109000,HAM,44,hamilton,ferrari,,13.000000,4.000000,4323.530000,,,51.529000,31.929000,,4406.300000,4438.109000,308.000000,204.000000,214.000000,276.000000,False,MEDIUM,8.000000,False,Ferrari,4323.530000,,1,,False,,False,False
2026,10,Belgian Grand Prix,FP2,4576.821000,HAM,44,hamilton,ferrari,138.712000,14.000000,4.000000,,,32.046000,49.976000,56.690000,4470.155000,4520.131000,4576.821000,311.000000,190.000000,56.000000,293.000000,False,MEDIUM,9.000000,False,Ferrari,4438.109000,,1,,False,,False,True
2026,10,Belgian Grand Prix,FP2,4743.866000,HAM,44,hamilton,ferrari,,15.000000,4.000000,,,58.315000,53.752000,54.857000,4635.352000,4689.019000,4743.866000,337.000000,202.000000,64.000000,297.000000,False,MEDIUM,10.000000,False,Ferrari,4576.821000,,1,,False,,False,False
2026,10,Belgian Grand Prix,FP2,4921.636000,HAM,44,hamilton,ferrari,,16.000000,4.000000,,4917.756000,62.620000,80.660000,34.635000,4806.567000,4887.234000,4921.636000,311.000000,200.000000,,293.000000,False,MEDIUM,11.000000,False,Ferrari,4743.866000,,1,,False,,False,False
2026,10,Belgian Grand Prix,FP2,1068.246000,SAI,55,sainz,williams,,1.000000,1.000000,945.148000,,,54.781000,33.257000,,1035.241000,1068.490000,245.000000,138.000000,212.000000,249.000000,False,MEDIUM,1.000000,True,Williams,945.148000,,1,,False,,False,False
2026,10,Belgian Grand Prix,FP2,1178.138000,SAI,55,sainz,williams,109.892000,2.000000,1.000000,,,31.167000,49.607000,29.118000,1099.413000,1149.020000,1178.138000,308.000000,204.000000,202.000000,302.000000,True,MEDIUM,2.000000,True,Williams,1068.246000,,1,,False,,False,True
2026,10,Belgian Grand Prix,FP2,1346.185000,SAI,55,sainz,williams,,3.000000,1.000000,,,50.960000,78.971000,38.144000,1229.398000,1308.212000,1346.440000,176.000000,83.000000,213.000000,181.000000,False,MEDIUM,3.000000,True,Williams,1178.138000,,1,,False,,False,False
2026,10,Belgian Grand Prix,FP2,1455.851000,SAI,55,sainz,williams,109.666000,4.000000,1.000000,,,31.188000,49.323000,29.155000,1377.373000,1426.696000,1455.851000,310.000000,202.000000,214.000000,305.000000,True,MEDIUM,4.000000,True,Williams,1346.185000,,1,,False,,False,True
2026,10,Belgian Grand Prix,FP2,2022.785000,SAI,55,sainz,williams,,5.000000,1.000000,,1629.365000,,,,,,,,,,,False,MEDIUM,5.000000,True,Williams,1455.851000,,152,,False,,False,False
2026,10,Belgian Grand Prix,FP2,2139.836000,SAI,55,sainz,williams,,6.000000,2.000000,2022.785000,,,51.890000,32.835000,,2107.245000,2139.876000,239.000000,180.000000,208.000000,287.000000,False,MEDIUM,6.000000,False,Williams,2022.785000,,1,,False,,False,False
2026,10,Belgian Grand Prix,FP2,2250.549000,SAI,55,sainz,williams,110.713000,7.000000,2.000000,,,31.410000,49.850000,29.453000,2171.246000,2221.096000,2250.549000,304.000000,208.000000,199.000000,300.000000,False,MEDIUM,7.000000,False,Williams,2139.836000,,1,,True,TRACK LIMITS AT TURN 19 LAP 8 ,False,True
2026,10,Belgian Grand Prix,FP2,2373.842000,SAI,55,sainz,williams,123.293000,8.000000,2.000000,,2370.110000,34.972000,51.698000,36.623000,2285.521000,2337.219000,2373.842000,292.000000,183.000000,,264.000000,False,MEDIUM,8.000000,False,Williams,2250.549000,,1,,False,,False,False
2026,10,Belgian Grand Prix,FP2,2593.764000,SAI,55,sainz,williams,,9.000000,3.000000,2472.198000,,,57.772000,33.042000,,2561.013000,2593.815000,212.000000,167.000000,213.000000,266.000000,False,SOFT,1.000000,True,Williams,2373.842000,,1,,False,,False,False
2026,10,Belgian Grand Prix,FP2,2702.020000,SAI,55,sainz,williams,108.256000,10.000000,3.000000,,,30.789000,48.659000,28.808000,2624.553000,2673.212000,2702.020000,313.000000,205.000000,217.000000,305.000000,True,SOFT,2.000000,True,Williams,2593.764000,,1,,False,,False,True
2026,10,Belgian Grand Prix,FP2,2832.024000,SAI,55,sainz,williams,130.004000,11.000000,3.000000,,2828.350000,38.161000,54.032000,37.811000,2740.181000,2794.213000,2832.024000,294.000000,177.000000,,264.000000,False,SOFT,3.000000,True,Williams,2702.020000,,1,,False,,False,False
2026,10,Belgian Grand Prix,FP2,3199.228000,SAI,55,sainz,williams,,12.000000,4.000000,3083.954000,,,54.810000,31.172000,,3168.179000,3199.378000,296.000000,186.000000,218.000000,278.000000,False,MEDIUM,9.000000,False,Williams,2832.024000,,1,,False,,False,False
2026,10,Belgian Grand Prix,FP2,3313.055000,SAI,55,sainz,williams,113.827000,13.000000,4.000000,,,31.854000,51.438000,30.535000,3231.082000,3282.520000,3313.055000,309.000000,195.000000,215.000000,295.000000,False,MEDIUM,10.000000,False,Williams,3199.228000,,1,,False,,False,True
2026,10,Belgian Grand Prix,FP2,3427.416000,SAI,55,sainz,williams,114.361000,14.000000,4.000000,,,31.953000,51.897000,30.511000,3345.008000,3396.905000,3427.416000,307.000000,195.000000,213.000000,295.000000,False,MEDIUM,11.000000,False,Williams,3313.055000,,1,,False,,False,True
2026,10,Belgian Grand Prix,FP2,4307.234000,SAI,55,sainz,williams,,15.000000,4.000000,,3560.992000,32.224000,55.767000,,3459.824000,3515.527000,,305.000000,148.000000,,291.000000,False,MEDIUM,12.000000,False,Williams,3427.416000,,125,,False,,False,False
2026,10,Belgian Grand Prix,FP2,4431.502000,SAI,55,sainz,williams,,16.000000,5.000000,4307.234000,,,53.918000,30.933000,,4400.717000,4431.580000,183.000000,194.000000,220.000000,209.000000,False,SOFT,4.000000,False,Williams,4307.234000,,1,,False,,False,False
2026,10,Belgian Grand Prix,FP2,4565.337000,SAI,55,sainz,williams,133.835000,17.000000,5.000000,,,31.800000,54.659000,47.376000,4463.302000,4517.961000,4565.337000,306.000000,153.000000,75.000000,293.000000,False,SOFT,5.000000,False,Williams,4431.502000,,1,,False,,False,True
2026,10,Belgian Grand Prix,FP2,4734.866000,SAI,55,sainz,williams,,18.000000,5.000000,,,69.592000,53.530000,46.319000,4635.189000,4688.611000,4734.866000,312.000000,199.000000,73.000000,294.000000,False,SOFT,6.000000,False,Williams,4565.337000,,1,,False,,False,False
2026,10,Belgian Grand Prix,FP2,4887.606000,SAI,55,sainz,williams,,19.000000,5.000000,,4883.600000,65.523000,52.367000,34.853000,4800.490000,4852.805000,4887.606000,304.000000,197.000000,,281.000000,False,SOFT,7.000000,False,Williams,4734.866000,,1,,False,,False,False
2026,10,Belgian Grand Prix,FP2,943.601000,RUS,63,russell,mercedes,,1.000000,1.000000,813.251000,,,60.507000,34.243000,,909.431000,943.652000,272.000000,142.000000,218.000000,287.000000,False,MEDIUM,1.000000,True,Mercedes,813.251000,,1,,False,,False,False
2026,10,Belgian Grand Prix,FP2,1051.642000,RUS,63,russell,mercedes,108.041000,2.000000,1.000000,,,31.071000,47.834000,29.136000,974.672000,1022.506000,1051.642000,295.000000,209.000000,218.000000,301.000000,True,MEDIUM,2.000000,True,Mercedes,943.601000,,1,,False,,False,True
2026,10,Belgian Grand Prix,FP2,1216.781000,RUS,63,russell,mercedes,,3.000000,1.000000,,,53.137000,79.006000,33.024000,1104.893000,1183.955000,1216.781000,199.000000,154.000000,218.000000,197.000000,False,MEDIUM,3.000000,True,Mercedes,1051.642000,,1,,False,,False,False
2026,10,Belgian Grand Prix,FP2,1324.866000,RUS,63,russell,mercedes,108.085000,4.000000,1.000000,,,31.171000,47.765000,29.149000,1247.952000,1295.717000,1324.866000,292.000000,212.000000,215.000000,303.000000,False,MEDIUM,4.000000,True,Mercedes,1216.781000,,1,,False,,False,True
2026,10,Belgian Grand Prix,FP2,1989.057000,RUS,63,russell,mercedes,,5.000000,1.000000,,1659.405000,51.552000,84.377000,,1376.683000,1460.915000,,150.000000,106.000000,,198.000000,False,MEDIUM,5.000000,True,Mercedes,1324.866000,,152,,False,,False,False
2026,10,Belgian Grand Prix,FP2,2113.936000,RUS,63,russell,mercedes,,6.000000,2.000000,1989.057000,,,58.465000,32.920000,,2081.290000,2114.097000,134.000000,182.000000,216.000000,233.000000,False,MEDIUM,6.000000,False,Mercedes,1989.057000,,1,,False,,False,False
2026,10,Belgian Grand Prix,FP2,2221.917000,RUS,63,russell,mercedes,107.981000,7.000000,2.000000,,,30.870000,47.769000,29.342000,2144.806000,2192.575000,2221.917000,298.000000,210.000000,221.000000,307.000000,True,MEDIUM,7.000000,False,Mercedes,2113.936000,,1,,False,,False,True
2026,10,Belgian Grand Prix,FP2,2355.106000,RUS,63,russell,mercedes,133.189000,8.000000,2.000000,,2351.400000,37.685000,57.382000,38.122000,2259.602000,2316.984000,2355.106000,285.000000,182.000000,,271.000000,False,MEDIUM,8.000000,False,Mercedes,2221.917000,,1,,False,,False,False
2026,10,Belgian Grand Prix,FP2,2498.881000,RUS,63,russell,mercedes,143.775000,9.000000,3.000000,2378.147000,,54.474000,56.435000,32.866000,2409.580000,2466.015000,2498.881000,266.000000,170.000000,219.000000,230.000000,False,SOFT,1.000000,True,Mercedes,2355.106000,,1,,False,,False,False
2026,10,Belgian Grand Prix,FP2,2606.110000,RUS,63,russell,mercedes,107.229000,10.000000,3.000000,,,30.711000,47.234000,29.284000,2529.592000,2576.826000,2606.110000,292.000000,213.000000,161.000000,306.000000,True,SOFT,2.000000,True,Mercedes,2498.881000,,1,,False,,False,True
2026,10,Belgian Grand Prix,FP2,2740.885000,RUS,63,russell,mercedes,134.775000,11.000000,3.000000,,2737.041000,39.751000,57.123000,37.901000,2645.861000,2702.984000,2740.885000,258.000000,182.000000,,236.000000,False,SOFT,3.000000,True,Mercedes,2606.110000,,1,,False,,False,False
2026,10,Belgian Grand Prix,FP2,3179.131000,RUS,63,russell,mercedes,,12.000000,4.000000,3046.211000,,,50.846000,30.149000,,3149.239000,3179.131000,293.000000,202.000000,212.000000,279.000000,False,MEDIUM,9.000000,False,Mercedes,2740.885000,,1,,False,,False,False
2026,10,Belgian Grand Prix,FP2,3291.432000,RUS,63,russell,mercedes,112.301000,13.000000,4.000000,,,31.722000,50.499000,30.080000,3210.853000,3261.352000,3291.432000,306.000000,202.000000,214.000000,297.000000,False,MEDIUM,10.000000,False,Mercedes,3179.131000,,1,,False,,False,True
2026,10,Belgian Grand Prix,FP2,3403.081000,RUS,63,russell,mercedes,111.649000,14.000000,4.000000,,,31.470000,50.333000,29.846000,3322.902000,3373.235000,3403.081000,311.000000,202.000000,214.000000,300.000000,False,MEDIUM,11.000000,False,Mercedes,3291.432000,,1,,False,,False,True
2026,10,Belgian Grand Prix,FP2,3515.070000,RUS,63,russell,mercedes,111.989000,15.000000,4.000000,,,31.536000,50.463000,29.990000,3434.617000,3485.080000,3515.070000,314.000000,199.000000,215.000000,299.000000,False,MEDIUM,12.000000,False,Mercedes,3403.081000,,12,,False,,False,True
2026,10,Belgian Grand Prix,FP2,4334.624000,RUS,63,russell,mercedes,,16.000000,4.000000,,3687.111000,,,,,,,,,,,False,MEDIUM,13.000000,False,Mercedes,3515.070000,,251,,False,,False,False
2026,10,Belgian Grand Prix,FP2,4470.376000,RUS,63,russell,mercedes,,17.000000,5.000000,4334.624000,,,50.376000,29.724000,,4440.799000,4470.376000,296.000000,204.000000,218.000000,271.000000,False,SOFT,4.000000,False,Mercedes,4334.624000,,1,,False,,False,False
2026,10,Belgian Grand Prix,FP2,4643.859000,RUS,63,russell,mercedes,,18.000000,5.000000,,,33.166000,66.529000,73.780000,4503.676000,4570.200000,4644.000000,246.000000,149.000000,4.000000,281.000000,False,SOFT,5.000000,False,Mercedes,4470.376000,,1,,False,,False,False
2026,10,Belgian Grand Prix,FP2,4786.666000,RUS,63,russell,mercedes,142.807000,19.000000,5.000000,,,34.392000,59.220000,49.195000,4678.251000,4737.471000,4786.666000,176.000000,142.000000,61.000000,295.000000,False,SOFT,6.000000,False,Mercedes,4643.859000,,1,,False,,False,True
2026,10,Belgian Grand Prix,FP2,4933.112000,RUS,63,russell,mercedes,146.446000,20.000000,5.000000,,4929.234000,58.692000,50.226000,37.528000,4845.358000,4895.584000,4933.112000,303.000000,198.000000,,295.000000,False,SOFT,7.000000,False,Mercedes,4786.666000,,1,,False,,False,False
2026,10,Belgian Grand Prix,FP2,935.666000,BOT,77,bottas,cadillac,,1.000000,1.000000,808.375000,,,59.329000,33.426000,,902.636000,935.841000,252.000000,163.000000,215.000000,210.000000,False,MEDIUM,1.000000,True,Cadillac,808.375000,,1,,False,,False,False
2026,10,Belgian Grand Prix,FP2,1046.680000,BOT,77,bottas,cadillac,111.014000,2.000000,1.000000,,,31.667000,49.470000,29.877000,967.333000,1016.803000,1046.680000,298.000000,207.000000,214.000000,297.000000,True,MEDIUM,2.000000,True,Cadillac,935.666000,,1,,False,,False,True
2026,10,Belgian Grand Prix,FP2,1198.850000,BOT,77,bottas,cadillac,,3.000000,1.000000,,,37.851000,75.579000,38.625000,1084.777000,1160.309000,1198.850000,253.000000,135.000000,217.000000,244.000000,False,MEDIUM,3.000000,True,Cadillac,1046.680000,,1,,False,,False,False
2026,10,Belgian Grand Prix,FP2,1309.686000,BOT,77,bottas,cadillac,110.836000,4.000000,1.000000,,,31.518000,49.622000,29.696000,1230.368000,1279.990000,1309.686000,298.000000,206.000000,214.000000,300.000000,True,MEDIUM,4.000000,True,Cadillac,1198.850000,,1,,False,,False,True
2026,10,Belgian Grand Prix,FP2,1464.018000,BOT,77,bottas,cadillac,,5.000000,1.000000,,,39.598000,75.671000,38.971000,1349.376000,1425.114000,1464.047000,179.000000,145.000000,216.000000,231.000000,False,MEDIUM,5.000000,True,Cadillac,1309.686000,,1,,False,,False,False
2026,10,Belgian Grand Prix,FP2,2312.117000,BOT,77,bottas,cadillac,,6.000000,1.000000,,1618.377000,,,,,,,,,,301.000000,False,MEDIUM,6.000000,True,Cadillac,1464.018000,,152,,False,,False,False
2026,10,Belgian Grand Prix,FP2,2448.709000,BOT,77,bottas,cadillac,,7.000000,2.000000,2312.117000,,,63.648000,36.590000,,2412.272000,2448.720000,250.000000,145.000000,218.000000,220.000000,False,SOFT,1.000000,True,Cadillac,2312.117000,,1,,False,,False,False
2026,10,Belgian Grand Prix,FP2,2557.908000,BOT,77,bottas,cadillac,109.199000,8.000000,2.000000,,,31.368000,48.418000,29.413000,2480.077000,2528.495000,2557.908000,303.000000,208.000000,212.000000,299.000000,True,SOFT,2.000000,True,Cadillac,2448.709000,,1,,False,,False,True
2026,10,Belgian Grand Prix,FP2,2723.124000,BOT,77,bottas,cadillac,,9.000000,2.000000,,,47.506000,78.250000,39.558000,2605.516000,2683.725000,2723.298000,130.000000,147.000000,219.000000,192.000000,False,SOFT,3.000000,True,Cadillac,2557.908000,,1,,False,,False,False
2026,10,Belgian Grand Prix,FP2,2832.366000,BOT,77,bottas,cadillac,109.242000,10.000000,2.000000,,,31.232000,48.670000,29.340000,2754.356000,2803.026000,2832.366000,305.000000,205.000000,215.000000,302.000000,False,SOFT,4.000000,True,Cadillac,2723.124000,,1,,False,,False,True
2026,10,Belgian Grand Prix,FP2,2973.142000,BOT,77,bottas,cadillac,140.776000,11.000000,2.000000,,2969.260000,38.845000,58.472000,43.459000,2871.211000,2929.683000,2973.142000,246.000000,157.000000,,235.000000,False,SOFT,5.000000,True,Cadillac,2832.366000,,1,,False,,False,False
2026,10,Belgian Grand Prix,FP2,3390.537000,BOT,77,bottas,cadillac,,12.000000,3.000000,3242.781000,,,55.585000,32.398000,,3358.386000,3390.537000,304.000000,165.000000,208.000000,245.000000,False,MEDIUM,7.000000,False,Cadillac,2973.142000,,1,,False,,False,False
2026,10,Belgian Grand Prix,FP2,3504.358000,BOT,77,bottas,cadillac,113.821000,13.000000,3.000000,,,32.038000,51.377000,30.406000,3422.575000,3473.952000,3504.358000,310.000000,197.000000,209.000000,293.000000,False,MEDIUM,8.000000,False,Cadillac,3390.537000,,1,,False,,False,True
2026,10,Belgian Grand Prix,FP2,4281.885000,BOT,77,bottas,cadillac,,14.000000,3.000000,,3670.798000,,,,,,,,,,,False,MEDIUM,9.000000,False,Cadillac,3504.358000,,125,,False,,False,False
2026,10,Belgian Grand Prix,FP2,4395.887000,BOT,77,bottas,cadillac,,15.000000,4.000000,4281.885000,,,52.638000,30.307000,,4365.663000,4395.896000,297.000000,188.000000,212.000000,271.000000,False,MEDIUM,10.000000,False,Cadillac,4281.885000,,1,,False,,False,False
2026,10,Belgian Grand Prix,FP2,4509.436000,BOT,77,bottas,cadillac,113.549000,16.000000,4.000000,,,32.500000,50.888000,30.161000,4428.387000,4479.275000,4509.436000,301.000000,200.000000,210.000000,288.000000,False,MEDIUM,11.000000,False,Cadillac,4395.887000,,1,,False,,False,True
2026,10,Belgian Grand Prix,FP2,4646.354000,BOT,77,bottas,cadillac,136.918000,17.000000,4.000000,,,36.569000,57.018000,43.331000,4546.005000,4603.023000,4646.354000,246.000000,172.000000,63.000000,243.000000,False,MEDIUM,12.000000,False,Cadillac,4509.436000,,1,,False,,False,True
2026,10,Belgian Grand Prix,FP2,4821.668000,BOT,77,bottas,cadillac,,18.000000,4.000000,,,54.343000,60.100000,60.842000,4700.882000,4760.980000,4821.668000,302.000000,164.000000,5.000000,290.000000,False,MEDIUM,13.000000,False,Cadillac,4646.354000,,1,,False,,False,False
2026,10,Belgian Grand Prix,FP2,4950.452000,BOT,77,bottas,cadillac,128.784000,19.000000,4.000000,,4946.456000,33.793000,53.089000,41.902000,4855.461000,4908.550000,4950.452000,301.000000,160.000000,,290.000000,False,MEDIUM,14.000000,False,Cadillac,4821.668000,,1,,False,,False,False
2026,10,Belgian Grand Prix,FP2,2123.915000,PIA,81,piastri,mclaren,,1.000000,1.000000,1985.872000,,,63.466000,38.633000,,2085.442000,2123.945000,178.000000,153.000000,217.000000,233.000000,False,MEDIUM,1.000000,True,McLaren,1985.872000,,1,,False,,False,False
2026,10,Belgian Grand Prix,FP2,2231.659000,PIA,81,piastri,mclaren,107.744000,2.000000,1.000000,,,31.121000,47.236000,29.387000,2155.036000,2202.272000,2231.659000,304.000000,214.000000,223.000000,302.000000,True,MEDIUM,2.000000,True,McLaren,2123.915000,,1,,False,,False,True
2026,10,Belgian Grand Prix,FP2,2365.507000,PIA,81,piastri,mclaren,133.848000,3.000000,1.000000,,2361.688000,37.203000,56.996000,39.649000,2268.862000,2325.858000,2365.507000,290.000000,163.000000,,239.000000,False,MEDIUM,3.000000,True,McLaren,2231.659000,,1,,False,,False,False
2026,10,Belgian Grand Prix,FP2,2896.390000,PIA,81,piastri,mclaren,,4.000000,2.000000,2770.817000,,,58.527000,32.783000,,2863.838000,2896.490000,269.000000,176.000000,220.000000,218.000000,False,SOFT,1.000000,True,McLaren,2365.507000,,1,,False,,False,False
2026,10,Belgian Grand Prix,FP2,3003.316000,PIA,81,piastri,mclaren,106.926000,5.000000,2.000000,,,30.804000,47.357000,28.765000,2927.194000,2974.551000,3003.316000,306.000000,215.000000,222.000000,301.000000,True,SOFT,2.000000,True,McLaren,2896.390000,,1,,False,,False,True
2026,10,Belgian Grand Prix,FP2,3131.991000,PIA,81,piastri,mclaren,128.675000,6.000000,2.000000,,3128.141000,34.893000,55.219000,38.563000,3038.209000,3093.428000,3131.991000,295.000000,188.000000,,271.000000,False,SOFT,3.000000,True,McLaren,3003.316000,,1,,False,,False,False
2026,10,Belgian Grand Prix,FP2,4320.233000,PIA,81,piastri,mclaren,,7.000000,3.000000,3390.966000,3531.373000,,50.408000,,,3495.427000,,302.000000,204.000000,,282.000000,False,MEDIUM,4.000000,False,McLaren,3131.991000,,125,,False,,False,False
2026,10,Belgian Grand Prix,FP2,4434.460000,PIA,81,piastri,mclaren,,8.000000,4.000000,4320.233000,,,50.358000,29.745000,,4404.934000,4434.460000,290.000000,194.000000,212.000000,242.000000,False,MEDIUM,5.000000,False,McLaren,4320.233000,,1,,False,,False,False
2026,10,Belgian Grand Prix,FP2,4587.297000,PIA,81,piastri,mclaren,,9.000000,4.000000,,,38.442000,63.201000,51.211000,4473.034000,4536.227000,4587.297000,225.000000,156.000000,69.000000,227.000000,False,MEDIUM,6.000000,False,McLaren,4434.460000,,1,,False,,False,False
2026,10,Belgian Grand Prix,FP2,4758.803000,PIA,81,piastri,mclaren,,10.000000,4.000000,,,60.548000,64.127000,46.775000,4647.943000,4712.066000,4758.803000,311.000000,148.000000,81.000000,300.000000,False,MEDIUM,7.000000,False,McLaren,4587.297000,,1,,False,,False,False
2026,10,Belgian Grand Prix,FP2,4911.697000,PIA,81,piastri,mclaren,,11.000000,4.000000,,4907.668000,59.204000,51.487000,42.192000,4818.210000,4869.643000,4911.697000,305.000000,144.000000,,293.000000,False,MEDIUM,8.000000,False,McLaren,4758.803000,,1,,False,,False,False
2026,10,Belgian Grand Prix,FP2,1049.189000,BEA,87,bearman,haas,,1.000000,1.000000,910.540000,,,59.272000,43.484000,,1005.911000,1049.362000,281.000000,178.000000,216.000000,225.000000,False,MEDIUM,1.000000,True,Haas F1 Team,910.540000,,1,,False,,False,False
2026,10,Belgian Grand Prix,FP2,1158.289000,BEA,87,bearman,haas,109.100000,2.000000,1.000000,,,31.224000,48.553000,29.323000,1080.413000,1128.966000,1158.289000,304.000000,206.000000,213.000000,302.000000,True,MEDIUM,2.000000,True,Haas F1 Team,1049.189000,,1,,False,,False,True
2026,10,Belgian Grand Prix,FP2,1350.512000,BEA,87,bearman,haas,,3.000000,1.000000,,,66.883000,88.249000,37.093000,1225.351000,1313.610000,1350.637000,134.000000,123.000000,214.000000,130.000000,False,MEDIUM,3.000000,True,Haas F1 Team,1158.289000,,1,,False,,False,False
2026,10,Belgian Grand Prix,FP2,1459.469000,BEA,87,bearman,haas,108.957000,4.000000,1.000000,,,31.157000,48.485000,29.315000,1381.669000,1430.154000,1459.469000,304.000000,209.000000,213.000000,304.000000,True,MEDIUM,4.000000,True,Haas F1 Team,1350.512000,,1,,False,,False,True
2026,10,Belgian Grand Prix,FP2,2389.319000,BEA,87,bearman,haas,,5.000000,1.000000,,1653.141000,,,,,,,,,,,False,MEDIUM,5.000000,True,Haas F1 Team,1459.469000,,152,,False,,False,False
2026,10,Belgian Grand Prix,FP2,2525.117000,BEA,87,bearman,haas,,6.000000,2.000000,2389.319000,,,59.886000,33.551000,,2491.719000,2525.119000,282.000000,161.000000,220.000000,203.000000,False,SOFT,1.000000,True,Haas F1 Team,2389.319000,,1,,False,,False,False
2026,10,Belgian Grand Prix,FP2,2632.909000,BEA,87,bearman,haas,107.792000,7.000000,2.000000,,,30.917000,48.083000,28.792000,2556.034000,2604.117000,2632.909000,308.000000,214.000000,217.000000,303.000000,True,SOFT,2.000000,True,Haas F1 Team,2525.117000,,1,,False,,False,True
2026,10,Belgian Grand Prix,FP2,2841.904000,BEA,87,bearman,haas,,8.000000,2.000000,,,65.701000,92.044000,51.272000,2698.800000,2790.851000,2841.974000,133.000000,115.000000,157.000000,124.000000,False,SOFT,3.000000,True,Haas F1 Team,2632.909000,,1,,False,,False,False
2026,10,Belgian Grand Prix,FP2,2971.196000,BEA,87,bearman,haas,129.292000,9.000000,2.000000,,,39.616000,56.653000,33.023000,2881.520000,2938.173000,2971.196000,284.000000,168.000000,219.000000,228.000000,False,SOFT,4.000000,True,Haas F1 Team,2841.904000,,1,,False,,False,True
2026,10,Belgian Grand Prix,FP2,3079.499000,BEA,87,bearman,haas,108.303000,10.000000,2.000000,,,31.016000,48.495000,28.792000,3002.212000,3050.707000,3079.499000,303.000000,212.000000,217.000000,304.000000,False,SOFT,5.000000,True,Haas F1 Team,2971.196000,,1,,False,,False,True
2026,10,Belgian Grand Prix,FP2,3246.079000,BEA,87,bearman,haas,,11.000000,2.000000,,3242.093000,49.069000,68.582000,48.838000,3128.720000,3197.397000,3246.079000,174.000000,156.000000,,192.000000,False,SOFT,6.000000,True,Haas F1 Team,3079.499000,,1,,False,,False,False
2026,10,Belgian Grand Prix,FP2,4298.990000,BEA,87,bearman,haas,,12.000000,3.000000,3469.260000,3680.639000,,,,,,,,,,,False,SOFT,7.000000,False,Haas F1 Team,3246.079000,,125,,False,,False,False
2026,10,Belgian Grand Prix,FP2,4416.611000,BEA,87,bearman,haas,,13.000000,4.000000,4298.990000,,,52.018000,29.854000,,4386.847000,4416.611000,301.000000,199.000000,212.000000,263.000000,False,SOFT,8.000000,False,Haas F1 Team,4298.990000,,1,,False,,False,False
2026,10,Belgian Grand Prix,FP2,4539.639000,BEA,87,bearman,haas,123.028000,14.000000,4.000000,,,32.091000,51.258000,39.679000,4448.702000,4499.960000,4539.639000,305.000000,191.000000,79.000000,293.000000,False,SOFT,9.000000,False,Haas F1 Team,4416.611000,,1,,True,TRACK LIMITS AT TURN 11 LAP 15 ,False,True
2026,10,Belgian Grand Prix,FP2,4714.596000,BEA,87,bearman,haas,,15.000000,4.000000,,,61.573000,61.099000,52.365000,4601.277000,4662.394000,4714.596000,304.000000,148.000000,71.000000,288.000000,False,SOFT,10.000000,False,Haas F1 Team,4539.639000,,1,,False,,False,False
2026,10,Belgian Grand Prix,FP2,4881.846000,BEA,87,bearman,haas,,16.000000,4.000000,,4877.973000,57.524000,50.886000,58.795000,4772.326000,4823.180000,4881.846000,317.000000,199.000000,,291.000000,False,SOFT,11.000000,False,Haas F1 Team,4714.596000,,1,,False,,False,False
