season,round,event_name,session_type,Time_s,Driver,DriverNumber,DriverId,TeamId,LapTime_s,LapNumber,Stint,PitOutTime_s,PitInTime_s,Sector1Time_s,Sector2Time_s,Sector3Time_s,Sector1SessionTime_s,Sector2SessionTime_s,Sector3SessionTime_s,SpeedI1,SpeedI2,SpeedFL,SpeedST,IsPersonalBest,Compound,TyreLife,FreshTyre,Team,LapStartTime_s,LapStartDate,TrackStatus,Position,Deleted,DeletedReason,FastF1Generated,IsAccurate
2026,10,Belgian Grand Prix,R,3477.622000,ANT,12,antonelli,mercedes,121.479000,1.000000,1.000000,,,,49.689000,37.953000,,3439.792000,3477.915000,307.000000,205.000000,191.000000,287.000000,False,MEDIUM,1.000000,True,Mercedes,3355.977000,,124,1.000000,False,,False,False
2026,10,Belgian Grand Prix,R,3645.710000,ANT,12,antonelli,mercedes,,2.000000,1.000000,,,47.708000,76.685000,43.606000,3525.542000,3602.266000,3645.873000,139.000000,112.000000,177.000000,186.000000,False,MEDIUM,2.000000,True,Mercedes,3477.622000,,4,1.000000,False,,False,False
2026,10,Belgian Grand Prix,R,3806.249000,ANT,12,antonelli,mercedes,,3.000000,1.000000,,,43.661000,73.591000,43.349000,3689.467000,3763.023000,3806.464000,164.000000,98.000000,189.000000,176.000000,False,MEDIUM,3.000000,True,Mercedes,3645.710000,,4,1.000000,False,,False,False
2026,10,Belgian Grand Prix,R,3969.687000,ANT,12,antonelli,mercedes,,4.000000,1.000000,,,42.001000,72.223000,49.265000,3848.445000,3920.709000,3970.067000,258.000000,133.000000,219.000000,175.000000,False,MEDIUM,4.000000,True,Mercedes,3806.249000,,41,1.000000,False,,False,False
2026,10,Belgian Grand Prix,R,4081.325000,ANT,12,antonelli,mercedes,111.638000,5.000000,1.000000,,,31.740000,49.916000,29.982000,4001.550000,4051.466000,4081.448000,304.000000,205.000000,220.000000,293.000000,True,MEDIUM,5.000000,True,Mercedes,3969.687000,,1,1.000000,False,,False,True
2026,10,Belgian Grand Prix,R,4192.640000,ANT,12,antonelli,mercedes,111.315000,6.000000,1.000000,,,31.424000,49.856000,30.035000,4112.872000,4162.728000,4192.763000,306.000000,205.000000,220.000000,296.000000,True,MEDIUM,6.000000,True,Mercedes,4081.325000,,1,1.000000,False,,False,True
2026,10,Belgian Grand Prix,R,4303.597000,ANT,12,antonelli,mercedes,110.957000,7.000000,1.000000,,,31.459000,49.581000,29.917000,4224.222000,4273.803000,4303.720000,306.000000,203.000000,219.000000,295.000000,True,MEDIUM,7.000000,True,Mercedes,4192.640000,,1,1.000000,False,,False,True
2026,10,Belgian Grand Prix,R,4414.583000,ANT,12,antonelli,mercedes,110.986000,8.000000,1.000000,,,31.546000,49.565000,29.875000,4335.266000,4384.831000,4414.706000,306.000000,204.000000,218.000000,296.000000,False,MEDIUM,8.000000,True,Mercedes,4303.597000,,12,1.000000,False,,False,True
2026,10,Belgian Grand Prix,R,4525.408000,ANT,12,antonelli,mercedes,110.825000,9.000000,1.000000,,,31.549000,49.468000,29.808000,4446.255000,4495.723000,4525.531000,306.000000,205.000000,218.000000,296.000000,True,MEDIUM,9.000000,True,Mercedes,4414.583000,,1,1.000000,False,,False,True
2026,10,Belgian Grand Prix,R,4636.147000,ANT,12,antonelli,mercedes,110.739000,10.000000,1.000000,,,31.488000,49.387000,29.864000,4557.019000,4606.406000,4636.270000,306.000000,201.000000,218.000000,296.000000,True,MEDIUM,10.000000,True,Mercedes,4525.408000,,1,1.000000,False,,False,True
2026,10,Belgian Grand Prix,R,4747.237000,ANT,12,antonelli,mercedes,111.090000,11.000000,1.000000,,,31.438000,49.775000,29.877000,4667.708000,4717.483000,4747.360000,307.000000,202.000000,219.000000,297.000000,False,MEDIUM,11.000000,True,Mercedes,4636.147000,,1,1.000000,True,TRACK LIMITS AT TURN 4 LAP 11 ,False,True
2026,10,Belgian Grand Prix,R,4858.130000,ANT,12,antonelli,mercedes,110.893000,12.000000,1.000000,,,31.404000,49.603000,29.886000,4778.764000,4828.367000,4858.253000,308.000000,201.000000,219.000000,299.000000,False,MEDIUM,12.000000,True,Mercedes,4747.237000,,1,1.000000,False,,False,True
2026,10,Belgian Grand Prix,R,4969.199000,ANT,12,antonelli,mercedes,111.069000,13.000000,1.000000,,,31.431000,49.782000,29.856000,4889.684000,4939.466000,4969.322000,308.000000,204.000000,218.000000,299.000000,False,MEDIUM,13.000000,True,Mercedes,4858.130000,,1,1.000000,False,,False,True
2026,10,Belgian Grand Prix,R,5080.183000,ANT,12,antonelli,mercedes,110.984000,14.000000,1.000000,,,31.446000,49.762000,29.776000,5000.768000,5050.530000,5080.306000,308.000000,202.000000,219.000000,298.000000,False,MEDIUM,14.000000,True,Mercedes,4969.199000,,1,1.000000,False,,False,True
2026,10,Belgian Grand Prix,R,5191.296000,ANT,12,antonelli,mercedes,111.113000,15.000000,1.000000,,,31.418000,49.812000,29.883000,5111.724000,5161.536000,5191.419000,310.000000,202.000000,219.000000,298.000000,False,MEDIUM,15.000000,True,Mercedes,5080.183000,,1,1.000000,False,,False,True
2026,10,Belgian Grand Prix,R,5302.475000,ANT,12,antonelli,mercedes,111.179000,16.000000,1.000000,,,31.471000,49.853000,29.855000,5222.890000,5272.743000,5302.598000,308.000000,202.000000,220.000000,298.000000,False,MEDIUM,16.000000,True,Mercedes,5191.296000,,1,1.000000,False,,False,True
2026,10,Belgian Grand Prix,R,5413.443000,ANT,12,antonelli,mercedes,110.968000,17.000000,1.000000,,,31.432000,49.784000,29.752000,5334.030000,5383.814000,5413.566000,308.000000,202.000000,218.000000,298.000000,False,MEDIUM,17.000000,True,Mercedes,5302.475000,,1,1.000000,False,,False,True
2026,10,Belgian Grand Prix,R,5540.201000,ANT,12,antonelli,mercedes,126.758000,18.000000,1.000000,,5536.542000,31.505000,55.212000,40.041000,5445.071000,5500.283000,5540.324000,307.000000,131.000000,,299.000000,False,MEDIUM,18.000000,True,Mercedes,5413.443000,,167,1.000000,False,,False,False
2026,10,Belgian Grand Prix,R,5665.039000,ANT,12,antonelli,mercedes,124.838000,19.000000,2.000000,5559.597000,,46.389000,49.204000,29.245000,5586.713000,5635.917000,5665.162000,311.000000,207.000000,223.000000,302.000000,False,SOFT,4.000000,False,Mercedes,5540.201000,,1,5.000000,False,,False,False
2026,10,Belgian Grand Prix,R,5793.759000,ANT,12,antonelli,mercedes,128.720000,20.000000,2.000000,,,31.186000,56.837000,40.697000,5696.348000,5753.185000,5793.882000,311.000000,132.000000,142.000000,296.000000,False,SOFT,5.000000,False,Mercedes,5665.039000,,16,5.000000,False,,False,False
2026,10,Belgian Grand Prix,R,5914.808000,ANT,12,antonelli,mercedes,121.049000,21.000000,2.000000,,,41.721000,49.703000,29.625000,5835.603000,5885.306000,5914.931000,300.000000,204.000000,220.000000,261.000000,False,SOFT,6.000000,False,Mercedes,5793.759000,,671,3.000000,False,,False,False
2026,10,Belgian Grand Prix,R,6024.175000,ANT,12,antonelli,mercedes,109.367000,22.000000,2.000000,,,30.938000,48.972000,29.457000,5945.869000,5994.841000,6024.298000,318.000000,204.000000,222.000000,302.000000,True,SOFT,7.000000,False,Mercedes,5914.808000,,1,3.000000,False,,False,True
2026,10,Belgian Grand Prix,R,6133.760000,ANT,12,antonelli,mercedes,109.585000,23.000000,2.000000,,,30.891000,49.333000,29.361000,6055.189000,6104.522000,6133.883000,317.000000,200.000000,222.000000,303.000000,False,SOFT,8.000000,False,Mercedes,6024.175000,,1,3.000000,False,,False,True
2026,10,Belgian Grand Prix,R,6243.703000,ANT,12,antonelli,mercedes,109.943000,24.000000,2.000000,,,30.617000,49.970000,29.356000,6164.500000,6214.470000,6243.826000,328.000000,203.000000,224.000000,306.000000,False,SOFT,9.000000,False,Mercedes,6133.760000,,1,3.000000,False,,False,True
2026,10,Belgian Grand Prix,R,6354.581000,ANT,12,antonelli,mercedes,110.878000,25.000000,2.000000,,,30.775000,50.656000,29.447000,6274.601000,6325.257000,6354.704000,324.000000,202.000000,224.000000,298.000000,False,SOFT,10.000000,False,Mercedes,6243.703000,,1,3.000000,False,,False,True
2026,10,Belgian Grand Prix,R,6463.914000,ANT,12,antonelli,mercedes,109.333000,26.000000,2.000000,,,30.706000,49.329000,29.298000,6385.410000,6434.739000,6464.037000,324.000000,203.000000,219.000000,307.000000,True,SOFT,11.000000,False,Mercedes,6354.581000,,1,2.000000,False,,False,True
2026,10,Belgian Grand Prix,R,6573.698000,ANT,12,antonelli,mercedes,109.784000,27.000000,2.000000,,,31.161000,49.258000,29.365000,6495.198000,6544.456000,6573.821000,315.000000,205.000000,218.000000,299.000000,False,SOFT,12.000000,False,Mercedes,6463.914000,,1,2.000000,False,,False,True
2026,10,Belgian Grand Prix,R,6683.347000,ANT,12,antonelli,mercedes,109.649000,28.000000,2.000000,,,31.196000,49.248000,29.205000,6605.017000,6654.265000,6683.470000,315.000000,202.000000,220.000000,300.000000,False,SOFT,13.000000,False,Mercedes,6573.698000,,1,2.000000,False,,False,True
2026,10,Belgian Grand Prix,R,6793.006000,ANT,12,antonelli,mercedes,109.659000,29.000000,2.000000,,,31.110000,49.230000,29.319000,6714.580000,6763.810000,6793.129000,318.000000,206.000000,220.000000,301.000000,False,SOFT,14.000000,False,Mercedes,6683.347000,,1,2.000000,False,,False,True
2026,10,Belgian Grand Prix,R,6902.701000,ANT,12,antonelli,mercedes,109.695000,30.000000,2.000000,,,30.913000,49.479000,29.303000,6824.042000,6873.521000,6902.824000,321.000000,208.000000,220.000000,303.000000,False,SOFT,15.000000,False,Mercedes,6793.006000,,1,2.000000,False,,False,True
2026,10,Belgian Grand Prix,R,7012.724000,ANT,12,antonelli,mercedes,110.023000,31.000000,2.000000,,,31.051000,49.560000,29.412000,6933.875000,6983.435000,7012.847000,322.000000,206.000000,221.000000,304.000000,False,SOFT,16.000000,False,Mercedes,6902.701000,,1,2.000000,False,,False,True
2026,10,Belgian Grand Prix,R,7122.587000,ANT,12,antonelli,mercedes,109.863000,32.000000,2.000000,,,30.808000,49.814000,29.241000,7043.655000,7093.469000,7122.710000,322.000000,206.000000,221.000000,305.000000,False,SOFT,17.000000,False,Mercedes,7012.724000,,1,2.000000,False,,False,True
2026,10,Belgian Grand Prix,R,7232.385000,ANT,12,antonelli,mercedes,109.798000,33.000000,2.000000,,,30.619000,49.726000,29.453000,7153.329000,7203.055000,7232.508000,326.000000,204.000000,222.000000,305.000000,False,SOFT,18.000000,False,Mercedes,7122.587000,,1,2.000000,False,,False,True
2026,10,Belgian Grand Prix,R,7341.690000,ANT,12,antonelli,mercedes,109.305000,34.000000,2.000000,,,30.576000,49.052000,29.677000,7263.084000,7312.136000,7341.813000,322.000000,208.000000,220.000000,307.000000,True,SOFT,19.000000,False,Mercedes,7232.385000,,1,1.000000,False,,False,True
2026,10,Belgian Grand Prix,R,7451.546000,ANT,12,antonelli,mercedes,109.856000,35.000000,2.000000,,,31.217000,49.418000,29.221000,7373.030000,7422.448000,7451.669000,309.000000,207.000000,214.000000,300.000000,False,SOFT,20.000000,False,Mercedes,7341.690000,,1,1.000000,True,TRACK LIMITS AT TURN 4 LAP 35 ,False,True
2026,10,Belgian Grand Prix,R,7561.619000,ANT,12,antonelli,mercedes,110.073000,36.000000,2.000000,,,31.621000,49.373000,29.079000,7483.290000,7532.663000,7561.742000,308.000000,207.000000,217.000000,301.000000,False,SOFT,21.000000,False,Mercedes,7451.546000,,1,1.000000,False,,False,True
2026,10,Belgian Grand Prix,R,7671.320000,ANT,12,antonelli,mercedes,109.701000,37.000000,2.000000,,,31.597000,49.072000,29.032000,7593.339000,7642.411000,7671.443000,309.000000,209.000000,216.000000,299.000000,False,SOFT,22.000000,False,Mercedes,7561.619000,,1,1.000000,False,,False,True
2026,10,Belgian Grand Prix,R,7781.000000,ANT,12,antonelli,mercedes,109.680000,38.000000,2.000000,,,31.503000,49.125000,29.052000,7702.946000,7752.071000,7781.123000,309.000000,205.000000,214.000000,300.000000,False,SOFT,23.000000,False,Mercedes,7671.320000,,1,1.000000,False,,False,True
2026,10,Belgian Grand Prix,R,7890.629000,ANT,12,antonelli,mercedes,109.629000,39.000000,2.000000,,,31.523000,49.168000,28.938000,7812.646000,7861.814000,7890.752000,310.000000,206.000000,215.000000,301.000000,False,SOFT,24.000000,False,Mercedes,7781.000000,,1,1.000000,False,,False,True
2026,10,Belgian Grand Prix,R,8000.294000,ANT,12,antonelli,mercedes,109.665000,40.000000,2.000000,,,31.343000,49.364000,28.958000,7922.095000,7971.459000,8000.417000,310.000000,207.000000,214.000000,301.000000,False,SOFT,25.000000,False,Mercedes,7890.629000,,1,1.000000,False,,False,True
2026,10,Belgian Grand Prix,R,8109.392000,ANT,12,antonelli,mercedes,109.098000,41.000000,2.000000,,,31.318000,48.904000,28.876000,8031.735000,8080.639000,8109.515000,313.000000,206.000000,214.000000,305.000000,True,SOFT,26.000000,False,Mercedes,8000.294000,,1,1.000000,False,,False,True
2026,10,Belgian Grand Prix,R,8218.749000,ANT,12,antonelli,mercedes,109.357000,42.000000,2.000000,,,31.134000,49.327000,28.896000,8140.649000,8189.976000,8218.872000,316.000000,206.000000,213.000000,303.000000,False,SOFT,27.000000,False,Mercedes,8109.392000,,1,1.000000,False,,False,True
2026,10,Belgian Grand Prix,R,8328.635000,ANT,12,antonelli,mercedes,109.886000,43.000000,2.000000,,,31.268000,49.500000,29.118000,8250.140000,8299.640000,8328.758000,314.000000,206.000000,213.000000,303.000000,False,SOFT,28.000000,False,Mercedes,8218.749000,,1,1.000000,False,,False,True
2026,10,Belgian Grand Prix,R,8438.598000,ANT,12,antonelli,mercedes,109.963000,44.000000,2.000000,,,31.260000,49.720000,28.983000,8360.018000,8409.738000,8438.721000,316.000000,205.000000,205.000000,302.000000,False,SOFT,29.000000,False,Mercedes,8328.635000,,1,1.000000,False,,False,True
2026,10,Belgian Grand Prix,R,3480.026000,LEC,16,leclerc,ferrari,123.706000,1.000000,1.000000,,,,50.445000,39.336000,,3440.748000,3480.130000,323.000000,204.000000,200.000000,295.000000,False,MEDIUM,1.000000,True,Ferrari,3355.977000,,124,2.000000,False,,False,False
2026,10,Belgian Grand Prix,R,3647.075000,LEC,16,leclerc,ferrari,,2.000000,1.000000,,,46.114000,77.706000,43.317000,3526.151000,3603.892000,3647.133000,174.000000,119.000000,190.000000,165.000000,False,MEDIUM,2.000000,True,Ferrari,3480.026000,,4,2.000000,False,,False,False
2026,10,Belgian Grand Prix,R,3807.601000,LEC,16,leclerc,ferrari,,3.000000,1.000000,,,42.937000,73.907000,43.715000,3690.117000,3763.944000,3807.864000,143.000000,110.000000,197.000000,161.000000,False,MEDIUM,3.000000,True,Ferrari,3647.075000,,4,2.000000,False,,False,False
2026,10,Belgian Grand Prix,R,3970.710000,LEC,16,leclerc,ferrari,,4.000000,1.000000,,,41.710000,72.198000,49.218000,3849.510000,3921.665000,3970.976000,253.000000,137.000000,219.000000,261.000000,False,MEDIUM,4.000000,True,Ferrari,3807.601000,,41,2.000000,False,,False,False
2026,10,Belgian Grand Prix,R,4082.384000,LEC,16,leclerc,ferrari,111.674000,5.000000,1.000000,,,32.023000,49.845000,29.806000,4002.791000,4052.636000,4082.442000,306.000000,203.000000,212.000000,285.000000,True,MEDIUM,5.000000,True,Ferrari,3970.710000,,1,2.000000,False,,False,True
2026,10,Belgian Grand Prix,R,4194.364000,LEC,16,leclerc,ferrari,111.980000,6.000000,1.000000,,,31.713000,50.403000,29.864000,4114.155000,4164.558000,4194.422000,308.000000,208.000000,211.000000,297.000000,False,MEDIUM,6.000000,True,Ferrari,4082.384000,,1,3.000000,False,,False,True
2026,10,Belgian Grand Prix,R,4305.482000,LEC,16,leclerc,ferrari,111.118000,7.000000,1.000000,,,31.460000,49.938000,29.720000,4225.882000,4275.820000,4305.540000,320.000000,203.000000,211.000000,300.000000,True,MEDIUM,7.000000,True,Ferrari,4194.364000,,1,3.000000,False,,False,True
2026,10,Belgian Grand Prix,R,4417.052000,LEC,16,leclerc,ferrari,111.570000,8.000000,1.000000,,,31.511000,50.211000,29.848000,4337.051000,4387.262000,4417.110000,315.000000,202.000000,210.000000,300.000000,False,MEDIUM,8.000000,True,Ferrari,4305.482000,,12,3.000000,False,,False,True
2026,10,Belgian Grand Prix,R,4527.703000,LEC,16,leclerc,ferrari,110.651000,9.000000,1.000000,,,31.290000,49.648000,29.713000,4448.400000,4498.048000,4527.761000,317.000000,203.000000,210.000000,299.000000,True,MEDIUM,9.000000,True,Ferrari,4417.052000,,1,3.000000,False,,False,True
2026,10,Belgian Grand Prix,R,4638.488000,LEC,16,leclerc,ferrari,110.785000,10.000000,1.000000,,,31.342000,49.697000,29.746000,4559.103000,4608.800000,4638.546000,320.000000,201.000000,211.000000,300.000000,False,MEDIUM,10.000000,True,Ferrari,4527.703000,,1,3.000000,False,,False,True
2026,10,Belgian Grand Prix,R,4749.697000,LEC,16,leclerc,ferrari,111.209000,11.000000,1.000000,,,31.299000,50.175000,29.735000,4669.845000,4720.020000,4749.755000,322.000000,203.000000,212.000000,301.000000,False,MEDIUM,11.000000,True,Ferrari,4638.488000,,1,3.000000,False,,False,True
2026,10,Belgian Grand Prix,R,4860.921000,LEC,16,leclerc,ferrari,111.224000,12.000000,1.000000,,,31.514000,49.940000,29.770000,4781.269000,4831.209000,4860.979000,324.000000,202.000000,205.000000,296.000000,False,MEDIUM,12.000000,True,Ferrari,4749.697000,,1,3.000000,False,,False,True
2026,10,Belgian Grand Prix,R,4972.273000,LEC,16,leclerc,ferrari,111.352000,13.000000,1.000000,,,31.692000,50.015000,29.645000,4892.671000,4942.686000,4972.331000,318.000000,203.000000,211.000000,295.000000,False,MEDIUM,13.000000,True,Ferrari,4860.921000,,1,3.000000,False,,False,True
2026,10,Belgian Grand Prix,R,5083.305000,LEC,16,leclerc,ferrari,111.032000,14.000000,1.000000,,,31.588000,49.914000,29.530000,5003.919000,5053.833000,5083.363000,317.000000,203.000000,211.000000,300.000000,False,MEDIUM,14.000000,True,Ferrari,4972.273000,,1,3.000000,False,,False,True
2026,10,Belgian Grand Prix,R,5194.411000,LEC,16,leclerc,ferrari,111.106000,15.000000,1.000000,,,31.584000,50.041000,29.481000,5114.947000,5164.988000,5194.469000,317.000000,204.000000,212.000000,300.000000,False,MEDIUM,15.000000,True,Ferrari,5083.305000,,1,3.000000,False,,False,True
2026,10,Belgian Grand Prix,R,5305.780000,LEC,16,leclerc,ferrari,111.369000,16.000000,1.000000,,,31.534000,50.287000,29.548000,5226.003000,5276.290000,5305.838000,318.000000,203.000000,212.000000,300.000000,False,MEDIUM,16.000000,True,Ferrari,5194.411000,,1,3.000000,False,,False,True
2026,10,Belgian Grand Prix,R,5417.016000,LEC,16,leclerc,ferrari,111.236000,17.000000,1.000000,,,31.579000,50.075000,29.582000,5337.417000,5387.492000,5417.074000,319.000000,202.000000,211.000000,300.000000,False,MEDIUM,17.000000,True,Ferrari,5305.780000,,1,2.000000,False,,False,True
2026,10,Belgian Grand Prix,R,5540.665000,LEC,16,leclerc,ferrari,123.649000,18.000000,1.000000,,,31.670000,56.518000,35.461000,5448.744000,5505.262000,5540.723000,311.000000,158.000000,212.000000,298.000000,False,MEDIUM,18.000000,True,Ferrari,5417.016000,,167,2.000000,False,,False,False
2026,10,Belgian Grand Prix,R,5651.527000,LEC,16,leclerc,ferrari,110.862000,19.000000,1.000000,,,31.633000,49.493000,29.736000,5572.356000,5621.849000,5651.585000,305.000000,206.000000,212.000000,299.000000,False,MEDIUM,19.000000,True,Ferrari,5540.665000,,1,1.000000,False,,False,True
2026,10,Belgian Grand Prix,R,5780.493000,LEC,16,leclerc,ferrari,128.966000,20.000000,1.000000,,5776.846000,31.708000,53.359000,43.899000,5683.293000,5736.652000,5780.551000,305.000000,160.000000,,297.000000,False,MEDIUM,20.000000,True,Ferrari,5651.527000,,16,1.000000,False,,False,False
2026,10,Belgian Grand Prix,R,5912.318000,LEC,16,leclerc,ferrari,131.825000,21.000000,2.000000,5799.879000,,52.988000,49.359000,29.478000,5833.539000,5882.898000,5912.376000,288.000000,209.000000,214.000000,233.000000,False,HARD,1.000000,True,Ferrari,5780.493000,,671,2.000000,False,,False,False
2026,10,Belgian Grand Prix,R,6022.136000,LEC,16,leclerc,ferrari,109.818000,22.000000,2.000000,,,31.034000,48.974000,29.810000,5943.410000,5992.384000,6022.194000,318.000000,207.000000,215.000000,301.000000,True,HARD,2.000000,True,Ferrari,5912.318000,,1,2.000000,False,,False,True
2026,10,Belgian Grand Prix,R,6131.469000,LEC,16,leclerc,ferrari,109.333000,23.000000,2.000000,,,30.732000,48.948000,29.653000,6052.926000,6101.874000,6131.527000,320.000000,206.000000,213.000000,305.000000,True,HARD,3.000000,True,Ferrari,6022.136000,,1,1.000000,False,,False,True
2026,10,Belgian Grand Prix,R,6240.962000,LEC,16,leclerc,ferrari,109.493000,24.000000,2.000000,,,31.411000,48.456000,29.626000,6162.938000,6211.394000,6241.020000,309.000000,207.000000,214.000000,299.000000,False,HARD,4.000000,True,Ferrari,6131.469000,,1,1.000000,False,,False,True
2026,10,Belgian Grand Prix,R,6351.050000,LEC,16,leclerc,ferrari,110.088000,25.000000,2.000000,,,31.591000,48.798000,29.699000,6272.611000,6321.409000,6351.108000,307.000000,208.000000,212.000000,300.000000,False,HARD,5.000000,True,Ferrari,6240.962000,,1,1.000000,False,,False,True
2026,10,Belgian Grand Prix,R,6460.957000,LEC,16,leclerc,ferrari,109.907000,26.000000,2.000000,,,31.410000,49.003000,29.494000,6382.518000,6431.521000,6461.015000,314.000000,206.000000,214.000000,299.000000,False,HARD,6.000000,True,Ferrari,6351.050000,,1,1.000000,False,,False,True
2026,10,Belgian Grand Prix,R,6570.945000,LEC,16,leclerc,ferrari,109.988000,27.000000,2.000000,,,31.592000,48.921000,29.475000,6492.607000,6541.528000,6571.003000,311.000000,207.000000,212.000000,299.000000,False,HARD,7.000000,True,Ferrari,6460.957000,,1,1.000000,False,,False,True
2026,10,Belgian Grand Prix,R,6680.850000,LEC,16,leclerc,ferrari,109.905000,28.000000,2.000000,,,31.414000,49.076000,29.415000,6602.417000,6651.493000,6680.908000,314.000000,209.000000,213.000000,300.000000,False,HARD,8.000000,True,Ferrari,6570.945000,,1,1.000000,False,,False,True
2026,10,Belgian Grand Prix,R,6790.856000,LEC,16,leclerc,ferrari,110.006000,29.000000,2.000000,,,31.508000,48.806000,29.692000,6712.416000,6761.222000,6790.914000,310.000000,209.000000,214.000000,300.000000,False,HARD,9.000000,True,Ferrari,6680.850000,,1,1.000000,False,,False,True
2026,10,Belgian Grand Prix,R,6901.009000,LEC,16,leclerc,ferrari,110.153000,30.000000,2.000000,,,31.431000,49.136000,29.586000,6822.345000,6871.481000,6901.067000,311.000000,208.000000,214.000000,300.000000,False,HARD,10.000000,True,Ferrari,6790.856000,,1,1.000000,False,,False,True
2026,10,Belgian Grand Prix,R,7011.379000,LEC,16,leclerc,ferrari,110.370000,31.000000,2.000000,,,31.554000,49.237000,29.579000,6932.621000,6981.858000,7011.437000,310.000000,209.000000,213.000000,300.000000,False,HARD,11.000000,True,Ferrari,6901.009000,,1,1.000000,False,,False,True
2026,10,Belgian Grand Prix,R,7121.578000,LEC,16,leclerc,ferrari,110.199000,32.000000,2.000000,,,31.485000,49.291000,29.423000,7042.922000,7092.213000,7121.636000,308.000000,209.000000,214.000000,302.000000,False,HARD,12.000000,True,Ferrari,7011.379000,,1,1.000000,False,,False,True
2026,10,Belgian Grand Prix,R,7231.807000,LEC,16,leclerc,ferrari,110.229000,33.000000,2.000000,,,31.280000,49.155000,29.794000,7152.916000,7202.071000,7231.865000,310.000000,206.000000,213.000000,303.000000,False,HARD,13.000000,True,Ferrari,7121.578000,,1,1.000000,False,,False,True
2026,10,Belgian Grand Prix,R,7342.479000,LEC,16,leclerc,ferrari,110.672000,34.000000,2.000000,,,31.324000,49.782000,29.566000,7263.189000,7312.971000,7342.537000,309.000000,206.000000,214.000000,301.000000,False,HARD,14.000000,True,Ferrari,7231.807000,,1,2.000000,False,,False,True
2026,10,Belgian Grand Prix,R,7452.407000,LEC,16,leclerc,ferrari,109.928000,35.000000,2.000000,,,31.045000,49.552000,29.331000,7373.582000,7423.134000,7452.465000,321.000000,204.000000,215.000000,302.000000,False,HARD,15.000000,True,Ferrari,7342.479000,,1,2.000000,False,,False,True
2026,10,Belgian Grand Prix,R,7562.569000,LEC,16,leclerc,ferrari,110.162000,36.000000,2.000000,,,31.162000,49.780000,29.220000,7483.627000,7533.407000,7562.627000,324.000000,205.000000,215.000000,304.000000,False,HARD,16.000000,True,Ferrari,7452.407000,,1,2.000000,False,,False,True
2026,10,Belgian Grand Prix,R,7672.285000,LEC,16,leclerc,ferrari,109.716000,37.000000,2.000000,,,31.161000,49.488000,29.067000,7593.788000,7643.276000,7672.343000,322.000000,206.000000,216.000000,302.000000,False,HARD,17.000000,True,Ferrari,7562.569000,,1,2.000000,False,,False,True
2026,10,Belgian Grand Prix,R,7782.355000,LEC,16,leclerc,ferrari,110.070000,38.000000,2.000000,,,31.411000,49.442000,29.217000,7703.754000,7753.196000,7782.413000,322.000000,205.000000,216.000000,301.000000,False,HARD,18.000000,True,Ferrari,7672.285000,,1,2.000000,False,,False,True
2026,10,Belgian Grand Prix,R,7892.200000,LEC,16,leclerc,ferrari,109.845000,39.000000,2.000000,,,31.195000,49.482000,29.168000,7813.608000,7863.090000,7892.258000,317.000000,206.000000,215.000000,303.000000,False,HARD,19.000000,True,Ferrari,7782.355000,,1,2.000000,False,,False,True
2026,10,Belgian Grand Prix,R,8001.830000,LEC,16,leclerc,ferrari,109.630000,40.000000,2.000000,,,31.174000,49.133000,29.323000,7923.432000,7972.565000,8001.888000,313.000000,206.000000,215.000000,301.000000,False,HARD,20.000000,True,Ferrari,7892.200000,,1,2.000000,False,,False,True
2026,10,Belgian Grand Prix,R,8111.379000,LEC,16,leclerc,ferrari,109.549000,41.000000,2.000000,,,31.133000,49.036000,29.380000,8033.021000,8082.057000,8111.437000,316.000000,204.000000,215.000000,305.000000,False,HARD,21.000000,True,Ferrari,8001.830000,,1,2.000000,False,,False,True
2026,10,Belgian Grand Prix,R,8221.355000,LEC,16,leclerc,ferrari,109.976000,42.000000,2.000000,,,31.185000,49.486000,29.305000,8142.622000,8192.108000,8221.413000,314.000000,207.000000,215.000000,304.000000,False,HARD,22.000000,True,Ferrari,8111.379000,,1,2.000000,False,,False,True
2026,10,Belgian Grand Prix,R,8331.199000,LEC,16,leclerc,ferrari,109.844000,43.000000,2.000000,,,31.212000,49.237000,29.395000,8252.625000,8301.862000,8331.257000,314.000000,206.000000,215.000000,302.000000,False,HARD,23.000000,True,Ferrari,8221.355000,,1,2.000000,False,,False,True
2026,10,Belgian Grand Prix,R,8440.613000,LEC,16,leclerc,ferrari,109.414000,44.000000,2.000000,,,31.221000,49.385000,28.808000,8362.478000,8411.863000,8440.671000,315.000000,202.000000,219.000000,302.000000,False,HARD,24.000000,True,Ferrari,8331.199000,,1,2.000000,False,,False,True
2026,10,Belgian Grand Prix,R,3481.653000,VER,3,max_verstappen,red_bull,125.369000,1.000000,1.000000,,,,51.029000,40.391000,,3441.329000,3481.741000,299.000000,194.000000,178.000000,288.000000,False,MEDIUM,1.000000,True,Red Bull Racing,3355.977000,,124,3.000000,False,,False,False
2026,10,Belgian Grand Prix,R,3648.285000,VER,3,max_verstappen,red_bull,,2.000000,1.000000,,,45.495000,78.753000,42.436000,3527.244000,3606.017000,3648.352000,185.000000,67.000000,187.000000,240.000000,False,MEDIUM,2.000000,True,Red Bull Racing,3481.653000,,4,3.000000,False,,False,False
2026,10,Belgian Grand Prix,R,3808.796000,VER,3,max_verstappen,red_bull,,3.000000,1.000000,,,43.061000,73.679000,43.737000,3691.447000,3765.168000,3808.973000,203.000000,147.000000,183.000000,240.000000,False,MEDIUM,3.000000,True,Red Bull Racing,3648.285000,,4,3.000000,False,,False,False
2026,10,Belgian Grand Prix,R,3971.631000,VER,3,max_verstappen,red_bull,,4.000000,1.000000,,,41.711000,72.078000,49.115000,3850.648000,3922.639000,3971.797000,247.000000,142.000000,210.000000,269.000000,False,MEDIUM,4.000000,True,Red Bull Racing,3808.796000,,41,3.000000,False,,False,False
2026,10,Belgian Grand Prix,R,4082.932000,VER,3,max_verstappen,red_bull,111.301000,5.000000,1.000000,,,31.396000,50.173000,29.732000,4003.094000,4053.267000,4082.999000,317.000000,200.000000,210.000000,288.000000,True,MEDIUM,5.000000,True,Red Bull Racing,3971.631000,,1,3.000000,False,,False,True
2026,10,Belgian Grand Prix,R,4193.519000,VER,3,max_verstappen,red_bull,110.587000,6.000000,1.000000,,,31.078000,49.712000,29.797000,4114.077000,4163.789000,4193.586000,320.000000,198.000000,210.000000,293.000000,True,MEDIUM,6.000000,True,Red Bull Racing,4082.932000,,1,2.000000,False,,False,True
2026,10,Belgian Grand Prix,R,4304.647000,VER,3,max_verstappen,red_bull,111.128000,7.000000,1.000000,,,31.476000,49.951000,29.701000,4225.062000,4275.013000,4304.714000,315.000000,194.000000,209.000000,289.000000,False,MEDIUM,7.000000,True,Red Bull Racing,4193.519000,,1,2.000000,False,,False,True
2026,10,Belgian Grand Prix,R,4415.680000,VER,3,max_verstappen,red_bull,111.033000,8.000000,1.000000,,,31.569000,49.831000,29.633000,4336.283000,4386.114000,4415.747000,314.000000,197.000000,210.000000,287.000000,False,MEDIUM,8.000000,True,Red Bull Racing,4304.647000,,12,2.000000,False,,False,True
2026,10,Belgian Grand Prix,R,4526.727000,VER,3,max_verstappen,red_bull,111.047000,9.000000,1.000000,,,31.626000,49.729000,29.692000,4447.373000,4497.102000,4526.794000,313.000000,195.000000,208.000000,287.000000,False,MEDIUM,9.000000,True,Red Bull Racing,4415.680000,,1,2.000000,False,,False,True
2026,10,Belgian Grand Prix,R,4637.817000,VER,3,max_verstappen,red_bull,111.090000,10.000000,1.000000,,,31.642000,49.690000,29.758000,4558.436000,4608.126000,4637.884000,312.000000,196.000000,211.000000,286.000000,False,MEDIUM,10.000000,True,Red Bull Racing,4526.727000,,1,2.000000,False,,False,True
2026,10,Belgian Grand Prix,R,4748.937000,VER,3,max_verstappen,red_bull,111.120000,11.000000,1.000000,,,31.708000,49.648000,29.764000,4669.592000,4719.240000,4749.004000,310.000000,196.000000,211.000000,287.000000,False,MEDIUM,11.000000,True,Red Bull Racing,4637.817000,,1,2.000000,False,,False,True
2026,10,Belgian Grand Prix,R,4860.030000,VER,3,max_verstappen,red_bull,111.093000,12.000000,1.000000,,,31.650000,49.650000,29.793000,4780.654000,4830.304000,4860.097000,312.000000,199.000000,211.000000,287.000000,False,MEDIUM,12.000000,True,Red Bull Racing,4748.937000,,1,2.000000,False,,False,True
2026,10,Belgian Grand Prix,R,4971.190000,VER,3,max_verstappen,red_bull,111.160000,13.000000,1.000000,,,31.630000,49.722000,29.808000,4891.727000,4941.449000,4971.257000,311.000000,202.000000,211.000000,286.000000,False,MEDIUM,13.000000,True,Red Bull Racing,4860.030000,,1,2.000000,False,,False,True
2026,10,Belgian Grand Prix,R,5082.332000,VER,3,max_verstappen,red_bull,111.142000,14.000000,1.000000,,,31.620000,49.641000,29.881000,5002.877000,5052.518000,5082.399000,311.000000,197.000000,211.000000,287.000000,False,MEDIUM,14.000000,True,Red Bull Racing,4971.190000,,1,2.000000,False,,False,True
2026,10,Belgian Grand Prix,R,5193.573000,VER,3,max_verstappen,red_bull,111.241000,15.000000,1.000000,,,31.668000,49.780000,29.793000,5114.067000,5163.847000,5193.640000,311.000000,198.000000,211.000000,285.000000,False,MEDIUM,15.000000,True,Red Bull Racing,5082.332000,,1,2.000000,False,,False,True
2026,10,Belgian Grand Prix,R,5304.891000,VER,3,max_verstappen,red_bull,111.318000,16.000000,1.000000,,,31.692000,49.855000,29.771000,5225.332000,5275.187000,5304.958000,311.000000,198.000000,210.000000,287.000000,False,MEDIUM,16.000000,True,Red Bull Racing,5193.573000,,1,2.000000,False,,False,True
2026,10,Belgian Grand Prix,R,5420.609000,VER,3,max_verstappen,red_bull,115.718000,17.000000,1.000000,,5416.882000,31.710000,49.777000,34.231000,5336.668000,5386.445000,5420.676000,311.000000,197.000000,,286.000000,False,MEDIUM,17.000000,True,Red Bull Racing,5304.891000,,1,4.000000,False,,False,False
2026,10,Belgian Grand Prix,R,5557.705000,VER,3,max_verstappen,red_bull,137.096000,18.000000,2.000000,5440.050000,,46.038000,61.121000,29.937000,5466.714000,5527.835000,5557.772000,307.000000,202.000000,211.000000,284.000000,False,HARD,1.000000,True,Red Bull Racing,5420.609000,,167,6.000000,False,,False,False
2026,10,Belgian Grand Prix,R,5667.736000,VER,3,max_verstappen,red_bull,110.031000,19.000000,2.000000,,,31.505000,49.062000,29.464000,5589.277000,5638.339000,5667.803000,312.000000,203.000000,214.000000,287.000000,True,HARD,2.000000,True,Red Bull Racing,5557.705000,,1,6.000000,False,,False,True
2026,10,Belgian Grand Prix,R,5797.049000,VER,3,max_verstappen,red_bull,129.313000,20.000000,2.000000,,,31.309000,57.599000,40.405000,5699.112000,5756.711000,5797.116000,313.000000,149.000000,179.000000,289.000000,False,HARD,3.000000,True,Red Bull Racing,5667.736000,,16,6.000000,False,,False,False
2026,10,Belgian Grand Prix,R,5918.297000,VER,3,max_verstappen,red_bull,121.248000,21.000000,2.000000,,,42.246000,49.199000,29.803000,5839.362000,5888.561000,5918.364000,278.000000,201.000000,213.000000,260.000000,False,HARD,4.000000,True,Red Bull Racing,5797.049000,,671,4.000000,False,,False,False
2026,10,Belgian Grand Prix,R,6028.023000,VER,3,max_verstappen,red_bull,109.726000,22.000000,2.000000,,,31.332000,48.925000,29.469000,5949.696000,5998.621000,6028.090000,313.000000,202.000000,212.000000,289.000000,True,HARD,5.000000,True,Red Bull Racing,5918.297000,,1,4.000000,False,,False,True
2026,10,Belgian Grand Prix,R,6137.641000,VER,3,max_verstappen,red_bull,109.618000,23.000000,2.000000,,,31.403000,48.669000,29.546000,6059.493000,6108.162000,6137.708000,311.000000,203.000000,214.000000,288.000000,True,HARD,6.000000,True,Red Bull Racing,6028.023000,,1,4.000000,False,,False,True
2026,10,Belgian Grand Prix,R,6247.271000,VER,3,max_verstappen,red_bull,109.630000,24.000000,2.000000,,,31.376000,48.756000,29.498000,6169.084000,6217.840000,6247.338000,312.000000,202.000000,213.000000,288.000000,False,HARD,7.000000,True,Red Bull Racing,6137.641000,,1,4.000000,False,,False,True
2026,10,Belgian Grand Prix,R,6357.072000,VER,3,max_verstappen,red_bull,109.801000,25.000000,2.000000,,,31.373000,48.959000,29.469000,6278.711000,6327.670000,6357.139000,311.000000,202.000000,212.000000,291.000000,False,HARD,8.000000,True,Red Bull Racing,6247.271000,,1,4.000000,False,,False,True
2026,10,Belgian Grand Prix,R,6467.144000,VER,3,max_verstappen,red_bull,110.072000,26.000000,2.000000,,,31.350000,49.313000,29.409000,6388.489000,6437.802000,6467.211000,316.000000,197.000000,213.000000,289.000000,False,HARD,9.000000,True,Red Bull Racing,6357.072000,,1,4.000000,False,,False,True
2026,10,Belgian Grand Prix,R,6577.245000,VER,3,max_verstappen,red_bull,110.101000,27.000000,2.000000,,,31.600000,49.230000,29.271000,6498.811000,6548.041000,6577.312000,318.000000,199.000000,212.000000,288.000000,False,HARD,10.000000,True,Red Bull Racing,6467.144000,,1,4.000000,False,,False,True
2026,10,Belgian Grand Prix,R,6687.583000,VER,3,max_verstappen,red_bull,110.338000,28.000000,2.000000,,,31.106000,49.820000,29.412000,6608.418000,6658.238000,6687.650000,326.000000,195.000000,213.000000,292.000000,False,HARD,11.000000,True,Red Bull Racing,6577.245000,,1,4.000000,False,,False,True
2026,10,Belgian Grand Prix,R,6797.951000,VER,3,max_verstappen,red_bull,110.368000,29.000000,2.000000,,,30.752000,50.084000,29.532000,6718.402000,6768.486000,6798.018000,332.000000,200.000000,213.000000,299.000000,False,HARD,12.000000,True,Red Bull Racing,6687.583000,,1,3.000000,False,,False,True
2026,10,Belgian Grand Prix,R,6908.257000,VER,3,max_verstappen,red_bull,110.306000,30.000000,2.000000,,,31.467000,49.363000,29.476000,6829.485000,6878.848000,6908.324000,313.000000,202.000000,212.000000,289.000000,False,HARD,13.000000,True,Red Bull Racing,6797.951000,,1,3.000000,False,,False,True
2026,10,Belgian Grand Prix,R,7018.452000,VER,3,max_verstappen,red_bull,110.195000,31.000000,2.000000,,,31.546000,49.206000,29.443000,6939.870000,6989.076000,7018.519000,312.000000,203.000000,213.000000,288.000000,False,HARD,14.000000,True,Red Bull Racing,6908.257000,,1,3.000000,False,,False,True
2026,10,Belgian Grand Prix,R,7128.876000,VER,3,max_verstappen,red_bull,110.424000,32.000000,2.000000,,,31.514000,49.375000,29.535000,7050.033000,7099.408000,7128.943000,310.000000,202.000000,214.000000,290.000000,False,HARD,15.000000,True,Red Bull Racing,7018.452000,,1,3.000000,False,,False,True
2026,10,Belgian Grand Prix,R,7238.944000,VER,3,max_verstappen,red_bull,110.068000,33.000000,2.000000,,,31.417000,49.204000,29.447000,7160.360000,7209.564000,7239.011000,310.000000,205.000000,214.000000,290.000000,False,HARD,16.000000,True,Red Bull Racing,7128.876000,,1,3.000000,False,,False,True
2026,10,Belgian Grand Prix,R,7349.642000,VER,3,max_verstappen,red_bull,110.698000,34.000000,2.000000,,,31.509000,49.472000,29.717000,7270.520000,7319.992000,7349.709000,309.000000,202.000000,214.000000,294.000000,False,HARD,17.000000,True,Red Bull Racing,7238.944000,,1,3.000000,False,,False,True
2026,10,Belgian Grand Prix,R,7460.049000,VER,3,max_verstappen,red_bull,110.407000,35.000000,2.000000,,,31.503000,49.351000,29.553000,7381.212000,7430.563000,7460.116000,306.000000,202.000000,215.000000,292.000000,False,HARD,18.000000,True,Red Bull Racing,7349.642000,,1,3.000000,False,,False,True
2026,10,Belgian Grand Prix,R,7570.247000,VER,3,max_verstappen,red_bull,110.198000,36.000000,2.000000,,,31.573000,49.144000,29.481000,7491.689000,7540.833000,7570.314000,306.000000,203.000000,213.000000,291.000000,False,HARD,19.000000,True,Red Bull Racing,7460.049000,,1,3.000000,False,,False,True
2026,10,Belgian Grand Prix,R,7680.339000,VER,3,max_verstappen,red_bull,110.092000,37.000000,2.000000,,,31.627000,49.054000,29.411000,7601.941000,7650.995000,7680.406000,306.000000,204.000000,214.000000,289.000000,False,HARD,20.000000,True,Red Bull Racing,7570.247000,,1,3.000000,False,,False,True
2026,10,Belgian Grand Prix,R,7790.691000,VER,3,max_verstappen,red_bull,110.352000,38.000000,2.000000,,,31.625000,49.209000,29.518000,7712.031000,7761.240000,7790.758000,306.000000,204.000000,215.000000,291.000000,False,HARD,21.000000,True,Red Bull Racing,7680.339000,,1,3.000000,False,,False,True
2026,10,Belgian Grand Prix,R,7900.978000,VER,3,max_verstappen,red_bull,110.287000,39.000000,2.000000,,,31.424000,49.130000,29.733000,7822.182000,7871.312000,7901.045000,307.000000,208.000000,215.000000,294.000000,False,HARD,22.000000,True,Red Bull Racing,7790.691000,,1,3.000000,False,,False,True
2026,10,Belgian Grand Prix,R,8010.631000,VER,3,max_verstappen,red_bull,109.653000,40.000000,2.000000,,,31.263000,49.021000,29.369000,7932.308000,7981.329000,8010.698000,308.000000,206.000000,213.000000,297.000000,False,HARD,23.000000,True,Red Bull Racing,7900.978000,,1,3.000000,False,,False,True
2026,10,Belgian Grand Prix,R,8120.554000,VER,3,max_verstappen,red_bull,109.923000,41.000000,2.000000,,,31.313000,49.114000,29.496000,8042.011000,8091.125000,8120.621000,309.000000,207.000000,215.000000,298.000000,False,HARD,24.000000,True,Red Bull Racing,8010.631000,,1,3.000000,False,,False,True
2026,10,Belgian Grand Prix,R,8230.414000,VER,3,max_verstappen,red_bull,109.860000,42.000000,2.000000,,,31.178000,49.175000,29.507000,8151.799000,8200.974000,8230.481000,309.000000,208.000000,212.000000,296.000000,False,HARD,25.000000,True,Red Bull Racing,8120.554000,,1,3.000000,False,,False,True
2026,10,Belgian Grand Prix,R,8340.471000,VER,3,max_verstappen,red_bull,110.057000,43.000000,2.000000,,,31.265000,49.117000,29.675000,8261.746000,8310.863000,8340.538000,313.000000,208.000000,212.000000,297.000000,False,HARD,26.000000,True,Red Bull Racing,8230.414000,,1,3.000000,False,,False,True
2026,10,Belgian Grand Prix,R,8450.262000,VER,3,max_verstappen,red_bull,109.791000,44.000000,2.000000,,,31.259000,49.349000,29.183000,8371.797000,8421.146000,8450.329000,310.000000,204.000000,210.000000,295.000000,False,HARD,27.000000,True,Red Bull Racing,8340.471000,,1,3.000000,False,,False,True
2026,10,Belgian Grand Prix,R,3486.907000,HAM,44,hamilton,ferrari,130.660000,1.000000,1.000000,,,,53.401000,43.100000,,3443.905000,3487.080000,324.000000,202.000000,196.000000,293.000000,False,MEDIUM,1.000000,True,Ferrari,3355.977000,,124,5.000000,False,,False,False
2026,10,Belgian Grand Prix,R,3651.863000,HAM,44,hamilton,ferrari,,2.000000,1.000000,,,42.961000,77.208000,44.802000,3529.951000,3607.218000,3652.116000,182.000000,64.000000,162.000000,267.000000,False,MEDIUM,2.000000,True,Ferrari,3486.907000,,4,5.000000,False,,False,False
2026,10,Belgian Grand Prix,R,3811.473000,HAM,44,hamilton,ferrari,,3.000000,1.000000,,,42.071000,73.258000,44.291000,3694.079000,3767.280000,3811.709000,195.000000,117.000000,148.000000,233.000000,False,MEDIUM,3.000000,True,Ferrari,3651.863000,,4,5.000000,False,,False,False
2026,10,Belgian Grand Prix,R,3972.436000,HAM,44,hamilton,ferrari,,4.000000,1.000000,,,41.704000,71.214000,48.077000,3853.406000,3924.571000,3972.670000,218.000000,107.000000,225.000000,264.000000,False,MEDIUM,4.000000,True,Ferrari,3811.473000,,41,5.000000,False,,False,False
2026,10,Belgian Grand Prix,R,4084.392000,HAM,44,hamilton,ferrari,111.956000,5.000000,1.000000,,,31.787000,50.624000,29.545000,4004.321000,4054.945000,4084.490000,313.000000,204.000000,213.000000,288.000000,True,MEDIUM,5.000000,True,Ferrari,3972.436000,,1,5.000000,False,,False,True
2026,10,Belgian Grand Prix,R,4195.649000,HAM,44,hamilton,ferrari,111.257000,6.000000,1.000000,,,31.179000,50.390000,29.688000,4115.669000,4166.059000,4195.747000,326.000000,203.000000,211.000000,302.000000,True,MEDIUM,6.000000,True,Ferrari,4084.392000,,1,5.000000,False,,False,True
2026,10,Belgian Grand Prix,R,4306.421000,HAM,44,hamilton,ferrari,110.772000,7.000000,1.000000,,,30.912000,50.471000,29.389000,4226.659000,4277.130000,4306.519000,333.000000,203.000000,212.000000,304.000000,True,MEDIUM,7.000000,True,Ferrari,4195.649000,,1,5.000000,False,,False,True
2026,10,Belgian Grand Prix,R,4418.098000,HAM,44,hamilton,ferrari,111.677000,8.000000,1.000000,,,30.734000,51.617000,29.326000,4337.253000,4388.870000,4418.196000,339.000000,199.000000,212.000000,307.000000,False,MEDIUM,8.000000,True,Ferrari,4306.421000,,12,5.000000,False,,False,True
2026,10,Belgian Grand Prix,R,4528.297000,HAM,44,hamilton,ferrari,110.199000,9.000000,1.000000,,,30.909000,50.012000,29.278000,4449.105000,4499.117000,4528.395000,339.000000,204.000000,212.000000,300.000000,True,MEDIUM,9.000000,True,Ferrari,4418.098000,,1,4.000000,False,,False,True
2026,10,Belgian Grand Prix,R,4639.110000,HAM,44,hamilton,ferrari,110.813000,10.000000,1.000000,,,31.063000,50.270000,29.480000,4559.458000,4609.728000,4639.208000,328.000000,202.000000,209.000000,298.000000,False,MEDIUM,10.000000,True,Ferrari,4528.297000,,1,4.000000,False,,False,True
2026,10,Belgian Grand Prix,R,4750.189000,HAM,44,hamilton,ferrari,111.079000,11.000000,1.000000,,,31.006000,50.568000,29.505000,4670.214000,4720.782000,4750.287000,333.000000,199.000000,211.000000,305.000000,False,MEDIUM,11.000000,True,Ferrari,4639.110000,,1,4.000000,False,,False,True
2026,10,Belgian Grand Prix,R,4861.609000,HAM,44,hamilton,ferrari,111.420000,12.000000,1.000000,,,31.080000,50.892000,29.448000,4781.367000,4832.259000,4861.707000,327.000000,202.000000,211.000000,300.000000,False,MEDIUM,12.000000,True,Ferrari,4750.189000,,1,4.000000,False,,False,True
2026,10,Belgian Grand Prix,R,4973.316000,HAM,44,hamilton,ferrari,111.707000,13.000000,1.000000,,,,,29.478000,,,4973.580000,327.000000,201.000000,212.000000,300.000000,False,MEDIUM,13.000000,True,Ferrari,4861.609000,,1,4.000000,False,,False,False
2026,10,Belgian Grand Prix,R,5084.484000,HAM,44,hamilton,ferrari,111.168000,14.000000,1.000000,,,31.123000,50.412000,29.633000,5004.537000,5054.949000,5084.582000,327.000000,199.000000,211.000000,302.000000,False,MEDIUM,14.000000,True,Ferrari,4973.316000,,1,4.000000,False,,False,True
2026,10,Belgian Grand Prix,R,5195.906000,HAM,44,hamilton,ferrari,111.422000,15.000000,1.000000,,,31.251000,50.556000,29.615000,5115.833000,5166.389000,5196.004000,323.000000,200.000000,210.000000,303.000000,False,MEDIUM,15.000000,True,Ferrari,5084.484000,,1,4.000000,False,,False,True
2026,10,Belgian Grand Prix,R,5307.675000,HAM,44,hamilton,ferrari,111.769000,16.000000,1.000000,,,31.361000,50.700000,29.708000,5227.365000,5278.065000,5307.773000,320.000000,199.000000,211.000000,302.000000,False,MEDIUM,16.000000,True,Ferrari,5195.906000,,1,4.000000,False,,False,True
2026,10,Belgian Grand Prix,R,5419.239000,HAM,44,hamilton,ferrari,111.564000,17.000000,1.000000,,,31.414000,50.465000,29.685000,5339.187000,5389.652000,5419.337000,317.000000,198.000000,212.000000,301.000000,False,MEDIUM,17.000000,True,Ferrari,5307.675000,,1,3.000000,False,,False,True
2026,10,Belgian Grand Prix,R,5542.099000,HAM,44,hamilton,ferrari,122.860000,18.000000,1.000000,,,31.504000,57.643000,33.713000,5450.841000,5508.484000,5542.197000,314.000000,149.000000,219.000000,301.000000,False,MEDIUM,18.000000,True,Ferrari,5419.239000,,167,3.000000,True,TRACK LIMITS AT TURN 4 LAP 18 ,False,False
2026,10,Belgian Grand Prix,R,5654.902000,HAM,44,hamilton,ferrari,112.803000,19.000000,1.000000,,,32.376000,50.641000,29.786000,5574.573000,5625.214000,5655.000000,300.000000,200.000000,211.000000,286.000000,False,MEDIUM,19.000000,True,Ferrari,5542.099000,,1,2.000000,False,,False,True
2026,10,Belgian Grand Prix,R,5785.911000,HAM,44,hamilton,ferrari,131.009000,20.000000,1.000000,,5782.234000,31.453000,55.340000,44.216000,5686.453000,5741.793000,5786.009000,313.000000,124.000000,,299.000000,False,MEDIUM,20.000000,True,Ferrari,5654.902000,,16,2.000000,False,,False,False
2026,10,Belgian Grand Prix,R,5924.819000,HAM,44,hamilton,ferrari,138.908000,21.000000,2.000000,5814.639000,,59.872000,49.681000,29.355000,5845.881000,5895.562000,5924.917000,333.000000,207.000000,216.000000,259.000000,False,HARD,1.000000,True,Ferrari,5785.911000,,671,6.000000,False,,False,False
2026,10,Belgian Grand Prix,R,6034.908000,HAM,44,hamilton,ferrari,110.089000,22.000000,2.000000,,,31.205000,49.116000,29.768000,5956.122000,6005.238000,6035.006000,316.000000,208.000000,214.000000,301.000000,True,HARD,2.000000,True,Ferrari,5924.819000,,1,6.000000,False,,False,True
2026,10,Belgian Grand Prix,R,6144.423000,HAM,44,hamilton,ferrari,109.515000,23.000000,2.000000,,,31.106000,48.913000,29.496000,6066.112000,6115.025000,6144.521000,315.000000,207.000000,214.000000,301.000000,True,HARD,3.000000,True,Ferrari,6034.908000,,1,6.000000,False,,False,True
2026,10,Belgian Grand Prix,R,6254.947000,HAM,44,hamilton,ferrari,110.524000,24.000000,2.000000,,,31.620000,49.294000,29.610000,6176.141000,6225.435000,6255.045000,314.000000,206.000000,214.000000,297.000000,False,HARD,4.000000,True,Ferrari,6144.423000,,1,6.000000,False,,False,True
2026,10,Belgian Grand Prix,R,6365.279000,HAM,44,hamilton,ferrari,110.332000,25.000000,2.000000,,,31.344000,49.437000,29.551000,6286.389000,6335.826000,6365.377000,313.000000,202.000000,215.000000,302.000000,False,HARD,5.000000,True,Ferrari,6254.947000,,1,6.000000,False,,False,True
2026,10,Belgian Grand Prix,R,6475.421000,HAM,44,hamilton,ferrari,110.142000,26.000000,2.000000,,,31.221000,49.476000,29.445000,6396.598000,6446.074000,6475.519000,314.000000,205.000000,215.000000,302.000000,False,HARD,6.000000,True,Ferrari,6365.279000,,1,6.000000,False,,False,True
2026,10,Belgian Grand Prix,R,6585.584000,HAM,44,hamilton,ferrari,110.163000,27.000000,2.000000,,,31.283000,49.459000,29.421000,6506.802000,6556.261000,6585.682000,315.000000,205.000000,215.000000,300.000000,False,HARD,7.000000,True,Ferrari,6475.421000,,1,6.000000,False,,False,True
2026,10,Belgian Grand Prix,R,6695.666000,HAM,44,hamilton,ferrari,110.082000,28.000000,2.000000,,,31.335000,49.346000,29.401000,6617.017000,6666.363000,6695.764000,314.000000,203.000000,215.000000,299.000000,False,HARD,8.000000,True,Ferrari,6585.584000,,1,6.000000,False,,False,True
2026,10,Belgian Grand Prix,R,6805.524000,HAM,44,hamilton,ferrari,109.858000,29.000000,2.000000,,,31.308000,49.072000,29.478000,6727.072000,6776.144000,6805.622000,315.000000,206.000000,215.000000,302.000000,False,HARD,9.000000,True,Ferrari,6695.666000,,1,6.000000,False,,False,True
2026,10,Belgian Grand Prix,R,6915.538000,HAM,44,hamilton,ferrari,110.014000,30.000000,2.000000,,,31.234000,49.359000,29.421000,6836.856000,6886.215000,6915.636000,316.000000,206.000000,213.000000,302.000000,False,HARD,10.000000,True,Ferrari,6805.524000,,1,6.000000,False,,False,True
2026,10,Belgian Grand Prix,R,7025.405000,HAM,44,hamilton,ferrari,109.867000,31.000000,2.000000,,,31.258000,49.089000,29.520000,6946.894000,6995.983000,7025.503000,316.000000,205.000000,214.000000,303.000000,False,HARD,11.000000,True,Ferrari,6915.538000,,1,5.000000,False,,False,True
2026,10,Belgian Grand Prix,R,7135.031000,HAM,44,hamilton,ferrari,109.626000,32.000000,2.000000,,,31.148000,49.144000,29.334000,7056.651000,7105.795000,7135.129000,314.000000,207.000000,214.000000,305.000000,False,HARD,12.000000,True,Ferrari,7025.405000,,1,5.000000,False,,False,True
2026,10,Belgian Grand Prix,R,7244.485000,HAM,44,hamilton,ferrari,109.454000,33.000000,2.000000,,,31.074000,48.950000,29.430000,7166.203000,7215.153000,7244.583000,316.000000,206.000000,215.000000,304.000000,True,HARD,13.000000,True,Ferrari,7135.031000,,1,5.000000,False,,False,True
2026,10,Belgian Grand Prix,R,7354.457000,HAM,44,hamilton,ferrari,109.972000,34.000000,2.000000,,,31.153000,49.186000,29.633000,7275.736000,7324.922000,7354.555000,317.000000,204.000000,212.000000,304.000000,False,HARD,14.000000,True,Ferrari,7244.485000,,1,5.000000,False,,False,True
2026,10,Belgian Grand Prix,R,7464.617000,HAM,44,hamilton,ferrari,110.160000,35.000000,2.000000,,,31.170000,49.445000,29.545000,7385.725000,7435.170000,7464.715000,315.000000,206.000000,214.000000,302.000000,False,HARD,15.000000,True,Ferrari,7354.457000,,1,5.000000,False,,False,True
2026,10,Belgian Grand Prix,R,7574.758000,HAM,44,hamilton,ferrari,110.141000,36.000000,2.000000,,,31.183000,49.423000,29.535000,7495.898000,7545.321000,7574.856000,318.000000,199.000000,213.000000,305.000000,False,HARD,16.000000,True,Ferrari,7464.617000,,1,5.000000,False,,False,True
2026,10,Belgian Grand Prix,R,7684.296000,HAM,44,hamilton,ferrari,109.538000,37.000000,2.000000,,,31.061000,49.146000,29.331000,7605.917000,7655.063000,7684.394000,319.000000,204.000000,216.000000,303.000000,False,HARD,17.000000,True,Ferrari,7574.758000,,1,5.000000,False,,False,True
2026,10,Belgian Grand Prix,R,7794.176000,HAM,44,hamilton,ferrari,109.880000,38.000000,2.000000,,,31.247000,49.417000,29.216000,7715.641000,7765.058000,7794.274000,328.000000,202.000000,217.000000,301.000000,False,HARD,18.000000,True,Ferrari,7684.296000,,1,5.000000,False,,False,True
2026,10,Belgian Grand Prix,R,7904.867000,HAM,44,hamilton,ferrari,110.691000,39.000000,2.000000,,,30.859000,50.779000,29.053000,7825.133000,7875.912000,7904.965000,338.000000,205.000000,211.000000,302.000000,False,HARD,19.000000,True,Ferrari,7794.176000,,1,5.000000,False,,False,True
2026,10,Belgian Grand Prix,R,8014.406000,HAM,44,hamilton,ferrari,109.539000,40.000000,2.000000,,,30.976000,49.420000,29.143000,7935.941000,7985.361000,8014.504000,339.000000,204.000000,215.000000,303.000000,False,HARD,20.000000,True,Ferrari,7904.867000,,1,4.000000,False,,False,True
2026,10,Belgian Grand Prix,R,8124.089000,HAM,44,hamilton,ferrari,109.683000,41.000000,2.000000,,,31.232000,49.019000,29.432000,8045.736000,8094.755000,8124.187000,314.000000,204.000000,214.000000,304.000000,False,HARD,21.000000,True,Ferrari,8014.406000,,1,4.000000,False,,False,True
2026,10,Belgian Grand Prix,R,8234.241000,HAM,44,hamilton,ferrari,110.152000,42.000000,2.000000,,,31.222000,49.364000,29.566000,8155.409000,8204.773000,8234.339000,310.000000,206.000000,215.000000,304.000000,False,HARD,22.000000,True,Ferrari,8124.089000,,1,4.000000,False,,False,True
2026,10,Belgian Grand Prix,R,8345.295000,HAM,44,hamilton,ferrari,111.054000,43.000000,2.000000,,,31.158000,50.311000,29.585000,8265.497000,8315.808000,8345.393000,314.000000,201.000000,216.000000,304.000000,False,HARD,23.000000,True,Ferrari,8234.241000,,1,4.000000,False,,False,True
2026,10,Belgian Grand Prix,R,8455.914000,HAM,44,hamilton,ferrari,110.619000,44.000000,2.000000,,,30.999000,50.010000,29.610000,8376.392000,8426.402000,8456.012000,318.000000,202.000000,214.000000,305.000000,False,HARD,24.000000,True,Ferrari,8345.295000,,1,4.000000,False,,False,True
2026,10,Belgian Grand Prix,R,3485.222000,PIA,81,piastri,mclaren,129.005000,1.000000,1.000000,,,,,42.630000,,,3485.242000,,202.000000,152.000000,297.000000,False,MEDIUM,1.000000,True,McLaren,3355.977000,,124,4.000000,False,,False,False
2026,10,Belgian Grand Prix,R,3650.477000,PIA,81,piastri,mclaren,,2.000000,1.000000,,,43.922000,77.305000,44.013000,3529.319000,3606.729000,3650.497000,197.000000,64.000000,154.000000,245.000000,False,MEDIUM,2.000000,True,McLaren,3485.222000,,4,4.000000,False,,False,False
2026,10,Belgian Grand Prix,R,3810.982000,PIA,81,piastri,mclaren,,3.000000,1.000000,,,43.026000,73.014000,44.399000,3693.589000,3766.628000,3811.025000,209.000000,122.000000,155.000000,246.000000,False,MEDIUM,3.000000,True,McLaren,3650.477000,,4,4.000000,False,,False,False
2026,10,Belgian Grand Prix,R,3972.250000,PIA,81,piastri,mclaren,,4.000000,1.000000,,,41.406000,71.177000,48.765000,3852.444000,3923.625000,3972.538000,261.000000,123.000000,222.000000,238.000000,False,MEDIUM,4.000000,True,McLaren,3810.982000,,41,4.000000,False,,False,False
2026,10,Belgian Grand Prix,R,4083.583000,PIA,81,piastri,mclaren,111.333000,5.000000,1.000000,,,31.072000,50.798000,29.463000,4003.342000,4054.140000,4083.603000,327.000000,203.000000,212.000000,302.000000,True,MEDIUM,5.000000,True,McLaren,3972.250000,,1,4.000000,False,,False,True
2026,10,Belgian Grand Prix,R,4195.014000,PIA,81,piastri,mclaren,111.431000,6.000000,1.000000,,,31.328000,50.354000,29.749000,4114.931000,4165.285000,4195.034000,319.000000,205.000000,212.000000,301.000000,False,MEDIUM,6.000000,True,McLaren,4083.583000,,1,4.000000,False,,False,True
2026,10,Belgian Grand Prix,R,4305.930000,PIA,81,piastri,mclaren,110.916000,7.000000,1.000000,,,31.088000,50.384000,29.444000,4226.122000,4276.506000,4305.950000,328.000000,202.000000,213.000000,306.000000,True,MEDIUM,7.000000,True,McLaren,4195.014000,,1,4.000000,False,,False,True
2026,10,Belgian Grand Prix,R,4417.712000,PIA,81,piastri,mclaren,111.782000,8.000000,1.000000,,,31.121000,51.223000,29.438000,4337.071000,4388.294000,4417.732000,319.000000,201.000000,211.000000,308.000000,False,MEDIUM,8.000000,True,McLaren,4305.930000,,12,4.000000,False,,False,True
2026,10,Belgian Grand Prix,R,4529.377000,PIA,81,piastri,mclaren,111.665000,9.000000,1.000000,,,31.404000,50.838000,29.423000,4449.136000,4499.974000,4529.397000,313.000000,204.000000,210.000000,303.000000,False,MEDIUM,9.000000,True,McLaren,4417.712000,,1,5.000000,False,,False,True
2026,10,Belgian Grand Prix,R,4640.111000,PIA,81,piastri,mclaren,110.734000,10.000000,1.000000,,,31.212000,50.061000,29.461000,4560.609000,4610.670000,4640.131000,321.000000,203.000000,215.000000,303.000000,True,MEDIUM,10.000000,True,McLaren,4529.377000,,1,5.000000,False,,False,True
2026,10,Belgian Grand Prix,R,4751.267000,PIA,81,piastri,mclaren,111.156000,11.000000,1.000000,,,31.090000,50.459000,29.607000,4671.221000,4721.680000,4751.287000,324.000000,200.000000,215.000000,305.000000,False,MEDIUM,11.000000,True,McLaren,4640.111000,,1,5.000000,False,,False,True
2026,10,Belgian Grand Prix,R,4863.088000,PIA,81,piastri,mclaren,111.821000,12.000000,1.000000,,,31.159000,50.893000,29.769000,4782.446000,4833.339000,4863.108000,321.000000,201.000000,210.000000,306.000000,False,MEDIUM,12.000000,True,McLaren,4751.267000,,1,5.000000,False,,False,True
2026,10,Belgian Grand Prix,R,4975.216000,PIA,81,piastri,mclaren,112.128000,13.000000,1.000000,,,31.429000,50.825000,29.874000,4894.537000,4945.362000,4975.236000,317.000000,197.000000,204.000000,304.000000,False,MEDIUM,13.000000,True,McLaren,4863.088000,,1,5.000000,False,,False,True
2026,10,Belgian Grand Prix,R,5087.371000,PIA,81,piastri,mclaren,112.155000,14.000000,1.000000,,,31.750000,50.509000,29.896000,5006.986000,5057.495000,5087.391000,315.000000,202.000000,211.000000,303.000000,False,MEDIUM,14.000000,True,McLaren,4975.216000,,1,5.000000,False,,False,True
2026,10,Belgian Grand Prix,R,5199.415000,PIA,81,piastri,mclaren,112.044000,15.000000,1.000000,,,31.526000,50.610000,29.908000,5118.917000,5169.527000,5199.435000,315.000000,200.000000,212.000000,304.000000,False,MEDIUM,15.000000,True,McLaren,5087.371000,,1,5.000000,False,,False,True
2026,10,Belgian Grand Prix,R,5311.590000,PIA,81,piastri,mclaren,112.175000,16.000000,1.000000,,,31.509000,50.694000,29.972000,5230.944000,5281.638000,5311.610000,314.000000,202.000000,212.000000,303.000000,False,MEDIUM,16.000000,True,McLaren,5199.415000,,1,5.000000,False,,False,True
2026,10,Belgian Grand Prix,R,5423.664000,PIA,81,piastri,mclaren,112.074000,17.000000,1.000000,,,31.614000,50.525000,29.935000,5343.224000,5393.749000,5423.684000,312.000000,202.000000,212.000000,302.000000,False,MEDIUM,17.000000,True,McLaren,5311.590000,,1,5.000000,False,,False,True
2026,10,Belgian Grand Prix,R,5546.972000,PIA,81,piastri,mclaren,123.308000,18.000000,1.000000,,,31.628000,59.511000,32.169000,5455.312000,5514.823000,5546.992000,310.000000,134.000000,212.000000,302.000000,False,MEDIUM,18.000000,True,McLaren,5423.664000,,167,4.000000,False,,False,False
2026,10,Belgian Grand Prix,R,5659.812000,PIA,81,piastri,mclaren,112.840000,19.000000,1.000000,,,31.668000,50.737000,30.435000,5578.660000,5629.397000,5659.832000,309.000000,200.000000,213.000000,303.000000,False,MEDIUM,19.000000,True,McLaren,5546.972000,,1,4.000000,False,,False,True
2026,10,Belgian Grand Prix,R,5790.266000,PIA,81,piastri,mclaren,130.454000,20.000000,1.000000,,5786.535000,31.203000,57.077000,42.174000,5691.035000,5748.112000,5790.286000,313.000000,136.000000,,308.000000,False,MEDIUM,20.000000,True,McLaren,5659.812000,,16,4.000000,False,,False,False
2026,10,Belgian Grand Prix,R,5919.575000,PIA,81,piastri,mclaren,129.309000,21.000000,2.000000,5809.762000,,50.756000,49.482000,29.071000,5841.042000,5890.524000,5919.595000,317.000000,208.000000,213.000000,251.000000,False,HARD,1.000000,True,McLaren,5790.266000,,671,5.000000,False,,False,False
2026,10,Belgian Grand Prix,R,6029.474000,PIA,81,piastri,mclaren,109.899000,22.000000,2.000000,,,31.389000,49.033000,29.477000,5950.984000,6000.017000,6029.494000,315.000000,209.000000,214.000000,300.000000,True,HARD,2.000000,True,McLaren,5919.575000,,1,5.000000,False,,False,True
2026,10,Belgian Grand Prix,R,6139.036000,PIA,81,piastri,mclaren,109.562000,23.000000,2.000000,,,30.917000,49.201000,29.444000,6060.411000,6109.612000,6139.056000,318.000000,207.000000,213.000000,305.000000,True,HARD,3.000000,True,McLaren,6029.474000,,1,5.000000,False,,False,True
2026,10,Belgian Grand Prix,R,6248.607000,PIA,81,piastri,mclaren,109.571000,24.000000,2.000000,,,30.988000,49.113000,29.470000,6170.044000,6219.157000,6248.627000,318.000000,209.000000,217.000000,307.000000,False,HARD,4.000000,True,McLaren,6139.036000,,1,5.000000,False,,False,True
2026,10,Belgian Grand Prix,R,6358.576000,PIA,81,piastri,mclaren,109.969000,25.000000,2.000000,,,30.878000,49.530000,29.561000,6279.505000,6329.035000,6358.596000,320.000000,199.000000,216.000000,308.000000,False,HARD,5.000000,True,McLaren,6248.607000,,1,5.000000,False,,False,True
2026,10,Belgian Grand Prix,R,6468.367000,PIA,81,piastri,mclaren,109.791000,26.000000,2.000000,,,30.882000,49.653000,29.256000,6389.478000,6439.131000,6468.387000,321.000000,205.000000,213.000000,306.000000,False,HARD,6.000000,True,McLaren,6358.576000,,1,5.000000,False,,False,True
2026,10,Belgian Grand Prix,R,6578.462000,PIA,81,piastri,mclaren,110.095000,27.000000,2.000000,,,30.985000,49.707000,29.403000,6499.372000,6549.079000,6578.482000,326.000000,204.000000,215.000000,306.000000,False,HARD,7.000000,True,McLaren,6468.367000,,1,5.000000,False,,False,True
2026,10,Belgian Grand Prix,R,6688.560000,PIA,81,piastri,mclaren,110.098000,28.000000,2.000000,,,30.958000,49.751000,29.389000,6609.440000,6659.191000,6688.580000,322.000000,206.000000,217.000000,305.000000,False,HARD,8.000000,True,McLaren,6578.462000,,1,5.000000,False,,False,True
2026,10,Belgian Grand Prix,R,6800.089000,PIA,81,piastri,mclaren,111.529000,29.000000,2.000000,,,30.888000,50.656000,29.985000,6719.468000,6770.124000,6800.109000,324.000000,202.000000,214.000000,310.000000,False,HARD,9.000000,True,McLaren,6688.560000,,1,5.000000,False,,False,True
2026,10,Belgian Grand Prix,R,6910.345000,PIA,81,piastri,mclaren,110.256000,30.000000,2.000000,,,30.897000,50.016000,29.343000,6831.006000,6881.022000,6910.365000,325.000000,204.000000,216.000000,309.000000,False,HARD,10.000000,True,McLaren,6800.089000,,1,4.000000,False,,False,True
2026,10,Belgian Grand Prix,R,7020.707000,PIA,81,piastri,mclaren,110.362000,31.000000,2.000000,,,31.201000,49.623000,29.538000,6941.566000,6991.189000,7020.727000,317.000000,206.000000,217.000000,306.000000,False,HARD,11.000000,True,McLaren,6910.345000,,1,4.000000,False,,False,True
2026,10,Belgian Grand Prix,R,7130.908000,PIA,81,piastri,mclaren,110.201000,32.000000,2.000000,,,31.061000,49.653000,29.487000,7051.788000,7101.441000,7130.928000,315.000000,206.000000,213.000000,308.000000,False,HARD,12.000000,True,McLaren,7020.707000,,1,4.000000,False,,False,True
2026,10,Belgian Grand Prix,R,7240.906000,PIA,81,piastri,mclaren,109.998000,33.000000,2.000000,,,31.068000,49.616000,29.314000,7161.996000,7211.612000,7240.926000,316.000000,206.000000,215.000000,307.000000,False,HARD,13.000000,True,McLaren,7130.908000,,1,4.000000,False,,False,True
2026,10,Belgian Grand Prix,R,7351.775000,PIA,81,piastri,mclaren,110.869000,34.000000,2.000000,,,31.223000,49.958000,29.688000,7272.149000,7322.107000,7351.795000,316.000000,203.000000,214.000000,305.000000,False,HARD,14.000000,True,McLaren,7240.906000,,1,4.000000,False,,False,True
2026,10,Belgian Grand Prix,R,7462.513000,PIA,81,piastri,mclaren,110.738000,35.000000,2.000000,,,31.232000,49.974000,29.532000,7383.027000,7433.001000,7462.533000,313.000000,207.000000,215.000000,304.000000,False,HARD,15.000000,True,McLaren,7351.775000,,1,4.000000,False,,False,True
2026,10,Belgian Grand Prix,R,7573.078000,PIA,81,piastri,mclaren,110.565000,36.000000,2.000000,,,31.309000,49.695000,29.561000,7493.842000,7543.537000,7573.098000,312.000000,203.000000,218.000000,304.000000,False,HARD,16.000000,True,McLaren,7462.513000,,1,4.000000,False,,False,True
2026,10,Belgian Grand Prix,R,7683.392000,PIA,81,piastri,mclaren,110.314000,37.000000,2.000000,,,31.245000,49.605000,29.464000,7604.343000,7653.948000,7683.412000,312.000000,204.000000,218.000000,303.000000,False,HARD,17.000000,True,McLaren,7573.078000,,1,4.000000,False,,False,True
2026,10,Belgian Grand Prix,R,7793.748000,PIA,81,piastri,mclaren,110.356000,38.000000,2.000000,,,31.245000,49.643000,29.468000,,7764.300000,7793.768000,311.000000,205.000000,219.000000,305.000000,False,HARD,18.000000,True,McLaren,7683.392000,,1,4.000000,False,,False,True
2026,10,Belgian Grand Prix,R,7904.466000,PIA,81,piastri,mclaren,110.718000,39.000000,2.000000,,,31.195000,50.093000,29.430000,7824.963000,7875.056000,7904.486000,311.000000,208.000000,215.000000,304.000000,False,HARD,19.000000,True,McLaren,7793.748000,,1,4.000000,False,,False,True
2026,10,Belgian Grand Prix,R,8016.456000,PIA,81,piastri,mclaren,111.990000,40.000000,2.000000,,,31.350000,51.129000,29.511000,7935.836000,7986.965000,8016.476000,314.000000,203.000000,215.000000,305.000000,False,HARD,20.000000,True,McLaren,7904.466000,,1,5.000000,False,,False,True
2026,10,Belgian Grand Prix,R,8126.879000,PIA,81,piastri,mclaren,110.423000,41.000000,2.000000,,,31.140000,49.790000,29.493000,8047.616000,8097.406000,8126.899000,316.000000,205.000000,215.000000,307.000000,False,HARD,21.000000,True,McLaren,8016.456000,,1,5.000000,False,,False,True
2026,10,Belgian Grand Prix,R,8237.455000,PIA,81,piastri,mclaren,110.576000,42.000000,2.000000,,,31.092000,49.877000,29.607000,8157.991000,8207.868000,8237.475000,314.000000,206.000000,217.000000,308.000000,False,HARD,22.000000,True,McLaren,8126.879000,,1,5.000000,False,,False,True
2026,10,Belgian Grand Prix,R,8347.911000,PIA,81,piastri,mclaren,110.456000,43.000000,2.000000,,,31.043000,49.919000,29.494000,8268.518000,8318.437000,8347.931000,315.000000,205.000000,217.000000,306.000000,False,HARD,23.000000,True,McLaren,8237.455000,,1,5.000000,False,,False,True
2026,10,Belgian Grand Prix,R,8457.685000,PIA,81,piastri,mclaren,109.774000,44.000000,2.000000,,,30.939000,49.849000,28.986000,8378.870000,8428.719000,8457.705000,317.000000,204.000000,218.000000,306.000000,False,HARD,24.000000,True,McLaren,8347.911000,,1,5.000000,False,,False,True
2026,10,Belgian Grand Prix,R,3510.496000,HAD,6,hadjar,red_bull,154.266000,1.000000,1.000000,,3506.600000,,56.074000,60.868000,,3449.732000,3510.591000,335.000000,184.000000,,280.000000,False,HARD,1.000000,True,Red Bull Racing,3355.977000,,124,16.000000,False,,False,False
2026,10,Belgian Grand Prix,R,3671.011000,HAD,6,hadjar,red_bull,,2.000000,2.000000,3530.826000,3667.265000,49.495000,61.684000,49.344000,3560.117000,3621.762000,3671.175000,263.000000,103.000000,,263.000000,False,MEDIUM,1.000000,True,Red Bull Racing,3510.496000,,4,18.000000,False,,False,False
2026,10,Belgian Grand Prix,R,3832.712000,HAD,6,hadjar,red_bull,,3.000000,3.000000,3690.190000,,49.255000,65.704000,46.845000,3720.425000,3786.064000,3832.995000,265.000000,108.000000,178.000000,265.000000,False,HARD,1.000000,True,Red Bull Racing,3671.011000,,4,21.000000,False,,False,False
2026,10,Belgian Grand Prix,R,3980.835000,HAD,6,hadjar,red_bull,148.123000,4.000000,3.000000,,,44.687000,63.973000,39.463000,3877.494000,3941.467000,3980.930000,263.000000,166.000000,215.000000,245.000000,True,HARD,2.000000,True,Red Bull Racing,3832.712000,,41,21.000000,False,,False,False
2026,10,Belgian Grand Prix,R,4094.631000,HAD,6,hadjar,red_bull,113.796000,5.000000,3.000000,,,30.819000,53.000000,29.977000,4011.749000,4064.749000,4094.726000,335.000000,187.000000,205.000000,300.000000,True,HARD,3.000000,True,Red Bull Racing,3980.835000,,1,16.000000,False,,False,True
2026,10,Belgian Grand Prix,R,4206.495000,HAD,6,hadjar,red_bull,111.864000,6.000000,3.000000,,,31.802000,50.015000,30.047000,4126.528000,4176.543000,4206.590000,312.000000,188.000000,213.000000,290.000000,True,HARD,4.000000,True,Red Bull Racing,4094.631000,,1,16.000000,False,,False,True
2026,10,Belgian Grand Prix,R,4318.051000,HAD,6,hadjar,red_bull,111.556000,7.000000,3.000000,,,31.166000,50.675000,29.715000,4237.756000,4288.431000,4318.146000,323.000000,191.000000,212.000000,295.000000,True,HARD,5.000000,True,Red Bull Racing,4206.495000,,1,16.000000,False,,False,True
2026,10,Belgian Grand Prix,R,4430.420000,HAD,6,hadjar,red_bull,112.369000,8.000000,3.000000,,,31.185000,51.362000,29.822000,4349.331000,4400.693000,4430.515000,328.000000,188.000000,211.000000,294.000000,False,HARD,6.000000,True,Red Bull Racing,4318.051000,,12,16.000000,False,,False,True
2026,10,Belgian Grand Prix,R,4543.565000,HAD,6,hadjar,red_bull,113.145000,9.000000,3.000000,,,30.661000,52.685000,29.799000,4461.176000,4513.861000,4543.660000,344.000000,190.000000,212.000000,303.000000,False,HARD,7.000000,True,Red Bull Racing,4430.420000,,1,16.000000,False,,False,True
2026,10,Belgian Grand Prix,R,4655.677000,HAD,6,hadjar,red_bull,112.112000,10.000000,3.000000,,,31.067000,51.134000,29.911000,4574.727000,4625.861000,4655.772000,329.000000,186.000000,211.000000,298.000000,False,HARD,8.000000,True,Red Bull Racing,4543.565000,,1,15.000000,False,,False,True
2026,10,Belgian Grand Prix,R,4767.350000,HAD,6,hadjar,red_bull,111.673000,11.000000,3.000000,,,30.964000,50.833000,29.876000,4686.736000,4737.569000,4767.445000,326.000000,191.000000,212.000000,297.000000,False,HARD,9.000000,True,Red Bull Racing,4655.677000,,1,14.000000,False,,False,True
2026,10,Belgian Grand Prix,R,4879.285000,HAD,6,hadjar,red_bull,111.935000,12.000000,3.000000,,,30.899000,51.298000,29.738000,4798.344000,4849.642000,4879.380000,327.000000,194.000000,209.000000,296.000000,False,HARD,10.000000,True,Red Bull Racing,4767.350000,,1,13.000000,False,,False,True
2026,10,Belgian Grand Prix,R,4990.319000,HAD,6,hadjar,red_bull,111.034000,13.000000,3.000000,,,31.016000,50.270000,29.748000,4910.396000,4960.666000,4990.414000,326.000000,193.000000,209.000000,295.000000,True,HARD,11.000000,True,Red Bull Racing,4879.285000,,1,12.000000,False,,False,True
2026,10,Belgian Grand Prix,R,5101.738000,HAD,6,hadjar,red_bull,111.419000,14.000000,3.000000,,,31.340000,50.439000,29.640000,5021.754000,5072.193000,5101.833000,319.000000,194.000000,209.000000,292.000000,False,HARD,12.000000,True,Red Bull Racing,4990.319000,,1,11.000000,False,,False,True
2026,10,Belgian Grand Prix,R,5213.686000,HAD,6,hadjar,red_bull,111.948000,15.000000,3.000000,,,30.875000,51.049000,30.024000,5132.708000,5183.757000,5213.781000,326.000000,193.000000,211.000000,299.000000,False,HARD,13.000000,True,Red Bull Racing,5101.738000,,1,8.000000,False,,False,True
2026,10,Belgian Grand Prix,R,5325.410000,HAD,6,hadjar,red_bull,111.724000,16.000000,3.000000,,,31.604000,50.279000,29.841000,5245.385000,5295.664000,5325.505000,315.000000,192.000000,209.000000,290.000000,False,HARD,14.000000,True,Red Bull Racing,5213.686000,,1,8.000000,False,,False,True
2026,10,Belgian Grand Prix,R,5436.832000,HAD,6,hadjar,red_bull,111.422000,17.000000,3.000000,,,31.693000,50.016000,29.713000,5357.198000,5407.214000,5436.927000,310.000000,194.000000,208.000000,287.000000,False,HARD,15.000000,True,Red Bull Racing,5325.410000,,1,7.000000,False,,False,True
2026,10,Belgian Grand Prix,R,5560.040000,HAD,6,hadjar,red_bull,123.208000,18.000000,3.000000,,,31.664000,61.820000,29.724000,5468.591000,5530.411000,5560.135000,313.000000,200.000000,212.000000,291.000000,False,HARD,16.000000,True,Red Bull Racing,5436.832000,,167,7.000000,False,,False,False
2026,10,Belgian Grand Prix,R,5671.043000,HAD,6,hadjar,red_bull,111.003000,19.000000,3.000000,,,31.504000,49.863000,29.636000,5591.639000,5641.502000,5671.138000,314.000000,203.000000,212.000000,290.000000,True,HARD,17.000000,True,Red Bull Racing,5560.040000,,1,7.000000,False,,False,True
2026,10,Belgian Grand Prix,R,5805.257000,HAD,6,hadjar,red_bull,134.214000,20.000000,3.000000,,5801.628000,31.491000,60.395000,42.328000,5702.629000,5763.024000,5805.352000,313.000000,137.000000,,291.000000,False,HARD,18.000000,True,Red Bull Racing,5671.043000,,16,7.000000,False,,False,False
2026,10,Belgian Grand Prix,R,5932.499000,HAD,6,hadjar,red_bull,127.242000,21.000000,4.000000,5826.319000,,48.077000,49.663000,29.502000,5853.429000,5903.092000,5932.594000,304.000000,205.000000,213.000000,285.000000,False,HARD,2.000000,False,Red Bull Racing,5805.257000,,671,7.000000,False,,False,False
2026,10,Belgian Grand Prix,R,6042.165000,HAD,6,hadjar,red_bull,109.666000,22.000000,4.000000,,,31.333000,48.859000,29.474000,5963.927000,6012.786000,6042.260000,311.000000,207.000000,213.000000,289.000000,True,HARD,3.000000,False,Red Bull Racing,5932.499000,,1,7.000000,False,,False,True
2026,10,Belgian Grand Prix,R,6152.164000,HAD,6,hadjar,red_bull,109.999000,23.000000,4.000000,,,31.397000,48.997000,29.605000,6073.657000,6122.654000,6152.259000,310.000000,203.000000,209.000000,291.000000,False,HARD,4.000000,False,Red Bull Racing,6042.165000,,1,7.000000,False,,False,True
2026,10,Belgian Grand Prix,R,6262.005000,HAD,6,hadjar,red_bull,109.841000,24.000000,4.000000,,,31.406000,48.907000,29.528000,6183.665000,6232.572000,6262.100000,314.000000,206.000000,213.000000,291.000000,False,HARD,5.000000,False,Red Bull Racing,6152.164000,,1,7.000000,False,,False,True
2026,10,Belgian Grand Prix,R,6372.090000,HAD,6,hadjar,red_bull,110.085000,25.000000,4.000000,,,31.268000,49.288000,29.529000,6293.368000,6342.656000,6372.185000,313.000000,205.000000,212.000000,291.000000,False,HARD,6.000000,False,Red Bull Racing,6262.005000,,1,7.000000,False,,False,True
2026,10,Belgian Grand Prix,R,6481.982000,HAD,6,hadjar,red_bull,109.892000,26.000000,4.000000,,,31.319000,49.188000,29.385000,6403.504000,6452.692000,6482.077000,314.000000,205.000000,211.000000,291.000000,False,HARD,7.000000,False,Red Bull Racing,6372.090000,,1,7.000000,False,,False,True
2026,10,Belgian Grand Prix,R,6592.067000,HAD,6,hadjar,red_bull,110.085000,27.000000,4.000000,,,31.433000,49.264000,29.388000,6513.510000,6562.774000,6592.162000,312.000000,207.000000,213.000000,291.000000,False,HARD,8.000000,False,Red Bull Racing,6481.982000,,1,7.000000,False,,False,True
2026,10,Belgian Grand Prix,R,6702.094000,HAD,6,hadjar,red_bull,110.027000,28.000000,4.000000,,,31.325000,49.207000,29.495000,6623.487000,6672.694000,6702.189000,313.000000,207.000000,213.000000,291.000000,False,HARD,9.000000,False,Red Bull Racing,6592.067000,,1,7.000000,False,,False,True
2026,10,Belgian Grand Prix,R,6812.039000,HAD,6,hadjar,red_bull,109.945000,29.000000,4.000000,,,31.314000,49.154000,29.477000,6733.503000,6782.657000,6812.134000,317.000000,205.000000,210.000000,295.000000,False,HARD,10.000000,False,Red Bull Racing,6702.094000,,1,7.000000,False,,False,True
2026,10,Belgian Grand Prix,R,6922.222000,HAD,6,hadjar,red_bull,110.183000,30.000000,4.000000,,,31.327000,49.402000,29.454000,6843.461000,6892.863000,6922.317000,319.000000,204.000000,210.000000,291.000000,False,HARD,11.000000,False,Red Bull Racing,6812.039000,,1,7.000000,False,,False,True
2026,10,Belgian Grand Prix,R,7032.375000,HAD,6,hadjar,red_bull,110.153000,31.000000,4.000000,,,31.421000,49.258000,29.474000,6953.738000,7002.996000,7032.470000,316.000000,206.000000,212.000000,292.000000,False,HARD,12.000000,False,Red Bull Racing,6922.222000,,1,6.000000,False,,False,True
2026,10,Belgian Grand Prix,R,7142.590000,HAD,6,hadjar,red_bull,110.215000,32.000000,4.000000,,,31.254000,49.360000,29.601000,7063.724000,7113.084000,7142.685000,316.000000,206.000000,213.000000,293.000000,False,HARD,13.000000,False,Red Bull Racing,7032.375000,,1,6.000000,False,,False,True
2026,10,Belgian Grand Prix,R,7252.529000,HAD,6,hadjar,red_bull,109.939000,33.000000,4.000000,,,31.231000,49.157000,29.551000,7173.916000,7223.073000,7252.624000,311.000000,205.000000,213.000000,298.000000,False,HARD,14.000000,False,Red Bull Racing,7142.590000,,1,6.000000,False,,False,True
2026,10,Belgian Grand Prix,R,7362.803000,HAD,6,hadjar,red_bull,110.274000,34.000000,4.000000,,,31.275000,49.346000,29.653000,7283.899000,7333.245000,7362.898000,312.000000,201.000000,211.000000,297.000000,False,HARD,15.000000,False,Red Bull Racing,7252.529000,,1,6.000000,False,,False,True
2026,10,Belgian Grand Prix,R,7473.255000,HAD,6,hadjar,red_bull,110.452000,35.000000,4.000000,,,31.334000,49.524000,29.594000,7394.232000,7443.756000,7473.350000,308.000000,203.000000,212.000000,295.000000,False,HARD,16.000000,False,Red Bull Racing,7362.803000,,1,6.000000,False,,False,True
2026,10,Belgian Grand Prix,R,7583.496000,HAD,6,hadjar,red_bull,110.241000,36.000000,4.000000,,,31.378000,49.337000,29.526000,7504.728000,7554.065000,7583.591000,310.000000,205.000000,211.000000,297.000000,False,HARD,17.000000,False,Red Bull Racing,7473.255000,,1,6.000000,True,TRACK LIMITS AT TURN 19 LAP 36 ,False,True
2026,10,Belgian Grand Prix,R,7693.744000,HAD,6,hadjar,red_bull,110.248000,37.000000,4.000000,,,31.357000,49.278000,29.613000,7614.948000,7664.226000,7693.839000,309.000000,205.000000,214.000000,297.000000,False,HARD,18.000000,False,Red Bull Racing,7583.496000,,1,6.000000,False,,False,True
2026,10,Belgian Grand Prix,R,7803.869000,HAD,6,hadjar,red_bull,110.125000,38.000000,4.000000,,,31.334000,49.392000,29.399000,7725.173000,7774.565000,7803.964000,309.000000,204.000000,215.000000,296.000000,False,HARD,19.000000,False,Red Bull Racing,7693.744000,,1,6.000000,False,,False,True
2026,10,Belgian Grand Prix,R,7913.769000,HAD,6,hadjar,red_bull,109.900000,39.000000,4.000000,,,31.257000,49.201000,29.442000,7835.221000,7884.422000,7913.864000,309.000000,207.000000,213.000000,296.000000,False,HARD,20.000000,False,Red Bull Racing,7803.869000,,1,6.000000,False,,False,True
2026,10,Belgian Grand Prix,R,8023.816000,HAD,6,hadjar,red_bull,110.047000,40.000000,4.000000,,,31.277000,49.292000,29.478000,7945.141000,7994.433000,8023.911000,310.000000,204.000000,213.000000,297.000000,False,HARD,21.000000,False,Red Bull Racing,7913.769000,,1,6.000000,False,,False,True
2026,10,Belgian Grand Prix,R,8133.300000,HAD,6,hadjar,red_bull,109.484000,41.000000,4.000000,,,31.122000,49.002000,29.360000,8055.033000,8104.035000,8133.395000,313.000000,206.000000,213.000000,301.000000,True,HARD,22.000000,False,Red Bull Racing,8023.816000,,1,6.000000,False,,False,True
2026,10,Belgian Grand Prix,R,8242.931000,HAD,6,hadjar,red_bull,109.631000,42.000000,4.000000,,,31.194000,49.155000,29.282000,8164.589000,8213.744000,8243.026000,322.000000,207.000000,214.000000,292.000000,False,HARD,23.000000,False,Red Bull Racing,8133.300000,,1,6.000000,False,,False,True
2026,10,Belgian Grand Prix,R,8352.607000,HAD,6,hadjar,red_bull,109.676000,43.000000,4.000000,,,31.154000,49.192000,29.330000,8274.180000,8323.372000,8352.702000,312.000000,202.000000,215.000000,298.000000,False,HARD,24.000000,False,Red Bull Racing,8242.931000,,1,6.000000,False,,False,True
2026,10,Belgian Grand Prix,R,8461.905000,HAD,6,hadjar,red_bull,109.298000,44.000000,4.000000,,,31.113000,49.310000,28.875000,8383.815000,8433.125000,8462.000000,312.000000,206.000000,212.000000,300.000000,True,HARD,25.000000,False,Red Bull Racing,8352.607000,,1,6.000000,False,,False,True
2026,10,Belgian Grand Prix,R,3495.954000,NOR,1,norris,mclaren,139.726000,1.000000,1.000000,,,,55.081000,49.300000,,3446.810000,3496.020000,319.000000,200.000000,189.000000,290.000000,False,HARD,1.000000,True,McLaren,3355.977000,,124,10.000000,False,,False,False
2026,10,Belgian Grand Prix,R,3659.196000,NOR,1,norris,mclaren,,2.000000,1.000000,,,41.849000,74.702000,46.687000,3537.933000,3612.575000,3659.318000,183.000000,81.000000,150.000000,237.000000,False,HARD,2.000000,True,McLaren,3495.954000,,4,10.000000,False,,False,False
2026,10,Belgian Grand Prix,R,3816.523000,NOR,1,norris,mclaren,,3.000000,1.000000,,,39.812000,74.837000,42.619000,3699.190000,3773.970000,3816.596000,157.000000,138.000000,118.000000,265.000000,False,HARD,3.000000,True,McLaren,3659.196000,,4,10.000000,False,,False,False
2026,10,Belgian Grand Prix,R,3974.619000,NOR,1,norris,mclaren,,4.000000,1.000000,,,44.011000,67.867000,46.299000,3860.610000,3928.418000,3974.919000,258.000000,137.000000,225.000000,252.000000,False,HARD,4.000000,True,McLaren,3816.523000,,41,10.000000,False,,False,False
2026,10,Belgian Grand Prix,R,4087.666000,NOR,1,norris,mclaren,113.047000,5.000000,1.000000,,,31.008000,52.469000,29.570000,4005.693000,4058.162000,4087.732000,322.000000,203.000000,211.000000,310.000000,True,HARD,5.000000,True,McLaren,3974.619000,,1,9.000000,False,,False,True
2026,10,Belgian Grand Prix,R,4200.338000,NOR,1,norris,mclaren,112.672000,6.000000,1.000000,,,31.363000,51.464000,29.845000,4119.095000,4170.559000,4200.404000,311.000000,204.000000,213.000000,302.000000,True,HARD,6.000000,True,McLaren,4087.666000,,1,9.000000,False,,False,True
2026,10,Belgian Grand Prix,R,4311.445000,NOR,1,norris,mclaren,111.107000,7.000000,1.000000,,,31.351000,50.581000,29.175000,4231.755000,4282.336000,4311.511000,318.000000,202.000000,213.000000,302.000000,True,HARD,7.000000,True,McLaren,4200.338000,,1,8.000000,False,,False,True
2026,10,Belgian Grand Prix,R,4423.339000,NOR,1,norris,mclaren,111.894000,8.000000,1.000000,,,31.914000,50.703000,29.277000,4343.425000,4394.128000,4423.405000,312.000000,202.000000,211.000000,296.000000,False,HARD,8.000000,True,McLaren,4311.445000,,12,8.000000,False,,False,True
2026,10,Belgian Grand Prix,R,4534.806000,NOR,1,norris,mclaren,111.467000,9.000000,1.000000,,,31.209000,51.050000,29.208000,4454.614000,4505.664000,4534.872000,323.000000,201.000000,213.000000,305.000000,False,HARD,9.000000,True,McLaren,4423.339000,,1,7.000000,False,,False,True
2026,10,Belgian Grand Prix,R,4646.448000,NOR,1,norris,mclaren,111.642000,10.000000,1.000000,,,31.902000,50.312000,29.428000,4566.774000,4617.086000,4646.514000,312.000000,200.000000,213.000000,296.000000,False,HARD,10.000000,True,McLaren,4534.806000,,1,7.000000,False,,False,True
2026,10,Belgian Grand Prix,R,4759.252000,NOR,1,norris,mclaren,112.804000,11.000000,1.000000,,,31.517000,51.476000,29.811000,4678.031000,4729.507000,4759.318000,326.000000,201.000000,213.000000,308.000000,False,HARD,11.000000,True,McLaren,4646.448000,,1,7.000000,False,,False,True
2026,10,Belgian Grand Prix,R,4870.012000,NOR,1,norris,mclaren,110.760000,12.000000,1.000000,,,31.309000,50.013000,29.438000,4790.627000,4840.640000,4870.078000,318.000000,205.000000,210.000000,305.000000,True,HARD,12.000000,True,McLaren,4759.252000,,1,6.000000,False,,False,True
2026,10,Belgian Grand Prix,R,4981.528000,NOR,1,norris,mclaren,111.516000,13.000000,1.000000,,,31.769000,50.215000,29.532000,4901.847000,4952.062000,4981.594000,307.000000,205.000000,211.000000,299.000000,False,HARD,13.000000,True,McLaren,4870.012000,,1,6.000000,False,,False,True
2026,10,Belgian Grand Prix,R,5092.471000,NOR,1,norris,mclaren,110.943000,14.000000,1.000000,,,31.550000,49.850000,29.543000,5013.144000,5062.994000,5092.537000,310.000000,203.000000,214.000000,301.000000,False,HARD,14.000000,True,McLaren,4981.528000,,1,6.000000,False,,False,True
2026,10,Belgian Grand Prix,R,5203.134000,NOR,1,norris,mclaren,110.663000,15.000000,1.000000,,,31.550000,49.733000,29.380000,,5173.820000,5203.200000,310.000000,204.000000,211.000000,300.000000,True,HARD,15.000000,True,McLaren,5092.471000,,1,6.000000,False,,False,True
2026,10,Belgian Grand Prix,R,5314.197000,NOR,1,norris,mclaren,111.063000,16.000000,1.000000,,,31.602000,50.020000,29.441000,5234.802000,5284.822000,5314.263000,311.000000,203.000000,211.000000,300.000000,False,HARD,16.000000,True,McLaren,5203.134000,,1,6.000000,False,,False,True
2026,10,Belgian Grand Prix,R,5425.097000,NOR,1,norris,mclaren,110.900000,17.000000,1.000000,,,31.639000,49.899000,29.362000,5345.902000,5395.801000,5425.163000,312.000000,204.000000,212.000000,300.000000,False,HARD,17.000000,True,McLaren,5314.197000,,1,6.000000,False,,False,True
2026,10,Belgian Grand Prix,R,5547.671000,NOR,1,norris,mclaren,122.574000,18.000000,1.000000,,,31.432000,59.733000,31.409000,5456.595000,5516.328000,5547.737000,316.000000,119.000000,211.000000,303.000000,False,HARD,18.000000,True,McLaren,5425.097000,,167,5.000000,False,,False,False
2026,10,Belgian Grand Prix,R,5659.132000,NOR,1,norris,mclaren,111.461000,19.000000,1.000000,,,31.374000,50.801000,29.286000,5579.111000,5629.912000,5659.198000,319.000000,198.000000,215.000000,306.000000,False,HARD,19.000000,True,McLaren,5547.671000,,1,3.000000,False,,False,True
2026,10,Belgian Grand Prix,R,5789.173000,NOR,1,norris,mclaren,130.041000,20.000000,1.000000,,,31.996000,58.503000,39.542000,5691.194000,5749.697000,5789.239000,307.000000,148.000000,106.000000,293.000000,False,HARD,20.000000,True,McLaren,5659.132000,,16,3.000000,False,,False,False
2026,10,Belgian Grand Prix,R,5910.883000,NOR,1,norris,mclaren,121.710000,21.000000,1.000000,,,42.219000,49.455000,30.036000,5831.458000,5880.913000,5910.949000,246.000000,205.000000,221.000000,269.000000,False,HARD,21.000000,True,McLaren,5789.173000,,671,1.000000,False,,False,False
2026,10,Belgian Grand Prix,R,6021.616000,NOR,1,norris,mclaren,110.733000,22.000000,1.000000,,,31.420000,49.483000,29.830000,5942.369000,5991.852000,6021.682000,307.000000,207.000000,218.000000,299.000000,False,HARD,22.000000,True,McLaren,5910.883000,,1,1.000000,False,,False,True
2026,10,Belgian Grand Prix,R,6132.891000,NOR,1,norris,mclaren,111.275000,23.000000,1.000000,,,31.450000,50.262000,29.563000,6053.132000,6103.394000,6132.957000,305.000000,201.000000,215.000000,301.000000,False,HARD,23.000000,True,McLaren,6021.616000,,1,2.000000,False,,False,True
2026,10,Belgian Grand Prix,R,6243.319000,NOR,1,norris,mclaren,110.428000,24.000000,1.000000,,,31.130000,49.708000,29.590000,6164.087000,6213.795000,6243.385000,317.000000,204.000000,216.000000,304.000000,True,HARD,24.000000,True,McLaren,6132.891000,,1,2.000000,False,,False,True
2026,10,Belgian Grand Prix,R,6354.222000,NOR,1,norris,mclaren,110.903000,25.000000,1.000000,,,31.179000,50.188000,29.536000,6274.564000,6324.752000,6354.288000,312.000000,202.000000,216.000000,305.000000,False,HARD,25.000000,True,McLaren,6243.319000,,1,2.000000,False,,False,True
2026,10,Belgian Grand Prix,R,6465.289000,NOR,1,norris,mclaren,111.067000,26.000000,1.000000,,,31.303000,50.502000,29.262000,6385.591000,6436.093000,6465.355000,311.000000,200.000000,214.000000,302.000000,False,HARD,26.000000,True,McLaren,6354.222000,,1,3.000000,False,,False,True
2026,10,Belgian Grand Prix,R,6576.263000,NOR,1,norris,mclaren,110.974000,27.000000,1.000000,,,31.405000,50.264000,29.305000,6496.760000,6547.024000,6576.329000,317.000000,201.000000,212.000000,303.000000,False,HARD,27.000000,True,McLaren,6465.289000,,1,3.000000,False,,False,True
2026,10,Belgian Grand Prix,R,6687.006000,NOR,1,norris,mclaren,110.743000,28.000000,1.000000,,,31.500000,49.880000,29.363000,6607.829000,6657.709000,6687.072000,312.000000,203.000000,213.000000,302.000000,False,HARD,28.000000,True,McLaren,6576.263000,,1,3.000000,False,,False,True
2026,10,Belgian Grand Prix,R,6798.802000,NOR,1,norris,mclaren,111.796000,29.000000,1.000000,,,31.335000,51.177000,29.284000,6718.407000,6769.584000,6798.868000,313.000000,205.000000,212.000000,305.000000,False,HARD,29.000000,True,McLaren,6687.006000,,1,4.000000,False,,False,True
2026,10,Belgian Grand Prix,R,6913.858000,NOR,1,norris,mclaren,115.056000,30.000000,1.000000,,6910.171000,31.142000,50.302000,33.612000,6830.010000,6880.312000,6913.924000,322.000000,206.000000,,307.000000,False,HARD,30.000000,True,McLaren,6798.802000,,1,5.000000,False,,False,False
2026,10,Belgian Grand Prix,R,7043.705000,NOR,1,norris,mclaren,129.847000,31.000000,2.000000,6938.460000,,51.668000,48.943000,29.236000,6965.592000,7014.535000,7043.771000,314.000000,207.000000,216.000000,290.000000,False,MEDIUM,1.000000,True,McLaren,6913.858000,,1,8.000000,False,,False,False
2026,10,Belgian Grand Prix,R,7153.152000,NOR,1,norris,mclaren,109.447000,32.000000,2.000000,,,31.334000,48.870000,29.243000,7075.105000,7123.975000,7153.218000,310.000000,212.000000,214.000000,311.000000,True,MEDIUM,2.000000,True,McLaren,7043.705000,,1,7.000000,False,,False,True
2026,10,Belgian Grand Prix,R,7262.584000,NOR,1,norris,mclaren,109.432000,33.000000,2.000000,,,31.298000,48.783000,29.351000,7184.516000,7233.299000,7262.650000,308.000000,210.000000,215.000000,303.000000,True,MEDIUM,3.000000,True,McLaren,7153.152000,,1,7.000000,False,,False,True
2026,10,Belgian Grand Prix,R,7371.901000,NOR,1,norris,mclaren,109.317000,34.000000,2.000000,,,31.245000,48.593000,29.479000,7293.895000,7342.488000,7371.967000,312.000000,209.000000,219.000000,304.000000,True,MEDIUM,4.000000,True,McLaren,7262.584000,,1,7.000000,False,,False,True
2026,10,Belgian Grand Prix,R,7481.004000,NOR,1,norris,mclaren,109.103000,35.000000,2.000000,,,31.074000,48.800000,29.229000,7403.041000,7451.841000,7481.070000,311.000000,209.000000,216.000000,304.000000,True,MEDIUM,5.000000,True,McLaren,7371.901000,,1,7.000000,False,,False,True
2026,10,Belgian Grand Prix,R,7590.358000,NOR,1,norris,mclaren,109.354000,36.000000,2.000000,,,31.406000,48.699000,29.249000,7512.476000,7561.175000,7590.424000,306.000000,207.000000,217.000000,302.000000,False,MEDIUM,6.000000,True,McLaren,7481.004000,,1,7.000000,False,,False,True
2026,10,Belgian Grand Prix,R,7699.499000,NOR,1,norris,mclaren,109.141000,37.000000,2.000000,,,31.315000,48.755000,29.071000,7621.739000,7670.494000,7699.565000,307.000000,210.000000,216.000000,302.000000,False,MEDIUM,7.000000,True,McLaren,7590.358000,,1,7.000000,False,,False,True
2026,10,Belgian Grand Prix,R,7808.599000,NOR,1,norris,mclaren,109.100000,38.000000,2.000000,,,31.341000,48.745000,29.014000,7730.906000,7779.651000,7808.665000,307.000000,208.000000,217.000000,302.000000,True,MEDIUM,8.000000,True,McLaren,7699.499000,,1,7.000000,False,,False,True
2026,10,Belgian Grand Prix,R,7917.721000,NOR,1,norris,mclaren,109.122000,39.000000,2.000000,,,31.281000,48.783000,29.058000,7839.946000,7888.729000,7917.787000,307.000000,210.000000,215.000000,304.000000,False,MEDIUM,9.000000,True,McLaren,7808.599000,,1,7.000000,False,,False,True
2026,10,Belgian Grand Prix,R,8026.805000,NOR,1,norris,mclaren,109.084000,40.000000,2.000000,,,31.289000,48.757000,29.038000,7949.076000,7997.833000,8026.871000,308.000000,207.000000,216.000000,305.000000,True,MEDIUM,10.000000,True,McLaren,7917.721000,,1,7.000000,False,,False,True
2026,10,Belgian Grand Prix,R,8135.732000,NOR,1,norris,mclaren,108.927000,41.000000,2.000000,,,31.085000,48.786000,29.056000,8057.956000,8106.742000,8135.798000,311.000000,204.000000,216.000000,309.000000,True,MEDIUM,11.000000,True,McLaren,8026.805000,,1,7.000000,False,,False,True
2026,10,Belgian Grand Prix,R,8244.636000,NOR,1,norris,mclaren,108.904000,42.000000,2.000000,,,30.934000,49.096000,28.874000,8166.732000,8215.828000,8244.702000,312.000000,204.000000,217.000000,310.000000,True,MEDIUM,12.000000,True,McLaren,8135.732000,,1,7.000000,False,,False,True
2026,10,Belgian Grand Prix,R,8353.813000,NOR,1,norris,mclaren,109.177000,43.000000,2.000000,,,31.031000,49.017000,29.129000,8275.733000,8324.750000,8353.879000,315.000000,206.000000,215.000000,309.000000,False,MEDIUM,13.000000,True,McLaren,8244.636000,,1,7.000000,False,,False,True
2026,10,Belgian Grand Prix,R,8462.703000,NOR,1,norris,mclaren,108.890000,44.000000,2.000000,,,30.922000,49.362000,28.606000,8384.801000,8434.163000,8462.769000,318.000000,204.000000,220.000000,308.000000,True,MEDIUM,14.000000,True,McLaren,8353.813000,,1,7.000000,False,,False,True
2026,10,Belgian Grand Prix,R,3494.379000,BOR,5,bortoleto,audi,138.086000,1.000000,1.000000,,,,54.783000,48.145000,,3446.265000,3494.558000,325.000000,199.000000,176.000000,293.000000,False,MEDIUM,1.000000,True,Audi,3355.977000,,124,9.000000,False,,False,False
2026,10,Belgian Grand Prix,R,3656.668000,BOR,5,bortoleto,audi,,2.000000,1.000000,,,40.650000,76.536000,45.164000,3535.112000,3611.618000,3656.699000,181.000000,79.000000,160.000000,243.000000,False,MEDIUM,2.000000,True,Audi,3494.379000,,4,9.000000,False,,False,False
2026,10,Belgian Grand Prix,R,3815.515000,BOR,5,bortoleto,audi,,3.000000,1.000000,,,41.017000,73.278000,44.497000,3697.863000,3771.049000,3815.614000,169.000000,176.000000,121.000000,255.000000,False,MEDIUM,3.000000,True,Audi,3656.668000,,4,9.000000,False,,False,False
2026,10,Belgian Grand Prix,R,3974.327000,BOR,5,bortoleto,audi,,4.000000,1.000000,,,42.043000,70.234000,46.581000,3857.695000,3927.934000,3974.488000,182.000000,118.000000,216.000000,245.000000,False,MEDIUM,4.000000,True,Audi,3815.515000,,41,9.000000,False,,False,False
2026,10,Belgian Grand Prix,R,4088.176000,BOR,5,bortoleto,audi,113.849000,5.000000,1.000000,,,31.243000,51.936000,30.670000,4005.601000,4057.537000,4088.207000,335.000000,197.000000,207.000000,298.000000,True,MEDIUM,5.000000,True,Audi,3974.327000,,1,10.000000,False,,False,True
2026,10,Belgian Grand Prix,R,4201.086000,BOR,5,bortoleto,audi,112.910000,6.000000,1.000000,,,31.416000,51.421000,30.073000,4119.623000,4171.044000,4201.117000,326.000000,196.000000,207.000000,309.000000,True,MEDIUM,6.000000,True,Audi,4088.176000,,1,10.000000,False,,False,True
2026,10,Belgian Grand Prix,R,4313.912000,BOR,5,bortoleto,audi,112.826000,7.000000,1.000000,,,31.790000,51.133000,29.903000,4232.907000,4284.040000,4313.943000,315.000000,198.000000,207.000000,298.000000,True,MEDIUM,7.000000,True,Audi,4201.086000,,1,11.000000,False,,False,True
2026,10,Belgian Grand Prix,R,4426.224000,BOR,5,bortoleto,audi,112.312000,8.000000,1.000000,,,31.739000,50.648000,29.925000,4345.682000,4396.330000,4426.255000,310.000000,197.000000,205.000000,300.000000,True,MEDIUM,8.000000,True,Audi,4313.912000,,12,11.000000,False,,False,True
2026,10,Belgian Grand Prix,R,4538.099000,BOR,5,bortoleto,audi,111.875000,9.000000,1.000000,,,31.722000,50.243000,29.910000,4457.977000,4508.220000,4538.130000,314.000000,199.000000,206.000000,301.000000,True,MEDIUM,9.000000,True,Audi,4426.224000,,1,11.000000,False,,False,True
2026,10,Belgian Grand Prix,R,4649.943000,BOR,5,bortoleto,audi,111.844000,10.000000,1.000000,,,31.688000,50.254000,29.902000,4569.818000,4620.072000,4649.974000,314.000000,194.000000,206.000000,302.000000,True,MEDIUM,10.000000,True,Audi,4538.099000,,1,11.000000,False,,False,True
2026,10,Belgian Grand Prix,R,4762.191000,BOR,5,bortoleto,audi,112.248000,11.000000,1.000000,,,31.619000,50.710000,29.919000,4681.593000,4732.303000,4762.222000,317.000000,197.000000,208.000000,303.000000,False,MEDIUM,11.000000,True,Audi,4649.943000,,1,11.000000,False,,False,True
2026,10,Belgian Grand Prix,R,4875.172000,BOR,5,bortoleto,audi,112.981000,12.000000,1.000000,,,31.641000,51.211000,30.129000,4793.863000,4845.074000,4875.203000,316.000000,191.000000,206.000000,303.000000,False,MEDIUM,12.000000,True,Audi,4762.191000,,1,11.000000,False,,False,True
2026,10,Belgian Grand Prix,R,4988.052000,BOR,5,bortoleto,audi,112.880000,13.000000,1.000000,,,31.656000,51.123000,30.101000,4906.859000,4957.982000,4988.083000,318.000000,193.000000,207.000000,303.000000,False,MEDIUM,13.000000,True,Audi,4875.172000,,1,11.000000,False,,False,True
2026,10,Belgian Grand Prix,R,5100.952000,BOR,5,bortoleto,audi,112.900000,14.000000,1.000000,,,31.673000,51.116000,30.111000,5019.756000,5070.872000,5100.983000,319.000000,196.000000,207.000000,302.000000,False,MEDIUM,14.000000,True,Audi,4988.052000,,1,10.000000,False,,False,True
2026,10,Belgian Grand Prix,R,5214.412000,BOR,5,bortoleto,audi,113.460000,15.000000,1.000000,,,31.809000,51.595000,30.056000,5132.792000,5184.387000,5214.443000,325.000000,195.000000,207.000000,292.000000,False,MEDIUM,15.000000,True,Audi,5100.952000,,1,10.000000,False,,False,True
2026,10,Belgian Grand Prix,R,5326.838000,BOR,5,bortoleto,audi,112.426000,16.000000,1.000000,,,31.855000,50.665000,29.906000,5246.298000,5296.963000,5326.869000,313.000000,196.000000,207.000000,302.000000,False,MEDIUM,16.000000,True,Audi,5214.412000,,1,9.000000,False,,False,True
2026,10,Belgian Grand Prix,R,5439.112000,BOR,5,bortoleto,audi,112.274000,17.000000,1.000000,,,31.946000,50.239000,30.089000,5358.815000,5409.054000,5439.143000,307.000000,200.000000,208.000000,300.000000,False,MEDIUM,17.000000,True,Audi,5326.838000,,1,8.000000,False,,False,True
2026,10,Belgian Grand Prix,R,5562.701000,BOR,5,bortoleto,audi,123.589000,18.000000,1.000000,,,31.835000,61.638000,30.116000,5470.978000,5532.616000,5562.732000,307.000000,199.000000,208.000000,301.000000,False,MEDIUM,18.000000,True,Audi,5439.112000,,167,8.000000,False,,False,False
2026,10,Belgian Grand Prix,R,5674.648000,BOR,5,bortoleto,audi,111.947000,19.000000,1.000000,,,31.645000,50.230000,30.072000,5594.377000,5644.607000,5674.679000,307.000000,197.000000,208.000000,303.000000,False,MEDIUM,19.000000,True,Audi,5562.701000,,1,8.000000,False,,False,True
2026,10,Belgian Grand Prix,R,5810.430000,BOR,5,bortoleto,audi,135.782000,20.000000,1.000000,,5806.648000,31.786000,61.281000,42.715000,5706.465000,5767.746000,5810.461000,307.000000,162.000000,,301.000000,False,MEDIUM,20.000000,True,Audi,5674.648000,,16,8.000000,False,,False,False
2026,10,Belgian Grand Prix,R,5935.032000,BOR,5,bortoleto,audi,124.602000,21.000000,2.000000,5829.709000,,45.673000,49.479000,29.450000,5856.134000,5905.613000,5935.063000,308.000000,205.000000,210.000000,298.000000,False,HARD,1.000000,True,Audi,5810.430000,,671,8.000000,False,,False,False
2026,10,Belgian Grand Prix,R,6045.366000,BOR,5,bortoleto,audi,110.334000,22.000000,2.000000,,,31.634000,48.840000,29.860000,5966.697000,6015.537000,6045.397000,306.000000,204.000000,211.000000,297.000000,True,HARD,2.000000,True,Audi,5935.032000,,1,8.000000,False,,False,True
2026,10,Belgian Grand Prix,R,6155.723000,BOR,5,bortoleto,audi,110.357000,23.000000,2.000000,,,31.529000,48.930000,29.898000,6076.926000,6125.856000,6155.754000,306.000000,203.000000,209.000000,302.000000,False,HARD,3.000000,True,Audi,6045.366000,,1,8.000000,False,,False,True
2026,10,Belgian Grand Prix,R,6266.344000,BOR,5,bortoleto,audi,110.621000,24.000000,2.000000,,,31.595000,49.171000,29.855000,6187.349000,6236.520000,6266.375000,307.000000,203.000000,210.000000,301.000000,False,HARD,4.000000,True,Audi,6155.723000,,1,8.000000,False,,False,True
2026,10,Belgian Grand Prix,R,6377.202000,BOR,5,bortoleto,audi,110.858000,25.000000,2.000000,,,31.564000,49.443000,29.851000,6297.939000,6347.382000,6377.233000,306.000000,199.000000,210.000000,301.000000,False,HARD,5.000000,True,Audi,6266.344000,,1,8.000000,False,,False,True
2026,10,Belgian Grand Prix,R,6488.159000,BOR,5,bortoleto,audi,110.957000,26.000000,2.000000,,,31.632000,49.473000,29.852000,6408.865000,6458.338000,6488.190000,306.000000,200.000000,211.000000,301.000000,False,HARD,6.000000,True,Audi,6377.202000,,1,8.000000,False,,False,True
2026,10,Belgian Grand Prix,R,6599.043000,BOR,5,bortoleto,audi,110.884000,27.000000,2.000000,,,31.691000,49.277000,29.916000,6519.881000,6569.158000,6599.074000,305.000000,202.000000,211.000000,301.000000,False,HARD,7.000000,True,Audi,6488.159000,,1,8.000000,False,,False,True
2026,10,Belgian Grand Prix,R,6710.094000,BOR,5,bortoleto,audi,111.051000,28.000000,2.000000,,,31.772000,49.408000,29.871000,6630.846000,6680.254000,6710.125000,304.000000,200.000000,211.000000,299.000000,False,HARD,8.000000,True,Audi,6599.043000,,1,8.000000,False,,False,True
2026,10,Belgian Grand Prix,R,6820.976000,BOR,5,bortoleto,audi,110.882000,29.000000,2.000000,,,31.646000,49.367000,29.869000,6741.771000,6791.138000,6821.007000,306.000000,199.000000,210.000000,302.000000,False,HARD,9.000000,True,Audi,6710.094000,,1,8.000000,False,,False,True
2026,10,Belgian Grand Prix,R,6932.249000,BOR,5,bortoleto,audi,111.273000,30.000000,2.000000,,,31.732000,49.650000,29.891000,6852.739000,6902.389000,6932.280000,306.000000,204.000000,209.000000,301.000000,False,HARD,10.000000,True,Audi,6820.976000,,1,8.000000,False,,False,True
2026,10,Belgian Grand Prix,R,7043.450000,BOR,5,bortoleto,audi,111.201000,31.000000,2.000000,,,31.813000,49.545000,29.843000,6964.093000,7013.638000,7043.481000,306.000000,201.000000,209.000000,301.000000,False,HARD,11.000000,True,Audi,6932.249000,,1,7.000000,False,,False,True
2026,10,Belgian Grand Prix,R,7155.388000,BOR,5,bortoleto,audi,111.938000,32.000000,2.000000,,,31.732000,50.321000,29.885000,7075.213000,7125.534000,7155.419000,311.000000,202.000000,211.000000,302.000000,False,HARD,12.000000,True,Audi,7043.450000,,1,8.000000,False,,False,True
2026,10,Belgian Grand Prix,R,7266.377000,BOR,5,bortoleto,audi,110.989000,33.000000,2.000000,,,31.521000,49.578000,29.890000,7186.940000,7236.518000,7266.408000,309.000000,201.000000,210.000000,305.000000,False,HARD,13.000000,True,Audi,7155.388000,,1,8.000000,False,,False,True
2026,10,Belgian Grand Prix,R,7377.884000,BOR,5,bortoleto,audi,111.507000,34.000000,2.000000,,,31.615000,49.860000,30.032000,7298.023000,7347.883000,7377.915000,309.000000,198.000000,211.000000,303.000000,False,HARD,14.000000,True,Audi,7266.377000,,1,8.000000,False,,False,True
2026,10,Belgian Grand Prix,R,7489.280000,BOR,5,bortoleto,audi,111.396000,35.000000,2.000000,,,31.678000,49.846000,29.872000,7409.593000,7459.439000,7489.311000,304.000000,200.000000,211.000000,302.000000,False,HARD,15.000000,True,Audi,7377.884000,,1,8.000000,False,,False,True
2026,10,Belgian Grand Prix,R,7600.141000,BOR,5,bortoleto,audi,110.861000,36.000000,2.000000,,,31.687000,49.411000,29.763000,7520.998000,7570.409000,7600.172000,305.000000,199.000000,211.000000,302.000000,False,HARD,16.000000,True,Audi,7489.280000,,1,8.000000,False,,False,True
2026,10,Belgian Grand Prix,R,7710.859000,BOR,5,bortoleto,audi,110.718000,37.000000,2.000000,,,31.650000,49.307000,29.761000,7631.822000,7681.129000,7710.890000,306.000000,203.000000,206.000000,303.000000,False,HARD,17.000000,True,Audi,7600.141000,,1,8.000000,True,TRACK LIMITS AT TURN 19 LAP 37 ,False,True
2026,10,Belgian Grand Prix,R,7822.018000,BOR,5,bortoleto,audi,111.159000,38.000000,2.000000,,,31.798000,49.650000,29.711000,7742.688000,7792.338000,7822.049000,306.000000,201.000000,212.000000,302.000000,False,HARD,18.000000,True,Audi,7710.859000,,1,8.000000,False,,False,True
2026,10,Belgian Grand Prix,R,7932.908000,BOR,5,bortoleto,audi,110.890000,39.000000,2.000000,,,31.417000,49.658000,29.815000,7853.466000,7903.124000,7932.939000,308.000000,203.000000,212.000000,305.000000,False,HARD,19.000000,True,Audi,7822.018000,,1,8.000000,False,,False,True
2026,10,Belgian Grand Prix,R,8043.733000,BOR,5,bortoleto,audi,110.825000,40.000000,2.000000,,,31.670000,49.298000,29.857000,7964.609000,8013.907000,8043.764000,303.000000,200.000000,211.000000,304.000000,False,HARD,20.000000,True,Audi,7932.908000,,1,8.000000,False,,False,True
2026,10,Belgian Grand Prix,R,8154.423000,BOR,5,bortoleto,audi,110.690000,41.000000,2.000000,,,31.613000,49.270000,29.807000,8075.377000,8124.647000,8154.454000,303.000000,199.000000,211.000000,305.000000,False,HARD,21.000000,True,Audi,8043.733000,,1,8.000000,False,,False,True
2026,10,Belgian Grand Prix,R,8265.434000,BOR,5,bortoleto,audi,111.011000,42.000000,2.000000,,,31.676000,49.486000,29.849000,8186.130000,8235.616000,8265.465000,303.000000,202.000000,211.000000,304.000000,False,HARD,22.000000,True,Audi,8154.423000,,1,8.000000,False,,False,True
2026,10,Belgian Grand Prix,R,8376.608000,BOR,5,bortoleto,audi,111.174000,43.000000,2.000000,,,31.723000,49.513000,29.938000,8297.188000,8346.701000,8376.639000,302.000000,202.000000,212.000000,301.000000,False,HARD,23.000000,True,Audi,8265.434000,,1,8.000000,False,,False,True
2026,10,Belgian Grand Prix,R,8487.860000,BOR,5,bortoleto,audi,111.252000,44.000000,2.000000,,,31.727000,49.815000,29.710000,8408.366000,8458.181000,8487.891000,302.000000,200.000000,211.000000,301.000000,False,HARD,24.000000,True,Audi,8376.608000,,1,8.000000,False,,False,True
2026,10,Belgian Grand Prix,R,3491.398000,LIN,41,arvid_lindblad,rb,135.083000,1.000000,1.000000,,,,54.179000,46.102000,,3445.377000,3491.427000,324.000000,201.000000,173.000000,303.000000,False,MEDIUM,1.000000,True,Racing Bulls,3355.977000,,124,7.000000,False,,False,False
2026,10,Belgian Grand Prix,R,3654.557000,LIN,41,arvid_lindblad,rb,,2.000000,1.000000,,,41.647000,75.688000,45.907000,3533.104000,3608.805000,3654.586000,164.000000,84.000000,147.000000,268.000000,False,MEDIUM,2.000000,True,Racing Bulls,3491.398000,,4,7.000000,False,,False,False
2026,10,Belgian Grand Prix,R,3813.917000,LIN,41,arvid_lindblad,rb,,3.000000,1.000000,,,41.491000,72.851000,44.921000,3696.174000,3769.144000,3814.095000,178.000000,140.000000,146.000000,291.000000,False,MEDIUM,3.000000,True,Racing Bulls,3654.557000,,4,7.000000,False,,False,False
2026,10,Belgian Grand Prix,R,3973.611000,LIN,41,arvid_lindblad,rb,,4.000000,1.000000,,,42.453000,69.937000,47.354000,3856.401000,3926.318000,3973.798000,267.000000,110.000000,218.000000,284.000000,False,MEDIUM,4.000000,True,Racing Bulls,3813.917000,,41,7.000000,False,,False,False
2026,10,Belgian Grand Prix,R,4086.352000,LIN,41,arvid_lindblad,rb,112.741000,5.000000,1.000000,,,31.167000,51.713000,29.861000,4004.807000,4056.520000,4086.381000,329.000000,202.000000,207.000000,302.000000,True,MEDIUM,5.000000,True,Racing Bulls,3973.611000,,1,7.000000,False,,False,True
2026,10,Belgian Grand Prix,R,4198.561000,LIN,41,arvid_lindblad,rb,112.209000,6.000000,1.000000,,,31.367000,50.996000,29.846000,4117.748000,4168.744000,4198.590000,315.000000,205.000000,210.000000,305.000000,True,MEDIUM,6.000000,True,Racing Bulls,4086.352000,,1,7.000000,False,,False,True
2026,10,Belgian Grand Prix,R,4310.044000,LIN,41,arvid_lindblad,rb,111.483000,7.000000,1.000000,,,31.128000,50.578000,29.777000,4229.718000,4280.296000,4310.073000,320.000000,205.000000,208.000000,312.000000,True,MEDIUM,7.000000,True,Racing Bulls,4198.561000,,1,7.000000,False,,False,True
2026,10,Belgian Grand Prix,R,4421.584000,LIN,41,arvid_lindblad,rb,111.540000,8.000000,1.000000,,,31.115000,50.708000,29.717000,4341.188000,4391.896000,4421.613000,318.000000,204.000000,207.000000,316.000000,False,MEDIUM,8.000000,True,Racing Bulls,4310.044000,,12,6.000000,False,,False,True
2026,10,Belgian Grand Prix,R,4533.912000,LIN,41,arvid_lindblad,rb,112.328000,9.000000,1.000000,,,31.729000,50.709000,29.890000,4453.342000,4504.051000,4533.941000,307.000000,203.000000,207.000000,304.000000,False,MEDIUM,9.000000,True,Racing Bulls,4421.584000,,1,6.000000,False,,False,True
2026,10,Belgian Grand Prix,R,4646.114000,LIN,41,arvid_lindblad,rb,112.202000,10.000000,1.000000,,,31.686000,50.547000,29.969000,4565.627000,4616.174000,4646.143000,307.000000,201.000000,206.000000,303.000000,False,MEDIUM,10.000000,True,Racing Bulls,4533.912000,,1,6.000000,False,,False,True
2026,10,Belgian Grand Prix,R,4758.863000,LIN,41,arvid_lindblad,rb,112.749000,11.000000,1.000000,,,31.793000,50.933000,30.023000,4677.936000,4728.869000,4758.892000,306.000000,201.000000,206.000000,304.000000,False,MEDIUM,11.000000,True,Racing Bulls,4646.114000,,1,6.000000,False,,False,True
2026,10,Belgian Grand Prix,R,4872.014000,LIN,41,arvid_lindblad,rb,113.151000,12.000000,1.000000,,,31.793000,51.542000,29.816000,,4842.227000,4872.043000,303.000000,205.000000,206.000000,302.000000,False,MEDIUM,12.000000,True,Racing Bulls,4758.863000,,1,7.000000,False,,False,True
2026,10,Belgian Grand Prix,R,4984.253000,LIN,41,arvid_lindblad,rb,112.239000,13.000000,1.000000,,,31.586000,50.725000,29.928000,4903.629000,4954.354000,4984.282000,311.000000,202.000000,210.000000,306.000000,False,MEDIUM,13.000000,True,Racing Bulls,4872.014000,,1,7.000000,False,,False,True
2026,10,Belgian Grand Prix,R,5096.303000,LIN,41,arvid_lindblad,rb,112.050000,14.000000,1.000000,,,31.491000,50.683000,29.876000,5015.773000,5066.456000,5096.332000,310.000000,204.000000,206.000000,305.000000,False,MEDIUM,14.000000,True,Racing Bulls,4984.253000,,1,7.000000,False,,False,True
2026,10,Belgian Grand Prix,R,5208.619000,LIN,41,arvid_lindblad,rb,112.316000,15.000000,1.000000,,,31.665000,50.736000,29.915000,5127.997000,5178.733000,5208.648000,308.000000,204.000000,209.000000,304.000000,False,MEDIUM,15.000000,True,Racing Bulls,5096.303000,,1,7.000000,False,,False,True
2026,10,Belgian Grand Prix,R,5325.298000,LIN,41,arvid_lindblad,rb,116.679000,16.000000,1.000000,,5321.506000,31.595000,50.646000,34.438000,5240.243000,5290.889000,5325.327000,308.000000,205.000000,,304.000000,False,MEDIUM,16.000000,True,Racing Bulls,5208.619000,,1,7.000000,False,,False,False
2026,10,Belgian Grand Prix,R,5453.842000,LIN,41,arvid_lindblad,rb,128.544000,17.000000,2.000000,5346.358000,,48.037000,50.980000,29.527000,5373.364000,5424.344000,5453.871000,304.000000,208.000000,212.000000,294.000000,False,HARD,1.000000,True,Racing Bulls,5325.298000,,1,12.000000,False,,False,False
2026,10,Belgian Grand Prix,R,5577.525000,LIN,41,arvid_lindblad,rb,123.683000,18.000000,2.000000,,,36.088000,57.359000,30.236000,5489.959000,5547.318000,5577.554000,244.000000,207.000000,208.000000,304.000000,False,HARD,2.000000,True,Racing Bulls,5453.842000,,167,11.000000,False,,False,False
2026,10,Belgian Grand Prix,R,5688.619000,LIN,41,arvid_lindblad,rb,111.094000,19.000000,2.000000,,,31.491000,49.951000,29.652000,5609.045000,5658.996000,5688.648000,308.000000,206.000000,210.000000,305.000000,True,HARD,3.000000,True,Racing Bulls,5577.525000,,1,11.000000,False,,False,True
2026,10,Belgian Grand Prix,R,5826.360000,LIN,41,arvid_lindblad,rb,137.741000,20.000000,2.000000,,,31.195000,66.585000,39.961000,5719.843000,5786.428000,5826.389000,313.000000,122.000000,153.000000,306.000000,False,HARD,4.000000,True,Racing Bulls,5688.619000,,167,10.000000,False,,False,False
2026,10,Belgian Grand Prix,R,5938.373000,LIN,41,arvid_lindblad,rb,112.013000,21.000000,2.000000,,,32.319000,50.107000,29.587000,5858.708000,5908.815000,5938.402000,311.000000,207.000000,212.000000,305.000000,False,HARD,5.000000,True,Racing Bulls,5826.360000,,71,9.000000,False,,False,False
2026,10,Belgian Grand Prix,R,6048.961000,LIN,41,arvid_lindblad,rb,110.588000,22.000000,2.000000,,,31.234000,49.623000,29.731000,5969.636000,6019.259000,6048.990000,311.000000,208.000000,210.000000,305.000000,True,HARD,6.000000,True,Racing Bulls,5938.373000,,1,9.000000,False,,False,True
2026,10,Belgian Grand Prix,R,6159.497000,LIN,41,arvid_lindblad,rb,110.536000,23.000000,2.000000,,,31.371000,49.580000,29.585000,6080.361000,6129.941000,6159.526000,310.000000,207.000000,212.000000,305.000000,True,HARD,7.000000,True,Racing Bulls,6048.961000,,1,9.000000,False,,False,True
2026,10,Belgian Grand Prix,R,6270.306000,LIN,41,arvid_lindblad,rb,110.809000,24.000000,2.000000,,,31.378000,49.781000,29.650000,6190.904000,6240.685000,6270.335000,310.000000,207.000000,212.000000,305.000000,False,HARD,8.000000,True,Racing Bulls,6159.497000,,1,9.000000,False,,False,True
2026,10,Belgian Grand Prix,R,6381.252000,LIN,41,arvid_lindblad,rb,110.946000,25.000000,2.000000,,,31.291000,50.005000,29.650000,6301.626000,6351.631000,6381.281000,308.000000,203.000000,210.000000,305.000000,False,HARD,9.000000,True,Racing Bulls,6270.306000,,1,9.000000,False,,False,True
2026,10,Belgian Grand Prix,R,6492.271000,LIN,41,arvid_lindblad,rb,111.019000,26.000000,2.000000,,,31.443000,50.063000,29.513000,6412.724000,6462.787000,6492.300000,309.000000,205.000000,212.000000,305.000000,False,HARD,10.000000,True,Racing Bulls,6381.252000,,1,9.000000,False,,False,True
2026,10,Belgian Grand Prix,R,6603.297000,LIN,41,arvid_lindblad,rb,111.026000,27.000000,2.000000,,,31.381000,49.988000,29.657000,6523.681000,6573.669000,6603.326000,309.000000,207.000000,214.000000,307.000000,False,HARD,11.000000,True,Racing Bulls,6492.271000,,1,9.000000,False,,False,True
2026,10,Belgian Grand Prix,R,6714.182000,LIN,41,arvid_lindblad,rb,110.885000,28.000000,2.000000,,,31.356000,49.965000,29.564000,6634.682000,6684.647000,6714.211000,308.000000,205.000000,210.000000,304.000000,False,HARD,12.000000,True,Racing Bulls,6603.297000,,1,9.000000,False,,False,True
2026,10,Belgian Grand Prix,R,6825.006000,LIN,41,arvid_lindblad,rb,110.824000,29.000000,2.000000,,,31.326000,49.962000,29.536000,6745.537000,6795.499000,6825.035000,310.000000,208.000000,211.000000,307.000000,False,HARD,13.000000,True,Racing Bulls,6714.182000,,1,9.000000,False,,False,True
2026,10,Belgian Grand Prix,R,6936.134000,LIN,41,arvid_lindblad,rb,111.128000,30.000000,2.000000,,,31.415000,50.187000,29.526000,6856.450000,6906.637000,6936.163000,311.000000,208.000000,209.000000,305.000000,False,HARD,14.000000,True,Racing Bulls,6825.006000,,1,9.000000,False,,False,True
2026,10,Belgian Grand Prix,R,7047.258000,LIN,41,arvid_lindblad,rb,111.124000,31.000000,2.000000,,,31.320000,50.279000,29.525000,6967.483000,7017.762000,7047.287000,315.000000,206.000000,212.000000,307.000000,False,HARD,15.000000,True,Racing Bulls,6936.134000,,1,9.000000,False,,False,True
2026,10,Belgian Grand Prix,R,7158.396000,LIN,41,arvid_lindblad,rb,111.138000,32.000000,2.000000,,,31.107000,50.589000,29.442000,7078.394000,7128.983000,7158.425000,313.000000,200.000000,210.000000,308.000000,False,HARD,16.000000,True,Racing Bulls,7047.258000,,1,9.000000,False,,False,True
2026,10,Belgian Grand Prix,R,7269.308000,LIN,41,arvid_lindblad,rb,110.912000,33.000000,2.000000,,,31.295000,50.043000,29.574000,7189.720000,7239.763000,7269.337000,312.000000,203.000000,213.000000,308.000000,False,HARD,17.000000,True,Racing Bulls,7158.396000,,1,9.000000,False,,False,True
2026,10,Belgian Grand Prix,R,7380.472000,LIN,41,arvid_lindblad,rb,111.164000,34.000000,2.000000,,,31.271000,50.191000,29.702000,7300.608000,7350.799000,7380.501000,314.000000,204.000000,214.000000,308.000000,False,HARD,18.000000,True,Racing Bulls,7269.308000,,1,9.000000,False,,False,True
2026,10,Belgian Grand Prix,R,7491.461000,LIN,41,arvid_lindblad,rb,110.989000,35.000000,2.000000,,,31.166000,50.277000,29.546000,7411.667000,7461.944000,7491.490000,311.000000,206.000000,214.000000,307.000000,False,HARD,19.000000,True,Racing Bulls,7380.472000,,1,9.000000,False,,False,True
2026,10,Belgian Grand Prix,R,7602.455000,LIN,41,arvid_lindblad,rb,110.994000,36.000000,2.000000,,,31.186000,50.228000,29.580000,7522.676000,7572.904000,7602.484000,314.000000,206.000000,212.000000,307.000000,False,HARD,20.000000,True,Racing Bulls,7491.461000,,1,9.000000,False,,False,True
2026,10,Belgian Grand Prix,R,7713.369000,LIN,41,arvid_lindblad,rb,110.914000,37.000000,2.000000,,,31.199000,50.225000,29.490000,7633.683000,7683.908000,7713.398000,314.000000,205.000000,214.000000,307.000000,False,HARD,21.000000,True,Racing Bulls,7602.455000,,1,9.000000,False,,False,True
2026,10,Belgian Grand Prix,R,7824.289000,LIN,41,arvid_lindblad,rb,110.920000,38.000000,2.000000,,,31.190000,50.269000,29.461000,7744.588000,7794.857000,7824.318000,313.000000,207.000000,215.000000,307.000000,False,HARD,22.000000,True,Racing Bulls,7713.369000,,1,9.000000,False,,False,True
2026,10,Belgian Grand Prix,R,7935.530000,LIN,41,arvid_lindblad,rb,111.241000,39.000000,2.000000,,,31.197000,50.520000,29.524000,7855.515000,7906.035000,7935.559000,310.000000,207.000000,214.000000,307.000000,False,HARD,23.000000,True,Racing Bulls,7824.289000,,1,9.000000,False,,False,True
2026,10,Belgian Grand Prix,R,8046.113000,LIN,41,arvid_lindblad,rb,110.583000,40.000000,2.000000,,,31.120000,49.960000,29.503000,7966.679000,8016.639000,8046.142000,311.000000,207.000000,214.000000,314.000000,False,HARD,24.000000,True,Racing Bulls,7935.530000,,1,9.000000,False,,False,True
2026,10,Belgian Grand Prix,R,8156.835000,LIN,41,arvid_lindblad,rb,110.722000,41.000000,2.000000,,,31.032000,50.154000,29.536000,8077.174000,8127.328000,8156.864000,311.000000,203.000000,215.000000,316.000000,False,HARD,25.000000,True,Racing Bulls,8046.113000,,1,9.000000,False,,False,True
2026,10,Belgian Grand Prix,R,8267.494000,LIN,41,arvid_lindblad,rb,110.659000,42.000000,2.000000,,,31.109000,50.204000,29.346000,8187.973000,8238.177000,8267.523000,314.000000,207.000000,211.000000,309.000000,False,HARD,26.000000,True,Racing Bulls,8156.835000,,1,9.000000,False,,False,True
2026,10,Belgian Grand Prix,R,8378.590000,LIN,41,arvid_lindblad,rb,111.096000,43.000000,2.000000,,,31.224000,50.267000,29.605000,8298.747000,8349.014000,8378.619000,313.000000,205.000000,216.000000,313.000000,False,HARD,27.000000,True,Racing Bulls,8267.494000,,1,9.000000,False,,False,True
2026,10,Belgian Grand Prix,R,8489.164000,LIN,41,arvid_lindblad,rb,110.574000,44.000000,2.000000,,,31.013000,50.426000,29.135000,8409.632000,8460.058000,8489.193000,314.000000,206.000000,214.000000,313.000000,False,HARD,28.000000,True,Racing Bulls,8378.590000,,1,9.000000,False,,False,True
2026,10,Belgian Grand Prix,R,3492.679000,COL,43,colapinto,alpine,136.278000,1.000000,1.000000,,,,54.418000,46.752000,,3445.931000,3492.704000,335.000000,201.000000,195.000000,297.000000,False,MEDIUM,1.000000,True,Alpine,3355.977000,,124,8.000000,False,,False,False
2026,10,Belgian Grand Prix,R,3655.197000,COL,43,colapinto,alpine,,2.000000,1.000000,,,41.284000,75.720000,45.683000,3534.017000,3609.718000,3655.201000,174.000000,100.000000,160.000000,252.000000,False,MEDIUM,2.000000,True,Alpine,3492.679000,,4,8.000000,False,,False,False
2026,10,Belgian Grand Prix,R,3814.901000,COL,43,colapinto,alpine,,3.000000,1.000000,,,41.529000,73.022000,45.076000,3696.843000,3769.829000,3815.064000,147.000000,169.000000,99.000000,265.000000,False,MEDIUM,3.000000,True,Alpine,3655.197000,,4,8.000000,False,,False,False
2026,10,Belgian Grand Prix,R,3974.049000,COL,43,colapinto,alpine,,4.000000,1.000000,,,41.956000,70.098000,47.129000,3856.864000,3927.023000,3974.268000,259.000000,93.000000,220.000000,258.000000,False,MEDIUM,4.000000,True,Alpine,3814.901000,,41,8.000000,False,,False,False
2026,10,Belgian Grand Prix,R,4087.184000,COL,43,colapinto,alpine,113.135000,5.000000,1.000000,,,30.983000,52.134000,30.018000,4005.036000,4057.170000,4087.188000,328.000000,204.000000,214.000000,305.000000,True,MEDIUM,5.000000,True,Alpine,3974.049000,,1,8.000000,False,,False,True
2026,10,Belgian Grand Prix,R,4199.710000,COL,43,colapinto,alpine,112.526000,6.000000,1.000000,,,31.664000,51.068000,29.794000,4118.852000,4169.920000,4199.714000,320.000000,204.000000,216.000000,298.000000,True,MEDIUM,6.000000,True,Alpine,4087.184000,,1,8.000000,False,,False,True
2026,10,Belgian Grand Prix,R,4312.127000,COL,43,colapinto,alpine,112.417000,7.000000,1.000000,,,31.387000,50.739000,30.291000,4231.101000,4281.840000,4312.131000,318.000000,200.000000,218.000000,300.000000,True,MEDIUM,7.000000,True,Alpine,4199.710000,,1,9.000000,False,,False,True
2026,10,Belgian Grand Prix,R,4424.848000,COL,43,colapinto,alpine,112.721000,8.000000,1.000000,,,31.236000,51.830000,29.655000,4343.367000,4395.197000,4424.852000,317.000000,202.000000,216.000000,303.000000,False,MEDIUM,8.000000,True,Alpine,4312.127000,,12,9.000000,False,,False,True
2026,10,Belgian Grand Prix,R,4536.698000,COL,43,colapinto,alpine,111.850000,9.000000,1.000000,,,31.461000,50.715000,29.674000,4456.313000,4507.028000,4536.702000,317.000000,205.000000,214.000000,300.000000,True,MEDIUM,9.000000,True,Alpine,4424.848000,,1,9.000000,False,,False,True
2026,10,Belgian Grand Prix,R,4648.811000,COL,43,colapinto,alpine,112.113000,10.000000,1.000000,,,31.413000,50.937000,29.763000,4568.115000,4619.052000,4648.815000,316.000000,199.000000,214.000000,302.000000,False,MEDIUM,10.000000,True,Alpine,4536.698000,,1,9.000000,False,,False,True
2026,10,Belgian Grand Prix,R,4761.091000,COL,43,colapinto,alpine,112.280000,11.000000,1.000000,,,31.420000,51.094000,29.766000,4680.235000,4731.329000,4761.095000,323.000000,197.000000,216.000000,302.000000,False,MEDIUM,11.000000,True,Alpine,4648.811000,,1,9.000000,False,,False,True
2026,10,Belgian Grand Prix,R,4874.577000,COL,43,colapinto,alpine,113.486000,12.000000,1.000000,,,31.510000,52.039000,29.937000,4792.605000,4844.644000,4874.581000,313.000000,197.000000,213.000000,300.000000,False,MEDIUM,12.000000,True,Alpine,4761.091000,,1,10.000000,False,,False,True
2026,10,Belgian Grand Prix,R,4987.453000,COL,43,colapinto,alpine,112.876000,13.000000,1.000000,,,31.538000,51.414000,29.924000,4906.119000,4957.533000,4987.457000,320.000000,197.000000,216.000000,302.000000,False,MEDIUM,13.000000,True,Alpine,4874.577000,,1,10.000000,False,,False,True
2026,10,Belgian Grand Prix,R,5100.391000,COL,43,colapinto,alpine,112.938000,14.000000,1.000000,,,31.592000,51.374000,29.972000,5019.049000,5070.423000,5100.395000,318.000000,201.000000,213.000000,300.000000,False,MEDIUM,14.000000,True,Alpine,4987.453000,,1,9.000000,False,,False,True
2026,10,Belgian Grand Prix,R,5217.797000,COL,43,colapinto,alpine,117.406000,15.000000,1.000000,,5214.094000,31.642000,51.089000,34.675000,5132.037000,5183.126000,5217.801000,314.000000,198.000000,,300.000000,False,MEDIUM,15.000000,True,Alpine,5100.391000,,1,12.000000,False,,False,False
2026,10,Belgian Grand Prix,R,5345.425000,COL,43,colapinto,alpine,127.628000,16.000000,2.000000,5238.164000,,47.655000,50.262000,29.711000,5265.456000,5315.718000,5345.429000,317.000000,204.000000,221.000000,290.000000,False,HARD,1.000000,True,Alpine,5217.797000,,1,15.000000,False,,False,False
2026,10,Belgian Grand Prix,R,5457.043000,COL,43,colapinto,alpine,111.618000,17.000000,2.000000,,,31.487000,50.492000,29.639000,5376.916000,5427.408000,5457.047000,311.000000,204.000000,221.000000,298.000000,True,HARD,2.000000,True,Alpine,5345.425000,,1,15.000000,False,,False,True
2026,10,Belgian Grand Prix,R,5580.867000,COL,43,colapinto,alpine,123.824000,18.000000,2.000000,,,40.916000,53.006000,29.902000,5497.963000,5550.969000,5580.871000,220.000000,203.000000,211.000000,299.000000,False,HARD,3.000000,True,Alpine,5457.043000,,167,15.000000,False,,False,False
2026,10,Belgian Grand Prix,R,5692.824000,COL,43,colapinto,alpine,111.957000,19.000000,2.000000,,,31.603000,50.648000,29.706000,5612.474000,5663.122000,5692.828000,315.000000,202.000000,218.000000,300.000000,False,HARD,4.000000,True,Alpine,5580.867000,,1,14.000000,False,,False,True
2026,10,Belgian Grand Prix,R,5831.751000,COL,43,colapinto,alpine,138.927000,20.000000,2.000000,,,31.330000,67.222000,40.375000,5724.158000,5791.380000,5831.755000,264.000000,136.000000,141.000000,303.000000,False,HARD,5.000000,True,Alpine,5692.824000,,167,14.000000,False,,False,False
2026,10,Belgian Grand Prix,R,5944.152000,COL,43,colapinto,alpine,112.401000,21.000000,2.000000,,,31.206000,51.550000,29.645000,5862.961000,5914.511000,5944.156000,332.000000,198.000000,219.000000,305.000000,False,HARD,6.000000,True,Alpine,5831.751000,,1,13.000000,False,,False,True
2026,10,Belgian Grand Prix,R,6056.258000,COL,43,colapinto,alpine,112.106000,22.000000,2.000000,,,31.055000,51.242000,29.809000,5975.211000,6026.453000,6056.262000,324.000000,202.000000,221.000000,302.000000,False,HARD,7.000000,True,Alpine,5944.152000,,1,13.000000,False,,False,True
2026,10,Belgian Grand Prix,R,6168.149000,COL,43,colapinto,alpine,111.891000,23.000000,2.000000,,,31.130000,51.200000,29.561000,6087.392000,6138.592000,6168.153000,324.000000,198.000000,215.000000,302.000000,False,HARD,8.000000,True,Alpine,6056.258000,,1,13.000000,False,,False,True
2026,10,Belgian Grand Prix,R,6279.603000,COL,43,colapinto,alpine,111.454000,24.000000,2.000000,,,31.205000,50.642000,29.607000,6199.358000,6250.000000,6279.607000,322.000000,204.000000,219.000000,301.000000,True,HARD,9.000000,True,Alpine,6168.149000,,1,13.000000,False,,False,True
2026,10,Belgian Grand Prix,R,6392.282000,COL,43,colapinto,alpine,112.679000,25.000000,2.000000,,,30.813000,51.873000,29.993000,6310.420000,6362.293000,6392.286000,321.000000,198.000000,219.000000,304.000000,False,HARD,10.000000,True,Alpine,6279.603000,,1,13.000000,False,,False,True
2026,10,Belgian Grand Prix,R,6504.577000,COL,43,colapinto,alpine,112.295000,26.000000,2.000000,,,31.094000,51.507000,29.694000,6423.380000,6474.887000,6504.581000,298.000000,200.000000,220.000000,304.000000,False,HARD,11.000000,True,Alpine,6392.282000,,1,13.000000,False,,False,True
2026,10,Belgian Grand Prix,R,6616.808000,COL,43,colapinto,alpine,112.231000,27.000000,2.000000,,,31.002000,51.674000,29.555000,6535.583000,6587.257000,6616.812000,327.000000,201.000000,218.000000,304.000000,False,HARD,12.000000,True,Alpine,6504.577000,,1,13.000000,False,,False,True
2026,10,Belgian Grand Prix,R,6728.636000,COL,43,colapinto,alpine,111.828000,28.000000,2.000000,,,31.030000,51.182000,29.616000,6647.842000,6699.024000,6728.640000,331.000000,202.000000,220.000000,303.000000,False,HARD,13.000000,True,Alpine,6616.808000,,1,12.000000,False,,False,True
2026,10,Belgian Grand Prix,R,6841.016000,COL,43,colapinto,alpine,112.380000,29.000000,2.000000,,,31.173000,51.395000,29.812000,6759.813000,6811.208000,6841.020000,317.000000,202.000000,220.000000,304.000000,False,HARD,14.000000,True,Alpine,6728.636000,,1,12.000000,False,,False,True
2026,10,Belgian Grand Prix,R,6952.900000,COL,43,colapinto,alpine,111.884000,30.000000,2.000000,,,31.145000,51.005000,29.734000,6872.165000,6923.170000,6952.904000,316.000000,206.000000,220.000000,305.000000,False,HARD,15.000000,True,Alpine,6841.016000,,1,10.000000,False,,False,True
2026,10,Belgian Grand Prix,R,7064.632000,COL,43,colapinto,alpine,111.732000,31.000000,2.000000,,,31.558000,50.508000,29.666000,6984.462000,7034.970000,7064.636000,306.000000,203.000000,217.000000,297.000000,False,HARD,16.000000,True,Alpine,6952.900000,,1,10.000000,False,,False,True
2026,10,Belgian Grand Prix,R,7176.289000,COL,43,colapinto,alpine,111.657000,32.000000,2.000000,,,31.471000,50.426000,29.760000,7096.107000,7146.533000,7176.293000,307.000000,205.000000,219.000000,300.000000,False,HARD,17.000000,True,Alpine,7064.632000,,1,10.000000,False,,False,True
2026,10,Belgian Grand Prix,R,7288.012000,COL,43,colapinto,alpine,111.723000,33.000000,2.000000,,,31.558000,50.282000,29.883000,7207.851000,7258.133000,7288.016000,307.000000,202.000000,216.000000,300.000000,False,HARD,18.000000,True,Alpine,7176.289000,,1,10.000000,False,,False,True
2026,10,Belgian Grand Prix,R,7399.671000,COL,43,colapinto,alpine,111.659000,34.000000,2.000000,,,31.651000,50.133000,29.875000,7319.667000,7369.800000,7399.675000,306.000000,204.000000,219.000000,299.000000,False,HARD,19.000000,True,Alpine,7288.012000,,1,10.000000,False,,False,True
2026,10,Belgian Grand Prix,R,7511.945000,COL,43,colapinto,alpine,112.274000,35.000000,2.000000,,,31.826000,50.429000,30.019000,7431.501000,7481.930000,7511.949000,302.000000,203.000000,220.000000,295.000000,False,HARD,20.000000,True,Alpine,7399.671000,,1,10.000000,False,,False,True
2026,10,Belgian Grand Prix,R,7623.704000,COL,43,colapinto,alpine,111.759000,36.000000,2.000000,,,31.756000,50.187000,29.816000,7543.705000,7593.892000,7623.708000,303.000000,204.000000,221.000000,294.000000,False,HARD,21.000000,True,Alpine,7511.945000,,1,10.000000,False,,False,True
2026,10,Belgian Grand Prix,R,7735.266000,COL,43,colapinto,alpine,111.562000,37.000000,2.000000,,,31.636000,50.270000,29.656000,7655.344000,7705.614000,7735.270000,303.000000,202.000000,219.000000,298.000000,False,HARD,22.000000,True,Alpine,7623.704000,,1,10.000000,False,,False,True
2026,10,Belgian Grand Prix,R,7846.927000,COL,43,colapinto,alpine,111.661000,38.000000,2.000000,,,31.826000,50.160000,29.675000,7767.096000,7817.256000,7846.931000,303.000000,203.000000,222.000000,296.000000,False,HARD,23.000000,True,Alpine,7735.266000,,1,10.000000,False,,False,True
2026,10,Belgian Grand Prix,R,7958.161000,COL,43,colapinto,alpine,111.234000,39.000000,2.000000,,,31.628000,50.030000,29.576000,7878.559000,7928.589000,7958.165000,303.000000,205.000000,220.000000,297.000000,True,HARD,24.000000,True,Alpine,7846.927000,,1,10.000000,False,,False,True
2026,10,Belgian Grand Prix,R,8069.703000,COL,43,colapinto,alpine,111.542000,40.000000,2.000000,,,31.629000,50.251000,29.662000,7989.794000,8040.045000,8069.707000,305.000000,205.000000,218.000000,300.000000,False,HARD,25.000000,True,Alpine,7958.161000,,1,10.000000,False,,False,True
2026,10,Belgian Grand Prix,R,8181.068000,COL,43,colapinto,alpine,111.365000,41.000000,2.000000,,,31.489000,50.251000,29.625000,8101.196000,8151.447000,8181.072000,306.000000,201.000000,219.000000,303.000000,False,HARD,26.000000,True,Alpine,8069.703000,,1,10.000000,False,,False,True
2026,10,Belgian Grand Prix,R,8292.230000,COL,43,colapinto,alpine,111.162000,42.000000,2.000000,,,31.466000,50.091000,29.605000,8212.538000,8262.629000,8292.234000,306.000000,204.000000,220.000000,301.000000,True,HARD,27.000000,True,Alpine,8181.068000,,1,10.000000,False,,False,True
2026,10,Belgian Grand Prix,R,8403.593000,COL,43,colapinto,alpine,111.363000,43.000000,2.000000,,,31.584000,50.025000,29.754000,8323.818000,8373.843000,8403.597000,307.000000,206.000000,220.000000,298.000000,False,HARD,28.000000,True,Alpine,8292.230000,,1,10.000000,False,,False,True
2026,10,Belgian Grand Prix,R,8514.790000,COL,43,colapinto,alpine,111.197000,44.000000,2.000000,,,31.525000,50.322000,29.350000,8435.122000,8485.444000,8514.794000,305.000000,204.000000,224.000000,299.000000,False,HARD,29.000000,True,Alpine,8403.593000,,1,10.000000,False,,False,True
2026,10,Belgian Grand Prix,R,3499.691000,GAS,10,gasly,alpine,143.344000,1.000000,1.000000,,,,55.345000,52.483000,,3447.232000,3499.691000,337.000000,200.000000,202.000000,284.000000,False,MEDIUM,1.000000,True,Alpine,3355.977000,,124,11.000000,False,,False,False
2026,10,Belgian Grand Prix,R,3661.019000,GAS,10,gasly,alpine,,2.000000,1.000000,,,40.545000,73.436000,47.462000,3540.280000,3613.692000,3661.019000,245.000000,95.000000,124.000000,237.000000,False,MEDIUM,2.000000,True,Alpine,3499.691000,,4,11.000000,False,,False,False
2026,10,Belgian Grand Prix,R,3818.650000,GAS,10,gasly,alpine,,3.000000,1.000000,,,39.450000,74.579000,43.413000,3700.658000,3775.247000,3818.664000,233.000000,131.000000,197.000000,262.000000,False,MEDIUM,3.000000,True,Alpine,3661.019000,,4,11.000000,False,,False,False
2026,10,Belgian Grand Prix,R,3975.133000,GAS,10,gasly,alpine,,4.000000,1.000000,,,44.135000,66.936000,45.534000,3862.691000,3929.666000,3975.208000,262.000000,139.000000,224.000000,254.000000,False,MEDIUM,4.000000,True,Alpine,3818.650000,,41,11.000000,False,,False,False
2026,10,Belgian Grand Prix,R,4088.565000,GAS,10,gasly,alpine,113.432000,5.000000,1.000000,,,31.031000,52.572000,29.829000,4006.164000,4058.736000,4088.565000,332.000000,203.000000,216.000000,304.000000,True,MEDIUM,5.000000,True,Alpine,3975.133000,,1,11.000000,False,,False,True
2026,10,Belgian Grand Prix,R,4201.482000,GAS,10,gasly,alpine,112.917000,6.000000,1.000000,,,31.179000,51.976000,29.762000,4119.744000,4171.720000,4201.482000,305.000000,201.000000,219.000000,304.000000,True,MEDIUM,6.000000,True,Alpine,4088.565000,,1,11.000000,False,,False,True
2026,10,Belgian Grand Prix,R,4313.327000,GAS,10,gasly,alpine,111.845000,7.000000,1.000000,,,31.239000,50.849000,29.757000,4232.721000,4283.570000,4313.327000,324.000000,201.000000,220.000000,297.000000,True,MEDIUM,7.000000,True,Alpine,4201.482000,,1,10.000000,False,,False,True
2026,10,Belgian Grand Prix,R,4425.582000,GAS,10,gasly,alpine,112.255000,8.000000,1.000000,,,31.169000,51.353000,29.733000,4344.496000,4395.849000,4425.582000,320.000000,200.000000,217.000000,299.000000,False,MEDIUM,8.000000,True,Alpine,4313.327000,,12,10.000000,False,,False,True
2026,10,Belgian Grand Prix,R,4537.513000,GAS,10,gasly,alpine,111.931000,9.000000,1.000000,,,30.956000,51.170000,29.805000,4456.538000,4507.708000,4537.513000,327.000000,201.000000,218.000000,304.000000,False,MEDIUM,9.000000,True,Alpine,4425.582000,,1,10.000000,False,,False,True
2026,10,Belgian Grand Prix,R,4649.435000,GAS,10,gasly,alpine,111.922000,10.000000,1.000000,,,31.158000,50.937000,29.827000,4568.671000,4619.608000,4649.435000,324.000000,195.000000,217.000000,300.000000,False,MEDIUM,10.000000,True,Alpine,4537.513000,,1,10.000000,False,,False,True
2026,10,Belgian Grand Prix,R,4761.797000,GAS,10,gasly,alpine,112.362000,11.000000,1.000000,,,31.111000,51.450000,29.801000,4680.546000,4731.996000,4761.797000,331.000000,198.000000,220.000000,302.000000,False,MEDIUM,11.000000,True,Alpine,4649.435000,,1,10.000000,False,,False,True
2026,10,Belgian Grand Prix,R,4873.741000,GAS,10,gasly,alpine,111.944000,12.000000,1.000000,,,30.805000,51.332000,29.807000,4792.602000,4843.934000,4873.741000,325.000000,199.000000,218.000000,304.000000,False,MEDIUM,12.000000,True,Alpine,4761.797000,,1,9.000000,False,,False,True
2026,10,Belgian Grand Prix,R,4986.332000,GAS,10,gasly,alpine,112.591000,13.000000,1.000000,,,31.341000,51.373000,29.877000,4905.082000,4956.455000,4986.332000,322.000000,194.000000,218.000000,301.000000,False,MEDIUM,13.000000,True,Alpine,4873.741000,,1,9.000000,False,,False,True
2026,10,Belgian Grand Prix,R,5103.269000,GAS,10,gasly,alpine,116.937000,14.000000,1.000000,,5099.503000,31.275000,51.318000,34.344000,5017.607000,5068.925000,5103.269000,321.000000,197.000000,,300.000000,False,MEDIUM,14.000000,True,Alpine,4986.332000,,1,12.000000,False,,False,False
2026,10,Belgian Grand Prix,R,5230.931000,GAS,10,gasly,alpine,127.662000,15.000000,2.000000,5123.546000,,47.496000,50.490000,29.676000,5150.765000,5201.255000,5230.931000,322.000000,206.000000,220.000000,293.000000,False,HARD,1.000000,True,Alpine,5103.269000,,1,15.000000,False,,False,False
2026,10,Belgian Grand Prix,R,5342.512000,GAS,10,gasly,alpine,111.581000,16.000000,2.000000,,,31.269000,50.818000,29.494000,5262.200000,5313.018000,5342.512000,318.000000,204.000000,219.000000,295.000000,True,HARD,2.000000,True,Alpine,5230.931000,,1,14.000000,False,,False,True
2026,10,Belgian Grand Prix,R,5455.471000,GAS,10,gasly,alpine,112.959000,17.000000,2.000000,,,31.195000,52.240000,29.524000,5373.707000,5425.947000,5455.471000,320.000000,202.000000,218.000000,299.000000,False,HARD,3.000000,True,Alpine,5342.512000,,1,14.000000,False,,False,True
2026,10,Belgian Grand Prix,R,5579.353000,GAS,10,gasly,alpine,123.882000,18.000000,2.000000,,,40.247000,53.974000,29.661000,5495.718000,5549.692000,5579.353000,192.000000,201.000000,219.000000,303.000000,False,HARD,4.000000,True,Alpine,5455.471000,,167,14.000000,False,,False,False
2026,10,Belgian Grand Prix,R,5691.523000,GAS,10,gasly,alpine,112.170000,19.000000,2.000000,,,31.326000,51.203000,29.641000,5610.679000,5661.882000,5691.523000,324.000000,199.000000,218.000000,303.000000,False,HARD,5.000000,True,Alpine,5579.353000,,1,13.000000,False,,False,True
2026,10,Belgian Grand Prix,R,5830.054000,GAS,10,gasly,alpine,138.531000,20.000000,2.000000,,,31.084000,67.531000,39.916000,5722.607000,5790.138000,5830.054000,327.000000,117.000000,168.000000,304.000000,False,HARD,6.000000,True,Alpine,5691.523000,,167,13.000000,False,,False,False
2026,10,Belgian Grand Prix,R,5943.470000,GAS,10,gasly,alpine,113.416000,21.000000,2.000000,,,32.289000,51.573000,29.554000,5862.343000,5913.916000,5943.470000,311.000000,198.000000,221.000000,284.000000,False,HARD,7.000000,True,Alpine,5830.054000,,71,12.000000,False,,False,False
2026,10,Belgian Grand Prix,R,6055.582000,GAS,10,gasly,alpine,112.112000,22.000000,2.000000,,,30.921000,51.440000,29.751000,5974.391000,6025.831000,6055.582000,326.000000,201.000000,221.000000,303.000000,False,HARD,8.000000,True,Alpine,5943.470000,,1,12.000000,False,,False,True
2026,10,Belgian Grand Prix,R,6167.433000,GAS,10,gasly,alpine,111.851000,23.000000,2.000000,,,31.407000,50.881000,29.563000,6086.989000,6137.870000,6167.433000,320.000000,201.000000,221.000000,301.000000,False,HARD,9.000000,True,Alpine,6055.582000,,1,12.000000,False,,False,True
2026,10,Belgian Grand Prix,R,6278.829000,GAS,10,gasly,alpine,111.396000,24.000000,2.000000,,,30.667000,51.029000,29.700000,6198.100000,6249.129000,6278.829000,333.000000,199.000000,219.000000,303.000000,True,HARD,10.000000,True,Alpine,6167.433000,,1,12.000000,False,,False,True
2026,10,Belgian Grand Prix,R,6391.810000,GAS,10,gasly,alpine,112.981000,25.000000,2.000000,,,31.338000,51.585000,30.058000,6310.167000,6361.752000,6391.810000,324.000000,196.000000,222.000000,302.000000,False,HARD,11.000000,True,Alpine,6278.829000,,1,12.000000,False,,False,True
2026,10,Belgian Grand Prix,R,6503.680000,GAS,10,gasly,alpine,111.870000,26.000000,2.000000,,,31.194000,50.888000,29.788000,6423.004000,6473.892000,6503.680000,315.000000,199.000000,222.000000,301.000000,False,HARD,12.000000,True,Alpine,6391.810000,,1,11.000000,False,,False,True
2026,10,Belgian Grand Prix,R,6615.844000,GAS,10,gasly,alpine,112.164000,27.000000,2.000000,,,31.206000,51.243000,29.715000,6534.886000,6586.129000,6615.844000,294.000000,203.000000,219.000000,303.000000,False,HARD,13.000000,True,Alpine,6503.680000,,1,11.000000,False,,False,True
2026,10,Belgian Grand Prix,R,6727.886000,GAS,10,gasly,alpine,112.042000,28.000000,2.000000,,,31.200000,51.162000,29.680000,6647.044000,6698.206000,6727.886000,318.000000,200.000000,220.000000,300.000000,False,HARD,14.000000,True,Alpine,6615.844000,,1,11.000000,False,,False,True
2026,10,Belgian Grand Prix,R,6840.548000,GAS,10,gasly,alpine,112.662000,29.000000,2.000000,,,31.113000,51.499000,30.050000,6758.999000,6810.498000,6840.548000,320.000000,199.000000,223.000000,304.000000,False,HARD,15.000000,True,Alpine,6727.886000,,1,11.000000,False,,False,True
2026,10,Belgian Grand Prix,R,6954.722000,GAS,10,gasly,alpine,114.174000,30.000000,2.000000,,,31.646000,52.998000,29.530000,6872.194000,6925.192000,6954.722000,307.000000,201.000000,220.000000,294.000000,False,HARD,16.000000,True,Alpine,6840.548000,,1,12.000000,False,,False,True
2026,10,Belgian Grand Prix,R,7066.541000,GAS,10,gasly,alpine,111.819000,31.000000,2.000000,,,30.882000,51.402000,29.535000,6985.604000,7037.006000,7066.541000,329.000000,202.000000,219.000000,307.000000,False,HARD,17.000000,True,Alpine,6954.722000,,1,12.000000,False,,False,True
2026,10,Belgian Grand Prix,R,7178.262000,GAS,10,gasly,alpine,111.721000,32.000000,2.000000,,,30.861000,51.194000,29.666000,7097.402000,7148.596000,7178.262000,324.000000,202.000000,219.000000,307.000000,False,HARD,18.000000,True,Alpine,7066.541000,,1,12.000000,False,,False,True
2026,10,Belgian Grand Prix,R,7289.914000,GAS,10,gasly,alpine,111.652000,33.000000,2.000000,,,30.931000,50.947000,29.774000,7209.193000,7260.140000,7289.914000,328.000000,199.000000,222.000000,309.000000,False,HARD,19.000000,True,Alpine,7178.262000,,1,11.000000,False,,False,True
2026,10,Belgian Grand Prix,R,7401.671000,GAS,10,gasly,alpine,111.757000,34.000000,2.000000,,,31.249000,50.697000,29.811000,7321.163000,7371.860000,7401.671000,313.000000,201.000000,219.000000,300.000000,False,HARD,20.000000,True,Alpine,7289.914000,,1,11.000000,False,,False,True
2026,10,Belgian Grand Prix,R,7513.511000,GAS,10,gasly,alpine,111.840000,35.000000,2.000000,,,31.218000,50.869000,29.753000,7432.889000,7483.758000,7513.511000,315.000000,202.000000,222.000000,303.000000,False,HARD,21.000000,True,Alpine,7401.671000,,1,11.000000,False,,False,True
2026,10,Belgian Grand Prix,R,7624.988000,GAS,10,gasly,alpine,111.477000,36.000000,2.000000,,,31.271000,50.619000,29.587000,7544.782000,7595.401000,7624.988000,315.000000,198.000000,222.000000,299.000000,False,HARD,22.000000,True,Alpine,7513.511000,,1,11.000000,False,,False,True
2026,10,Belgian Grand Prix,R,7736.690000,GAS,10,gasly,alpine,111.702000,37.000000,2.000000,,,31.287000,50.692000,29.723000,7656.275000,7706.967000,7736.690000,316.000000,200.000000,221.000000,299.000000,False,HARD,23.000000,True,Alpine,7624.988000,,1,11.000000,False,,False,True
2026,10,Belgian Grand Prix,R,7848.136000,GAS,10,gasly,alpine,111.446000,38.000000,2.000000,,,31.156000,50.744000,29.546000,7767.846000,7818.590000,7848.136000,317.000000,202.000000,221.000000,300.000000,False,HARD,24.000000,True,Alpine,7736.690000,,1,11.000000,False,,False,True
2026,10,Belgian Grand Prix,R,7959.237000,GAS,10,gasly,alpine,111.101000,39.000000,2.000000,,,31.029000,50.577000,29.495000,7879.165000,7929.742000,7959.237000,318.000000,204.000000,222.000000,302.000000,True,HARD,25.000000,True,Alpine,7848.136000,,1,11.000000,False,,False,True
2026,10,Belgian Grand Prix,R,8070.542000,GAS,10,gasly,alpine,111.305000,40.000000,2.000000,,,30.751000,51.126000,29.428000,7989.988000,8041.114000,8070.542000,325.000000,203.000000,223.000000,306.000000,False,HARD,26.000000,True,Alpine,7959.237000,,1,11.000000,False,,False,True
2026,10,Belgian Grand Prix,R,8181.907000,GAS,10,gasly,alpine,111.365000,41.000000,2.000000,,,30.874000,51.003000,29.488000,8101.416000,8152.419000,8181.907000,323.000000,200.000000,223.000000,306.000000,False,HARD,27.000000,True,Alpine,8070.542000,,1,11.000000,False,,False,True
2026,10,Belgian Grand Prix,R,8293.356000,GAS,10,gasly,alpine,111.449000,42.000000,2.000000,,,31.049000,50.907000,29.493000,8212.956000,8263.863000,8293.356000,322.000000,201.000000,223.000000,302.000000,False,HARD,28.000000,True,Alpine,8181.907000,,1,11.000000,False,,False,True
2026,10,Belgian Grand Prix,R,8404.639000,GAS,10,gasly,alpine,111.283000,43.000000,2.000000,,,31.093000,50.520000,29.670000,8324.449000,8374.969000,8404.639000,320.000000,202.000000,221.000000,302.000000,False,HARD,29.000000,True,Alpine,8293.356000,,1,11.000000,False,,False,True
2026,10,Belgian Grand Prix,R,8515.769000,GAS,10,gasly,alpine,111.130000,44.000000,2.000000,,,30.869000,50.977000,29.284000,8435.508000,8486.485000,8515.769000,322.000000,202.000000,217.000000,305.000000,False,HARD,30.000000,True,Alpine,8404.639000,,1,11.000000,False,,False,True
2026,10,Belgian Grand Prix,R,3489.151000,LAW,30,lawson,rb,132.922000,1.000000,1.000000,,,,53.516000,44.556000,,3444.725000,3489.303000,328.000000,203.000000,182.000000,302.000000,False,MEDIUM,1.000000,True,Racing Bulls,3355.977000,,124,6.000000,False,,False,False
2026,10,Belgian Grand Prix,R,3653.261000,LAW,30,lawson,rb,,2.000000,1.000000,,,42.670000,76.101000,45.336000,3531.991000,3608.055000,3653.564000,167.000000,66.000000,158.000000,273.000000,False,MEDIUM,2.000000,True,Racing Bulls,3489.151000,,4,6.000000,False,,False,False
2026,10,Belgian Grand Prix,R,3812.840000,LAW,30,lawson,rb,,3.000000,1.000000,,,42.112000,72.757000,44.776000,3695.437000,3768.256000,3813.157000,182.000000,127.000000,144.000000,293.000000,False,MEDIUM,3.000000,True,Racing Bulls,3653.261000,,4,6.000000,False,,False,False
2026,10,Belgian Grand Prix,R,3972.998000,LAW,30,lawson,rb,,4.000000,1.000000,,,42.185000,70.189000,47.816000,3855.221000,3925.322000,3973.295000,269.000000,107.000000,213.000000,236.000000,False,MEDIUM,4.000000,True,Racing Bulls,3812.840000,,41,6.000000,False,,False,False
2026,10,Belgian Grand Prix,R,4085.417000,LAW,30,lawson,rb,112.419000,5.000000,1.000000,,,31.401000,51.274000,29.744000,4004.529000,4055.803000,4085.547000,327.000000,206.000000,210.000000,300.000000,True,MEDIUM,5.000000,True,Racing Bulls,3972.998000,,1,6.000000,False,,False,True
2026,10,Belgian Grand Prix,R,4197.442000,LAW,30,lawson,rb,112.025000,6.000000,1.000000,,,31.295000,50.925000,29.805000,4116.842000,4167.767000,4197.572000,318.000000,206.000000,210.000000,300.000000,True,MEDIUM,6.000000,True,Racing Bulls,4085.417000,,1,6.000000,False,,False,True
2026,10,Belgian Grand Prix,R,4309.394000,LAW,30,lawson,rb,111.952000,7.000000,1.000000,,,31.421000,50.579000,29.952000,4228.993000,4279.572000,4309.524000,315.000000,204.000000,209.000000,299.000000,True,MEDIUM,7.000000,True,Racing Bulls,4197.442000,,1,6.000000,False,,False,True
2026,10,Belgian Grand Prix,R,4422.504000,LAW,30,lawson,rb,113.110000,8.000000,1.000000,,,31.652000,51.702000,29.756000,4341.176000,4392.878000,4422.634000,309.000000,204.000000,209.000000,297.000000,False,MEDIUM,8.000000,True,Racing Bulls,4309.394000,,12,7.000000,False,,False,True
2026,10,Belgian Grand Prix,R,4535.240000,LAW,30,lawson,rb,112.736000,9.000000,1.000000,,,31.385000,51.128000,30.223000,4454.019000,4505.147000,4535.370000,320.000000,204.000000,211.000000,300.000000,False,MEDIUM,9.000000,True,Racing Bulls,4422.504000,,1,8.000000,False,,False,True
2026,10,Belgian Grand Prix,R,4647.913000,LAW,30,lawson,rb,112.673000,10.000000,1.000000,,,31.517000,51.373000,29.783000,4566.887000,4618.260000,4648.043000,303.000000,204.000000,209.000000,304.000000,False,MEDIUM,10.000000,True,Racing Bulls,4535.240000,,1,8.000000,False,,False,True
2026,10,Belgian Grand Prix,R,4760.354000,LAW,30,lawson,rb,112.441000,11.000000,1.000000,,,31.450000,51.109000,29.882000,4679.493000,4730.602000,4760.484000,314.000000,200.000000,209.000000,306.000000,False,MEDIUM,11.000000,True,Racing Bulls,4647.913000,,1,8.000000,False,,False,True
2026,10,Belgian Grand Prix,R,4872.789000,LAW,30,lawson,rb,112.435000,12.000000,1.000000,,,31.471000,51.277000,29.687000,4791.955000,4843.232000,4872.919000,315.000000,199.000000,208.000000,306.000000,False,MEDIUM,12.000000,True,Racing Bulls,4760.354000,,1,8.000000,False,,False,True
2026,10,Belgian Grand Prix,R,4985.218000,LAW,30,lawson,rb,112.429000,13.000000,1.000000,,,31.370000,51.143000,29.916000,4904.289000,4955.432000,4985.348000,316.000000,199.000000,211.000000,314.000000,False,MEDIUM,13.000000,True,Racing Bulls,4872.789000,,1,8.000000,False,,False,True
2026,10,Belgian Grand Prix,R,5097.702000,LAW,30,lawson,rb,112.484000,14.000000,1.000000,,,31.391000,51.137000,29.956000,5016.739000,5067.876000,5097.832000,315.000000,202.000000,209.000000,305.000000,False,MEDIUM,14.000000,True,Racing Bulls,4985.218000,,1,8.000000,False,,False,True
2026,10,Belgian Grand Prix,R,5214.283000,LAW,30,lawson,rb,116.581000,15.000000,1.000000,,5210.505000,31.623000,51.010000,33.948000,5129.455000,5180.465000,5214.413000,311.000000,200.000000,,306.000000,False,MEDIUM,15.000000,True,Racing Bulls,5097.702000,,1,9.000000,False,,False,False
2026,10,Belgian Grand Prix,R,5341.273000,LAW,30,lawson,rb,126.990000,16.000000,2.000000,5234.359000,,47.078000,50.363000,29.549000,5261.491000,5311.854000,5341.403000,302.000000,206.000000,213.000000,297.000000,False,HARD,1.000000,True,Racing Bulls,5214.283000,,1,13.000000,False,,False,False
2026,10,Belgian Grand Prix,R,5454.663000,LAW,30,lawson,rb,113.390000,17.000000,2.000000,,,31.938000,51.957000,29.495000,5373.341000,5425.298000,5454.793000,313.000000,206.000000,210.000000,293.000000,False,HARD,2.000000,True,Racing Bulls,5341.273000,,1,13.000000,True,TRACK LIMITS AT TURN 6 LAP 17 ,False,True
2026,10,Belgian Grand Prix,R,5578.773000,LAW,30,lawson,rb,124.110000,18.000000,2.000000,,,38.986000,54.991000,30.133000,5493.779000,5548.770000,5578.903000,224.000000,205.000000,209.000000,311.000000,False,HARD,3.000000,True,Racing Bulls,5454.663000,,167,13.000000,False,,False,False
2026,10,Belgian Grand Prix,R,5690.712000,LAW,30,lawson,rb,111.939000,19.000000,2.000000,,,31.633000,50.528000,29.778000,5610.536000,5661.064000,5690.842000,312.000000,207.000000,214.000000,305.000000,True,HARD,4.000000,True,Racing Bulls,5578.773000,,1,12.000000,False,,False,True
2026,10,Belgian Grand Prix,R,5829.742000,LAW,30,lawson,rb,139.030000,20.000000,2.000000,,,31.686000,66.888000,40.456000,5722.528000,5789.416000,5829.872000,307.000000,118.000000,150.000000,302.000000,False,HARD,5.000000,True,Racing Bulls,5690.712000,,167,12.000000,False,,False,False
2026,10,Belgian Grand Prix,R,5942.388000,LAW,30,lawson,rb,112.646000,21.000000,2.000000,,,32.086000,50.700000,29.860000,5861.958000,5912.658000,5942.518000,308.000000,193.000000,211.000000,310.000000,False,HARD,6.000000,True,Racing Bulls,5829.742000,,71,10.000000,False,,False,False
2026,10,Belgian Grand Prix,R,6053.967000,LAW,30,lawson,rb,111.579000,22.000000,2.000000,,,31.630000,50.190000,29.759000,5974.148000,6024.338000,6054.097000,306.000000,207.000000,214.000000,302.000000,True,HARD,7.000000,True,Racing Bulls,5942.388000,,1,10.000000,False,,False,True
2026,10,Belgian Grand Prix,R,6165.597000,LAW,30,lawson,rb,111.630000,23.000000,2.000000,,,31.364000,50.275000,29.991000,6085.461000,6135.736000,6165.727000,307.000000,207.000000,208.000000,310.000000,False,HARD,8.000000,True,Racing Bulls,6053.967000,,1,10.000000,False,,False,True
2026,10,Belgian Grand Prix,R,6277.583000,LAW,30,lawson,rb,111.986000,24.000000,2.000000,,,31.601000,50.325000,30.060000,6197.328000,6247.653000,6277.713000,299.000000,207.000000,216.000000,310.000000,False,HARD,9.000000,True,Racing Bulls,6165.597000,,1,10.000000,False,,False,True
2026,10,Belgian Grand Prix,R,6390.541000,LAW,30,lawson,rb,112.958000,25.000000,2.000000,,,31.841000,51.038000,30.079000,6309.554000,6360.592000,6390.671000,302.000000,204.000000,211.000000,300.000000,False,HARD,10.000000,True,Racing Bulls,6277.583000,,1,10.000000,False,,False,True
2026,10,Belgian Grand Prix,R,6502.731000,LAW,30,lawson,rb,112.190000,26.000000,2.000000,,,31.769000,50.524000,29.897000,6422.440000,6472.964000,6502.861000,304.000000,205.000000,211.000000,303.000000,False,HARD,11.000000,True,Racing Bulls,6390.541000,,1,10.000000,False,,False,True
2026,10,Belgian Grand Prix,R,6614.841000,LAW,30,lawson,rb,112.110000,27.000000,2.000000,,,31.680000,50.616000,29.814000,6534.541000,6585.157000,6614.971000,303.000000,207.000000,212.000000,303.000000,False,HARD,12.000000,True,Racing Bulls,6502.731000,,1,10.000000,False,,False,True
2026,10,Belgian Grand Prix,R,6726.961000,LAW,30,lawson,rb,112.120000,28.000000,2.000000,,,31.762000,50.473000,29.885000,6646.733000,6697.206000,6727.091000,303.000000,205.000000,215.000000,301.000000,False,HARD,13.000000,True,Racing Bulls,6614.841000,,1,10.000000,False,,False,True
2026,10,Belgian Grand Prix,R,6839.903000,LAW,30,lawson,rb,112.942000,29.000000,2.000000,,,31.742000,50.891000,30.309000,6758.833000,6809.724000,6840.033000,303.000000,206.000000,212.000000,303.000000,False,HARD,14.000000,True,Racing Bulls,6726.961000,,1,10.000000,False,,False,True
2026,10,Belgian Grand Prix,R,6954.012000,LAW,30,lawson,rb,114.109000,30.000000,2.000000,,,32.188000,52.221000,29.700000,6872.221000,6924.442000,6954.142000,305.000000,207.000000,211.000000,306.000000,False,HARD,15.000000,True,Racing Bulls,6839.903000,,1,11.000000,False,,False,True
2026,10,Belgian Grand Prix,R,7065.737000,LAW,30,lawson,rb,111.725000,31.000000,2.000000,,,31.235000,50.794000,29.696000,6985.377000,7036.171000,7065.867000,315.000000,207.000000,215.000000,312.000000,False,HARD,16.000000,True,Racing Bulls,6954.012000,,1,11.000000,False,,False,True
2026,10,Belgian Grand Prix,R,7177.602000,LAW,30,lawson,rb,111.865000,32.000000,2.000000,,,31.297000,50.713000,29.855000,7097.164000,7147.877000,7177.732000,312.000000,205.000000,212.000000,307.000000,False,HARD,17.000000,True,Racing Bulls,7065.737000,,1,11.000000,False,,False,True
2026,10,Belgian Grand Prix,R,7290.365000,LAW,30,lawson,rb,112.763000,33.000000,2.000000,,,31.438000,51.638000,29.687000,7209.170000,7260.808000,7290.495000,310.000000,201.000000,213.000000,314.000000,False,HARD,18.000000,True,Racing Bulls,7177.602000,,1,12.000000,False,,False,True
2026,10,Belgian Grand Prix,R,7402.152000,LAW,30,lawson,rb,111.787000,34.000000,2.000000,,,30.913000,51.093000,29.781000,7321.408000,7372.501000,7402.282000,310.000000,201.000000,210.000000,318.000000,False,HARD,19.000000,True,Racing Bulls,7290.365000,,1,12.000000,False,,False,True
2026,10,Belgian Grand Prix,R,7513.995000,LAW,30,lawson,rb,111.843000,35.000000,2.000000,,,30.974000,51.157000,29.712000,7433.256000,7484.413000,7514.125000,316.000000,203.000000,211.000000,320.000000,False,HARD,20.000000,True,Racing Bulls,7402.152000,,1,12.000000,False,,False,True
2026,10,Belgian Grand Prix,R,7625.564000,LAW,30,lawson,rb,111.569000,36.000000,2.000000,,,31.189000,50.863000,29.517000,7545.314000,7596.177000,7625.694000,313.000000,203.000000,212.000000,316.000000,True,HARD,21.000000,True,Racing Bulls,7513.995000,,1,12.000000,False,,False,True
2026,10,Belgian Grand Prix,R,7737.154000,LAW,30,lawson,rb,111.590000,37.000000,2.000000,,,30.992000,51.003000,29.595000,7656.686000,7707.689000,7737.284000,316.000000,200.000000,215.000000,319.000000,False,HARD,22.000000,True,Racing Bulls,7625.564000,,1,12.000000,False,,False,True
2026,10,Belgian Grand Prix,R,7848.656000,LAW,30,lawson,rb,111.502000,38.000000,2.000000,,,31.288000,50.808000,29.406000,7768.572000,7819.380000,7848.786000,313.000000,205.000000,215.000000,307.000000,True,HARD,23.000000,True,Racing Bulls,7737.154000,,1,12.000000,False,,False,True
2026,10,Belgian Grand Prix,R,7959.908000,LAW,30,lawson,rb,111.252000,39.000000,2.000000,,,30.998000,50.844000,29.410000,7879.784000,7930.628000,7960.038000,313.000000,204.000000,211.000000,313.000000,True,HARD,24.000000,True,Racing Bulls,7848.656000,,1,12.000000,False,,False,True
2026,10,Belgian Grand Prix,R,8071.094000,LAW,30,lawson,rb,111.186000,40.000000,2.000000,,,31.120000,50.622000,29.444000,7991.158000,8041.780000,8071.224000,312.000000,204.000000,213.000000,320.000000,True,HARD,25.000000,True,Racing Bulls,7959.908000,,1,12.000000,False,,False,True
2026,10,Belgian Grand Prix,R,8182.271000,LAW,30,lawson,rb,111.177000,41.000000,2.000000,,,30.909000,50.912000,29.356000,8102.133000,8153.045000,8182.401000,313.000000,201.000000,210.000000,323.000000,True,HARD,26.000000,True,Racing Bulls,8071.094000,,1,12.000000,False,,False,True
2026,10,Belgian Grand Prix,R,8293.871000,LAW,30,lawson,rb,111.600000,42.000000,2.000000,,,30.934000,51.224000,29.442000,8213.335000,8264.559000,8294.001000,318.000000,203.000000,214.000000,322.000000,False,HARD,27.000000,True,Racing Bulls,8182.271000,,1,12.000000,False,,False,True
2026,10,Belgian Grand Prix,R,8405.061000,LAW,30,lawson,rb,111.190000,43.000000,2.000000,,,30.852000,50.853000,29.485000,8324.853000,8375.706000,8405.191000,322.000000,201.000000,217.000000,306.000000,False,HARD,28.000000,True,Racing Bulls,8293.871000,,1,12.000000,False,,False,True
2026,10,Belgian Grand Prix,R,8516.136000,LAW,30,lawson,rb,111.075000,44.000000,2.000000,,,30.814000,51.143000,29.118000,8436.005000,8487.148000,8516.266000,314.000000,200.000000,210.000000,304.000000,True,HARD,29.000000,True,Racing Bulls,8405.061000,,1,12.000000,False,,False,True
2026,10,Belgian Grand Prix,R,3502.055000,HUL,27,hulkenberg,audi,145.817000,1.000000,1.000000,,,,55.944000,53.926000,,3448.201000,3502.161000,311.000000,194.000000,201.000000,284.000000,False,MEDIUM,1.000000,True,Audi,3355.977000,,124,13.000000,False,,False,False
2026,10,Belgian Grand Prix,R,3663.845000,HUL,27,hulkenberg,audi,,2.000000,1.000000,,,40.788000,73.569000,47.439000,3543.016000,3616.478000,3664.037000,213.000000,87.000000,142.000000,232.000000,False,MEDIUM,2.000000,True,Audi,3502.055000,,4,13.000000,False,,False,False
2026,10,Belgian Grand Prix,R,3821.319000,HUL,27,hulkenberg,audi,,3.000000,1.000000,,,40.033000,73.850000,43.547000,3704.063000,3777.844000,3821.464000,250.000000,165.000000,166.000000,268.000000,False,MEDIUM,3.000000,True,Audi,3663.845000,,4,13.000000,False,,False,False
2026,10,Belgian Grand Prix,R,3976.212000,HUL,27,hulkenberg,audi,,4.000000,1.000000,,,44.077000,66.656000,44.229000,3865.470000,3932.186000,3976.377000,249.000000,161.000000,213.000000,265.000000,False,MEDIUM,4.000000,True,Audi,3821.319000,,41,13.000000,False,,False,False
2026,10,Belgian Grand Prix,R,4089.877000,HUL,27,hulkenberg,audi,113.665000,5.000000,1.000000,,,31.116000,52.365000,30.184000,4007.400000,4059.765000,4089.949000,336.000000,198.000000,209.000000,300.000000,True,MEDIUM,5.000000,True,Audi,3976.212000,,1,13.000000,False,,False,True
2026,10,Belgian Grand Prix,R,4203.160000,HUL,27,hulkenberg,audi,113.283000,6.000000,1.000000,,,31.402000,51.771000,30.110000,4121.351000,4173.122000,4203.232000,322.000000,198.000000,208.000000,303.000000,True,MEDIUM,6.000000,True,Audi,4089.877000,,1,13.000000,False,,False,True
2026,10,Belgian Grand Prix,R,4315.657000,HUL,27,hulkenberg,audi,112.497000,7.000000,1.000000,,,31.560000,51.002000,29.935000,4234.792000,4285.794000,4315.729000,318.000000,197.000000,209.000000,303.000000,True,MEDIUM,7.000000,True,Audi,4203.160000,,1,13.000000,False,,False,True
2026,10,Belgian Grand Prix,R,4428.516000,HUL,27,hulkenberg,audi,112.859000,8.000000,1.000000,,,31.585000,51.190000,30.084000,4347.314000,4398.504000,4428.588000,327.000000,198.000000,207.000000,296.000000,False,MEDIUM,8.000000,True,Audi,4315.657000,,12,13.000000,False,,False,True
2026,10,Belgian Grand Prix,R,4541.279000,HUL,27,hulkenberg,audi,112.763000,9.000000,1.000000,,,32.068000,50.699000,29.996000,4460.656000,4511.355000,4541.351000,309.000000,197.000000,209.000000,295.000000,False,MEDIUM,9.000000,True,Audi,4428.516000,,1,13.000000,False,,False,True
2026,10,Belgian Grand Prix,R,4654.054000,HUL,27,hulkenberg,audi,112.775000,10.000000,1.000000,,,31.504000,50.938000,30.333000,4572.855000,4623.793000,4654.126000,322.000000,197.000000,208.000000,304.000000,False,MEDIUM,10.000000,True,Audi,4541.279000,,1,13.000000,False,,False,True
2026,10,Belgian Grand Prix,R,4766.960000,HUL,27,hulkenberg,audi,112.906000,11.000000,1.000000,,,31.277000,51.371000,30.258000,4685.403000,4736.774000,4767.032000,318.000000,196.000000,212.000000,306.000000,False,MEDIUM,11.000000,True,Audi,4654.054000,,1,13.000000,False,,False,True
2026,10,Belgian Grand Prix,R,4878.732000,HUL,27,hulkenberg,audi,111.772000,12.000000,1.000000,,,31.204000,50.637000,29.931000,4798.236000,4848.873000,4878.804000,335.000000,200.000000,210.000000,299.000000,True,MEDIUM,12.000000,True,Audi,4766.960000,,1,12.000000,False,,False,True
2026,10,Belgian Grand Prix,R,4991.744000,HUL,27,hulkenberg,audi,113.012000,13.000000,1.000000,,,31.859000,51.194000,29.959000,4910.663000,4961.857000,4991.816000,303.000000,196.000000,207.000000,303.000000,False,MEDIUM,13.000000,True,Audi,4878.732000,,1,13.000000,False,,False,True
2026,10,Belgian Grand Prix,R,5104.211000,HUL,27,hulkenberg,audi,112.467000,14.000000,1.000000,,,31.867000,50.607000,29.993000,5023.683000,5074.290000,5104.283000,310.000000,197.000000,208.000000,300.000000,False,MEDIUM,14.000000,True,Audi,4991.744000,,1,13.000000,False,,False,True
2026,10,Belgian Grand Prix,R,5216.641000,HUL,27,hulkenberg,audi,112.430000,15.000000,1.000000,,,31.805000,50.544000,30.081000,5136.088000,5186.632000,5216.713000,308.000000,199.000000,209.000000,302.000000,False,MEDIUM,15.000000,True,Audi,5104.211000,,1,11.000000,False,,False,True
2026,10,Belgian Grand Prix,R,5329.108000,HUL,27,hulkenberg,audi,112.467000,16.000000,1.000000,,,31.836000,50.625000,30.006000,5248.549000,5299.174000,5329.180000,309.000000,195.000000,209.000000,301.000000,False,MEDIUM,16.000000,True,Audi,5216.641000,,1,10.000000,False,,False,True
2026,10,Belgian Grand Prix,R,5441.164000,HUL,27,hulkenberg,audi,112.056000,17.000000,1.000000,,,31.886000,50.183000,29.987000,5361.066000,5411.249000,5441.236000,309.000000,201.000000,209.000000,300.000000,False,MEDIUM,17.000000,True,Audi,5329.108000,,1,9.000000,False,,False,True
2026,10,Belgian Grand Prix,R,5564.844000,HUL,27,hulkenberg,audi,123.680000,18.000000,1.000000,,,31.910000,61.782000,29.988000,5473.146000,5534.928000,5564.916000,307.000000,198.000000,210.000000,300.000000,False,MEDIUM,18.000000,True,Audi,5441.164000,,167,9.000000,False,,False,False
2026,10,Belgian Grand Prix,R,5676.754000,HUL,27,hulkenberg,audi,111.910000,19.000000,1.000000,,,31.753000,50.134000,30.023000,5596.669000,5646.803000,5676.826000,308.000000,199.000000,210.000000,302.000000,False,MEDIUM,19.000000,True,Audi,5564.844000,,1,9.000000,False,,False,True
2026,10,Belgian Grand Prix,R,5813.997000,HUL,27,hulkenberg,audi,137.243000,20.000000,1.000000,,5810.238000,31.751000,62.164000,43.328000,5708.577000,5770.741000,5814.069000,309.000000,130.000000,,301.000000,False,MEDIUM,20.000000,True,Audi,5676.754000,,16,9.000000,False,,False,False
2026,10,Belgian Grand Prix,R,5942.883000,HUL,27,hulkenberg,audi,128.886000,21.000000,2.000000,5836.351000,,48.148000,50.795000,29.943000,5862.217000,5913.012000,5942.955000,333.000000,202.000000,214.000000,300.000000,False,HARD,1.000000,True,Audi,5813.997000,,671,11.000000,False,,False,False
2026,10,Belgian Grand Prix,R,6055.056000,HUL,27,hulkenberg,audi,112.173000,22.000000,2.000000,,,31.286000,50.704000,30.183000,5974.241000,6024.945000,6055.128000,327.000000,204.000000,213.000000,301.000000,False,HARD,2.000000,True,Audi,5942.883000,,1,11.000000,False,,False,True
2026,10,Belgian Grand Prix,R,6166.275000,HUL,27,hulkenberg,audi,111.219000,23.000000,2.000000,,,31.650000,49.842000,29.727000,6086.778000,6136.620000,6166.347000,326.000000,200.000000,213.000000,293.000000,True,HARD,3.000000,True,Audi,6055.056000,,1,11.000000,False,,False,True
2026,10,Belgian Grand Prix,R,6278.150000,HUL,27,hulkenberg,audi,111.875000,24.000000,2.000000,,,31.444000,50.449000,29.982000,6197.791000,6248.240000,6278.222000,327.000000,200.000000,214.000000,294.000000,False,HARD,4.000000,True,Audi,6166.275000,,1,11.000000,False,,False,True
2026,10,Belgian Grand Prix,R,6391.441000,HUL,27,hulkenberg,audi,113.291000,25.000000,2.000000,,,31.611000,51.226000,30.454000,6309.833000,6361.059000,6391.513000,332.000000,193.000000,211.000000,298.000000,False,HARD,5.000000,True,Audi,6278.150000,,1,11.000000,False,,False,True
2026,10,Belgian Grand Prix,R,6504.069000,HUL,27,hulkenberg,audi,112.628000,26.000000,2.000000,,,31.482000,51.277000,29.869000,6422.995000,6474.272000,6504.141000,322.000000,198.000000,212.000000,304.000000,False,HARD,6.000000,True,Audi,6391.441000,,1,12.000000,False,,False,True
2026,10,Belgian Grand Prix,R,6616.174000,HUL,27,hulkenberg,audi,112.105000,27.000000,2.000000,,,31.368000,51.041000,29.696000,6535.509000,6586.550000,6616.246000,317.000000,199.000000,212.000000,305.000000,False,HARD,7.000000,True,Audi,6504.069000,,1,12.000000,False,,False,True
2026,10,Belgian Grand Prix,R,6729.204000,HUL,27,hulkenberg,audi,113.030000,28.000000,2.000000,,,31.601000,51.755000,29.674000,6647.847000,6699.602000,6729.276000,314.000000,197.000000,210.000000,296.000000,False,HARD,8.000000,True,Audi,6616.174000,,1,13.000000,False,,False,True
2026,10,Belgian Grand Prix,R,6841.717000,HUL,27,hulkenberg,audi,112.513000,29.000000,2.000000,,,31.553000,50.879000,30.081000,6760.829000,6811.708000,6841.789000,317.000000,198.000000,213.000000,304.000000,False,HARD,9.000000,True,Audi,6729.204000,,1,13.000000,False,,False,True
2026,10,Belgian Grand Prix,R,6955.560000,HUL,27,hulkenberg,audi,113.843000,30.000000,2.000000,,,31.086000,52.760000,29.997000,6872.875000,6925.635000,6955.632000,325.000000,198.000000,212.000000,309.000000,False,HARD,10.000000,True,Audi,6841.717000,,1,13.000000,False,,False,True
2026,10,Belgian Grand Prix,R,7067.532000,HUL,27,hulkenberg,audi,111.972000,31.000000,2.000000,,,31.022000,50.938000,30.012000,6986.654000,7037.592000,7067.604000,322.000000,199.000000,212.000000,310.000000,False,HARD,11.000000,True,Audi,6955.560000,,1,13.000000,False,,False,True
2026,10,Belgian Grand Prix,R,7179.064000,HUL,27,hulkenberg,audi,111.532000,32.000000,2.000000,,,31.142000,50.387000,30.003000,7098.746000,7149.133000,7179.136000,318.000000,199.000000,213.000000,308.000000,False,HARD,12.000000,True,Audi,7067.532000,,1,13.000000,False,,False,True
2026,10,Belgian Grand Prix,R,7291.427000,HUL,27,hulkenberg,audi,112.363000,33.000000,2.000000,,,31.073000,51.196000,30.094000,7210.209000,7261.405000,7291.499000,320.000000,197.000000,211.000000,309.000000,False,HARD,13.000000,True,Audi,7179.064000,,1,13.000000,False,,False,True
2026,10,Belgian Grand Prix,R,7402.758000,HUL,27,hulkenberg,audi,111.331000,34.000000,2.000000,,,31.544000,50.186000,29.601000,7323.043000,7373.229000,7402.830000,315.000000,198.000000,211.000000,309.000000,False,HARD,14.000000,True,Audi,7291.427000,,1,13.000000,False,,False,True
2026,10,Belgian Grand Prix,R,7514.718000,HUL,27,hulkenberg,audi,111.960000,35.000000,2.000000,,,31.200000,50.940000,29.820000,7434.030000,7484.970000,7514.790000,321.000000,200.000000,213.000000,311.000000,False,HARD,15.000000,True,Audi,7402.758000,,1,13.000000,False,,False,True
2026,10,Belgian Grand Prix,R,7626.502000,HUL,27,hulkenberg,audi,111.784000,36.000000,2.000000,,,31.091000,50.846000,29.847000,7545.881000,7596.727000,7626.574000,319.000000,200.000000,211.000000,314.000000,False,HARD,16.000000,True,Audi,7514.718000,,1,13.000000,False,,False,True
2026,10,Belgian Grand Prix,R,7738.048000,HUL,27,hulkenberg,audi,111.546000,37.000000,2.000000,,,31.300000,50.699000,29.547000,7657.874000,7708.573000,7738.120000,322.000000,200.000000,211.000000,304.000000,False,HARD,17.000000,True,Audi,7626.502000,,1,13.000000,False,,False,True
2026,10,Belgian Grand Prix,R,7849.922000,HUL,27,hulkenberg,audi,111.874000,38.000000,2.000000,,,31.709000,50.522000,29.643000,7769.829000,7820.351000,7849.994000,311.000000,198.000000,210.000000,304.000000,False,HARD,18.000000,True,Audi,7738.048000,,1,13.000000,False,,False,True
2026,10,Belgian Grand Prix,R,7961.899000,HUL,27,hulkenberg,audi,111.977000,39.000000,2.000000,,,31.977000,50.075000,29.925000,7881.971000,7932.046000,7961.971000,305.000000,201.000000,214.000000,296.000000,False,HARD,19.000000,True,Audi,7849.922000,,1,13.000000,False,,False,True
2026,10,Belgian Grand Prix,R,8072.538000,HUL,27,hulkenberg,audi,110.639000,40.000000,2.000000,,,31.183000,49.607000,29.849000,7993.154000,8042.761000,8072.610000,310.000000,201.000000,213.000000,310.000000,True,HARD,20.000000,True,Audi,7961.899000,,1,13.000000,False,,False,True
2026,10,Belgian Grand Prix,R,8183.041000,HUL,27,hulkenberg,audi,110.503000,41.000000,2.000000,,,31.012000,50.079000,29.412000,8103.622000,8153.701000,8183.113000,312.000000,196.000000,212.000000,313.000000,True,HARD,21.000000,True,Audi,8072.538000,,1,13.000000,False,,False,True
2026,10,Belgian Grand Prix,R,8294.543000,HUL,27,hulkenberg,audi,111.502000,42.000000,2.000000,,,30.960000,50.999000,29.543000,8214.073000,8265.072000,8294.615000,324.000000,196.000000,212.000000,314.000000,False,HARD,22.000000,True,Audi,8183.041000,,1,13.000000,False,,False,True
2026,10,Belgian Grand Prix,R,8405.865000,HUL,27,hulkenberg,audi,111.322000,43.000000,2.000000,,,31.495000,50.328000,29.499000,8326.110000,8376.438000,8405.937000,314.000000,199.000000,212.000000,304.000000,False,HARD,23.000000,True,Audi,8294.543000,,1,13.000000,False,,False,True
2026,10,Belgian Grand Prix,R,8517.034000,HUL,27,hulkenberg,audi,111.169000,44.000000,2.000000,,,31.331000,50.569000,29.269000,8437.268000,8487.837000,8517.106000,313.000000,200.000000,213.000000,305.000000,False,HARD,24.000000,True,Audi,8405.865000,,1,13.000000,False,,False,True
2026,10,Belgian Grand Prix,R,3509.872000,BEA,87,bearman,haas,153.664000,1.000000,1.000000,,3506.173000,,57.067000,60.936000,,3449.122000,3510.119000,323.000000,166.000000,,282.000000,False,MEDIUM,1.000000,True,Haas F1 Team,3355.977000,,124,15.000000,False,,False,False
2026,10,Belgian Grand Prix,R,3670.179000,BEA,87,bearman,haas,,2.000000,2.000000,3532.692000,,52.323000,60.584000,47.484000,3562.363000,3622.881000,3670.486000,244.000000,123.000000,98.000000,264.000000,False,HARD,1.000000,True,Haas F1 Team,3509.872000,,4,17.000000,False,,False,False
2026,10,Belgian Grand Prix,R,3826.643000,BEA,87,bearman,haas,,3.000000,2.000000,,,39.798000,71.374000,45.246000,3710.209000,3781.627000,3826.946000,247.000000,137.000000,195.000000,266.000000,False,HARD,2.000000,True,Haas F1 Team,3670.179000,,4,17.000000,False,,False,False
2026,10,Belgian Grand Prix,R,3978.678000,BEA,87,bearman,haas,,4.000000,2.000000,,,44.636000,65.663000,41.837000,3871.410000,3937.119000,3979.065000,251.000000,164.000000,220.000000,274.000000,False,HARD,3.000000,True,Haas F1 Team,3826.643000,,41,17.000000,False,,False,False
2026,10,Belgian Grand Prix,R,4091.589000,BEA,87,bearman,haas,112.911000,5.000000,2.000000,,,31.622000,51.328000,29.961000,4010.486000,4061.814000,4091.775000,319.000000,195.000000,212.000000,296.000000,True,HARD,4.000000,True,Haas F1 Team,3978.678000,,1,15.000000,False,,False,True
2026,10,Belgian Grand Prix,R,4204.396000,BEA,87,bearman,haas,112.807000,6.000000,2.000000,,,31.741000,51.169000,29.897000,4123.516000,4174.685000,4204.582000,319.000000,198.000000,213.000000,294.000000,True,HARD,5.000000,True,Haas F1 Team,4091.589000,,1,15.000000,False,,False,True
2026,10,Belgian Grand Prix,R,4316.926000,BEA,87,bearman,haas,112.530000,7.000000,2.000000,,,31.494000,51.382000,29.654000,4236.076000,4287.458000,4317.112000,327.000000,197.000000,213.000000,296.000000,True,HARD,6.000000,True,Haas F1 Team,4204.396000,,1,15.000000,False,,False,True
2026,10,Belgian Grand Prix,R,4429.803000,BEA,87,bearman,haas,112.877000,8.000000,2.000000,,,31.469000,51.685000,29.723000,4348.581000,4400.266000,4429.989000,328.000000,200.000000,214.000000,296.000000,False,HARD,7.000000,True,Haas F1 Team,4316.926000,,12,15.000000,False,,False,True
2026,10,Belgian Grand Prix,R,4543.092000,BEA,87,bearman,haas,113.289000,9.000000,2.000000,,,31.152000,52.332000,29.805000,4461.141000,4513.473000,4543.278000,340.000000,200.000000,213.000000,300.000000,False,HARD,8.000000,True,Haas F1 Team,4429.803000,,1,15.000000,False,,False,True
2026,10,Belgian Grand Prix,R,4656.328000,BEA,87,bearman,haas,113.236000,10.000000,2.000000,,,31.664000,51.902000,29.670000,4574.942000,4626.844000,4656.514000,315.000000,198.000000,211.000000,297.000000,False,HARD,9.000000,True,Haas F1 Team,4543.092000,,1,16.000000,False,,False,True
2026,10,Belgian Grand Prix,R,4769.488000,BEA,87,bearman,haas,113.160000,11.000000,2.000000,,,31.767000,51.602000,29.791000,4688.281000,4739.883000,4769.674000,324.000000,198.000000,207.000000,295.000000,False,HARD,10.000000,True,Haas F1 Team,4656.328000,,1,16.000000,False,,False,True
2026,10,Belgian Grand Prix,R,4882.853000,BEA,87,bearman,haas,113.365000,12.000000,2.000000,,,31.693000,51.808000,29.864000,4801.367000,4853.175000,4883.039000,330.000000,198.000000,205.000000,295.000000,False,HARD,11.000000,True,Haas F1 Team,4769.488000,,1,15.000000,False,,False,True
2026,10,Belgian Grand Prix,R,4995.932000,BEA,87,bearman,haas,113.079000,13.000000,2.000000,,,31.746000,51.609000,29.724000,4914.785000,4966.394000,4996.118000,322.000000,197.000000,206.000000,301.000000,False,HARD,12.000000,True,Haas F1 Team,4882.853000,,1,15.000000,False,,False,True
2026,10,Belgian Grand Prix,R,5108.932000,BEA,87,bearman,haas,113.000000,14.000000,2.000000,,,32.055000,51.325000,29.620000,5028.173000,5079.498000,5109.118000,312.000000,199.000000,213.000000,294.000000,False,HARD,13.000000,True,Haas F1 Team,4995.932000,,1,15.000000,False,,False,True
2026,10,Belgian Grand Prix,R,5222.250000,BEA,87,bearman,haas,113.318000,15.000000,2.000000,,,31.747000,51.565000,30.006000,5140.865000,5192.430000,5222.436000,324.000000,200.000000,206.000000,295.000000,False,HARD,14.000000,True,Haas F1 Team,5108.932000,,1,14.000000,False,,False,True
2026,10,Belgian Grand Prix,R,5335.501000,BEA,87,bearman,haas,113.251000,16.000000,2.000000,,,31.622000,51.661000,29.968000,5254.058000,5305.719000,5335.687000,326.000000,200.000000,206.000000,295.000000,False,HARD,15.000000,True,Haas F1 Team,5222.250000,,1,12.000000,False,,False,True
2026,10,Belgian Grand Prix,R,5449.010000,BEA,87,bearman,haas,113.509000,17.000000,2.000000,,,31.723000,51.772000,30.014000,5367.410000,5419.182000,5449.196000,328.000000,201.000000,211.000000,294.000000,False,HARD,16.000000,True,Haas F1 Team,5335.501000,,1,11.000000,False,,False,True
2026,10,Belgian Grand Prix,R,5573.268000,BEA,87,bearman,haas,124.258000,18.000000,2.000000,,,32.074000,62.268000,29.916000,5481.270000,5543.538000,5573.454000,202.000000,197.000000,206.000000,296.000000,False,HARD,17.000000,True,Haas F1 Team,5449.010000,,167,10.000000,False,,False,False
2026,10,Belgian Grand Prix,R,5686.304000,BEA,87,bearman,haas,113.036000,19.000000,2.000000,,,32.380000,50.806000,29.850000,5605.834000,5656.640000,5686.490000,300.000000,201.000000,213.000000,291.000000,False,HARD,18.000000,True,Haas F1 Team,5573.268000,,1,10.000000,False,,False,True
2026,10,Belgian Grand Prix,R,5827.153000,BEA,87,bearman,haas,140.849000,20.000000,2.000000,,5823.546000,32.170000,66.281000,42.398000,5718.660000,5784.941000,5827.339000,302.000000,121.000000,,292.000000,False,HARD,19.000000,True,Haas F1 Team,5686.304000,,167,11.000000,False,,False,False
2026,10,Belgian Grand Prix,R,5959.395000,BEA,87,bearman,haas,132.242000,21.000000,3.000000,5852.597000,,52.389000,50.264000,29.589000,5879.728000,5929.992000,5959.581000,313.000000,205.000000,215.000000,290.000000,False,HARD,1.000000,True,Haas F1 Team,5827.153000,,71,15.000000,False,,False,False
2026,10,Belgian Grand Prix,R,6070.504000,BEA,87,bearman,haas,111.109000,22.000000,3.000000,,,31.811000,49.735000,29.563000,5991.392000,6041.127000,6070.690000,308.000000,203.000000,214.000000,293.000000,True,HARD,2.000000,True,Haas F1 Team,5959.395000,,1,15.000000,False,,False,True
2026,10,Belgian Grand Prix,R,6182.013000,BEA,87,bearman,haas,111.509000,23.000000,3.000000,,,31.910000,49.779000,29.820000,6102.600000,6152.379000,6182.199000,309.000000,205.000000,215.000000,292.000000,False,HARD,3.000000,True,Haas F1 Team,6070.504000,,1,15.000000,False,,False,True
2026,10,Belgian Grand Prix,R,6293.231000,BEA,87,bearman,haas,111.218000,24.000000,3.000000,,,31.715000,49.864000,29.639000,6213.914000,6263.778000,6293.417000,310.000000,205.000000,215.000000,292.000000,False,HARD,4.000000,True,Haas F1 Team,6182.013000,,1,15.000000,False,,False,True
2026,10,Belgian Grand Prix,R,6405.209000,BEA,87,bearman,haas,111.978000,25.000000,3.000000,,,31.648000,50.523000,29.807000,6325.065000,6375.588000,6405.395000,312.000000,199.000000,218.000000,295.000000,False,HARD,5.000000,True,Haas F1 Team,6293.231000,,1,15.000000,False,,False,True
2026,10,Belgian Grand Prix,R,6517.688000,BEA,87,bearman,haas,112.479000,26.000000,3.000000,,,31.407000,51.195000,29.877000,6436.802000,6487.997000,6517.874000,320.000000,201.000000,210.000000,294.000000,False,HARD,6.000000,True,Haas F1 Team,6405.209000,,1,14.000000,False,,False,True
2026,10,Belgian Grand Prix,R,6629.669000,BEA,87,bearman,haas,111.981000,27.000000,3.000000,,,31.799000,50.524000,29.658000,6549.673000,6600.197000,6629.855000,312.000000,207.000000,208.000000,299.000000,False,HARD,7.000000,True,Haas F1 Team,6517.688000,,1,14.000000,False,,False,True
2026,10,Belgian Grand Prix,R,6741.673000,BEA,87,bearman,haas,112.004000,28.000000,3.000000,,,32.139000,50.169000,29.696000,6661.994000,6712.163000,6741.859000,303.000000,204.000000,213.000000,289.000000,False,HARD,8.000000,True,Haas F1 Team,6629.669000,,1,14.000000,False,,False,True
2026,10,Belgian Grand Prix,R,6853.836000,BEA,87,bearman,haas,112.163000,29.000000,3.000000,,,31.896000,50.654000,29.613000,6773.755000,6824.409000,6854.022000,303.000000,202.000000,208.000000,294.000000,False,HARD,9.000000,True,Haas F1 Team,6741.673000,,1,14.000000,False,,False,True
2026,10,Belgian Grand Prix,R,6966.087000,BEA,87,bearman,haas,112.251000,30.000000,3.000000,,,32.115000,50.593000,29.543000,6886.137000,6936.730000,6966.273000,305.000000,203.000000,214.000000,292.000000,False,HARD,10.000000,True,Haas F1 Team,6853.836000,,1,14.000000,False,,False,True
2026,10,Belgian Grand Prix,R,7078.068000,BEA,87,bearman,haas,111.981000,31.000000,3.000000,,,31.950000,50.365000,29.666000,6998.223000,7048.588000,7078.254000,306.000000,204.000000,214.000000,293.000000,False,HARD,11.000000,True,Haas F1 Team,6966.087000,,1,14.000000,False,,False,True
2026,10,Belgian Grand Prix,R,7190.069000,BEA,87,bearman,haas,112.001000,32.000000,3.000000,,,31.861000,50.377000,29.763000,7110.115000,7160.492000,7190.255000,303.000000,203.000000,215.000000,295.000000,False,HARD,12.000000,True,Haas F1 Team,7078.068000,,1,14.000000,False,,False,True
2026,10,Belgian Grand Prix,R,7302.055000,BEA,87,bearman,haas,111.986000,33.000000,3.000000,,,31.773000,50.426000,29.787000,7222.028000,7272.454000,7302.241000,306.000000,202.000000,213.000000,295.000000,False,HARD,13.000000,True,Haas F1 Team,7190.069000,,1,14.000000,False,,False,True
2026,10,Belgian Grand Prix,R,7414.150000,BEA,87,bearman,haas,112.095000,34.000000,3.000000,,,31.781000,50.525000,29.789000,7334.022000,7384.547000,7414.336000,308.000000,199.000000,214.000000,295.000000,False,HARD,14.000000,True,Haas F1 Team,7302.055000,,1,14.000000,False,,False,True
2026,10,Belgian Grand Prix,R,7526.226000,BEA,87,bearman,haas,112.076000,35.000000,3.000000,,,31.877000,50.464000,29.735000,7446.213000,7496.677000,7526.412000,303.000000,202.000000,215.000000,294.000000,False,HARD,15.000000,True,Haas F1 Team,7414.150000,,1,14.000000,False,,False,True
2026,10,Belgian Grand Prix,R,7638.161000,BEA,87,bearman,haas,111.935000,36.000000,3.000000,,,31.938000,50.412000,29.585000,7558.350000,7608.762000,7638.347000,301.000000,203.000000,215.000000,292.000000,False,HARD,16.000000,True,Haas F1 Team,7526.226000,,1,14.000000,False,,False,True
2026,10,Belgian Grand Prix,R,7750.478000,BEA,87,bearman,haas,112.317000,37.000000,3.000000,,,32.156000,50.452000,29.709000,7670.503000,7720.955000,7750.664000,299.000000,200.000000,213.000000,292.000000,False,HARD,17.000000,True,Haas F1 Team,7638.161000,,1,14.000000,False,,False,True
2026,10,Belgian Grand Prix,R,7862.486000,BEA,87,bearman,haas,112.008000,38.000000,3.000000,,,31.944000,50.442000,29.622000,7782.608000,7833.050000,7862.672000,301.000000,202.000000,215.000000,291.000000,False,HARD,18.000000,True,Haas F1 Team,7750.478000,,1,14.000000,False,,False,True
2026,10,Belgian Grand Prix,R,7974.125000,BEA,87,bearman,haas,111.639000,39.000000,3.000000,,,31.940000,50.199000,29.500000,7894.612000,7944.811000,7974.311000,298.000000,204.000000,216.000000,293.000000,False,HARD,19.000000,True,Haas F1 Team,7862.486000,,1,14.000000,False,,False,True
2026,10,Belgian Grand Prix,R,8085.667000,BEA,87,bearman,haas,111.542000,40.000000,3.000000,,,31.988000,50.048000,29.506000,8006.299000,8056.347000,8085.853000,298.000000,203.000000,215.000000,295.000000,False,HARD,20.000000,True,Haas F1 Team,7974.125000,,1,14.000000,False,,False,True
2026,10,Belgian Grand Prix,R,8197.363000,BEA,87,bearman,haas,111.696000,41.000000,3.000000,,,31.770000,50.398000,29.528000,8117.623000,8168.021000,8197.549000,300.000000,203.000000,215.000000,295.000000,False,HARD,21.000000,True,Haas F1 Team,8085.667000,,1,14.000000,False,,False,True
2026,10,Belgian Grand Prix,R,8309.434000,BEA,87,bearman,haas,112.071000,42.000000,3.000000,,,32.157000,50.396000,29.518000,8229.706000,8280.102000,8309.620000,304.000000,202.000000,216.000000,295.000000,False,HARD,22.000000,True,Haas F1 Team,8197.363000,,1,14.000000,False,,False,True
2026,10,Belgian Grand Prix,R,8421.502000,BEA,87,bearman,haas,112.068000,43.000000,3.000000,,,31.847000,50.498000,29.723000,8341.467000,8391.965000,8421.688000,302.000000,203.000000,218.000000,293.000000,False,HARD,23.000000,True,Haas F1 Team,8309.434000,,1,14.000000,False,,False,True
2026,10,Belgian Grand Prix,R,8533.013000,BEA,87,bearman,haas,111.511000,44.000000,3.000000,,,31.704000,50.224000,29.583000,8453.392000,8503.616000,8533.199000,301.000000,201.000000,217.000000,294.000000,False,HARD,24.000000,True,Haas F1 Team,8421.502000,,1,14.000000,False,,False,True
2026,10,Belgian Grand Prix,R,3501.463000,ALB,23,albon,williams,145.248000,1.000000,1.000000,,,,55.736000,53.711000,,3447.826000,3501.507000,344.000000,197.000000,190.000000,280.000000,False,MEDIUM,1.000000,True,Williams,3355.977000,,124,12.000000,False,,False,False
2026,10,Belgian Grand Prix,R,3662.546000,ALB,23,albon,williams,,2.000000,1.000000,,,40.002000,73.402000,47.662000,3541.689000,3614.928000,3662.664000,229.000000,112.000000,124.000000,259.000000,False,MEDIUM,2.000000,True,Williams,3501.463000,,4,12.000000,False,,False,False
2026,10,Belgian Grand Prix,R,3820.794000,ALB,23,albon,williams,,3.000000,1.000000,,,39.961000,74.230000,43.993000,3702.717000,3776.845000,3820.948000,252.000000,136.000000,189.000000,259.000000,False,MEDIUM,3.000000,True,Williams,3662.546000,,4,12.000000,False,,False,False
2026,10,Belgian Grand Prix,R,3975.701000,ALB,23,albon,williams,,4.000000,1.000000,,,43.593000,65.994000,45.384000,3864.469000,3930.432000,3975.965000,257.000000,141.000000,212.000000,254.000000,False,MEDIUM,4.000000,True,Williams,3820.794000,,41,12.000000,False,,False,False
2026,10,Belgian Grand Prix,R,4089.187000,ALB,23,albon,williams,113.486000,5.000000,1.000000,,,31.231000,52.261000,29.994000,4006.976000,4059.237000,4089.231000,330.000000,199.000000,216.000000,302.000000,True,MEDIUM,5.000000,True,Williams,3975.701000,,1,12.000000,False,,False,True
2026,10,Belgian Grand Prix,R,4202.563000,ALB,23,albon,williams,113.376000,6.000000,1.000000,,,31.120000,52.177000,30.079000,4120.351000,4172.528000,4202.607000,325.000000,201.000000,214.000000,303.000000,True,MEDIUM,6.000000,True,Williams,4089.187000,,1,12.000000,False,,False,True
2026,10,Belgian Grand Prix,R,4315.054000,ALB,23,albon,williams,112.491000,7.000000,1.000000,,,31.448000,51.124000,29.919000,4234.055000,4285.179000,4315.098000,323.000000,199.000000,215.000000,300.000000,True,MEDIUM,7.000000,True,Williams,4202.563000,,1,12.000000,False,,False,True
2026,10,Belgian Grand Prix,R,4427.967000,ALB,23,albon,williams,112.913000,8.000000,1.000000,,,31.416000,51.411000,30.086000,4346.514000,4397.925000,4428.011000,324.000000,200.000000,215.000000,299.000000,False,MEDIUM,8.000000,True,Williams,4315.054000,,12,12.000000,False,,False,True
2026,10,Belgian Grand Prix,R,4540.642000,ALB,23,albon,williams,112.675000,9.000000,1.000000,,,31.496000,51.131000,30.048000,4459.507000,4510.638000,4540.686000,320.000000,197.000000,215.000000,301.000000,False,MEDIUM,9.000000,True,Williams,4427.967000,,1,12.000000,False,,False,True
2026,10,Belgian Grand Prix,R,4653.285000,ALB,23,albon,williams,112.643000,10.000000,1.000000,,,31.599000,50.988000,30.056000,4572.285000,4623.273000,4653.329000,315.000000,195.000000,215.000000,298.000000,False,MEDIUM,10.000000,True,Williams,4540.642000,,1,12.000000,False,,False,True
2026,10,Belgian Grand Prix,R,4766.647000,ALB,23,albon,williams,113.362000,11.000000,1.000000,,,31.702000,51.255000,30.405000,4685.031000,4736.286000,4766.691000,314.000000,196.000000,216.000000,298.000000,False,MEDIUM,11.000000,True,Williams,4653.285000,,1,12.000000,False,,False,True
2026,10,Belgian Grand Prix,R,4881.147000,ALB,23,albon,williams,114.500000,12.000000,1.000000,,,31.764000,52.595000,30.141000,4798.455000,4851.050000,4881.191000,310.000000,192.000000,214.000000,297.000000,False,MEDIUM,12.000000,True,Williams,4766.647000,,1,14.000000,False,,False,True
2026,10,Belgian Grand Prix,R,4994.712000,ALB,23,albon,williams,113.565000,13.000000,1.000000,,,31.646000,51.686000,30.233000,4912.837000,4964.523000,4994.756000,316.000000,191.000000,215.000000,299.000000,False,MEDIUM,13.000000,True,Williams,4881.147000,,1,14.000000,False,,False,True
2026,10,Belgian Grand Prix,R,5108.169000,ALB,23,albon,williams,113.457000,14.000000,1.000000,,,31.681000,51.569000,30.207000,5026.437000,5078.006000,5108.213000,316.000000,194.000000,215.000000,297.000000,False,MEDIUM,14.000000,True,Williams,4994.712000,,1,14.000000,False,,False,True
2026,10,Belgian Grand Prix,R,5221.659000,ALB,23,albon,williams,113.490000,15.000000,1.000000,,,31.735000,51.491000,30.264000,5139.948000,5191.439000,5221.703000,314.000000,198.000000,216.000000,297.000000,False,MEDIUM,15.000000,True,Williams,5108.169000,,1,13.000000,False,,False,True
2026,10,Belgian Grand Prix,R,5335.034000,ALB,23,albon,williams,113.375000,16.000000,1.000000,,,31.617000,51.437000,30.321000,5253.320000,5304.757000,5335.078000,313.000000,195.000000,215.000000,298.000000,False,MEDIUM,16.000000,True,Williams,5221.659000,,1,11.000000,False,,False,True
2026,10,Belgian Grand Prix,R,5448.688000,ALB,23,albon,williams,113.654000,17.000000,1.000000,,,31.743000,51.399000,30.512000,5366.821000,5418.220000,5448.732000,310.000000,197.000000,216.000000,297.000000,False,MEDIUM,17.000000,True,Williams,5335.034000,,1,10.000000,False,,False,True
2026,10,Belgian Grand Prix,R,5577.701000,ALB,23,albon,williams,129.013000,18.000000,1.000000,,5573.926000,31.888000,62.355000,34.770000,5480.620000,5542.975000,5577.745000,252.000000,196.000000,,297.000000,False,MEDIUM,18.000000,True,Williams,5448.688000,,167,12.000000,False,,False,False
2026,10,Belgian Grand Prix,R,5704.345000,ALB,23,albon,williams,126.644000,19.000000,2.000000,5596.571000,,46.182000,50.598000,29.864000,5623.927000,5674.525000,5704.389000,307.000000,201.000000,219.000000,290.000000,False,HARD,1.000000,True,Williams,5577.701000,,1,15.000000,False,,False,False
2026,10,Belgian Grand Prix,R,5842.697000,ALB,23,albon,williams,138.352000,20.000000,2.000000,,,39.005000,64.380000,34.967000,5743.394000,5807.774000,5842.741000,261.000000,126.000000,217.000000,296.000000,False,HARD,2.000000,True,Williams,5704.345000,,167,15.000000,False,,False,False
2026,10,Belgian Grand Prix,R,5954.591000,ALB,23,albon,williams,111.894000,21.000000,2.000000,,,31.312000,50.558000,30.024000,5874.053000,5924.611000,5954.635000,312.000000,196.000000,220.000000,299.000000,True,HARD,3.000000,True,Williams,5842.697000,,1,14.000000,False,,False,True
2026,10,Belgian Grand Prix,R,6066.916000,ALB,23,albon,williams,112.325000,22.000000,2.000000,,,31.441000,50.740000,30.144000,5986.076000,6036.816000,6066.960000,312.000000,197.000000,220.000000,297.000000,False,HARD,4.000000,True,Williams,5954.591000,,1,14.000000,False,,False,True
2026,10,Belgian Grand Prix,R,6179.213000,ALB,23,albon,williams,112.297000,23.000000,2.000000,,,31.502000,50.628000,30.167000,6098.462000,6149.090000,6179.257000,311.000000,199.000000,216.000000,298.000000,False,HARD,5.000000,True,Williams,6066.916000,,1,14.000000,False,,False,True
2026,10,Belgian Grand Prix,R,6291.984000,ALB,23,albon,williams,112.771000,24.000000,2.000000,,,31.541000,50.988000,30.242000,6210.798000,6261.786000,6292.028000,311.000000,194.000000,218.000000,297.000000,False,HARD,6.000000,True,Williams,6179.213000,,1,14.000000,False,,False,True
2026,10,Belgian Grand Prix,R,6404.755000,ALB,23,albon,williams,112.771000,25.000000,2.000000,,,31.536000,50.965000,30.270000,6323.564000,6374.529000,6404.799000,311.000000,192.000000,217.000000,298.000000,False,HARD,7.000000,True,Williams,6291.984000,,1,14.000000,False,,False,True
2026,10,Belgian Grand Prix,R,6517.733000,ALB,23,albon,williams,112.978000,26.000000,2.000000,,,31.537000,50.988000,30.453000,6436.336000,6487.324000,6517.777000,310.000000,199.000000,210.000000,298.000000,False,HARD,8.000000,True,Williams,6404.755000,,1,15.000000,False,,False,True
2026,10,Belgian Grand Prix,R,6631.543000,ALB,23,albon,williams,113.810000,27.000000,2.000000,,,31.983000,51.917000,29.910000,6549.760000,6601.677000,6631.587000,321.000000,195.000000,217.000000,296.000000,False,HARD,9.000000,True,Williams,6517.733000,,1,15.000000,False,,False,True
2026,10,Belgian Grand Prix,R,6744.100000,ALB,23,albon,williams,112.557000,28.000000,2.000000,,,31.395000,51.152000,30.010000,6662.982000,6714.134000,6744.144000,317.000000,195.000000,215.000000,298.000000,False,HARD,10.000000,True,Williams,6631.543000,,1,15.000000,False,,False,True
2026,10,Belgian Grand Prix,R,6856.831000,ALB,23,albon,williams,112.731000,29.000000,2.000000,,,31.476000,51.120000,30.135000,6775.620000,6826.740000,6856.875000,316.000000,198.000000,216.000000,300.000000,False,HARD,11.000000,True,Williams,6744.100000,,1,15.000000,False,,False,True
2026,10,Belgian Grand Prix,R,6969.355000,ALB,23,albon,williams,112.524000,30.000000,2.000000,,,31.405000,51.171000,29.948000,6888.280000,6939.451000,6969.399000,317.000000,199.000000,218.000000,301.000000,False,HARD,12.000000,True,Williams,6856.831000,,1,15.000000,False,,False,True
2026,10,Belgian Grand Prix,R,7082.106000,ALB,23,albon,williams,112.751000,31.000000,2.000000,,,31.561000,51.112000,30.078000,7000.960000,7052.072000,7082.150000,315.000000,199.000000,217.000000,299.000000,False,HARD,13.000000,True,Williams,6969.355000,,1,15.000000,False,,False,True
2026,10,Belgian Grand Prix,R,7194.565000,ALB,23,albon,williams,112.459000,32.000000,2.000000,,,31.308000,51.089000,30.062000,7113.458000,7164.547000,7194.609000,315.000000,200.000000,217.000000,301.000000,False,HARD,14.000000,True,Williams,7082.106000,,1,15.000000,False,,False,True
2026,10,Belgian Grand Prix,R,7307.362000,ALB,23,albon,williams,112.797000,33.000000,2.000000,,,31.464000,51.187000,30.146000,7226.073000,7277.260000,7307.406000,314.000000,192.000000,218.000000,302.000000,False,HARD,15.000000,True,Williams,7194.565000,,1,15.000000,False,,False,True
2026,10,Belgian Grand Prix,R,7420.189000,ALB,23,albon,williams,112.827000,34.000000,2.000000,,,31.422000,51.001000,30.404000,7338.828000,7389.829000,7420.233000,313.000000,199.000000,217.000000,300.000000,False,HARD,16.000000,True,Williams,7307.362000,,1,15.000000,False,,False,True
2026,10,Belgian Grand Prix,R,7532.756000,ALB,23,albon,williams,112.567000,35.000000,2.000000,,,31.417000,51.012000,30.138000,7451.650000,7502.662000,7532.800000,313.000000,196.000000,220.000000,302.000000,False,HARD,17.000000,True,Williams,7420.189000,,1,15.000000,False,,False,True
2026,10,Belgian Grand Prix,R,7644.998000,ALB,23,albon,williams,112.242000,36.000000,2.000000,,,31.347000,50.945000,29.950000,7564.147000,7615.092000,7645.042000,314.000000,198.000000,218.000000,300.000000,False,HARD,18.000000,True,Williams,7532.756000,,1,15.000000,False,,False,True
2026,10,Belgian Grand Prix,R,7757.568000,ALB,23,albon,williams,112.570000,37.000000,2.000000,,,31.547000,50.819000,30.204000,7676.589000,7727.408000,7757.612000,311.000000,198.000000,217.000000,299.000000,False,HARD,19.000000,True,Williams,7644.998000,,1,15.000000,False,,False,True
2026,10,Belgian Grand Prix,R,7870.100000,ALB,23,albon,williams,112.532000,38.000000,2.000000,,,31.452000,50.972000,30.108000,7789.064000,7840.036000,7870.144000,310.000000,197.000000,219.000000,300.000000,False,HARD,20.000000,True,Williams,7757.568000,,1,15.000000,False,,False,True
2026,10,Belgian Grand Prix,R,7982.561000,ALB,23,albon,williams,112.461000,39.000000,2.000000,,,31.532000,50.965000,29.964000,7901.676000,7952.641000,7982.605000,309.000000,198.000000,219.000000,299.000000,False,HARD,21.000000,True,Williams,7870.100000,,1,15.000000,False,,False,True
2026,10,Belgian Grand Prix,R,8094.720000,ALB,23,albon,williams,112.159000,40.000000,2.000000,,,31.659000,50.654000,29.846000,8014.264000,8064.918000,8094.764000,307.000000,201.000000,221.000000,299.000000,False,HARD,22.000000,True,Williams,7982.561000,,1,15.000000,False,,False,True
2026,10,Belgian Grand Prix,R,8206.853000,ALB,23,albon,williams,112.133000,41.000000,2.000000,,,31.612000,50.766000,29.755000,8126.376000,8177.142000,8206.897000,307.000000,198.000000,221.000000,298.000000,False,HARD,23.000000,True,Williams,8094.720000,,1,15.000000,False,,False,True
2026,10,Belgian Grand Prix,R,8318.947000,ALB,23,albon,williams,112.094000,42.000000,2.000000,,,31.569000,50.745000,29.780000,8238.466000,8289.211000,8318.991000,309.000000,200.000000,220.000000,299.000000,False,HARD,24.000000,True,Williams,8206.853000,,1,15.000000,False,,False,True
2026,10,Belgian Grand Prix,R,8431.355000,ALB,23,albon,williams,112.408000,43.000000,2.000000,,,31.672000,50.876000,29.860000,8350.663000,8401.539000,8431.399000,308.000000,199.000000,221.000000,296.000000,False,HARD,25.000000,True,Williams,8318.947000,,1,15.000000,False,,False,True
2026,10,Belgian Grand Prix,R,8543.395000,ALB,23,albon,williams,112.040000,44.000000,2.000000,,,31.573000,50.827000,29.640000,8462.972000,8513.799000,8543.439000,307.000000,199.000000,220.000000,298.000000,False,HARD,26.000000,True,Williams,8431.355000,,1,15.000000,False,,False,True
2026,10,Belgian Grand Prix,R,3505.735000,SAI,55,sainz,williams,149.515000,1.000000,1.000000,,,,57.014000,55.663000,,3450.270000,3505.781000,323.000000,191.000000,205.000000,292.000000,False,SOFT,1.000000,True,Williams,3355.977000,,124,14.000000,False,,False,False
2026,10,Belgian Grand Prix,R,3665.567000,SAI,55,sainz,williams,,2.000000,1.000000,,,38.559000,73.240000,48.021000,3544.513000,3617.592000,3665.771000,261.000000,115.000000,144.000000,260.000000,False,SOFT,2.000000,True,Williams,3505.735000,,4,14.000000,False,,False,False
2026,10,Belgian Grand Prix,R,3823.062000,SAI,55,sainz,williams,,3.000000,1.000000,,,40.419000,72.594000,44.452000,3706.062000,3778.778000,3823.246000,256.000000,151.000000,182.000000,259.000000,False,SOFT,3.000000,True,Williams,3665.567000,,4,14.000000,False,,False,False
2026,10,Belgian Grand Prix,R,3976.383000,SAI,55,sainz,williams,,4.000000,1.000000,,,43.668000,66.263000,43.437000,3866.846000,3933.098000,3976.670000,259.000000,145.000000,224.000000,246.000000,False,SOFT,4.000000,True,Williams,3823.062000,,41,14.000000,False,,False,False
2026,10,Belgian Grand Prix,R,4090.361000,SAI,55,sainz,williams,113.978000,5.000000,1.000000,,,31.044000,52.896000,30.038000,4007.473000,4060.369000,4090.407000,320.000000,200.000000,218.000000,308.000000,False,SOFT,5.000000,True,Williams,3976.383000,,1,14.000000,True,TRACK LIMITS AT TURN 4 LAP 5 ,False,True
2026,10,Belgian Grand Prix,R,4203.950000,SAI,55,sainz,williams,113.589000,6.000000,1.000000,,,31.696000,51.984000,29.909000,4122.103000,4174.087000,4203.996000,325.000000,201.000000,218.000000,296.000000,True,SOFT,6.000000,True,Williams,4090.361000,,1,14.000000,False,,False,True
2026,10,Belgian Grand Prix,R,4316.453000,SAI,55,sainz,williams,112.503000,7.000000,1.000000,,,31.374000,51.377000,29.752000,4235.370000,4286.747000,4316.499000,326.000000,199.000000,217.000000,300.000000,True,SOFT,7.000000,True,Williams,4203.950000,,1,14.000000,False,,False,True
2026,10,Belgian Grand Prix,R,4429.604000,SAI,55,sainz,williams,113.151000,8.000000,1.000000,,,31.274000,51.871000,30.006000,4347.773000,4399.644000,4429.650000,330.000000,197.000000,217.000000,302.000000,False,SOFT,8.000000,True,Williams,4316.453000,,12,14.000000,False,,False,True
2026,10,Belgian Grand Prix,R,4542.762000,SAI,55,sainz,williams,113.158000,9.000000,1.000000,,,31.317000,51.831000,30.010000,4460.967000,4512.798000,4542.808000,327.000000,200.000000,219.000000,301.000000,False,SOFT,9.000000,True,Williams,4429.604000,,1,14.000000,False,,False,True
2026,10,Belgian Grand Prix,R,4655.311000,SAI,55,sainz,williams,112.549000,10.000000,1.000000,,,31.501000,51.118000,29.930000,4574.309000,4625.427000,4655.357000,319.000000,197.000000,218.000000,296.000000,False,SOFT,10.000000,True,Williams,4542.762000,,1,14.000000,False,,False,True
2026,10,Belgian Grand Prix,R,4769.149000,SAI,55,sainz,williams,113.838000,11.000000,1.000000,,,,,30.047000,,,4769.345000,319.000000,197.000000,216.000000,297.000000,False,SOFT,11.000000,True,Williams,4655.311000,,1,15.000000,False,,False,False
2026,10,Belgian Grand Prix,R,4883.078000,SAI,55,sainz,williams,113.929000,12.000000,1.000000,,,31.669000,51.780000,30.480000,4800.864000,4852.644000,4883.124000,316.000000,196.000000,219.000000,298.000000,False,SOFT,12.000000,True,Williams,4769.149000,,1,16.000000,False,,False,True
2026,10,Belgian Grand Prix,R,4997.343000,SAI,55,sainz,williams,114.265000,13.000000,1.000000,,,31.802000,52.557000,29.906000,4914.926000,4967.483000,4997.389000,314.000000,194.000000,217.000000,298.000000,False,SOFT,13.000000,True,Williams,4883.078000,,1,16.000000,False,,False,True
2026,10,Belgian Grand Prix,R,5115.117000,SAI,55,sainz,williams,117.774000,14.000000,1.000000,,5111.374000,31.416000,52.019000,34.339000,5028.805000,5080.824000,5115.163000,325.000000,195.000000,,298.000000,False,SOFT,14.000000,True,Williams,4997.343000,,1,16.000000,False,,False,False
2026,10,Belgian Grand Prix,R,5255.194000,SAI,55,sainz,williams,140.077000,15.000000,2.000000,5146.274000,,58.890000,51.681000,29.506000,5174.053000,5225.734000,5255.240000,311.000000,196.000000,213.000000,289.000000,False,HARD,1.000000,True,Williams,5115.117000,,1,18.000000,False,,False,False
2026,10,Belgian Grand Prix,R,5367.453000,SAI,55,sainz,williams,112.259000,16.000000,2.000000,,,31.855000,50.583000,29.821000,5287.095000,5337.678000,5367.499000,307.000000,200.000000,216.000000,296.000000,True,HARD,2.000000,True,Williams,5255.194000,,1,18.000000,False,,False,True
2026,10,Belgian Grand Prix,R,5479.403000,SAI,55,sainz,williams,111.950000,17.000000,2.000000,,,31.520000,50.717000,29.713000,5399.019000,5449.736000,5479.449000,313.000000,198.000000,214.000000,298.000000,True,HARD,3.000000,True,Williams,5367.453000,,16,18.000000,False,,False,False
2026,10,Belgian Grand Prix,R,5603.703000,SAI,55,sainz,williams,124.300000,18.000000,2.000000,,,43.738000,50.823000,29.739000,5523.187000,5574.010000,5603.749000,280.000000,203.000000,219.000000,256.000000,False,HARD,4.000000,True,Williams,5479.403000,,671,18.000000,False,,False,False
2026,10,Belgian Grand Prix,R,5715.443000,SAI,55,sainz,williams,111.740000,19.000000,2.000000,,,31.480000,50.641000,29.619000,5635.229000,5685.870000,5715.489000,310.000000,200.000000,219.000000,299.000000,True,HARD,5.000000,True,Williams,5603.703000,,1,18.000000,False,,False,True
2026,10,Belgian Grand Prix,R,5855.022000,SAI,55,sainz,williams,139.579000,20.000000,2.000000,,,42.017000,65.201000,32.361000,5757.506000,5822.707000,5855.068000,262.000000,146.000000,223.000000,260.000000,False,HARD,6.000000,True,Williams,5715.443000,,167,18.000000,False,,False,False
2026,10,Belgian Grand Prix,R,5967.615000,SAI,55,sainz,williams,112.593000,21.000000,2.000000,,,30.939000,52.051000,29.603000,5886.007000,5938.058000,5967.661000,326.000000,200.000000,220.000000,302.000000,False,HARD,7.000000,True,Williams,5855.022000,,1,17.000000,False,,False,True
2026,10,Belgian Grand Prix,R,6079.615000,SAI,55,sainz,williams,112.000000,22.000000,2.000000,,,31.456000,50.885000,29.659000,5999.117000,6050.002000,6079.661000,319.000000,198.000000,218.000000,297.000000,False,HARD,8.000000,True,Williams,5967.615000,,1,17.000000,False,,False,True
2026,10,Belgian Grand Prix,R,6191.247000,SAI,55,sainz,williams,111.632000,23.000000,2.000000,,,31.301000,50.820000,29.511000,6110.962000,6161.782000,6191.293000,321.000000,198.000000,219.000000,299.000000,True,HARD,9.000000,True,Williams,6079.615000,,1,17.000000,False,,False,True
2026,10,Belgian Grand Prix,R,6302.610000,SAI,55,sainz,williams,111.363000,24.000000,2.000000,,,31.191000,50.357000,29.815000,6222.484000,6272.841000,6302.656000,323.000000,201.000000,221.000000,299.000000,True,HARD,10.000000,True,Williams,6191.247000,,1,16.000000,False,,False,True
2026,10,Belgian Grand Prix,R,6414.860000,SAI,55,sainz,williams,112.250000,25.000000,2.000000,,,31.568000,50.807000,29.875000,6334.224000,6385.031000,6414.906000,309.000000,197.000000,222.000000,296.000000,False,HARD,11.000000,True,Williams,6302.610000,,1,16.000000,False,,False,True
2026,10,Belgian Grand Prix,R,6527.171000,SAI,55,sainz,williams,112.311000,26.000000,2.000000,,,31.619000,50.888000,29.804000,6446.525000,6497.413000,6527.217000,308.000000,195.000000,220.000000,296.000000,False,HARD,12.000000,True,Williams,6414.860000,,1,16.000000,False,,False,True
2026,10,Belgian Grand Prix,R,6639.436000,SAI,55,sainz,williams,112.265000,27.000000,2.000000,,,31.685000,50.828000,29.752000,6558.902000,6609.730000,6639.482000,309.000000,200.000000,219.000000,296.000000,False,HARD,13.000000,True,Williams,6527.171000,,1,16.000000,False,,False,True
2026,10,Belgian Grand Prix,R,6751.440000,SAI,55,sainz,williams,112.004000,28.000000,2.000000,,,31.561000,50.739000,29.704000,6671.043000,6721.782000,6751.486000,310.000000,201.000000,219.000000,295.000000,False,HARD,14.000000,True,Williams,6639.436000,,1,16.000000,False,,False,True
2026,10,Belgian Grand Prix,R,6863.507000,SAI,55,sainz,williams,112.067000,29.000000,2.000000,,,31.641000,50.822000,29.604000,6783.127000,6833.949000,6863.553000,311.000000,201.000000,216.000000,297.000000,False,HARD,15.000000,True,Williams,6751.440000,,1,16.000000,False,,False,True
2026,10,Belgian Grand Prix,R,6975.595000,SAI,55,sainz,williams,112.088000,30.000000,2.000000,,,31.818000,50.855000,29.415000,6895.371000,6946.226000,6975.641000,310.000000,201.000000,221.000000,296.000000,False,HARD,16.000000,True,Williams,6863.507000,,1,16.000000,False,,False,True
2026,10,Belgian Grand Prix,R,7088.285000,SAI,55,sainz,williams,112.690000,31.000000,2.000000,,,31.784000,51.129000,29.777000,7007.425000,7058.554000,7088.331000,309.000000,201.000000,220.000000,294.000000,False,HARD,17.000000,True,Williams,6975.595000,,1,16.000000,False,,False,True
2026,10,Belgian Grand Prix,R,7200.411000,SAI,55,sainz,williams,112.126000,32.000000,2.000000,,,31.473000,50.891000,29.762000,7119.804000,7170.695000,7200.457000,310.000000,200.000000,221.000000,300.000000,False,HARD,18.000000,True,Williams,7088.285000,,1,16.000000,False,,False,True
2026,10,Belgian Grand Prix,R,7312.600000,SAI,55,sainz,williams,112.189000,33.000000,2.000000,,,31.394000,50.960000,29.835000,7231.851000,7282.811000,7312.646000,313.000000,198.000000,220.000000,300.000000,False,HARD,19.000000,True,Williams,7200.411000,,1,16.000000,False,,False,True
2026,10,Belgian Grand Prix,R,7424.603000,SAI,55,sainz,williams,112.003000,34.000000,2.000000,,,31.408000,50.866000,29.729000,7344.054000,7394.920000,7424.649000,312.000000,199.000000,221.000000,298.000000,False,HARD,20.000000,True,Williams,7312.600000,,1,16.000000,False,,False,True
2026,10,Belgian Grand Prix,R,7537.048000,SAI,55,sainz,williams,112.445000,35.000000,2.000000,,,31.853000,50.957000,29.635000,7456.502000,7507.459000,7537.094000,311.000000,200.000000,221.000000,299.000000,False,HARD,21.000000,True,Williams,7424.603000,,1,16.000000,False,,False,True
2026,10,Belgian Grand Prix,R,7648.750000,SAI,55,sainz,williams,111.702000,36.000000,2.000000,,,31.518000,50.600000,29.584000,7568.612000,7619.212000,7648.796000,311.000000,201.000000,222.000000,298.000000,False,HARD,22.000000,True,Williams,7537.048000,,1,16.000000,False,,False,True
2026,10,Belgian Grand Prix,R,7761.136000,SAI,55,sainz,williams,112.386000,37.000000,2.000000,,,31.619000,51.066000,29.701000,7680.415000,7731.481000,7761.182000,312.000000,198.000000,220.000000,297.000000,False,HARD,23.000000,True,Williams,7648.750000,,1,16.000000,False,,False,True
2026,10,Belgian Grand Prix,R,7873.258000,SAI,55,sainz,williams,112.122000,38.000000,2.000000,,,31.320000,51.251000,29.551000,7792.502000,7843.753000,7873.304000,317.000000,199.000000,221.000000,300.000000,False,HARD,24.000000,True,Williams,7761.136000,,1,16.000000,False,,False,True
2026,10,Belgian Grand Prix,R,7985.118000,SAI,55,sainz,williams,111.860000,39.000000,2.000000,,,31.351000,50.861000,29.648000,7904.655000,7955.516000,7985.164000,312.000000,201.000000,220.000000,299.000000,False,HARD,25.000000,True,Williams,7873.258000,,1,16.000000,False,,False,True
2026,10,Belgian Grand Prix,R,8096.849000,SAI,55,sainz,williams,111.731000,40.000000,2.000000,,,31.297000,50.902000,29.532000,8016.461000,8067.363000,8096.895000,313.000000,201.000000,221.000000,302.000000,False,HARD,26.000000,True,Williams,7985.118000,,1,16.000000,False,,False,True
2026,10,Belgian Grand Prix,R,8208.586000,SAI,55,sainz,williams,111.737000,41.000000,2.000000,,,31.251000,51.042000,29.444000,8128.146000,8179.188000,8208.632000,314.000000,200.000000,222.000000,301.000000,False,HARD,27.000000,True,Williams,8096.849000,,1,16.000000,False,,False,True
2026,10,Belgian Grand Prix,R,8320.370000,SAI,55,sainz,williams,111.784000,42.000000,2.000000,,,31.167000,51.099000,29.518000,8239.799000,8290.898000,8320.416000,318.000000,198.000000,222.000000,302.000000,False,HARD,28.000000,True,Williams,8208.586000,,1,16.000000,False,,False,True
2026,10,Belgian Grand Prix,R,8432.353000,SAI,55,sainz,williams,111.983000,43.000000,2.000000,,,31.274000,51.376000,29.333000,8351.690000,8403.066000,8432.399000,319.000000,199.000000,217.000000,299.000000,False,HARD,29.000000,True,Williams,8320.370000,,1,16.000000,False,,False,True
2026,10,Belgian Grand Prix,R,8544.550000,SAI,55,sainz,williams,112.197000,44.000000,2.000000,,,31.417000,51.365000,29.415000,8463.816000,8515.181000,8544.596000,318.000000,198.000000,225.000000,299.000000,False,HARD,30.000000,True,Williams,8432.353000,,1,16.000000,False,,False,True
2026,10,Belgian Grand Prix,R,3520.611000,OCO,31,ocon,haas,164.354000,1.000000,1.000000,,3516.719000,,65.536000,62.761000,,3457.996000,3520.672000,333.000000,,,300.000000,False,MEDIUM,1.000000,True,Haas F1 Team,3355.977000,,124,21.000000,False,,False,False
2026,10,Belgian Grand Prix,R,3673.831000,OCO,31,ocon,haas,,2.000000,2.000000,3550.504000,,58.486000,57.539000,37.133000,3579.220000,3636.808000,3674.043000,290.000000,182.000000,123.000000,258.000000,False,HARD,1.000000,True,Haas F1 Team,3520.611000,,4,21.000000,False,,False,False
2026,10,Belgian Grand Prix,R,3831.206000,OCO,31,ocon,haas,,3.000000,2.000000,,,39.585000,71.688000,46.251000,3713.465000,3785.057000,3831.322000,224.000000,103.000000,184.000000,250.000000,False,HARD,2.000000,True,Haas F1 Team,3673.831000,,4,20.000000,False,,False,False
2026,10,Belgian Grand Prix,R,3980.497000,OCO,31,ocon,haas,149.291000,4.000000,2.000000,,,43.928000,65.344000,40.019000,3875.195000,3940.539000,3980.558000,258.000000,187.000000,213.000000,273.000000,True,HARD,3.000000,True,Haas F1 Team,3831.206000,,41,20.000000,False,,False,False
2026,10,Belgian Grand Prix,R,4096.383000,OCO,31,ocon,haas,115.886000,5.000000,2.000000,,,31.933000,53.844000,30.109000,4012.491000,4066.335000,4096.444000,325.000000,196.000000,211.000000,299.000000,True,HARD,4.000000,True,Haas F1 Team,3980.497000,,1,20.000000,False,,False,True
2026,10,Belgian Grand Prix,R,4211.111000,OCO,31,ocon,haas,114.728000,6.000000,2.000000,,,31.915000,52.753000,30.060000,4128.359000,4181.112000,4211.172000,324.000000,198.000000,215.000000,299.000000,True,HARD,5.000000,True,Haas F1 Team,4096.383000,,1,18.000000,False,,False,True
2026,10,Belgian Grand Prix,R,4324.508000,OCO,31,ocon,haas,113.397000,7.000000,2.000000,,,32.217000,51.220000,29.960000,4243.389000,4294.609000,4324.569000,315.000000,202.000000,211.000000,289.000000,True,HARD,6.000000,True,Haas F1 Team,4211.111000,,1,17.000000,False,,False,True
2026,10,Belgian Grand Prix,R,4438.120000,OCO,31,ocon,haas,113.612000,8.000000,2.000000,,,32.143000,51.445000,30.024000,4356.712000,4408.157000,4438.181000,306.000000,201.000000,212.000000,290.000000,False,HARD,7.000000,True,Haas F1 Team,4324.508000,,12,17.000000,False,,False,True
2026,10,Belgian Grand Prix,R,4551.419000,OCO,31,ocon,haas,113.299000,9.000000,2.000000,,,32.139000,51.123000,30.037000,4470.320000,4521.443000,4551.480000,305.000000,200.000000,212.000000,292.000000,True,HARD,8.000000,True,Haas F1 Team,4438.120000,,1,17.000000,False,,False,True
2026,10,Belgian Grand Prix,R,4664.640000,OCO,31,ocon,haas,113.221000,10.000000,2.000000,,,32.015000,51.132000,30.074000,4583.495000,4634.627000,4664.701000,306.000000,198.000000,212.000000,291.000000,True,HARD,9.000000,True,Haas F1 Team,4551.419000,,1,17.000000,False,,False,True
2026,10,Belgian Grand Prix,R,4777.780000,OCO,31,ocon,haas,113.140000,11.000000,2.000000,,,32.087000,51.160000,29.893000,4696.788000,4747.948000,4777.841000,306.000000,199.000000,212.000000,291.000000,True,HARD,10.000000,True,Haas F1 Team,4664.640000,,1,17.000000,False,,False,True
2026,10,Belgian Grand Prix,R,4891.113000,OCO,31,ocon,haas,113.333000,12.000000,2.000000,,,32.102000,51.204000,30.027000,4809.943000,4861.147000,4891.174000,307.000000,198.000000,212.000000,290.000000,False,HARD,11.000000,True,Haas F1 Team,4777.780000,,1,17.000000,False,,False,True
2026,10,Belgian Grand Prix,R,5004.677000,OCO,31,ocon,haas,113.564000,13.000000,2.000000,,,32.244000,51.339000,29.981000,4923.418000,4974.757000,5004.738000,305.000000,192.000000,212.000000,290.000000,False,HARD,12.000000,True,Haas F1 Team,4891.113000,,1,17.000000,False,,False,True
2026,10,Belgian Grand Prix,R,5118.027000,OCO,31,ocon,haas,113.350000,14.000000,2.000000,,,32.137000,51.283000,29.930000,5036.875000,5088.158000,5118.088000,307.000000,198.000000,212.000000,290.000000,False,HARD,13.000000,True,Haas F1 Team,5004.677000,,1,17.000000,False,,False,True
2026,10,Belgian Grand Prix,R,5231.643000,OCO,31,ocon,haas,113.616000,15.000000,2.000000,,,32.152000,51.847000,29.617000,5150.240000,5202.087000,5231.704000,305.000000,198.000000,213.000000,291.000000,False,HARD,14.000000,True,Haas F1 Team,5118.027000,,1,16.000000,False,,False,True
2026,10,Belgian Grand Prix,R,5349.665000,OCO,31,ocon,haas,118.022000,16.000000,2.000000,,5346.023000,31.887000,51.683000,34.452000,5263.591000,5315.274000,5349.726000,315.000000,202.000000,,294.000000,False,HARD,15.000000,True,Haas F1 Team,5231.643000,,1,16.000000,False,,False,False
2026,10,Belgian Grand Prix,R,5477.061000,OCO,31,ocon,haas,127.396000,17.000000,3.000000,5370.129000,,47.214000,50.440000,29.742000,5396.940000,5447.380000,5477.122000,306.000000,207.000000,214.000000,290.000000,False,HARD,1.000000,True,Haas F1 Team,5349.665000,,1,17.000000,False,,False,False
2026,10,Belgian Grand Prix,R,5601.419000,OCO,31,ocon,haas,124.358000,18.000000,3.000000,,,43.358000,51.268000,29.732000,5520.480000,5571.748000,5601.480000,243.000000,203.000000,213.000000,224.000000,False,HARD,2.000000,True,Haas F1 Team,5477.061000,,167,17.000000,False,,False,False
2026,10,Belgian Grand Prix,R,5713.385000,OCO,31,ocon,haas,111.966000,19.000000,3.000000,,,31.855000,50.432000,29.679000,5633.335000,5683.767000,5713.446000,308.000000,203.000000,214.000000,293.000000,True,HARD,3.000000,True,Haas F1 Team,5601.419000,,1,17.000000,False,,False,True
2026,10,Belgian Grand Prix,R,5853.738000,OCO,31,ocon,haas,140.353000,20.000000,3.000000,,,41.203000,67.184000,31.966000,5754.649000,5821.833000,5853.799000,275.000000,156.000000,215.000000,228.000000,False,HARD,4.000000,True,Haas F1 Team,5713.385000,,167,17.000000,False,,False,False
2026,10,Belgian Grand Prix,R,5966.106000,OCO,31,ocon,haas,112.368000,21.000000,3.000000,,,31.731000,50.846000,29.791000,5885.530000,5936.376000,5966.167000,311.000000,201.000000,213.000000,297.000000,False,HARD,5.000000,True,Haas F1 Team,5853.738000,,1,16.000000,False,,False,True
2026,10,Belgian Grand Prix,R,6078.061000,OCO,31,ocon,haas,111.955000,22.000000,3.000000,,,31.922000,50.256000,29.777000,5998.089000,6048.345000,6078.122000,307.000000,203.000000,215.000000,292.000000,True,HARD,6.000000,True,Haas F1 Team,5966.106000,,1,16.000000,False,,False,True
2026,10,Belgian Grand Prix,R,6190.427000,OCO,31,ocon,haas,112.366000,23.000000,3.000000,,,32.025000,50.452000,29.889000,6110.147000,6160.599000,6190.488000,305.000000,198.000000,214.000000,292.000000,False,HARD,7.000000,True,Haas F1 Team,6078.061000,,1,16.000000,False,,False,True
2026,10,Belgian Grand Prix,R,6303.313000,OCO,31,ocon,haas,112.886000,24.000000,3.000000,,,32.028000,51.253000,29.605000,6222.516000,6273.769000,6303.374000,302.000000,199.000000,215.000000,291.000000,False,HARD,8.000000,True,Haas F1 Team,6190.427000,,1,17.000000,False,,False,True
2026,10,Belgian Grand Prix,R,6415.747000,OCO,31,ocon,haas,112.434000,25.000000,3.000000,,,31.775000,50.992000,29.667000,6335.149000,6386.141000,6415.808000,315.000000,197.000000,215.000000,295.000000,False,HARD,9.000000,True,Haas F1 Team,6303.313000,,1,17.000000,False,,False,True
2026,10,Belgian Grand Prix,R,6528.055000,OCO,31,ocon,haas,112.308000,26.000000,3.000000,,,31.626000,51.087000,29.595000,6447.434000,6498.521000,6528.116000,317.000000,199.000000,214.000000,295.000000,False,HARD,10.000000,True,Haas F1 Team,6415.747000,,1,17.000000,False,,False,True
2026,10,Belgian Grand Prix,R,6640.390000,OCO,31,ocon,haas,112.335000,27.000000,3.000000,,,31.674000,51.040000,29.621000,6559.790000,6610.830000,6640.451000,319.000000,200.000000,213.000000,293.000000,False,HARD,11.000000,True,Haas F1 Team,6528.055000,,1,17.000000,False,,False,True
2026,10,Belgian Grand Prix,R,6752.520000,OCO,31,ocon,haas,112.130000,28.000000,3.000000,,,31.768000,51.037000,29.325000,6672.219000,6723.256000,6752.581000,318.000000,199.000000,213.000000,293.000000,False,HARD,12.000000,True,Haas F1 Team,6640.390000,,1,17.000000,False,,False,True
2026,10,Belgian Grand Prix,R,6864.588000,OCO,31,ocon,haas,112.068000,29.000000,3.000000,,,31.833000,50.999000,29.236000,6784.414000,6835.413000,6864.649000,314.000000,198.000000,212.000000,296.000000,False,HARD,13.000000,True,Haas F1 Team,6752.520000,,1,17.000000,False,,False,True
2026,10,Belgian Grand Prix,R,6976.763000,OCO,31,ocon,haas,112.175000,30.000000,3.000000,,,32.132000,50.853000,29.190000,6896.781000,6947.634000,6976.824000,309.000000,199.000000,213.000000,294.000000,False,HARD,14.000000,True,Haas F1 Team,6864.588000,,1,17.000000,False,,False,True
2026,10,Belgian Grand Prix,R,7089.205000,OCO,31,ocon,haas,112.442000,31.000000,3.000000,,,32.036000,50.971000,29.435000,7008.860000,7059.831000,7089.266000,311.000000,201.000000,213.000000,295.000000,False,HARD,15.000000,True,Haas F1 Team,6976.763000,,1,17.000000,False,,False,True
2026,10,Belgian Grand Prix,R,7201.355000,OCO,31,ocon,haas,112.150000,32.000000,3.000000,,,31.563000,51.031000,29.556000,7120.829000,7171.860000,7201.416000,318.000000,200.000000,214.000000,297.000000,False,HARD,16.000000,True,Haas F1 Team,7089.205000,,1,17.000000,False,,False,True
2026,10,Belgian Grand Prix,R,7313.688000,OCO,31,ocon,haas,112.333000,33.000000,3.000000,,,31.621000,51.168000,29.544000,7233.037000,7284.205000,7313.749000,318.000000,198.000000,213.000000,297.000000,False,HARD,17.000000,True,Haas F1 Team,7201.355000,,1,17.000000,False,,False,True
2026,10,Belgian Grand Prix,R,7425.705000,OCO,31,ocon,haas,112.017000,34.000000,3.000000,,,31.807000,50.898000,29.312000,7345.556000,7396.454000,7425.766000,313.000000,200.000000,214.000000,296.000000,False,HARD,18.000000,True,Haas F1 Team,7313.688000,,1,17.000000,False,,False,True
2026,10,Belgian Grand Prix,R,7538.159000,OCO,31,ocon,haas,112.454000,35.000000,3.000000,,,31.996000,51.063000,29.395000,7457.762000,7508.825000,7538.220000,310.000000,197.000000,214.000000,297.000000,False,HARD,19.000000,True,Haas F1 Team,7425.705000,,1,17.000000,False,,False,True
2026,10,Belgian Grand Prix,R,7650.163000,OCO,31,ocon,haas,112.004000,36.000000,3.000000,,,31.973000,50.666000,29.365000,7570.193000,7620.859000,7650.224000,308.000000,201.000000,213.000000,295.000000,False,HARD,20.000000,True,Haas F1 Team,7538.159000,,1,17.000000,False,,False,True
2026,10,Belgian Grand Prix,R,7763.061000,OCO,31,ocon,haas,112.898000,37.000000,3.000000,,,32.191000,51.053000,29.654000,7682.415000,7733.468000,7763.122000,307.000000,197.000000,215.000000,295.000000,False,HARD,21.000000,True,Haas F1 Team,7650.163000,,1,17.000000,False,,False,True
2026,10,Belgian Grand Prix,R,7875.740000,OCO,31,ocon,haas,112.679000,38.000000,3.000000,,,31.890000,51.109000,29.680000,7795.012000,7846.121000,7875.801000,309.000000,199.000000,214.000000,295.000000,False,HARD,22.000000,True,Haas F1 Team,7763.061000,,1,17.000000,False,,False,True
2026,10,Belgian Grand Prix,R,7987.870000,OCO,31,ocon,haas,112.130000,39.000000,3.000000,,,31.600000,50.881000,29.649000,7907.401000,7958.282000,7987.931000,310.000000,197.000000,214.000000,298.000000,False,HARD,23.000000,True,Haas F1 Team,7875.740000,,1,17.000000,False,,False,True
2026,10,Belgian Grand Prix,R,8100.065000,OCO,31,ocon,haas,112.195000,40.000000,3.000000,,,31.861000,50.732000,29.602000,8019.792000,8070.524000,8100.126000,306.000000,198.000000,214.000000,297.000000,False,HARD,24.000000,True,Haas F1 Team,7987.870000,,1,17.000000,False,,False,True
2026,10,Belgian Grand Prix,R,8212.552000,OCO,31,ocon,haas,112.487000,41.000000,3.000000,,,31.805000,50.990000,29.692000,8131.931000,8182.921000,8212.613000,305.000000,198.000000,214.000000,296.000000,False,HARD,25.000000,True,Haas F1 Team,8100.065000,,1,17.000000,False,,False,True
2026,10,Belgian Grand Prix,R,8325.031000,OCO,31,ocon,haas,112.479000,42.000000,3.000000,,,31.856000,50.896000,29.727000,8244.469000,8295.365000,8325.092000,304.000000,198.000000,214.000000,295.000000,False,HARD,26.000000,True,Haas F1 Team,8212.552000,,1,17.000000,False,,False,True
2026,10,Belgian Grand Prix,R,8437.674000,OCO,31,ocon,haas,112.643000,43.000000,3.000000,,,31.858000,50.913000,29.872000,8356.950000,8407.863000,8437.735000,306.000000,197.000000,215.000000,294.000000,False,HARD,27.000000,True,Haas F1 Team,8325.031000,,1,17.000000,False,,False,True
2026,10,Belgian Grand Prix,R,8549.574000,OCO,31,ocon,haas,111.900000,44.000000,3.000000,,,31.987000,50.589000,29.324000,8469.722000,8520.311000,8549.635000,306.000000,199.000000,215.000000,294.000000,True,HARD,28.000000,True,Haas F1 Team,8437.674000,,1,17.000000,False,,False,True
2026,10,Belgian Grand Prix,R,3515.101000,BOT,77,bottas,cadillac,158.877000,1.000000,1.000000,,3511.431000,,56.638000,64.272000,,3451.003000,3515.189000,324.000000,152.000000,,273.000000,False,SOFT,1.000000,True,Cadillac,3355.977000,,124,20.000000,False,,False,False
2026,10,Belgian Grand Prix,R,3672.897000,BOT,77,bottas,cadillac,,2.000000,2.000000,3541.833000,,56.103000,61.143000,40.573000,3571.269000,3632.519000,3673.108000,224.000000,163.000000,114.000000,245.000000,False,HARD,1.000000,True,Cadillac,3515.101000,,4,20.000000,False,,False,False
2026,10,Belgian Grand Prix,R,3830.311000,BOT,77,bottas,cadillac,,3.000000,2.000000,,,38.949000,72.213000,46.283000,3712.021000,3784.273000,3830.529000,233.000000,121.000000,191.000000,231.000000,False,HARD,2.000000,True,Cadillac,3672.897000,,4,19.000000,False,,False,False
2026,10,Belgian Grand Prix,R,3979.999000,BOT,77,bottas,cadillac,149.688000,4.000000,2.000000,,,44.090000,65.251000,40.347000,3874.489000,3939.740000,3980.087000,246.000000,174.000000,223.000000,277.000000,True,HARD,3.000000,True,Cadillac,3830.311000,,41,19.000000,False,,False,False
2026,10,Belgian Grand Prix,R,4096.850000,BOT,77,bottas,cadillac,116.851000,5.000000,2.000000,,,31.701000,54.296000,30.854000,4011.788000,4066.084000,4096.938000,316.000000,192.000000,214.000000,296.000000,True,HARD,4.000000,True,Cadillac,3979.999000,,1,21.000000,False,,False,True
2026,10,Belgian Grand Prix,R,4213.063000,BOT,77,bottas,cadillac,116.213000,6.000000,2.000000,,,32.052000,53.800000,30.361000,4128.990000,4182.790000,4213.151000,316.000000,190.000000,214.000000,298.000000,True,HARD,5.000000,True,Cadillac,4096.850000,,1,21.000000,False,,False,True
2026,10,Belgian Grand Prix,R,4327.727000,BOT,77,bottas,cadillac,114.664000,7.000000,2.000000,,,31.499000,52.765000,30.400000,4244.650000,4297.415000,4327.815000,329.000000,194.000000,214.000000,297.000000,True,HARD,6.000000,True,Cadillac,4213.063000,,1,20.000000,False,,False,True
2026,10,Belgian Grand Prix,R,4442.848000,BOT,77,bottas,cadillac,115.121000,8.000000,2.000000,,,32.803000,52.224000,30.094000,4360.618000,4412.842000,4442.936000,305.000000,196.000000,211.000000,289.000000,False,HARD,7.000000,True,Cadillac,4327.727000,,12,19.000000,False,,False,True
2026,10,Belgian Grand Prix,R,4556.319000,BOT,77,bottas,cadillac,113.471000,9.000000,2.000000,,,31.949000,51.533000,29.989000,4474.885000,4526.418000,4556.407000,309.000000,194.000000,212.000000,294.000000,True,HARD,8.000000,True,Cadillac,4442.848000,,1,19.000000,False,,False,True
2026,10,Belgian Grand Prix,R,4669.878000,BOT,77,bottas,cadillac,113.559000,10.000000,2.000000,,,32.006000,51.561000,29.992000,4588.413000,4639.974000,4669.966000,309.000000,197.000000,212.000000,293.000000,False,HARD,9.000000,True,Cadillac,4556.319000,,1,19.000000,False,,False,True
2026,10,Belgian Grand Prix,R,4783.349000,BOT,77,bottas,cadillac,113.471000,11.000000,2.000000,,,31.995000,51.584000,29.892000,4701.961000,4753.545000,4783.437000,309.000000,196.000000,211.000000,293.000000,False,HARD,10.000000,True,Cadillac,4669.878000,,1,19.000000,False,,False,True
2026,10,Belgian Grand Prix,R,4898.017000,BOT,77,bottas,cadillac,114.668000,12.000000,2.000000,,,32.132000,52.312000,30.224000,4815.569000,4867.881000,4898.105000,309.000000,194.000000,211.000000,292.000000,False,HARD,11.000000,True,Cadillac,4783.349000,,1,18.000000,False,,False,True
2026,10,Belgian Grand Prix,R,5012.983000,BOT,77,bottas,cadillac,114.966000,13.000000,2.000000,,,32.360000,52.053000,30.553000,4930.465000,4982.518000,5013.071000,306.000000,184.000000,210.000000,291.000000,False,HARD,12.000000,True,Cadillac,4898.017000,,1,18.000000,False,,False,True
2026,10,Belgian Grand Prix,R,5127.768000,BOT,77,bottas,cadillac,114.785000,14.000000,2.000000,,,32.382000,52.040000,30.363000,5045.453000,5097.493000,5127.856000,306.000000,196.000000,211.000000,291.000000,False,HARD,13.000000,True,Cadillac,5012.983000,,1,18.000000,False,,False,True
2026,10,Belgian Grand Prix,R,5242.660000,BOT,77,bottas,cadillac,114.892000,15.000000,2.000000,,,32.195000,52.457000,30.240000,5160.051000,5212.508000,5242.748000,305.000000,196.000000,211.000000,292.000000,False,HARD,14.000000,True,Cadillac,5127.768000,,1,17.000000,False,,False,True
2026,10,Belgian Grand Prix,R,5356.977000,BOT,77,bottas,cadillac,114.317000,16.000000,2.000000,,,32.169000,51.875000,30.273000,5274.917000,5326.792000,5357.065000,305.000000,196.000000,211.000000,292.000000,False,HARD,15.000000,True,Cadillac,5242.660000,,1,17.000000,False,,False,True
2026,10,Belgian Grand Prix,R,5471.114000,BOT,77,bottas,cadillac,114.137000,17.000000,2.000000,,,32.232000,51.772000,30.133000,5389.297000,5441.069000,5471.202000,305.000000,196.000000,211.000000,291.000000,False,HARD,16.000000,True,Cadillac,5356.977000,,1,16.000000,False,,False,True
2026,10,Belgian Grand Prix,R,5598.158000,BOT,77,bottas,cadillac,127.044000,18.000000,2.000000,,,41.458000,55.132000,30.454000,5512.660000,5567.792000,5598.246000,231.000000,195.000000,210.000000,209.000000,False,HARD,17.000000,True,Cadillac,5471.114000,,167,16.000000,False,,False,False
2026,10,Belgian Grand Prix,R,5712.876000,BOT,77,bottas,cadillac,114.718000,19.000000,2.000000,,,32.225000,52.166000,30.327000,5630.471000,5682.637000,5712.964000,305.000000,195.000000,211.000000,291.000000,False,HARD,18.000000,True,Cadillac,5598.158000,,1,16.000000,False,,False,True
2026,10,Belgian Grand Prix,R,5853.412000,BOT,77,bottas,cadillac,140.536000,20.000000,2.000000,,,40.773000,67.403000,32.360000,5753.737000,5821.140000,5853.500000,266.000000,152.000000,212.000000,210.000000,False,HARD,19.000000,True,Cadillac,5712.876000,,167,16.000000,False,,False,False
2026,10,Belgian Grand Prix,R,5969.459000,BOT,77,bottas,cadillac,116.047000,21.000000,2.000000,,,32.168000,53.857000,30.022000,5885.668000,5939.525000,5969.547000,306.000000,195.000000,213.000000,292.000000,False,HARD,20.000000,True,Cadillac,5853.412000,,1,18.000000,False,,False,True
2026,10,Belgian Grand Prix,R,6083.894000,BOT,77,bottas,cadillac,114.435000,22.000000,2.000000,,,31.991000,52.234000,30.210000,6001.538000,6053.772000,6083.982000,311.000000,196.000000,213.000000,293.000000,False,HARD,21.000000,True,Cadillac,5969.459000,,1,18.000000,False,,False,True
2026,10,Belgian Grand Prix,R,6198.613000,BOT,77,bottas,cadillac,114.719000,23.000000,2.000000,,,32.083000,52.225000,30.411000,6116.065000,6168.290000,6198.701000,307.000000,193.000000,211.000000,293.000000,False,HARD,22.000000,True,Cadillac,6083.894000,,1,18.000000,False,,False,True
2026,10,Belgian Grand Prix,R,6313.058000,BOT,77,bottas,cadillac,114.445000,24.000000,2.000000,,,32.165000,51.998000,30.282000,6230.866000,6282.864000,6313.146000,304.000000,195.000000,214.000000,292.000000,False,HARD,23.000000,True,Cadillac,6198.613000,,1,18.000000,False,,False,True
2026,10,Belgian Grand Prix,R,6428.089000,BOT,77,bottas,cadillac,115.031000,25.000000,2.000000,,,32.146000,52.381000,30.504000,6345.292000,6397.673000,6428.177000,304.000000,186.000000,212.000000,292.000000,False,HARD,24.000000,True,Cadillac,6313.058000,,1,18.000000,False,,False,True
2026,10,Belgian Grand Prix,R,6542.923000,BOT,77,bottas,cadillac,114.834000,26.000000,2.000000,,,32.335000,52.237000,30.262000,6460.512000,6512.749000,6543.011000,304.000000,189.000000,214.000000,291.000000,False,HARD,25.000000,True,Cadillac,6428.089000,,1,18.000000,False,,False,True
2026,10,Belgian Grand Prix,R,6657.782000,BOT,77,bottas,cadillac,114.859000,27.000000,2.000000,,,32.260000,52.413000,30.186000,6575.271000,6627.684000,6657.870000,303.000000,192.000000,213.000000,291.000000,False,HARD,26.000000,True,Cadillac,6542.923000,,1,18.000000,False,,False,True
2026,10,Belgian Grand Prix,R,6772.556000,BOT,77,bottas,cadillac,114.774000,28.000000,2.000000,,,32.123000,52.355000,30.296000,6689.993000,6742.348000,6772.644000,305.000000,194.000000,214.000000,291.000000,False,HARD,27.000000,True,Cadillac,6657.782000,,1,18.000000,False,,False,True
2026,10,Belgian Grand Prix,R,6886.956000,BOT,77,bottas,cadillac,114.400000,29.000000,2.000000,,,32.107000,52.313000,29.980000,6804.751000,6857.064000,6887.044000,305.000000,197.000000,213.000000,292.000000,False,HARD,28.000000,True,Cadillac,6772.556000,,1,18.000000,False,,False,True
2026,10,Belgian Grand Prix,R,7001.905000,BOT,77,bottas,cadillac,114.949000,30.000000,2.000000,,,32.258000,52.174000,30.517000,6919.302000,6971.476000,7001.993000,304.000000,191.000000,212.000000,292.000000,False,HARD,29.000000,True,Cadillac,6886.956000,,1,18.000000,False,,False,True
2026,10,Belgian Grand Prix,R,7117.066000,BOT,77,bottas,cadillac,115.161000,31.000000,2.000000,,,32.148000,52.612000,30.401000,7034.141000,7086.753000,7117.154000,302.000000,196.000000,213.000000,293.000000,False,HARD,30.000000,True,Cadillac,7001.905000,,1,18.000000,False,,False,True
2026,10,Belgian Grand Prix,R,7238.311000,BOT,77,bottas,cadillac,121.245000,32.000000,2.000000,,7234.532000,32.140000,52.547000,36.558000,7149.294000,7201.841000,7238.399000,303.000000,193.000000,,294.000000,False,HARD,31.000000,True,Cadillac,7117.066000,,1,18.000000,False,,False,False
2026,10,Belgian Grand Prix,R,7368.988000,BOT,77,bottas,cadillac,130.677000,33.000000,3.000000,7260.440000,,49.063000,51.653000,29.961000,7287.462000,7339.115000,7369.076000,309.000000,198.000000,215.000000,288.000000,False,SOFT,1.000000,True,Cadillac,7238.311000,,1,18.000000,False,,False,False
2026,10,Belgian Grand Prix,R,7482.508000,BOT,77,bottas,cadillac,113.520000,34.000000,3.000000,,,31.872000,51.933000,29.715000,7400.948000,7452.881000,7482.596000,303.000000,202.000000,214.000000,293.000000,False,SOFT,2.000000,True,Cadillac,7368.988000,,1,18.000000,False,,False,True
2026,10,Belgian Grand Prix,R,7594.519000,BOT,77,bottas,cadillac,112.011000,35.000000,3.000000,,,31.759000,50.474000,29.778000,7514.355000,7564.829000,7594.607000,309.000000,202.000000,214.000000,294.000000,True,SOFT,3.000000,True,Cadillac,7482.508000,,1,18.000000,False,,False,True
2026,10,Belgian Grand Prix,R,7707.306000,BOT,77,bottas,cadillac,112.787000,36.000000,3.000000,,,31.916000,51.017000,29.854000,7626.523000,7677.540000,7707.394000,305.000000,198.000000,215.000000,294.000000,False,SOFT,4.000000,True,Cadillac,7594.519000,,1,18.000000,False,,False,True
2026,10,Belgian Grand Prix,R,7820.306000,BOT,77,bottas,cadillac,113.000000,37.000000,3.000000,,,32.017000,51.056000,29.927000,7739.411000,7790.467000,7820.394000,303.000000,202.000000,214.000000,293.000000,False,SOFT,5.000000,True,Cadillac,7707.306000,,1,18.000000,False,,False,True
2026,10,Belgian Grand Prix,R,7936.568000,BOT,77,bottas,cadillac,116.262000,38.000000,3.000000,,,32.544000,53.871000,29.847000,7852.938000,7906.809000,7936.656000,203.000000,192.000000,214.000000,292.000000,False,SOFT,6.000000,True,Cadillac,7820.306000,,1,18.000000,False,,False,True
2026,10,Belgian Grand Prix,R,8048.986000,BOT,77,bottas,cadillac,112.418000,39.000000,3.000000,,,31.681000,50.970000,29.767000,7968.337000,8019.307000,8049.074000,310.000000,197.000000,215.000000,296.000000,False,SOFT,7.000000,True,Cadillac,7936.568000,,1,18.000000,False,,False,True
2026,10,Belgian Grand Prix,R,8161.527000,BOT,77,bottas,cadillac,112.541000,40.000000,3.000000,,,31.775000,51.002000,29.764000,8080.849000,8131.851000,8161.615000,304.000000,200.000000,213.000000,298.000000,False,SOFT,8.000000,True,Cadillac,8048.986000,,1,18.000000,False,,False,True
2026,10,Belgian Grand Prix,R,8274.181000,BOT,77,bottas,cadillac,112.654000,41.000000,3.000000,,,31.851000,50.995000,29.808000,8193.466000,8244.461000,8274.269000,306.000000,198.000000,216.000000,296.000000,False,SOFT,9.000000,True,Cadillac,8161.527000,,1,18.000000,False,,False,True
2026,10,Belgian Grand Prix,R,8386.832000,BOT,77,bottas,cadillac,112.651000,42.000000,3.000000,,,31.974000,50.875000,29.802000,8306.243000,8357.118000,8386.920000,305.000000,200.000000,215.000000,291.000000,False,SOFT,10.000000,True,Cadillac,8274.181000,,1,18.000000,False,,False,True
2026,10,Belgian Grand Prix,R,8499.628000,BOT,77,bottas,cadillac,112.796000,43.000000,3.000000,,,31.891000,51.030000,29.875000,8418.811000,8469.841000,8499.716000,304.000000,196.000000,220.000000,293.000000,False,SOFT,11.000000,True,Cadillac,8386.832000,,1,18.000000,False,,False,True
2026,10,Belgian Grand Prix,R,3511.371000,ALO,14,alonso,aston_martin,155.038000,1.000000,1.000000,,,,56.858000,60.124000,,3451.331000,3511.431000,327.000000,164.000000,177.000000,275.000000,False,HARD,1.000000,True,Aston Martin,3355.977000,,124,17.000000,False,,False,False
2026,10,Belgian Grand Prix,R,3666.887000,ALO,14,alonso,aston_martin,,2.000000,1.000000,,,35.842000,71.894000,47.881000,3547.219000,3619.066000,3667.083000,249.000000,101.000000,124.000000,265.000000,False,HARD,2.000000,True,Aston Martin,3511.371000,,4,15.000000,False,,False,False
2026,10,Belgian Grand Prix,R,3824.367000,ALO,14,alonso,aston_martin,,3.000000,1.000000,,,40.293000,72.340000,44.764000,3707.358000,3779.663000,3824.486000,223.000000,138.000000,182.000000,267.000000,False,HARD,3.000000,True,Aston Martin,3666.887000,,4,15.000000,False,,False,False
2026,10,Belgian Grand Prix,R,3977.757000,ALO,14,alonso,aston_martin,,4.000000,1.000000,,,43.443000,68.177000,41.882000,3867.890000,3936.024000,3978.025000,255.000000,137.000000,197.000000,253.000000,False,HARD,4.000000,True,Aston Martin,3824.367000,,41,15.000000,False,,False,False
2026,10,Belgian Grand Prix,R,4096.083000,ALO,14,alonso,aston_martin,118.326000,5.000000,1.000000,,,33.166000,54.361000,30.799000,4010.983000,4065.344000,4096.143000,303.000000,194.000000,201.000000,285.000000,True,HARD,5.000000,True,Aston Martin,3977.757000,,1,18.000000,False,,False,True
2026,10,Belgian Grand Prix,R,4212.826000,ALO,14,alonso,aston_martin,116.743000,6.000000,1.000000,,,32.468000,53.466000,30.809000,4128.611000,4182.077000,4212.886000,296.000000,193.000000,201.000000,293.000000,True,HARD,6.000000,True,Aston Martin,4096.083000,,1,20.000000,False,,False,True
2026,10,Belgian Grand Prix,R,4329.074000,ALO,14,alonso,aston_martin,116.248000,7.000000,1.000000,,,32.177000,53.378000,30.693000,4245.063000,4298.441000,4329.134000,322.000000,194.000000,202.000000,295.000000,True,HARD,7.000000,True,Aston Martin,4212.826000,,1,21.000000,False,,False,True
2026,10,Belgian Grand Prix,R,4446.079000,ALO,14,alonso,aston_martin,117.005000,8.000000,1.000000,,,32.443000,53.980000,30.582000,4361.577000,4415.557000,4446.139000,291.000000,193.000000,202.000000,293.000000,False,HARD,8.000000,True,Aston Martin,4329.074000,,12,21.000000,False,,False,True
2026,10,Belgian Grand Prix,R,4561.013000,ALO,14,alonso,aston_martin,114.934000,9.000000,1.000000,,,32.139000,52.213000,30.582000,4478.278000,4530.491000,4561.073000,309.000000,196.000000,203.000000,295.000000,True,HARD,9.000000,True,Aston Martin,4446.079000,,1,20.000000,False,,False,True
2026,10,Belgian Grand Prix,R,4676.317000,ALO,14,alonso,aston_martin,115.304000,10.000000,1.000000,,,32.865000,52.043000,30.396000,4593.938000,4645.981000,4676.377000,292.000000,196.000000,202.000000,289.000000,False,HARD,10.000000,True,Aston Martin,4561.013000,,1,20.000000,True,TRACK LIMITS AT TURN 4 LAP 10 ,False,True
2026,10,Belgian Grand Prix,R,4792.127000,ALO,14,alonso,aston_martin,115.810000,11.000000,1.000000,,,33.035000,52.066000,30.709000,4709.412000,4761.478000,4792.187000,291.000000,195.000000,202.000000,286.000000,False,HARD,11.000000,True,Aston Martin,4676.317000,,1,20.000000,False,,False,True
2026,10,Belgian Grand Prix,R,4907.964000,ALO,14,alonso,aston_martin,115.837000,12.000000,1.000000,,,32.856000,52.205000,30.776000,4825.043000,4877.248000,4908.024000,293.000000,194.000000,202.000000,289.000000,False,HARD,12.000000,True,Aston Martin,4792.127000,,1,19.000000,False,,False,True
2026,10,Belgian Grand Prix,R,5023.623000,ALO,14,alonso,aston_martin,115.659000,13.000000,1.000000,,,32.888000,52.061000,30.710000,4940.912000,4992.973000,5023.683000,289.000000,192.000000,202.000000,289.000000,False,HARD,13.000000,True,Aston Martin,4907.964000,,1,19.000000,False,,False,True
2026,10,Belgian Grand Prix,R,5139.801000,ALO,14,alonso,aston_martin,116.178000,14.000000,1.000000,,,33.056000,52.276000,30.846000,5056.739000,5109.015000,5139.861000,291.000000,196.000000,200.000000,288.000000,False,HARD,14.000000,True,Aston Martin,5023.623000,,1,19.000000,False,,False,True
2026,10,Belgian Grand Prix,R,5256.228000,ALO,14,alonso,aston_martin,116.427000,15.000000,1.000000,,,33.158000,52.273000,30.996000,5173.019000,5225.292000,5256.288000,290.000000,194.000000,201.000000,289.000000,False,HARD,15.000000,True,Aston Martin,5139.801000,,1,19.000000,False,,False,True
2026,10,Belgian Grand Prix,R,5371.547000,ALO,14,alonso,aston_martin,115.319000,16.000000,1.000000,,,32.508000,52.206000,30.605000,5288.796000,5341.002000,5371.607000,302.000000,197.000000,202.000000,292.000000,False,HARD,16.000000,True,Aston Martin,5256.228000,,1,19.000000,False,,False,True
2026,10,Belgian Grand Prix,R,5491.295000,ALO,14,alonso,aston_martin,119.748000,17.000000,1.000000,,,32.881000,51.922000,34.945000,5404.488000,5456.410000,5491.355000,293.000000,196.000000,126.000000,291.000000,False,HARD,17.000000,True,Aston Martin,5371.547000,,16,19.000000,False,,False,False
2026,10,Belgian Grand Prix,R,5614.561000,ALO,14,alonso,aston_martin,123.266000,18.000000,1.000000,,,40.283000,52.197000,30.786000,5531.638000,5583.835000,5614.621000,298.000000,197.000000,202.000000,286.000000,False,HARD,18.000000,True,Aston Martin,5491.295000,,671,19.000000,False,,False,False
2026,10,Belgian Grand Prix,R,5737.181000,ALO,14,alonso,aston_martin,122.620000,19.000000,1.000000,,5733.542000,33.081000,51.962000,37.577000,5647.702000,5699.664000,5737.241000,289.000000,198.000000,,288.000000,False,HARD,19.000000,True,Aston Martin,5614.561000,,16,19.000000,False,,False,False
2026,10,Belgian Grand Prix,R,5882.359000,ALO,14,alonso,aston_martin,145.178000,20.000000,2.000000,5756.634000,,53.719000,60.698000,30.761000,5790.960000,5851.658000,5882.419000,249.000000,199.000000,202.000000,203.000000,False,SOFT,1.000000,True,Aston Martin,5737.181000,,671,19.000000,False,,False,False
2026,10,Belgian Grand Prix,R,5996.036000,ALO,14,alonso,aston_martin,113.677000,21.000000,2.000000,,,32.593000,50.474000,30.610000,5915.012000,5965.486000,5996.096000,292.000000,204.000000,201.000000,290.000000,True,SOFT,2.000000,True,Aston Martin,5882.359000,,1,19.000000,False,,False,True
2026,10,Belgian Grand Prix,R,6110.201000,ALO,14,alonso,aston_martin,114.165000,22.000000,2.000000,,,32.865000,50.480000,30.820000,6028.961000,6079.441000,6110.261000,290.000000,200.000000,202.000000,289.000000,False,SOFT,3.000000,True,Aston Martin,5996.036000,,1,19.000000,False,,False,True
2026,10,Belgian Grand Prix,R,6224.660000,ALO,14,alonso,aston_martin,114.459000,23.000000,2.000000,,,32.793000,50.744000,30.922000,6143.054000,6193.798000,6224.720000,290.000000,203.000000,204.000000,289.000000,False,SOFT,4.000000,True,Aston Martin,6110.201000,,1,19.000000,False,,False,True
2026,10,Belgian Grand Prix,R,6339.415000,ALO,14,alonso,aston_martin,114.755000,24.000000,2.000000,,,32.444000,51.488000,30.823000,6257.164000,6308.652000,6339.475000,293.000000,201.000000,203.000000,290.000000,False,SOFT,5.000000,True,Aston Martin,6224.660000,,1,19.000000,False,,False,True
2026,10,Belgian Grand Prix,R,6453.703000,ALO,14,alonso,aston_martin,114.288000,25.000000,2.000000,,,32.643000,50.996000,30.649000,6372.118000,6423.114000,6453.763000,293.000000,197.000000,204.000000,288.000000,False,SOFT,6.000000,True,Aston Martin,6339.415000,,1,19.000000,False,,False,True
2026,10,Belgian Grand Prix,R,6568.260000,ALO,14,alonso,aston_martin,114.557000,26.000000,2.000000,,,32.633000,51.236000,30.688000,6486.396000,6537.632000,6568.320000,292.000000,197.000000,204.000000,290.000000,False,SOFT,7.000000,True,Aston Martin,6453.703000,,1,19.000000,False,,False,True
2026,10,Belgian Grand Prix,R,6684.338000,ALO,14,alonso,aston_martin,116.078000,27.000000,2.000000,,,32.662000,52.424000,30.992000,6600.982000,6653.406000,6684.398000,292.000000,196.000000,203.000000,288.000000,False,SOFT,8.000000,True,Aston Martin,6568.260000,,1,19.000000,False,,False,True
2026,10,Belgian Grand Prix,R,6803.084000,ALO,14,alonso,aston_martin,118.746000,28.000000,2.000000,,,32.160000,54.805000,31.781000,6716.558000,6771.363000,6803.144000,307.000000,186.000000,201.000000,293.000000,False,SOFT,9.000000,True,Aston Martin,6684.338000,,1,19.000000,False,,False,True
2026,10,Belgian Grand Prix,R,6925.125000,ALO,14,alonso,aston_martin,122.041000,29.000000,2.000000,,,34.501000,56.261000,31.279000,6837.645000,6893.906000,6925.185000,302.000000,186.000000,200.000000,293.000000,False,SOFT,10.000000,True,Aston Martin,6803.084000,,1,19.000000,False,,False,True
2026,10,Belgian Grand Prix,R,7041.996000,ALO,14,alonso,aston_martin,116.871000,30.000000,2.000000,,,33.194000,52.933000,30.744000,6958.379000,7011.312000,7042.056000,294.000000,195.000000,203.000000,293.000000,False,SOFT,11.000000,True,Aston Martin,6925.125000,,1,19.000000,False,,False,True
2026,10,Belgian Grand Prix,R,7166.120000,ALO,14,alonso,aston_martin,124.124000,31.000000,2.000000,,7162.445000,33.566000,52.808000,37.750000,7075.622000,7128.430000,7166.180000,296.000000,195.000000,,305.000000,False,SOFT,12.000000,True,Aston Martin,7041.996000,,1,19.000000,False,,False,False
2026,10,Belgian Grand Prix,R,7299.159000,ALO,14,alonso,aston_martin,133.039000,32.000000,3.000000,7187.181000,,49.867000,52.181000,30.991000,7216.047000,7268.228000,7299.219000,295.000000,197.000000,203.000000,290.000000,False,HARD,1.000000,True,Aston Martin,7166.120000,,1,19.000000,False,,False,False
2026,10,Belgian Grand Prix,R,7414.960000,ALO,14,alonso,aston_martin,115.801000,33.000000,3.000000,,,32.583000,51.180000,32.038000,7331.802000,7382.982000,7415.020000,303.000000,193.000000,204.000000,293.000000,False,HARD,2.000000,True,Aston Martin,7299.159000,,1,19.000000,False,,False,True
2026,10,Belgian Grand Prix,R,7527.908000,ALO,14,alonso,aston_martin,112.948000,34.000000,3.000000,,,31.855000,50.962000,30.131000,7446.875000,7497.837000,7527.968000,313.000000,203.000000,206.000000,296.000000,True,HARD,3.000000,True,Aston Martin,7414.960000,,1,19.000000,False,,False,True
2026,10,Belgian Grand Prix,R,7645.811000,ALO,14,alonso,aston_martin,117.903000,35.000000,3.000000,,,32.725000,53.194000,31.984000,7560.693000,7613.887000,7645.871000,282.000000,195.000000,205.000000,288.000000,False,HARD,4.000000,True,Aston Martin,7527.908000,,1,19.000000,False,,False,True
2026,10,Belgian Grand Prix,R,7759.042000,ALO,14,alonso,aston_martin,113.231000,36.000000,3.000000,,,32.053000,50.582000,30.596000,7677.924000,7728.506000,7759.102000,308.000000,203.000000,200.000000,293.000000,False,HARD,5.000000,True,Aston Martin,7645.811000,,1,19.000000,False,,False,True
2026,10,Belgian Grand Prix,R,7874.450000,ALO,14,alonso,aston_martin,115.408000,37.000000,3.000000,,,32.793000,52.758000,29.857000,7791.895000,7844.653000,7874.510000,295.000000,198.000000,205.000000,295.000000,False,HARD,6.000000,True,Aston Martin,7759.042000,,1,19.000000,False,,False,True
2026,10,Belgian Grand Prix,R,7991.261000,ALO,14,alonso,aston_martin,116.811000,38.000000,3.000000,,,32.875000,53.106000,30.830000,7907.385000,7960.491000,7991.321000,248.000000,194.000000,203.000000,297.000000,False,HARD,7.000000,True,Aston Martin,7874.450000,,1,19.000000,False,,False,True
2026,10,Belgian Grand Prix,R,8107.041000,ALO,14,alonso,aston_martin,115.780000,39.000000,3.000000,,,32.834000,51.956000,30.990000,8024.155000,8076.111000,8107.101000,287.000000,197.000000,203.000000,290.000000,False,HARD,8.000000,True,Aston Martin,7991.261000,,1,19.000000,False,,False,True
2026,10,Belgian Grand Prix,R,8225.067000,ALO,14,alonso,aston_martin,118.026000,40.000000,3.000000,,,33.538000,53.235000,31.253000,8140.639000,8193.874000,8225.127000,237.000000,198.000000,202.000000,289.000000,False,HARD,9.000000,True,Aston Martin,8107.041000,,1,19.000000,False,,False,True
2026,10,Belgian Grand Prix,R,8342.414000,ALO,14,alonso,aston_martin,117.347000,41.000000,3.000000,,,32.726000,53.756000,30.865000,8257.853000,8311.609000,8342.474000,283.000000,194.000000,202.000000,293.000000,False,HARD,10.000000,True,Aston Martin,8225.067000,,1,19.000000,False,,False,True
2026,10,Belgian Grand Prix,R,8459.530000,ALO,14,alonso,aston_martin,117.116000,42.000000,3.000000,,,32.505000,52.402000,32.209000,8374.979000,8427.381000,8459.590000,301.000000,191.000000,198.000000,292.000000,False,HARD,11.000000,True,Aston Martin,8342.414000,,1,19.000000,False,,False,True
2026,10,Belgian Grand Prix,R,3512.734000,STR,18,stroll,aston_martin,156.530000,1.000000,1.000000,,,,57.231000,61.001000,,3451.893000,3512.805000,296.000000,139.000000,171.000000,274.000000,False,HARD,1.000000,True,Aston Martin,3355.977000,,124,19.000000,False,,False,False
2026,10,Belgian Grand Prix,R,3669.287000,STR,18,stroll,aston_martin,,2.000000,1.000000,,,36.306000,71.217000,49.002000,3549.260000,3620.356000,3669.368000,246.000000,115.000000,108.000000,266.000000,False,HARD,2.000000,True,Aston Martin,3512.734000,,4,16.000000,False,,False,False
2026,10,Belgian Grand Prix,R,3825.894000,STR,18,stroll,aston_martin,,3.000000,1.000000,,,39.362000,71.948000,45.296000,3708.736000,3780.669000,3826.064000,252.000000,155.000000,181.000000,260.000000,False,HARD,3.000000,True,Aston Martin,3669.287000,,4,16.000000,False,,False,False
2026,10,Belgian Grand Prix,R,3978.385000,STR,18,stroll,aston_martin,,4.000000,1.000000,,,43.833000,66.803000,41.913000,3869.894000,3936.663000,3978.708000,265.000000,156.000000,200.000000,266.000000,False,HARD,4.000000,True,Aston Martin,3825.894000,,41,16.000000,False,,False,False
2026,10,Belgian Grand Prix,R,4095.312000,STR,18,stroll,aston_martin,116.927000,5.000000,1.000000,,,32.484000,53.255000,31.188000,4010.940000,4064.195000,4095.383000,314.000000,195.000000,200.000000,294.000000,True,HARD,5.000000,True,Aston Martin,3978.385000,,1,17.000000,False,,False,True
2026,10,Belgian Grand Prix,R,4211.864000,STR,18,stroll,aston_martin,116.552000,6.000000,1.000000,,,32.567000,52.030000,31.955000,4127.950000,4179.980000,4211.935000,303.000000,195.000000,200.000000,290.000000,True,HARD,6.000000,True,Aston Martin,4095.312000,,1,19.000000,False,,False,True
2026,10,Belgian Grand Prix,R,4327.588000,STR,18,stroll,aston_martin,115.724000,7.000000,1.000000,,,32.298000,52.615000,30.811000,4244.233000,4296.848000,4327.659000,310.000000,193.000000,200.000000,293.000000,True,HARD,7.000000,True,Aston Martin,4211.864000,,1,19.000000,False,,False,True
2026,10,Belgian Grand Prix,R,4445.543000,STR,18,stroll,aston_martin,117.955000,8.000000,1.000000,,,33.086000,54.116000,30.753000,4360.745000,4414.861000,4445.614000,290.000000,192.000000,200.000000,283.000000,False,HARD,8.000000,True,Aston Martin,4327.588000,,12,20.000000,False,,False,True
2026,10,Belgian Grand Prix,R,4561.947000,STR,18,stroll,aston_martin,116.404000,9.000000,1.000000,,,32.819000,52.904000,30.681000,4478.433000,4531.337000,4562.018000,296.000000,193.000000,200.000000,290.000000,False,HARD,9.000000,True,Aston Martin,4445.543000,,1,21.000000,False,,False,True
2026,10,Belgian Grand Prix,R,4677.504000,STR,18,stroll,aston_martin,115.557000,10.000000,1.000000,,,32.534000,52.549000,30.474000,4594.552000,4647.101000,4677.575000,301.000000,192.000000,201.000000,290.000000,True,HARD,10.000000,True,Aston Martin,4561.947000,,1,21.000000,False,,False,True
2026,10,Belgian Grand Prix,R,4793.107000,STR,18,stroll,aston_martin,115.603000,11.000000,1.000000,,,32.842000,52.337000,30.424000,4710.417000,4762.754000,4793.178000,300.000000,193.000000,200.000000,289.000000,False,HARD,11.000000,True,Aston Martin,4677.504000,,1,21.000000,False,,False,True
2026,10,Belgian Grand Prix,R,4909.134000,STR,18,stroll,aston_martin,116.027000,12.000000,1.000000,,,33.101000,52.367000,30.559000,4826.279000,4878.646000,4909.205000,295.000000,192.000000,202.000000,287.000000,False,HARD,12.000000,True,Aston Martin,4793.107000,,1,20.000000,False,,False,True
2026,10,Belgian Grand Prix,R,5025.164000,STR,18,stroll,aston_martin,116.030000,13.000000,1.000000,,,32.826000,52.490000,30.714000,4942.031000,4994.521000,5025.235000,298.000000,190.000000,202.000000,288.000000,False,HARD,13.000000,True,Aston Martin,4909.134000,,1,20.000000,False,,False,True
2026,10,Belgian Grand Prix,R,5141.449000,STR,18,stroll,aston_martin,116.285000,14.000000,1.000000,,,32.957000,52.480000,30.848000,5058.192000,5110.672000,5141.520000,297.000000,192.000000,202.000000,288.000000,False,HARD,14.000000,True,Aston Martin,5025.164000,,1,20.000000,False,,False,True
2026,10,Belgian Grand Prix,R,5258.211000,STR,18,stroll,aston_martin,116.762000,15.000000,1.000000,,,32.708000,53.261000,30.793000,5174.228000,5227.489000,5258.282000,291.000000,193.000000,201.000000,285.000000,False,HARD,15.000000,True,Aston Martin,5141.449000,,1,20.000000,False,,False,True
2026,10,Belgian Grand Prix,R,5374.506000,STR,18,stroll,aston_martin,116.295000,16.000000,1.000000,,,33.167000,52.331000,30.797000,5291.449000,5343.780000,5374.577000,292.000000,195.000000,202.000000,286.000000,False,HARD,16.000000,True,Aston Martin,5258.211000,,1,20.000000,False,,False,True
2026,10,Belgian Grand Prix,R,5496.230000,STR,18,stroll,aston_martin,121.724000,17.000000,1.000000,,5492.639000,32.791000,52.280000,36.653000,5407.368000,5459.648000,5496.301000,298.000000,193.000000,,289.000000,False,HARD,17.000000,True,Aston Martin,5374.506000,,16,20.000000,False,,False,False
2026,10,Belgian Grand Prix,R,5633.050000,STR,18,stroll,aston_martin,136.820000,18.000000,2.000000,5524.233000,,55.237000,50.966000,30.617000,5551.538000,5602.504000,5633.121000,296.000000,199.000000,203.000000,288.000000,False,SOFT,1.000000,True,Aston Martin,5496.230000,,671,20.000000,False,,False,False
2026,10,Belgian Grand Prix,R,5755.340000,STR,18,stroll,aston_martin,122.290000,19.000000,2.000000,,,32.629000,51.225000,38.436000,5665.750000,5716.975000,5755.411000,291.000000,195.000000,162.000000,289.000000,False,SOFT,2.000000,True,Aston Martin,5633.050000,,16,20.000000,False,,False,False
2026,10,Belgian Grand Prix,R,5889.067000,STR,18,stroll,aston_martin,133.727000,20.000000,2.000000,,,42.649000,60.231000,30.847000,5798.060000,5858.291000,5889.138000,243.000000,196.000000,202.000000,216.000000,False,SOFT,3.000000,True,Aston Martin,5755.340000,,671,20.000000,False,,False,False
2026,10,Belgian Grand Prix,R,6003.047000,STR,18,stroll,aston_martin,113.980000,21.000000,2.000000,,,32.465000,50.885000,30.630000,5921.603000,5972.488000,6003.118000,296.000000,199.000000,203.000000,290.000000,True,SOFT,4.000000,True,Aston Martin,5889.067000,,1,20.000000,False,,False,True
2026,10,Belgian Grand Prix,R,6117.419000,STR,18,stroll,aston_martin,114.372000,22.000000,2.000000,,,32.651000,50.954000,30.767000,6035.769000,6086.723000,6117.490000,293.000000,194.000000,203.000000,290.000000,False,SOFT,5.000000,True,Aston Martin,6003.047000,,1,20.000000,False,,False,True
2026,10,Belgian Grand Prix,R,6232.204000,STR,18,stroll,aston_martin,114.785000,23.000000,2.000000,,,32.957000,51.010000,30.818000,6150.447000,6201.457000,6232.275000,289.000000,197.000000,204.000000,288.000000,False,SOFT,6.000000,True,Aston Martin,6117.419000,,1,20.000000,False,,False,True
2026,10,Belgian Grand Prix,R,6346.835000,STR,18,stroll,aston_martin,114.631000,24.000000,2.000000,,,32.691000,51.114000,30.826000,6264.966000,6316.080000,6346.906000,292.000000,195.000000,201.000000,290.000000,False,SOFT,7.000000,True,Aston Martin,6232.204000,,1,20.000000,False,,False,True
2026,10,Belgian Grand Prix,R,6476.756000,STR,18,stroll,aston_martin,129.921000,25.000000,2.000000,,6473.043000,32.653000,52.963000,44.305000,6379.559000,6432.522000,6476.827000,294.000000,190.000000,,289.000000,False,SOFT,8.000000,True,Aston Martin,6346.835000,,1,20.000000,False,,False,False
2026,10,Belgian Grand Prix,R,3511.890000,PER,11,perez,cadillac,155.709000,1.000000,1.000000,,3508.071000,,56.924000,61.499000,,3450.539000,3512.127000,326.000000,184.000000,,278.000000,False,HARD,1.000000,True,Cadillac,3355.977000,,124,18.000000,False,,False,False
2026,10,Belgian Grand Prix,R,3671.620000,PER,11,perez,cadillac,,2.000000,2.000000,3533.666000,,52.713000,60.164000,46.855000,3564.749000,3624.966000,3671.844000,297.000000,113.000000,108.000000,229.000000,False,SOFT,1.000000,True,Cadillac,3511.890000,,4,19.000000,False,,False,False
2026,10,Belgian Grand Prix,R,3827.891000,PER,11,perez,cadillac,,3.000000,2.000000,,,38.892000,71.916000,45.472000,3710.738000,3782.652000,3828.039000,239.000000,147.000000,206.000000,252.000000,False,SOFT,2.000000,True,Cadillac,3671.620000,,4,18.000000,False,,False,False
2026,10,Belgian Grand Prix,R,3979.204000,PER,11,perez,cadillac,,4.000000,2.000000,,,43.820000,66.485000,41.031000,3871.869000,3938.356000,3979.529000,245.000000,156.000000,213.000000,264.000000,False,SOFT,3.000000,True,Cadillac,3827.891000,,41,18.000000,False,,False,False
2026,10,Belgian Grand Prix,R,4096.280000,PER,11,perez,cadillac,117.076000,5.000000,2.000000,,,32.344000,54.100000,30.632000,4011.696000,4065.796000,4096.428000,312.000000,194.000000,210.000000,288.000000,True,SOFT,4.000000,True,Cadillac,3979.204000,,1,19.000000,False,,False,True
2026,10,Belgian Grand Prix,R,4210.786000,PER,11,perez,cadillac,114.506000,6.000000,2.000000,,,31.918000,52.287000,30.301000,4128.346000,4180.633000,4210.934000,316.000000,198.000000,210.000000,295.000000,True,SOFT,5.000000,True,Cadillac,4096.280000,,1,17.000000,False,,False,True
2026,10,Belgian Grand Prix,R,4325.778000,PER,11,perez,cadillac,114.992000,7.000000,2.000000,,,32.503000,52.203000,30.286000,4243.437000,4295.640000,4325.926000,308.000000,197.000000,211.000000,289.000000,False,SOFT,6.000000,True,Cadillac,4210.786000,,1,18.000000,False,,False,True
2026,10,Belgian Grand Prix,R,4439.753000,PER,11,perez,cadillac,113.975000,8.000000,2.000000,,,32.158000,51.621000,30.196000,4358.084000,4409.705000,4439.901000,312.000000,199.000000,210.000000,291.000000,True,SOFT,7.000000,True,Cadillac,4325.778000,,12,18.000000,False,,False,True
2026,10,Belgian Grand Prix,R,4553.230000,PER,11,perez,cadillac,113.477000,9.000000,2.000000,,,32.132000,51.346000,29.999000,4472.033000,4523.379000,4553.378000,311.000000,199.000000,211.000000,292.000000,False,SOFT,8.000000,True,Cadillac,4439.753000,,1,18.000000,True,TRACK LIMITS AT TURN 4 LAP 9 ,False,True
2026,10,Belgian Grand Prix,R,4666.750000,PER,11,perez,cadillac,113.520000,10.000000,2.000000,,,32.038000,51.237000,30.245000,4585.416000,4636.653000,4666.898000,311.000000,199.000000,211.000000,289.000000,True,SOFT,9.000000,True,Cadillac,4553.230000,,1,18.000000,False,,False,True
2026,10,Belgian Grand Prix,R,4780.328000,PER,11,perez,cadillac,113.578000,11.000000,2.000000,,,32.046000,51.369000,30.163000,4698.944000,4750.313000,4780.476000,309.000000,193.000000,210.000000,290.000000,False,SOFT,10.000000,True,Cadillac,4666.750000,,1,18.000000,False,,False,True
2026,10,Belgian Grand Prix,R,4909.484000,PER,11,perez,cadillac,129.156000,12.000000,2.000000,,4905.815000,32.180000,55.351000,41.625000,4812.656000,4868.007000,4909.632000,309.000000,131.000000,,288.000000,False,SOFT,11.000000,True,Cadillac,4780.328000,,1,21.000000,False,,False,False
2026,10,Belgian Grand Prix,R,5070.436000,PER,11,perez,cadillac,,13.000000,3.000000,4933.345000,5066.655000,59.863000,60.891000,40.135000,4969.630000,5030.490000,5070.584000,232.000000,161.000000,,202.000000,False,HARD,2.000000,False,Cadillac,4909.484000,,1,21.000000,False,,False,False
2026,10,Belgian Grand Prix,R,3477.622000,RUS,63,russell,mercedes,,1.000000,1.000000,,,,,,,,,,,,,False,MEDIUM,1.000000,True,Mercedes,3355.977000,,124,,False,,True,False
