season,round,event_name,session_type,Time_s,Driver,DriverNumber,DriverId,TeamId,LapTime_s,LapNumber,Stint,PitOutTime_s,PitInTime_s,Sector1Time_s,Sector2Time_s,Sector3Time_s,Sector1SessionTime_s,Sector2SessionTime_s,Sector3SessionTime_s,SpeedI1,SpeedI2,SpeedFL,SpeedST,IsPersonalBest,Compound,TyreLife,FreshTyre,Team,LapStartTime_s,LapStartDate,TrackStatus,Position,Deleted,DeletedReason,FastF1Generated,IsAccurate
2026,2,Chinese Grand Prix,R,3486.903000,GAS,10,gasly,alpine,102.591000,1.000000,1.000000,,,,30.332000,42.559000,,3444.597000,3487.033000,283.000000,265.000000,272.000000,337.000000,False,MEDIUM,1.000000,True,Alpine,3384.050000,,12,5.000000,False,,False,False
2026,2,Chinese Grand Prix,R,3585.820000,GAS,10,gasly,alpine,98.917000,2.000000,1.000000,,,26.232000,30.273000,42.412000,3513.192000,3543.465000,3585.877000,275.000000,261.000000,268.000000,320.000000,True,MEDIUM,2.000000,True,Alpine,3486.903000,,1,5.000000,False,,False,True
2026,2,Chinese Grand Prix,R,3684.743000,GAS,10,gasly,alpine,98.923000,3.000000,1.000000,,,26.327000,30.046000,42.550000,3612.204000,3642.250000,3684.800000,272.000000,261.000000,265.000000,314.000000,False,MEDIUM,3.000000,True,Alpine,3585.820000,,1,5.000000,False,,False,True
2026,2,Chinese Grand Prix,R,3783.460000,GAS,10,gasly,alpine,98.717000,4.000000,1.000000,,,26.278000,29.879000,42.560000,3711.078000,3740.957000,3783.517000,274.000000,260.000000,269.000000,314.000000,True,MEDIUM,4.000000,True,Alpine,3684.743000,,1,5.000000,False,,False,True
2026,2,Chinese Grand Prix,R,3881.934000,GAS,10,gasly,alpine,98.474000,5.000000,1.000000,,,26.142000,29.826000,42.506000,3809.659000,3839.485000,3881.991000,272.000000,259.000000,269.000000,312.000000,True,MEDIUM,5.000000,True,Alpine,3783.460000,,1,5.000000,False,,False,True
2026,2,Chinese Grand Prix,R,3980.232000,GAS,10,gasly,alpine,98.298000,6.000000,1.000000,,,26.134000,29.798000,42.366000,3908.125000,3937.923000,3980.289000,272.000000,262.000000,271.000000,314.000000,True,MEDIUM,6.000000,True,Alpine,3881.934000,,1,5.000000,False,,False,True
2026,2,Chinese Grand Prix,R,4078.867000,GAS,10,gasly,alpine,98.635000,7.000000,1.000000,,,26.039000,30.089000,42.507000,4006.328000,4036.417000,4078.924000,272.000000,258.000000,268.000000,313.000000,False,MEDIUM,7.000000,True,Alpine,3980.232000,,1,5.000000,False,,False,True
2026,2,Chinese Grand Prix,R,4177.294000,GAS,10,gasly,alpine,98.427000,8.000000,1.000000,,,26.030000,29.874000,42.523000,4104.954000,4134.828000,4177.351000,272.000000,258.000000,267.000000,312.000000,False,MEDIUM,8.000000,True,Alpine,4078.867000,,1,5.000000,False,,False,True
2026,2,Chinese Grand Prix,R,4275.903000,GAS,10,gasly,alpine,98.609000,9.000000,1.000000,,,26.192000,29.903000,42.514000,4203.543000,4233.446000,4275.960000,272.000000,257.000000,268.000000,311.000000,False,MEDIUM,9.000000,True,Alpine,4177.294000,,1,5.000000,False,,False,True
2026,2,Chinese Grand Prix,R,4388.897000,GAS,10,gasly,alpine,112.994000,10.000000,1.000000,,4387.031000,26.099000,29.860000,57.035000,4302.059000,4331.919000,4388.954000,271.000000,258.000000,,215.000000,False,MEDIUM,10.000000,True,Alpine,4275.903000,,124,5.000000,False,,False,False
2026,2,Chinese Grand Prix,R,4547.651000,GAS,10,gasly,alpine,,11.000000,2.000000,4410.471000,,54.680000,40.781000,63.178000,4443.843000,4484.530000,4547.712000,238.000000,221.000000,203.000000,257.000000,False,HARD,1.000000,True,Alpine,4388.897000,,4,9.000000,False,,False,False
2026,2,Chinese Grand Prix,R,4697.634000,GAS,10,gasly,alpine,,12.000000,2.000000,,,42.739000,44.215000,63.121000,4590.356000,4634.642000,4697.733000,207.000000,200.000000,157.000000,154.000000,False,HARD,2.000000,True,Alpine,4547.651000,,4,9.000000,False,,False,False
2026,2,Chinese Grand Prix,R,4843.193000,GAS,10,gasly,alpine,145.559000,13.000000,2.000000,,,36.457000,45.437000,63.665000,4734.148000,4779.585000,4843.250000,207.000000,183.000000,250.000000,184.000000,False,HARD,3.000000,True,Alpine,4697.634000,,41,9.000000,False,,False,False
2026,2,Chinese Grand Prix,R,4943.601000,GAS,10,gasly,alpine,100.408000,14.000000,2.000000,,,27.047000,30.627000,42.734000,4870.297000,4900.924000,4943.658000,279.000000,264.000000,266.000000,328.000000,False,HARD,4.000000,True,Alpine,4843.193000,,1,10.000000,False,,False,True
2026,2,Chinese Grand Prix,R,5042.484000,GAS,10,gasly,alpine,98.883000,15.000000,2.000000,,,26.131000,30.252000,42.500000,4969.789000,5000.041000,5042.541000,282.000000,272.000000,268.000000,353.000000,False,HARD,5.000000,True,Alpine,4943.601000,,1,10.000000,False,,False,True
2026,2,Chinese Grand Prix,R,5141.128000,GAS,10,gasly,alpine,98.644000,16.000000,2.000000,,,26.058000,30.253000,42.333000,5068.599000,5098.852000,5141.185000,287.000000,270.000000,274.000000,338.000000,False,HARD,6.000000,True,Alpine,5042.484000,,1,9.000000,False,,False,True
2026,2,Chinese Grand Prix,R,5239.366000,GAS,10,gasly,alpine,98.238000,17.000000,2.000000,,,25.803000,30.300000,42.135000,5166.988000,5197.288000,5239.423000,286.000000,269.000000,271.000000,337.000000,True,HARD,7.000000,True,Alpine,5141.128000,,1,8.000000,False,,False,True
2026,2,Chinese Grand Prix,R,5336.959000,GAS,10,gasly,alpine,97.593000,18.000000,2.000000,,,25.714000,29.545000,42.334000,5265.137000,5294.682000,5337.016000,282.000000,263.000000,255.000000,343.000000,True,HARD,8.000000,True,Alpine,5239.366000,,12,8.000000,False,,False,True
2026,2,Chinese Grand Prix,R,5436.284000,GAS,10,gasly,alpine,99.325000,19.000000,2.000000,,,26.154000,30.545000,42.626000,5363.170000,5393.715000,5436.341000,280.000000,259.000000,271.000000,327.000000,False,HARD,9.000000,True,Alpine,5336.959000,,1,8.000000,False,,False,True
2026,2,Chinese Grand Prix,R,5535.788000,GAS,10,gasly,alpine,99.504000,20.000000,2.000000,,,27.158000,30.103000,42.243000,5463.499000,5493.602000,5535.845000,280.000000,266.000000,273.000000,332.000000,False,HARD,10.000000,True,Alpine,5436.284000,,1,9.000000,False,,False,True
2026,2,Chinese Grand Prix,R,5634.996000,GAS,10,gasly,alpine,99.208000,21.000000,2.000000,,,26.059000,30.115000,43.034000,5561.904000,5592.019000,5635.053000,284.000000,272.000000,248.000000,343.000000,False,HARD,11.000000,True,Alpine,5535.788000,,1,9.000000,False,,False,True
2026,2,Chinese Grand Prix,R,5734.334000,GAS,10,gasly,alpine,99.338000,22.000000,2.000000,,,26.564000,30.393000,42.381000,5661.617000,5692.010000,5734.391000,277.000000,268.000000,274.000000,333.000000,False,HARD,12.000000,True,Alpine,5634.996000,,1,10.000000,False,,False,True
2026,2,Chinese Grand Prix,R,5832.401000,GAS,10,gasly,alpine,98.067000,23.000000,2.000000,,,25.759000,30.001000,42.307000,5760.150000,5790.151000,5832.458000,291.000000,269.000000,273.000000,328.000000,False,HARD,13.000000,True,Alpine,5734.334000,,1,9.000000,False,,False,True
2026,2,Chinese Grand Prix,R,5930.774000,GAS,10,gasly,alpine,98.373000,24.000000,2.000000,,,25.781000,29.894000,42.698000,5858.239000,5888.133000,5930.831000,283.000000,269.000000,267.000000,336.000000,False,HARD,14.000000,True,Alpine,5832.401000,,1,9.000000,False,,False,True
2026,2,Chinese Grand Prix,R,6029.342000,GAS,10,gasly,alpine,98.568000,25.000000,2.000000,,,26.280000,30.069000,42.219000,5957.111000,5987.180000,6029.399000,280.000000,265.000000,276.000000,335.000000,False,HARD,15.000000,True,Alpine,5930.774000,,1,9.000000,False,,False,True
2026,2,Chinese Grand Prix,R,6127.162000,GAS,10,gasly,alpine,97.820000,26.000000,2.000000,,,25.953000,29.802000,42.065000,6055.352000,6085.154000,6127.219000,280.000000,270.000000,274.000000,333.000000,False,HARD,16.000000,True,Alpine,6029.342000,,1,9.000000,False,,False,True
2026,2,Chinese Grand Prix,R,6225.325000,GAS,10,gasly,alpine,98.163000,27.000000,2.000000,,,25.744000,29.934000,42.485000,6152.963000,6182.897000,6225.382000,286.000000,270.000000,271.000000,332.000000,False,HARD,17.000000,True,Alpine,6127.162000,,12,9.000000,False,,False,True
2026,2,Chinese Grand Prix,R,6323.550000,GAS,10,gasly,alpine,98.225000,28.000000,2.000000,,,25.886000,29.866000,42.473000,6251.268000,6281.134000,6323.607000,284.000000,269.000000,268.000000,335.000000,False,HARD,18.000000,True,Alpine,6225.325000,,21,8.000000,False,,False,True
2026,2,Chinese Grand Prix,R,6421.116000,GAS,10,gasly,alpine,97.566000,29.000000,2.000000,,,25.857000,29.475000,42.234000,6349.464000,6378.939000,6421.173000,273.000000,258.000000,271.000000,312.000000,True,HARD,19.000000,True,Alpine,6323.550000,,1,7.000000,False,,False,True
2026,2,Chinese Grand Prix,R,6519.248000,GAS,10,gasly,alpine,98.132000,30.000000,2.000000,,,25.679000,29.518000,42.935000,6446.852000,6476.370000,6519.305000,272.000000,260.000000,270.000000,311.000000,False,HARD,20.000000,True,Alpine,6421.116000,,1,7.000000,False,,False,True
2026,2,Chinese Grand Prix,R,6616.882000,GAS,10,gasly,alpine,97.634000,31.000000,2.000000,,,25.811000,29.447000,42.376000,6545.116000,6574.563000,6616.939000,273.000000,259.000000,270.000000,309.000000,False,HARD,21.000000,True,Alpine,6519.248000,,1,7.000000,False,,False,True
2026,2,Chinese Grand Prix,R,6714.135000,GAS,10,gasly,alpine,97.253000,32.000000,2.000000,,,25.750000,29.413000,42.090000,6642.689000,6672.102000,6714.192000,273.000000,260.000000,273.000000,313.000000,True,HARD,22.000000,True,Alpine,6616.882000,,1,7.000000,False,,False,True
2026,2,Chinese Grand Prix,R,6811.258000,GAS,10,gasly,alpine,97.123000,33.000000,2.000000,,,25.649000,29.312000,42.162000,6739.841000,6769.153000,6811.315000,273.000000,260.000000,272.000000,313.000000,True,HARD,23.000000,True,Alpine,6714.135000,,12,7.000000,False,,False,True
2026,2,Chinese Grand Prix,R,6908.451000,GAS,10,gasly,alpine,97.193000,34.000000,2.000000,,,25.703000,29.320000,42.170000,6837.018000,6866.338000,6908.508000,273.000000,258.000000,271.000000,313.000000,False,HARD,24.000000,True,Alpine,6811.258000,,1,7.000000,False,,False,True
2026,2,Chinese Grand Prix,R,7005.744000,GAS,10,gasly,alpine,97.293000,35.000000,2.000000,,,25.720000,29.432000,42.141000,6934.228000,6963.660000,7005.801000,274.000000,260.000000,271.000000,312.000000,False,HARD,25.000000,True,Alpine,6908.451000,,1,7.000000,False,,False,True
2026,2,Chinese Grand Prix,R,7102.847000,GAS,10,gasly,alpine,97.103000,36.000000,2.000000,,,25.743000,29.398000,41.962000,7031.544000,7060.942000,7102.904000,273.000000,261.000000,273.000000,313.000000,True,HARD,26.000000,True,Alpine,7005.744000,,1,7.000000,False,,False,True
2026,2,Chinese Grand Prix,R,7199.599000,GAS,10,gasly,alpine,96.752000,37.000000,2.000000,,,25.561000,29.247000,41.944000,7128.465000,7157.712000,7199.656000,274.000000,261.000000,274.000000,314.000000,True,HARD,27.000000,True,Alpine,7102.847000,,1,7.000000,False,,False,True
2026,2,Chinese Grand Prix,R,7296.271000,GAS,10,gasly,alpine,96.672000,38.000000,2.000000,,,25.579000,29.221000,41.872000,7225.235000,7254.456000,7296.328000,274.000000,261.000000,274.000000,313.000000,True,HARD,28.000000,True,Alpine,7199.599000,,1,7.000000,False,,False,True
2026,2,Chinese Grand Prix,R,7393.025000,GAS,10,gasly,alpine,96.754000,39.000000,2.000000,,,25.596000,29.263000,41.895000,7321.924000,7351.187000,7393.082000,275.000000,263.000000,273.000000,313.000000,False,HARD,29.000000,True,Alpine,7296.271000,,1,7.000000,False,,False,True
2026,2,Chinese Grand Prix,R,7489.890000,GAS,10,gasly,alpine,96.865000,40.000000,2.000000,,,25.632000,29.297000,41.936000,7418.714000,7448.011000,7489.947000,275.000000,261.000000,273.000000,314.000000,False,HARD,30.000000,True,Alpine,7393.025000,,1,7.000000,False,,False,True
2026,2,Chinese Grand Prix,R,7587.104000,GAS,10,gasly,alpine,97.214000,41.000000,2.000000,,,25.596000,29.407000,42.211000,7515.543000,7544.950000,7587.161000,277.000000,260.000000,275.000000,315.000000,False,HARD,31.000000,True,Alpine,7489.890000,,1,7.000000,False,,False,True
2026,2,Chinese Grand Prix,R,7684.130000,GAS,10,gasly,alpine,97.026000,42.000000,2.000000,,,25.530000,29.337000,42.159000,7612.691000,7642.028000,7684.187000,275.000000,261.000000,274.000000,314.000000,False,HARD,32.000000,True,Alpine,7587.104000,,1,7.000000,False,,False,True
2026,2,Chinese Grand Prix,R,7781.007000,GAS,10,gasly,alpine,96.877000,43.000000,2.000000,,,25.507000,29.286000,42.084000,7709.694000,7738.980000,7781.064000,276.000000,261.000000,275.000000,313.000000,False,HARD,33.000000,True,Alpine,7684.130000,,1,7.000000,False,,False,True
2026,2,Chinese Grand Prix,R,7877.771000,GAS,10,gasly,alpine,96.764000,44.000000,2.000000,,,25.497000,29.267000,42.000000,7806.561000,7835.828000,7877.828000,276.000000,265.000000,274.000000,315.000000,False,HARD,34.000000,True,Alpine,7781.007000,,1,7.000000,False,,False,True
2026,2,Chinese Grand Prix,R,7974.666000,GAS,10,gasly,alpine,96.895000,45.000000,2.000000,,,25.484000,29.296000,42.115000,7903.312000,7932.608000,7974.723000,277.000000,262.000000,275.000000,313.000000,False,HARD,35.000000,True,Alpine,7877.771000,,1,6.000000,False,,False,True
2026,2,Chinese Grand Prix,R,8071.414000,GAS,10,gasly,alpine,96.748000,46.000000,2.000000,,,25.528000,29.293000,41.927000,8000.251000,8029.544000,8071.471000,276.000000,262.000000,273.000000,314.000000,False,HARD,36.000000,True,Alpine,7974.666000,,1,6.000000,False,,False,True
2026,2,Chinese Grand Prix,R,8168.998000,GAS,10,gasly,alpine,97.584000,47.000000,2.000000,,,25.608000,29.299000,42.677000,8097.079000,8126.378000,8169.055000,277.000000,262.000000,274.000000,316.000000,False,HARD,37.000000,True,Alpine,8071.414000,,1,6.000000,False,,False,True
2026,2,Chinese Grand Prix,R,8266.008000,GAS,10,gasly,alpine,97.010000,48.000000,2.000000,,,25.560000,29.288000,42.162000,8194.615000,8223.903000,8266.065000,275.000000,261.000000,275.000000,312.000000,False,HARD,38.000000,True,Alpine,8168.998000,,1,6.000000,False,,False,True
2026,2,Chinese Grand Prix,R,8362.760000,GAS,10,gasly,alpine,96.752000,49.000000,2.000000,,,25.496000,29.220000,42.036000,8291.561000,8320.781000,8362.817000,278.000000,263.000000,277.000000,319.000000,False,HARD,39.000000,True,Alpine,8266.008000,,1,6.000000,False,,False,True
2026,2,Chinese Grand Prix,R,8459.800000,GAS,10,gasly,alpine,97.040000,50.000000,2.000000,,,25.510000,29.456000,42.074000,8388.327000,8417.783000,8459.857000,279.000000,268.000000,275.000000,328.000000,False,HARD,40.000000,True,Alpine,8362.760000,,1,6.000000,False,,False,True
2026,2,Chinese Grand Prix,R,8556.553000,GAS,10,gasly,alpine,96.753000,51.000000,2.000000,,,25.517000,29.221000,42.015000,8485.374000,8514.595000,8556.610000,277.000000,263.000000,276.000000,312.000000,False,HARD,41.000000,True,Alpine,8459.800000,,1,6.000000,False,,False,True
2026,2,Chinese Grand Prix,R,8653.195000,GAS,10,gasly,alpine,96.642000,52.000000,2.000000,,,25.469000,29.305000,41.868000,8582.079000,8611.384000,8653.252000,278.000000,264.000000,277.000000,315.000000,True,HARD,42.000000,True,Alpine,8556.553000,,1,6.000000,False,,False,True
2026,2,Chinese Grand Prix,R,8749.700000,GAS,10,gasly,alpine,96.505000,53.000000,2.000000,,,25.388000,29.218000,41.899000,8678.640000,8707.858000,8749.757000,278.000000,263.000000,277.000000,316.000000,True,HARD,43.000000,True,Alpine,8653.195000,,12,6.000000,False,,False,True
2026,2,Chinese Grand Prix,R,8846.382000,GAS,10,gasly,alpine,96.682000,54.000000,2.000000,,,25.356000,29.236000,42.090000,8775.113000,8804.349000,8846.439000,280.000000,263.000000,277.000000,316.000000,False,HARD,44.000000,True,Alpine,8749.700000,,1,6.000000,False,,False,True
2026,2,Chinese Grand Prix,R,8943.020000,GAS,10,gasly,alpine,96.638000,55.000000,2.000000,,,25.449000,29.222000,41.967000,8871.888000,8901.110000,8943.077000,278.000000,263.000000,278.000000,318.000000,False,HARD,45.000000,True,Alpine,8846.382000,,1,6.000000,False,,False,True
2026,2,Chinese Grand Prix,R,9039.589000,GAS,10,gasly,alpine,96.569000,56.000000,2.000000,,,25.321000,29.355000,41.893000,8968.398000,8997.753000,9039.646000,276.000000,262.000000,270.000000,326.000000,False,HARD,46.000000,True,Alpine,8943.020000,,1,6.000000,False,,False,True
2026,2,Chinese Grand Prix,R,3499.401000,PER,11,perez,cadillac,115.089000,1.000000,1.000000,,,,30.880000,43.334000,,3456.166000,3499.544000,261.000000,244.000000,268.000000,323.000000,False,MEDIUM,1.000000,True,Cadillac,3384.050000,,12,17.000000,False,,False,False
2026,2,Chinese Grand Prix,R,3600.467000,PER,11,perez,cadillac,101.066000,2.000000,1.000000,,,26.586000,30.736000,43.744000,3526.030000,3556.766000,3600.510000,262.000000,248.000000,268.000000,309.000000,True,MEDIUM,2.000000,True,Cadillac,3499.401000,,1,17.000000,False,,False,True
2026,2,Chinese Grand Prix,R,3701.691000,PER,11,perez,cadillac,101.224000,3.000000,1.000000,,,26.559000,31.121000,43.544000,3627.069000,3658.190000,3701.734000,263.000000,247.000000,268.000000,306.000000,False,MEDIUM,3.000000,True,Cadillac,3600.467000,,1,17.000000,False,,False,True
2026,2,Chinese Grand Prix,R,3802.625000,PER,11,perez,cadillac,100.934000,4.000000,1.000000,,,26.488000,30.989000,43.457000,3728.222000,3759.211000,3802.668000,272.000000,253.000000,269.000000,313.000000,True,MEDIUM,4.000000,True,Cadillac,3701.691000,,1,17.000000,False,,False,True
2026,2,Chinese Grand Prix,R,3903.603000,PER,11,perez,cadillac,100.978000,5.000000,1.000000,,,26.428000,30.987000,43.563000,3829.096000,3860.083000,3903.646000,271.000000,251.000000,270.000000,312.000000,False,MEDIUM,5.000000,True,Cadillac,3802.625000,,1,17.000000,False,,False,True
2026,2,Chinese Grand Prix,R,4004.160000,PER,11,perez,cadillac,100.557000,6.000000,1.000000,,,26.336000,30.959000,43.262000,3929.982000,3960.941000,4004.203000,271.000000,253.000000,271.000000,308.000000,True,MEDIUM,6.000000,True,Cadillac,3903.603000,,1,17.000000,False,,False,True
2026,2,Chinese Grand Prix,R,4105.078000,PER,11,perez,cadillac,100.918000,7.000000,1.000000,,,26.521000,30.988000,43.409000,4030.724000,4061.712000,4105.121000,268.000000,251.000000,269.000000,311.000000,False,MEDIUM,7.000000,True,Cadillac,4004.160000,,1,17.000000,False,,False,True
2026,2,Chinese Grand Prix,R,4206.181000,PER,11,perez,cadillac,101.103000,8.000000,1.000000,,,26.456000,31.044000,43.603000,4131.577000,4162.621000,4206.224000,273.000000,253.000000,271.000000,309.000000,False,MEDIUM,8.000000,True,Cadillac,4105.078000,,1,17.000000,False,,False,True
2026,2,Chinese Grand Prix,R,4307.962000,PER,11,perez,cadillac,101.781000,9.000000,1.000000,,,26.681000,31.251000,43.849000,4232.905000,4264.156000,4308.005000,268.000000,252.000000,270.000000,307.000000,False,MEDIUM,9.000000,True,Cadillac,4206.181000,,1,17.000000,False,,False,True
2026,2,Chinese Grand Prix,R,4429.579000,PER,11,perez,cadillac,121.617000,10.000000,1.000000,,,26.909000,39.427000,55.281000,4334.914000,4374.341000,4429.622000,271.000000,145.000000,201.000000,276.000000,False,MEDIUM,10.000000,True,Cadillac,4307.962000,,124,13.000000,False,,False,False
2026,2,Chinese Grand Prix,R,4568.298000,PER,11,perez,cadillac,138.719000,11.000000,1.000000,,4566.575000,34.918000,41.413000,62.388000,4464.540000,4505.953000,4568.341000,237.000000,169.000000,,243.000000,False,MEDIUM,11.000000,True,Cadillac,4429.579000,,4,12.000000,False,,False,False
2026,2,Chinese Grand Prix,R,4706.233000,PER,11,perez,cadillac,137.935000,12.000000,2.000000,4592.816000,,57.392000,32.169000,48.374000,4625.733000,4657.902000,4706.276000,225.000000,265.000000,226.000000,272.000000,False,HARD,1.000000,True,Cadillac,4568.298000,,4,16.000000,False,,False,False
2026,2,Chinese Grand Prix,R,4845.899000,PER,11,perez,cadillac,139.666000,13.000000,2.000000,,,35.216000,45.492000,58.958000,4741.492000,4786.984000,4845.942000,242.000000,137.000000,268.000000,182.000000,False,HARD,2.000000,True,Cadillac,4706.233000,,41,16.000000,False,,False,False
2026,2,Chinese Grand Prix,R,4947.658000,PER,11,perez,cadillac,101.759000,14.000000,2.000000,,,26.987000,31.116000,43.656000,4872.929000,4904.045000,4947.701000,279.000000,269.000000,273.000000,335.000000,False,HARD,3.000000,True,Cadillac,4845.899000,,1,17.000000,False,,False,True
2026,2,Chinese Grand Prix,R,5047.662000,PER,11,perez,cadillac,100.004000,15.000000,2.000000,,,26.319000,30.887000,42.798000,4974.020000,5004.907000,5047.705000,275.000000,268.000000,272.000000,330.000000,True,HARD,4.000000,True,Cadillac,4947.658000,,1,16.000000,False,,False,True
2026,2,Chinese Grand Prix,R,5147.283000,PER,11,perez,cadillac,99.621000,16.000000,2.000000,,,26.132000,30.683000,42.806000,5073.837000,5104.520000,5147.326000,280.000000,259.000000,273.000000,323.000000,True,HARD,5.000000,True,Cadillac,5047.662000,,1,16.000000,False,,False,True
2026,2,Chinese Grand Prix,R,5249.486000,PER,11,perez,cadillac,102.203000,17.000000,2.000000,,,26.208000,30.702000,45.293000,5173.534000,5204.236000,5249.529000,279.000000,257.000000,273.000000,298.000000,False,HARD,6.000000,True,Cadillac,5147.283000,,12,17.000000,False,,False,True
2026,2,Chinese Grand Prix,R,5348.807000,PER,11,perez,cadillac,99.321000,18.000000,2.000000,,,25.941000,30.765000,42.615000,5275.470000,5306.235000,5348.850000,276.000000,262.000000,270.000000,321.000000,True,HARD,7.000000,True,Cadillac,5249.486000,,21,16.000000,False,,False,True
2026,2,Chinese Grand Prix,R,5448.538000,PER,11,perez,cadillac,99.731000,19.000000,2.000000,,,26.312000,30.675000,42.744000,5375.162000,5405.837000,5448.581000,275.000000,256.000000,270.000000,318.000000,False,HARD,8.000000,True,Cadillac,5348.807000,,1,16.000000,False,,False,True
2026,2,Chinese Grand Prix,R,5548.672000,PER,11,perez,cadillac,100.134000,20.000000,2.000000,,,26.383000,30.892000,42.859000,5474.964000,5505.856000,5548.715000,269.000000,244.000000,272.000000,316.000000,False,HARD,9.000000,True,Cadillac,5448.538000,,1,16.000000,False,,False,True
2026,2,Chinese Grand Prix,R,5648.354000,PER,11,perez,cadillac,99.682000,21.000000,2.000000,,,26.359000,30.577000,42.746000,5575.074000,5605.651000,5648.397000,272.000000,254.000000,272.000000,313.000000,False,HARD,10.000000,True,Cadillac,5548.672000,,1,16.000000,False,,False,True
2026,2,Chinese Grand Prix,R,5747.976000,PER,11,perez,cadillac,99.622000,22.000000,2.000000,,,26.152000,30.638000,42.832000,5674.549000,5705.187000,5748.019000,271.000000,252.000000,274.000000,316.000000,False,HARD,11.000000,True,Cadillac,5648.354000,,1,16.000000,False,,False,True
2026,2,Chinese Grand Prix,R,5847.726000,PER,11,perez,cadillac,99.750000,23.000000,2.000000,,,26.358000,30.590000,42.802000,5774.377000,5804.967000,5847.769000,272.000000,255.000000,272.000000,316.000000,False,HARD,12.000000,True,Cadillac,5747.976000,,1,16.000000,False,,False,True
2026,2,Chinese Grand Prix,R,5947.462000,PER,11,perez,cadillac,99.736000,24.000000,2.000000,,,26.357000,30.633000,42.746000,5874.126000,5904.759000,5947.505000,276.000000,258.000000,248.000000,314.000000,False,HARD,13.000000,True,Cadillac,5847.726000,,1,16.000000,False,,False,True
2026,2,Chinese Grand Prix,R,6048.004000,PER,11,perez,cadillac,100.542000,25.000000,2.000000,,,26.847000,30.729000,42.966000,5974.352000,6005.081000,6048.047000,275.000000,255.000000,272.000000,315.000000,False,HARD,14.000000,True,Cadillac,5947.462000,,1,16.000000,False,,False,True
2026,2,Chinese Grand Prix,R,6148.014000,PER,11,perez,cadillac,100.010000,26.000000,2.000000,,,26.277000,30.698000,43.035000,6074.324000,6105.022000,6148.057000,273.000000,254.000000,262.000000,313.000000,False,HARD,15.000000,True,Cadillac,6048.004000,,1,16.000000,False,,False,True
2026,2,Chinese Grand Prix,R,6248.321000,PER,11,perez,cadillac,100.307000,27.000000,2.000000,,,26.514000,30.639000,43.154000,6174.571000,6205.210000,6248.364000,275.000000,257.000000,273.000000,312.000000,False,HARD,16.000000,True,Cadillac,6148.014000,,12,16.000000,False,,False,True
2026,2,Chinese Grand Prix,R,6347.904000,PER,11,perez,cadillac,99.583000,28.000000,2.000000,,,26.260000,30.643000,42.680000,6274.624000,6305.267000,6347.947000,273.000000,259.000000,274.000000,314.000000,False,HARD,17.000000,True,Cadillac,6248.321000,,1,16.000000,False,,False,True
2026,2,Chinese Grand Prix,R,6448.341000,PER,11,perez,cadillac,100.437000,29.000000,2.000000,,,26.772000,30.723000,42.942000,6374.719000,6405.442000,6448.384000,274.000000,254.000000,272.000000,313.000000,False,HARD,18.000000,True,Cadillac,6347.904000,,1,16.000000,False,,False,True
2026,2,Chinese Grand Prix,R,6548.357000,PER,11,perez,cadillac,100.016000,30.000000,2.000000,,,26.215000,30.594000,43.207000,6474.599000,6505.193000,6548.400000,272.000000,257.000000,275.000000,319.000000,False,HARD,19.000000,True,Cadillac,6448.341000,,1,16.000000,False,,False,True
2026,2,Chinese Grand Prix,R,6648.334000,PER,11,perez,cadillac,99.977000,31.000000,2.000000,,,26.262000,30.789000,42.926000,6574.662000,6605.451000,6648.377000,274.000000,254.000000,273.000000,312.000000,False,HARD,20.000000,True,Cadillac,6548.357000,,1,16.000000,False,,False,True
2026,2,Chinese Grand Prix,R,6748.133000,PER,11,perez,cadillac,99.799000,32.000000,2.000000,,,26.198000,30.662000,42.939000,6674.575000,6705.237000,6748.176000,273.000000,256.000000,273.000000,308.000000,False,HARD,21.000000,True,Cadillac,6648.334000,,1,16.000000,False,,False,True
2026,2,Chinese Grand Prix,R,6848.239000,PER,11,perez,cadillac,100.106000,33.000000,2.000000,,,26.641000,30.644000,42.821000,6774.817000,6805.461000,6848.282000,270.000000,254.000000,274.000000,313.000000,False,HARD,22.000000,True,Cadillac,6748.133000,,12,15.000000,False,,False,True
2026,2,Chinese Grand Prix,R,6948.424000,PER,11,perez,cadillac,100.185000,34.000000,2.000000,,,26.291000,30.552000,43.342000,6874.573000,6905.125000,6948.467000,275.000000,254.000000,272.000000,314.000000,False,HARD,23.000000,True,Cadillac,6848.239000,,1,16.000000,False,,False,True
2026,2,Chinese Grand Prix,R,7047.904000,PER,11,perez,cadillac,99.480000,35.000000,2.000000,,,26.407000,30.290000,42.783000,6974.874000,7005.164000,7047.947000,270.000000,258.000000,271.000000,315.000000,False,HARD,24.000000,True,Cadillac,6948.424000,,1,16.000000,False,,False,True
2026,2,Chinese Grand Prix,R,7147.455000,PER,11,perez,cadillac,99.551000,36.000000,2.000000,,,26.468000,30.285000,42.798000,7074.415000,7104.700000,7147.498000,270.000000,256.000000,275.000000,311.000000,False,HARD,25.000000,True,Cadillac,7047.904000,,1,15.000000,False,,False,True
2026,2,Chinese Grand Prix,R,7247.061000,PER,11,perez,cadillac,99.606000,37.000000,2.000000,,,26.342000,30.306000,42.958000,7173.840000,7204.146000,7247.104000,274.000000,260.000000,275.000000,308.000000,False,HARD,26.000000,True,Cadillac,7147.455000,,1,15.000000,False,,False,True
2026,2,Chinese Grand Prix,R,7347.172000,PER,11,perez,cadillac,100.111000,38.000000,2.000000,,,26.365000,30.884000,42.862000,7273.469000,7304.353000,7347.215000,273.000000,257.000000,276.000000,310.000000,False,HARD,27.000000,True,Cadillac,7247.061000,,1,16.000000,False,,False,True
2026,2,Chinese Grand Prix,R,7446.788000,PER,11,perez,cadillac,99.616000,39.000000,2.000000,,,26.153000,30.091000,43.372000,7373.368000,7403.459000,7446.831000,275.000000,260.000000,275.000000,312.000000,False,HARD,28.000000,True,Cadillac,7347.172000,,1,16.000000,False,,False,True
2026,2,Chinese Grand Prix,R,7546.379000,PER,11,perez,cadillac,99.591000,40.000000,2.000000,,,26.116000,30.593000,42.882000,7472.947000,7503.540000,7546.422000,282.000000,261.000000,276.000000,324.000000,False,HARD,29.000000,True,Cadillac,7446.788000,,1,16.000000,False,,False,True
2026,2,Chinese Grand Prix,R,7646.936000,PER,11,perez,cadillac,100.557000,41.000000,2.000000,,,26.300000,31.333000,42.924000,7572.722000,7604.055000,7646.979000,279.000000,258.000000,276.000000,320.000000,False,HARD,30.000000,True,Cadillac,7546.379000,,1,16.000000,False,,False,True
2026,2,Chinese Grand Prix,R,7746.063000,PER,11,perez,cadillac,99.127000,42.000000,2.000000,,,26.152000,30.113000,42.862000,7673.131000,7703.244000,7746.106000,278.000000,260.000000,273.000000,309.000000,True,HARD,31.000000,True,Cadillac,7646.936000,,1,16.000000,False,,False,True
2026,2,Chinese Grand Prix,R,7847.214000,PER,11,perez,cadillac,101.151000,43.000000,2.000000,,,26.347000,30.691000,44.113000,7772.453000,7803.144000,7847.257000,303.000000,252.000000,241.000000,301.000000,False,HARD,32.000000,True,Cadillac,7746.063000,,1,16.000000,False,,False,True
2026,2,Chinese Grand Prix,R,7951.178000,PER,11,perez,cadillac,103.964000,44.000000,2.000000,,,27.444000,31.827000,44.693000,7874.701000,7906.528000,7951.221000,273.000000,259.000000,227.000000,319.000000,False,HARD,33.000000,True,Cadillac,7847.214000,,1,16.000000,False,,False,True
2026,2,Chinese Grand Prix,R,8060.012000,PER,11,perez,cadillac,108.834000,45.000000,2.000000,,,27.735000,32.714000,48.385000,7978.956000,8011.670000,8060.055000,259.000000,235.000000,222.000000,283.000000,False,HARD,34.000000,True,Cadillac,7951.178000,,1,16.000000,False,,False,True
2026,2,Chinese Grand Prix,R,8160.995000,PER,11,perez,cadillac,100.983000,46.000000,2.000000,,,27.800000,30.164000,43.019000,8087.855000,8118.019000,8161.038000,273.000000,258.000000,268.000000,303.000000,False,HARD,35.000000,True,Cadillac,8060.012000,,1,15.000000,False,,False,True
2026,2,Chinese Grand Prix,R,8260.875000,PER,11,perez,cadillac,99.880000,47.000000,2.000000,,,26.586000,30.248000,43.046000,8187.624000,8217.872000,8260.918000,263.000000,250.000000,274.000000,302.000000,False,HARD,36.000000,True,Cadillac,8160.995000,,1,14.000000,False,,False,True
2026,2,Chinese Grand Prix,R,8361.102000,PER,11,perez,cadillac,100.227000,48.000000,2.000000,,,26.179000,30.484000,43.564000,8287.097000,8317.581000,8361.145000,271.000000,225.000000,278.000000,313.000000,False,HARD,37.000000,True,Cadillac,8260.875000,,1,14.000000,False,,False,True
2026,2,Chinese Grand Prix,R,8460.564000,PER,11,perez,cadillac,99.462000,49.000000,2.000000,,,25.877000,29.944000,43.641000,8387.022000,8416.966000,8460.607000,283.000000,259.000000,275.000000,292.000000,False,HARD,38.000000,True,Cadillac,8361.102000,,1,14.000000,False,,False,True
2026,2,Chinese Grand Prix,R,8559.087000,PER,11,perez,cadillac,98.523000,50.000000,2.000000,,,26.090000,30.068000,42.365000,8486.697000,8516.765000,8559.130000,281.000000,262.000000,272.000000,317.000000,True,HARD,39.000000,True,Cadillac,8460.564000,,1,14.000000,False,,False,True
2026,2,Chinese Grand Prix,R,8658.101000,PER,11,perez,cadillac,99.014000,51.000000,2.000000,,,26.099000,30.095000,42.820000,8585.229000,8615.324000,8658.144000,276.000000,259.000000,272.000000,306.000000,False,HARD,40.000000,True,Cadillac,8559.087000,,1,14.000000,False,,False,True
2026,2,Chinese Grand Prix,R,8757.627000,PER,11,perez,cadillac,99.526000,52.000000,2.000000,,,26.156000,30.006000,43.364000,8684.300000,8714.306000,8757.670000,276.000000,258.000000,274.000000,307.000000,False,HARD,41.000000,True,Cadillac,8658.101000,,12,15.000000,False,,False,True
2026,2,Chinese Grand Prix,R,8856.586000,PER,11,perez,cadillac,98.959000,53.000000,2.000000,,,26.227000,30.218000,42.514000,8783.897000,8814.115000,8856.629000,283.000000,265.000000,271.000000,314.000000,False,HARD,42.000000,True,Cadillac,8757.627000,,1,15.000000,False,,False,True
2026,2,Chinese Grand Prix,R,8955.662000,PER,11,perez,cadillac,99.076000,54.000000,2.000000,,,26.347000,29.989000,42.740000,8882.976000,8912.965000,8955.705000,278.000000,258.000000,274.000000,308.000000,False,HARD,43.000000,True,Cadillac,8856.586000,,1,15.000000,False,,False,True
2026,2,Chinese Grand Prix,R,9054.560000,PER,11,perez,cadillac,98.898000,55.000000,2.000000,,,26.235000,29.940000,42.723000,8981.940000,9011.880000,9054.603000,275.000000,257.000000,276.000000,307.000000,False,HARD,44.000000,True,Cadillac,8955.662000,,1,15.000000,False,,False,True
2026,2,Chinese Grand Prix,R,3484.449000,ANT,12,antonelli,mercedes,100.137000,1.000000,1.000000,,,,29.788000,41.977000,,3442.676000,3484.692000,298.000000,264.000000,270.000000,325.000000,False,MEDIUM,1.000000,True,Mercedes,3384.050000,,12,2.000000,False,,False,False
2026,2,Chinese Grand Prix,R,3582.754000,ANT,12,antonelli,mercedes,98.305000,2.000000,1.000000,,,26.129000,30.278000,41.898000,3510.693000,3540.971000,3582.869000,278.000000,263.000000,266.000000,316.000000,True,MEDIUM,2.000000,True,Mercedes,3484.449000,,1,1.000000,False,,False,True
2026,2,Chinese Grand Prix,R,3680.767000,ANT,12,antonelli,mercedes,98.013000,3.000000,1.000000,,,25.948000,29.572000,42.493000,3608.817000,3638.389000,3680.882000,267.000000,257.000000,266.000000,304.000000,True,MEDIUM,3.000000,True,Mercedes,3582.754000,,1,1.000000,False,,False,True
2026,2,Chinese Grand Prix,R,3778.161000,ANT,12,antonelli,mercedes,97.394000,4.000000,1.000000,,,26.003000,29.327000,42.064000,3706.885000,3736.212000,3778.276000,269.000000,259.000000,267.000000,306.000000,True,MEDIUM,4.000000,True,Mercedes,3680.767000,,1,1.000000,False,,False,True
2026,2,Chinese Grand Prix,R,3875.696000,ANT,12,antonelli,mercedes,97.535000,5.000000,1.000000,,,25.859000,29.510000,42.166000,3804.135000,3833.645000,3875.811000,270.000000,257.000000,267.000000,307.000000,False,MEDIUM,5.000000,True,Mercedes,3778.161000,,1,1.000000,False,,False,True
2026,2,Chinese Grand Prix,R,3972.868000,ANT,12,antonelli,mercedes,97.172000,6.000000,1.000000,,,25.696000,29.434000,42.042000,3901.507000,3930.941000,3972.983000,270.000000,258.000000,267.000000,307.000000,True,MEDIUM,6.000000,True,Mercedes,3875.696000,,1,1.000000,False,,False,True
2026,2,Chinese Grand Prix,R,4070.280000,ANT,12,antonelli,mercedes,97.412000,7.000000,1.000000,,,25.891000,29.467000,42.054000,3998.874000,4028.341000,4070.395000,271.000000,258.000000,267.000000,306.000000,False,MEDIUM,7.000000,True,Mercedes,3972.868000,,1,1.000000,False,,False,True
2026,2,Chinese Grand Prix,R,4167.602000,ANT,12,antonelli,mercedes,97.322000,8.000000,1.000000,,,25.807000,29.454000,42.061000,4096.202000,4125.656000,4167.717000,271.000000,257.000000,266.000000,307.000000,False,MEDIUM,8.000000,True,Mercedes,4070.280000,,1,1.000000,False,,False,True
2026,2,Chinese Grand Prix,R,4264.958000,ANT,12,antonelli,mercedes,97.356000,9.000000,1.000000,,,25.839000,29.585000,41.932000,4193.556000,4223.141000,4265.073000,269.000000,256.000000,269.000000,309.000000,False,MEDIUM,9.000000,True,Mercedes,4167.602000,,1,1.000000,False,,False,True
2026,2,Chinese Grand Prix,R,4371.629000,ANT,12,antonelli,mercedes,106.671000,10.000000,1.000000,,4369.922000,25.717000,29.560000,51.394000,4290.790000,4320.350000,4371.744000,270.000000,257.000000,,307.000000,False,MEDIUM,10.000000,True,Mercedes,4264.958000,,124,1.000000,False,,False,False
2026,2,Chinese Grand Prix,R,4538.818000,ANT,12,antonelli,mercedes,,11.000000,2.000000,4392.979000,,57.422000,45.272000,64.528000,4429.222000,4474.478000,4539.118000,174.000000,158.000000,204.000000,210.000000,False,HARD,1.000000,True,Mercedes,4371.629000,,4,1.000000,False,,False,False
2026,2,Chinese Grand Prix,R,4688.728000,ANT,12,antonelli,mercedes,149.910000,12.000000,2.000000,,,43.356000,43.386000,63.168000,4582.289000,4625.675000,4688.843000,164.000000,182.000000,214.000000,186.000000,False,HARD,2.000000,True,Mercedes,4538.818000,,4,1.000000,False,,False,False
2026,2,Chinese Grand Prix,R,4839.246000,ANT,12,antonelli,mercedes,,13.000000,2.000000,,,37.267000,44.242000,69.012000,4726.204000,4770.445000,4839.552000,178.000000,138.000000,264.000000,158.000000,False,HARD,3.000000,True,Mercedes,4688.728000,,41,1.000000,False,,False,False
2026,2,Chinese Grand Prix,R,4938.203000,ANT,12,antonelli,mercedes,98.957000,14.000000,2.000000,,,26.203000,30.021000,42.733000,4865.564000,4895.585000,4938.318000,277.000000,271.000000,266.000000,309.000000,False,HARD,4.000000,True,Mercedes,4839.246000,,1,1.000000,False,,False,True
2026,2,Chinese Grand Prix,R,5036.425000,ANT,12,antonelli,mercedes,98.222000,15.000000,2.000000,,,26.027000,29.867000,42.328000,4964.345000,4994.212000,5036.540000,272.000000,257.000000,271.000000,308.000000,False,HARD,5.000000,True,Mercedes,4938.203000,,1,1.000000,False,,False,True
2026,2,Chinese Grand Prix,R,5133.029000,ANT,12,antonelli,mercedes,96.604000,16.000000,2.000000,,,25.324000,29.229000,42.051000,5061.864000,5091.093000,5133.144000,269.000000,255.000000,268.000000,305.000000,True,HARD,6.000000,True,Mercedes,5036.425000,,1,1.000000,False,,False,True
2026,2,Chinese Grand Prix,R,5229.584000,ANT,12,antonelli,mercedes,96.555000,17.000000,2.000000,,,25.593000,29.128000,41.834000,5158.737000,5187.865000,5229.699000,273.000000,260.000000,269.000000,309.000000,True,HARD,7.000000,True,Mercedes,5133.029000,,1,1.000000,False,,False,True
2026,2,Chinese Grand Prix,R,5326.643000,ANT,12,antonelli,mercedes,97.059000,18.000000,2.000000,,,25.595000,29.513000,41.951000,5255.294000,5284.807000,5326.758000,273.000000,259.000000,270.000000,309.000000,False,HARD,8.000000,True,Mercedes,5229.584000,,12,1.000000,False,,False,True
2026,2,Chinese Grand Prix,R,5423.459000,ANT,12,antonelli,mercedes,96.816000,19.000000,2.000000,,,25.574000,29.505000,41.737000,5352.332000,5381.837000,5423.574000,270.000000,258.000000,270.000000,308.000000,False,HARD,9.000000,True,Mercedes,5326.643000,,1,1.000000,False,,False,True
2026,2,Chinese Grand Prix,R,5520.221000,ANT,12,antonelli,mercedes,96.762000,20.000000,2.000000,,,25.551000,29.411000,41.800000,5449.125000,5478.536000,5520.336000,272.000000,258.000000,271.000000,308.000000,False,HARD,10.000000,True,Mercedes,5423.459000,,1,1.000000,False,,False,True
2026,2,Chinese Grand Prix,R,5617.150000,ANT,12,antonelli,mercedes,96.929000,21.000000,2.000000,,,25.652000,29.348000,41.929000,5545.988000,5575.336000,5617.265000,273.000000,258.000000,271.000000,307.000000,False,HARD,11.000000,True,Mercedes,5520.221000,,1,1.000000,False,,False,True
2026,2,Chinese Grand Prix,R,5713.762000,ANT,12,antonelli,mercedes,96.612000,22.000000,2.000000,,,25.668000,29.194000,41.750000,5642.933000,5672.127000,5713.877000,273.000000,259.000000,270.000000,308.000000,False,HARD,12.000000,True,Mercedes,5617.150000,,1,1.000000,False,,False,True
2026,2,Chinese Grand Prix,R,5810.568000,ANT,12,antonelli,mercedes,96.806000,23.000000,2.000000,,,25.681000,29.239000,41.886000,5739.558000,5768.797000,5810.683000,272.000000,258.000000,271.000000,307.000000,False,HARD,13.000000,True,Mercedes,5713.762000,,1,1.000000,False,,False,True
2026,2,Chinese Grand Prix,R,5907.081000,ANT,12,antonelli,mercedes,96.513000,24.000000,2.000000,,,25.539000,29.189000,41.785000,5836.222000,5865.411000,5907.196000,272.000000,258.000000,271.000000,308.000000,True,HARD,14.000000,True,Mercedes,5810.568000,,1,1.000000,False,,False,True
2026,2,Chinese Grand Prix,R,6003.595000,ANT,12,antonelli,mercedes,96.514000,25.000000,2.000000,,,25.495000,29.190000,41.829000,5932.691000,5961.881000,6003.710000,272.000000,258.000000,272.000000,307.000000,False,HARD,15.000000,True,Mercedes,5907.081000,,1,1.000000,False,,False,True
2026,2,Chinese Grand Prix,R,6100.183000,ANT,12,antonelli,mercedes,96.588000,26.000000,2.000000,,,25.550000,29.207000,41.831000,6029.260000,6058.467000,6100.298000,272.000000,259.000000,272.000000,308.000000,False,HARD,16.000000,True,Mercedes,6003.595000,,1,1.000000,False,,False,True
2026,2,Chinese Grand Prix,R,6196.773000,ANT,12,antonelli,mercedes,96.590000,27.000000,2.000000,,,25.515000,29.200000,41.875000,6125.813000,6155.013000,6196.888000,272.000000,259.000000,272.000000,309.000000,False,HARD,17.000000,True,Mercedes,6100.183000,,1,1.000000,False,,False,True
2026,2,Chinese Grand Prix,R,6293.362000,ANT,12,antonelli,mercedes,96.589000,28.000000,2.000000,,,25.536000,29.177000,41.876000,6222.424000,6251.601000,6293.477000,272.000000,259.000000,272.000000,308.000000,False,HARD,18.000000,True,Mercedes,6196.773000,,12,1.000000,False,,False,True
2026,2,Chinese Grand Prix,R,6389.743000,ANT,12,antonelli,mercedes,96.381000,29.000000,2.000000,,,25.583000,29.116000,41.682000,6319.060000,6348.176000,6389.858000,273.000000,260.000000,273.000000,310.000000,True,HARD,19.000000,True,Mercedes,6293.362000,,1,1.000000,False,,False,True
2026,2,Chinese Grand Prix,R,6485.909000,ANT,12,antonelli,mercedes,96.166000,30.000000,2.000000,,,25.389000,29.103000,41.674000,6415.247000,6444.350000,6486.024000,273.000000,260.000000,273.000000,311.000000,True,HARD,20.000000,True,Mercedes,6389.743000,,1,1.000000,False,,False,True
2026,2,Chinese Grand Prix,R,6582.017000,ANT,12,antonelli,mercedes,96.108000,31.000000,2.000000,,,25.417000,28.996000,41.695000,6511.441000,6540.437000,6582.132000,272.000000,259.000000,272.000000,308.000000,True,HARD,21.000000,True,Mercedes,6485.909000,,1,1.000000,False,,False,True
2026,2,Chinese Grand Prix,R,6678.000000,ANT,12,antonelli,mercedes,95.983000,32.000000,2.000000,,,25.328000,28.984000,41.671000,6607.460000,6636.444000,6678.115000,273.000000,260.000000,271.000000,311.000000,True,HARD,22.000000,True,Mercedes,6582.017000,,1,1.000000,False,,False,True
2026,2,Chinese Grand Prix,R,6774.443000,ANT,12,antonelli,mercedes,96.443000,33.000000,2.000000,,,25.615000,29.163000,41.665000,6703.730000,6732.893000,6774.558000,274.000000,258.000000,271.000000,309.000000,False,HARD,23.000000,True,Mercedes,6678.000000,,12,1.000000,False,,False,True
2026,2,Chinese Grand Prix,R,6870.464000,ANT,12,antonelli,mercedes,96.021000,34.000000,2.000000,,,25.454000,29.002000,41.565000,6800.012000,6829.014000,6870.579000,272.000000,260.000000,271.000000,312.000000,False,HARD,24.000000,True,Mercedes,6774.443000,,1,1.000000,False,,False,True
2026,2,Chinese Grand Prix,R,6966.501000,ANT,12,antonelli,mercedes,96.037000,35.000000,2.000000,,,25.515000,28.991000,41.531000,6896.094000,6925.085000,6966.616000,273.000000,259.000000,272.000000,309.000000,False,HARD,25.000000,True,Mercedes,6870.464000,,1,1.000000,False,,False,True
2026,2,Chinese Grand Prix,R,7062.515000,ANT,12,antonelli,mercedes,96.014000,36.000000,2.000000,,,25.480000,28.908000,41.626000,6992.096000,7021.004000,7062.630000,274.000000,261.000000,273.000000,311.000000,False,HARD,26.000000,True,Mercedes,6966.501000,,1,1.000000,False,,False,True
2026,2,Chinese Grand Prix,R,7158.674000,ANT,12,antonelli,mercedes,96.159000,37.000000,2.000000,,,25.497000,28.938000,41.724000,7088.127000,7117.065000,7158.789000,274.000000,261.000000,273.000000,312.000000,False,HARD,27.000000,True,Mercedes,7062.515000,,1,1.000000,False,,False,True
2026,2,Chinese Grand Prix,R,7254.200000,ANT,12,antonelli,mercedes,95.526000,38.000000,2.000000,,,25.283000,28.807000,41.436000,7184.072000,7212.879000,7254.315000,274.000000,261.000000,273.000000,314.000000,True,HARD,28.000000,True,Mercedes,7158.674000,,1,1.000000,False,,False,True
2026,2,Chinese Grand Prix,R,7349.694000,ANT,12,antonelli,mercedes,95.494000,39.000000,2.000000,,,25.300000,28.820000,41.374000,7279.615000,7308.435000,7349.809000,273.000000,261.000000,274.000000,316.000000,True,HARD,29.000000,True,Mercedes,7254.200000,,1,1.000000,False,,False,True
2026,2,Chinese Grand Prix,R,7445.844000,ANT,12,antonelli,mercedes,96.150000,40.000000,2.000000,,,25.342000,29.022000,41.786000,7375.151000,7404.173000,7445.959000,275.000000,267.000000,273.000000,332.000000,False,HARD,30.000000,True,Mercedes,7349.694000,,1,1.000000,False,,False,True
2026,2,Chinese Grand Prix,R,7541.187000,ANT,12,antonelli,mercedes,95.343000,41.000000,2.000000,,,25.291000,28.839000,41.213000,7471.250000,7500.089000,7541.302000,277.000000,261.000000,274.000000,321.000000,True,HARD,31.000000,True,Mercedes,7445.844000,,1,1.000000,False,,False,True
2026,2,Chinese Grand Prix,R,7637.117000,ANT,12,antonelli,mercedes,95.930000,42.000000,2.000000,,,25.261000,28.909000,41.760000,7566.563000,7595.472000,7637.232000,275.000000,262.000000,274.000000,318.000000,False,HARD,32.000000,True,Mercedes,7541.187000,,1,1.000000,False,,False,True
2026,2,Chinese Grand Prix,R,7733.053000,ANT,12,antonelli,mercedes,95.936000,43.000000,2.000000,,,25.295000,29.031000,41.610000,7662.527000,7691.558000,7733.168000,276.000000,264.000000,277.000000,324.000000,False,HARD,33.000000,True,Mercedes,7637.117000,,1,1.000000,False,,False,True
2026,2,Chinese Grand Prix,R,7828.385000,ANT,12,antonelli,mercedes,95.332000,44.000000,2.000000,,,25.253000,28.719000,41.360000,7758.421000,7787.140000,7828.500000,278.000000,261.000000,274.000000,314.000000,True,HARD,34.000000,True,Mercedes,7733.053000,,1,1.000000,False,,False,True
2026,2,Chinese Grand Prix,R,7923.913000,ANT,12,antonelli,mercedes,95.528000,45.000000,2.000000,,,25.211000,28.830000,41.487000,7853.711000,7882.541000,7924.028000,274.000000,261.000000,274.000000,308.000000,False,HARD,35.000000,True,Mercedes,7828.385000,,1,1.000000,False,,False,True
2026,2,Chinese Grand Prix,R,8019.195000,ANT,12,antonelli,mercedes,95.282000,46.000000,2.000000,,,25.140000,28.694000,41.448000,7949.168000,7977.862000,8019.310000,275.000000,261.000000,275.000000,310.000000,True,HARD,36.000000,True,Mercedes,7923.913000,,1,1.000000,False,,False,True
2026,2,Chinese Grand Prix,R,8114.696000,ANT,12,antonelli,mercedes,95.501000,47.000000,2.000000,,,25.250000,28.612000,41.639000,8044.560000,8073.172000,8114.811000,273.000000,259.000000,273.000000,309.000000,False,HARD,37.000000,True,Mercedes,8019.195000,,1,1.000000,False,,False,True
2026,2,Chinese Grand Prix,R,8210.402000,ANT,12,antonelli,mercedes,95.706000,48.000000,2.000000,,,25.262000,28.550000,41.894000,8140.073000,8168.623000,8210.517000,274.000000,260.000000,271.000000,308.000000,False,HARD,38.000000,True,Mercedes,8114.696000,,1,1.000000,False,,False,True
2026,2,Chinese Grand Prix,R,8305.925000,ANT,12,antonelli,mercedes,95.523000,49.000000,2.000000,,,25.319000,28.580000,41.624000,8235.836000,8264.416000,8306.040000,274.000000,260.000000,276.000000,309.000000,False,HARD,39.000000,True,Mercedes,8210.402000,,1,1.000000,False,,False,True
2026,2,Chinese Grand Prix,R,8401.584000,ANT,12,antonelli,mercedes,95.659000,50.000000,2.000000,,,25.223000,28.659000,41.777000,8331.263000,8359.922000,8401.699000,275.000000,264.000000,275.000000,316.000000,False,HARD,40.000000,True,Mercedes,8305.925000,,1,1.000000,False,,False,True
2026,2,Chinese Grand Prix,R,8497.595000,ANT,12,antonelli,mercedes,96.011000,51.000000,2.000000,,,25.263000,28.960000,41.788000,8426.962000,8455.922000,8497.710000,276.000000,259.000000,273.000000,307.000000,False,HARD,41.000000,True,Mercedes,8401.584000,,1,1.000000,False,,False,True
2026,2,Chinese Grand Prix,R,8592.870000,ANT,12,antonelli,mercedes,95.275000,52.000000,2.000000,,,25.295000,28.532000,41.448000,8523.005000,8551.537000,8592.985000,274.000000,260.000000,273.000000,306.000000,True,HARD,42.000000,True,Mercedes,8497.595000,,1,1.000000,False,,False,True
2026,2,Chinese Grand Prix,R,8690.400000,ANT,12,antonelli,mercedes,97.530000,53.000000,2.000000,,,25.235000,28.462000,43.833000,8618.220000,8646.682000,8690.515000,275.000000,260.000000,271.000000,306.000000,False,HARD,43.000000,True,Mercedes,8592.870000,,12,1.000000,True,TRACK LIMITS AT TURN 14 LAP 53 ,False,True
2026,2,Chinese Grand Prix,R,8786.576000,ANT,12,antonelli,mercedes,96.176000,54.000000,2.000000,,,25.478000,28.787000,41.911000,8715.993000,8744.780000,8786.691000,274.000000,261.000000,272.000000,307.000000,False,HARD,44.000000,True,Mercedes,8690.400000,,1,1.000000,False,,False,True
2026,2,Chinese Grand Prix,R,8882.954000,ANT,12,antonelli,mercedes,96.378000,55.000000,2.000000,,,25.560000,28.886000,41.932000,8812.251000,8841.137000,8883.069000,274.000000,260.000000,271.000000,308.000000,False,HARD,45.000000,True,Mercedes,8786.576000,,1,1.000000,False,,False,True
2026,2,Chinese Grand Prix,R,8979.883000,ANT,12,antonelli,mercedes,96.929000,56.000000,2.000000,,,25.314000,28.861000,42.754000,8908.383000,8937.244000,8979.998000,274.000000,259.000000,217.000000,306.000000,False,HARD,46.000000,True,Mercedes,8882.954000,,1,1.000000,False,,False,True
2026,2,Chinese Grand Prix,R,3491.542000,ALO,14,alonso,aston_martin,107.230000,1.000000,1.000000,,,,31.309000,44.412000,,3447.245000,3491.693000,286.000000,268.000000,261.000000,323.000000,False,HARD,1.000000,True,Aston Martin,3384.050000,,12,10.000000,False,,False,False
2026,2,Chinese Grand Prix,R,3593.833000,ALO,14,alonso,aston_martin,102.291000,2.000000,1.000000,,,26.719000,31.646000,43.926000,3518.347000,3549.993000,3593.919000,287.000000,253.000000,265.000000,325.000000,True,HARD,2.000000,True,Aston Martin,3491.542000,,1,13.000000,False,,False,True
2026,2,Chinese Grand Prix,R,3695.421000,ALO,14,alonso,aston_martin,101.588000,3.000000,1.000000,,,26.600000,31.151000,43.837000,3620.519000,3651.670000,3695.507000,263.000000,250.000000,263.000000,309.000000,True,HARD,3.000000,True,Aston Martin,3593.833000,,1,14.000000,False,,False,True
2026,2,Chinese Grand Prix,R,3795.892000,ALO,14,alonso,aston_martin,100.471000,4.000000,1.000000,,,26.212000,30.810000,43.449000,3721.719000,3752.529000,3795.978000,274.000000,251.000000,263.000000,312.000000,True,HARD,4.000000,True,Aston Martin,3695.421000,,1,14.000000,False,,False,True
2026,2,Chinese Grand Prix,R,3897.446000,ALO,14,alonso,aston_martin,101.554000,5.000000,1.000000,,,26.535000,31.007000,44.012000,3822.513000,3853.520000,3897.532000,255.000000,247.000000,263.000000,306.000000,False,HARD,5.000000,True,Aston Martin,3795.892000,,1,14.000000,False,,False,True
2026,2,Chinese Grand Prix,R,3999.270000,ALO,14,alonso,aston_martin,101.824000,6.000000,1.000000,,,26.393000,31.047000,44.384000,3923.925000,3954.972000,3999.356000,256.000000,249.000000,260.000000,302.000000,False,HARD,6.000000,True,Aston Martin,3897.446000,,1,15.000000,False,,False,True
2026,2,Chinese Grand Prix,R,4100.929000,ALO,14,alonso,aston_martin,101.659000,7.000000,1.000000,,,26.579000,31.303000,43.777000,4025.935000,4057.238000,4101.015000,267.000000,248.000000,265.000000,316.000000,False,HARD,7.000000,True,Aston Martin,3999.270000,,1,15.000000,False,,False,True
2026,2,Chinese Grand Prix,R,4202.042000,ALO,14,alonso,aston_martin,101.113000,8.000000,1.000000,,,26.389000,31.171000,43.553000,4127.404000,4158.575000,4202.128000,258.000000,250.000000,263.000000,315.000000,False,HARD,8.000000,True,Aston Martin,4100.929000,,1,15.000000,False,,False,True
2026,2,Chinese Grand Prix,R,4303.673000,ALO,14,alonso,aston_martin,101.631000,9.000000,1.000000,,,26.658000,31.460000,43.513000,4228.786000,4260.246000,4303.759000,255.000000,247.000000,265.000000,310.000000,False,HARD,9.000000,True,Aston Martin,4202.042000,,1,15.000000,False,,False,True
2026,2,Chinese Grand Prix,R,4423.592000,ALO,14,alonso,aston_martin,119.919000,10.000000,1.000000,,,26.504000,37.346000,56.069000,4330.263000,4367.609000,4423.678000,255.000000,200.000000,166.000000,226.000000,False,HARD,10.000000,True,Aston Martin,4303.673000,,124,11.000000,False,,False,False
2026,2,Chinese Grand Prix,R,4558.985000,ALO,14,alonso,aston_martin,135.393000,11.000000,1.000000,,,37.207000,40.635000,57.551000,4460.885000,4501.520000,4559.071000,170.000000,218.000000,216.000000,250.000000,False,HARD,11.000000,True,Aston Martin,4423.592000,,4,11.000000,False,,False,False
2026,2,Chinese Grand Prix,R,4699.983000,ALO,14,alonso,aston_martin,140.998000,12.000000,1.000000,,,36.950000,40.579000,63.469000,4596.021000,4636.600000,4700.069000,238.000000,180.000000,124.000000,124.000000,False,HARD,12.000000,True,Aston Martin,4558.985000,,4,11.000000,False,,False,False
2026,2,Chinese Grand Prix,R,4843.729000,ALO,14,alonso,aston_martin,143.746000,13.000000,1.000000,,,35.617000,45.735000,62.394000,4735.686000,4781.421000,4843.815000,213.000000,189.000000,262.000000,196.000000,False,HARD,13.000000,True,Aston Martin,4699.983000,,41,11.000000,False,,False,False
2026,2,Chinese Grand Prix,R,4947.229000,ALO,14,alonso,aston_martin,103.500000,14.000000,1.000000,,,27.411000,31.734000,44.355000,4871.226000,4902.960000,4947.315000,267.000000,252.000000,269.000000,325.000000,False,HARD,14.000000,True,Aston Martin,4843.729000,,1,16.000000,False,,False,True
2026,2,Chinese Grand Prix,R,5048.412000,ALO,14,alonso,aston_martin,101.183000,15.000000,1.000000,,,26.240000,30.898000,44.045000,4973.555000,5004.453000,5048.498000,280.000000,255.000000,267.000000,317.000000,False,HARD,15.000000,True,Aston Martin,4947.229000,,1,17.000000,False,,False,True
2026,2,Chinese Grand Prix,R,5148.672000,ALO,14,alonso,aston_martin,100.260000,16.000000,1.000000,,,26.131000,30.815000,43.314000,5074.629000,5105.444000,5148.758000,276.000000,250.000000,266.000000,313.000000,True,HARD,16.000000,True,Aston Martin,5048.412000,,1,17.000000,False,,False,True
2026,2,Chinese Grand Prix,R,5249.035000,ALO,14,alonso,aston_martin,100.363000,17.000000,1.000000,,,26.281000,30.849000,43.233000,5175.039000,5205.888000,5249.121000,260.000000,248.000000,265.000000,315.000000,False,HARD,17.000000,True,Aston Martin,5148.672000,,12,16.000000,False,,False,True
2026,2,Chinese Grand Prix,R,5350.276000,ALO,14,alonso,aston_martin,101.241000,18.000000,1.000000,,,27.183000,30.854000,43.204000,5276.304000,5307.158000,5350.362000,257.000000,253.000000,266.000000,313.000000,False,HARD,18.000000,True,Aston Martin,5249.035000,,21,17.000000,False,,False,True
2026,2,Chinese Grand Prix,R,5450.632000,ALO,14,alonso,aston_martin,100.356000,19.000000,1.000000,,,26.150000,30.915000,43.291000,5376.512000,5407.427000,5450.718000,258.000000,247.000000,265.000000,310.000000,False,HARD,19.000000,True,Aston Martin,5350.276000,,1,17.000000,False,,False,True
2026,2,Chinese Grand Prix,R,5550.886000,ALO,14,alonso,aston_martin,100.254000,20.000000,1.000000,,,26.250000,30.766000,43.238000,5476.968000,5507.734000,5550.972000,256.000000,252.000000,266.000000,307.000000,True,HARD,20.000000,True,Aston Martin,5450.632000,,1,17.000000,False,,False,True
2026,2,Chinese Grand Prix,R,5650.698000,ALO,14,alonso,aston_martin,99.812000,21.000000,1.000000,,,26.203000,30.635000,42.974000,5577.175000,5607.810000,5650.784000,256.000000,251.000000,266.000000,306.000000,True,HARD,21.000000,True,Aston Martin,5550.886000,,1,17.000000,False,,False,True
2026,2,Chinese Grand Prix,R,5750.636000,ALO,14,alonso,aston_martin,99.938000,22.000000,1.000000,,,26.218000,30.615000,43.105000,5677.002000,5707.617000,5750.722000,257.000000,248.000000,264.000000,305.000000,False,HARD,22.000000,True,Aston Martin,5650.698000,,1,17.000000,False,,False,True
2026,2,Chinese Grand Prix,R,5850.437000,ALO,14,alonso,aston_martin,99.801000,23.000000,1.000000,,,26.192000,30.561000,43.048000,5776.914000,5807.475000,5850.523000,257.000000,252.000000,266.000000,305.000000,True,HARD,23.000000,True,Aston Martin,5750.636000,,1,17.000000,False,,False,True
2026,2,Chinese Grand Prix,R,5950.204000,ALO,14,alonso,aston_martin,99.767000,24.000000,1.000000,,,26.222000,30.534000,43.011000,5876.745000,5907.279000,5950.290000,256.000000,249.000000,268.000000,304.000000,True,HARD,24.000000,True,Aston Martin,5850.437000,,1,17.000000,False,,False,True
2026,2,Chinese Grand Prix,R,6049.925000,ALO,14,alonso,aston_martin,99.721000,25.000000,1.000000,,,26.187000,30.538000,42.996000,5976.477000,6007.015000,6050.011000,257.000000,253.000000,266.000000,306.000000,True,HARD,25.000000,True,Aston Martin,5950.204000,,1,17.000000,False,,False,True
2026,2,Chinese Grand Prix,R,6149.680000,ALO,14,alonso,aston_martin,99.755000,26.000000,1.000000,,,26.207000,30.556000,42.992000,6076.218000,6106.774000,6149.766000,256.000000,251.000000,270.000000,305.000000,False,HARD,26.000000,True,Aston Martin,6049.925000,,1,17.000000,False,,False,True
2026,2,Chinese Grand Prix,R,6249.922000,ALO,14,alonso,aston_martin,100.242000,27.000000,1.000000,,,26.259000,30.598000,43.385000,6176.025000,6206.623000,6250.008000,257.000000,250.000000,267.000000,301.000000,False,HARD,27.000000,True,Aston Martin,6149.680000,,12,17.000000,False,,False,True
2026,2,Chinese Grand Prix,R,6349.667000,ALO,14,alonso,aston_martin,99.745000,28.000000,1.000000,,,26.146000,30.566000,43.033000,6276.154000,6306.720000,6349.753000,257.000000,253.000000,267.000000,308.000000,False,HARD,28.000000,True,Aston Martin,6249.922000,,1,17.000000,False,,False,True
2026,2,Chinese Grand Prix,R,6449.612000,ALO,14,alonso,aston_martin,99.945000,29.000000,1.000000,,,26.276000,30.659000,43.010000,6376.029000,6406.688000,6449.698000,256.000000,251.000000,268.000000,311.000000,False,HARD,29.000000,True,Aston Martin,6349.667000,,1,17.000000,False,,False,True
2026,2,Chinese Grand Prix,R,6549.961000,ALO,14,alonso,aston_martin,100.349000,30.000000,1.000000,,,26.136000,30.955000,43.258000,6475.834000,6506.789000,6550.047000,260.000000,252.000000,269.000000,312.000000,False,HARD,30.000000,True,Aston Martin,6449.612000,,1,17.000000,False,,False,True
2026,2,Chinese Grand Prix,R,6656.380000,ALO,14,alonso,aston_martin,106.419000,31.000000,1.000000,,6654.634000,26.450000,30.953000,49.016000,6576.497000,6607.450000,6656.466000,258.000000,249.000000,,308.000000,False,HARD,31.000000,True,Aston Martin,6549.961000,,1,17.000000,False,,False,False
2026,2,Chinese Grand Prix,R,6783.895000,ALO,14,alonso,aston_martin,127.515000,32.000000,2.000000,6677.946000,6782.232000,45.832000,31.686000,49.997000,6702.298000,6733.984000,6783.981000,255.000000,251.000000,,305.000000,False,MEDIUM,1.000000,True,Aston Martin,6656.380000,,12,17.000000,False,,False,False
2026,2,Chinese Grand Prix,R,3485.376000,LEC,16,leclerc,ferrari,101.064000,1.000000,1.000000,,,,30.192000,42.302000,,3443.184000,3485.530000,292.000000,256.000000,271.000000,320.000000,False,MEDIUM,1.000000,True,Ferrari,3384.050000,,12,3.000000,False,,False,False
2026,2,Chinese Grand Prix,R,3583.934000,LEC,16,leclerc,ferrari,98.558000,2.000000,1.000000,,,25.954000,29.998000,42.606000,3511.412000,3541.410000,3584.016000,276.000000,267.000000,266.000000,314.000000,True,MEDIUM,2.000000,True,Ferrari,3485.376000,,1,3.000000,False,,False,True
2026,2,Chinese Grand Prix,R,3683.082000,LEC,16,leclerc,ferrari,99.148000,3.000000,1.000000,,,26.669000,29.902000,42.577000,3610.685000,3640.587000,3683.164000,265.000000,255.000000,272.000000,324.000000,False,MEDIUM,3.000000,True,Ferrari,3583.934000,,1,4.000000,False,,False,True
2026,2,Chinese Grand Prix,R,3780.917000,LEC,16,leclerc,ferrari,97.835000,4.000000,1.000000,,,25.914000,29.661000,42.260000,3709.078000,3738.739000,3780.999000,272.000000,256.000000,274.000000,314.000000,True,MEDIUM,4.000000,True,Ferrari,3683.082000,,1,4.000000,False,,False,True
2026,2,Chinese Grand Prix,R,3878.780000,LEC,16,leclerc,ferrari,97.863000,5.000000,1.000000,,,25.914000,29.632000,42.317000,,3836.545000,3878.862000,265.000000,255.000000,268.000000,320.000000,False,MEDIUM,5.000000,True,Ferrari,3780.917000,,1,4.000000,False,,False,True
2026,2,Chinese Grand Prix,R,3976.916000,LEC,16,leclerc,ferrari,98.136000,6.000000,1.000000,,,26.144000,29.860000,42.132000,3905.006000,3934.866000,3976.998000,266.000000,254.000000,271.000000,312.000000,False,MEDIUM,6.000000,True,Ferrari,3878.780000,,1,4.000000,False,,False,True
2026,2,Chinese Grand Prix,R,4074.910000,LEC,16,leclerc,ferrari,97.994000,7.000000,1.000000,,,25.894000,29.733000,42.367000,4002.892000,4032.625000,4074.992000,267.000000,255.000000,270.000000,311.000000,False,MEDIUM,7.000000,True,Ferrari,3976.916000,,1,4.000000,False,,False,True
2026,2,Chinese Grand Prix,R,4172.704000,LEC,16,leclerc,ferrari,97.794000,8.000000,1.000000,,,25.841000,29.734000,42.219000,4100.833000,4130.567000,4172.786000,272.000000,251.000000,264.000000,314.000000,True,MEDIUM,8.000000,True,Ferrari,4074.910000,,1,4.000000,False,,False,True
2026,2,Chinese Grand Prix,R,4270.834000,LEC,16,leclerc,ferrari,98.130000,9.000000,1.000000,,,26.108000,29.872000,42.150000,4198.894000,4228.766000,4270.916000,276.000000,252.000000,273.000000,314.000000,False,MEDIUM,9.000000,True,Ferrari,4172.704000,,1,4.000000,False,,False,True
2026,2,Chinese Grand Prix,R,4383.231000,LEC,16,leclerc,ferrari,112.397000,10.000000,1.000000,,4381.547000,26.115000,30.067000,56.215000,4297.031000,4327.098000,4383.313000,267.000000,251.000000,,238.000000,False,MEDIUM,10.000000,True,Ferrari,4270.834000,,124,4.000000,False,,False,False
2026,2,Chinese Grand Prix,R,4545.025000,LEC,16,leclerc,ferrari,,11.000000,2.000000,4407.065000,,57.124000,41.154000,63.455000,4440.630000,4481.652000,4545.180000,252.000000,220.000000,217.000000,235.000000,False,HARD,1.000000,True,Ferrari,4383.231000,,4,7.000000,False,,False,False
2026,2,Chinese Grand Prix,R,4695.130000,LEC,16,leclerc,ferrari,,12.000000,2.000000,,,42.910000,44.533000,62.739000,4587.965000,4632.499000,4695.316000,137.000000,180.000000,193.000000,154.000000,False,HARD,2.000000,True,Ferrari,4545.025000,,4,7.000000,False,,False,False
2026,2,Chinese Grand Prix,R,4841.616000,LEC,16,leclerc,ferrari,146.486000,13.000000,2.000000,,,37.128000,45.067000,64.291000,4732.340000,4777.407000,4841.698000,223.000000,167.000000,271.000000,174.000000,False,HARD,3.000000,True,Ferrari,4695.130000,,41,7.000000,False,,False,False
2026,2,Chinese Grand Prix,R,4941.467000,LEC,16,leclerc,ferrari,99.851000,14.000000,2.000000,,,26.409000,30.888000,42.554000,4868.107000,4898.995000,4941.549000,283.000000,261.000000,277.000000,336.000000,False,HARD,4.000000,True,Ferrari,4841.616000,,1,6.000000,False,,False,True
2026,2,Chinese Grand Prix,R,5038.672000,LEC,16,leclerc,ferrari,97.205000,15.000000,2.000000,,,25.671000,29.860000,41.674000,4967.220000,4997.080000,5038.754000,267.000000,257.000000,274.000000,329.000000,True,HARD,5.000000,True,Ferrari,4941.467000,,1,4.000000,False,,False,True
2026,2,Chinese Grand Prix,R,5135.978000,LEC,16,leclerc,ferrari,97.306000,16.000000,2.000000,,,25.684000,29.518000,42.104000,5064.438000,5093.956000,5136.060000,263.000000,253.000000,269.000000,310.000000,False,HARD,6.000000,True,Ferrari,5038.672000,,1,3.000000,False,,False,True
2026,2,Chinese Grand Prix,R,5232.855000,LEC,16,leclerc,ferrari,96.877000,17.000000,2.000000,,,25.833000,29.220000,41.824000,5161.893000,5191.113000,5232.937000,262.000000,251.000000,273.000000,306.000000,True,HARD,7.000000,True,Ferrari,5135.978000,,1,3.000000,False,,False,True
2026,2,Chinese Grand Prix,R,5329.454000,LEC,16,leclerc,ferrari,96.599000,18.000000,2.000000,,,25.407000,29.314000,41.878000,5258.344000,5287.658000,5329.536000,264.000000,253.000000,269.000000,307.000000,True,HARD,8.000000,True,Ferrari,5232.855000,,12,3.000000,False,,False,True
2026,2,Chinese Grand Prix,R,5426.315000,LEC,16,leclerc,ferrari,96.861000,19.000000,2.000000,,,25.435000,29.322000,42.104000,5354.971000,5384.293000,5426.397000,269.000000,252.000000,271.000000,307.000000,False,HARD,9.000000,True,Ferrari,5329.454000,,1,3.000000,False,,False,True
2026,2,Chinese Grand Prix,R,5523.148000,LEC,16,leclerc,ferrari,96.833000,20.000000,2.000000,,,25.608000,29.339000,41.886000,5452.005000,5481.344000,5523.230000,264.000000,253.000000,273.000000,308.000000,False,HARD,10.000000,True,Ferrari,5426.315000,,1,3.000000,False,,False,True
2026,2,Chinese Grand Prix,R,5619.853000,LEC,16,leclerc,ferrari,96.705000,21.000000,2.000000,,,25.423000,29.230000,42.052000,5548.653000,5577.883000,5619.935000,267.000000,253.000000,269.000000,308.000000,False,HARD,11.000000,True,Ferrari,5523.148000,,1,3.000000,False,,False,True
2026,2,Chinese Grand Prix,R,5716.496000,LEC,16,leclerc,ferrari,96.643000,22.000000,2.000000,,,25.590000,29.215000,41.838000,5645.525000,5674.740000,5716.578000,271.000000,255.000000,274.000000,311.000000,False,HARD,12.000000,True,Ferrari,5619.853000,,1,3.000000,False,,False,True
2026,2,Chinese Grand Prix,R,5813.309000,LEC,16,leclerc,ferrari,96.813000,23.000000,2.000000,,,25.616000,29.240000,41.957000,5742.194000,5771.434000,5813.391000,267.000000,260.000000,275.000000,321.000000,False,HARD,13.000000,True,Ferrari,5716.496000,,1,3.000000,False,,False,True
2026,2,Chinese Grand Prix,R,5910.586000,LEC,16,leclerc,ferrari,97.277000,24.000000,2.000000,,,25.656000,29.400000,42.221000,5839.047000,5868.447000,5910.668000,269.000000,254.000000,266.000000,331.000000,False,HARD,14.000000,True,Ferrari,5813.309000,,1,2.000000,False,,False,True
2026,2,Chinese Grand Prix,R,6008.267000,LEC,16,leclerc,ferrari,97.681000,25.000000,2.000000,,,26.054000,29.422000,42.205000,5936.722000,5966.144000,6008.349000,262.000000,249.000000,269.000000,299.000000,False,HARD,15.000000,True,Ferrari,5910.586000,,1,2.000000,False,,False,True
2026,2,Chinese Grand Prix,R,6105.841000,LEC,16,leclerc,ferrari,97.574000,26.000000,2.000000,,,25.771000,29.158000,42.645000,6034.120000,6063.278000,6105.923000,261.000000,252.000000,275.000000,303.000000,False,HARD,16.000000,True,Ferrari,6008.267000,,1,3.000000,False,,False,True
2026,2,Chinese Grand Prix,R,6203.713000,LEC,16,leclerc,ferrari,97.872000,27.000000,2.000000,,,25.711000,30.036000,42.125000,6131.634000,6161.670000,6203.795000,265.000000,246.000000,270.000000,303.000000,False,HARD,17.000000,True,Ferrari,6105.841000,,1,2.000000,False,,False,True
2026,2,Chinese Grand Prix,R,6300.789000,LEC,16,leclerc,ferrari,97.076000,28.000000,2.000000,,,25.691000,29.208000,42.177000,6229.486000,6258.694000,6300.871000,262.000000,252.000000,274.000000,302.000000,False,HARD,18.000000,True,Ferrari,6203.713000,,12,2.000000,False,,False,True
2026,2,Chinese Grand Prix,R,6397.896000,LEC,16,leclerc,ferrari,97.107000,29.000000,2.000000,,,25.517000,29.109000,42.481000,6326.388000,6355.497000,6397.978000,261.000000,252.000000,275.000000,300.000000,False,HARD,19.000000,True,Ferrari,6300.789000,,1,3.000000,False,,False,True
2026,2,Chinese Grand Prix,R,6494.693000,LEC,16,leclerc,ferrari,96.797000,30.000000,2.000000,,,25.699000,29.408000,41.690000,6423.677000,6453.085000,6494.775000,270.000000,257.000000,274.000000,317.000000,False,HARD,20.000000,True,Ferrari,6397.896000,,1,3.000000,False,,False,True
2026,2,Chinese Grand Prix,R,6591.102000,LEC,16,leclerc,ferrari,96.409000,31.000000,2.000000,,,25.405000,29.148000,41.856000,6520.180000,6549.328000,6591.184000,270.000000,260.000000,258.000000,319.000000,True,HARD,21.000000,True,Ferrari,6494.693000,,1,3.000000,False,,False,True
2026,2,Chinese Grand Prix,R,6687.726000,LEC,16,leclerc,ferrari,96.624000,32.000000,2.000000,,,25.841000,29.185000,41.598000,6617.025000,6646.210000,6687.808000,268.000000,255.000000,276.000000,318.000000,False,HARD,22.000000,True,Ferrari,6591.102000,,1,3.000000,False,,False,True
2026,2,Chinese Grand Prix,R,6784.276000,LEC,16,leclerc,ferrari,96.550000,33.000000,2.000000,,,25.393000,29.223000,41.934000,6713.201000,6742.424000,6784.358000,266.000000,254.000000,271.000000,307.000000,False,HARD,23.000000,True,Ferrari,6687.726000,,12,3.000000,False,,False,True
2026,2,Chinese Grand Prix,R,6881.005000,LEC,16,leclerc,ferrari,96.729000,34.000000,2.000000,,,25.656000,29.080000,41.993000,6810.014000,6839.094000,6881.087000,264.000000,253.000000,272.000000,305.000000,False,HARD,24.000000,True,Ferrari,6784.276000,,1,3.000000,False,,False,True
2026,2,Chinese Grand Prix,R,6979.516000,LEC,16,leclerc,ferrari,98.511000,35.000000,2.000000,,,25.494000,29.203000,43.814000,6906.581000,6935.784000,6979.598000,268.000000,253.000000,275.000000,303.000000,False,HARD,25.000000,True,Ferrari,6881.005000,,1,4.000000,False,,False,True
2026,2,Chinese Grand Prix,R,7076.763000,LEC,16,leclerc,ferrari,97.247000,36.000000,2.000000,,,25.858000,29.426000,41.963000,7005.456000,7034.882000,7076.845000,266.000000,257.000000,256.000000,327.000000,False,HARD,26.000000,True,Ferrari,6979.516000,,1,4.000000,False,,False,True
2026,2,Chinese Grand Prix,R,7173.530000,LEC,16,leclerc,ferrari,96.767000,37.000000,2.000000,,,25.901000,29.213000,41.653000,7102.746000,7131.959000,7173.612000,273.000000,260.000000,278.000000,310.000000,False,HARD,27.000000,True,Ferrari,7076.763000,,1,4.000000,False,,False,True
2026,2,Chinese Grand Prix,R,7270.289000,LEC,16,leclerc,ferrari,96.759000,38.000000,2.000000,,,25.516000,29.349000,41.894000,7199.128000,7228.477000,7270.371000,273.000000,256.000000,276.000000,316.000000,False,HARD,28.000000,True,Ferrari,7173.530000,,1,4.000000,False,,False,True
2026,2,Chinese Grand Prix,R,7367.282000,LEC,16,leclerc,ferrari,96.993000,39.000000,2.000000,,,25.561000,29.250000,42.182000,7295.932000,7325.182000,7367.364000,278.000000,265.000000,270.000000,329.000000,False,HARD,29.000000,True,Ferrari,7270.289000,,1,3.000000,False,,False,True
2026,2,Chinese Grand Prix,R,7465.538000,LEC,16,leclerc,ferrari,98.256000,40.000000,2.000000,,,26.043000,29.941000,42.272000,7393.407000,7423.348000,7465.620000,274.000000,253.000000,278.000000,308.000000,False,HARD,30.000000,True,Ferrari,7367.282000,,1,4.000000,False,,False,True
2026,2,Chinese Grand Prix,R,7562.378000,LEC,16,leclerc,ferrari,96.840000,41.000000,2.000000,,,25.517000,29.252000,42.071000,7491.137000,7520.389000,7562.460000,273.000000,260.000000,273.000000,311.000000,False,HARD,31.000000,True,Ferrari,7465.538000,,1,4.000000,False,,False,True
2026,2,Chinese Grand Prix,R,7659.173000,LEC,16,leclerc,ferrari,96.795000,42.000000,2.000000,,,25.544000,29.158000,42.093000,7588.004000,7617.162000,7659.255000,273.000000,257.000000,277.000000,304.000000,False,HARD,32.000000,True,Ferrari,7562.378000,,1,4.000000,False,,False,True
2026,2,Chinese Grand Prix,R,7755.757000,LEC,16,leclerc,ferrari,96.584000,43.000000,2.000000,,,25.335000,29.135000,42.114000,7684.590000,7713.725000,7755.839000,268.000000,257.000000,274.000000,303.000000,False,HARD,33.000000,True,Ferrari,7659.173000,,1,4.000000,False,,False,True
2026,2,Chinese Grand Prix,R,7852.406000,LEC,16,leclerc,ferrari,96.649000,44.000000,2.000000,,,25.554000,29.115000,41.980000,7781.393000,7810.508000,7852.488000,267.000000,255.000000,275.000000,305.000000,False,HARD,34.000000,True,Ferrari,7755.757000,,1,4.000000,False,,False,True
2026,2,Chinese Grand Prix,R,7949.630000,LEC,16,leclerc,ferrari,97.224000,45.000000,2.000000,,,25.414000,29.223000,42.587000,7877.902000,7907.125000,7949.712000,268.000000,268.000000,276.000000,304.000000,False,HARD,35.000000,True,Ferrari,7852.406000,,1,4.000000,False,,False,True
2026,2,Chinese Grand Prix,R,8045.901000,LEC,16,leclerc,ferrari,96.271000,46.000000,2.000000,,,25.203000,29.112000,41.956000,7974.915000,8004.027000,8045.983000,271.000000,255.000000,275.000000,304.000000,True,HARD,36.000000,True,Ferrari,7949.630000,,1,4.000000,False,,False,True
2026,2,Chinese Grand Prix,R,8142.105000,LEC,16,leclerc,ferrari,96.204000,47.000000,2.000000,,,25.441000,29.151000,41.612000,8071.424000,8100.575000,8142.187000,270.000000,263.000000,277.000000,316.000000,True,HARD,37.000000,True,Ferrari,8045.901000,,1,4.000000,False,,False,True
2026,2,Chinese Grand Prix,R,8238.333000,LEC,16,leclerc,ferrari,96.228000,48.000000,2.000000,,,25.151000,29.049000,42.028000,8167.338000,8196.387000,8238.415000,274.000000,256.000000,274.000000,302.000000,False,HARD,38.000000,True,Ferrari,8142.105000,,1,4.000000,False,,False,True
2026,2,Chinese Grand Prix,R,8334.664000,LEC,16,leclerc,ferrari,96.331000,49.000000,2.000000,,,25.332000,28.967000,42.032000,8263.747000,8292.714000,8334.746000,271.000000,257.000000,276.000000,302.000000,False,HARD,39.000000,True,Ferrari,8238.333000,,1,4.000000,False,,False,True
2026,2,Chinese Grand Prix,R,8431.051000,LEC,16,leclerc,ferrari,96.387000,50.000000,2.000000,,,25.340000,29.021000,42.026000,8360.086000,8389.107000,8431.133000,271.000000,256.000000,278.000000,303.000000,False,HARD,40.000000,True,Ferrari,8334.664000,,1,4.000000,False,,False,True
2026,2,Chinese Grand Prix,R,8527.795000,LEC,16,leclerc,ferrari,96.744000,51.000000,2.000000,,,25.220000,28.931000,42.593000,8456.353000,8485.284000,8527.877000,271.000000,257.000000,274.000000,303.000000,False,HARD,41.000000,True,Ferrari,8431.051000,,1,4.000000,False,,False,True
2026,2,Chinese Grand Prix,R,8624.119000,LEC,16,leclerc,ferrari,96.324000,52.000000,2.000000,,,25.373000,28.989000,41.962000,8553.250000,8582.239000,8624.201000,269.000000,262.000000,278.000000,303.000000,False,HARD,42.000000,True,Ferrari,8527.795000,,1,4.000000,False,,False,True
2026,2,Chinese Grand Prix,R,8720.439000,LEC,16,leclerc,ferrari,96.320000,53.000000,2.000000,,,25.134000,29.028000,42.158000,8649.335000,8678.363000,8720.521000,271.000000,255.000000,276.000000,302.000000,False,HARD,43.000000,True,Ferrari,8624.119000,,12,4.000000,False,,False,True
2026,2,Chinese Grand Prix,R,8816.652000,LEC,16,leclerc,ferrari,96.213000,54.000000,2.000000,,,25.197000,28.969000,42.047000,8745.718000,8774.687000,8816.734000,271.000000,257.000000,279.000000,304.000000,False,HARD,44.000000,True,Ferrari,8720.439000,,1,4.000000,False,,False,True
2026,2,Chinese Grand Prix,R,8912.786000,LEC,16,leclerc,ferrari,96.134000,55.000000,2.000000,,,25.047000,29.019000,42.068000,8841.781000,8870.800000,8912.868000,273.000000,258.000000,276.000000,303.000000,True,HARD,45.000000,True,Ferrari,8816.652000,,1,4.000000,False,,False,True
2026,2,Chinese Grand Prix,R,9008.797000,LEC,16,leclerc,ferrari,96.011000,56.000000,2.000000,,,25.129000,28.862000,42.020000,8937.997000,8966.859000,9008.879000,273.000000,260.000000,277.000000,303.000000,True,HARD,46.000000,True,Ferrari,8912.786000,,1,4.000000,False,,False,True
2026,2,Chinese Grand Prix,R,3493.783000,STR,18,stroll,aston_martin,109.471000,1.000000,1.000000,,,,31.291000,44.166000,,3449.731000,3493.921000,270.000000,269.000000,266.000000,321.000000,False,HARD,1.000000,True,Aston Martin,3384.050000,,12,16.000000,False,,False,False
2026,2,Chinese Grand Prix,R,3595.613000,STR,18,stroll,aston_martin,101.830000,2.000000,1.000000,,,26.760000,31.498000,43.572000,3520.651000,3552.149000,3595.721000,278.000000,250.000000,267.000000,312.000000,True,HARD,2.000000,True,Aston Martin,3493.783000,,1,16.000000,False,,False,True
2026,2,Chinese Grand Prix,R,3697.411000,STR,18,stroll,aston_martin,101.798000,3.000000,1.000000,,,26.812000,31.468000,43.518000,3622.533000,3654.001000,3697.519000,261.000000,250.000000,265.000000,308.000000,True,HARD,3.000000,True,Aston Martin,3595.613000,,1,16.000000,False,,False,True
2026,2,Chinese Grand Prix,R,3799.265000,STR,18,stroll,aston_martin,101.854000,4.000000,1.000000,,,26.814000,31.671000,43.369000,3724.333000,3756.004000,3799.373000,255.000000,246.000000,266.000000,303.000000,False,HARD,4.000000,True,Aston Martin,3697.411000,,1,16.000000,False,,False,True
2026,2,Chinese Grand Prix,R,3900.257000,STR,18,stroll,aston_martin,100.992000,5.000000,1.000000,,,26.536000,31.071000,43.385000,3825.909000,3856.980000,3900.365000,255.000000,248.000000,265.000000,305.000000,True,HARD,5.000000,True,Aston Martin,3799.265000,,1,16.000000,False,,False,True
2026,2,Chinese Grand Prix,R,4001.228000,STR,18,stroll,aston_martin,100.971000,6.000000,1.000000,,,26.716000,30.917000,43.338000,3927.081000,3957.998000,4001.336000,255.000000,248.000000,266.000000,302.000000,True,HARD,6.000000,True,Aston Martin,3900.257000,,1,16.000000,False,,False,True
2026,2,Chinese Grand Prix,R,4102.184000,STR,18,stroll,aston_martin,100.956000,7.000000,1.000000,,,26.685000,30.942000,43.329000,4028.021000,4058.963000,4102.292000,255.000000,247.000000,264.000000,307.000000,True,HARD,7.000000,True,Aston Martin,4001.228000,,1,16.000000,False,,False,True
2026,2,Chinese Grand Prix,R,4203.358000,STR,18,stroll,aston_martin,101.174000,8.000000,1.000000,,,26.692000,31.176000,43.306000,4128.984000,4160.160000,4203.466000,256.000000,246.000000,266.000000,304.000000,False,HARD,8.000000,True,Aston Martin,4102.184000,,1,16.000000,False,,False,True
2026,2,Chinese Grand Prix,R,4304.241000,STR,18,stroll,aston_martin,100.883000,9.000000,1.000000,,,26.575000,30.832000,43.476000,4230.041000,4260.873000,4304.349000,258.000000,253.000000,263.000000,320.000000,True,HARD,9.000000,True,Aston Martin,4203.358000,,1,16.000000,False,,False,True
2026,2,Chinese Grand Prix,R,4454.241000,STR,18,stroll,aston_martin,,10.000000,1.000000,,,,,,,,,,,,,,HARD,10.000000,True,Aston Martin,4304.241000,,124,,False,,True,False
2026,2,Chinese Grand Prix,R,3493.031000,HUL,27,hulkenberg,audi,108.719000,1.000000,1.000000,,,,32.022000,43.880000,,3449.379000,3493.101000,268.000000,262.000000,273.000000,336.000000,False,HARD,1.000000,True,Audi,3384.050000,,12,15.000000,False,,False,False
2026,2,Chinese Grand Prix,R,3594.665000,HUL,27,hulkenberg,audi,101.634000,2.000000,1.000000,,,26.751000,31.478000,43.405000,3519.816000,3551.294000,3594.699000,289.000000,270.000000,271.000000,342.000000,True,HARD,2.000000,True,Audi,3493.031000,,1,15.000000,False,,False,True
2026,2,Chinese Grand Prix,R,3694.572000,HUL,27,hulkenberg,audi,99.907000,3.000000,1.000000,,,26.275000,30.985000,42.647000,3620.974000,3651.959000,3694.606000,287.000000,263.000000,269.000000,329.000000,True,HARD,3.000000,True,Audi,3594.665000,,1,13.000000,False,,False,True
2026,2,Chinese Grand Prix,R,3794.089000,HUL,27,hulkenberg,audi,99.517000,4.000000,1.000000,,,26.060000,30.528000,42.929000,3720.666000,3751.194000,3794.123000,273.000000,263.000000,268.000000,312.000000,True,HARD,4.000000,True,Audi,3694.572000,,1,13.000000,False,,False,True
2026,2,Chinese Grand Prix,R,3893.353000,HUL,27,hulkenberg,audi,99.264000,5.000000,1.000000,,,26.036000,30.403000,42.825000,3820.159000,3850.562000,3893.387000,274.000000,263.000000,269.000000,313.000000,True,HARD,5.000000,True,Audi,3794.089000,,1,13.000000,False,,False,True
2026,2,Chinese Grand Prix,R,3992.128000,HUL,27,hulkenberg,audi,98.775000,6.000000,1.000000,,,25.939000,30.170000,42.666000,3919.326000,3949.496000,3992.162000,276.000000,267.000000,267.000000,329.000000,True,HARD,6.000000,True,Audi,3893.353000,,1,13.000000,False,,False,True
2026,2,Chinese Grand Prix,R,4091.518000,HUL,27,hulkenberg,audi,99.390000,7.000000,1.000000,,,26.174000,30.540000,42.676000,4018.336000,4048.876000,4091.552000,284.000000,269.000000,268.000000,329.000000,False,HARD,7.000000,True,Audi,3992.128000,,1,12.000000,False,,False,True
2026,2,Chinese Grand Prix,R,4190.545000,HUL,27,hulkenberg,audi,99.027000,8.000000,1.000000,,,26.119000,30.173000,42.735000,4117.671000,4147.844000,4190.579000,272.000000,263.000000,270.000000,314.000000,False,HARD,8.000000,True,Audi,4091.518000,,1,12.000000,False,,False,True
2026,2,Chinese Grand Prix,R,4289.709000,HUL,27,hulkenberg,audi,99.164000,9.000000,1.000000,,,25.939000,30.387000,42.838000,4216.518000,4246.905000,4289.743000,272.000000,267.000000,267.000000,323.000000,False,HARD,9.000000,True,Audi,4190.545000,,1,10.000000,False,,False,True
2026,2,Chinese Grand Prix,R,4403.518000,HUL,27,hulkenberg,audi,113.809000,10.000000,1.000000,,,25.977000,30.406000,57.426000,4315.720000,4346.126000,4403.552000,276.000000,266.000000,188.000000,260.000000,False,HARD,10.000000,True,Audi,4289.709000,,124,9.000000,False,,False,False
2026,2,Chinese Grand Prix,R,4545.516000,HUL,27,hulkenberg,audi,141.998000,11.000000,1.000000,,,38.541000,40.272000,63.185000,4442.093000,4482.365000,4545.550000,232.000000,242.000000,231.000000,245.000000,False,HARD,11.000000,True,Audi,4403.518000,,4,8.000000,False,,False,False
2026,2,Chinese Grand Prix,R,4696.434000,HUL,27,hulkenberg,audi,,12.000000,1.000000,,,42.774000,44.575000,63.508000,4588.575000,4633.001000,4696.597000,149.000000,158.000000,181.000000,178.000000,False,HARD,12.000000,True,Audi,4545.516000,,4,8.000000,False,,False,False
2026,2,Chinese Grand Prix,R,4842.042000,HUL,27,hulkenberg,audi,145.608000,13.000000,1.000000,,,36.536000,45.081000,63.991000,4733.004000,4778.085000,4842.076000,207.000000,128.000000,270.000000,186.000000,False,HARD,13.000000,True,Audi,4696.434000,,41,8.000000,False,,False,False
2026,2,Chinese Grand Prix,R,4942.987000,HUL,27,hulkenberg,audi,100.945000,14.000000,1.000000,,,26.559000,30.703000,43.683000,4868.635000,4899.338000,4943.021000,284.000000,274.000000,269.000000,341.000000,False,HARD,14.000000,True,Audi,4842.042000,,1,9.000000,False,,False,True
2026,2,Chinese Grand Prix,R,5042.185000,HUL,27,hulkenberg,audi,99.198000,15.000000,1.000000,,,26.218000,30.306000,42.674000,4969.239000,4999.545000,5042.219000,280.000000,272.000000,266.000000,344.000000,False,HARD,15.000000,True,Audi,4942.987000,,1,9.000000,False,,False,True
2026,2,Chinese Grand Prix,R,5141.751000,HUL,27,hulkenberg,audi,99.566000,16.000000,1.000000,,,26.100000,30.176000,43.290000,5068.319000,5098.495000,5141.785000,279.000000,265.000000,264.000000,333.000000,False,HARD,16.000000,True,Audi,5042.185000,,1,10.000000,False,,False,True
2026,2,Chinese Grand Prix,R,5240.986000,HUL,27,hulkenberg,audi,99.235000,17.000000,1.000000,,,26.467000,30.212000,42.556000,5168.252000,5198.464000,5241.020000,276.000000,268.000000,272.000000,328.000000,False,HARD,17.000000,True,Audi,5141.751000,,12,11.000000,False,,False,True
2026,2,Chinese Grand Prix,R,5339.860000,HUL,27,hulkenberg,audi,98.874000,18.000000,1.000000,,,26.034000,30.284000,42.556000,5267.054000,5297.338000,5339.894000,280.000000,270.000000,269.000000,339.000000,False,HARD,18.000000,True,Audi,5240.986000,,21,11.000000,False,,False,True
2026,2,Chinese Grand Prix,R,5438.242000,HUL,27,hulkenberg,audi,98.382000,19.000000,1.000000,,,26.016000,30.329000,42.037000,5365.910000,5396.239000,5438.276000,278.000000,268.000000,268.000000,336.000000,True,HARD,19.000000,True,Audi,5339.860000,,1,10.000000,False,,False,True
2026,2,Chinese Grand Prix,R,5537.066000,HUL,27,hulkenberg,audi,98.824000,20.000000,1.000000,,,26.054000,30.067000,42.703000,5464.330000,5494.397000,5537.100000,273.000000,265.000000,272.000000,315.000000,False,HARD,20.000000,True,Audi,5438.242000,,1,10.000000,False,,False,True
2026,2,Chinese Grand Prix,R,5635.460000,HUL,27,hulkenberg,audi,98.394000,21.000000,1.000000,,,25.954000,29.926000,42.514000,5563.054000,5592.980000,5635.494000,275.000000,266.000000,275.000000,320.000000,False,HARD,21.000000,True,Audi,5537.066000,,1,10.000000,False,,False,True
2026,2,Chinese Grand Prix,R,5733.903000,HUL,27,hulkenberg,audi,98.443000,22.000000,1.000000,,,25.997000,30.156000,42.290000,5661.491000,5691.647000,5733.937000,273.000000,265.000000,271.000000,340.000000,False,HARD,22.000000,True,Audi,5635.460000,,1,9.000000,False,,False,True
2026,2,Chinese Grand Prix,R,5833.399000,HUL,27,hulkenberg,audi,99.496000,23.000000,1.000000,,,26.054000,30.781000,42.661000,5759.991000,5790.772000,5833.433000,288.000000,267.000000,271.000000,321.000000,False,HARD,23.000000,True,Audi,5733.903000,,1,10.000000,False,,False,True
2026,2,Chinese Grand Prix,R,5932.111000,HUL,27,hulkenberg,audi,98.712000,24.000000,1.000000,,,25.934000,30.123000,42.655000,5859.367000,5889.490000,5932.145000,274.000000,264.000000,273.000000,309.000000,False,HARD,24.000000,True,Audi,5833.399000,,1,10.000000,False,,False,True
2026,2,Chinese Grand Prix,R,6030.699000,HUL,27,hulkenberg,audi,98.588000,25.000000,1.000000,,,25.959000,30.150000,42.479000,5958.104000,5988.254000,6030.733000,277.000000,267.000000,274.000000,315.000000,False,HARD,25.000000,True,Audi,5932.111000,,1,10.000000,False,,False,True
2026,2,Chinese Grand Prix,R,6129.001000,HUL,27,hulkenberg,audi,98.302000,26.000000,1.000000,,,25.749000,29.901000,42.652000,6056.482000,6086.383000,6129.035000,277.000000,269.000000,275.000000,312.000000,True,HARD,26.000000,True,Audi,6030.699000,,1,10.000000,False,,False,True
2026,2,Chinese Grand Prix,R,6226.960000,HUL,27,hulkenberg,audi,97.959000,27.000000,1.000000,,,25.666000,29.778000,42.515000,6154.701000,6184.479000,6226.994000,278.000000,269.000000,274.000000,312.000000,True,HARD,27.000000,True,Audi,6129.001000,,12,10.000000,False,,False,True
2026,2,Chinese Grand Prix,R,6325.110000,HUL,27,hulkenberg,audi,98.150000,28.000000,1.000000,,,25.750000,29.903000,42.497000,6252.744000,6282.647000,6325.144000,277.000000,268.000000,271.000000,318.000000,False,HARD,28.000000,True,Audi,6226.960000,,21,10.000000,False,,False,True
2026,2,Chinese Grand Prix,R,6423.787000,HUL,27,hulkenberg,audi,98.677000,29.000000,1.000000,,,26.029000,30.152000,42.496000,6351.173000,6381.325000,6423.821000,279.000000,270.000000,271.000000,328.000000,False,HARD,29.000000,True,Audi,6325.110000,,1,9.000000,False,,False,True
2026,2,Chinese Grand Prix,R,6521.646000,HUL,27,hulkenberg,audi,97.859000,30.000000,1.000000,,,25.774000,29.835000,42.250000,6449.595000,6479.430000,6521.680000,275.000000,266.000000,273.000000,319.000000,True,HARD,30.000000,True,Audi,6423.787000,,1,9.000000,False,,False,True
2026,2,Chinese Grand Prix,R,6619.408000,HUL,27,hulkenberg,audi,97.762000,31.000000,1.000000,,,25.658000,29.921000,42.183000,6547.338000,6577.259000,6619.442000,277.000000,268.000000,271.000000,327.000000,True,HARD,31.000000,True,Audi,6521.646000,,1,9.000000,False,,False,True
2026,2,Chinese Grand Prix,R,6717.704000,HUL,27,hulkenberg,audi,98.296000,32.000000,1.000000,,,25.866000,29.870000,42.560000,6645.308000,6675.178000,6717.738000,275.000000,266.000000,271.000000,313.000000,False,HARD,32.000000,True,Audi,6619.408000,,1,8.000000,False,,False,True
2026,2,Chinese Grand Prix,R,6816.367000,HUL,27,hulkenberg,audi,98.663000,33.000000,1.000000,,,25.833000,29.840000,42.990000,6743.571000,6773.411000,6816.401000,271.000000,262.000000,257.000000,305.000000,False,HARD,33.000000,True,Audi,6717.704000,,12,8.000000,False,,False,True
2026,2,Chinese Grand Prix,R,6914.794000,HUL,27,hulkenberg,audi,98.427000,34.000000,1.000000,,,26.029000,29.572000,42.826000,6842.430000,6872.002000,6914.828000,272.000000,262.000000,270.000000,303.000000,False,HARD,34.000000,True,Audi,6816.367000,,1,8.000000,False,,False,True
2026,2,Chinese Grand Prix,R,7019.707000,HUL,27,hulkenberg,audi,104.913000,35.000000,1.000000,,7017.832000,25.900000,30.099000,48.914000,6940.728000,6970.827000,7019.741000,272.000000,261.000000,,318.000000,False,HARD,35.000000,True,Audi,6914.794000,,1,10.000000,False,,False,False
2026,2,Chinese Grand Prix,R,7151.917000,HUL,27,hulkenberg,audi,132.210000,36.000000,2.000000,7055.057000,,59.719000,30.117000,42.374000,7079.460000,7109.577000,7151.951000,268.000000,264.000000,272.000000,305.000000,False,MEDIUM,1.000000,True,Audi,7019.707000,,1,16.000000,False,,False,False
2026,2,Chinese Grand Prix,R,7248.537000,HUL,27,hulkenberg,audi,96.620000,37.000000,2.000000,,,25.673000,29.278000,41.669000,7177.624000,7206.902000,7248.571000,276.000000,268.000000,278.000000,315.000000,True,MEDIUM,2.000000,True,Audi,7151.917000,,1,16.000000,False,,False,True
2026,2,Chinese Grand Prix,R,7344.717000,HUL,27,hulkenberg,audi,96.180000,38.000000,2.000000,,,25.049000,29.479000,41.652000,7273.620000,7303.099000,7344.751000,301.000000,268.000000,272.000000,340.000000,True,MEDIUM,3.000000,True,Audi,7248.537000,,1,14.000000,False,,False,True
2026,2,Chinese Grand Prix,R,7441.833000,HUL,27,hulkenberg,audi,97.116000,39.000000,2.000000,,,25.510000,29.206000,42.400000,7370.261000,7399.467000,7441.867000,271.000000,262.000000,273.000000,304.000000,False,MEDIUM,4.000000,True,Audi,7344.717000,,1,14.000000,False,,False,True
2026,2,Chinese Grand Prix,R,7538.706000,HUL,27,hulkenberg,audi,96.873000,40.000000,2.000000,,,25.544000,29.074000,42.255000,7467.411000,7496.485000,7538.740000,271.000000,263.000000,274.000000,306.000000,False,MEDIUM,5.000000,True,Audi,7441.833000,,1,14.000000,False,,False,True
2026,2,Chinese Grand Prix,R,7635.331000,HUL,27,hulkenberg,audi,96.625000,41.000000,2.000000,,,25.476000,29.107000,42.042000,7564.216000,7593.323000,7635.365000,273.000000,264.000000,273.000000,308.000000,False,MEDIUM,6.000000,True,Audi,7538.706000,,1,14.000000,False,,False,True
2026,2,Chinese Grand Prix,R,7734.006000,HUL,27,hulkenberg,audi,98.675000,42.000000,2.000000,,,25.518000,29.563000,43.594000,7660.883000,7690.446000,7734.040000,275.000000,268.000000,275.000000,251.000000,False,MEDIUM,7.000000,True,Audi,7635.331000,,1,14.000000,False,,False,True
2026,2,Chinese Grand Prix,R,7830.767000,HUL,27,hulkenberg,audi,96.761000,43.000000,2.000000,,,25.464000,29.118000,42.179000,7759.504000,7788.622000,7830.801000,304.000000,264.000000,273.000000,304.000000,False,MEDIUM,8.000000,True,Audi,7734.006000,,1,12.000000,False,,False,True
2026,2,Chinese Grand Prix,R,7927.635000,HUL,27,hulkenberg,audi,96.868000,44.000000,2.000000,,,25.480000,29.178000,42.210000,7856.281000,7885.459000,7927.669000,271.000000,263.000000,275.000000,303.000000,False,MEDIUM,9.000000,True,Audi,7830.767000,,1,12.000000,False,,False,True
2026,2,Chinese Grand Prix,R,8024.536000,HUL,27,hulkenberg,audi,96.901000,45.000000,2.000000,,,25.475000,29.157000,42.269000,7953.144000,7982.301000,8024.570000,274.000000,264.000000,274.000000,302.000000,False,MEDIUM,10.000000,True,Audi,7927.635000,,1,11.000000,False,,False,True
2026,2,Chinese Grand Prix,R,8121.521000,HUL,27,hulkenberg,audi,96.985000,46.000000,2.000000,,,25.488000,29.200000,42.297000,8050.058000,8079.258000,8121.555000,274.000000,263.000000,274.000000,302.000000,False,MEDIUM,11.000000,True,Audi,8024.536000,,1,11.000000,False,,False,True
2026,2,Chinese Grand Prix,R,8220.284000,HUL,27,hulkenberg,audi,98.763000,47.000000,2.000000,,,25.609000,29.393000,43.761000,8147.164000,8176.557000,8220.318000,274.000000,265.000000,275.000000,291.000000,False,MEDIUM,12.000000,True,Audi,8121.521000,,1,11.000000,False,,False,True
2026,2,Chinese Grand Prix,R,8317.060000,HUL,27,hulkenberg,audi,96.776000,48.000000,2.000000,,,25.604000,29.334000,41.838000,8245.922000,8275.256000,8317.094000,279.000000,270.000000,266.000000,332.000000,False,MEDIUM,13.000000,True,Audi,8220.284000,,1,11.000000,False,,False,True
2026,2,Chinese Grand Prix,R,8415.124000,HUL,27,hulkenberg,audi,98.064000,49.000000,2.000000,,,25.828000,29.409000,42.827000,8342.922000,8372.331000,8415.158000,273.000000,263.000000,273.000000,298.000000,False,MEDIUM,14.000000,True,Audi,8317.060000,,1,11.000000,False,,False,True
2026,2,Chinese Grand Prix,R,8512.820000,HUL,27,hulkenberg,audi,97.696000,50.000000,2.000000,,,25.661000,29.684000,42.351000,8440.819000,8470.503000,8512.854000,273.000000,265.000000,274.000000,303.000000,False,MEDIUM,15.000000,True,Audi,8415.124000,,1,11.000000,False,,False,True
2026,2,Chinese Grand Prix,R,8610.325000,HUL,27,hulkenberg,audi,97.505000,51.000000,2.000000,,,25.573000,29.393000,42.539000,8538.427000,8567.820000,8610.359000,275.000000,264.000000,274.000000,301.000000,False,MEDIUM,16.000000,True,Audi,8512.820000,,1,11.000000,False,,False,True
2026,2,Chinese Grand Prix,R,8707.939000,HUL,27,hulkenberg,audi,97.614000,52.000000,2.000000,,,25.659000,29.366000,42.589000,8636.018000,8665.384000,8707.973000,275.000000,264.000000,273.000000,300.000000,False,MEDIUM,17.000000,True,Audi,8610.325000,,12,11.000000,False,,False,True
2026,2,Chinese Grand Prix,R,8805.909000,HUL,27,hulkenberg,audi,97.970000,53.000000,2.000000,,,25.787000,29.547000,42.636000,8733.760000,8763.307000,8805.943000,274.000000,264.000000,274.000000,300.000000,False,MEDIUM,18.000000,True,Audi,8707.939000,,1,11.000000,False,,False,True
2026,2,Chinese Grand Prix,R,8903.518000,HUL,27,hulkenberg,audi,97.609000,54.000000,2.000000,,,25.605000,29.479000,42.525000,8831.548000,8861.027000,8903.552000,274.000000,264.000000,274.000000,301.000000,False,MEDIUM,19.000000,True,Audi,8805.909000,,1,11.000000,False,,False,True
2026,2,Chinese Grand Prix,R,9001.089000,HUL,27,hulkenberg,audi,97.571000,55.000000,2.000000,,,25.677000,29.426000,42.468000,8929.229000,8958.655000,9001.123000,274.000000,262.000000,266.000000,307.000000,False,MEDIUM,20.000000,True,Audi,8903.518000,,1,11.000000,False,,False,True
2026,2,Chinese Grand Prix,R,3492.231000,VER,3,max_verstappen,red_bull,107.910000,1.000000,1.000000,,,,31.169000,43.911000,,3448.516000,3492.412000,291.000000,267.000000,271.000000,341.000000,False,SOFT,4.000000,False,Red Bull Racing,3384.050000,,12,13.000000,False,,False,False
2026,2,Chinese Grand Prix,R,3592.526000,VER,3,max_verstappen,red_bull,100.295000,2.000000,1.000000,,,26.205000,31.087000,43.003000,3518.493000,3549.580000,3592.583000,281.000000,255.000000,271.000000,322.000000,True,SOFT,5.000000,False,Red Bull Racing,3492.231000,,1,10.000000,False,,False,True
2026,2,Chinese Grand Prix,R,3691.606000,VER,3,max_verstappen,red_bull,99.080000,3.000000,1.000000,,,25.992000,30.619000,42.469000,3618.575000,3649.194000,3691.663000,264.000000,259.000000,277.000000,321.000000,True,SOFT,6.000000,False,Red Bull Racing,3592.526000,,1,10.000000,False,,False,True
2026,2,Chinese Grand Prix,R,3790.726000,VER,3,max_verstappen,red_bull,99.120000,4.000000,1.000000,,,26.144000,30.322000,42.654000,3717.807000,3748.129000,3790.783000,270.000000,262.000000,277.000000,325.000000,False,SOFT,7.000000,False,Red Bull Racing,3691.606000,,1,10.000000,False,,False,True
2026,2,Chinese Grand Prix,R,3890.308000,VER,3,max_verstappen,red_bull,99.582000,5.000000,1.000000,,,26.651000,30.400000,42.531000,3817.434000,3847.834000,3890.365000,269.000000,260.000000,275.000000,324.000000,False,SOFT,8.000000,False,Red Bull Racing,3790.726000,,1,10.000000,True,TRACK LIMITS AT TURN 2 LAP 5 ,False,True
2026,2,Chinese Grand Prix,R,3989.514000,VER,3,max_verstappen,red_bull,99.206000,6.000000,1.000000,,,26.140000,30.474000,42.592000,3916.505000,3946.979000,3989.571000,272.000000,267.000000,277.000000,328.000000,False,SOFT,9.000000,False,Red Bull Racing,3890.308000,,1,10.000000,False,,False,True
2026,2,Chinese Grand Prix,R,4089.088000,VER,3,max_verstappen,red_bull,99.574000,7.000000,1.000000,,,26.111000,30.640000,42.823000,4015.682000,4046.322000,4089.145000,273.000000,259.000000,275.000000,325.000000,False,SOFT,10.000000,False,Red Bull Racing,3989.514000,,1,10.000000,False,,False,True
2026,2,Chinese Grand Prix,R,4188.553000,VER,3,max_verstappen,red_bull,99.465000,8.000000,1.000000,,,26.042000,30.748000,42.675000,4115.187000,4145.935000,4188.610000,272.000000,265.000000,274.000000,322.000000,False,SOFT,11.000000,False,Red Bull Racing,4089.088000,,1,10.000000,False,,False,True
2026,2,Chinese Grand Prix,R,4294.078000,VER,3,max_verstappen,red_bull,105.525000,9.000000,1.000000,,4292.287000,26.282000,30.798000,48.445000,4214.892000,4245.690000,4294.135000,272.000000,263.000000,,323.000000,False,SOFT,12.000000,False,Red Bull Racing,4188.553000,,1,12.000000,False,,False,False
2026,2,Chinese Grand Prix,R,4437.230000,VER,3,max_verstappen,red_bull,143.152000,10.000000,2.000000,4316.003000,,46.287000,39.105000,57.760000,4340.422000,4379.527000,4437.287000,266.000000,154.000000,217.000000,223.000000,False,HARD,1.000000,True,Red Bull Racing,4294.078000,,124,15.000000,False,,False,False
2026,2,Chinese Grand Prix,R,4572.298000,VER,3,max_verstappen,red_bull,135.068000,11.000000,2.000000,,,35.451000,40.422000,59.195000,4472.738000,4513.160000,4572.355000,226.000000,225.000000,219.000000,253.000000,False,HARD,2.000000,True,Red Bull Racing,4437.230000,,4,14.000000,False,,False,False
2026,2,Chinese Grand Prix,R,4701.967000,VER,3,max_verstappen,red_bull,129.669000,12.000000,2.000000,,,32.207000,34.840000,62.622000,4604.562000,4639.402000,4702.024000,235.000000,214.000000,120.000000,106.000000,False,HARD,3.000000,True,Red Bull Racing,4572.298000,,4,13.000000,False,,False,False
2026,2,Chinese Grand Prix,R,4844.314000,VER,3,max_verstappen,red_bull,142.347000,13.000000,2.000000,,,35.686000,45.940000,60.721000,4737.710000,4783.650000,4844.371000,225.000000,204.000000,270.000000,205.000000,False,HARD,4.000000,True,Red Bull Racing,4701.967000,,41,13.000000,False,,False,False
2026,2,Chinese Grand Prix,R,4943.887000,VER,3,max_verstappen,red_bull,99.573000,14.000000,2.000000,,,26.178000,30.957000,42.438000,4870.549000,4901.506000,4943.944000,309.000000,261.000000,274.000000,325.000000,False,HARD,5.000000,True,Red Bull Racing,4844.314000,,1,11.000000,False,,False,True
2026,2,Chinese Grand Prix,R,5042.955000,VER,3,max_verstappen,red_bull,99.068000,15.000000,2.000000,,,25.966000,30.709000,42.393000,4969.910000,5000.619000,5043.012000,300.000000,264.000000,276.000000,322.000000,True,HARD,6.000000,True,Red Bull Racing,4943.887000,,1,11.000000,False,,False,True
2026,2,Chinese Grand Prix,R,5141.908000,VER,3,max_verstappen,red_bull,98.953000,16.000000,2.000000,,,26.214000,30.102000,42.637000,5069.226000,5099.328000,5141.965000,274.000000,269.000000,280.000000,320.000000,True,HARD,7.000000,True,Red Bull Racing,5042.955000,,1,11.000000,False,,False,True
2026,2,Chinese Grand Prix,R,5240.175000,VER,3,max_verstappen,red_bull,98.267000,17.000000,2.000000,,,25.735000,30.129000,42.403000,5167.700000,5197.829000,5240.232000,274.000000,263.000000,279.000000,328.000000,True,HARD,8.000000,True,Red Bull Racing,5141.908000,,12,10.000000,False,,False,True
2026,2,Chinese Grand Prix,R,5337.525000,VER,3,max_verstappen,red_bull,97.350000,18.000000,2.000000,,,25.558000,29.953000,41.839000,5265.790000,5295.743000,5337.582000,276.000000,265.000000,276.000000,323.000000,True,HARD,9.000000,True,Red Bull Racing,5240.175000,,21,9.000000,False,,False,True
2026,2,Chinese Grand Prix,R,5436.560000,VER,3,max_verstappen,red_bull,99.035000,19.000000,2.000000,,,25.661000,30.788000,42.586000,5363.243000,5394.031000,5436.617000,302.000000,269.000000,262.000000,340.000000,False,HARD,10.000000,True,Red Bull Racing,5337.525000,,1,9.000000,False,,False,True
2026,2,Chinese Grand Prix,R,5535.091000,VER,3,max_verstappen,red_bull,98.531000,20.000000,2.000000,,,26.528000,29.882000,42.121000,5463.145000,5493.027000,5535.148000,274.000000,266.000000,279.000000,327.000000,False,HARD,11.000000,True,Red Bull Racing,5436.560000,,1,8.000000,False,,False,True
2026,2,Chinese Grand Prix,R,5633.859000,VER,3,max_verstappen,red_bull,98.768000,21.000000,2.000000,,,25.933000,30.162000,42.673000,5561.081000,5591.243000,5633.916000,306.000000,264.000000,269.000000,323.000000,False,HARD,12.000000,True,Red Bull Racing,5535.091000,,1,7.000000,False,,False,True
2026,2,Chinese Grand Prix,R,5732.006000,VER,3,max_verstappen,red_bull,98.147000,22.000000,2.000000,,,25.680000,29.815000,42.652000,5659.596000,5689.411000,5732.063000,309.000000,255.000000,255.000000,304.000000,False,HARD,13.000000,True,Red Bull Racing,5633.859000,,1,6.000000,False,,False,True
2026,2,Chinese Grand Prix,R,5830.045000,VER,3,max_verstappen,red_bull,98.039000,23.000000,2.000000,,,26.181000,29.738000,42.120000,5758.244000,5787.982000,5830.102000,269.000000,258.000000,275.000000,313.000000,False,HARD,14.000000,True,Red Bull Racing,5732.006000,,1,6.000000,False,,False,True
2026,2,Chinese Grand Prix,R,5927.925000,VER,3,max_verstappen,red_bull,97.880000,24.000000,2.000000,,,25.854000,29.807000,42.219000,5855.956000,5885.763000,5927.982000,267.000000,258.000000,270.000000,311.000000,False,HARD,15.000000,True,Red Bull Racing,5830.045000,,1,6.000000,False,,False,True
2026,2,Chinese Grand Prix,R,6025.794000,VER,3,max_verstappen,red_bull,97.869000,25.000000,2.000000,,,25.976000,29.754000,42.139000,5953.958000,5983.712000,6025.851000,269.000000,262.000000,276.000000,312.000000,False,HARD,16.000000,True,Red Bull Racing,5927.925000,,1,6.000000,False,,False,True
2026,2,Chinese Grand Prix,R,6123.174000,VER,3,max_verstappen,red_bull,97.380000,26.000000,2.000000,,,25.716000,29.645000,42.019000,6051.567000,6081.212000,6123.231000,269.000000,265.000000,275.000000,312.000000,False,HARD,17.000000,True,Red Bull Racing,6025.794000,,1,6.000000,False,,False,True
2026,2,Chinese Grand Prix,R,6220.819000,VER,3,max_verstappen,red_bull,97.645000,27.000000,2.000000,,,25.876000,29.730000,42.039000,6149.107000,6178.837000,6220.876000,270.000000,262.000000,277.000000,309.000000,False,HARD,18.000000,True,Red Bull Racing,6123.174000,,1,6.000000,False,,False,True
2026,2,Chinese Grand Prix,R,6318.187000,VER,3,max_verstappen,red_bull,97.368000,28.000000,2.000000,,,25.679000,29.705000,41.984000,6246.555000,6276.260000,6318.244000,268.000000,259.000000,276.000000,313.000000,False,HARD,19.000000,True,Red Bull Racing,6220.819000,,12,6.000000,False,,False,True
2026,2,Chinese Grand Prix,R,6415.859000,VER,3,max_verstappen,red_bull,97.672000,29.000000,2.000000,,,25.829000,29.805000,42.038000,6344.073000,6373.878000,6415.916000,268.000000,261.000000,277.000000,313.000000,False,HARD,20.000000,True,Red Bull Racing,6318.187000,,1,6.000000,False,,False,True
2026,2,Chinese Grand Prix,R,6513.446000,VER,3,max_verstappen,red_bull,97.587000,30.000000,2.000000,,,25.687000,29.767000,42.133000,6441.603000,6471.370000,6513.503000,270.000000,260.000000,275.000000,312.000000,False,HARD,21.000000,True,Red Bull Racing,6415.859000,,1,6.000000,False,,False,True
2026,2,Chinese Grand Prix,R,6610.964000,VER,3,max_verstappen,red_bull,97.518000,31.000000,2.000000,,,25.758000,29.780000,41.980000,6539.261000,6569.041000,6611.021000,270.000000,260.000000,275.000000,313.000000,False,HARD,22.000000,True,Red Bull Racing,6513.446000,,1,6.000000,False,,False,True
2026,2,Chinese Grand Prix,R,6708.724000,VER,3,max_verstappen,red_bull,97.760000,32.000000,2.000000,,,25.833000,29.936000,41.991000,6636.854000,6666.790000,6708.781000,269.000000,260.000000,278.000000,312.000000,False,HARD,23.000000,True,Red Bull Racing,6610.964000,,1,6.000000,False,,False,True
2026,2,Chinese Grand Prix,R,6806.105000,VER,3,max_verstappen,red_bull,97.381000,33.000000,2.000000,,,25.690000,29.705000,41.986000,6734.471000,6764.176000,6806.162000,269.000000,263.000000,274.000000,312.000000,False,HARD,24.000000,True,Red Bull Racing,6708.724000,,12,6.000000,False,,False,True
2026,2,Chinese Grand Prix,R,6903.515000,VER,3,max_verstappen,red_bull,97.410000,34.000000,2.000000,,,25.748000,29.640000,42.022000,6831.910000,6861.550000,6903.572000,269.000000,261.000000,274.000000,313.000000,False,HARD,25.000000,True,Red Bull Racing,6806.105000,,1,6.000000,False,,False,True
2026,2,Chinese Grand Prix,R,7001.005000,VER,3,max_verstappen,red_bull,97.490000,35.000000,2.000000,,,25.741000,29.682000,42.067000,6929.313000,6958.995000,7001.062000,269.000000,262.000000,277.000000,310.000000,False,HARD,26.000000,True,Red Bull Racing,6903.515000,,1,6.000000,False,,False,True
2026,2,Chinese Grand Prix,R,7098.234000,VER,3,max_verstappen,red_bull,97.229000,36.000000,2.000000,,,25.652000,29.627000,41.950000,7026.714000,7056.341000,7098.291000,271.000000,262.000000,277.000000,314.000000,True,HARD,27.000000,True,Red Bull Racing,7001.005000,,1,6.000000,False,,False,True
2026,2,Chinese Grand Prix,R,7195.384000,VER,3,max_verstappen,red_bull,97.150000,37.000000,2.000000,,,25.592000,29.668000,41.890000,7123.883000,7153.551000,7195.441000,273.000000,262.000000,276.000000,315.000000,True,HARD,28.000000,True,Red Bull Racing,7098.234000,,1,6.000000,False,,False,True
2026,2,Chinese Grand Prix,R,7292.447000,VER,3,max_verstappen,red_bull,97.063000,38.000000,2.000000,,,25.681000,29.517000,41.865000,7221.122000,7250.639000,7292.504000,270.000000,262.000000,279.000000,313.000000,True,HARD,29.000000,True,Red Bull Racing,7195.384000,,1,6.000000,False,,False,True
2026,2,Chinese Grand Prix,R,7389.493000,VER,3,max_verstappen,red_bull,97.046000,39.000000,2.000000,,,25.612000,29.585000,41.849000,7318.116000,7347.701000,7389.550000,270.000000,262.000000,276.000000,312.000000,True,HARD,30.000000,True,Red Bull Racing,7292.447000,,1,6.000000,False,,False,True
2026,2,Chinese Grand Prix,R,7486.748000,VER,3,max_verstappen,red_bull,97.255000,40.000000,2.000000,,,25.589000,29.596000,42.070000,7415.139000,7444.735000,7486.805000,273.000000,263.000000,276.000000,313.000000,False,HARD,31.000000,True,Red Bull Racing,7389.493000,,1,6.000000,False,,False,True
2026,2,Chinese Grand Prix,R,7584.153000,VER,3,max_verstappen,red_bull,97.405000,41.000000,2.000000,,,25.665000,29.626000,42.114000,7512.470000,7542.096000,7584.210000,275.000000,262.000000,278.000000,315.000000,False,HARD,32.000000,True,Red Bull Racing,7486.748000,,1,6.000000,False,,False,True
2026,2,Chinese Grand Prix,R,7681.536000,VER,3,max_verstappen,red_bull,97.383000,42.000000,2.000000,,,25.581000,29.634000,42.168000,7609.791000,7639.425000,7681.593000,272.000000,263.000000,278.000000,310.000000,False,HARD,33.000000,True,Red Bull Racing,7584.153000,,1,6.000000,False,,False,True
2026,2,Chinese Grand Prix,R,7778.659000,VER,3,max_verstappen,red_bull,97.123000,43.000000,2.000000,,,25.642000,29.518000,41.963000,7707.235000,7736.753000,7778.716000,273.000000,265.000000,279.000000,312.000000,False,HARD,34.000000,True,Red Bull Racing,7681.536000,,1,6.000000,False,,False,True
2026,2,Chinese Grand Prix,R,7875.751000,VER,3,max_verstappen,red_bull,97.092000,44.000000,2.000000,,,25.525000,29.520000,42.047000,7804.241000,7833.761000,7875.808000,276.000000,267.000000,279.000000,314.000000,False,HARD,35.000000,True,Red Bull Racing,7778.659000,,1,6.000000,False,,False,True
2026,2,Chinese Grand Prix,R,8030.686000,VER,3,max_verstappen,red_bull,,45.000000,2.000000,,8028.930000,25.784000,54.024000,75.059000,7901.715000,7955.737000,8030.743000,277.000000,129.000000,,143.000000,False,HARD,36.000000,True,Red Bull Racing,7875.751000,,1,13.000000,False,,False,False
2026,2,Chinese Grand Prix,R,3490.396000,LAW,30,lawson,rb,106.084000,1.000000,1.000000,,,,31.350000,43.622000,,3446.899000,3490.396000,285.000000,260.000000,269.000000,345.000000,False,MEDIUM,1.000000,True,Racing Bulls,3384.050000,,12,7.000000,False,,False,False
2026,2,Chinese Grand Prix,R,3590.194000,LAW,30,lawson,rb,99.798000,2.000000,1.000000,,,26.269000,30.557000,42.972000,3516.665000,3547.222000,3590.194000,266.000000,260.000000,271.000000,318.000000,True,MEDIUM,2.000000,True,Racing Bulls,3490.396000,,1,7.000000,False,,False,True
2026,2,Chinese Grand Prix,R,3689.141000,LAW,30,lawson,rb,98.947000,3.000000,1.000000,,,26.007000,30.129000,42.811000,3616.201000,3646.330000,3689.141000,268.000000,262.000000,272.000000,318.000000,True,MEDIUM,3.000000,True,Racing Bulls,3590.194000,,1,7.000000,False,,False,True
2026,2,Chinese Grand Prix,R,3788.255000,LAW,30,lawson,rb,99.114000,4.000000,1.000000,,,26.045000,30.283000,42.786000,3715.186000,3745.469000,3788.255000,270.000000,260.000000,274.000000,318.000000,False,MEDIUM,4.000000,True,Racing Bulls,3689.141000,,1,7.000000,False,,False,True
2026,2,Chinese Grand Prix,R,3888.310000,LAW,30,lawson,rb,100.055000,5.000000,1.000000,,,26.168000,30.359000,43.528000,3814.423000,3844.782000,3888.310000,266.000000,259.000000,270.000000,312.000000,False,MEDIUM,5.000000,True,Racing Bulls,3788.255000,,1,8.000000,False,,False,True
2026,2,Chinese Grand Prix,R,3987.820000,LAW,30,lawson,rb,99.510000,6.000000,1.000000,,,26.200000,30.544000,42.766000,3914.510000,3945.054000,3987.820000,272.000000,260.000000,274.000000,319.000000,False,MEDIUM,6.000000,True,Racing Bulls,3888.310000,,1,8.000000,False,,False,True
2026,2,Chinese Grand Prix,R,4087.529000,LAW,30,lawson,rb,99.709000,7.000000,1.000000,,,26.055000,30.472000,43.182000,4013.875000,4044.347000,4087.529000,270.000000,263.000000,271.000000,314.000000,False,MEDIUM,7.000000,True,Racing Bulls,3987.820000,,1,8.000000,False,,False,True
2026,2,Chinese Grand Prix,R,4187.407000,LAW,30,lawson,rb,99.878000,8.000000,1.000000,,,26.311000,30.400000,43.167000,4113.840000,4144.240000,4187.407000,268.000000,263.000000,272.000000,314.000000,False,MEDIUM,8.000000,True,Racing Bulls,4087.529000,,1,8.000000,False,,False,True
2026,2,Chinese Grand Prix,R,4293.586000,LAW,30,lawson,rb,106.179000,9.000000,1.000000,,4291.865000,26.345000,30.669000,49.165000,4213.752000,4244.421000,4293.586000,266.000000,255.000000,,310.000000,False,MEDIUM,9.000000,True,Racing Bulls,4187.407000,,1,11.000000,False,,False,False
2026,2,Chinese Grand Prix,R,4435.724000,LAW,30,lawson,rb,142.138000,10.000000,2.000000,4314.818000,,45.558000,39.863000,56.717000,4339.144000,4379.007000,4435.724000,266.000000,152.000000,197.000000,198.000000,False,HARD,1.000000,True,Racing Bulls,4293.586000,,124,14.000000,False,,False,False
2026,2,Chinese Grand Prix,R,4570.893000,LAW,30,lawson,rb,135.169000,11.000000,2.000000,,,35.409000,40.895000,58.865000,4471.133000,4512.028000,4570.893000,220.000000,193.000000,209.000000,216.000000,False,HARD,2.000000,True,Racing Bulls,4435.724000,,4,13.000000,False,,False,False
2026,2,Chinese Grand Prix,R,4701.477000,LAW,30,lawson,rb,130.584000,12.000000,2.000000,,,33.054000,34.546000,62.984000,4603.947000,4638.493000,4701.477000,231.000000,177.000000,121.000000,111.000000,False,HARD,3.000000,True,Racing Bulls,4570.893000,,4,12.000000,False,,False,False
2026,2,Chinese Grand Prix,R,4843.894000,LAW,30,lawson,rb,142.417000,13.000000,2.000000,,,35.431000,45.931000,61.055000,4736.908000,4782.839000,4843.894000,225.000000,191.000000,274.000000,206.000000,False,HARD,4.000000,True,Racing Bulls,4701.477000,,41,12.000000,False,,False,False
2026,2,Chinese Grand Prix,R,4944.673000,LAW,30,lawson,rb,100.779000,14.000000,2.000000,,,26.543000,31.232000,43.004000,4870.437000,4901.669000,4944.673000,289.000000,269.000000,274.000000,339.000000,False,HARD,5.000000,True,Racing Bulls,4843.894000,,1,12.000000,False,,False,True
2026,2,Chinese Grand Prix,R,5043.693000,LAW,30,lawson,rb,99.020000,15.000000,2.000000,,,26.023000,30.415000,42.582000,4970.696000,5001.111000,5043.693000,279.000000,256.000000,272.000000,335.000000,False,HARD,6.000000,True,Racing Bulls,4944.673000,,1,12.000000,False,,False,True
2026,2,Chinese Grand Prix,R,5143.130000,LAW,30,lawson,rb,99.437000,16.000000,2.000000,,,26.171000,30.308000,42.958000,5069.864000,5100.172000,5143.130000,266.000000,260.000000,272.000000,319.000000,False,HARD,7.000000,True,Racing Bulls,5043.693000,,1,12.000000,False,,False,True
2026,2,Chinese Grand Prix,R,5242.039000,LAW,30,lawson,rb,98.909000,17.000000,2.000000,,,25.953000,30.137000,42.819000,5169.083000,5199.220000,5242.039000,277.000000,264.000000,274.000000,321.000000,True,HARD,8.000000,True,Racing Bulls,5143.130000,,12,12.000000,False,,False,True
2026,2,Chinese Grand Prix,R,5340.748000,LAW,30,lawson,rb,98.709000,18.000000,2.000000,,,26.021000,30.077000,42.611000,5268.060000,5298.137000,5340.748000,275.000000,262.000000,272.000000,322.000000,True,HARD,9.000000,True,Racing Bulls,5242.039000,,21,12.000000,False,,False,True
2026,2,Chinese Grand Prix,R,5439.737000,LAW,30,lawson,rb,98.989000,19.000000,2.000000,,,26.058000,30.253000,42.678000,5366.806000,5397.059000,5439.737000,274.000000,266.000000,272.000000,320.000000,False,HARD,10.000000,True,Racing Bulls,5340.748000,,1,12.000000,False,,False,True
2026,2,Chinese Grand Prix,R,5538.924000,LAW,30,lawson,rb,99.187000,20.000000,2.000000,,,26.148000,30.308000,42.731000,5465.885000,5496.193000,5538.924000,271.000000,267.000000,273.000000,322.000000,False,HARD,11.000000,True,Racing Bulls,5439.737000,,1,12.000000,False,,False,True
2026,2,Chinese Grand Prix,R,5637.415000,LAW,30,lawson,rb,98.491000,21.000000,2.000000,,,25.840000,30.036000,42.615000,5564.764000,5594.800000,5637.415000,279.000000,268.000000,272.000000,334.000000,True,HARD,12.000000,True,Racing Bulls,5538.924000,,1,11.000000,False,,False,True
2026,2,Chinese Grand Prix,R,5736.215000,LAW,30,lawson,rb,98.800000,22.000000,2.000000,,,26.023000,29.990000,42.787000,5663.438000,5693.428000,5736.215000,276.000000,265.000000,272.000000,315.000000,False,HARD,13.000000,True,Racing Bulls,5637.415000,,1,11.000000,False,,False,True
2026,2,Chinese Grand Prix,R,5834.767000,LAW,30,lawson,rb,98.552000,23.000000,2.000000,,,26.069000,29.916000,42.567000,5762.284000,5792.200000,5834.767000,274.000000,261.000000,273.000000,318.000000,False,HARD,14.000000,True,Racing Bulls,5736.215000,,1,11.000000,False,,False,True
2026,2,Chinese Grand Prix,R,5933.313000,LAW,30,lawson,rb,98.546000,24.000000,2.000000,,,25.936000,30.014000,42.596000,5860.703000,5890.717000,5933.313000,274.000000,265.000000,271.000000,318.000000,False,HARD,15.000000,True,Racing Bulls,5834.767000,,1,11.000000,False,,False,True
2026,2,Chinese Grand Prix,R,6031.912000,LAW,30,lawson,rb,98.599000,25.000000,2.000000,,,25.955000,30.060000,42.584000,5959.268000,5989.328000,6031.912000,277.000000,265.000000,276.000000,319.000000,False,HARD,16.000000,True,Racing Bulls,5933.313000,,1,11.000000,False,,False,True
2026,2,Chinese Grand Prix,R,6130.357000,LAW,30,lawson,rb,98.445000,26.000000,2.000000,,,25.844000,29.994000,42.607000,6057.756000,6087.750000,6130.357000,277.000000,266.000000,272.000000,319.000000,True,HARD,17.000000,True,Racing Bulls,6031.912000,,1,11.000000,False,,False,True
2026,2,Chinese Grand Prix,R,6228.715000,LAW,30,lawson,rb,98.358000,27.000000,2.000000,,,25.779000,29.938000,42.641000,6156.136000,6186.074000,6228.715000,281.000000,267.000000,274.000000,314.000000,True,HARD,18.000000,True,Racing Bulls,6130.357000,,12,11.000000,False,,False,True
2026,2,Chinese Grand Prix,R,6327.104000,LAW,30,lawson,rb,98.389000,28.000000,2.000000,,,25.790000,29.893000,42.706000,6254.505000,6284.398000,6327.104000,278.000000,262.000000,270.000000,315.000000,False,HARD,19.000000,True,Racing Bulls,6228.715000,,21,11.000000,False,,False,True
2026,2,Chinese Grand Prix,R,6425.412000,LAW,30,lawson,rb,98.308000,29.000000,2.000000,,,25.917000,29.943000,42.448000,6353.021000,6382.964000,6425.412000,276.000000,265.000000,277.000000,319.000000,True,HARD,20.000000,True,Racing Bulls,6327.104000,,1,10.000000,False,,False,True
2026,2,Chinese Grand Prix,R,6523.306000,LAW,30,lawson,rb,97.894000,30.000000,2.000000,,,25.740000,29.884000,42.270000,6451.152000,6481.036000,6523.306000,280.000000,263.000000,275.000000,319.000000,True,HARD,21.000000,True,Racing Bulls,6425.412000,,1,10.000000,False,,False,True
2026,2,Chinese Grand Prix,R,6621.390000,LAW,30,lawson,rb,98.084000,31.000000,2.000000,,,25.748000,29.851000,42.485000,6549.054000,6578.905000,6621.390000,278.000000,262.000000,273.000000,318.000000,False,HARD,22.000000,True,Racing Bulls,6523.306000,,1,10.000000,False,,False,True
2026,2,Chinese Grand Prix,R,6719.349000,LAW,30,lawson,rb,97.959000,32.000000,2.000000,,,25.802000,29.723000,42.434000,6647.192000,6676.915000,6719.349000,278.000000,264.000000,276.000000,318.000000,False,HARD,23.000000,True,Racing Bulls,6621.390000,,1,9.000000,False,,False,True
2026,2,Chinese Grand Prix,R,6817.247000,LAW,30,lawson,rb,97.898000,33.000000,2.000000,,,25.657000,29.768000,42.473000,6745.006000,6774.774000,6817.247000,281.000000,264.000000,276.000000,319.000000,False,HARD,24.000000,True,Racing Bulls,6719.349000,,12,9.000000,False,,False,True
2026,2,Chinese Grand Prix,R,6915.471000,LAW,30,lawson,rb,98.224000,34.000000,2.000000,,,25.826000,29.894000,42.504000,6843.073000,6872.967000,6915.471000,285.000000,265.000000,274.000000,319.000000,False,HARD,25.000000,True,Racing Bulls,6817.247000,,1,9.000000,False,,False,True
2026,2,Chinese Grand Prix,R,7013.480000,LAW,30,lawson,rb,98.009000,35.000000,2.000000,,,25.786000,30.090000,42.133000,6941.257000,6971.347000,7013.480000,281.000000,269.000000,272.000000,330.000000,False,HARD,26.000000,True,Racing Bulls,6915.471000,,1,8.000000,False,,False,True
2026,2,Chinese Grand Prix,R,7111.461000,LAW,30,lawson,rb,97.981000,36.000000,2.000000,,,25.804000,29.620000,42.557000,7039.284000,7068.904000,7111.461000,277.000000,262.000000,270.000000,309.000000,False,HARD,27.000000,True,Racing Bulls,7013.480000,,1,8.000000,False,,False,True
2026,2,Chinese Grand Prix,R,7209.433000,LAW,30,lawson,rb,97.972000,37.000000,2.000000,,,26.089000,29.555000,42.328000,7137.550000,7167.105000,7209.433000,278.000000,264.000000,275.000000,312.000000,False,HARD,28.000000,True,Racing Bulls,7111.461000,,1,8.000000,False,,False,True
2026,2,Chinese Grand Prix,R,7307.001000,LAW,30,lawson,rb,97.568000,38.000000,2.000000,,,25.790000,29.497000,42.281000,7235.223000,7264.720000,7307.001000,273.000000,264.000000,275.000000,310.000000,True,HARD,29.000000,True,Racing Bulls,7209.433000,,1,8.000000,False,,False,True
2026,2,Chinese Grand Prix,R,7404.764000,LAW,30,lawson,rb,97.763000,39.000000,2.000000,,,25.824000,29.535000,42.404000,7332.825000,7362.360000,7404.764000,274.000000,262.000000,273.000000,310.000000,False,HARD,30.000000,True,Racing Bulls,7307.001000,,1,8.000000,False,,False,True
2026,2,Chinese Grand Prix,R,7502.574000,LAW,30,lawson,rb,97.810000,40.000000,2.000000,,,26.032000,29.449000,42.329000,7430.796000,7460.245000,7502.574000,275.000000,262.000000,273.000000,311.000000,False,HARD,31.000000,True,Racing Bulls,7404.764000,,1,8.000000,False,,False,True
2026,2,Chinese Grand Prix,R,7600.190000,LAW,30,lawson,rb,97.616000,41.000000,2.000000,,,25.711000,29.404000,42.501000,7528.285000,7557.689000,7600.190000,279.000000,264.000000,274.000000,305.000000,False,HARD,32.000000,True,Racing Bulls,7502.574000,,1,8.000000,False,,False,True
2026,2,Chinese Grand Prix,R,7697.746000,LAW,30,lawson,rb,97.556000,42.000000,2.000000,,,25.758000,29.421000,42.377000,7625.948000,7655.369000,7697.746000,278.000000,267.000000,275.000000,305.000000,True,HARD,33.000000,True,Racing Bulls,7600.190000,,1,8.000000,False,,False,True
2026,2,Chinese Grand Prix,R,7795.307000,LAW,30,lawson,rb,97.561000,43.000000,2.000000,,,25.734000,29.425000,42.402000,7723.480000,7752.905000,7795.307000,280.000000,264.000000,276.000000,305.000000,False,HARD,34.000000,True,Racing Bulls,7697.746000,,1,8.000000,False,,False,True
2026,2,Chinese Grand Prix,R,7892.661000,LAW,30,lawson,rb,97.354000,44.000000,2.000000,,,25.636000,29.449000,42.269000,7820.943000,7850.392000,7892.661000,278.000000,265.000000,275.000000,308.000000,True,HARD,35.000000,True,Racing Bulls,7795.307000,,1,8.000000,False,,False,True
2026,2,Chinese Grand Prix,R,7990.208000,LAW,30,lawson,rb,97.547000,45.000000,2.000000,,,25.595000,29.500000,42.452000,7918.256000,7947.756000,7990.208000,279.000000,264.000000,276.000000,305.000000,False,HARD,36.000000,True,Racing Bulls,7892.661000,,1,7.000000,False,,False,True
2026,2,Chinese Grand Prix,R,8087.577000,LAW,30,lawson,rb,97.369000,46.000000,2.000000,,,25.556000,29.476000,42.337000,8015.764000,8045.240000,8087.577000,280.000000,262.000000,276.000000,307.000000,False,HARD,37.000000,True,Racing Bulls,7990.208000,,1,7.000000,False,,False,True
2026,2,Chinese Grand Prix,R,8184.875000,LAW,30,lawson,rb,97.298000,47.000000,2.000000,,,25.579000,29.339000,42.380000,8113.156000,8142.495000,8184.875000,279.000000,267.000000,274.000000,309.000000,True,HARD,38.000000,True,Racing Bulls,8087.577000,,1,7.000000,False,,False,True
2026,2,Chinese Grand Prix,R,8282.318000,LAW,30,lawson,rb,97.443000,48.000000,2.000000,,,25.642000,29.430000,42.371000,8210.517000,8239.947000,8282.318000,283.000000,268.000000,275.000000,308.000000,False,HARD,39.000000,True,Racing Bulls,8184.875000,,1,7.000000,False,,False,True
2026,2,Chinese Grand Prix,R,8379.775000,LAW,30,lawson,rb,97.457000,49.000000,2.000000,,,25.599000,29.495000,42.363000,8307.917000,8337.412000,8379.775000,279.000000,260.000000,277.000000,307.000000,False,HARD,40.000000,True,Racing Bulls,8282.318000,,1,7.000000,False,,False,True
2026,2,Chinese Grand Prix,R,8476.976000,LAW,30,lawson,rb,97.201000,50.000000,2.000000,,,25.469000,29.437000,42.295000,8405.244000,8434.681000,8476.976000,281.000000,266.000000,276.000000,309.000000,True,HARD,41.000000,True,Racing Bulls,8379.775000,,1,7.000000,False,,False,True
2026,2,Chinese Grand Prix,R,8574.369000,LAW,30,lawson,rb,97.393000,51.000000,2.000000,,,25.586000,29.535000,42.272000,8502.562000,8532.097000,8574.369000,281.000000,265.000000,275.000000,310.000000,False,HARD,42.000000,True,Racing Bulls,8476.976000,,1,7.000000,False,,False,True
2026,2,Chinese Grand Prix,R,8671.693000,LAW,30,lawson,rb,97.324000,52.000000,2.000000,,,25.544000,29.481000,42.299000,8599.913000,8629.394000,8671.693000,282.000000,265.000000,275.000000,307.000000,False,HARD,43.000000,True,Racing Bulls,8574.369000,,1,7.000000,False,,False,True
2026,2,Chinese Grand Prix,R,8769.043000,LAW,30,lawson,rb,97.350000,53.000000,2.000000,,,25.602000,29.408000,42.340000,8697.295000,8726.703000,8769.043000,283.000000,264.000000,277.000000,309.000000,False,HARD,44.000000,True,Racing Bulls,8671.693000,,12,7.000000,False,,False,True
2026,2,Chinese Grand Prix,R,8866.245000,LAW,30,lawson,rb,97.202000,54.000000,2.000000,,,25.555000,29.431000,42.216000,8794.598000,8824.029000,8866.245000,282.000000,265.000000,277.000000,310.000000,False,HARD,45.000000,True,Racing Bulls,8769.043000,,1,7.000000,False,,False,True
2026,2,Chinese Grand Prix,R,8963.411000,LAW,30,lawson,rb,97.166000,55.000000,2.000000,,,25.444000,29.481000,42.241000,8891.689000,8921.170000,8963.411000,281.000000,264.000000,276.000000,310.000000,True,HARD,46.000000,True,Racing Bulls,8866.245000,,1,7.000000,False,,False,True
2026,2,Chinese Grand Prix,R,9060.507000,LAW,30,lawson,rb,97.096000,56.000000,2.000000,,,25.458000,29.543000,42.095000,8988.869000,9018.412000,9060.507000,282.000000,264.000000,280.000000,310.000000,True,HARD,47.000000,True,Racing Bulls,8963.411000,,1,7.000000,False,,False,True
2026,2,Chinese Grand Prix,R,3491.005000,OCO,31,ocon,haas,106.693000,1.000000,1.000000,,,,32.187000,43.509000,,3447.641000,3491.189000,269.000000,266.000000,273.000000,333.000000,False,HARD,1.000000,True,Haas F1 Team,3384.050000,,12,9.000000,False,,False,False
2026,2,Chinese Grand Prix,R,3590.741000,OCO,31,ocon,haas,99.736000,2.000000,1.000000,,,26.498000,30.518000,42.720000,3517.574000,3548.092000,3590.812000,283.000000,259.000000,268.000000,317.000000,True,HARD,2.000000,True,Haas F1 Team,3491.005000,,1,8.000000,False,,False,True
2026,2,Chinese Grand Prix,R,3689.823000,OCO,31,ocon,haas,99.082000,3.000000,1.000000,,,26.297000,30.078000,42.707000,3617.109000,3647.187000,3689.894000,266.000000,259.000000,268.000000,321.000000,True,HARD,3.000000,True,Haas F1 Team,3590.741000,,1,8.000000,False,,False,True
2026,2,Chinese Grand Prix,R,3788.925000,OCO,31,ocon,haas,99.102000,4.000000,1.000000,,,26.051000,30.220000,42.831000,3715.945000,3746.165000,3788.996000,270.000000,261.000000,268.000000,325.000000,False,HARD,4.000000,True,Haas F1 Team,3689.823000,,1,8.000000,False,,False,True
2026,2,Chinese Grand Prix,R,3887.771000,OCO,31,ocon,haas,98.846000,5.000000,1.000000,,,26.059000,30.260000,42.527000,3815.055000,3845.315000,3887.842000,269.000000,258.000000,265.000000,324.000000,True,HARD,5.000000,True,Haas F1 Team,3788.925000,,1,7.000000,False,,False,True
2026,2,Chinese Grand Prix,R,3986.529000,OCO,31,ocon,haas,98.758000,6.000000,1.000000,,,26.082000,29.950000,42.726000,3913.924000,3943.874000,3986.600000,263.000000,257.000000,267.000000,305.000000,True,HARD,6.000000,True,Haas F1 Team,3887.771000,,1,7.000000,False,,False,True
2026,2,Chinese Grand Prix,R,4085.615000,OCO,31,ocon,haas,99.086000,7.000000,1.000000,,,26.271000,29.883000,42.932000,4012.871000,4042.754000,4085.686000,262.000000,255.000000,267.000000,305.000000,False,HARD,7.000000,True,Haas F1 Team,3986.529000,,1,7.000000,False,,False,True
2026,2,Chinese Grand Prix,R,4184.630000,OCO,31,ocon,haas,99.015000,8.000000,1.000000,,,26.219000,30.012000,42.784000,4111.905000,4141.917000,4184.701000,262.000000,251.000000,265.000000,307.000000,False,HARD,8.000000,True,Haas F1 Team,4085.615000,,1,7.000000,False,,False,True
2026,2,Chinese Grand Prix,R,4283.648000,OCO,31,ocon,haas,99.018000,9.000000,1.000000,,,26.316000,30.007000,42.695000,4211.017000,4241.024000,4283.719000,261.000000,253.000000,270.000000,307.000000,False,HARD,9.000000,True,Haas F1 Team,4184.630000,,1,7.000000,False,,False,True
2026,2,Chinese Grand Prix,R,4396.023000,OCO,31,ocon,haas,112.375000,10.000000,1.000000,,,26.103000,30.048000,56.224000,4309.822000,4339.870000,4396.094000,261.000000,251.000000,263.000000,263.000000,False,HARD,10.000000,True,Haas F1 Team,4283.648000,,124,7.000000,False,,False,False
2026,2,Chinese Grand Prix,R,4540.267000,OCO,31,ocon,haas,144.244000,11.000000,1.000000,,,36.643000,43.729000,63.872000,4432.737000,4476.466000,4540.338000,125.000000,139.000000,186.000000,167.000000,False,HARD,11.000000,True,Haas F1 Team,4396.023000,,4,3.000000,False,,False,False
2026,2,Chinese Grand Prix,R,4690.121000,OCO,31,ocon,haas,149.854000,12.000000,1.000000,,,43.603000,43.126000,63.125000,4583.941000,4627.067000,4690.192000,162.000000,176.000000,198.000000,161.000000,False,HARD,12.000000,True,Haas F1 Team,4540.267000,,4,3.000000,False,,False,False
2026,2,Chinese Grand Prix,R,4840.091000,OCO,31,ocon,haas,149.970000,13.000000,1.000000,,,37.424000,44.506000,68.040000,4727.616000,4772.122000,4840.162000,190.000000,98.000000,270.000000,172.000000,False,HARD,13.000000,True,Haas F1 Team,4690.121000,,41,3.000000,False,,False,False
2026,2,Chinese Grand Prix,R,4940.416000,OCO,31,ocon,haas,100.325000,14.000000,1.000000,,,26.252000,30.750000,43.323000,4866.414000,4897.164000,4940.487000,279.000000,258.000000,270.000000,326.000000,False,HARD,14.000000,True,Haas F1 Team,4840.091000,,1,4.000000,False,,False,True
2026,2,Chinese Grand Prix,R,5039.459000,OCO,31,ocon,haas,99.043000,15.000000,1.000000,,,25.887000,30.079000,43.077000,4966.374000,4996.453000,5039.530000,269.000000,260.000000,267.000000,316.000000,False,HARD,15.000000,True,Haas F1 Team,4940.416000,,1,5.000000,False,,False,True
2026,2,Chinese Grand Prix,R,5138.876000,OCO,31,ocon,haas,99.417000,16.000000,1.000000,,,26.089000,30.601000,42.727000,5065.619000,5096.220000,5138.947000,264.000000,262.000000,272.000000,322.000000,False,HARD,16.000000,True,Haas F1 Team,5039.459000,,1,6.000000,False,,False,True
2026,2,Chinese Grand Prix,R,5237.233000,OCO,31,ocon,haas,98.357000,17.000000,1.000000,,,25.939000,29.989000,42.429000,5164.886000,5194.875000,5237.304000,270.000000,256.000000,270.000000,322.000000,True,HARD,17.000000,True,Haas F1 Team,5138.876000,,1,6.000000,False,,False,True
2026,2,Chinese Grand Prix,R,5335.904000,OCO,31,ocon,haas,98.671000,18.000000,1.000000,,,25.991000,29.847000,42.833000,5263.295000,5293.142000,5335.975000,267.000000,262.000000,267.000000,319.000000,False,HARD,18.000000,True,Haas F1 Team,5237.233000,,12,6.000000,False,,False,True
2026,2,Chinese Grand Prix,R,5435.815000,OCO,31,ocon,haas,99.911000,19.000000,1.000000,,,26.071000,30.600000,43.240000,5362.046000,5392.646000,5435.886000,276.000000,254.000000,264.000000,317.000000,False,HARD,19.000000,True,Haas F1 Team,5335.904000,,1,7.000000,False,,False,True
2026,2,Chinese Grand Prix,R,5534.806000,OCO,31,ocon,haas,98.991000,20.000000,1.000000,,,26.589000,29.733000,42.669000,5462.475000,5492.208000,5534.877000,265.000000,262.000000,270.000000,316.000000,False,HARD,20.000000,True,Haas F1 Team,5435.815000,,1,7.000000,False,,False,True
2026,2,Chinese Grand Prix,R,5634.628000,OCO,31,ocon,haas,99.822000,21.000000,1.000000,,,26.304000,30.509000,43.009000,5561.181000,5591.690000,5634.699000,271.000000,263.000000,259.000000,323.000000,False,HARD,21.000000,True,Haas F1 Team,5534.806000,,1,8.000000,False,,False,True
2026,2,Chinese Grand Prix,R,5733.328000,OCO,31,ocon,haas,98.700000,22.000000,1.000000,,,26.286000,29.867000,42.547000,5660.985000,5690.852000,5733.399000,265.000000,256.000000,273.000000,321.000000,False,HARD,22.000000,True,Haas F1 Team,5634.628000,,1,8.000000,False,,False,True
2026,2,Chinese Grand Prix,R,5831.662000,OCO,31,ocon,haas,98.334000,23.000000,1.000000,,,25.954000,29.953000,42.427000,5759.353000,5789.306000,5831.733000,270.000000,264.000000,270.000000,323.000000,True,HARD,23.000000,True,Haas F1 Team,5733.328000,,1,8.000000,False,,False,True
2026,2,Chinese Grand Prix,R,5930.512000,OCO,31,ocon,haas,98.850000,24.000000,1.000000,,,26.031000,29.845000,42.974000,5857.764000,5887.609000,5930.583000,269.000000,263.000000,251.000000,328.000000,False,HARD,24.000000,True,Haas F1 Team,5831.662000,,1,8.000000,False,,False,True
2026,2,Chinese Grand Prix,R,6028.843000,OCO,31,ocon,haas,98.331000,25.000000,1.000000,,,26.234000,29.770000,42.327000,5956.817000,5986.587000,6028.914000,263.000000,259.000000,271.000000,314.000000,True,HARD,25.000000,True,Haas F1 Team,5930.512000,,1,8.000000,False,,False,True
2026,2,Chinese Grand Prix,R,6126.668000,OCO,31,ocon,haas,97.825000,26.000000,1.000000,,,25.759000,29.811000,42.255000,6054.673000,6084.484000,6126.739000,271.000000,262.000000,271.000000,320.000000,True,HARD,26.000000,True,Haas F1 Team,6028.843000,,1,8.000000,False,,False,True
2026,2,Chinese Grand Prix,R,6224.789000,OCO,31,ocon,haas,98.121000,27.000000,1.000000,,,25.904000,29.737000,42.480000,6152.643000,6182.380000,6224.860000,270.000000,263.000000,272.000000,323.000000,False,HARD,27.000000,True,Haas F1 Team,6126.668000,,12,8.000000,False,,False,True
2026,2,Chinese Grand Prix,R,6323.458000,OCO,31,ocon,haas,98.669000,28.000000,1.000000,,,25.951000,29.811000,42.907000,6250.811000,6280.622000,6323.529000,269.000000,262.000000,241.000000,323.000000,False,HARD,28.000000,True,Haas F1 Team,6224.789000,,21,7.000000,False,,False,True
2026,2,Chinese Grand Prix,R,6428.025000,OCO,31,ocon,haas,104.567000,29.000000,1.000000,,6426.330000,27.058000,29.916000,47.593000,6350.587000,6380.503000,6428.096000,270.000000,264.000000,,320.000000,False,HARD,29.000000,True,Haas F1 Team,6323.458000,,1,12.000000,False,,False,False
2026,2,Chinese Grand Prix,R,6547.021000,OCO,31,ocon,haas,118.996000,30.000000,2.000000,6452.275000,,47.689000,29.562000,41.745000,6475.785000,6505.347000,6547.092000,276.000000,268.000000,276.000000,313.000000,False,MEDIUM,1.000000,True,Haas F1 Team,6428.025000,,1,15.000000,False,,False,False
2026,2,Chinese Grand Prix,R,6643.947000,OCO,31,ocon,haas,96.926000,31.000000,2.000000,,,25.094000,29.333000,42.499000,6572.186000,6601.519000,6644.018000,275.000000,249.000000,259.000000,297.000000,True,MEDIUM,2.000000,True,Haas F1 Team,6547.021000,,1,14.000000,False,,False,True
2026,2,Chinese Grand Prix,R,6741.051000,OCO,31,ocon,haas,97.104000,32.000000,2.000000,,,25.872000,29.248000,41.984000,6669.890000,6699.138000,6741.122000,263.000000,257.000000,274.000000,303.000000,False,MEDIUM,3.000000,True,Haas F1 Team,6643.947000,,1,14.000000,False,,False,True
2026,2,Chinese Grand Prix,R,6849.468000,OCO,31,ocon,haas,108.417000,33.000000,2.000000,,,34.889000,30.987000,42.541000,6776.011000,6806.998000,6849.539000,251.000000,257.000000,272.000000,311.000000,False,MEDIUM,4.000000,True,Haas F1 Team,6741.051000,,12,16.000000,False,,False,True
2026,2,Chinese Grand Prix,R,6947.942000,OCO,31,ocon,haas,98.474000,34.000000,2.000000,,,25.942000,30.017000,42.515000,6875.481000,6905.498000,6948.013000,266.000000,263.000000,272.000000,325.000000,False,MEDIUM,5.000000,True,Haas F1 Team,6849.468000,,1,15.000000,False,,False,True
2026,2,Chinese Grand Prix,R,7045.979000,OCO,31,ocon,haas,98.037000,35.000000,2.000000,,,25.818000,29.735000,42.484000,6973.831000,7003.566000,7046.050000,264.000000,260.000000,275.000000,317.000000,False,MEDIUM,6.000000,True,Haas F1 Team,6947.942000,,1,15.000000,False,,False,True
2026,2,Chinese Grand Prix,R,7144.796000,OCO,31,ocon,haas,98.817000,36.000000,2.000000,,,25.999000,29.994000,42.824000,7072.049000,7102.043000,7144.867000,282.000000,258.000000,265.000000,300.000000,False,MEDIUM,7.000000,True,Haas F1 Team,7045.979000,,1,13.000000,False,,False,True
2026,2,Chinese Grand Prix,R,7242.626000,OCO,31,ocon,haas,97.830000,37.000000,2.000000,,,25.984000,29.561000,42.285000,7170.851000,7200.412000,7242.697000,265.000000,258.000000,275.000000,305.000000,False,MEDIUM,8.000000,True,Haas F1 Team,7144.796000,,1,13.000000,False,,False,True
2026,2,Chinese Grand Prix,R,7340.320000,OCO,31,ocon,haas,97.694000,38.000000,2.000000,,,25.625000,29.522000,42.547000,7268.322000,7297.844000,7340.391000,265.000000,255.000000,271.000000,299.000000,False,MEDIUM,9.000000,True,Haas F1 Team,7242.626000,,1,13.000000,False,,False,True
2026,2,Chinese Grand Prix,R,7438.337000,OCO,31,ocon,haas,98.017000,39.000000,2.000000,,,25.887000,29.533000,42.597000,7366.278000,7395.811000,7438.408000,264.000000,259.000000,271.000000,300.000000,False,MEDIUM,10.000000,True,Haas F1 Team,7340.320000,,1,13.000000,False,,False,True
2026,2,Chinese Grand Prix,R,7536.405000,OCO,31,ocon,haas,98.068000,40.000000,2.000000,,,25.942000,29.628000,42.498000,7464.350000,7493.978000,7536.476000,266.000000,260.000000,274.000000,302.000000,False,MEDIUM,11.000000,True,Haas F1 Team,7438.337000,,1,13.000000,False,,False,True
2026,2,Chinese Grand Prix,R,7634.306000,OCO,31,ocon,haas,97.901000,41.000000,2.000000,,,25.756000,29.555000,42.590000,7562.232000,7591.787000,7634.377000,263.000000,259.000000,271.000000,297.000000,False,MEDIUM,12.000000,True,Haas F1 Team,7536.405000,,1,13.000000,False,,False,True
2026,2,Chinese Grand Prix,R,7732.320000,OCO,31,ocon,haas,98.014000,42.000000,2.000000,,,25.948000,29.502000,42.564000,7660.325000,7689.827000,7732.391000,266.000000,260.000000,274.000000,301.000000,False,MEDIUM,13.000000,True,Haas F1 Team,7634.306000,,1,13.000000,False,,False,True
2026,2,Chinese Grand Prix,R,7832.078000,OCO,31,ocon,haas,99.758000,43.000000,2.000000,,,26.982000,30.053000,42.723000,7759.373000,7789.426000,7832.149000,276.000000,260.000000,264.000000,306.000000,False,MEDIUM,14.000000,True,Haas F1 Team,7732.320000,,1,13.000000,False,,False,True
2026,2,Chinese Grand Prix,R,7929.924000,OCO,31,ocon,haas,97.846000,44.000000,2.000000,,,25.920000,29.585000,42.341000,7858.069000,7887.654000,7929.995000,273.000000,262.000000,277.000000,306.000000,False,MEDIUM,15.000000,True,Haas F1 Team,7832.078000,,1,13.000000,False,,False,True
2026,2,Chinese Grand Prix,R,8029.070000,OCO,31,ocon,haas,99.146000,45.000000,2.000000,,,25.615000,29.622000,43.909000,7955.610000,7985.232000,8029.141000,267.000000,261.000000,274.000000,313.000000,False,MEDIUM,16.000000,True,Haas F1 Team,7929.924000,,1,12.000000,False,,False,True
2026,2,Chinese Grand Prix,R,8132.620000,OCO,31,ocon,haas,103.550000,46.000000,2.000000,,8130.912000,25.845000,29.620000,48.085000,8054.986000,8084.606000,8132.691000,268.000000,262.000000,,302.000000,False,MEDIUM,17.000000,True,Haas F1 Team,8029.070000,,1,13.000000,False,,False,False
2026,2,Chinese Grand Prix,R,8273.507000,OCO,31,ocon,haas,140.887000,47.000000,3.000000,8178.022000,,69.802000,29.133000,41.952000,8202.493000,8231.626000,8273.578000,275.000000,283.000000,274.000000,303.000000,False,SOFT,1.000000,True,Haas F1 Team,8132.620000,,1,15.000000,False,,False,False
2026,2,Chinese Grand Prix,R,8369.968000,OCO,31,ocon,haas,96.461000,48.000000,3.000000,,,25.461000,28.951000,42.049000,8299.039000,8327.990000,8370.039000,257.000000,247.000000,276.000000,294.000000,True,SOFT,2.000000,True,Haas F1 Team,8273.507000,,1,15.000000,False,,False,True
2026,2,Chinese Grand Prix,R,8466.714000,OCO,31,ocon,haas,96.746000,49.000000,3.000000,,,25.414000,29.104000,42.228000,8395.453000,8424.557000,8466.785000,250.000000,245.000000,276.000000,295.000000,False,SOFT,3.000000,True,Haas F1 Team,8369.968000,,1,15.000000,False,,False,True
2026,2,Chinese Grand Prix,R,8563.141000,OCO,31,ocon,haas,96.427000,50.000000,3.000000,,,25.302000,29.174000,41.951000,8492.087000,8521.261000,8563.212000,256.000000,249.000000,278.000000,294.000000,True,SOFT,4.000000,True,Haas F1 Team,8466.714000,,1,15.000000,False,,False,True
2026,2,Chinese Grand Prix,R,8659.617000,OCO,31,ocon,haas,96.476000,51.000000,3.000000,,,25.394000,29.090000,41.992000,8588.606000,8617.696000,8659.688000,265.000000,256.000000,274.000000,306.000000,False,SOFT,5.000000,True,Haas F1 Team,8563.141000,,1,15.000000,False,,False,True
2026,2,Chinese Grand Prix,R,8757.288000,OCO,31,ocon,haas,97.671000,52.000000,3.000000,,,25.484000,29.510000,42.677000,8685.172000,8714.682000,8757.359000,271.000000,262.000000,273.000000,305.000000,False,SOFT,6.000000,True,Haas F1 Team,8659.617000,,12,14.000000,False,,False,True
2026,2,Chinese Grand Prix,R,8853.930000,OCO,31,ocon,haas,96.642000,53.000000,3.000000,,,25.511000,29.054000,42.077000,8782.870000,8811.924000,8854.001000,271.000000,261.000000,274.000000,302.000000,False,SOFT,7.000000,True,Haas F1 Team,8757.288000,,1,14.000000,False,,False,True
2026,2,Chinese Grand Prix,R,8949.894000,OCO,31,ocon,haas,95.964000,54.000000,3.000000,,,25.355000,28.897000,41.712000,8879.356000,8908.253000,8949.965000,266.000000,260.000000,278.000000,302.000000,True,SOFT,8.000000,True,Haas F1 Team,8853.930000,,1,14.000000,False,,False,True
2026,2,Chinese Grand Prix,R,9046.175000,OCO,31,ocon,haas,96.281000,55.000000,3.000000,,,25.237000,29.083000,41.961000,8975.202000,9004.285000,9046.246000,271.000000,259.000000,274.000000,302.000000,False,SOFT,9.000000,True,Haas F1 Team,8949.894000,,1,14.000000,False,,False,True
2026,2,Chinese Grand Prix,R,3490.825000,LIN,41,arvid_lindblad,rb,106.513000,1.000000,1.000000,,,,31.383000,44.478000,,3446.546000,3491.005000,289.000000,268.000000,271.000000,336.000000,False,HARD,1.000000,True,Racing Bulls,3384.050000,,12,8.000000,False,,False,False
2026,2,Chinese Grand Prix,R,3591.874000,LIN,41,arvid_lindblad,rb,101.049000,2.000000,1.000000,,,26.553000,31.140000,43.356000,3517.448000,3548.588000,3591.944000,275.000000,264.000000,273.000000,323.000000,True,HARD,2.000000,True,Racing Bulls,3490.825000,,1,9.000000,False,,False,True
2026,2,Chinese Grand Prix,R,3691.182000,LIN,41,arvid_lindblad,rb,99.308000,3.000000,1.000000,,,26.135000,30.408000,42.765000,3618.079000,3648.487000,3691.252000,274.000000,259.000000,275.000000,317.000000,True,HARD,3.000000,True,Racing Bulls,3591.874000,,1,9.000000,False,,False,True
2026,2,Chinese Grand Prix,R,3790.480000,LIN,41,arvid_lindblad,rb,99.298000,4.000000,1.000000,,,25.808000,30.252000,43.238000,3717.060000,3747.312000,3790.550000,272.000000,258.000000,274.000000,320.000000,True,HARD,4.000000,True,Racing Bulls,3691.182000,,1,9.000000,False,,False,True
2026,2,Chinese Grand Prix,R,3889.875000,LIN,41,arvid_lindblad,rb,99.395000,5.000000,1.000000,,,26.065000,30.405000,42.925000,3816.615000,3847.020000,3889.945000,272.000000,256.000000,273.000000,316.000000,False,HARD,5.000000,True,Racing Bulls,3790.480000,,1,9.000000,False,,False,True
2026,2,Chinese Grand Prix,R,3989.238000,LIN,41,arvid_lindblad,rb,99.363000,6.000000,1.000000,,,26.056000,30.378000,42.929000,3916.001000,3946.379000,3989.308000,271.000000,260.000000,274.000000,320.000000,False,HARD,6.000000,True,Racing Bulls,3889.875000,,1,9.000000,False,,False,True
2026,2,Chinese Grand Prix,R,4088.436000,LIN,41,arvid_lindblad,rb,99.198000,7.000000,1.000000,,,25.898000,30.408000,42.892000,4015.206000,4045.614000,4088.506000,270.000000,257.000000,274.000000,320.000000,True,HARD,7.000000,True,Racing Bulls,3989.238000,,1,9.000000,False,,False,True
2026,2,Chinese Grand Prix,R,4187.886000,LIN,41,arvid_lindblad,rb,99.450000,8.000000,1.000000,,,26.064000,30.440000,42.946000,4114.570000,4145.010000,4187.956000,276.000000,265.000000,271.000000,336.000000,False,HARD,8.000000,True,Racing Bulls,4088.436000,,1,9.000000,False,,False,True
2026,2,Chinese Grand Prix,R,4287.745000,LIN,41,arvid_lindblad,rb,99.859000,9.000000,1.000000,,,26.316000,30.745000,42.798000,4214.272000,4245.017000,4287.815000,274.000000,262.000000,270.000000,328.000000,False,HARD,9.000000,True,Racing Bulls,4187.886000,,1,8.000000,False,,False,True
2026,2,Chinese Grand Prix,R,4400.883000,LIN,41,arvid_lindblad,rb,113.138000,10.000000,1.000000,,,26.148000,30.220000,56.770000,4313.963000,4344.183000,4400.953000,268.000000,256.000000,218.000000,260.000000,False,HARD,10.000000,True,Racing Bulls,4287.745000,,124,8.000000,False,,False,False
2026,2,Chinese Grand Prix,R,4543.939000,LIN,41,arvid_lindblad,rb,143.056000,11.000000,1.000000,,,37.892000,41.196000,63.968000,4438.845000,4480.041000,4544.009000,225.000000,173.000000,177.000000,222.000000,False,HARD,11.000000,True,Racing Bulls,4400.883000,,4,6.000000,False,,False,False
2026,2,Chinese Grand Prix,R,4693.763000,LIN,41,arvid_lindblad,rb,149.824000,12.000000,1.000000,,,42.835000,43.447000,63.542000,4586.844000,4630.291000,4693.833000,153.000000,178.000000,173.000000,182.000000,False,HARD,12.000000,True,Racing Bulls,4543.939000,,4,6.000000,False,,False,False
2026,2,Chinese Grand Prix,R,4841.334000,LIN,41,arvid_lindblad,rb,147.571000,13.000000,1.000000,,,36.919000,44.554000,66.098000,4730.752000,4775.306000,4841.404000,193.000000,173.000000,269.000000,169.000000,False,HARD,13.000000,True,Racing Bulls,4693.763000,,41,6.000000,False,,False,False
2026,2,Chinese Grand Prix,R,4942.207000,LIN,41,arvid_lindblad,rb,100.873000,14.000000,1.000000,,,26.298000,30.968000,43.607000,4867.702000,4898.670000,4942.277000,286.000000,262.000000,270.000000,339.000000,False,HARD,14.000000,True,Racing Bulls,4841.334000,,1,7.000000,False,,False,True
2026,2,Chinese Grand Prix,R,5041.291000,LIN,41,arvid_lindblad,rb,99.084000,15.000000,1.000000,,,26.252000,30.235000,42.597000,4968.529000,4998.764000,5041.361000,275.000000,262.000000,276.000000,334.000000,True,HARD,15.000000,True,Racing Bulls,4942.207000,,1,7.000000,False,,False,True
2026,2,Chinese Grand Prix,R,5140.619000,LIN,41,arvid_lindblad,rb,99.328000,16.000000,1.000000,,,25.876000,30.217000,43.235000,5067.237000,5097.454000,5140.689000,272.000000,261.000000,275.000000,319.000000,False,HARD,16.000000,True,Racing Bulls,5041.291000,,1,8.000000,False,,False,True
2026,2,Chinese Grand Prix,R,5239.906000,LIN,41,arvid_lindblad,rb,99.287000,17.000000,1.000000,,,26.008000,30.240000,43.039000,5166.697000,5196.937000,5239.976000,277.000000,261.000000,275.000000,322.000000,False,HARD,17.000000,True,Racing Bulls,5140.619000,,12,9.000000,False,,False,True
2026,2,Chinese Grand Prix,R,5339.376000,LIN,41,arvid_lindblad,rb,99.470000,18.000000,1.000000,,,26.547000,30.293000,42.630000,5266.523000,5296.816000,5339.446000,276.000000,263.000000,274.000000,322.000000,False,HARD,18.000000,True,Racing Bulls,5239.906000,,21,10.000000,False,,False,True
2026,2,Chinese Grand Prix,R,5438.739000,LIN,41,arvid_lindblad,rb,99.363000,19.000000,1.000000,,,26.075000,30.303000,42.985000,5365.521000,5395.824000,5438.809000,271.000000,258.000000,275.000000,319.000000,False,HARD,19.000000,True,Racing Bulls,5339.376000,,1,11.000000,False,,False,True
2026,2,Chinese Grand Prix,R,5538.205000,LIN,41,arvid_lindblad,rb,99.466000,20.000000,1.000000,,,26.213000,30.418000,42.835000,5465.022000,5495.440000,5538.275000,276.000000,266.000000,276.000000,320.000000,False,HARD,20.000000,True,Racing Bulls,5438.739000,,1,11.000000,False,,False,True
2026,2,Chinese Grand Prix,R,5637.985000,LIN,41,arvid_lindblad,rb,99.780000,21.000000,1.000000,,,25.823000,30.148000,43.809000,5564.098000,5594.246000,5638.055000,276.000000,263.000000,274.000000,315.000000,False,HARD,21.000000,True,Racing Bulls,5538.205000,,1,12.000000,True,TRACK LIMITS AT TURN 14 LAP 21 ,False,True
2026,2,Chinese Grand Prix,R,5737.291000,LIN,41,arvid_lindblad,rb,99.306000,22.000000,1.000000,,,26.144000,30.331000,42.831000,5664.199000,5694.530000,5737.361000,278.000000,266.000000,275.000000,323.000000,False,HARD,22.000000,True,Racing Bulls,5637.985000,,1,12.000000,False,,False,True
2026,2,Chinese Grand Prix,R,5835.747000,LIN,41,arvid_lindblad,rb,98.456000,23.000000,1.000000,,,25.919000,30.047000,42.490000,5763.280000,5793.327000,5835.817000,279.000000,266.000000,276.000000,333.000000,True,HARD,23.000000,True,Racing Bulls,5737.291000,,1,12.000000,False,,False,True
2026,2,Chinese Grand Prix,R,5934.722000,LIN,41,arvid_lindblad,rb,98.975000,24.000000,1.000000,,,25.960000,30.206000,42.809000,5861.777000,5891.983000,5934.792000,275.000000,264.000000,276.000000,319.000000,False,HARD,24.000000,True,Racing Bulls,5835.747000,,1,12.000000,False,,False,True
2026,2,Chinese Grand Prix,R,6034.251000,LIN,41,arvid_lindblad,rb,99.529000,25.000000,1.000000,,,26.052000,30.166000,43.311000,5960.844000,5991.010000,6034.321000,273.000000,262.000000,275.000000,322.000000,False,HARD,25.000000,True,Racing Bulls,5934.722000,,1,13.000000,False,,False,True
2026,2,Chinese Grand Prix,R,6133.390000,LIN,41,arvid_lindblad,rb,99.139000,26.000000,1.000000,,,26.176000,30.255000,42.708000,6060.497000,6090.752000,6133.460000,276.000000,267.000000,277.000000,318.000000,False,HARD,26.000000,True,Racing Bulls,6034.251000,,1,13.000000,False,,False,True
2026,2,Chinese Grand Prix,R,6243.544000,LIN,41,arvid_lindblad,rb,110.154000,27.000000,1.000000,,,25.868000,30.209000,54.077000,6159.328000,6189.537000,6243.614000,276.000000,267.000000,256.000000,313.000000,False,HARD,27.000000,True,Racing Bulls,6133.390000,,12,14.000000,True,TRACK LIMITS AT TURN 14 LAP 27 ,False,True
2026,2,Chinese Grand Prix,R,6343.387000,LIN,41,arvid_lindblad,rb,99.843000,28.000000,1.000000,,,26.661000,30.116000,43.066000,6270.275000,6300.391000,6343.457000,269.000000,261.000000,275.000000,308.000000,False,HARD,28.000000,True,Racing Bulls,6243.544000,,1,14.000000,False,,False,True
2026,2,Chinese Grand Prix,R,6442.047000,LIN,41,arvid_lindblad,rb,98.660000,29.000000,1.000000,,,25.851000,30.018000,42.791000,6369.308000,6399.326000,6442.117000,270.000000,261.000000,275.000000,309.000000,False,HARD,29.000000,True,Racing Bulls,6343.387000,,1,14.000000,False,,False,True
2026,2,Chinese Grand Prix,R,6540.550000,LIN,41,arvid_lindblad,rb,98.503000,30.000000,1.000000,,,25.844000,29.915000,42.744000,6467.961000,6497.876000,6540.620000,270.000000,260.000000,275.000000,308.000000,False,HARD,30.000000,True,Racing Bulls,6442.047000,,1,13.000000,False,,False,True
2026,2,Chinese Grand Prix,R,6639.093000,LIN,41,arvid_lindblad,rb,98.543000,31.000000,1.000000,,,25.856000,29.932000,42.755000,6566.476000,6596.408000,6639.163000,272.000000,261.000000,276.000000,309.000000,False,HARD,31.000000,True,Racing Bulls,6540.550000,,1,13.000000,False,,False,True
2026,2,Chinese Grand Prix,R,6737.480000,LIN,41,arvid_lindblad,rb,98.387000,32.000000,1.000000,,,25.793000,29.936000,42.658000,6664.956000,6694.892000,6737.550000,272.000000,260.000000,276.000000,310.000000,True,HARD,32.000000,True,Racing Bulls,6639.093000,,1,13.000000,False,,False,True
2026,2,Chinese Grand Prix,R,6835.703000,LIN,41,arvid_lindblad,rb,98.223000,33.000000,1.000000,,,25.742000,29.869000,42.612000,6763.292000,6793.161000,6835.773000,271.000000,262.000000,276.000000,309.000000,True,HARD,33.000000,True,Racing Bulls,6737.480000,,12,12.000000,False,,False,True
2026,2,Chinese Grand Prix,R,6934.174000,LIN,41,arvid_lindblad,rb,98.471000,34.000000,1.000000,,,25.882000,29.880000,42.709000,6861.655000,6891.535000,6934.244000,273.000000,261.000000,277.000000,308.000000,False,HARD,34.000000,True,Racing Bulls,6835.703000,,1,12.000000,False,,False,True
2026,2,Chinese Grand Prix,R,7032.495000,LIN,41,arvid_lindblad,rb,98.321000,35.000000,1.000000,,,25.815000,29.825000,42.681000,6960.059000,6989.884000,7032.565000,274.000000,262.000000,276.000000,309.000000,False,HARD,35.000000,True,Racing Bulls,6934.174000,,1,12.000000,False,,False,True
2026,2,Chinese Grand Prix,R,7130.547000,LIN,41,arvid_lindblad,rb,98.052000,36.000000,1.000000,,,25.750000,29.838000,42.464000,7058.315000,7088.153000,7130.617000,274.000000,262.000000,277.000000,310.000000,True,HARD,36.000000,True,Racing Bulls,7032.495000,,1,11.000000,False,,False,True
2026,2,Chinese Grand Prix,R,7228.614000,LIN,41,arvid_lindblad,rb,98.067000,37.000000,1.000000,,,25.720000,29.682000,42.665000,7156.337000,7186.019000,7228.684000,272.000000,265.000000,278.000000,308.000000,False,HARD,37.000000,True,Racing Bulls,7130.547000,,1,11.000000,False,,False,True
2026,2,Chinese Grand Prix,R,7326.584000,LIN,41,arvid_lindblad,rb,97.970000,38.000000,1.000000,,,25.710000,29.706000,42.554000,7254.394000,7284.100000,7326.654000,272.000000,263.000000,278.000000,308.000000,True,HARD,38.000000,True,Racing Bulls,7228.614000,,1,11.000000,False,,False,True
2026,2,Chinese Grand Prix,R,7424.615000,LIN,41,arvid_lindblad,rb,98.031000,39.000000,1.000000,,,25.708000,29.736000,42.587000,7352.362000,7382.098000,7424.685000,272.000000,262.000000,276.000000,310.000000,False,HARD,39.000000,True,Racing Bulls,7326.584000,,1,11.000000,False,,False,True
2026,2,Chinese Grand Prix,R,7522.652000,LIN,41,arvid_lindblad,rb,98.037000,40.000000,1.000000,,,25.666000,29.573000,42.798000,7450.351000,7479.924000,7522.722000,272.000000,263.000000,277.000000,308.000000,False,HARD,40.000000,True,Racing Bulls,7424.615000,,1,11.000000,False,,False,True
2026,2,Chinese Grand Prix,R,7622.713000,LIN,41,arvid_lindblad,rb,100.061000,41.000000,1.000000,,,25.665000,29.663000,44.733000,7548.387000,7578.050000,7622.783000,274.000000,262.000000,276.000000,311.000000,False,HARD,41.000000,True,Racing Bulls,7522.652000,,1,12.000000,False,,False,True
2026,2,Chinese Grand Prix,R,7726.350000,LIN,41,arvid_lindblad,rb,103.637000,42.000000,1.000000,,7724.608000,25.822000,29.857000,47.958000,7648.605000,7678.462000,7726.420000,278.000000,266.000000,,312.000000,False,HARD,42.000000,True,Racing Bulls,7622.713000,,1,12.000000,False,,False,False
2026,2,Chinese Grand Prix,R,7843.378000,LIN,41,arvid_lindblad,rb,117.028000,43.000000,2.000000,7747.882000,,45.629000,29.611000,41.788000,7772.049000,7801.660000,7843.448000,277.000000,271.000000,280.000000,331.000000,False,MEDIUM,1.000000,True,Racing Bulls,7726.350000,,1,14.000000,False,,False,False
2026,2,Chinese Grand Prix,R,7939.716000,LIN,41,arvid_lindblad,rb,96.338000,44.000000,2.000000,,,25.297000,29.065000,41.976000,7868.745000,7897.810000,7939.786000,272.000000,263.000000,278.000000,306.000000,True,MEDIUM,2.000000,True,Racing Bulls,7843.378000,,1,14.000000,False,,False,True
2026,2,Chinese Grand Prix,R,8035.820000,LIN,41,arvid_lindblad,rb,96.104000,45.000000,2.000000,,,25.082000,29.099000,41.923000,7964.868000,7993.967000,8035.890000,273.000000,264.000000,279.000000,307.000000,True,MEDIUM,3.000000,True,Racing Bulls,7939.716000,,1,14.000000,False,,False,True
2026,2,Chinese Grand Prix,R,8131.919000,LIN,41,arvid_lindblad,rb,96.099000,46.000000,2.000000,,,25.110000,29.057000,41.932000,8061.000000,8090.057000,8131.989000,273.000000,264.000000,278.000000,311.000000,True,MEDIUM,4.000000,True,Racing Bulls,8035.820000,,1,12.000000,False,,False,True
2026,2,Chinese Grand Prix,R,8228.066000,LIN,41,arvid_lindblad,rb,96.147000,47.000000,2.000000,,,25.210000,29.120000,41.817000,8157.199000,8186.319000,8228.136000,275.000000,265.000000,278.000000,308.000000,False,MEDIUM,5.000000,True,Racing Bulls,8131.919000,,1,12.000000,False,,False,True
2026,2,Chinese Grand Prix,R,8324.290000,LIN,41,arvid_lindblad,rb,96.224000,48.000000,2.000000,,,25.113000,29.245000,41.866000,8253.249000,8282.494000,8324.360000,274.000000,264.000000,280.000000,306.000000,False,MEDIUM,6.000000,True,Racing Bulls,8228.066000,,1,12.000000,False,,False,True
2026,2,Chinese Grand Prix,R,8420.493000,LIN,41,arvid_lindblad,rb,96.203000,49.000000,2.000000,,,25.181000,29.149000,41.873000,8349.541000,8378.690000,8420.563000,273.000000,264.000000,279.000000,310.000000,False,MEDIUM,7.000000,True,Racing Bulls,8324.290000,,1,12.000000,False,,False,True
2026,2,Chinese Grand Prix,R,8516.875000,LIN,41,arvid_lindblad,rb,96.382000,50.000000,2.000000,,,25.160000,29.197000,42.025000,8445.723000,8474.920000,8516.945000,276.000000,264.000000,280.000000,309.000000,False,MEDIUM,8.000000,True,Racing Bulls,8420.493000,,1,12.000000,False,,False,True
2026,2,Chinese Grand Prix,R,8613.657000,LIN,41,arvid_lindblad,rb,96.782000,51.000000,2.000000,,,25.207000,29.435000,42.140000,8542.152000,8571.587000,8613.727000,276.000000,263.000000,279.000000,311.000000,False,MEDIUM,9.000000,True,Racing Bulls,8516.875000,,1,12.000000,False,,False,True
2026,2,Chinese Grand Prix,R,8710.602000,LIN,41,arvid_lindblad,rb,96.945000,52.000000,2.000000,,,25.403000,29.424000,42.118000,8639.130000,8668.554000,8710.672000,276.000000,266.000000,280.000000,311.000000,False,MEDIUM,10.000000,True,Racing Bulls,8613.657000,,12,12.000000,False,,False,True
2026,2,Chinese Grand Prix,R,8807.766000,LIN,41,arvid_lindblad,rb,97.164000,53.000000,2.000000,,,25.472000,29.536000,42.156000,8736.144000,8765.680000,8807.836000,275.000000,266.000000,281.000000,315.000000,False,MEDIUM,11.000000,True,Racing Bulls,8710.602000,,1,12.000000,False,,False,True
2026,2,Chinese Grand Prix,R,8905.243000,LIN,41,arvid_lindblad,rb,97.477000,54.000000,2.000000,,,25.465000,29.701000,42.311000,8833.301000,8863.002000,8905.313000,277.000000,265.000000,279.000000,314.000000,False,MEDIUM,12.000000,True,Racing Bulls,8807.766000,,1,12.000000,False,,False,True
2026,2,Chinese Grand Prix,R,9002.747000,LIN,41,arvid_lindblad,rb,97.504000,55.000000,2.000000,,,25.575000,29.659000,42.270000,8930.888000,8960.547000,9002.817000,280.000000,266.000000,281.000000,318.000000,False,MEDIUM,13.000000,True,Racing Bulls,8905.243000,,1,12.000000,False,,False,True
2026,2,Chinese Grand Prix,R,3489.810000,COL,43,colapinto,alpine,105.498000,1.000000,1.000000,,,,31.009000,44.110000,,3445.868000,3489.841000,273.000000,266.000000,269.000000,319.000000,False,HARD,1.000000,True,Alpine,3384.050000,,12,6.000000,False,,False,False
2026,2,Chinese Grand Prix,R,3589.118000,COL,43,colapinto,alpine,99.308000,2.000000,1.000000,,,26.084000,30.148000,43.076000,3515.925000,3546.073000,3589.149000,272.000000,258.000000,263.000000,313.000000,True,HARD,2.000000,True,Alpine,3489.810000,,1,6.000000,False,,False,True
2026,2,Chinese Grand Prix,R,3688.043000,COL,43,colapinto,alpine,98.925000,3.000000,1.000000,,,26.235000,29.918000,42.772000,3615.384000,3645.302000,3688.074000,272.000000,259.000000,263.000000,314.000000,True,HARD,3.000000,True,Alpine,3589.118000,,1,6.000000,False,,False,True
2026,2,Chinese Grand Prix,R,3786.908000,COL,43,colapinto,alpine,98.865000,4.000000,1.000000,,,26.235000,29.933000,42.697000,,3744.242000,3786.939000,272.000000,258.000000,270.000000,315.000000,True,HARD,4.000000,True,Alpine,3688.043000,,1,6.000000,False,,False,True
2026,2,Chinese Grand Prix,R,3885.818000,COL,43,colapinto,alpine,98.910000,5.000000,1.000000,,,25.834000,30.107000,42.969000,3812.773000,3842.880000,3885.849000,274.000000,258.000000,270.000000,312.000000,False,HARD,5.000000,True,Alpine,3786.908000,,1,6.000000,False,,False,True
2026,2,Chinese Grand Prix,R,3984.552000,COL,43,colapinto,alpine,98.734000,6.000000,1.000000,,,26.108000,29.992000,42.634000,3911.957000,3941.949000,3984.583000,275.000000,261.000000,270.000000,312.000000,True,HARD,6.000000,True,Alpine,3885.818000,,1,6.000000,False,,False,True
2026,2,Chinese Grand Prix,R,4083.357000,COL,43,colapinto,alpine,98.805000,7.000000,1.000000,,,26.167000,30.094000,42.544000,4010.750000,4040.844000,4083.388000,275.000000,261.000000,269.000000,313.000000,False,HARD,7.000000,True,Alpine,3984.552000,,1,6.000000,False,,False,True
2026,2,Chinese Grand Prix,R,4182.316000,COL,43,colapinto,alpine,98.959000,8.000000,1.000000,,,26.143000,30.175000,42.641000,4109.531000,4139.706000,4182.347000,274.000000,259.000000,269.000000,314.000000,False,HARD,8.000000,True,Alpine,4083.357000,,1,6.000000,False,,False,True
2026,2,Chinese Grand Prix,R,4281.352000,COL,43,colapinto,alpine,99.036000,9.000000,1.000000,,,26.118000,30.268000,42.650000,4208.465000,4238.733000,4281.383000,274.000000,260.000000,270.000000,314.000000,False,HARD,9.000000,True,Alpine,4182.316000,,1,6.000000,False,,False,True
2026,2,Chinese Grand Prix,R,4392.823000,COL,43,colapinto,alpine,111.471000,10.000000,1.000000,,,26.157000,30.235000,55.079000,4307.540000,4337.775000,4392.854000,273.000000,260.000000,255.000000,246.000000,False,HARD,10.000000,True,Alpine,4281.352000,,124,6.000000,False,,False,False
2026,2,Chinese Grand Prix,R,4539.465000,COL,43,colapinto,alpine,146.642000,11.000000,1.000000,,,38.410000,44.254000,63.978000,4431.264000,4475.518000,4539.496000,129.000000,162.000000,203.000000,214.000000,False,HARD,11.000000,True,Alpine,4392.823000,,4,2.000000,False,,False,False
2026,2,Chinese Grand Prix,R,4689.443000,COL,43,colapinto,alpine,149.978000,12.000000,1.000000,,,43.532000,43.109000,63.337000,4583.028000,4626.137000,4689.474000,155.000000,190.000000,205.000000,182.000000,False,HARD,12.000000,True,Alpine,4539.465000,,4,2.000000,False,,False,False
2026,2,Chinese Grand Prix,R,4839.995000,COL,43,colapinto,alpine,,13.000000,1.000000,,,37.203000,44.278000,69.011000,4726.797000,4771.162000,4840.177000,205.000000,122.000000,263.000000,166.000000,False,HARD,13.000000,True,Alpine,4689.443000,,41,2.000000,False,,False,False
2026,2,Chinese Grand Prix,R,4939.460000,COL,43,colapinto,alpine,99.465000,14.000000,1.000000,,,26.212000,30.440000,42.813000,4866.238000,4896.678000,4939.491000,280.000000,266.000000,267.000000,318.000000,False,HARD,14.000000,True,Alpine,4839.995000,,1,2.000000,False,,False,True
2026,2,Chinese Grand Prix,R,5038.289000,COL,43,colapinto,alpine,98.829000,15.000000,1.000000,,,25.952000,30.192000,42.685000,4965.443000,4995.635000,5038.320000,276.000000,266.000000,267.000000,325.000000,False,HARD,15.000000,True,Alpine,4939.460000,,1,3.000000,False,,False,True
2026,2,Chinese Grand Prix,R,5138.395000,COL,43,colapinto,alpine,100.106000,16.000000,1.000000,,,26.303000,30.371000,43.432000,5064.623000,5094.994000,5138.426000,254.000000,264.000000,269.000000,313.000000,False,HARD,16.000000,True,Alpine,5038.289000,,1,5.000000,False,,False,True
2026,2,Chinese Grand Prix,R,5236.778000,COL,43,colapinto,alpine,98.383000,17.000000,1.000000,,,25.992000,29.850000,42.541000,5164.418000,5194.268000,5236.809000,284.000000,266.000000,270.000000,315.000000,True,HARD,17.000000,True,Alpine,5138.395000,,1,5.000000,False,,False,True
2026,2,Chinese Grand Prix,R,5335.724000,COL,43,colapinto,alpine,98.946000,18.000000,1.000000,,,26.049000,29.919000,42.978000,5262.858000,5292.777000,5335.755000,273.000000,256.000000,260.000000,311.000000,False,HARD,18.000000,True,Alpine,5236.778000,,12,5.000000,False,,False,True
2026,2,Chinese Grand Prix,R,5435.290000,COL,43,colapinto,alpine,99.566000,19.000000,1.000000,,,26.179000,30.340000,43.047000,5361.934000,5392.274000,5435.321000,270.000000,255.000000,264.000000,309.000000,False,HARD,19.000000,True,Alpine,5335.724000,,1,5.000000,False,,False,True
2026,2,Chinese Grand Prix,R,5534.245000,COL,43,colapinto,alpine,98.955000,20.000000,1.000000,,,25.964000,29.945000,43.046000,5461.285000,5491.230000,5534.276000,269.000000,255.000000,257.000000,308.000000,False,HARD,20.000000,True,Alpine,5435.290000,,1,6.000000,False,,False,True
2026,2,Chinese Grand Prix,R,5633.569000,COL,43,colapinto,alpine,99.324000,21.000000,1.000000,,,26.271000,29.857000,43.196000,5560.547000,5590.404000,5633.600000,270.000000,257.000000,268.000000,308.000000,False,HARD,21.000000,True,Alpine,5534.245000,,1,6.000000,False,,False,True
2026,2,Chinese Grand Prix,R,5732.751000,COL,43,colapinto,alpine,99.182000,22.000000,1.000000,,,25.937000,30.663000,42.582000,5659.537000,5690.200000,5732.782000,278.000000,256.000000,273.000000,323.000000,False,HARD,22.000000,True,Alpine,5633.569000,,1,7.000000,False,,False,True
2026,2,Chinese Grand Prix,R,5831.244000,COL,43,colapinto,alpine,98.493000,23.000000,1.000000,,,26.102000,29.982000,42.409000,5758.884000,5788.866000,5831.275000,280.000000,269.000000,272.000000,323.000000,False,HARD,23.000000,True,Alpine,5732.751000,,1,7.000000,False,,False,True
2026,2,Chinese Grand Prix,R,5929.691000,COL,43,colapinto,alpine,98.447000,24.000000,1.000000,,,26.009000,29.879000,42.559000,5857.284000,5887.163000,5929.722000,274.000000,259.000000,272.000000,319.000000,False,HARD,24.000000,True,Alpine,5831.244000,,1,7.000000,False,,False,True
2026,2,Chinese Grand Prix,R,6028.075000,COL,43,colapinto,alpine,98.384000,25.000000,1.000000,,,26.040000,29.859000,42.485000,5955.762000,5985.621000,6028.106000,276.000000,262.000000,273.000000,316.000000,False,HARD,25.000000,True,Alpine,5929.691000,,1,7.000000,False,,False,True
2026,2,Chinese Grand Prix,R,6126.145000,COL,43,colapinto,alpine,98.070000,26.000000,1.000000,,,25.888000,29.772000,42.410000,6053.994000,6083.766000,6126.176000,276.000000,261.000000,274.000000,315.000000,True,HARD,26.000000,True,Alpine,6028.075000,,1,7.000000,False,,False,True
2026,2,Chinese Grand Prix,R,6224.433000,COL,43,colapinto,alpine,98.288000,27.000000,1.000000,,,25.839000,29.841000,42.608000,6152.015000,6181.856000,6224.464000,277.000000,257.000000,270.000000,311.000000,False,HARD,27.000000,True,Alpine,6126.145000,,12,7.000000,False,,False,True
2026,2,Chinese Grand Prix,R,6323.732000,COL,43,colapinto,alpine,99.299000,28.000000,1.000000,,,25.942000,29.767000,43.590000,6250.406000,6280.173000,6323.763000,274.000000,259.000000,246.000000,312.000000,False,HARD,28.000000,True,Alpine,6224.433000,,21,9.000000,False,,False,True
2026,2,Chinese Grand Prix,R,6422.456000,COL,43,colapinto,alpine,98.724000,29.000000,1.000000,,,26.421000,29.978000,42.325000,6350.184000,6380.162000,6422.487000,281.000000,264.000000,269.000000,320.000000,False,HARD,29.000000,True,Alpine,6323.732000,,1,8.000000,False,,False,True
2026,2,Chinese Grand Prix,R,6520.691000,COL,43,colapinto,alpine,98.235000,30.000000,1.000000,,,26.045000,29.848000,42.342000,6448.532000,6478.380000,6520.722000,275.000000,258.000000,274.000000,318.000000,False,HARD,30.000000,True,Alpine,6422.456000,,1,8.000000,False,,False,True
2026,2,Chinese Grand Prix,R,6618.493000,COL,43,colapinto,alpine,97.802000,31.000000,1.000000,,,25.862000,29.790000,42.150000,6546.584000,6576.374000,6618.524000,276.000000,260.000000,274.000000,318.000000,True,HARD,31.000000,True,Alpine,6520.691000,,1,8.000000,False,,False,True
2026,2,Chinese Grand Prix,R,6721.312000,COL,43,colapinto,alpine,102.819000,32.000000,1.000000,,6719.626000,25.789000,29.718000,47.312000,6644.313000,6674.031000,6721.343000,276.000000,258.000000,,321.000000,False,HARD,32.000000,True,Alpine,6618.493000,,1,11.000000,False,,False,False
2026,2,Chinese Grand Prix,R,6845.429000,COL,43,colapinto,alpine,124.117000,33.000000,2.000000,6742.813000,,50.491000,30.246000,43.380000,6771.834000,6802.080000,6845.460000,266.000000,268.000000,274.000000,329.000000,False,MEDIUM,1.000000,True,Alpine,6721.312000,,12,13.000000,False,,False,False
2026,2,Chinese Grand Prix,R,6942.662000,COL,43,colapinto,alpine,97.233000,34.000000,2.000000,,,25.665000,29.482000,42.086000,6871.125000,6900.607000,6942.693000,276.000000,260.000000,272.000000,311.000000,True,MEDIUM,2.000000,True,Alpine,6845.429000,,1,13.000000,False,,False,True
2026,2,Chinese Grand Prix,R,7039.445000,COL,43,colapinto,alpine,96.783000,35.000000,2.000000,,,25.624000,29.202000,41.957000,6968.317000,6997.519000,7039.476000,276.000000,258.000000,273.000000,310.000000,True,MEDIUM,3.000000,True,Alpine,6942.662000,,1,13.000000,False,,False,True
2026,2,Chinese Grand Prix,R,7136.468000,COL,43,colapinto,alpine,97.023000,36.000000,2.000000,,,25.597000,29.333000,42.093000,7065.073000,7094.406000,7136.499000,276.000000,260.000000,273.000000,312.000000,False,MEDIUM,4.000000,True,Alpine,7039.445000,,1,12.000000,False,,False,True
2026,2,Chinese Grand Prix,R,7233.426000,COL,43,colapinto,alpine,96.958000,37.000000,2.000000,,,25.573000,29.393000,41.992000,7162.072000,7191.465000,7233.457000,275.000000,259.000000,274.000000,314.000000,False,MEDIUM,5.000000,True,Alpine,7136.468000,,1,12.000000,False,,False,True
2026,2,Chinese Grand Prix,R,7330.245000,COL,43,colapinto,alpine,96.819000,38.000000,2.000000,,,25.520000,29.341000,41.958000,7258.977000,7288.318000,7330.276000,276.000000,260.000000,274.000000,314.000000,False,MEDIUM,6.000000,True,Alpine,7233.426000,,1,12.000000,False,,False,True
2026,2,Chinese Grand Prix,R,7427.462000,COL,43,colapinto,alpine,97.217000,39.000000,2.000000,,,25.682000,29.478000,42.057000,7355.958000,7385.436000,7427.493000,275.000000,263.000000,273.000000,315.000000,False,MEDIUM,7.000000,True,Alpine,7330.245000,,1,12.000000,False,,False,True
2026,2,Chinese Grand Prix,R,7524.303000,COL,43,colapinto,alpine,96.841000,40.000000,2.000000,,,25.596000,29.316000,41.929000,7453.089000,7482.405000,7524.334000,276.000000,260.000000,274.000000,318.000000,False,MEDIUM,8.000000,True,Alpine,7427.462000,,1,12.000000,False,,False,True
2026,2,Chinese Grand Prix,R,7621.751000,COL,43,colapinto,alpine,97.448000,41.000000,2.000000,,,25.661000,29.497000,42.290000,7549.995000,7579.492000,7621.782000,277.000000,262.000000,272.000000,327.000000,False,MEDIUM,9.000000,True,Alpine,7524.303000,,1,11.000000,False,,False,True
2026,2,Chinese Grand Prix,R,7719.281000,COL,43,colapinto,alpine,97.530000,42.000000,2.000000,,,25.753000,29.534000,42.243000,7647.535000,7677.069000,7719.312000,275.000000,261.000000,275.000000,309.000000,False,MEDIUM,10.000000,True,Alpine,7621.751000,,1,11.000000,False,,False,True
2026,2,Chinese Grand Prix,R,7816.662000,COL,43,colapinto,alpine,97.381000,43.000000,2.000000,,,25.698000,29.458000,42.225000,7745.010000,7774.468000,7816.693000,276.000000,262.000000,275.000000,309.000000,False,MEDIUM,11.000000,True,Alpine,7719.281000,,1,11.000000,False,,False,True
2026,2,Chinese Grand Prix,R,7913.737000,COL,43,colapinto,alpine,97.075000,44.000000,2.000000,,,25.547000,29.444000,42.084000,7842.240000,7871.684000,7913.768000,278.000000,260.000000,275.000000,311.000000,False,MEDIUM,12.000000,True,Alpine,7816.662000,,1,11.000000,False,,False,True
2026,2,Chinese Grand Prix,R,8011.163000,COL,43,colapinto,alpine,97.426000,45.000000,2.000000,,,25.650000,29.576000,42.200000,7939.418000,7968.994000,8011.194000,278.000000,262.000000,276.000000,313.000000,False,MEDIUM,13.000000,True,Alpine,7913.737000,,1,10.000000,False,,False,True
2026,2,Chinese Grand Prix,R,8108.302000,COL,43,colapinto,alpine,97.139000,46.000000,2.000000,,,25.598000,29.426000,42.115000,8036.792000,8066.218000,8108.333000,278.000000,261.000000,275.000000,315.000000,False,MEDIUM,14.000000,True,Alpine,8011.163000,,1,10.000000,False,,False,True
2026,2,Chinese Grand Prix,R,8205.806000,COL,43,colapinto,alpine,97.504000,47.000000,2.000000,,,25.759000,29.491000,42.254000,8134.092000,8163.583000,8205.837000,278.000000,263.000000,275.000000,315.000000,False,MEDIUM,15.000000,True,Alpine,8108.302000,,1,10.000000,False,,False,True
2026,2,Chinese Grand Prix,R,8303.404000,COL,43,colapinto,alpine,97.598000,48.000000,2.000000,,,25.660000,29.557000,42.381000,8231.497000,8261.054000,8303.435000,278.000000,263.000000,275.000000,315.000000,False,MEDIUM,16.000000,True,Alpine,8205.806000,,1,10.000000,False,,False,True
2026,2,Chinese Grand Prix,R,8402.456000,COL,43,colapinto,alpine,99.052000,49.000000,2.000000,,,25.876000,29.627000,43.549000,8329.311000,8358.938000,8402.487000,280.000000,264.000000,278.000000,304.000000,False,MEDIUM,17.000000,True,Alpine,8303.404000,,1,10.000000,False,,False,True
2026,2,Chinese Grand Prix,R,8500.048000,COL,43,colapinto,alpine,97.592000,50.000000,2.000000,,,25.714000,29.601000,42.277000,8428.201000,8457.802000,8500.079000,286.000000,270.000000,277.000000,321.000000,False,MEDIUM,18.000000,True,Alpine,8402.456000,,1,10.000000,False,,False,True
2026,2,Chinese Grand Prix,R,8597.829000,COL,43,colapinto,alpine,97.781000,51.000000,2.000000,,,25.742000,29.919000,42.120000,8525.821000,8555.740000,8597.860000,279.000000,263.000000,279.000000,319.000000,False,MEDIUM,19.000000,True,Alpine,8500.048000,,1,10.000000,False,,False,True
2026,2,Chinese Grand Prix,R,8695.851000,COL,43,colapinto,alpine,98.022000,52.000000,2.000000,,,25.738000,29.834000,42.450000,8623.598000,8653.432000,8695.882000,280.000000,264.000000,280.000000,321.000000,False,MEDIUM,20.000000,True,Alpine,8597.829000,,12,10.000000,False,,False,True
2026,2,Chinese Grand Prix,R,8795.460000,COL,43,colapinto,alpine,99.609000,53.000000,2.000000,,,25.868000,30.008000,43.733000,8721.750000,8751.758000,8795.491000,284.000000,266.000000,277.000000,309.000000,False,MEDIUM,21.000000,True,Alpine,8695.851000,,1,10.000000,False,,False,True
2026,2,Chinese Grand Prix,R,8894.145000,COL,43,colapinto,alpine,98.685000,54.000000,2.000000,,,26.190000,30.027000,42.468000,8821.681000,8851.708000,8894.176000,288.000000,267.000000,279.000000,323.000000,False,MEDIUM,22.000000,True,Alpine,8795.460000,,1,10.000000,False,,False,True
2026,2,Chinese Grand Prix,R,8992.382000,COL,43,colapinto,alpine,98.237000,55.000000,2.000000,,,25.771000,29.958000,42.508000,8919.947000,8949.905000,8992.413000,285.000000,266.000000,268.000000,338.000000,False,MEDIUM,23.000000,True,Alpine,8894.145000,,1,10.000000,False,,False,True
2026,2,Chinese Grand Prix,R,3483.760000,HAM,44,hamilton,ferrari,99.448000,1.000000,1.000000,,,,29.400000,42.279000,,3441.696000,3483.942000,279.000000,253.000000,270.000000,309.000000,False,MEDIUM,1.000000,True,Ferrari,3384.050000,,12,1.000000,False,,False,False
2026,2,Chinese Grand Prix,R,3583.321000,HAM,44,hamilton,ferrari,99.561000,2.000000,1.000000,,,26.571000,30.167000,42.823000,3510.420000,3540.587000,3583.410000,259.000000,251.000000,268.000000,306.000000,True,MEDIUM,2.000000,True,Ferrari,3483.760000,,1,2.000000,False,,False,True
2026,2,Chinese Grand Prix,R,3681.908000,HAM,44,hamilton,ferrari,98.587000,3.000000,1.000000,,,26.036000,29.899000,42.652000,3609.446000,3639.345000,3681.997000,267.000000,257.000000,238.000000,301.000000,True,MEDIUM,3.000000,True,Ferrari,3583.321000,,1,2.000000,False,,False,True
2026,2,Chinese Grand Prix,R,3780.142000,HAM,44,hamilton,ferrari,98.234000,4.000000,1.000000,,,26.445000,29.518000,42.271000,3708.442000,3737.960000,3780.231000,267.000000,258.000000,270.000000,317.000000,True,MEDIUM,4.000000,True,Ferrari,3681.908000,,1,3.000000,False,,False,True
2026,2,Chinese Grand Prix,R,3877.778000,HAM,44,hamilton,ferrari,97.636000,5.000000,1.000000,,,25.888000,29.561000,42.187000,3806.119000,3835.680000,3877.867000,266.000000,252.000000,256.000000,316.000000,True,MEDIUM,5.000000,True,Ferrari,3780.142000,,1,3.000000,False,,False,True
2026,2,Chinese Grand Prix,R,3975.740000,HAM,44,hamilton,ferrari,97.962000,6.000000,1.000000,,,26.388000,29.480000,42.094000,3904.255000,3933.735000,3975.829000,265.000000,259.000000,245.000000,316.000000,False,MEDIUM,6.000000,True,Ferrari,3877.778000,,1,3.000000,False,,False,True
2026,2,Chinese Grand Prix,R,4073.961000,HAM,44,hamilton,ferrari,98.221000,7.000000,1.000000,,,26.353000,29.640000,42.228000,4002.182000,4031.822000,4074.050000,268.000000,252.000000,271.000000,308.000000,False,MEDIUM,7.000000,True,Ferrari,3975.740000,,1,3.000000,False,,False,True
2026,2,Chinese Grand Prix,R,4171.890000,HAM,44,hamilton,ferrari,97.929000,8.000000,1.000000,,,25.948000,29.645000,42.336000,4099.998000,4129.643000,4171.979000,262.000000,248.000000,263.000000,304.000000,False,MEDIUM,8.000000,True,Ferrari,4073.961000,,1,3.000000,False,,False,True
2026,2,Chinese Grand Prix,R,4270.261000,HAM,44,hamilton,ferrari,98.371000,9.000000,1.000000,,,26.231000,29.813000,42.327000,4198.210000,4228.023000,4270.350000,264.000000,252.000000,271.000000,304.000000,False,MEDIUM,9.000000,True,Ferrari,4171.890000,,1,3.000000,False,,False,True
2026,2,Chinese Grand Prix,R,4380.207000,HAM,44,hamilton,ferrari,109.946000,10.000000,1.000000,,4378.531000,26.118000,29.593000,54.235000,4296.468000,4326.061000,4380.296000,260.000000,255.000000,,296.000000,False,MEDIUM,10.000000,True,Ferrari,4270.261000,,124,3.000000,False,,False,False
2026,2,Chinese Grand Prix,R,4542.546000,HAM,44,hamilton,ferrari,,11.000000,2.000000,4400.846000,,56.333000,42.193000,63.793000,4436.699000,4478.842000,4542.759000,214.000000,208.000000,195.000000,218.000000,False,HARD,1.000000,True,Ferrari,4380.207000,,4,5.000000,False,,False,False
2026,2,Chinese Grand Prix,R,4692.515000,HAM,44,hamilton,ferrari,,12.000000,2.000000,,,43.585000,43.402000,63.017000,4586.220000,4629.730000,4692.778000,116.000000,159.000000,191.000000,200.000000,False,HARD,2.000000,True,Ferrari,4542.546000,,4,5.000000,False,,False,False
2026,2,Chinese Grand Prix,R,4840.910000,HAM,44,hamilton,ferrari,148.395000,13.000000,2.000000,,,37.523000,43.814000,67.058000,4730.127000,4773.941000,4840.999000,188.000000,157.000000,268.000000,166.000000,False,HARD,3.000000,True,Ferrari,4692.515000,,41,5.000000,False,,False,False
2026,2,Chinese Grand Prix,R,4939.876000,HAM,44,hamilton,ferrari,98.966000,14.000000,2.000000,,,26.346000,30.144000,42.476000,4867.345000,4897.489000,4939.965000,276.000000,262.000000,274.000000,312.000000,False,HARD,4.000000,True,Ferrari,4840.910000,,1,3.000000,False,,False,True
2026,2,Chinese Grand Prix,R,5036.949000,HAM,44,hamilton,ferrari,97.073000,15.000000,2.000000,,,25.729000,29.636000,41.708000,4965.694000,4995.330000,5037.038000,275.000000,254.000000,276.000000,322.000000,True,HARD,5.000000,True,Ferrari,4939.876000,,1,2.000000,False,,False,True
2026,2,Chinese Grand Prix,R,5133.880000,HAM,44,hamilton,ferrari,96.931000,16.000000,2.000000,,,25.520000,29.383000,42.028000,5062.558000,5091.941000,5133.969000,268.000000,253.000000,273.000000,315.000000,True,HARD,6.000000,True,Ferrari,5036.949000,,1,2.000000,False,,False,True
2026,2,Chinese Grand Prix,R,5230.577000,HAM,44,hamilton,ferrari,96.697000,17.000000,2.000000,,,25.604000,29.185000,41.908000,5159.573000,5188.758000,5230.666000,276.000000,258.000000,272.000000,312.000000,True,HARD,7.000000,True,Ferrari,5133.880000,,1,2.000000,False,,False,True
2026,2,Chinese Grand Prix,R,5327.694000,HAM,44,hamilton,ferrari,97.117000,18.000000,2.000000,,,25.840000,29.308000,41.969000,5256.506000,5285.814000,5327.783000,264.000000,260.000000,268.000000,309.000000,False,HARD,8.000000,True,Ferrari,5230.577000,,12,2.000000,False,,False,True
2026,2,Chinese Grand Prix,R,5424.797000,HAM,44,hamilton,ferrari,97.103000,19.000000,2.000000,,,25.734000,29.303000,42.066000,5353.517000,5382.820000,5424.886000,270.000000,260.000000,265.000000,308.000000,False,HARD,9.000000,True,Ferrari,5327.694000,,1,2.000000,False,,False,True
2026,2,Chinese Grand Prix,R,5521.712000,HAM,44,hamilton,ferrari,96.915000,20.000000,2.000000,,,25.684000,29.332000,41.899000,5450.570000,5479.902000,5521.801000,269.000000,253.000000,273.000000,307.000000,False,HARD,10.000000,True,Ferrari,5424.797000,,1,2.000000,False,,False,True
2026,2,Chinese Grand Prix,R,5618.684000,HAM,44,hamilton,ferrari,96.972000,21.000000,2.000000,,,25.719000,29.177000,42.076000,5547.520000,5576.697000,5618.773000,266.000000,257.000000,269.000000,305.000000,False,HARD,11.000000,True,Ferrari,5521.712000,,1,2.000000,False,,False,True
2026,2,Chinese Grand Prix,R,5715.690000,HAM,44,hamilton,ferrari,97.006000,22.000000,2.000000,,,25.706000,29.242000,42.058000,5644.479000,5673.721000,5715.779000,268.000000,254.000000,269.000000,307.000000,False,HARD,12.000000,True,Ferrari,5618.684000,,1,2.000000,False,,False,True
2026,2,Chinese Grand Prix,R,5812.739000,HAM,44,hamilton,ferrari,97.049000,23.000000,2.000000,,,25.717000,29.202000,42.130000,5741.496000,5770.698000,5812.828000,264.000000,258.000000,271.000000,304.000000,False,HARD,13.000000,True,Ferrari,5715.690000,,1,2.000000,False,,False,True
2026,2,Chinese Grand Prix,R,5910.962000,HAM,44,hamilton,ferrari,98.223000,24.000000,2.000000,,,25.672000,29.236000,43.315000,5838.500000,5867.736000,5911.051000,264.000000,251.000000,273.000000,302.000000,False,HARD,14.000000,True,Ferrari,5812.739000,,1,3.000000,False,,False,True
2026,2,Chinese Grand Prix,R,6008.855000,HAM,44,hamilton,ferrari,97.893000,25.000000,2.000000,,,26.039000,29.707000,42.147000,5937.090000,5966.797000,6008.944000,284.000000,253.000000,273.000000,316.000000,False,HARD,15.000000,True,Ferrari,5910.962000,,1,3.000000,False,,False,True
2026,2,Chinese Grand Prix,R,6105.594000,HAM,44,hamilton,ferrari,96.739000,26.000000,2.000000,,,25.666000,29.374000,41.699000,6034.610000,6063.984000,6105.683000,268.000000,260.000000,252.000000,328.000000,False,HARD,16.000000,True,Ferrari,6008.855000,,1,2.000000,False,,False,True
2026,2,Chinese Grand Prix,R,6204.826000,HAM,44,hamilton,ferrari,99.232000,27.000000,2.000000,,,26.166000,30.041000,43.025000,6131.849000,6161.890000,6204.915000,289.000000,266.000000,248.000000,317.000000,False,HARD,17.000000,True,Ferrari,6105.594000,,1,4.000000,False,,False,True
2026,2,Chinese Grand Prix,R,6302.044000,HAM,44,hamilton,ferrari,97.218000,28.000000,2.000000,,,26.103000,29.358000,41.757000,6231.018000,6260.376000,6302.133000,272.000000,260.000000,276.000000,318.000000,False,HARD,18.000000,True,Ferrari,6204.826000,,12,4.000000,False,,False,True
2026,2,Chinese Grand Prix,R,6398.815000,HAM,44,hamilton,ferrari,96.771000,29.000000,2.000000,,,25.725000,29.304000,41.742000,6327.858000,6357.162000,6398.904000,267.000000,259.000000,273.000000,315.000000,False,HARD,19.000000,True,Ferrari,6302.044000,,1,4.000000,False,,False,True
2026,2,Chinese Grand Prix,R,6495.500000,HAM,44,hamilton,ferrari,96.685000,30.000000,2.000000,,,25.680000,29.346000,41.659000,6424.584000,6453.930000,6495.589000,270.000000,261.000000,275.000000,322.000000,True,HARD,20.000000,True,Ferrari,6398.815000,,1,4.000000,False,,False,True
2026,2,Chinese Grand Prix,R,6591.996000,HAM,44,hamilton,ferrari,96.496000,31.000000,2.000000,,,25.602000,29.150000,41.744000,6521.191000,6550.341000,6592.085000,272.000000,262.000000,272.000000,317.000000,True,HARD,21.000000,True,Ferrari,6495.500000,,1,4.000000,False,,False,True
2026,2,Chinese Grand Prix,R,6688.625000,HAM,44,hamilton,ferrari,96.629000,32.000000,2.000000,,,25.517000,29.320000,41.792000,6617.602000,6646.922000,6688.714000,274.000000,261.000000,270.000000,323.000000,False,HARD,22.000000,True,Ferrari,6591.996000,,1,4.000000,False,,False,True
2026,2,Chinese Grand Prix,R,6785.121000,HAM,44,hamilton,ferrari,96.496000,33.000000,2.000000,,,25.616000,29.260000,41.620000,6714.330000,6743.590000,6785.210000,270.000000,259.000000,276.000000,323.000000,False,HARD,23.000000,True,Ferrari,6688.625000,,12,4.000000,False,,False,True
2026,2,Chinese Grand Prix,R,6881.873000,HAM,44,hamilton,ferrari,96.752000,34.000000,2.000000,,,25.768000,29.141000,41.843000,6810.978000,6840.119000,6881.962000,269.000000,259.000000,271.000000,316.000000,False,HARD,24.000000,True,Ferrari,6785.121000,,1,4.000000,False,,False,True
2026,2,Chinese Grand Prix,R,6979.210000,HAM,44,hamilton,ferrari,97.337000,35.000000,2.000000,,,25.703000,29.169000,42.465000,6907.665000,6936.834000,6979.299000,272.000000,261.000000,272.000000,316.000000,False,HARD,25.000000,True,Ferrari,6881.873000,,1,3.000000,False,,False,True
2026,2,Chinese Grand Prix,R,7076.211000,HAM,44,hamilton,ferrari,97.001000,36.000000,2.000000,,,25.741000,29.147000,42.113000,7005.040000,7034.187000,7076.300000,262.000000,255.000000,274.000000,302.000000,False,HARD,26.000000,True,Ferrari,6979.210000,,1,3.000000,False,,False,True
2026,2,Chinese Grand Prix,R,7172.860000,HAM,44,hamilton,ferrari,96.649000,37.000000,2.000000,,,25.572000,29.135000,41.942000,7101.872000,7131.007000,7172.949000,264.000000,258.000000,269.000000,300.000000,False,HARD,27.000000,True,Ferrari,7076.211000,,1,3.000000,False,,False,True
2026,2,Chinese Grand Prix,R,7269.736000,HAM,44,hamilton,ferrari,96.876000,38.000000,2.000000,,,25.693000,29.008000,42.175000,7198.642000,7227.650000,7269.825000,264.000000,257.000000,274.000000,300.000000,False,HARD,28.000000,True,Ferrari,7172.860000,,1,3.000000,False,,False,True
2026,2,Chinese Grand Prix,R,7367.828000,HAM,44,hamilton,ferrari,98.092000,39.000000,2.000000,,,25.749000,29.070000,43.273000,7295.574000,7324.644000,7367.917000,263.000000,254.000000,273.000000,302.000000,False,HARD,29.000000,True,Ferrari,7269.736000,,1,4.000000,False,,False,True
2026,2,Chinese Grand Prix,R,7464.780000,HAM,44,hamilton,ferrari,96.952000,40.000000,2.000000,,,25.408000,29.544000,42.000000,7393.325000,7422.869000,7464.869000,276.000000,252.000000,271.000000,305.000000,False,HARD,30.000000,True,Ferrari,7367.828000,,1,3.000000,False,,False,True
2026,2,Chinese Grand Prix,R,7561.251000,HAM,44,hamilton,ferrari,96.471000,41.000000,2.000000,,,25.703000,28.940000,41.828000,7490.572000,7519.512000,7561.340000,268.000000,257.000000,275.000000,302.000000,True,HARD,31.000000,True,Ferrari,7464.780000,,1,3.000000,False,,False,True
2026,2,Chinese Grand Prix,R,7657.767000,HAM,44,hamilton,ferrari,96.516000,42.000000,2.000000,,,25.364000,28.875000,42.277000,7586.704000,7615.579000,7657.856000,266.000000,259.000000,271.000000,300.000000,False,HARD,32.000000,True,Ferrari,7561.251000,,1,3.000000,False,,False,True
2026,2,Chinese Grand Prix,R,7753.985000,HAM,44,hamilton,ferrari,96.218000,43.000000,2.000000,,,25.477000,28.969000,41.772000,7683.333000,7712.302000,7754.074000,270.000000,259.000000,275.000000,301.000000,True,HARD,33.000000,True,Ferrari,7657.767000,,1,3.000000,False,,False,True
2026,2,Chinese Grand Prix,R,7850.225000,HAM,44,hamilton,ferrari,96.240000,44.000000,2.000000,,,25.298000,29.006000,41.936000,7779.372000,7808.378000,7850.314000,269.000000,255.000000,277.000000,304.000000,False,HARD,34.000000,True,Ferrari,7753.985000,,1,3.000000,False,,False,True
2026,2,Chinese Grand Prix,R,7946.621000,HAM,44,hamilton,ferrari,96.396000,45.000000,2.000000,,,25.274000,29.210000,41.912000,7875.588000,7904.798000,7946.710000,273.000000,260.000000,274.000000,303.000000,False,HARD,35.000000,True,Ferrari,7850.225000,,1,3.000000,False,,False,True
2026,2,Chinese Grand Prix,R,8042.930000,HAM,44,hamilton,ferrari,96.309000,46.000000,2.000000,,,25.368000,29.083000,41.858000,7972.078000,8001.161000,8043.019000,270.000000,259.000000,276.000000,311.000000,False,HARD,36.000000,True,Ferrari,7946.621000,,1,3.000000,False,,False,True
2026,2,Chinese Grand Prix,R,8139.134000,HAM,44,hamilton,ferrari,96.204000,47.000000,2.000000,,,25.237000,28.885000,42.082000,8068.256000,8097.141000,8139.223000,273.000000,262.000000,272.000000,301.000000,True,HARD,37.000000,True,Ferrari,8042.930000,,1,3.000000,False,,False,True
2026,2,Chinese Grand Prix,R,8235.285000,HAM,44,hamilton,ferrari,96.151000,48.000000,2.000000,,,25.412000,28.954000,41.785000,8164.635000,8193.589000,8235.374000,272.000000,256.000000,276.000000,303.000000,True,HARD,38.000000,True,Ferrari,8139.134000,,1,3.000000,False,,False,True
2026,2,Chinese Grand Prix,R,8331.670000,HAM,44,hamilton,ferrari,96.385000,49.000000,2.000000,,,25.273000,28.918000,42.194000,8260.647000,8289.565000,8331.759000,272.000000,260.000000,273.000000,301.000000,False,HARD,39.000000,True,Ferrari,8235.285000,,1,3.000000,False,,False,True
2026,2,Chinese Grand Prix,R,8427.907000,HAM,44,hamilton,ferrari,96.237000,50.000000,2.000000,,,25.365000,28.913000,41.959000,8357.124000,8386.037000,8427.996000,273.000000,262.000000,276.000000,301.000000,False,HARD,40.000000,True,Ferrari,8331.670000,,1,3.000000,False,,False,True
2026,2,Chinese Grand Prix,R,8524.041000,HAM,44,hamilton,ferrari,96.134000,51.000000,2.000000,,,25.336000,28.856000,41.942000,8453.332000,8482.188000,8524.130000,270.000000,262.000000,273.000000,301.000000,True,HARD,41.000000,True,Ferrari,8427.907000,,1,3.000000,False,,False,True
2026,2,Chinese Grand Prix,R,8620.337000,HAM,44,hamilton,ferrari,96.296000,52.000000,2.000000,,,25.355000,28.860000,42.081000,8549.485000,8578.345000,8620.426000,273.000000,261.000000,276.000000,302.000000,False,HARD,42.000000,True,Ferrari,8524.041000,,1,3.000000,False,,False,True
2026,2,Chinese Grand Prix,R,8716.536000,HAM,44,hamilton,ferrari,96.199000,53.000000,2.000000,,,25.203000,28.889000,42.107000,8645.629000,8674.518000,8716.625000,272.000000,262.000000,274.000000,301.000000,False,HARD,43.000000,True,Ferrari,8620.337000,,12,3.000000,False,,False,True
2026,2,Chinese Grand Prix,R,8812.976000,HAM,44,hamilton,ferrari,96.440000,54.000000,2.000000,,,25.465000,28.998000,41.977000,8742.090000,8771.088000,8813.065000,271.000000,261.000000,277.000000,306.000000,False,HARD,44.000000,True,Ferrari,8716.536000,,1,3.000000,False,,False,True
2026,2,Chinese Grand Prix,R,8909.068000,HAM,44,hamilton,ferrari,96.092000,55.000000,2.000000,,,25.176000,28.906000,42.010000,8838.241000,8867.147000,8909.157000,272.000000,262.000000,276.000000,304.000000,True,HARD,45.000000,True,Ferrari,8812.976000,,1,3.000000,False,,False,True
2026,2,Chinese Grand Prix,R,9005.171000,HAM,44,hamilton,ferrari,96.103000,56.000000,2.000000,,,25.198000,28.968000,41.937000,8934.355000,8963.323000,9005.260000,273.000000,262.000000,278.000000,306.000000,False,HARD,46.000000,True,Ferrari,8909.068000,,1,3.000000,False,,False,True
2026,2,Chinese Grand Prix,R,3491.819000,SAI,55,sainz,williams,107.507000,1.000000,1.000000,,,,32.338000,43.861000,,3448.158000,3491.842000,275.000000,266.000000,269.000000,345.000000,False,MEDIUM,1.000000,True,Williams,3384.050000,,12,11.000000,False,,False,False
2026,2,Chinese Grand Prix,R,3592.562000,SAI,55,sainz,williams,100.743000,2.000000,1.000000,,,26.296000,30.998000,43.449000,3518.138000,3549.136000,3592.585000,281.000000,261.000000,241.000000,349.000000,True,MEDIUM,2.000000,True,Williams,3491.819000,,1,11.000000,False,,False,True
2026,2,Chinese Grand Prix,R,3692.549000,SAI,55,sainz,williams,99.987000,3.000000,1.000000,,,27.077000,30.389000,42.521000,3619.662000,3650.051000,3692.572000,275.000000,259.000000,266.000000,330.000000,True,MEDIUM,3.000000,True,Williams,3592.562000,,1,11.000000,False,,False,True
2026,2,Chinese Grand Prix,R,3791.537000,SAI,55,sainz,williams,98.988000,4.000000,1.000000,,,26.390000,30.159000,42.439000,3718.962000,3749.121000,3791.560000,275.000000,266.000000,270.000000,333.000000,True,MEDIUM,4.000000,True,Williams,3692.549000,,1,11.000000,False,,False,True
2026,2,Chinese Grand Prix,R,3891.291000,SAI,55,sainz,williams,99.754000,5.000000,1.000000,,,26.454000,30.503000,42.797000,3818.014000,3848.517000,3891.314000,277.000000,267.000000,256.000000,345.000000,False,MEDIUM,5.000000,True,Williams,3791.537000,,1,11.000000,False,,False,True
2026,2,Chinese Grand Prix,R,3991.429000,SAI,55,sainz,williams,100.138000,6.000000,1.000000,,,26.732000,30.691000,42.715000,3918.046000,3948.737000,3991.452000,282.000000,261.000000,268.000000,329.000000,False,MEDIUM,6.000000,True,Williams,3891.291000,,1,12.000000,False,,False,True
2026,2,Chinese Grand Prix,R,4092.060000,SAI,55,sainz,williams,100.631000,7.000000,1.000000,,,26.571000,30.596000,43.464000,4018.023000,4048.619000,4092.083000,275.000000,256.000000,267.000000,331.000000,False,MEDIUM,7.000000,True,Williams,3991.429000,,1,13.000000,False,,False,True
2026,2,Chinese Grand Prix,R,4191.973000,SAI,55,sainz,williams,99.913000,8.000000,1.000000,,,26.363000,30.686000,42.864000,4118.446000,4149.132000,4191.996000,282.000000,269.000000,263.000000,330.000000,False,MEDIUM,8.000000,True,Williams,4092.060000,,1,13.000000,False,,False,True
2026,2,Chinese Grand Prix,R,4297.107000,SAI,55,sainz,williams,105.134000,9.000000,1.000000,,4295.381000,26.683000,30.683000,47.768000,4218.679000,4249.362000,4297.130000,274.000000,257.000000,,323.000000,False,MEDIUM,9.000000,True,Williams,4191.973000,,1,13.000000,False,,False,False
2026,2,Chinese Grand Prix,R,4440.294000,SAI,55,sainz,williams,143.187000,10.000000,2.000000,4318.475000,,45.858000,40.300000,57.029000,4342.988000,4383.288000,4440.317000,276.000000,243.000000,167.000000,214.000000,False,HARD,1.000000,True,Williams,4297.107000,,124,16.000000,False,,False,False
2026,2,Chinese Grand Prix,R,4575.516000,SAI,55,sainz,williams,135.222000,11.000000,2.000000,,,35.932000,41.674000,57.616000,4476.249000,4517.923000,4575.539000,255.000000,205.000000,200.000000,271.000000,False,HARD,2.000000,True,Williams,4440.294000,,4,15.000000,False,,False,False
2026,2,Chinese Grand Prix,R,4703.267000,SAI,55,sainz,williams,127.751000,12.000000,2.000000,,,34.991000,36.307000,56.453000,4610.530000,4646.837000,4703.290000,257.000000,266.000000,162.000000,90.000000,False,HARD,3.000000,True,Williams,4575.516000,,4,14.000000,False,,False,False
2026,2,Chinese Grand Prix,R,4844.617000,SAI,55,sainz,williams,141.350000,13.000000,2.000000,,,35.621000,45.494000,60.235000,4738.911000,4784.405000,4844.640000,248.000000,212.000000,271.000000,179.000000,False,HARD,4.000000,True,Williams,4703.267000,,41,14.000000,False,,False,False
2026,2,Chinese Grand Prix,R,4945.101000,SAI,55,sainz,williams,100.484000,14.000000,2.000000,,,26.556000,30.777000,43.151000,4871.196000,4901.973000,4945.124000,282.000000,274.000000,268.000000,346.000000,False,HARD,5.000000,True,Williams,4844.617000,,1,13.000000,False,,False,True
2026,2,Chinese Grand Prix,R,5044.226000,SAI,55,sainz,williams,99.125000,15.000000,2.000000,,,26.249000,30.247000,42.629000,4971.373000,5001.620000,5044.249000,288.000000,271.000000,271.000000,348.000000,False,HARD,6.000000,True,Williams,4945.101000,,1,13.000000,False,,False,True
2026,2,Chinese Grand Prix,R,5143.654000,SAI,55,sainz,williams,99.428000,16.000000,2.000000,,,26.370000,30.308000,42.750000,5070.619000,5100.927000,5143.677000,280.000000,271.000000,264.000000,349.000000,False,HARD,7.000000,True,Williams,5044.226000,,1,13.000000,False,,False,True
2026,2,Chinese Grand Prix,R,5242.683000,SAI,55,sainz,williams,99.029000,17.000000,2.000000,,,26.094000,30.295000,42.640000,5169.771000,5200.066000,5242.706000,284.000000,270.000000,270.000000,335.000000,False,HARD,8.000000,True,Williams,5143.654000,,12,13.000000,False,,False,True
2026,2,Chinese Grand Prix,R,5341.340000,SAI,55,sainz,williams,98.657000,18.000000,2.000000,,,26.177000,30.232000,42.248000,5268.883000,5299.115000,5341.363000,283.000000,266.000000,270.000000,339.000000,True,HARD,9.000000,True,Williams,5242.683000,,21,13.000000,False,,False,True
2026,2,Chinese Grand Prix,R,5440.459000,SAI,55,sainz,williams,99.119000,19.000000,2.000000,,,26.228000,30.251000,42.640000,5367.591000,5397.842000,5440.482000,283.000000,272.000000,269.000000,339.000000,False,HARD,10.000000,True,Williams,5341.340000,,1,13.000000,False,,False,True
2026,2,Chinese Grand Prix,R,5539.856000,SAI,55,sainz,williams,99.397000,20.000000,2.000000,,,26.289000,30.454000,42.654000,5466.771000,5497.225000,5539.879000,280.000000,264.000000,272.000000,339.000000,False,HARD,11.000000,True,Williams,5440.459000,,1,13.000000,False,,False,True
2026,2,Chinese Grand Prix,R,5639.000000,SAI,55,sainz,williams,99.144000,21.000000,2.000000,,,26.375000,30.111000,42.658000,5566.254000,5596.365000,5639.023000,277.000000,263.000000,266.000000,337.000000,False,HARD,12.000000,True,Williams,5539.856000,,1,13.000000,False,,False,True
2026,2,Chinese Grand Prix,R,5739.245000,SAI,55,sainz,williams,100.245000,22.000000,2.000000,,,26.872000,30.584000,42.789000,5665.895000,5696.479000,5739.268000,279.000000,264.000000,263.000000,327.000000,False,HARD,13.000000,True,Williams,5639.000000,,1,14.000000,False,,False,True
2026,2,Chinese Grand Prix,R,5838.346000,SAI,55,sainz,williams,99.101000,23.000000,2.000000,,,26.286000,30.238000,42.577000,5765.554000,5795.792000,5838.369000,278.000000,268.000000,269.000000,323.000000,False,HARD,14.000000,True,Williams,5739.245000,,1,14.000000,False,,False,True
2026,2,Chinese Grand Prix,R,5937.310000,SAI,55,sainz,williams,98.964000,24.000000,2.000000,,,26.131000,30.304000,42.529000,5864.500000,5894.804000,5937.333000,274.000000,258.000000,271.000000,320.000000,False,HARD,15.000000,True,Williams,5838.346000,,1,14.000000,False,,False,True
2026,2,Chinese Grand Prix,R,6036.064000,SAI,55,sainz,williams,98.754000,25.000000,2.000000,,,26.161000,30.131000,42.462000,5963.494000,5993.625000,6036.087000,276.000000,265.000000,271.000000,327.000000,False,HARD,16.000000,True,Williams,5937.310000,,1,14.000000,False,,False,True
2026,2,Chinese Grand Prix,R,6134.772000,SAI,55,sainz,williams,98.708000,26.000000,2.000000,,,26.239000,30.084000,42.385000,6062.326000,6092.410000,6134.795000,273.000000,265.000000,271.000000,328.000000,False,HARD,17.000000,True,Williams,6036.064000,,1,14.000000,False,,False,True
2026,2,Chinese Grand Prix,R,6234.480000,SAI,55,sainz,williams,99.708000,27.000000,2.000000,,,26.155000,30.228000,43.325000,6160.950000,6191.178000,6234.503000,275.000000,264.000000,263.000000,327.000000,False,HARD,18.000000,True,Williams,6134.772000,,12,13.000000,False,,False,True
2026,2,Chinese Grand Prix,R,6333.152000,SAI,55,sainz,williams,98.672000,28.000000,2.000000,,,26.279000,30.012000,42.381000,6260.782000,6290.794000,6333.175000,273.000000,262.000000,271.000000,316.000000,False,HARD,19.000000,True,Williams,6234.480000,,1,13.000000,False,,False,True
2026,2,Chinese Grand Prix,R,6431.966000,SAI,55,sainz,williams,98.814000,29.000000,2.000000,,,26.226000,29.980000,42.608000,6359.401000,6389.381000,6431.989000,272.000000,262.000000,271.000000,317.000000,False,HARD,20.000000,True,Williams,6333.152000,,1,13.000000,False,,False,True
2026,2,Chinese Grand Prix,R,6530.475000,SAI,55,sainz,williams,98.509000,30.000000,2.000000,,,26.109000,29.995000,42.405000,6458.098000,6488.093000,6530.498000,275.000000,261.000000,270.000000,320.000000,True,HARD,21.000000,True,Williams,6431.966000,,1,12.000000,False,,False,True
2026,2,Chinese Grand Prix,R,6628.935000,SAI,55,sainz,williams,98.460000,31.000000,2.000000,,,26.119000,30.017000,42.324000,6556.617000,6586.634000,6628.958000,274.000000,261.000000,270.000000,319.000000,True,HARD,22.000000,True,Williams,6530.475000,,1,12.000000,False,,False,True
2026,2,Chinese Grand Prix,R,6727.274000,SAI,55,sainz,williams,98.339000,32.000000,2.000000,,,26.097000,29.955000,42.287000,6655.055000,6685.010000,6727.297000,275.000000,262.000000,270.000000,318.000000,True,HARD,23.000000,True,Williams,6628.935000,,1,12.000000,False,,False,True
2026,2,Chinese Grand Prix,R,6825.736000,SAI,55,sainz,williams,98.462000,33.000000,2.000000,,,26.147000,29.889000,42.426000,6753.444000,6783.333000,6825.759000,275.000000,264.000000,270.000000,318.000000,False,HARD,24.000000,True,Williams,6727.274000,,12,11.000000,False,,False,True
2026,2,Chinese Grand Prix,R,6924.499000,SAI,55,sainz,williams,98.763000,34.000000,2.000000,,,26.330000,29.946000,42.487000,6852.089000,6882.035000,6924.522000,277.000000,261.000000,270.000000,318.000000,False,HARD,25.000000,True,Williams,6825.736000,,1,11.000000,False,,False,True
2026,2,Chinese Grand Prix,R,7023.171000,SAI,55,sainz,williams,98.672000,35.000000,2.000000,,,26.173000,29.987000,42.512000,6950.695000,6980.682000,7023.194000,279.000000,262.000000,270.000000,315.000000,False,HARD,26.000000,True,Williams,6924.499000,,1,11.000000,False,,False,True
2026,2,Chinese Grand Prix,R,7121.915000,SAI,55,sainz,williams,98.744000,36.000000,2.000000,,,26.216000,30.071000,42.457000,7049.410000,7079.481000,7121.938000,276.000000,263.000000,270.000000,313.000000,False,HARD,27.000000,True,Williams,7023.171000,,1,10.000000,False,,False,True
2026,2,Chinese Grand Prix,R,7220.395000,SAI,55,sainz,williams,98.480000,37.000000,2.000000,,,26.157000,29.955000,42.368000,7148.095000,7178.050000,7220.418000,277.000000,264.000000,270.000000,313.000000,False,HARD,28.000000,True,Williams,7121.915000,,1,10.000000,False,,False,True
2026,2,Chinese Grand Prix,R,7318.890000,SAI,55,sainz,williams,98.495000,38.000000,2.000000,,,26.147000,29.847000,42.501000,7246.565000,7276.412000,7318.913000,276.000000,266.000000,271.000000,314.000000,False,HARD,29.000000,True,Williams,7220.395000,,1,10.000000,False,,False,True
2026,2,Chinese Grand Prix,R,7417.475000,SAI,55,sainz,williams,98.585000,39.000000,2.000000,,,26.207000,29.939000,42.439000,7345.120000,7375.059000,7417.498000,277.000000,264.000000,271.000000,315.000000,False,HARD,30.000000,True,Williams,7318.890000,,1,10.000000,False,,False,True
2026,2,Chinese Grand Prix,R,7515.833000,SAI,55,sainz,williams,98.358000,40.000000,2.000000,,,26.101000,29.881000,42.376000,7443.599000,7473.480000,7515.856000,278.000000,264.000000,272.000000,314.000000,False,HARD,31.000000,True,Williams,7417.475000,,1,10.000000,False,,False,True
2026,2,Chinese Grand Prix,R,7614.254000,SAI,55,sainz,williams,98.421000,41.000000,2.000000,,,26.080000,29.834000,42.507000,7541.936000,7571.770000,7614.277000,278.000000,261.000000,270.000000,312.000000,False,HARD,32.000000,True,Williams,7515.833000,,1,10.000000,False,,False,True
2026,2,Chinese Grand Prix,R,7712.526000,SAI,55,sainz,williams,98.272000,42.000000,2.000000,,,26.148000,29.772000,42.352000,7640.425000,7670.197000,7712.549000,278.000000,264.000000,272.000000,311.000000,True,HARD,33.000000,True,Williams,7614.254000,,1,10.000000,False,,False,True
2026,2,Chinese Grand Prix,R,7810.809000,SAI,55,sainz,williams,98.283000,43.000000,2.000000,,,26.032000,29.702000,42.549000,7738.581000,7768.283000,7810.832000,277.000000,265.000000,272.000000,312.000000,False,HARD,34.000000,True,Williams,7712.526000,,1,10.000000,False,,False,True
2026,2,Chinese Grand Prix,R,7909.077000,SAI,55,sainz,williams,98.268000,44.000000,2.000000,,,26.000000,29.706000,42.562000,7836.832000,7866.538000,7909.100000,276.000000,264.000000,273.000000,314.000000,True,HARD,35.000000,True,Williams,7810.809000,,1,10.000000,False,,False,True
2026,2,Chinese Grand Prix,R,8007.181000,SAI,55,sainz,williams,98.104000,45.000000,2.000000,,,25.973000,29.728000,42.403000,7935.073000,7964.801000,8007.204000,277.000000,262.000000,272.000000,313.000000,True,HARD,36.000000,True,Williams,7909.077000,,1,9.000000,False,,False,True
2026,2,Chinese Grand Prix,R,8105.215000,SAI,55,sainz,williams,98.034000,46.000000,2.000000,,,26.024000,29.595000,42.415000,8033.228000,8062.823000,8105.238000,278.000000,265.000000,271.000000,314.000000,True,HARD,37.000000,True,Williams,8007.181000,,1,9.000000,False,,False,True
2026,2,Chinese Grand Prix,R,8203.544000,SAI,55,sainz,williams,98.329000,47.000000,2.000000,,,26.108000,29.663000,42.558000,8131.346000,8161.009000,8203.567000,276.000000,267.000000,272.000000,316.000000,False,HARD,38.000000,True,Williams,8105.215000,,1,9.000000,False,,False,True
2026,2,Chinese Grand Prix,R,8301.566000,SAI,55,sainz,williams,98.022000,48.000000,2.000000,,,26.001000,29.645000,42.376000,8229.568000,8259.213000,8301.589000,278.000000,262.000000,273.000000,314.000000,True,HARD,39.000000,True,Williams,8203.544000,,1,9.000000,False,,False,True
2026,2,Chinese Grand Prix,R,8399.588000,SAI,55,sainz,williams,98.022000,49.000000,2.000000,,,25.964000,29.624000,42.434000,8327.553000,8357.177000,8399.611000,279.000000,263.000000,272.000000,315.000000,False,HARD,40.000000,True,Williams,8301.566000,,1,9.000000,False,,False,True
2026,2,Chinese Grand Prix,R,8498.618000,SAI,55,sainz,williams,99.030000,50.000000,2.000000,,,25.984000,30.254000,42.792000,8425.595000,8455.849000,8498.641000,278.000000,199.000000,275.000000,338.000000,False,HARD,41.000000,True,Williams,8399.588000,,1,9.000000,False,,False,True
2026,2,Chinese Grand Prix,R,8596.599000,SAI,55,sainz,williams,97.981000,51.000000,2.000000,,,25.961000,29.737000,42.283000,8524.602000,8554.339000,8596.622000,282.000000,269.000000,270.000000,321.000000,True,HARD,42.000000,True,Williams,8498.618000,,1,9.000000,False,,False,True
2026,2,Chinese Grand Prix,R,8695.023000,SAI,55,sainz,williams,98.424000,52.000000,2.000000,,,26.100000,29.779000,42.545000,8622.722000,8652.501000,8695.046000,277.000000,265.000000,273.000000,314.000000,False,HARD,43.000000,True,Williams,8596.599000,,12,9.000000,False,,False,True
2026,2,Chinese Grand Prix,R,8795.110000,SAI,55,sainz,williams,100.087000,53.000000,2.000000,,,26.026000,29.873000,44.188000,8721.072000,8750.945000,8795.133000,280.000000,262.000000,275.000000,316.000000,False,HARD,44.000000,True,Williams,8695.023000,,1,9.000000,False,,False,True
2026,2,Chinese Grand Prix,R,8893.364000,SAI,55,sainz,williams,98.254000,54.000000,2.000000,,,25.887000,29.860000,42.507000,8821.020000,8850.880000,8893.387000,283.000000,263.000000,269.000000,319.000000,False,HARD,45.000000,True,Williams,8795.110000,,1,9.000000,False,,False,True
2026,2,Chinese Grand Prix,R,8991.592000,SAI,55,sainz,williams,98.228000,55.000000,2.000000,,,26.016000,29.678000,42.534000,8919.403000,8949.081000,8991.615000,278.000000,262.000000,272.000000,326.000000,False,HARD,46.000000,True,Williams,8893.364000,,1,9.000000,False,,False,True
2026,2,Chinese Grand Prix,R,3507.955000,HAD,6,hadjar,red_bull,123.643000,1.000000,1.000000,,3506.239000,,30.907000,62.905000,,3445.281000,3508.114000,284.000000,280.000000,,274.000000,False,SOFT,4.000000,False,Red Bull Racing,3384.050000,,12,18.000000,False,,False,False
2026,2,Chinese Grand Prix,R,3628.154000,HAD,6,hadjar,red_bull,120.199000,2.000000,2.000000,3529.235000,,46.150000,30.387000,43.662000,3554.162000,3584.549000,3628.211000,260.000000,259.000000,261.000000,306.000000,False,HARD,1.000000,True,Red Bull Racing,3507.955000,,1,18.000000,False,,False,False
2026,2,Chinese Grand Prix,R,3726.966000,HAD,6,hadjar,red_bull,98.812000,3.000000,2.000000,,,26.221000,30.048000,42.543000,3654.432000,3684.480000,3727.023000,264.000000,260.000000,270.000000,311.000000,True,HARD,2.000000,True,Red Bull Racing,3628.154000,,1,18.000000,False,,False,True
2026,2,Chinese Grand Prix,R,3826.054000,HAD,6,hadjar,red_bull,99.088000,4.000000,2.000000,,,26.095000,30.275000,42.718000,3753.118000,3783.393000,3826.111000,263.000000,257.000000,270.000000,307.000000,False,HARD,3.000000,True,Red Bull Racing,3726.966000,,1,18.000000,False,,False,True
2026,2,Chinese Grand Prix,R,3924.878000,HAD,6,hadjar,red_bull,98.824000,5.000000,2.000000,,,25.985000,30.083000,42.756000,3852.096000,3882.179000,3924.935000,266.000000,258.000000,272.000000,309.000000,False,HARD,4.000000,True,Red Bull Racing,3826.054000,,1,18.000000,False,,False,True
2026,2,Chinese Grand Prix,R,4023.139000,HAD,6,hadjar,red_bull,98.261000,6.000000,2.000000,,,25.948000,29.935000,42.378000,3950.883000,3980.818000,4023.196000,265.000000,259.000000,271.000000,309.000000,True,HARD,5.000000,True,Red Bull Racing,3924.878000,,1,18.000000,False,,False,True
2026,2,Chinese Grand Prix,R,4121.596000,HAD,6,hadjar,red_bull,98.457000,7.000000,2.000000,,,25.970000,30.015000,42.472000,4049.166000,4079.181000,4121.653000,268.000000,259.000000,269.000000,309.000000,False,HARD,6.000000,True,Red Bull Racing,4023.139000,,1,18.000000,False,,False,True
2026,2,Chinese Grand Prix,R,4220.257000,HAD,6,hadjar,red_bull,98.661000,8.000000,2.000000,,,26.132000,30.026000,42.503000,4147.785000,4177.811000,4220.314000,264.000000,258.000000,271.000000,308.000000,False,HARD,7.000000,True,Red Bull Racing,4121.596000,,1,18.000000,False,,False,True
2026,2,Chinese Grand Prix,R,4318.919000,HAD,6,hadjar,red_bull,98.662000,9.000000,2.000000,,,26.180000,30.093000,42.389000,4246.494000,4276.587000,4318.976000,263.000000,257.000000,271.000000,308.000000,False,HARD,8.000000,True,Red Bull Racing,4220.257000,,1,18.000000,False,,False,True
2026,2,Chinese Grand Prix,R,4446.957000,HAD,6,hadjar,red_bull,128.038000,10.000000,2.000000,,4445.173000,26.322000,40.743000,60.973000,4345.298000,4386.041000,4447.014000,265.000000,246.000000,,225.000000,False,HARD,9.000000,True,Red Bull Racing,4318.919000,,124,17.000000,False,,False,False
2026,2,Chinese Grand Prix,R,4601.638000,HAD,6,hadjar,red_bull,,11.000000,3.000000,4470.898000,,56.842000,40.160000,57.636000,4504.038000,4544.196000,4601.730000,139.000000,158.000000,225.000000,148.000000,False,HARD,1.000000,True,Red Bull Racing,4446.957000,,4,17.000000,False,,False,False
2026,2,Chinese Grand Prix,R,4712.849000,HAD,6,hadjar,red_bull,111.211000,12.000000,3.000000,,,32.169000,32.463000,46.579000,4633.864000,4666.327000,4712.906000,236.000000,243.000000,233.000000,272.000000,False,HARD,2.000000,True,Red Bull Racing,4601.638000,,4,17.000000,False,,False,False
2026,2,Chinese Grand Prix,R,4846.272000,HAD,6,hadjar,red_bull,133.423000,13.000000,3.000000,,,29.856000,45.152000,58.415000,4742.762000,4787.914000,4846.329000,234.000000,139.000000,274.000000,164.000000,False,HARD,3.000000,True,Red Bull Racing,4712.849000,,41,17.000000,False,,False,False
2026,2,Chinese Grand Prix,R,4945.603000,HAD,6,hadjar,red_bull,99.331000,14.000000,3.000000,,,25.781000,30.923000,42.627000,4872.110000,4903.033000,4945.660000,304.000000,273.000000,272.000000,332.000000,False,HARD,4.000000,True,Red Bull Racing,4846.272000,,1,14.000000,False,,False,True
2026,2,Chinese Grand Prix,R,5044.764000,HAD,6,hadjar,red_bull,99.161000,15.000000,3.000000,,,26.347000,30.280000,42.534000,4972.007000,5002.287000,5044.821000,276.000000,268.000000,271.000000,335.000000,False,HARD,5.000000,True,Red Bull Racing,4945.603000,,1,14.000000,False,,False,True
2026,2,Chinese Grand Prix,R,5144.453000,HAD,6,hadjar,red_bull,99.689000,16.000000,3.000000,,,26.493000,30.629000,42.567000,5071.314000,5101.943000,5144.510000,275.000000,266.000000,276.000000,325.000000,False,HARD,6.000000,True,Red Bull Racing,5044.764000,,1,14.000000,False,,False,True
2026,2,Chinese Grand Prix,R,5243.405000,HAD,6,hadjar,red_bull,98.952000,17.000000,3.000000,,,26.030000,30.493000,42.429000,5170.540000,5201.033000,5243.462000,274.000000,265.000000,276.000000,328.000000,False,HARD,7.000000,True,Red Bull Racing,5144.453000,,12,14.000000,False,,False,True
2026,2,Chinese Grand Prix,R,5342.228000,HAD,6,hadjar,red_bull,98.823000,18.000000,3.000000,,,26.093000,30.299000,42.431000,5269.555000,5299.854000,5342.285000,276.000000,268.000000,276.000000,335.000000,False,HARD,8.000000,True,Red Bull Racing,5243.405000,,21,14.000000,False,,False,True
2026,2,Chinese Grand Prix,R,5440.985000,HAD,6,hadjar,red_bull,98.757000,19.000000,3.000000,,,26.126000,30.277000,42.354000,5368.411000,5398.688000,5441.042000,277.000000,268.000000,276.000000,333.000000,False,HARD,9.000000,True,Red Bull Racing,5342.228000,,1,14.000000,False,,False,True
2026,2,Chinese Grand Prix,R,5540.254000,HAD,6,hadjar,red_bull,99.269000,20.000000,3.000000,,,26.351000,30.424000,42.494000,5467.393000,5497.817000,5540.311000,265.000000,267.000000,278.000000,344.000000,False,HARD,10.000000,True,Red Bull Racing,5440.985000,,1,14.000000,False,,False,True
2026,2,Chinese Grand Prix,R,5639.387000,HAD,6,hadjar,red_bull,99.133000,21.000000,3.000000,,,26.629000,30.220000,42.284000,5566.940000,5597.160000,5639.444000,276.000000,267.000000,277.000000,339.000000,False,HARD,11.000000,True,Red Bull Racing,5540.254000,,1,14.000000,False,,False,True
2026,2,Chinese Grand Prix,R,5737.779000,HAD,6,hadjar,red_bull,98.392000,22.000000,3.000000,,,26.049000,30.045000,42.298000,5665.493000,5695.538000,5737.836000,266.000000,268.000000,276.000000,328.000000,False,HARD,12.000000,True,Red Bull Racing,5639.387000,,1,13.000000,False,,False,True
2026,2,Chinese Grand Prix,R,5836.216000,HAD,6,hadjar,red_bull,98.437000,23.000000,3.000000,,,26.086000,30.190000,42.161000,5763.922000,5794.112000,5836.273000,277.000000,268.000000,276.000000,338.000000,False,HARD,13.000000,True,Red Bull Racing,5737.779000,,1,13.000000,False,,False,True
2026,2,Chinese Grand Prix,R,5935.096000,HAD,6,hadjar,red_bull,98.880000,24.000000,3.000000,,,26.120000,30.186000,42.574000,5862.393000,5892.579000,5935.153000,270.000000,269.000000,275.000000,339.000000,False,HARD,14.000000,True,Red Bull Racing,5836.216000,,1,13.000000,False,,False,True
2026,2,Chinese Grand Prix,R,6033.713000,HAD,6,hadjar,red_bull,98.617000,25.000000,3.000000,,,26.148000,30.262000,42.207000,5961.301000,5991.563000,6033.770000,273.000000,267.000000,274.000000,334.000000,False,HARD,15.000000,True,Red Bull Racing,5935.096000,,1,12.000000,False,,False,True
2026,2,Chinese Grand Prix,R,6132.087000,HAD,6,hadjar,red_bull,98.374000,26.000000,3.000000,,,26.077000,30.008000,42.289000,6059.847000,6089.855000,6132.144000,265.000000,262.000000,275.000000,312.000000,False,HARD,16.000000,True,Red Bull Racing,6033.713000,,1,12.000000,False,,False,True
2026,2,Chinese Grand Prix,R,6230.380000,HAD,6,hadjar,red_bull,98.293000,27.000000,3.000000,,,26.017000,30.018000,42.258000,6158.161000,6188.179000,6230.437000,269.000000,265.000000,275.000000,316.000000,False,HARD,17.000000,True,Red Bull Racing,6132.087000,,12,12.000000,False,,False,True
2026,2,Chinese Grand Prix,R,6328.739000,HAD,6,hadjar,red_bull,98.359000,28.000000,3.000000,,,26.171000,29.952000,42.236000,6256.608000,6286.560000,6328.796000,271.000000,261.000000,277.000000,316.000000,False,HARD,18.000000,True,Red Bull Racing,6230.380000,,1,12.000000,False,,False,True
2026,2,Chinese Grand Prix,R,6426.821000,HAD,6,hadjar,red_bull,98.082000,29.000000,3.000000,,,25.909000,29.942000,42.231000,6354.705000,6384.647000,6426.878000,273.000000,263.000000,276.000000,322.000000,True,HARD,19.000000,True,Red Bull Racing,6328.739000,,1,11.000000,False,,False,True
2026,2,Chinese Grand Prix,R,6524.740000,HAD,6,hadjar,red_bull,97.919000,30.000000,3.000000,,,25.896000,29.857000,42.166000,6452.774000,6482.631000,6524.797000,271.000000,263.000000,277.000000,322.000000,True,HARD,20.000000,True,Red Bull Racing,6426.821000,,1,11.000000,False,,False,True
2026,2,Chinese Grand Prix,R,6622.608000,HAD,6,hadjar,red_bull,97.868000,31.000000,3.000000,,,25.822000,29.932000,42.114000,6550.619000,6580.551000,6622.665000,272.000000,266.000000,278.000000,321.000000,True,HARD,21.000000,True,Red Bull Racing,6524.740000,,1,11.000000,False,,False,True
2026,2,Chinese Grand Prix,R,6720.697000,HAD,6,hadjar,red_bull,98.089000,32.000000,3.000000,,,25.935000,29.982000,42.172000,6648.600000,6678.582000,6720.754000,272.000000,264.000000,278.000000,323.000000,False,HARD,22.000000,True,Red Bull Racing,6622.608000,,1,10.000000,False,,False,True
2026,2,Chinese Grand Prix,R,6818.518000,HAD,6,hadjar,red_bull,97.821000,33.000000,3.000000,,,25.888000,29.878000,42.055000,6746.642000,6776.520000,6818.575000,274.000000,262.000000,276.000000,326.000000,True,HARD,23.000000,True,Red Bull Racing,6720.697000,,12,10.000000,False,,False,True
2026,2,Chinese Grand Prix,R,6916.557000,HAD,6,hadjar,red_bull,98.039000,34.000000,3.000000,,,26.086000,29.809000,42.144000,6844.661000,6874.470000,6916.614000,272.000000,266.000000,276.000000,326.000000,False,HARD,24.000000,True,Red Bull Racing,6818.518000,,1,10.000000,False,,False,True
2026,2,Chinese Grand Prix,R,7014.495000,HAD,6,hadjar,red_bull,97.938000,35.000000,3.000000,,,25.979000,29.739000,42.220000,6942.593000,6972.332000,7014.552000,273.000000,269.000000,276.000000,320.000000,False,HARD,25.000000,True,Red Bull Racing,6916.557000,,1,9.000000,False,,False,True
2026,2,Chinese Grand Prix,R,7112.249000,HAD,6,hadjar,red_bull,97.754000,36.000000,3.000000,,,25.797000,29.839000,42.118000,7040.349000,7070.188000,7112.306000,275.000000,267.000000,277.000000,322.000000,True,HARD,26.000000,True,Red Bull Racing,7014.495000,,1,9.000000,False,,False,True
2026,2,Chinese Grand Prix,R,7210.091000,HAD,6,hadjar,red_bull,97.842000,37.000000,3.000000,,,25.927000,29.847000,42.068000,7138.233000,7168.080000,7210.148000,278.000000,266.000000,276.000000,331.000000,False,HARD,27.000000,True,Red Bull Racing,7112.249000,,1,9.000000,False,,False,True
2026,2,Chinese Grand Prix,R,7307.670000,HAD,6,hadjar,red_bull,97.579000,38.000000,3.000000,,,25.797000,29.802000,41.980000,7235.945000,7265.747000,7307.727000,278.000000,268.000000,278.000000,322.000000,True,HARD,28.000000,True,Red Bull Racing,7210.091000,,1,9.000000,False,,False,True
2026,2,Chinese Grand Prix,R,7405.323000,HAD,6,hadjar,red_bull,97.653000,39.000000,3.000000,,,25.952000,29.790000,41.911000,7333.679000,7363.469000,7405.380000,278.000000,268.000000,279.000000,323.000000,False,HARD,29.000000,True,Red Bull Racing,7307.670000,,1,9.000000,False,,False,True
2026,2,Chinese Grand Prix,R,7503.258000,HAD,6,hadjar,red_bull,97.935000,40.000000,3.000000,,,26.096000,29.716000,42.123000,7431.476000,7461.192000,7503.315000,274.000000,267.000000,277.000000,328.000000,False,HARD,30.000000,True,Red Bull Racing,7405.323000,,1,9.000000,False,,False,True
2026,2,Chinese Grand Prix,R,7601.181000,HAD,6,hadjar,red_bull,97.923000,41.000000,3.000000,,,25.778000,30.072000,42.073000,7529.093000,7559.165000,7601.238000,276.000000,268.000000,279.000000,316.000000,False,HARD,31.000000,True,Red Bull Racing,7503.258000,,1,9.000000,False,,False,True
2026,2,Chinese Grand Prix,R,7698.534000,HAD,6,hadjar,red_bull,97.353000,42.000000,3.000000,,,25.707000,29.704000,41.942000,7626.945000,7656.649000,7698.591000,280.000000,266.000000,279.000000,319.000000,True,HARD,32.000000,True,Red Bull Racing,7601.181000,,1,9.000000,False,,False,True
2026,2,Chinese Grand Prix,R,7796.181000,HAD,6,hadjar,red_bull,97.647000,43.000000,3.000000,,,25.835000,29.812000,42.000000,7724.426000,7754.238000,7796.238000,283.000000,266.000000,279.000000,318.000000,False,HARD,33.000000,True,Red Bull Racing,7698.534000,,1,9.000000,False,,False,True
2026,2,Chinese Grand Prix,R,7893.540000,HAD,6,hadjar,red_bull,97.359000,44.000000,3.000000,,,25.800000,29.701000,41.858000,7822.038000,7851.739000,7893.597000,276.000000,267.000000,281.000000,320.000000,False,HARD,34.000000,True,Red Bull Racing,7796.181000,,1,9.000000,False,,False,True
2026,2,Chinese Grand Prix,R,7991.156000,HAD,6,hadjar,red_bull,97.616000,45.000000,3.000000,,,25.790000,29.742000,42.084000,7919.387000,7949.129000,7991.213000,279.000000,267.000000,279.000000,320.000000,False,HARD,35.000000,True,Red Bull Racing,7893.540000,,1,8.000000,False,,False,True
2026,2,Chinese Grand Prix,R,8088.467000,HAD,6,hadjar,red_bull,97.311000,46.000000,3.000000,,,25.711000,29.636000,41.964000,8016.924000,8046.560000,8088.524000,276.000000,291.000000,272.000000,320.000000,True,HARD,36.000000,True,Red Bull Racing,7991.156000,,1,8.000000,False,,False,True
2026,2,Chinese Grand Prix,R,8186.672000,HAD,6,hadjar,red_bull,98.205000,47.000000,3.000000,,,25.938000,30.263000,42.004000,8114.462000,8144.725000,8186.729000,276.000000,269.000000,275.000000,326.000000,False,HARD,37.000000,True,Red Bull Racing,8088.467000,,1,8.000000,False,,False,True
2026,2,Chinese Grand Prix,R,8284.678000,HAD,6,hadjar,red_bull,98.006000,48.000000,3.000000,,,26.038000,29.769000,42.199000,8212.767000,8242.536000,8284.735000,274.000000,266.000000,278.000000,316.000000,False,HARD,38.000000,True,Red Bull Racing,8186.672000,,1,8.000000,False,,False,True
2026,2,Chinese Grand Prix,R,8382.508000,HAD,6,hadjar,red_bull,97.830000,49.000000,3.000000,,,25.964000,29.805000,42.061000,8310.699000,8340.504000,8382.565000,274.000000,264.000000,278.000000,315.000000,False,HARD,39.000000,True,Red Bull Racing,8284.678000,,1,8.000000,False,,False,True
2026,2,Chinese Grand Prix,R,8480.197000,HAD,6,hadjar,red_bull,97.689000,50.000000,3.000000,,,25.851000,29.612000,42.226000,8408.416000,8438.028000,8480.254000,276.000000,266.000000,278.000000,315.000000,False,HARD,40.000000,True,Red Bull Racing,8382.508000,,1,8.000000,False,,False,True
2026,2,Chinese Grand Prix,R,8578.200000,HAD,6,hadjar,red_bull,98.003000,51.000000,3.000000,,,26.056000,29.885000,42.062000,8506.310000,8536.195000,8578.257000,275.000000,265.000000,279.000000,314.000000,False,HARD,41.000000,True,Red Bull Racing,8480.197000,,1,8.000000,False,,False,True
2026,2,Chinese Grand Prix,R,8676.005000,HAD,6,hadjar,red_bull,97.805000,52.000000,3.000000,,,25.920000,29.761000,42.124000,8604.177000,8633.938000,8676.062000,274.000000,267.000000,278.000000,319.000000,False,HARD,42.000000,True,Red Bull Racing,8578.200000,,1,8.000000,False,,False,True
2026,2,Chinese Grand Prix,R,8773.942000,HAD,6,hadjar,red_bull,97.937000,53.000000,3.000000,,,25.918000,29.894000,42.125000,8701.980000,8731.874000,8773.999000,273.000000,267.000000,279.000000,320.000000,False,HARD,43.000000,True,Red Bull Racing,8676.005000,,12,8.000000,False,,False,True
2026,2,Chinese Grand Prix,R,8871.867000,HAD,6,hadjar,red_bull,97.925000,54.000000,3.000000,,,25.849000,29.807000,42.269000,8799.848000,8829.655000,8871.924000,275.000000,265.000000,276.000000,323.000000,False,HARD,44.000000,True,Red Bull Racing,8773.942000,,1,8.000000,False,,False,True
2026,2,Chinese Grand Prix,R,8969.665000,HAD,6,hadjar,red_bull,97.798000,55.000000,3.000000,,,25.992000,29.655000,42.151000,8897.916000,8927.571000,8969.722000,274.000000,264.000000,278.000000,322.000000,False,HARD,45.000000,True,Red Bull Racing,8871.867000,,1,8.000000,False,,False,True
2026,2,Chinese Grand Prix,R,9067.209000,HAD,6,hadjar,red_bull,97.544000,56.000000,3.000000,,,25.764000,29.704000,42.076000,8995.486000,9025.190000,9067.266000,273.000000,266.000000,278.000000,320.000000,False,HARD,46.000000,True,Red Bull Racing,8969.665000,,1,8.000000,False,,False,True
2026,2,Chinese Grand Prix,R,3486.127000,RUS,63,russell,mercedes,101.815000,1.000000,1.000000,,,,30.136000,42.534000,,3443.761000,3486.322000,294.000000,267.000000,267.000000,320.000000,False,MEDIUM,1.000000,True,Mercedes,3384.050000,,12,4.000000,False,,False,False
2026,2,Chinese Grand Prix,R,3584.202000,RUS,63,russell,mercedes,98.075000,2.000000,1.000000,,,26.022000,29.719000,42.334000,3512.180000,3541.899000,3584.233000,276.000000,264.000000,276.000000,318.000000,True,MEDIUM,2.000000,True,Mercedes,3486.127000,,1,4.000000,False,,False,True
2026,2,Chinese Grand Prix,R,3682.327000,RUS,63,russell,mercedes,98.125000,3.000000,1.000000,,,25.645000,29.980000,42.500000,3609.878000,3639.858000,3682.358000,275.000000,261.000000,277.000000,310.000000,False,MEDIUM,3.000000,True,Mercedes,3584.202000,,1,3.000000,False,,False,True
2026,2,Chinese Grand Prix,R,3779.420000,RUS,63,russell,mercedes,97.093000,4.000000,1.000000,,,25.403000,29.242000,42.448000,3707.761000,3737.003000,3779.451000,272.000000,262.000000,275.000000,311.000000,True,MEDIUM,4.000000,True,Mercedes,3682.327000,,1,2.000000,False,,False,True
2026,2,Chinese Grand Prix,R,3876.882000,RUS,63,russell,mercedes,97.462000,5.000000,1.000000,,,25.552000,29.402000,42.508000,3805.003000,3834.405000,3876.913000,268.000000,259.000000,258.000000,311.000000,False,MEDIUM,5.000000,True,Mercedes,3779.420000,,1,2.000000,False,,False,True
2026,2,Chinese Grand Prix,R,3974.257000,RUS,63,russell,mercedes,97.375000,6.000000,1.000000,,,25.979000,29.391000,42.005000,3902.892000,3932.283000,3974.288000,273.000000,261.000000,269.000000,318.000000,False,MEDIUM,6.000000,True,Mercedes,3876.882000,,1,2.000000,False,,False,True
2026,2,Chinese Grand Prix,R,4071.640000,RUS,63,russell,mercedes,97.383000,7.000000,1.000000,,,25.975000,29.362000,42.046000,4000.263000,4029.625000,4071.671000,271.000000,258.000000,271.000000,313.000000,False,MEDIUM,7.000000,True,Mercedes,3974.257000,,1,2.000000,False,,False,True
2026,2,Chinese Grand Prix,R,4168.906000,RUS,63,russell,mercedes,97.266000,8.000000,1.000000,,,25.949000,29.355000,41.962000,4097.620000,4126.975000,4168.937000,271.000000,257.000000,269.000000,316.000000,False,MEDIUM,8.000000,True,Mercedes,4071.640000,,1,2.000000,False,,False,True
2026,2,Chinese Grand Prix,R,4266.167000,RUS,63,russell,mercedes,97.261000,9.000000,1.000000,,,25.861000,29.513000,41.887000,4194.798000,4224.311000,4266.198000,272.000000,258.000000,264.000000,331.000000,False,MEDIUM,9.000000,True,Mercedes,4168.906000,,1,2.000000,False,,False,True
2026,2,Chinese Grand Prix,R,4378.946000,RUS,63,russell,mercedes,112.779000,10.000000,1.000000,,4377.297000,25.923000,29.617000,57.239000,4292.121000,4321.738000,4378.977000,271.000000,256.000000,,317.000000,False,MEDIUM,10.000000,True,Mercedes,4266.167000,,124,2.000000,False,,False,False
2026,2,Chinese Grand Prix,R,4541.722000,RUS,63,russell,mercedes,,11.000000,2.000000,4400.674000,,55.148000,43.483000,64.092000,4434.302000,4477.768000,4541.915000,135.000000,197.000000,224.000000,232.000000,False,HARD,1.000000,True,Mercedes,4378.946000,,4,4.000000,False,,False,False
2026,2,Chinese Grand Prix,R,4691.389000,RUS,63,russell,mercedes,149.667000,12.000000,2.000000,,,43.860000,42.726000,63.081000,4585.613000,4628.339000,4691.420000,118.000000,206.000000,220.000000,216.000000,False,HARD,2.000000,True,Mercedes,4541.722000,,4,4.000000,False,,False,False
2026,2,Chinese Grand Prix,R,4840.669000,RUS,63,russell,mercedes,149.280000,13.000000,2.000000,,,37.664000,43.955000,67.661000,4729.084000,4773.039000,4840.700000,146.000000,130.000000,268.000000,164.000000,False,HARD,3.000000,True,Mercedes,4691.389000,,41,4.000000,False,,False,False
2026,2,Chinese Grand Prix,R,4941.257000,RUS,63,russell,mercedes,100.588000,14.000000,2.000000,,,26.305000,31.086000,43.197000,4867.005000,4898.091000,4941.288000,304.000000,260.000000,253.000000,321.000000,False,HARD,4.000000,True,Mercedes,4840.669000,,1,5.000000,False,,False,True
2026,2,Chinese Grand Prix,R,5040.167000,RUS,63,russell,mercedes,98.910000,15.000000,2.000000,,,25.968000,30.345000,42.597000,4967.256000,4997.601000,5040.198000,305.000000,260.000000,272.000000,335.000000,False,HARD,5.000000,True,Mercedes,4941.257000,,1,6.000000,False,,False,True
2026,2,Chinese Grand Prix,R,5137.699000,RUS,63,russell,mercedes,97.532000,16.000000,2.000000,,,25.573000,29.819000,42.140000,5065.771000,5095.590000,5137.730000,305.000000,260.000000,262.000000,328.000000,False,HARD,6.000000,True,Mercedes,5040.167000,,1,4.000000,False,,False,True
2026,2,Chinese Grand Prix,R,5234.119000,RUS,63,russell,mercedes,96.420000,17.000000,2.000000,,,25.657000,29.134000,41.629000,5163.387000,5192.521000,5234.150000,278.000000,263.000000,273.000000,320.000000,True,HARD,7.000000,True,Mercedes,5137.699000,,1,4.000000,False,,False,True
2026,2,Chinese Grand Prix,R,5330.432000,RUS,63,russell,mercedes,96.313000,18.000000,2.000000,,,25.492000,29.180000,41.641000,5259.642000,5288.822000,5330.463000,274.000000,261.000000,273.000000,322.000000,True,HARD,8.000000,True,Mercedes,5234.119000,,12,4.000000,False,,False,True
2026,2,Chinese Grand Prix,R,5427.100000,RUS,63,russell,mercedes,96.668000,19.000000,2.000000,,,25.565000,29.149000,41.954000,5356.028000,5385.177000,5427.131000,278.000000,268.000000,278.000000,315.000000,False,HARD,9.000000,True,Mercedes,5330.432000,,1,4.000000,False,,False,True
2026,2,Chinese Grand Prix,R,5523.717000,RUS,63,russell,mercedes,96.617000,20.000000,2.000000,,,25.365000,29.318000,41.934000,5452.496000,5481.814000,5523.748000,282.000000,269.000000,280.000000,323.000000,False,HARD,10.000000,True,Mercedes,5427.100000,,1,4.000000,False,,False,True
2026,2,Chinese Grand Prix,R,5620.380000,RUS,63,russell,mercedes,96.663000,21.000000,2.000000,,,25.152000,29.631000,41.880000,5548.900000,5578.531000,5620.411000,307.000000,262.000000,267.000000,333.000000,False,HARD,11.000000,True,Mercedes,5523.717000,,1,4.000000,False,,False,True
2026,2,Chinese Grand Prix,R,5717.274000,RUS,63,russell,mercedes,96.894000,22.000000,2.000000,,,25.733000,29.398000,41.763000,5646.144000,5675.542000,5717.305000,278.000000,264.000000,271.000000,332.000000,False,HARD,12.000000,True,Mercedes,5620.380000,,1,4.000000,False,,False,True
2026,2,Chinese Grand Prix,R,5813.835000,RUS,63,russell,mercedes,96.561000,23.000000,2.000000,,,25.608000,29.286000,41.667000,5742.913000,5772.199000,5813.866000,280.000000,268.000000,274.000000,333.000000,False,HARD,13.000000,True,Mercedes,5717.274000,,1,4.000000,False,,False,True
2026,2,Chinese Grand Prix,R,5911.280000,RUS,63,russell,mercedes,97.445000,24.000000,2.000000,,,25.578000,29.504000,42.363000,5839.444000,5868.948000,5911.311000,282.000000,264.000000,272.000000,345.000000,False,HARD,14.000000,True,Mercedes,5813.835000,,1,4.000000,False,,False,True
2026,2,Chinese Grand Prix,R,6009.343000,RUS,63,russell,mercedes,98.063000,25.000000,2.000000,,,25.825000,30.062000,42.176000,5937.136000,5967.198000,6009.374000,278.000000,262.000000,279.000000,316.000000,False,HARD,15.000000,True,Mercedes,5911.280000,,1,4.000000,False,,False,True
2026,2,Chinese Grand Prix,R,6106.530000,RUS,63,russell,mercedes,97.187000,26.000000,2.000000,,,25.598000,29.588000,42.001000,6034.972000,6064.560000,6106.561000,283.000000,265.000000,276.000000,323.000000,False,HARD,16.000000,True,Mercedes,6009.343000,,1,4.000000,False,,False,True
2026,2,Chinese Grand Prix,R,6204.301000,RUS,63,russell,mercedes,97.771000,27.000000,2.000000,,,25.857000,29.554000,42.360000,6132.418000,6161.972000,6204.332000,284.000000,283.000000,269.000000,327.000000,False,HARD,17.000000,True,Mercedes,6106.530000,,1,3.000000,False,,False,True
2026,2,Chinese Grand Prix,R,6301.272000,RUS,63,russell,mercedes,96.971000,28.000000,2.000000,,,25.686000,29.334000,41.951000,6230.018000,6259.352000,6301.303000,279.000000,264.000000,274.000000,329.000000,False,HARD,18.000000,True,Mercedes,6204.301000,,12,3.000000,False,,False,True
2026,2,Chinese Grand Prix,R,6397.430000,RUS,63,russell,mercedes,96.158000,29.000000,2.000000,,,25.614000,29.227000,41.317000,6326.917000,6356.144000,6397.461000,276.000000,262.000000,272.000000,326.000000,True,HARD,19.000000,True,Mercedes,6301.272000,,1,2.000000,False,,False,True
2026,2,Chinese Grand Prix,R,6493.868000,RUS,63,russell,mercedes,96.438000,30.000000,2.000000,,,25.670000,29.158000,41.610000,6423.131000,6452.289000,6493.899000,271.000000,258.000000,274.000000,309.000000,False,HARD,20.000000,True,Mercedes,6397.430000,,1,2.000000,False,,False,True
2026,2,Chinese Grand Prix,R,6590.075000,RUS,63,russell,mercedes,96.207000,31.000000,2.000000,,,25.564000,29.099000,41.544000,6519.463000,6548.562000,6590.106000,270.000000,258.000000,273.000000,311.000000,False,HARD,21.000000,True,Mercedes,6493.868000,,1,2.000000,False,,False,True
2026,2,Chinese Grand Prix,R,6686.052000,RUS,63,russell,mercedes,95.977000,32.000000,2.000000,,,25.491000,29.035000,41.451000,6615.597000,6644.632000,6686.083000,272.000000,258.000000,275.000000,314.000000,True,HARD,22.000000,True,Mercedes,6590.075000,,1,2.000000,False,,False,True
2026,2,Chinese Grand Prix,R,6782.159000,RUS,63,russell,mercedes,96.107000,33.000000,2.000000,,,25.480000,29.175000,41.452000,6711.563000,6740.738000,6782.190000,271.000000,258.000000,273.000000,313.000000,False,HARD,23.000000,True,Mercedes,6686.052000,,12,2.000000,False,,False,True
2026,2,Chinese Grand Prix,R,6878.011000,RUS,63,russell,mercedes,95.852000,34.000000,2.000000,,,25.489000,28.955000,41.408000,6807.679000,6836.634000,6878.042000,273.000000,259.000000,274.000000,313.000000,True,HARD,24.000000,True,Mercedes,6782.159000,,1,2.000000,False,,False,True
2026,2,Chinese Grand Prix,R,6974.173000,RUS,63,russell,mercedes,96.162000,35.000000,2.000000,,,25.461000,29.197000,41.504000,6903.503000,6932.700000,6974.204000,273.000000,258.000000,273.000000,309.000000,False,HARD,25.000000,True,Mercedes,6878.011000,,1,2.000000,False,,False,True
2026,2,Chinese Grand Prix,R,7070.087000,RUS,63,russell,mercedes,95.914000,36.000000,2.000000,,,25.435000,28.945000,41.534000,6999.639000,7028.584000,7070.118000,273.000000,261.000000,274.000000,311.000000,False,HARD,26.000000,True,Mercedes,6974.173000,,1,2.000000,False,,False,True
2026,2,Chinese Grand Prix,R,7165.618000,RUS,63,russell,mercedes,95.531000,37.000000,2.000000,,,25.377000,28.827000,41.327000,7095.495000,7124.322000,7165.649000,273.000000,261.000000,275.000000,313.000000,True,HARD,27.000000,True,Mercedes,7070.087000,,1,2.000000,False,,False,True
2026,2,Chinese Grand Prix,R,7261.147000,RUS,63,russell,mercedes,95.529000,38.000000,2.000000,,,25.305000,28.918000,41.306000,7190.954000,7219.872000,7261.178000,273.000000,260.000000,276.000000,312.000000,True,HARD,28.000000,True,Mercedes,7165.618000,,1,2.000000,False,,False,True
2026,2,Chinese Grand Prix,R,7356.644000,RUS,63,russell,mercedes,95.497000,39.000000,2.000000,,,25.323000,28.804000,41.370000,7286.501000,7315.305000,7356.675000,274.000000,261.000000,275.000000,313.000000,True,HARD,29.000000,True,Mercedes,7261.147000,,1,2.000000,False,,False,True
2026,2,Chinese Grand Prix,R,7452.280000,RUS,63,russell,mercedes,95.636000,40.000000,2.000000,,,25.393000,28.845000,41.398000,7382.068000,7410.913000,7452.311000,273.000000,261.000000,274.000000,313.000000,False,HARD,30.000000,True,Mercedes,7356.644000,,1,2.000000,False,,False,True
2026,2,Chinese Grand Prix,R,7547.921000,RUS,63,russell,mercedes,95.641000,41.000000,2.000000,,,25.306000,28.877000,41.458000,7477.617000,7506.494000,7547.952000,277.000000,261.000000,278.000000,321.000000,False,HARD,31.000000,True,Mercedes,7452.280000,,1,2.000000,False,,False,True
2026,2,Chinese Grand Prix,R,7644.582000,RUS,63,russell,mercedes,96.661000,42.000000,2.000000,,,25.516000,29.312000,41.833000,7573.468000,7602.780000,7644.613000,281.000000,263.000000,274.000000,314.000000,False,HARD,32.000000,True,Mercedes,7547.921000,,1,2.000000,False,,False,True
2026,2,Chinese Grand Prix,R,7740.226000,RUS,63,russell,mercedes,95.644000,43.000000,2.000000,,,25.363000,28.902000,41.379000,7669.976000,7698.878000,7740.257000,277.000000,260.000000,275.000000,308.000000,False,HARD,33.000000,True,Mercedes,7644.582000,,1,2.000000,False,,False,True
2026,2,Chinese Grand Prix,R,7835.768000,RUS,63,russell,mercedes,95.542000,44.000000,2.000000,,,25.356000,28.807000,41.379000,7765.613000,7794.420000,7835.799000,276.000000,261.000000,278.000000,313.000000,False,HARD,34.000000,True,Mercedes,7740.226000,,1,2.000000,False,,False,True
2026,2,Chinese Grand Prix,R,7931.445000,RUS,63,russell,mercedes,95.677000,45.000000,2.000000,,,25.224000,29.021000,41.432000,7861.023000,7890.044000,7931.476000,276.000000,262.000000,277.000000,325.000000,False,HARD,35.000000,True,Mercedes,7835.768000,,1,2.000000,False,,False,True
2026,2,Chinese Grand Prix,R,8027.852000,RUS,63,russell,mercedes,96.407000,46.000000,2.000000,,,25.299000,29.171000,41.937000,7956.775000,7985.946000,8027.883000,278.000000,264.000000,273.000000,310.000000,False,HARD,36.000000,True,Mercedes,7931.445000,,1,2.000000,False,,False,True
2026,2,Chinese Grand Prix,R,8123.520000,RUS,63,russell,mercedes,95.668000,47.000000,2.000000,,,25.292000,28.779000,41.597000,8053.175000,8081.954000,8123.551000,275.000000,260.000000,275.000000,313.000000,False,HARD,37.000000,True,Mercedes,8027.852000,,1,2.000000,False,,False,True
2026,2,Chinese Grand Prix,R,8219.615000,RUS,63,russell,mercedes,96.095000,48.000000,2.000000,,,25.377000,28.846000,41.872000,8148.928000,8177.774000,8219.646000,275.000000,263.000000,275.000000,315.000000,False,HARD,38.000000,True,Mercedes,8123.520000,,1,2.000000,False,,False,True
2026,2,Chinese Grand Prix,R,8315.485000,RUS,63,russell,mercedes,95.870000,49.000000,2.000000,,,25.325000,28.697000,41.848000,8244.971000,8273.668000,8315.516000,275.000000,258.000000,275.000000,308.000000,False,HARD,39.000000,True,Mercedes,8219.615000,,1,2.000000,False,,False,True
2026,2,Chinese Grand Prix,R,8411.166000,RUS,63,russell,mercedes,95.681000,50.000000,2.000000,,,25.319000,28.738000,41.624000,8340.835000,8369.573000,8411.197000,275.000000,259.000000,276.000000,309.000000,False,HARD,40.000000,True,Mercedes,8315.485000,,1,2.000000,False,,False,True
2026,2,Chinese Grand Prix,R,8506.697000,RUS,63,russell,mercedes,95.531000,51.000000,2.000000,,,25.125000,28.642000,41.764000,8436.322000,8464.964000,8506.728000,276.000000,259.000000,275.000000,309.000000,False,HARD,41.000000,True,Mercedes,8411.166000,,1,2.000000,False,,False,True
2026,2,Chinese Grand Prix,R,8602.244000,RUS,63,russell,mercedes,95.547000,52.000000,2.000000,,,25.306000,28.715000,41.526000,8532.034000,8560.749000,8602.275000,276.000000,260.000000,275.000000,312.000000,False,HARD,42.000000,True,Mercedes,8506.697000,,1,2.000000,False,,False,True
2026,2,Chinese Grand Prix,R,8697.935000,RUS,63,russell,mercedes,95.691000,53.000000,2.000000,,,25.316000,28.765000,41.610000,8627.591000,8656.356000,8697.966000,275.000000,261.000000,277.000000,315.000000,False,HARD,43.000000,True,Mercedes,8602.244000,,12,2.000000,False,,False,True
2026,2,Chinese Grand Prix,R,8794.392000,RUS,63,russell,mercedes,96.457000,54.000000,2.000000,,,25.418000,29.072000,41.967000,8723.384000,8752.456000,8794.423000,277.000000,263.000000,277.000000,323.000000,False,HARD,44.000000,True,Mercedes,8697.935000,,1,2.000000,False,,False,True
2026,2,Chinese Grand Prix,R,8890.087000,RUS,63,russell,mercedes,95.695000,55.000000,2.000000,,,25.261000,28.708000,41.726000,8819.684000,8848.392000,8890.118000,274.000000,260.000000,275.000000,309.000000,False,HARD,45.000000,True,Mercedes,8794.392000,,1,2.000000,False,,False,True
2026,2,Chinese Grand Prix,R,8985.487000,RUS,63,russell,mercedes,95.400000,56.000000,2.000000,,,25.226000,28.710000,41.464000,8915.344000,8944.054000,8985.518000,274.000000,259.000000,258.000000,323.000000,True,HARD,46.000000,True,Mercedes,8890.087000,,1,2.000000,False,,False,True
2026,2,Chinese Grand Prix,R,3492.647000,BOT,77,bottas,cadillac,108.335000,1.000000,1.000000,,,,32.177000,43.908000,,3448.917000,3492.787000,274.000000,258.000000,271.000000,335.000000,False,MEDIUM,1.000000,True,Cadillac,3384.050000,,12,14.000000,False,,False,False
2026,2,Chinese Grand Prix,R,3594.248000,BOT,77,bottas,cadillac,101.601000,2.000000,1.000000,,,26.947000,31.365000,43.289000,3519.673000,3551.038000,3594.327000,278.000000,262.000000,273.000000,328.000000,True,MEDIUM,2.000000,True,Cadillac,3492.647000,,1,14.000000,False,,False,True
2026,2,Chinese Grand Prix,R,3696.077000,BOT,77,bottas,cadillac,101.829000,3.000000,1.000000,,,26.659000,31.934000,43.236000,3620.986000,3652.920000,3696.156000,273.000000,249.000000,272.000000,327.000000,False,MEDIUM,3.000000,True,Cadillac,3594.248000,,1,15.000000,False,,False,True
2026,2,Chinese Grand Prix,R,3796.981000,BOT,77,bottas,cadillac,100.904000,4.000000,1.000000,,,26.761000,30.962000,43.181000,3722.917000,3753.879000,3797.060000,271.000000,255.000000,251.000000,322.000000,True,MEDIUM,4.000000,True,Cadillac,3696.077000,,1,15.000000,False,,False,True
2026,2,Chinese Grand Prix,R,3898.377000,BOT,77,bottas,cadillac,101.396000,5.000000,1.000000,,,27.059000,31.039000,43.298000,3824.119000,3855.158000,3898.456000,264.000000,258.000000,270.000000,320.000000,False,MEDIUM,5.000000,True,Cadillac,3796.981000,,1,15.000000,False,,False,True
2026,2,Chinese Grand Prix,R,3998.655000,BOT,77,bottas,cadillac,100.278000,6.000000,1.000000,,,26.391000,30.952000,42.935000,3924.847000,3955.799000,3998.734000,271.000000,258.000000,267.000000,330.000000,True,MEDIUM,6.000000,True,Cadillac,3898.377000,,1,14.000000,False,,False,True
2026,2,Chinese Grand Prix,R,4099.530000,BOT,77,bottas,cadillac,100.875000,7.000000,1.000000,,,26.604000,30.985000,43.286000,4025.338000,4056.323000,4099.609000,263.000000,253.000000,266.000000,315.000000,False,MEDIUM,7.000000,True,Cadillac,3998.655000,,1,14.000000,False,,False,True
2026,2,Chinese Grand Prix,R,4200.788000,BOT,77,bottas,cadillac,101.258000,8.000000,1.000000,,,26.882000,31.015000,43.361000,4126.491000,4157.506000,4200.867000,262.000000,254.000000,267.000000,313.000000,False,MEDIUM,8.000000,True,Cadillac,4099.530000,,1,14.000000,False,,False,True
2026,2,Chinese Grand Prix,R,4302.137000,BOT,77,bottas,cadillac,101.349000,9.000000,1.000000,,,26.941000,30.990000,43.418000,4227.808000,4258.798000,4302.216000,262.000000,251.000000,268.000000,310.000000,False,MEDIUM,9.000000,True,Cadillac,4200.788000,,1,14.000000,False,,False,True
2026,2,Chinese Grand Prix,R,4427.268000,BOT,77,bottas,cadillac,125.131000,10.000000,1.000000,,4425.503000,26.878000,35.613000,62.640000,4329.094000,4364.707000,4427.347000,267.000000,203.000000,,252.000000,False,MEDIUM,10.000000,True,Cadillac,4302.137000,,124,12.000000,False,,False,False
2026,2,Chinese Grand Prix,R,4584.050000,BOT,77,bottas,cadillac,,11.000000,2.000000,4453.350000,,58.486000,40.930000,57.367000,4485.920000,4526.914000,4584.300000,190.000000,227.000000,225.000000,220.000000,False,HARD,1.000000,True,Cadillac,4427.268000,,4,16.000000,False,,False,False
2026,2,Chinese Grand Prix,R,4705.498000,BOT,77,bottas,cadillac,121.448000,12.000000,2.000000,,,33.862000,33.038000,54.548000,4617.991000,4651.029000,4705.577000,267.000000,234.000000,220.000000,180.000000,False,HARD,2.000000,True,Cadillac,4584.050000,,4,15.000000,False,,False,False
2026,2,Chinese Grand Prix,R,4845.317000,BOT,77,bottas,cadillac,139.819000,13.000000,2.000000,,,35.481000,45.177000,59.161000,4741.058000,4786.235000,4845.396000,230.000000,179.000000,271.000000,181.000000,False,HARD,3.000000,True,Cadillac,4705.498000,,41,15.000000,False,,False,False
2026,2,Chinese Grand Prix,R,4946.611000,BOT,77,bottas,cadillac,101.294000,14.000000,2.000000,,,26.737000,31.460000,43.097000,4872.133000,4903.593000,4946.690000,278.000000,274.000000,273.000000,332.000000,False,HARD,4.000000,True,Cadillac,4845.317000,,1,15.000000,False,,False,True
2026,2,Chinese Grand Prix,R,5046.617000,BOT,77,bottas,cadillac,100.006000,15.000000,2.000000,,,26.165000,30.675000,43.166000,4972.855000,5003.530000,5046.696000,285.000000,260.000000,271.000000,320.000000,True,HARD,5.000000,True,Cadillac,4946.611000,,1,15.000000,False,,False,True
2026,2,Chinese Grand Prix,R,5146.356000,BOT,77,bottas,cadillac,99.739000,16.000000,2.000000,,,26.191000,30.624000,42.924000,5072.887000,5103.511000,5146.435000,281.000000,258.000000,270.000000,317.000000,True,HARD,6.000000,True,Cadillac,5046.617000,,1,15.000000,False,,False,True
2026,2,Chinese Grand Prix,R,5246.586000,BOT,77,bottas,cadillac,100.230000,17.000000,2.000000,,,26.489000,30.745000,42.996000,5172.924000,5203.669000,5246.665000,280.000000,257.000000,268.000000,313.000000,False,HARD,7.000000,True,Cadillac,5146.356000,,12,15.000000,False,,False,True
2026,2,Chinese Grand Prix,R,5346.685000,BOT,77,bottas,cadillac,100.099000,18.000000,2.000000,,,26.368000,30.689000,43.042000,5273.033000,5303.722000,5346.764000,277.000000,258.000000,268.000000,316.000000,False,HARD,8.000000,True,Cadillac,5246.586000,,21,15.000000,False,,False,True
2026,2,Chinese Grand Prix,R,5446.849000,BOT,77,bottas,cadillac,100.164000,19.000000,2.000000,,,26.517000,30.671000,42.976000,5373.281000,5403.952000,5446.928000,276.000000,255.000000,267.000000,313.000000,False,HARD,9.000000,True,Cadillac,5346.685000,,1,15.000000,False,,False,True
2026,2,Chinese Grand Prix,R,5546.825000,BOT,77,bottas,cadillac,99.976000,20.000000,2.000000,,,26.364000,30.626000,42.986000,5473.292000,5503.918000,5546.904000,275.000000,257.000000,268.000000,310.000000,False,HARD,10.000000,True,Cadillac,5446.849000,,1,15.000000,False,,False,True
2026,2,Chinese Grand Prix,R,5646.870000,BOT,77,bottas,cadillac,100.045000,21.000000,2.000000,,,26.449000,30.593000,43.003000,5573.353000,5603.946000,5646.949000,276.000000,256.000000,269.000000,309.000000,False,HARD,11.000000,True,Cadillac,5546.825000,,1,15.000000,False,,False,True
2026,2,Chinese Grand Prix,R,5746.683000,BOT,77,bottas,cadillac,99.813000,22.000000,2.000000,,,26.212000,30.653000,42.948000,5673.161000,5703.814000,5746.762000,276.000000,256.000000,270.000000,307.000000,False,HARD,12.000000,True,Cadillac,5646.870000,,1,15.000000,False,,False,True
2026,2,Chinese Grand Prix,R,5846.650000,BOT,77,bottas,cadillac,99.967000,23.000000,2.000000,,,26.487000,30.566000,42.914000,5773.249000,5803.815000,5846.729000,271.000000,258.000000,271.000000,305.000000,False,HARD,13.000000,True,Cadillac,5746.683000,,1,15.000000,False,,False,True
2026,2,Chinese Grand Prix,R,5946.496000,BOT,77,bottas,cadillac,99.846000,24.000000,2.000000,,,26.425000,30.561000,42.860000,5873.154000,5903.715000,5946.575000,272.000000,256.000000,271.000000,307.000000,False,HARD,14.000000,True,Cadillac,5846.650000,,1,15.000000,False,,False,True
2026,2,Chinese Grand Prix,R,6046.309000,BOT,77,bottas,cadillac,99.813000,25.000000,2.000000,,,26.200000,30.699000,42.914000,5972.775000,6003.474000,6046.388000,274.000000,258.000000,270.000000,306.000000,False,HARD,15.000000,True,Cadillac,5946.496000,,1,15.000000,False,,False,True
2026,2,Chinese Grand Prix,R,6146.053000,BOT,77,bottas,cadillac,99.744000,26.000000,2.000000,,,26.309000,30.445000,42.990000,6072.697000,6103.142000,6146.132000,275.000000,258.000000,270.000000,306.000000,False,HARD,16.000000,True,Cadillac,6046.309000,,1,15.000000,False,,False,True
2026,2,Chinese Grand Prix,R,6246.858000,BOT,77,bottas,cadillac,100.805000,27.000000,2.000000,,,26.104000,30.394000,44.307000,6172.236000,6202.630000,6246.937000,278.000000,258.000000,268.000000,301.000000,False,HARD,17.000000,True,Cadillac,6146.053000,,12,15.000000,False,,False,True
2026,2,Chinese Grand Prix,R,6346.494000,BOT,77,bottas,cadillac,99.636000,28.000000,2.000000,,,26.274000,30.448000,42.914000,6273.211000,6303.659000,6346.573000,277.000000,259.000000,271.000000,311.000000,True,HARD,18.000000,True,Cadillac,6246.858000,,1,15.000000,False,,False,True
2026,2,Chinese Grand Prix,R,6446.060000,BOT,77,bottas,cadillac,99.566000,29.000000,2.000000,,,26.098000,30.501000,42.967000,6372.671000,6403.172000,6446.139000,278.000000,257.000000,271.000000,311.000000,True,HARD,19.000000,True,Cadillac,6346.494000,,1,15.000000,False,,False,True
2026,2,Chinese Grand Prix,R,6545.752000,BOT,77,bottas,cadillac,99.692000,30.000000,2.000000,,,26.301000,30.429000,42.962000,6472.440000,6502.869000,6545.831000,277.000000,258.000000,273.000000,306.000000,False,HARD,20.000000,True,Cadillac,6446.060000,,1,14.000000,False,,False,True
2026,2,Chinese Grand Prix,R,6645.520000,BOT,77,bottas,cadillac,99.768000,31.000000,2.000000,,,26.106000,30.870000,42.792000,6571.937000,6602.807000,6645.599000,278.000000,260.000000,275.000000,312.000000,False,HARD,21.000000,True,Cadillac,6545.752000,,1,15.000000,False,,False,True
2026,2,Chinese Grand Prix,R,6745.062000,BOT,77,bottas,cadillac,99.542000,32.000000,2.000000,,,26.151000,30.446000,42.945000,6671.750000,6702.196000,6745.141000,280.000000,258.000000,273.000000,307.000000,True,HARD,22.000000,True,Cadillac,6645.520000,,1,15.000000,False,,False,True
2026,2,Chinese Grand Prix,R,6846.208000,BOT,77,bottas,cadillac,101.146000,33.000000,2.000000,,,26.832000,30.937000,43.377000,6771.973000,6802.910000,6846.287000,282.000000,261.000000,270.000000,310.000000,False,HARD,23.000000,True,Cadillac,6745.062000,,12,14.000000,False,,False,True
2026,2,Chinese Grand Prix,R,6945.903000,BOT,77,bottas,cadillac,99.695000,34.000000,2.000000,,,26.516000,30.445000,42.734000,6872.803000,6903.248000,6945.982000,274.000000,262.000000,270.000000,307.000000,False,HARD,24.000000,True,Cadillac,6846.208000,,1,14.000000,False,,False,True
2026,2,Chinese Grand Prix,R,7045.442000,BOT,77,bottas,cadillac,99.539000,35.000000,2.000000,,,26.304000,30.277000,42.958000,6972.286000,7002.563000,7045.521000,279.000000,260.000000,271.000000,305.000000,True,HARD,25.000000,True,Cadillac,6945.903000,,1,14.000000,False,,False,True
2026,2,Chinese Grand Prix,R,7145.994000,BOT,77,bottas,cadillac,100.552000,36.000000,2.000000,,,26.353000,31.324000,42.875000,7071.874000,7103.198000,7146.073000,277.000000,262.000000,272.000000,315.000000,False,HARD,26.000000,True,Cadillac,7045.442000,,1,14.000000,False,,False,True
2026,2,Chinese Grand Prix,R,7245.438000,BOT,77,bottas,cadillac,99.444000,37.000000,2.000000,,,26.253000,30.429000,42.762000,7172.326000,7202.755000,7245.517000,278.000000,259.000000,273.000000,312.000000,True,HARD,27.000000,True,Cadillac,7145.994000,,1,14.000000,False,,False,True
2026,2,Chinese Grand Prix,R,7345.485000,BOT,77,bottas,cadillac,100.047000,38.000000,2.000000,,,26.130000,30.527000,43.390000,7271.647000,7302.174000,7345.564000,276.000000,260.000000,272.000000,310.000000,False,HARD,28.000000,True,Cadillac,7245.438000,,1,15.000000,False,,False,True
2026,2,Chinese Grand Prix,R,7445.219000,BOT,77,bottas,cadillac,99.734000,39.000000,2.000000,,,26.450000,30.283000,43.001000,7372.014000,7402.297000,7445.298000,270.000000,260.000000,269.000000,319.000000,False,HARD,29.000000,True,Cadillac,7345.485000,,1,15.000000,False,,False,True
2026,2,Chinese Grand Prix,R,7545.790000,BOT,77,bottas,cadillac,100.571000,40.000000,2.000000,,,27.407000,30.087000,43.077000,7472.705000,7502.792000,7545.869000,274.000000,260.000000,272.000000,306.000000,False,HARD,30.000000,True,Cadillac,7445.219000,,1,15.000000,False,,False,True
2026,2,Chinese Grand Prix,R,7645.867000,BOT,77,bottas,cadillac,100.077000,41.000000,2.000000,,,26.195000,30.027000,43.855000,7572.064000,7602.091000,7645.946000,271.000000,258.000000,271.000000,292.000000,False,HARD,31.000000,True,Cadillac,7545.790000,,1,15.000000,False,,False,True
2026,2,Chinese Grand Prix,R,7744.887000,BOT,77,bottas,cadillac,99.020000,42.000000,2.000000,,,26.101000,30.045000,42.874000,7672.047000,7702.092000,7744.966000,275.000000,261.000000,273.000000,304.000000,True,HARD,32.000000,True,Cadillac,7645.867000,,1,15.000000,False,,False,True
2026,2,Chinese Grand Prix,R,7844.348000,BOT,77,bottas,cadillac,99.461000,43.000000,2.000000,,,26.138000,29.910000,43.413000,7771.104000,7801.014000,7844.427000,273.000000,258.000000,273.000000,302.000000,False,HARD,33.000000,True,Cadillac,7744.887000,,1,15.000000,False,,False,True
2026,2,Chinese Grand Prix,R,7943.262000,BOT,77,bottas,cadillac,98.914000,44.000000,2.000000,,,26.051000,30.038000,42.825000,7870.478000,7900.516000,7943.341000,274.000000,262.000000,274.000000,313.000000,True,HARD,34.000000,True,Cadillac,7844.348000,,1,15.000000,False,,False,True
2026,2,Chinese Grand Prix,R,8043.641000,BOT,77,bottas,cadillac,100.379000,45.000000,2.000000,,,25.990000,30.076000,44.313000,7969.331000,7999.407000,8043.720000,271.000000,259.000000,275.000000,305.000000,False,HARD,35.000000,True,Cadillac,7943.262000,,1,15.000000,False,,False,True
2026,2,Chinese Grand Prix,R,8143.299000,BOT,77,bottas,cadillac,99.658000,46.000000,2.000000,,,26.021000,30.022000,43.615000,8069.741000,8099.763000,8143.378000,274.000000,261.000000,275.000000,265.000000,False,HARD,36.000000,True,Cadillac,8043.641000,,1,14.000000,False,,False,True
2026,2,Chinese Grand Prix,R,8242.229000,BOT,77,bottas,cadillac,98.930000,47.000000,2.000000,,,26.086000,30.061000,42.783000,8169.464000,8199.525000,8242.308000,272.000000,261.000000,274.000000,313.000000,False,HARD,37.000000,True,Cadillac,8143.299000,,1,13.000000,False,,False,True
2026,2,Chinese Grand Prix,R,8341.364000,BOT,77,bottas,cadillac,99.135000,48.000000,2.000000,,,26.175000,29.953000,43.007000,8268.483000,8298.436000,8341.443000,274.000000,260.000000,272.000000,306.000000,False,HARD,38.000000,True,Cadillac,8242.229000,,1,13.000000,False,,False,True
2026,2,Chinese Grand Prix,R,8440.576000,BOT,77,bottas,cadillac,99.212000,49.000000,2.000000,,,26.108000,30.008000,43.096000,8367.551000,8397.559000,8440.655000,274.000000,261.000000,272.000000,304.000000,False,HARD,39.000000,True,Cadillac,8341.364000,,1,13.000000,False,,False,True
2026,2,Chinese Grand Prix,R,8539.903000,BOT,77,bottas,cadillac,99.327000,50.000000,2.000000,,,26.214000,29.909000,43.204000,8466.869000,8496.778000,8539.982000,274.000000,261.000000,272.000000,301.000000,False,HARD,40.000000,True,Cadillac,8440.576000,,1,13.000000,False,,False,True
2026,2,Chinese Grand Prix,R,8639.484000,BOT,77,bottas,cadillac,99.581000,51.000000,2.000000,,,26.336000,30.143000,43.102000,8566.318000,8596.461000,8639.563000,266.000000,260.000000,273.000000,307.000000,False,HARD,41.000000,True,Cadillac,8539.903000,,1,13.000000,False,,False,True
2026,2,Chinese Grand Prix,R,8738.907000,BOT,77,bottas,cadillac,99.423000,52.000000,2.000000,,,26.241000,30.155000,43.027000,8665.804000,8695.959000,8738.986000,271.000000,259.000000,274.000000,306.000000,False,HARD,42.000000,True,Cadillac,8639.484000,,12,13.000000,False,,False,True
2026,2,Chinese Grand Prix,R,8838.260000,BOT,77,bottas,cadillac,99.353000,53.000000,2.000000,,,26.181000,30.107000,43.065000,8765.167000,8795.274000,8838.339000,274.000000,259.000000,274.000000,305.000000,False,HARD,43.000000,True,Cadillac,8738.907000,,1,13.000000,False,,False,True
2026,2,Chinese Grand Prix,R,8937.683000,BOT,77,bottas,cadillac,99.423000,54.000000,2.000000,,,26.023000,30.297000,43.103000,8864.362000,8894.659000,8937.762000,273.000000,259.000000,275.000000,308.000000,False,HARD,44.000000,True,Cadillac,8838.260000,,1,13.000000,False,,False,True
2026,2,Chinese Grand Prix,R,9036.076000,BOT,77,bottas,cadillac,98.393000,55.000000,2.000000,,,25.855000,29.825000,42.713000,8963.617000,8993.442000,9036.155000,274.000000,260.000000,271.000000,300.000000,True,HARD,45.000000,True,Cadillac,8937.683000,,1,13.000000,False,,False,True
2026,2,Chinese Grand Prix,R,3492.163000,BEA,87,bearman,haas,107.851000,1.000000,1.000000,,,,30.969000,47.198000,,3445.174000,3492.412000,298.000000,251.000000,254.000000,340.000000,False,MEDIUM,1.000000,True,Haas F1 Team,3384.050000,,12,12.000000,False,,False,False
2026,2,Chinese Grand Prix,R,3593.299000,BEA,87,bearman,haas,101.136000,2.000000,1.000000,,,26.995000,30.997000,43.144000,3519.247000,3550.244000,3593.388000,273.000000,262.000000,269.000000,331.000000,True,MEDIUM,2.000000,True,Haas F1 Team,3492.163000,,1,12.000000,False,,False,True
2026,2,Chinese Grand Prix,R,3693.014000,BEA,87,bearman,haas,99.715000,3.000000,1.000000,,,26.962000,30.362000,42.391000,3620.350000,3650.712000,3693.103000,268.000000,258.000000,270.000000,339.000000,True,MEDIUM,3.000000,True,Haas F1 Team,3593.299000,,1,12.000000,False,,False,True
2026,2,Chinese Grand Prix,R,3792.194000,BEA,87,bearman,haas,99.180000,4.000000,1.000000,,,26.545000,30.225000,42.410000,3719.648000,3749.873000,3792.283000,270.000000,262.000000,272.000000,333.000000,True,MEDIUM,4.000000,True,Haas F1 Team,3693.014000,,1,12.000000,False,,False,True
2026,2,Chinese Grand Prix,R,3891.698000,BEA,87,bearman,haas,99.504000,5.000000,1.000000,,,26.485000,30.442000,42.577000,3818.768000,3849.210000,3891.787000,272.000000,259.000000,272.000000,340.000000,False,MEDIUM,5.000000,True,Haas F1 Team,3792.194000,,1,12.000000,False,,False,True
2026,2,Chinese Grand Prix,R,3990.308000,BEA,87,bearman,haas,98.610000,6.000000,1.000000,,,25.953000,30.169000,42.488000,3917.740000,3947.909000,3990.397000,269.000000,260.000000,273.000000,329.000000,True,MEDIUM,6.000000,True,Haas F1 Team,3891.698000,,1,11.000000,False,,False,True
2026,2,Chinese Grand Prix,R,4089.631000,BEA,87,bearman,haas,99.323000,7.000000,1.000000,,,26.100000,30.476000,42.747000,4016.497000,4046.973000,4089.720000,271.000000,258.000000,272.000000,336.000000,False,MEDIUM,7.000000,True,Haas F1 Team,3990.308000,,1,11.000000,False,,False,True
2026,2,Chinese Grand Prix,R,4189.067000,BEA,87,bearman,haas,99.436000,8.000000,1.000000,,,26.217000,30.611000,42.608000,4115.937000,4146.548000,4189.156000,272.000000,261.000000,272.000000,334.000000,False,MEDIUM,8.000000,True,Haas F1 Team,4089.631000,,1,11.000000,False,,False,True
2026,2,Chinese Grand Prix,R,4288.777000,BEA,87,bearman,haas,99.710000,9.000000,1.000000,,,26.329000,30.760000,42.621000,4215.485000,4246.245000,4288.866000,271.000000,257.000000,254.000000,333.000000,False,MEDIUM,9.000000,True,Haas F1 Team,4189.067000,,1,9.000000,False,,False,True
2026,2,Chinese Grand Prix,R,4406.207000,BEA,87,bearman,haas,117.430000,10.000000,1.000000,,4404.518000,26.336000,30.168000,60.926000,4315.202000,4345.370000,4406.296000,266.000000,255.000000,,258.000000,False,MEDIUM,10.000000,True,Haas F1 Team,4288.777000,,124,10.000000,False,,False,False
2026,2,Chinese Grand Prix,R,4558.226000,BEA,87,bearman,haas,,11.000000,2.000000,4427.503000,,52.490000,40.239000,59.301000,4458.850000,4499.118000,4558.408000,192.000000,218.000000,225.000000,198.000000,False,HARD,1.000000,True,Haas F1 Team,4406.207000,,4,10.000000,False,,False,False
2026,2,Chinese Grand Prix,R,4698.701000,BEA,87,bearman,haas,140.475000,12.000000,2.000000,,,36.414000,41.154000,62.907000,4594.729000,4635.883000,4698.790000,187.000000,214.000000,146.000000,98.000000,False,HARD,2.000000,True,Haas F1 Team,4558.226000,,4,10.000000,False,,False,False
2026,2,Chinese Grand Prix,R,4843.241000,BEA,87,bearman,haas,144.540000,13.000000,2.000000,,,36.284000,45.107000,63.149000,4735.074000,4780.181000,4843.330000,197.000000,161.000000,270.000000,175.000000,False,HARD,3.000000,True,Haas F1 Team,4698.701000,,41,10.000000,False,,False,False
2026,2,Chinese Grand Prix,R,4942.481000,BEA,87,bearman,haas,99.240000,14.000000,2.000000,,,26.103000,30.378000,42.759000,4869.433000,4899.811000,4942.570000,284.000000,272.000000,269.000000,342.000000,False,HARD,4.000000,True,Haas F1 Team,4843.241000,,1,8.000000,False,,False,True
2026,2,Chinese Grand Prix,R,5041.770000,BEA,87,bearman,haas,99.289000,15.000000,2.000000,,,26.229000,30.381000,42.679000,4968.799000,4999.180000,5041.859000,280.000000,261.000000,272.000000,343.000000,False,HARD,5.000000,True,Haas F1 Team,4942.481000,,1,8.000000,True,TRACK LIMITS AT TURN 14 LAP 15 ,False,True
2026,2,Chinese Grand Prix,R,5140.039000,BEA,87,bearman,haas,98.269000,16.000000,2.000000,,,26.064000,29.975000,42.230000,5067.923000,5097.898000,5140.128000,269.000000,259.000000,272.000000,327.000000,True,HARD,6.000000,True,Haas F1 Team,5041.770000,,1,7.000000,False,,False,True
2026,2,Chinese Grand Prix,R,5238.382000,BEA,87,bearman,haas,98.343000,17.000000,2.000000,,,25.952000,29.696000,42.695000,5166.080000,5195.776000,5238.471000,269.000000,260.000000,271.000000,315.000000,False,HARD,7.000000,True,Haas F1 Team,5140.039000,,1,7.000000,False,,False,True
2026,2,Chinese Grand Prix,R,5336.579000,BEA,87,bearman,haas,98.197000,18.000000,2.000000,,,25.907000,29.658000,42.632000,5264.378000,5294.036000,5336.668000,274.000000,259.000000,256.000000,327.000000,True,HARD,8.000000,True,Haas F1 Team,5238.382000,,12,7.000000,False,,False,True
2026,2,Chinese Grand Prix,R,5435.588000,BEA,87,bearman,haas,99.009000,19.000000,2.000000,,,25.981000,30.329000,42.699000,5362.649000,5392.978000,5435.677000,273.000000,260.000000,257.000000,328.000000,False,HARD,9.000000,True,Haas F1 Team,5336.579000,,1,6.000000,False,,False,True
2026,2,Chinese Grand Prix,R,5534.206000,BEA,87,bearman,haas,98.618000,20.000000,2.000000,,,26.152000,29.786000,42.680000,5461.829000,5491.615000,5534.295000,272.000000,260.000000,250.000000,325.000000,False,HARD,10.000000,True,Haas F1 Team,5435.588000,,1,5.000000,False,,False,True
2026,2,Chinese Grand Prix,R,5632.732000,BEA,87,bearman,haas,98.526000,21.000000,2.000000,,,26.602000,29.775000,42.149000,5560.897000,5590.672000,5632.821000,272.000000,261.000000,268.000000,315.000000,False,HARD,11.000000,True,Haas F1 Team,5534.206000,,1,5.000000,False,,False,True
2026,2,Chinese Grand Prix,R,5730.599000,BEA,87,bearman,haas,97.867000,22.000000,2.000000,,,25.899000,29.578000,42.390000,5658.720000,5688.298000,5730.688000,267.000000,252.000000,269.000000,301.000000,True,HARD,12.000000,True,Haas F1 Team,5632.732000,,1,5.000000,False,,False,True
2026,2,Chinese Grand Prix,R,5828.214000,BEA,87,bearman,haas,97.615000,23.000000,2.000000,,,25.880000,29.454000,42.281000,5756.568000,5786.022000,5828.303000,265.000000,253.000000,272.000000,302.000000,True,HARD,13.000000,True,Haas F1 Team,5730.599000,,1,5.000000,False,,False,True
2026,2,Chinese Grand Prix,R,5926.074000,BEA,87,bearman,haas,97.860000,24.000000,2.000000,,,25.753000,29.620000,42.487000,5854.056000,5883.676000,5926.163000,264.000000,251.000000,268.000000,300.000000,False,HARD,14.000000,True,Haas F1 Team,5828.214000,,1,5.000000,False,,False,True
2026,2,Chinese Grand Prix,R,6023.754000,BEA,87,bearman,haas,97.680000,25.000000,2.000000,,,25.942000,29.495000,42.243000,5952.105000,5981.600000,6023.843000,266.000000,252.000000,273.000000,303.000000,False,HARD,15.000000,True,Haas F1 Team,5926.074000,,1,5.000000,False,,False,True
2026,2,Chinese Grand Prix,R,6121.146000,BEA,87,bearman,haas,97.392000,26.000000,2.000000,,,25.680000,29.397000,42.315000,6049.523000,6078.920000,6121.235000,264.000000,254.000000,271.000000,300.000000,True,HARD,16.000000,True,Haas F1 Team,6023.754000,,1,5.000000,False,,False,True
2026,2,Chinese Grand Prix,R,6218.551000,BEA,87,bearman,haas,97.405000,27.000000,2.000000,,,25.830000,29.329000,42.246000,6147.065000,6176.394000,6218.640000,267.000000,255.000000,274.000000,302.000000,False,HARD,17.000000,True,Haas F1 Team,6121.146000,,1,5.000000,False,,False,True
2026,2,Chinese Grand Prix,R,6316.189000,BEA,87,bearman,haas,97.638000,28.000000,2.000000,,,25.728000,29.416000,42.494000,6244.368000,6273.784000,6316.278000,265.000000,255.000000,272.000000,302.000000,False,HARD,18.000000,True,Haas F1 Team,6218.551000,,12,5.000000,False,,False,True
2026,2,Chinese Grand Prix,R,6413.873000,BEA,87,bearman,haas,97.684000,29.000000,2.000000,,,25.876000,29.507000,42.301000,6342.154000,6371.661000,6413.962000,265.000000,257.000000,275.000000,301.000000,False,HARD,19.000000,True,Haas F1 Team,6316.189000,,1,5.000000,False,,False,True
2026,2,Chinese Grand Prix,R,6511.149000,BEA,87,bearman,haas,97.276000,30.000000,2.000000,,,25.616000,29.364000,42.296000,6439.578000,6468.942000,6511.238000,267.000000,253.000000,273.000000,302.000000,True,HARD,20.000000,True,Haas F1 Team,6413.873000,,1,5.000000,False,,False,True
2026,2,Chinese Grand Prix,R,6608.732000,BEA,87,bearman,haas,97.583000,31.000000,2.000000,,,25.822000,29.395000,42.366000,6537.060000,6566.455000,6608.821000,264.000000,253.000000,274.000000,302.000000,False,HARD,21.000000,True,Haas F1 Team,6511.149000,,1,5.000000,False,,False,True
2026,2,Chinese Grand Prix,R,6706.228000,BEA,87,bearman,haas,97.496000,32.000000,2.000000,,,25.749000,29.516000,42.231000,6634.570000,6664.086000,6706.317000,266.000000,253.000000,275.000000,303.000000,False,HARD,22.000000,True,Haas F1 Team,6608.732000,,1,5.000000,False,,False,True
2026,2,Chinese Grand Prix,R,6803.495000,BEA,87,bearman,haas,97.267000,33.000000,2.000000,,,25.673000,29.373000,42.221000,6731.990000,6761.363000,6803.584000,265.000000,256.000000,272.000000,302.000000,True,HARD,23.000000,True,Haas F1 Team,6706.228000,,12,5.000000,False,,False,True
2026,2,Chinese Grand Prix,R,6900.890000,BEA,87,bearman,haas,97.395000,34.000000,2.000000,,,25.837000,29.278000,42.280000,6829.421000,6858.699000,6900.979000,268.000000,252.000000,274.000000,303.000000,False,HARD,24.000000,True,Haas F1 Team,6803.495000,,1,5.000000,False,,False,True
2026,2,Chinese Grand Prix,R,6998.310000,BEA,87,bearman,haas,97.420000,35.000000,2.000000,,,25.684000,29.313000,42.423000,6926.663000,6955.976000,6998.399000,270.000000,256.000000,272.000000,300.000000,False,HARD,25.000000,True,Haas F1 Team,6900.890000,,1,5.000000,False,,False,True
2026,2,Chinese Grand Prix,R,7095.790000,BEA,87,bearman,haas,97.480000,36.000000,2.000000,,,25.802000,29.289000,42.389000,7024.201000,7053.490000,7095.879000,270.000000,259.000000,275.000000,301.000000,False,HARD,26.000000,True,Haas F1 Team,6998.310000,,1,5.000000,False,,False,True
2026,2,Chinese Grand Prix,R,7193.032000,BEA,87,bearman,haas,97.242000,37.000000,2.000000,,,25.653000,29.382000,42.207000,7121.532000,7150.914000,7193.121000,265.000000,257.000000,275.000000,301.000000,True,HARD,27.000000,True,Haas F1 Team,7095.790000,,1,5.000000,False,,False,True
2026,2,Chinese Grand Prix,R,7290.254000,BEA,87,bearman,haas,97.222000,38.000000,2.000000,,,25.669000,29.284000,42.269000,7218.790000,7248.074000,7290.343000,264.000000,254.000000,275.000000,302.000000,True,HARD,28.000000,True,Haas F1 Team,7193.032000,,1,5.000000,False,,False,True
2026,2,Chinese Grand Prix,R,7387.297000,BEA,87,bearman,haas,97.043000,39.000000,2.000000,,,25.602000,29.170000,42.271000,7315.945000,7345.115000,7387.386000,266.000000,258.000000,275.000000,302.000000,True,HARD,29.000000,True,Haas F1 Team,7290.254000,,1,5.000000,False,,False,True
2026,2,Chinese Grand Prix,R,7484.450000,BEA,87,bearman,haas,97.153000,40.000000,2.000000,,,25.551000,29.284000,42.318000,7412.937000,7442.221000,7484.539000,268.000000,257.000000,275.000000,300.000000,False,HARD,30.000000,True,Haas F1 Team,7387.297000,,1,5.000000,False,,False,True
2026,2,Chinese Grand Prix,R,7581.479000,BEA,87,bearman,haas,97.029000,41.000000,2.000000,,,25.444000,29.283000,42.302000,7509.983000,7539.266000,7581.568000,272.000000,256.000000,276.000000,301.000000,True,HARD,31.000000,True,Haas F1 Team,7484.450000,,1,5.000000,False,,False,True
2026,2,Chinese Grand Prix,R,7679.191000,BEA,87,bearman,haas,97.712000,42.000000,2.000000,,,25.463000,29.290000,42.959000,7607.031000,7636.321000,7679.280000,270.000000,258.000000,266.000000,299.000000,False,HARD,32.000000,True,Haas F1 Team,7581.479000,,1,5.000000,False,,False,True
2026,2,Chinese Grand Prix,R,7776.405000,BEA,87,bearman,haas,97.214000,43.000000,2.000000,,,25.801000,29.152000,42.261000,7705.081000,7734.233000,7776.494000,273.000000,257.000000,276.000000,301.000000,False,HARD,33.000000,True,Haas F1 Team,7679.191000,,1,5.000000,False,,False,True
2026,2,Chinese Grand Prix,R,7873.821000,BEA,87,bearman,haas,97.416000,44.000000,2.000000,,,25.505000,29.320000,42.591000,7801.999000,7831.319000,7873.910000,272.000000,257.000000,275.000000,301.000000,False,HARD,34.000000,True,Haas F1 Team,7776.405000,,1,5.000000,False,,False,True
2026,2,Chinese Grand Prix,R,7971.053000,BEA,87,bearman,haas,97.232000,45.000000,2.000000,,,25.495000,29.325000,42.412000,7899.405000,7928.730000,7971.142000,269.000000,257.000000,275.000000,301.000000,False,HARD,35.000000,True,Haas F1 Team,7873.821000,,1,5.000000,False,,False,True
2026,2,Chinese Grand Prix,R,8068.354000,BEA,87,bearman,haas,97.301000,46.000000,2.000000,,,25.540000,29.348000,42.413000,7996.682000,8026.030000,8068.443000,267.000000,258.000000,276.000000,302.000000,False,HARD,36.000000,True,Haas F1 Team,7971.053000,,1,5.000000,False,,False,True
2026,2,Chinese Grand Prix,R,8165.159000,BEA,87,bearman,haas,96.805000,47.000000,2.000000,,,25.469000,29.166000,42.170000,8093.912000,8123.078000,8165.248000,270.000000,260.000000,276.000000,304.000000,True,HARD,37.000000,True,Haas F1 Team,8068.354000,,1,5.000000,False,,False,True
2026,2,Chinese Grand Prix,R,8262.397000,BEA,87,bearman,haas,97.238000,48.000000,2.000000,,,25.443000,29.293000,42.502000,8190.691000,8219.984000,8262.486000,272.000000,260.000000,277.000000,307.000000,False,HARD,38.000000,True,Haas F1 Team,8165.159000,,1,5.000000,False,,False,True
2026,2,Chinese Grand Prix,R,8360.039000,BEA,87,bearman,haas,97.642000,49.000000,2.000000,,,25.501000,29.670000,42.471000,8287.987000,8317.657000,8360.128000,271.000000,262.000000,273.000000,301.000000,False,HARD,39.000000,True,Haas F1 Team,8262.397000,,1,5.000000,False,,False,True
2026,2,Chinese Grand Prix,R,8457.028000,BEA,87,bearman,haas,96.989000,50.000000,2.000000,,,25.619000,29.069000,42.301000,8385.747000,8414.816000,8457.117000,273.000000,259.000000,277.000000,300.000000,False,HARD,40.000000,True,Haas F1 Team,8360.039000,,1,5.000000,False,,False,True
2026,2,Chinese Grand Prix,R,8553.853000,BEA,87,bearman,haas,96.825000,51.000000,2.000000,,,25.327000,29.145000,42.353000,8482.444000,8511.589000,8553.942000,272.000000,257.000000,277.000000,301.000000,False,HARD,41.000000,True,Haas F1 Team,8457.028000,,1,5.000000,False,,False,True
2026,2,Chinese Grand Prix,R,8650.631000,BEA,87,bearman,haas,96.778000,52.000000,2.000000,,,25.448000,29.198000,42.132000,8579.390000,8608.588000,8650.720000,268.000000,258.000000,276.000000,302.000000,True,HARD,42.000000,True,Haas F1 Team,8553.853000,,1,5.000000,False,,False,True
2026,2,Chinese Grand Prix,R,8747.311000,BEA,87,bearman,haas,96.680000,53.000000,2.000000,,,25.325000,29.105000,42.250000,8676.045000,8705.150000,8747.400000,272.000000,260.000000,277.000000,303.000000,True,HARD,43.000000,True,Haas F1 Team,8650.631000,,12,5.000000,False,,False,True
2026,2,Chinese Grand Prix,R,8844.099000,BEA,87,bearman,haas,96.788000,54.000000,2.000000,,,25.420000,29.088000,42.280000,8772.820000,8801.908000,8844.188000,271.000000,261.000000,277.000000,303.000000,False,HARD,44.000000,True,Haas F1 Team,8747.311000,,1,5.000000,False,,False,True
2026,2,Chinese Grand Prix,R,8940.747000,BEA,87,bearman,haas,96.648000,55.000000,2.000000,,,25.384000,29.169000,42.095000,8869.572000,8898.741000,8940.836000,271.000000,259.000000,277.000000,306.000000,True,HARD,45.000000,True,Haas F1 Team,8844.099000,,1,5.000000,False,,False,True
2026,2,Chinese Grand Prix,R,9037.176000,BEA,87,bearman,haas,96.429000,56.000000,2.000000,,,25.226000,29.121000,42.082000,8966.062000,8995.183000,9037.265000,275.000000,270.000000,254.000000,327.000000,True,HARD,46.000000,True,Haas F1 Team,8940.747000,,1,5.000000,False,,False,True
