season,round,event_name,session_type,Time_s,Driver,DriverNumber,DriverId,TeamId,LapTime_s,LapNumber,Stint,PitOutTime_s,PitInTime_s,Sector1Time_s,Sector2Time_s,Sector3Time_s,Sector1SessionTime_s,Sector2SessionTime_s,Sector3SessionTime_s,SpeedI1,SpeedI2,SpeedFL,SpeedST,IsPersonalBest,Compound,TyreLife,FreshTyre,Team,LapStartTime_s,LapStartDate,TrackStatus,Position,Deleted,DeletedReason,FastF1Generated,IsAccurate
2026,11,Hungarian Grand Prix,FP1,1007.645000,NOR,1,norris,mclaren,,1.000000,1.000000,847.880000,,,34.065000,39.230000,,968.734000,1007.750000,252.000000,164.000000,260.000000,,False,MEDIUM,1.000000,True,McLaren,847.880000,,1,,False,,False,False
2026,11,Hungarian Grand Prix,FP1,1098.109000,NOR,1,norris,mclaren,90.464000,2.000000,1.000000,,,29.252000,35.391000,25.821000,1036.897000,1072.288000,1098.109000,200.000000,229.000000,260.000000,324.000000,True,MEDIUM,2.000000,True,McLaren,1007.645000,,1,,False,,False,True
2026,11,Hungarian Grand Prix,FP1,1180.513000,NOR,1,norris,mclaren,82.404000,3.000000,1.000000,,,28.523000,30.282000,23.599000,1126.632000,1156.914000,1180.513000,302.000000,236.000000,255.000000,318.000000,False,MEDIUM,3.000000,True,McLaren,1098.109000,,1,,True,TRACK LIMITS AT TURN 9 LAP 4 ,False,True
2026,11,Hungarian Grand Prix,FP1,1302.358000,NOR,1,norris,mclaren,121.845000,4.000000,1.000000,,,46.193000,44.495000,31.157000,1226.706000,1271.201000,1302.358000,179.000000,155.000000,209.000000,265.000000,False,MEDIUM,4.000000,True,McLaren,1180.513000,,1,,False,,False,True
2026,11,Hungarian Grand Prix,FP1,1413.170000,NOR,1,norris,mclaren,110.812000,5.000000,1.000000,,,37.577000,38.523000,34.712000,1339.935000,1378.458000,1413.170000,184.000000,117.000000,261.000000,263.000000,False,MEDIUM,5.000000,True,McLaren,1302.358000,,1,,False,,False,True
2026,11,Hungarian Grand Prix,FP1,1494.957000,NOR,1,norris,mclaren,81.787000,6.000000,1.000000,,,28.625000,29.754000,23.408000,1441.795000,1471.549000,1494.957000,301.000000,245.000000,245.000000,317.000000,True,MEDIUM,6.000000,True,McLaren,1413.170000,,1,,False,,False,True
2026,11,Hungarian Grand Prix,FP1,1622.762000,NOR,1,norris,mclaren,127.805000,7.000000,1.000000,,,47.423000,49.590000,30.792000,1542.380000,1591.970000,1622.762000,139.000000,153.000000,260.000000,237.000000,False,MEDIUM,7.000000,True,McLaren,1494.957000,,1,,False,,False,True
2026,11,Hungarian Grand Prix,FP1,1725.956000,NOR,1,norris,mclaren,103.194000,8.000000,1.000000,,,28.244000,38.121000,36.829000,1651.006000,1689.127000,1725.956000,296.000000,96.000000,263.000000,319.000000,False,MEDIUM,8.000000,True,McLaren,1622.762000,,1,,False,,False,True
2026,11,Hungarian Grand Prix,FP1,1828.301000,NOR,1,norris,mclaren,102.345000,9.000000,1.000000,,1826.546000,34.696000,37.595000,30.054000,1760.652000,1798.247000,1828.301000,243.000000,234.000000,,321.000000,False,MEDIUM,9.000000,True,McLaren,1725.956000,,1,,False,,False,False
2026,11,Hungarian Grand Prix,FP1,2417.274000,NOR,1,norris,mclaren,,10.000000,2.000000,2321.386000,,,32.196000,28.184000,,2389.143000,2417.274000,238.000000,226.000000,263.000000,321.000000,False,SOFT,1.000000,True,McLaren,1828.301000,,1,,False,,False,False
2026,11,Hungarian Grand Prix,FP1,2510.314000,NOR,1,norris,mclaren,93.040000,11.000000,2.000000,,2507.890000,28.030000,29.141000,35.869000,2445.304000,2474.445000,2510.314000,297.000000,204.000000,,319.000000,False,SOFT,2.000000,True,McLaren,2417.274000,,1,,False,,False,False
2026,11,Hungarian Grand Prix,FP1,2665.759000,NOR,1,norris,mclaren,,12.000000,3.000000,2540.329000,,78.328000,49.631000,27.609000,2588.806000,2638.390000,2665.816000,134.000000,161.000000,260.000000,319.000000,False,SOFT,3.000000,False,McLaren,2510.314000,,1,,False,,False,False
2026,11,Hungarian Grand Prix,FP1,2746.783000,NOR,1,norris,mclaren,81.024000,13.000000,3.000000,,,28.234000,28.988000,23.802000,2693.993000,2722.981000,2746.783000,296.000000,248.000000,209.000000,319.000000,True,SOFT,4.000000,False,McLaren,2665.759000,,1,,False,,False,True
2026,11,Hungarian Grand Prix,FP1,2851.723000,NOR,1,norris,mclaren,104.940000,14.000000,3.000000,,2849.915000,38.314000,36.409000,30.217000,2785.097000,2821.506000,2851.723000,234.000000,159.000000,,180.000000,False,SOFT,5.000000,False,McLaren,2746.783000,,1,,False,,False,False
2026,11,Hungarian Grand Prix,FP1,3653.828000,NOR,1,norris,mclaren,,15.000000,4.000000,3547.688000,,,31.248000,23.929000,,3630.159000,3653.917000,257.000000,242.000000,259.000000,180.000000,False,MEDIUM,10.000000,False,McLaren,3547.688000,,1,,False,,False,False
2026,11,Hungarian Grand Prix,FP1,3738.205000,NOR,1,norris,mclaren,84.377000,16.000000,4.000000,,,29.211000,30.745000,24.421000,3683.039000,3713.784000,3738.205000,284.000000,235.000000,261.000000,312.000000,False,MEDIUM,11.000000,False,McLaren,3653.828000,,12,,False,,False,True
2026,11,Hungarian Grand Prix,FP1,3824.766000,NOR,1,norris,mclaren,86.561000,17.000000,4.000000,,,30.422000,31.279000,24.860000,3768.627000,3799.906000,3824.766000,289.000000,229.000000,257.000000,305.000000,False,MEDIUM,12.000000,False,McLaren,3738.205000,,21,,False,,False,True
2026,11,Hungarian Grand Prix,FP1,3913.643000,NOR,1,norris,mclaren,88.877000,18.000000,4.000000,,3911.913000,29.411000,31.293000,28.173000,3854.177000,3885.470000,3913.643000,287.000000,226.000000,,299.000000,False,MEDIUM,13.000000,False,McLaren,3824.766000,,1,,False,,False,False
2026,11,Hungarian Grand Prix,FP1,4023.707000,NOR,1,norris,mclaren,110.064000,19.000000,5.000000,3935.415000,,54.071000,31.873000,24.120000,3967.714000,3999.587000,4023.707000,257.000000,238.000000,258.000000,299.000000,False,SOFT,6.000000,False,McLaren,3913.643000,,1,,False,,False,False
2026,11,Hungarian Grand Prix,FP1,4107.542000,NOR,1,norris,mclaren,83.835000,20.000000,5.000000,,,28.992000,30.782000,24.061000,4052.699000,4083.481000,4107.542000,288.000000,233.000000,260.000000,309.000000,False,SOFT,7.000000,False,McLaren,4023.707000,,1,,False,,False,True
2026,11,Hungarian Grand Prix,FP1,4193.546000,NOR,1,norris,mclaren,86.004000,21.000000,5.000000,,,29.394000,31.528000,25.082000,4136.936000,4168.464000,4193.546000,288.000000,238.000000,263.000000,308.000000,False,SOFT,8.000000,False,McLaren,4107.542000,,1,,False,,False,True
2026,11,Hungarian Grand Prix,FP1,4277.629000,NOR,1,norris,mclaren,84.083000,22.000000,5.000000,,,29.146000,30.665000,24.272000,4222.692000,4253.357000,4277.629000,291.000000,237.000000,261.000000,320.000000,False,SOFT,9.000000,False,McLaren,4193.546000,,1,,False,,False,True
2026,11,Hungarian Grand Prix,FP1,4363.564000,NOR,1,norris,mclaren,85.935000,23.000000,5.000000,,,29.487000,31.833000,24.615000,4307.116000,4338.949000,4363.564000,271.000000,238.000000,263.000000,322.000000,False,SOFT,10.000000,False,McLaren,4277.629000,,1,,False,,False,True
2026,11,Hungarian Grand Prix,FP1,4447.271000,NOR,1,norris,mclaren,83.707000,24.000000,5.000000,,,29.198000,30.468000,24.041000,4392.762000,4423.230000,4447.271000,285.000000,232.000000,259.000000,327.000000,False,SOFT,11.000000,False,McLaren,4363.564000,,1,,False,,False,True
2026,11,Hungarian Grand Prix,FP1,4602.971000,NOR,1,norris,mclaren,,25.000000,5.000000,,,36.729000,43.521000,75.438000,4484.266000,4527.732000,4603.137000,151.000000,170.000000,111.000000,253.000000,False,SOFT,12.000000,False,McLaren,4447.271000,,1,,False,,False,False
2026,11,Hungarian Grand Prix,FP1,4697.279000,NOR,1,norris,mclaren,94.308000,26.000000,5.000000,,4695.415000,31.145000,32.939000,30.224000,4634.116000,4667.055000,4697.279000,271.000000,213.000000,,275.000000,False,SOFT,13.000000,False,McLaren,4602.971000,,1,,False,,False,False
2026,11,Hungarian Grand Prix,FP1,1056.756000,VER,3,max_verstappen,red_bull,,1.000000,1.000000,963.032000,,,32.594000,26.834000,,1030.164000,1056.919000,237.000000,228.000000,262.000000,,False,MEDIUM,1.000000,True,Red Bull Racing,963.032000,,1,,False,,False,False
2026,11,Hungarian Grand Prix,FP1,1147.260000,VER,3,max_verstappen,red_bull,90.504000,2.000000,1.000000,,,28.562000,29.556000,32.386000,1085.318000,1114.874000,1147.260000,289.000000,250.000000,202.000000,323.000000,True,MEDIUM,2.000000,True,Red Bull Racing,1056.756000,,1,,False,,False,True
2026,11,Hungarian Grand Prix,FP1,1255.541000,VER,3,max_verstappen,red_bull,108.281000,3.000000,1.000000,,,40.753000,42.546000,24.982000,1188.013000,1230.559000,1255.541000,125.000000,212.000000,265.000000,254.000000,False,MEDIUM,3.000000,True,Red Bull Racing,1147.260000,,1,,False,,False,True
2026,11,Hungarian Grand Prix,FP1,1336.329000,VER,3,max_verstappen,red_bull,80.788000,4.000000,1.000000,,,28.380000,29.238000,23.170000,1283.921000,1313.159000,1336.329000,290.000000,251.000000,244.000000,318.000000,True,MEDIUM,4.000000,True,Red Bull Racing,1255.541000,,1,,False,,False,True
2026,11,Hungarian Grand Prix,FP1,1468.684000,VER,3,max_verstappen,red_bull,132.355000,5.000000,1.000000,,,49.795000,48.237000,34.323000,1386.124000,1434.361000,1468.684000,149.000000,110.000000,204.000000,193.000000,False,MEDIUM,5.000000,True,Red Bull Racing,1336.329000,,1,,False,,False,True
2026,11,Hungarian Grand Prix,FP1,1572.458000,VER,3,max_verstappen,red_bull,103.774000,6.000000,1.000000,,,38.356000,35.003000,30.415000,1507.040000,1542.043000,1572.458000,243.000000,225.000000,262.000000,243.000000,False,MEDIUM,6.000000,True,Red Bull Racing,1468.684000,,1,,False,,False,True
2026,11,Hungarian Grand Prix,FP1,1653.265000,VER,3,max_verstappen,red_bull,80.807000,7.000000,1.000000,,,28.211000,29.169000,23.427000,1600.669000,1629.838000,1653.265000,288.000000,250.000000,237.000000,319.000000,False,MEDIUM,7.000000,True,Red Bull Racing,1572.458000,,1,,False,,False,True
2026,11,Hungarian Grand Prix,FP1,1753.007000,VER,3,max_verstappen,red_bull,99.742000,8.000000,1.000000,,1751.245000,35.464000,35.082000,29.196000,1688.729000,1723.811000,1753.007000,222.000000,210.000000,,207.000000,False,MEDIUM,8.000000,True,Red Bull Racing,1653.265000,,1,,False,,False,False
2026,11,Hungarian Grand Prix,FP1,2470.407000,VER,3,max_verstappen,red_bull,,9.000000,2.000000,2379.080000,,,34.046000,24.533000,,2446.062000,2470.514000,249.000000,226.000000,263.000000,207.000000,False,SOFT,1.000000,True,Red Bull Racing,1753.007000,,1,,False,,False,False
2026,11,Hungarian Grand Prix,FP1,2549.966000,VER,3,max_verstappen,red_bull,79.559000,10.000000,2.000000,,,28.031000,28.879000,22.649000,2498.438000,2527.317000,2549.966000,286.000000,252.000000,256.000000,318.000000,True,SOFT,2.000000,True,Red Bull Racing,2470.407000,,1,,False,,False,True
2026,11,Hungarian Grand Prix,FP1,2671.550000,VER,3,max_verstappen,red_bull,121.584000,11.000000,2.000000,,2669.754000,45.329000,45.325000,30.930000,2595.295000,2640.620000,2671.550000,147.000000,170.000000,,219.000000,False,SOFT,3.000000,True,Red Bull Racing,2549.966000,,1,,False,,False,False
2026,11,Hungarian Grand Prix,FP1,3525.165000,VER,3,max_verstappen,red_bull,,12.000000,3.000000,3399.711000,,,33.347000,32.355000,,3492.940000,3525.217000,266.000000,234.000000,257.000000,219.000000,False,MEDIUM,9.000000,False,Red Bull Racing,3399.711000,,1,,False,,False,False
2026,11,Hungarian Grand Prix,FP1,3609.896000,VER,3,max_verstappen,red_bull,84.731000,13.000000,3.000000,,,29.466000,31.230000,24.035000,3554.631000,3585.861000,3609.896000,289.000000,238.000000,259.000000,296.000000,False,MEDIUM,10.000000,False,Red Bull Racing,3525.165000,,1,,False,,False,True
2026,11,Hungarian Grand Prix,FP1,3694.609000,VER,3,max_verstappen,red_bull,84.713000,14.000000,3.000000,,,29.428000,30.991000,24.294000,3639.324000,3670.315000,3694.609000,283.000000,234.000000,258.000000,315.000000,False,MEDIUM,11.000000,False,Red Bull Racing,3609.896000,,1,,False,,False,True
2026,11,Hungarian Grand Prix,FP1,3779.691000,VER,3,max_verstappen,red_bull,85.082000,15.000000,3.000000,,,29.361000,31.276000,24.445000,3723.970000,3755.246000,3779.691000,278.000000,235.000000,259.000000,307.000000,False,MEDIUM,12.000000,False,Red Bull Racing,3694.609000,,12,,False,,False,True
2026,11,Hungarian Grand Prix,FP1,3866.316000,VER,3,max_verstappen,red_bull,86.625000,16.000000,3.000000,,,30.377000,31.508000,24.740000,3810.068000,3841.576000,3866.316000,285.000000,230.000000,256.000000,307.000000,False,MEDIUM,13.000000,False,Red Bull Racing,3779.691000,,21,,False,,False,True
2026,11,Hungarian Grand Prix,FP1,3951.935000,VER,3,max_verstappen,red_bull,85.619000,17.000000,3.000000,,,29.691000,31.263000,24.665000,3896.007000,3927.270000,3951.935000,280.000000,233.000000,256.000000,304.000000,False,MEDIUM,14.000000,False,Red Bull Racing,3866.316000,,1,,False,,False,True
2026,11,Hungarian Grand Prix,FP1,4038.327000,VER,3,max_verstappen,red_bull,86.392000,18.000000,3.000000,,,29.616000,31.410000,25.366000,3981.551000,4012.961000,4038.327000,280.000000,231.000000,254.000000,302.000000,False,MEDIUM,15.000000,False,Red Bull Racing,3951.935000,,1,,False,,False,True
2026,11,Hungarian Grand Prix,FP1,4124.442000,VER,3,max_verstappen,red_bull,86.115000,19.000000,3.000000,,,29.589000,31.595000,24.931000,4067.916000,4099.511000,4124.442000,284.000000,232.000000,258.000000,308.000000,False,MEDIUM,16.000000,False,Red Bull Racing,4038.327000,,1,,False,,False,True
2026,11,Hungarian Grand Prix,FP1,4210.238000,VER,3,max_verstappen,red_bull,85.796000,20.000000,3.000000,,,29.798000,31.335000,24.663000,4154.240000,4185.575000,4210.238000,281.000000,236.000000,256.000000,326.000000,False,MEDIUM,17.000000,False,Red Bull Racing,4124.442000,,1,,False,,False,True
2026,11,Hungarian Grand Prix,FP1,4295.696000,VER,3,max_verstappen,red_bull,85.458000,21.000000,3.000000,,,29.662000,31.251000,24.545000,4239.900000,4271.151000,4295.696000,279.000000,234.000000,258.000000,302.000000,False,MEDIUM,18.000000,False,Red Bull Racing,4210.238000,,1,,False,,False,True
2026,11,Hungarian Grand Prix,FP1,4380.802000,VER,3,max_verstappen,red_bull,85.106000,22.000000,3.000000,,,29.623000,31.054000,24.429000,4325.319000,4356.373000,4380.802000,285.000000,235.000000,258.000000,300.000000,False,MEDIUM,19.000000,False,Red Bull Racing,4295.696000,,1,,False,,False,True
2026,11,Hungarian Grand Prix,FP1,4466.441000,VER,3,max_verstappen,red_bull,85.639000,23.000000,3.000000,,,29.661000,31.328000,24.650000,4410.463000,4441.791000,4466.441000,283.000000,234.000000,258.000000,310.000000,False,MEDIUM,20.000000,False,Red Bull Racing,4380.802000,,1,,False,,False,True
2026,11,Hungarian Grand Prix,FP1,4595.860000,VER,3,max_verstappen,red_bull,129.419000,24.000000,3.000000,,,43.943000,42.528000,42.948000,4510.384000,4552.912000,4595.860000,153.000000,204.000000,35.000000,252.000000,False,MEDIUM,21.000000,False,Red Bull Racing,4466.441000,,1,,False,,False,True
2026,11,Hungarian Grand Prix,FP1,4724.712000,VER,3,max_verstappen,red_bull,128.852000,25.000000,3.000000,,4722.887000,65.433000,34.401000,29.018000,4661.293000,4695.694000,4724.712000,239.000000,218.000000,,261.000000,False,MEDIUM,22.000000,False,Red Bull Racing,4595.860000,,1,,False,,False,False
2026,11,Hungarian Grand Prix,FP1,999.522000,BOR,5,bortoleto,audi,,1.000000,1.000000,813.338000,997.640000,,39.417000,34.217000,,965.390000,999.522000,128.000000,205.000000,,,False,MEDIUM,1.000000,True,Audi,813.338000,,1,,False,,False,False
2026,11,Hungarian Grand Prix,FP1,1151.300000,BOR,5,bortoleto,audi,,2.000000,2.000000,1027.708000,1149.471000,79.340000,39.165000,33.422000,1078.890000,1118.159000,1151.300000,183.000000,214.000000,,,False,MEDIUM,2.000000,False,Audi,999.522000,,1,,False,,False,False
2026,11,Hungarian Grand Prix,FP1,1280.399000,BOR,5,bortoleto,audi,129.099000,3.000000,3.000000,1182.835000,,67.574000,34.670000,26.855000,1218.874000,1253.544000,1280.399000,227.000000,215.000000,224.000000,,False,MEDIUM,2.000000,False,Audi,1151.300000,,1,,False,,False,False
2026,11,Hungarian Grand Prix,FP1,1373.985000,BOR,5,bortoleto,audi,93.586000,4.000000,3.000000,,,33.207000,33.672000,26.707000,1313.606000,1347.278000,1373.985000,237.000000,224.000000,261.000000,248.000000,True,MEDIUM,3.000000,False,Audi,1280.399000,,1,,False,,False,True
2026,11,Hungarian Grand Prix,FP1,1457.911000,BOR,5,bortoleto,audi,83.926000,5.000000,3.000000,,,29.202000,31.010000,23.714000,1403.187000,1434.197000,1457.911000,284.000000,237.000000,255.000000,319.000000,True,MEDIUM,4.000000,False,Audi,1373.985000,,1,,False,,False,True
2026,11,Hungarian Grand Prix,FP1,1567.161000,BOR,5,bortoleto,audi,109.250000,6.000000,3.000000,,,37.679000,43.334000,28.237000,1495.590000,1538.924000,1567.161000,169.000000,146.000000,261.000000,286.000000,False,MEDIUM,5.000000,False,Audi,1457.911000,,1,,False,,False,True
2026,11,Hungarian Grand Prix,FP1,1649.341000,BOR,5,bortoleto,audi,82.180000,7.000000,3.000000,,,28.699000,29.954000,23.527000,1595.860000,1625.814000,1649.341000,292.000000,242.000000,253.000000,320.000000,True,MEDIUM,6.000000,False,Audi,1567.161000,,1,,False,,False,True
2026,11,Hungarian Grand Prix,FP1,1760.214000,BOR,5,bortoleto,audi,110.873000,8.000000,3.000000,,1758.421000,36.874000,43.223000,30.776000,1686.215000,1729.438000,1760.214000,178.000000,177.000000,,279.000000,False,MEDIUM,7.000000,False,Audi,1649.341000,,1,,False,,False,False
2026,11,Hungarian Grand Prix,FP1,1870.526000,BOR,5,bortoleto,audi,110.312000,9.000000,4.000000,1775.093000,,49.143000,35.576000,25.593000,1809.357000,1844.933000,1870.526000,228.000000,215.000000,262.000000,279.000000,False,MEDIUM,9.000000,False,Audi,1760.214000,,1,,False,,False,False
2026,11,Hungarian Grand Prix,FP1,1952.655000,BOR,5,bortoleto,audi,82.129000,10.000000,4.000000,,,28.639000,29.944000,23.546000,1899.165000,1929.109000,1952.655000,289.000000,244.000000,253.000000,319.000000,False,MEDIUM,10.000000,False,Audi,1870.526000,,1,,True,TRACK LIMITS AT TURN 3 LAP 11 ,False,True
2026,11,Hungarian Grand Prix,FP1,2055.947000,BOR,5,bortoleto,audi,103.292000,11.000000,4.000000,,2054.210000,34.923000,38.135000,30.234000,1987.578000,2025.713000,2055.947000,175.000000,200.000000,,275.000000,False,MEDIUM,11.000000,False,Audi,1952.655000,,1,,False,,False,False
2026,11,Hungarian Grand Prix,FP1,2176.072000,BOR,5,bortoleto,audi,120.125000,12.000000,5.000000,2080.044000,,58.449000,35.964000,25.712000,2114.396000,2150.360000,2176.072000,228.000000,206.000000,261.000000,275.000000,False,MEDIUM,12.000000,False,Audi,2055.947000,,1,,False,,False,False
2026,11,Hungarian Grand Prix,FP1,2257.497000,BOR,5,bortoleto,audi,81.425000,13.000000,5.000000,,,28.493000,29.590000,23.342000,2204.565000,2234.155000,2257.497000,294.000000,246.000000,254.000000,318.000000,True,MEDIUM,13.000000,False,Audi,2176.072000,,1,,False,,False,True
2026,11,Hungarian Grand Prix,FP1,2365.584000,BOR,5,bortoleto,audi,108.087000,14.000000,5.000000,,2363.647000,35.521000,40.094000,32.472000,2293.018000,2333.112000,2365.584000,192.000000,179.000000,,277.000000,False,MEDIUM,14.000000,False,Audi,2257.497000,,1,,False,,False,False
2026,11,Hungarian Grand Prix,FP1,2891.388000,BOR,5,bortoleto,audi,,15.000000,6.000000,2794.217000,,,35.841000,27.764000,,2863.841000,2891.400000,242.000000,156.000000,264.000000,277.000000,False,SOFT,1.000000,True,Audi,2365.584000,,1,,False,,False,False
2026,11,Hungarian Grand Prix,FP1,2971.748000,BOR,5,bortoleto,audi,80.360000,16.000000,6.000000,,,28.104000,29.150000,23.106000,2919.492000,2948.642000,2971.748000,290.000000,248.000000,256.000000,321.000000,True,SOFT,2.000000,True,Audi,2891.388000,,12,,False,,False,True
2026,11,Hungarian Grand Prix,FP1,3395.466000,BOR,5,bortoleto,audi,,17.000000,6.000000,,3103.044000,,,,,,,,,,281.000000,False,SOFT,3.000000,True,Audi,2971.748000,,215,,False,,False,False
2026,11,Hungarian Grand Prix,FP1,3520.221000,BOR,5,bortoleto,audi,,18.000000,7.000000,3395.466000,3518.365000,,35.808000,30.321000,,3490.095000,3520.318000,202.000000,223.000000,,281.000000,False,SOFT,4.000000,False,Audi,3395.466000,,1,,False,,False,False
2026,11,Hungarian Grand Prix,FP1,3644.637000,BOR,5,bortoleto,audi,124.416000,19.000000,8.000000,3536.047000,,67.989000,32.247000,24.180000,3588.210000,3620.457000,3644.637000,260.000000,235.000000,257.000000,281.000000,False,SOFT,5.000000,False,Audi,3520.221000,,1,,False,,False,False
2026,11,Hungarian Grand Prix,FP1,3729.401000,BOR,5,bortoleto,audi,84.764000,20.000000,8.000000,,,29.440000,31.250000,24.074000,3674.077000,3705.327000,3729.401000,285.000000,233.000000,258.000000,313.000000,False,SOFT,6.000000,False,Audi,3644.637000,,12,,False,,False,True
2026,11,Hungarian Grand Prix,FP1,3815.219000,BOR,5,bortoleto,audi,85.818000,21.000000,8.000000,,,30.425000,31.192000,24.201000,3759.826000,3791.018000,3815.219000,282.000000,233.000000,257.000000,309.000000,False,SOFT,7.000000,False,Audi,3729.401000,,21,,False,,False,True
2026,11,Hungarian Grand Prix,FP1,3899.307000,BOR,5,bortoleto,audi,84.088000,22.000000,8.000000,,,29.309000,30.887000,23.892000,3844.528000,3875.415000,3899.307000,279.000000,236.000000,259.000000,305.000000,False,SOFT,8.000000,False,Audi,3815.219000,,1,,False,,False,True
2026,11,Hungarian Grand Prix,FP1,3983.627000,BOR,5,bortoleto,audi,84.320000,23.000000,8.000000,,,29.383000,30.864000,24.073000,3928.690000,3959.554000,3983.627000,280.000000,238.000000,258.000000,306.000000,False,SOFT,9.000000,False,Audi,3899.307000,,1,,False,,False,True
2026,11,Hungarian Grand Prix,FP1,4068.183000,BOR,5,bortoleto,audi,84.556000,24.000000,8.000000,,,29.402000,30.902000,24.252000,4013.029000,4043.931000,4068.183000,285.000000,236.000000,257.000000,307.000000,False,SOFT,10.000000,False,Audi,3983.627000,,1,,False,,False,True
2026,11,Hungarian Grand Prix,FP1,4152.527000,BOR,5,bortoleto,audi,84.344000,25.000000,8.000000,,,29.394000,30.708000,24.242000,4097.577000,4128.285000,4152.527000,282.000000,232.000000,256.000000,307.000000,False,SOFT,11.000000,False,Audi,4068.183000,,1,,False,,False,True
2026,11,Hungarian Grand Prix,FP1,4237.330000,BOR,5,bortoleto,audi,84.803000,26.000000,8.000000,,,29.472000,30.849000,24.482000,4181.999000,4212.848000,4237.330000,280.000000,233.000000,255.000000,308.000000,False,SOFT,12.000000,False,Audi,4152.527000,,1,,False,,False,True
2026,11,Hungarian Grand Prix,FP1,4322.455000,BOR,5,bortoleto,audi,85.125000,27.000000,8.000000,,,29.455000,31.175000,24.495000,4266.785000,4297.960000,4322.455000,286.000000,236.000000,257.000000,308.000000,False,SOFT,13.000000,False,Audi,4237.330000,,1,,False,,False,True
2026,11,Hungarian Grand Prix,FP1,4407.157000,BOR,5,bortoleto,audi,84.702000,28.000000,8.000000,,,29.363000,30.842000,24.497000,4351.818000,4382.660000,4407.157000,289.000000,234.000000,254.000000,303.000000,False,SOFT,14.000000,False,Audi,4322.455000,,1,,False,,False,True
2026,11,Hungarian Grand Prix,FP1,4526.297000,BOR,5,bortoleto,audi,119.140000,29.000000,8.000000,,,33.462000,48.048000,37.630000,4440.619000,4488.667000,4526.297000,121.000000,149.000000,37.000000,297.000000,False,SOFT,15.000000,False,Audi,4407.157000,,1,,False,,False,True
2026,11,Hungarian Grand Prix,FP1,4645.156000,BOR,5,bortoleto,audi,118.859000,30.000000,8.000000,,4643.292000,50.592000,38.033000,30.234000,4576.889000,4614.922000,4645.156000,258.000000,187.000000,,262.000000,False,SOFT,16.000000,False,Audi,4526.297000,,1,,False,,False,False
2026,11,Hungarian Grand Prix,FP1,906.598000,HAD,6,hadjar,red_bull,,1.000000,1.000000,795.003000,,,41.665000,31.453000,,875.359000,906.749000,246.000000,160.000000,223.000000,,False,MEDIUM,1.000000,True,Red Bull Racing,795.003000,,1,,False,,False,False
2026,11,Hungarian Grand Prix,FP1,1001.549000,HAD,6,hadjar,red_bull,94.951000,2.000000,1.000000,,,34.900000,34.342000,25.709000,941.498000,975.840000,1001.549000,271.000000,218.000000,253.000000,263.000000,True,MEDIUM,2.000000,True,Red Bull Racing,906.598000,,1,,False,,False,True
2026,11,Hungarian Grand Prix,FP1,1089.938000,HAD,6,hadjar,red_bull,88.389000,3.000000,1.000000,,,30.685000,32.837000,24.867000,1032.234000,1065.071000,1089.938000,275.000000,231.000000,255.000000,300.000000,True,MEDIUM,3.000000,True,Red Bull Racing,1001.549000,,1,,False,,False,True
2026,11,Hungarian Grand Prix,FP1,1188.271000,HAD,6,hadjar,red_bull,98.333000,4.000000,1.000000,,1186.546000,31.036000,35.773000,31.524000,1120.974000,1156.747000,1188.271000,262.000000,217.000000,,300.000000,False,MEDIUM,4.000000,True,Red Bull Racing,1089.938000,,1,,False,,False,False
2026,11,Hungarian Grand Prix,FP1,1956.188000,HAD,6,hadjar,red_bull,,5.000000,2.000000,1857.877000,,,36.918000,25.079000,,1931.377000,1956.346000,238.000000,230.000000,263.000000,300.000000,False,MEDIUM,5.000000,False,Red Bull Racing,1188.271000,,1,,False,,False,False
2026,11,Hungarian Grand Prix,FP1,2038.971000,HAD,6,hadjar,red_bull,82.783000,6.000000,2.000000,,,28.956000,30.107000,23.720000,1985.144000,2015.251000,2038.971000,299.000000,243.000000,229.000000,321.000000,True,MEDIUM,6.000000,False,Red Bull Racing,1956.188000,,1,,False,,False,True
2026,11,Hungarian Grand Prix,FP1,2155.173000,HAD,6,hadjar,red_bull,116.202000,7.000000,2.000000,,,38.228000,47.099000,30.875000,2077.199000,2124.298000,2155.173000,216.000000,104.000000,260.000000,211.000000,False,MEDIUM,7.000000,False,Red Bull Racing,2038.971000,,1,,False,,False,True
2026,11,Hungarian Grand Prix,FP1,2236.789000,HAD,6,hadjar,red_bull,81.616000,8.000000,2.000000,,,28.683000,29.444000,23.489000,2183.856000,2213.300000,2236.789000,298.000000,246.000000,235.000000,316.000000,True,MEDIUM,8.000000,False,Red Bull Racing,2155.173000,,1,,False,,False,True
2026,11,Hungarian Grand Prix,FP1,2349.475000,HAD,6,hadjar,red_bull,112.686000,9.000000,2.000000,,2347.815000,43.533000,38.013000,31.140000,2280.322000,2318.335000,2349.475000,213.000000,189.000000,,237.000000,False,MEDIUM,9.000000,False,Red Bull Racing,2236.789000,,1,,False,,False,False
2026,11,Hungarian Grand Prix,FP1,2784.791000,HAD,6,hadjar,red_bull,,10.000000,3.000000,2695.392000,,,32.038000,24.583000,,2760.517000,2784.946000,218.000000,233.000000,264.000000,237.000000,False,SOFT,1.000000,True,Red Bull Racing,2349.475000,,1,,False,,False,False
2026,11,Hungarian Grand Prix,FP1,2864.788000,HAD,6,hadjar,red_bull,79.997000,11.000000,3.000000,,,27.866000,29.016000,23.115000,2812.657000,2841.673000,2864.788000,287.000000,248.000000,264.000000,320.000000,True,SOFT,2.000000,True,Red Bull Racing,2784.791000,,1,,False,,False,True
2026,11,Hungarian Grand Prix,FP1,2987.325000,HAD,6,hadjar,red_bull,122.537000,12.000000,3.000000,,,48.782000,43.566000,30.189000,2913.570000,2957.136000,2987.325000,130.000000,164.000000,183.000000,226.000000,False,SOFT,3.000000,True,Red Bull Racing,2864.788000,,12,,False,,False,True
2026,11,Hungarian Grand Prix,FP1,3501.158000,HAD,6,hadjar,red_bull,,13.000000,3.000000,,3119.576000,,,,,,,,,,237.000000,False,SOFT,4.000000,True,Red Bull Racing,2987.325000,,251,,False,,False,False
2026,11,Hungarian Grand Prix,FP1,3621.577000,HAD,6,hadjar,red_bull,,14.000000,4.000000,3501.158000,,,31.955000,24.284000,,3597.543000,3621.577000,276.000000,237.000000,255.000000,237.000000,False,MEDIUM,10.000000,False,Red Bull Racing,3501.158000,,1,,False,,False,False
2026,11,Hungarian Grand Prix,FP1,3706.895000,HAD,6,hadjar,red_bull,85.318000,15.000000,4.000000,,,29.478000,31.238000,24.602000,3651.055000,3682.293000,3706.895000,288.000000,234.000000,257.000000,315.000000,False,MEDIUM,11.000000,False,Red Bull Racing,3621.577000,,1,,False,,False,True
2026,11,Hungarian Grand Prix,FP1,3792.119000,HAD,6,hadjar,red_bull,85.224000,16.000000,4.000000,,,29.403000,31.299000,24.522000,3736.298000,3767.597000,3792.119000,285.000000,235.000000,259.000000,309.000000,False,MEDIUM,12.000000,False,Red Bull Racing,3706.895000,,12,,False,,False,True
2026,11,Hungarian Grand Prix,FP1,3877.475000,HAD,6,hadjar,red_bull,85.356000,17.000000,4.000000,,,29.502000,31.283000,24.571000,3821.621000,3852.904000,3877.475000,284.000000,234.000000,258.000000,306.000000,False,MEDIUM,13.000000,False,Red Bull Racing,3792.119000,,1,,False,,False,True
2026,11,Hungarian Grand Prix,FP1,3963.039000,HAD,6,hadjar,red_bull,85.564000,18.000000,4.000000,,,29.409000,31.256000,24.899000,3906.884000,3938.140000,3963.039000,285.000000,236.000000,256.000000,312.000000,False,MEDIUM,14.000000,False,Red Bull Racing,3877.475000,,1,,False,,False,True
2026,11,Hungarian Grand Prix,FP1,4051.569000,HAD,6,hadjar,red_bull,88.530000,19.000000,4.000000,,,29.557000,31.267000,27.706000,3992.596000,4023.863000,4051.569000,288.000000,235.000000,251.000000,306.000000,False,MEDIUM,15.000000,False,Red Bull Racing,3963.039000,,1,,False,,False,True
2026,11,Hungarian Grand Prix,FP1,4137.226000,HAD,6,hadjar,red_bull,85.657000,20.000000,4.000000,,,29.690000,31.277000,24.690000,4081.259000,4112.536000,4137.226000,281.000000,233.000000,257.000000,308.000000,False,MEDIUM,16.000000,False,Red Bull Racing,4051.569000,,1,,False,,False,True
2026,11,Hungarian Grand Prix,FP1,4222.433000,HAD,6,hadjar,red_bull,85.207000,21.000000,4.000000,,,29.581000,31.034000,24.592000,4166.807000,4197.841000,4222.433000,285.000000,236.000000,258.000000,303.000000,False,MEDIUM,17.000000,False,Red Bull Racing,4137.226000,,1,,False,,False,True
2026,11,Hungarian Grand Prix,FP1,4307.623000,HAD,6,hadjar,red_bull,85.190000,22.000000,4.000000,,,29.503000,31.154000,24.533000,4251.936000,4283.090000,4307.623000,281.000000,236.000000,259.000000,305.000000,False,MEDIUM,18.000000,False,Red Bull Racing,4222.433000,,1,,False,,False,True
2026,11,Hungarian Grand Prix,FP1,4392.829000,HAD,6,hadjar,red_bull,85.206000,23.000000,4.000000,,,29.586000,31.135000,24.485000,4337.209000,4368.344000,4392.829000,283.000000,237.000000,259.000000,314.000000,False,MEDIUM,19.000000,False,Red Bull Racing,4307.623000,,1,,False,,False,True
2026,11,Hungarian Grand Prix,FP1,4541.802000,HAD,6,hadjar,red_bull,148.973000,24.000000,4.000000,,,43.258000,52.214000,53.501000,4436.087000,4488.301000,4541.802000,106.000000,104.000000,42.000000,295.000000,False,MEDIUM,20.000000,False,Red Bull Racing,4392.829000,,1,,False,,False,True
2026,11,Hungarian Grand Prix,FP1,4666.489000,HAD,6,hadjar,red_bull,124.687000,25.000000,4.000000,,4664.696000,63.764000,32.329000,28.594000,4605.566000,4637.895000,4666.489000,277.000000,218.000000,,261.000000,False,MEDIUM,21.000000,False,Red Bull Racing,4541.802000,,1,,False,,False,False
2026,11,Hungarian Grand Prix,FP1,1029.221000,GAS,10,gasly,alpine,,1.000000,1.000000,927.840000,,,38.796000,25.594000,,1003.833000,1029.319000,257.000000,205.000000,219.000000,,False,MEDIUM,1.000000,True,Alpine,927.840000,,1,,False,,False,False
2026,11,Hungarian Grand Prix,FP1,1131.529000,GAS,10,gasly,alpine,102.308000,2.000000,1.000000,,,37.074000,35.588000,29.646000,1066.295000,1101.883000,1131.529000,234.000000,215.000000,260.000000,263.000000,True,MEDIUM,2.000000,True,Alpine,1029.221000,,1,,False,,False,True
2026,11,Hungarian Grand Prix,FP1,1216.078000,GAS,10,gasly,alpine,84.549000,3.000000,1.000000,,,28.987000,31.495000,24.067000,1160.516000,1192.011000,1216.078000,291.000000,232.000000,251.000000,323.000000,False,MEDIUM,3.000000,True,Alpine,1131.529000,,1,,True,TRACK LIMITS AT TURN 7 LAP 4 ,False,True
2026,11,Hungarian Grand Prix,FP1,1326.605000,GAS,10,gasly,alpine,110.527000,4.000000,1.000000,,,42.127000,42.185000,26.215000,1258.205000,1300.390000,1326.605000,211.000000,167.000000,263.000000,283.000000,False,MEDIUM,4.000000,True,Alpine,1216.078000,,1,,False,,False,True
2026,11,Hungarian Grand Prix,FP1,1409.299000,GAS,10,gasly,alpine,82.694000,5.000000,1.000000,,,28.584000,30.439000,23.671000,1355.189000,1385.628000,1409.299000,288.000000,239.000000,249.000000,323.000000,True,MEDIUM,5.000000,True,Alpine,1326.605000,,1,,False,,False,True
2026,11,Hungarian Grand Prix,FP1,1519.789000,GAS,10,gasly,alpine,110.490000,6.000000,1.000000,,1517.984000,41.858000,36.770000,31.862000,1451.157000,1487.927000,1519.789000,237.000000,199.000000,,267.000000,False,MEDIUM,6.000000,True,Alpine,1409.299000,,1,,False,,False,False
2026,11,Hungarian Grand Prix,FP1,1662.961000,GAS,10,gasly,alpine,143.172000,7.000000,2.000000,1568.118000,,81.613000,35.671000,25.888000,1601.402000,1637.073000,1662.961000,237.000000,208.000000,265.000000,267.000000,False,MEDIUM,7.000000,False,Alpine,1519.789000,,1,,False,,False,False
2026,11,Hungarian Grand Prix,FP1,1746.498000,GAS,10,gasly,alpine,83.537000,8.000000,2.000000,,,28.870000,30.777000,23.890000,1691.831000,1722.608000,1746.498000,288.000000,241.000000,253.000000,321.000000,False,MEDIUM,8.000000,False,Alpine,1662.961000,,1,,False,,False,True
2026,11,Hungarian Grand Prix,FP1,1859.446000,GAS,10,gasly,alpine,112.948000,9.000000,2.000000,,,44.067000,43.207000,25.674000,1790.565000,1833.772000,1859.446000,158.000000,201.000000,264.000000,280.000000,False,MEDIUM,9.000000,False,Alpine,1746.498000,,1,,False,,False,True
2026,11,Hungarian Grand Prix,FP1,1943.735000,GAS,10,gasly,alpine,84.289000,10.000000,2.000000,,,29.027000,31.161000,24.101000,1888.473000,1919.634000,1943.735000,289.000000,240.000000,248.000000,322.000000,False,MEDIUM,10.000000,False,Alpine,1859.446000,,1,,False,,False,True
2026,11,Hungarian Grand Prix,FP1,2050.136000,GAS,10,gasly,alpine,106.401000,11.000000,2.000000,,2048.315000,35.637000,39.243000,31.521000,1979.372000,2018.615000,2050.136000,198.000000,226.000000,,265.000000,False,MEDIUM,11.000000,False,Alpine,1943.735000,,1,,False,,False,False
2026,11,Hungarian Grand Prix,FP1,2197.986000,GAS,10,gasly,alpine,147.850000,12.000000,3.000000,2097.924000,,83.670000,38.487000,25.693000,2133.806000,2172.293000,2197.986000,238.000000,206.000000,263.000000,265.000000,False,MEDIUM,12.000000,False,Alpine,2050.136000,,1,,False,,False,False
2026,11,Hungarian Grand Prix,FP1,2281.136000,GAS,10,gasly,alpine,83.150000,13.000000,3.000000,,,28.857000,30.534000,23.759000,2226.843000,2257.377000,2281.136000,290.000000,242.000000,250.000000,322.000000,False,MEDIUM,13.000000,False,Alpine,2197.986000,,1,,False,,False,True
2026,11,Hungarian Grand Prix,FP1,2390.340000,GAS,10,gasly,alpine,109.204000,14.000000,3.000000,,,43.824000,39.290000,26.090000,2324.960000,2364.250000,2390.340000,197.000000,207.000000,258.000000,215.000000,False,MEDIUM,14.000000,False,Alpine,2281.136000,,1,,False,,False,True
2026,11,Hungarian Grand Prix,FP1,2483.809000,GAS,10,gasly,alpine,93.469000,15.000000,3.000000,,2482.015000,28.805000,32.226000,32.438000,2419.145000,2451.371000,2483.809000,293.000000,181.000000,,319.000000,False,MEDIUM,15.000000,False,Alpine,2390.340000,,1,,False,,False,False
2026,11,Hungarian Grand Prix,FP1,3375.297000,GAS,10,gasly,alpine,,16.000000,4.000000,2915.081000,3126.357000,,35.144000,,,2984.389000,,233.000000,205.000000,,,False,SOFT,1.000000,True,Alpine,2483.809000,,125,,False,,False,False
2026,11,Hungarian Grand Prix,FP1,3471.155000,GAS,10,gasly,alpine,,17.000000,5.000000,3375.297000,,,34.626000,25.271000,,3446.032000,3471.311000,242.000000,215.000000,266.000000,319.000000,False,SOFT,2.000000,False,Alpine,3375.297000,,1,,False,,False,False
2026,11,Hungarian Grand Prix,FP1,3552.859000,GAS,10,gasly,alpine,81.704000,18.000000,5.000000,,,28.558000,29.880000,23.266000,3499.713000,3529.593000,3552.859000,291.000000,240.000000,245.000000,319.000000,True,SOFT,3.000000,False,Alpine,3471.155000,,1,,False,,False,True
2026,11,Hungarian Grand Prix,FP1,3679.424000,GAS,10,gasly,alpine,126.565000,19.000000,5.000000,,,48.021000,44.128000,34.416000,3600.880000,3645.008000,3679.424000,151.000000,141.000000,170.000000,259.000000,False,SOFT,4.000000,False,Alpine,3552.859000,,1,,False,,False,True
2026,11,Hungarian Grand Prix,FP1,3784.946000,GAS,10,gasly,alpine,105.522000,20.000000,5.000000,,,36.369000,43.193000,25.960000,3715.793000,3758.986000,3784.946000,232.000000,177.000000,264.000000,235.000000,False,SOFT,5.000000,False,Alpine,3679.424000,,12,,False,,False,True
2026,11,Hungarian Grand Prix,FP1,3867.534000,GAS,10,gasly,alpine,82.588000,21.000000,5.000000,,,28.498000,30.228000,23.862000,3813.444000,3843.672000,3867.534000,290.000000,240.000000,249.000000,321.000000,False,SOFT,6.000000,False,Alpine,3784.946000,,1,,False,,False,True
2026,11,Hungarian Grand Prix,FP1,3966.403000,GAS,10,gasly,alpine,98.869000,22.000000,5.000000,,,32.338000,36.003000,30.528000,3899.872000,3935.875000,3966.403000,247.000000,143.000000,258.000000,282.000000,False,SOFT,7.000000,False,Alpine,3867.534000,,1,,False,,False,True
2026,11,Hungarian Grand Prix,FP1,4052.121000,GAS,10,gasly,alpine,85.718000,23.000000,5.000000,,,29.415000,31.977000,24.326000,3995.818000,4027.795000,4052.121000,283.000000,232.000000,266.000000,313.000000,False,SOFT,8.000000,False,Alpine,3966.403000,,1,,False,,False,True
2026,11,Hungarian Grand Prix,FP1,4140.529000,GAS,10,gasly,alpine,88.408000,24.000000,5.000000,,,29.473000,31.890000,27.045000,4081.594000,4113.484000,4140.529000,270.000000,234.000000,263.000000,322.000000,False,SOFT,9.000000,False,Alpine,4052.121000,,1,,False,,False,True
2026,11,Hungarian Grand Prix,FP1,4225.447000,GAS,10,gasly,alpine,84.918000,25.000000,5.000000,,,29.273000,31.357000,24.288000,4169.802000,4201.159000,4225.447000,287.000000,234.000000,262.000000,315.000000,False,SOFT,10.000000,False,Alpine,4140.529000,,1,,False,,False,True
2026,11,Hungarian Grand Prix,FP1,4310.024000,GAS,10,gasly,alpine,84.577000,26.000000,5.000000,,,29.105000,31.275000,24.197000,4254.552000,4285.827000,4310.024000,293.000000,235.000000,264.000000,319.000000,False,SOFT,11.000000,False,Alpine,4225.447000,,1,,False,,False,True
2026,11,Hungarian Grand Prix,FP1,4394.945000,GAS,10,gasly,alpine,84.921000,27.000000,5.000000,,,29.042000,31.529000,24.350000,4339.066000,4370.595000,4394.945000,288.000000,234.000000,263.000000,321.000000,False,SOFT,12.000000,False,Alpine,4310.024000,,1,,False,,False,True
2026,11,Hungarian Grand Prix,FP1,4508.461000,GAS,10,gasly,alpine,113.516000,28.000000,5.000000,,,36.810000,40.300000,36.406000,4431.755000,4472.055000,4508.461000,135.000000,200.000000,68.000000,321.000000,False,SOFT,13.000000,False,Alpine,4394.945000,,1,,False,,False,True
2026,11,Hungarian Grand Prix,FP1,4630.534000,GAS,10,gasly,alpine,122.073000,29.000000,5.000000,,4628.729000,60.017000,33.376000,28.680000,4568.478000,4601.854000,4630.534000,270.000000,221.000000,,262.000000,False,SOFT,14.000000,False,Alpine,4508.461000,,1,,False,,False,False
2026,11,Hungarian Grand Prix,FP1,908.030000,PER,11,perez,cadillac,,1.000000,1.000000,809.186000,,,36.790000,27.268000,,880.989000,908.161000,212.000000,223.000000,256.000000,,False,HARD,1.000000,True,Cadillac,809.186000,,1,,False,,False,False
2026,11,Hungarian Grand Prix,FP1,994.527000,PER,11,perez,cadillac,86.497000,2.000000,1.000000,,,30.201000,31.913000,24.383000,938.231000,970.144000,994.527000,267.000000,229.000000,258.000000,314.000000,True,HARD,2.000000,True,Cadillac,908.030000,,1,,False,,False,True
2026,11,Hungarian Grand Prix,FP1,1107.815000,PER,11,perez,cadillac,113.288000,3.000000,1.000000,,,41.437000,43.895000,27.956000,1035.964000,1079.859000,1107.815000,108.000000,220.000000,259.000000,214.000000,False,HARD,3.000000,True,Cadillac,994.527000,,1,,False,,False,True
2026,11,Hungarian Grand Prix,FP1,1191.519000,PER,11,perez,cadillac,83.704000,4.000000,1.000000,,,29.153000,30.865000,23.686000,1136.968000,1167.833000,1191.519000,291.000000,240.000000,253.000000,315.000000,True,HARD,4.000000,True,Cadillac,1107.815000,,1,,False,,False,True
2026,11,Hungarian Grand Prix,FP1,1295.315000,PER,11,perez,cadillac,103.796000,5.000000,1.000000,,,37.063000,39.085000,27.648000,1228.582000,1267.667000,1295.315000,201.000000,211.000000,259.000000,226.000000,False,HARD,5.000000,True,Cadillac,1191.519000,,1,,False,,False,True
2026,11,Hungarian Grand Prix,FP1,1378.963000,PER,11,perez,cadillac,83.648000,6.000000,1.000000,,,29.016000,30.831000,23.801000,1324.331000,1355.162000,1378.963000,291.000000,239.000000,258.000000,315.000000,True,HARD,6.000000,True,Cadillac,1295.315000,,1,,False,,False,True
2026,11,Hungarian Grand Prix,FP1,1497.793000,PER,11,perez,cadillac,118.830000,7.000000,1.000000,,,43.792000,41.765000,33.273000,1422.755000,1464.520000,1497.793000,187.000000,192.000000,260.000000,194.000000,False,HARD,7.000000,True,Cadillac,1378.963000,,1,,False,,False,True
2026,11,Hungarian Grand Prix,FP1,1582.736000,PER,11,perez,cadillac,84.943000,8.000000,1.000000,,,29.151000,30.896000,24.896000,1526.944000,1557.840000,1582.736000,291.000000,241.000000,253.000000,317.000000,False,HARD,8.000000,True,Cadillac,1497.793000,,1,,False,,False,True
2026,11,Hungarian Grand Prix,FP1,1685.903000,PER,11,perez,cadillac,103.167000,9.000000,1.000000,,1684.049000,35.730000,35.987000,31.450000,1618.466000,1654.453000,1685.903000,194.000000,215.000000,,308.000000,False,HARD,9.000000,True,Cadillac,1582.736000,,1,,False,,False,False
2026,11,Hungarian Grand Prix,FP1,2877.006000,PER,11,perez,cadillac,,10.000000,2.000000,2771.410000,,,41.463000,27.625000,,2849.649000,2877.020000,209.000000,175.000000,264.000000,308.000000,False,SOFT,1.000000,True,Cadillac,1685.903000,,1,,False,,False,False
2026,11,Hungarian Grand Prix,FP1,2959.095000,PER,11,perez,cadillac,82.089000,11.000000,2.000000,,,28.609000,30.251000,23.229000,2905.615000,2935.866000,2959.095000,294.000000,246.000000,254.000000,319.000000,True,SOFT,2.000000,True,Cadillac,2877.006000,,1,,False,,False,True
2026,11,Hungarian Grand Prix,FP1,3732.243000,PER,11,perez,cadillac,,12.000000,2.000000,,3099.131000,,,,,,,,,,181.000000,False,SOFT,3.000000,True,Cadillac,2959.095000,,125,,False,,False,False
2026,11,Hungarian Grand Prix,FP1,3845.507000,PER,11,perez,cadillac,,13.000000,3.000000,3732.243000,,,34.047000,24.648000,,3821.140000,3845.571000,260.000000,224.000000,255.000000,181.000000,False,SOFT,4.000000,False,Cadillac,3732.243000,,21,,False,,False,False
2026,11,Hungarian Grand Prix,FP1,3931.451000,PER,11,perez,cadillac,85.944000,14.000000,3.000000,,,29.605000,31.900000,24.439000,3875.112000,3907.012000,3931.451000,272.000000,231.000000,254.000000,308.000000,False,SOFT,5.000000,False,Cadillac,3845.507000,,1,,False,,False,True
2026,11,Hungarian Grand Prix,FP1,4017.573000,PER,11,perez,cadillac,86.122000,15.000000,3.000000,,,29.558000,32.009000,24.555000,3961.009000,3993.018000,4017.573000,271.000000,236.000000,253.000000,309.000000,False,SOFT,6.000000,False,Cadillac,3931.451000,,1,,False,,False,True
2026,11,Hungarian Grand Prix,FP1,4103.789000,PER,11,perez,cadillac,86.216000,16.000000,3.000000,,,29.866000,31.817000,24.533000,4047.439000,4079.256000,4103.789000,274.000000,231.000000,254.000000,306.000000,False,SOFT,7.000000,False,Cadillac,4017.573000,,1,,False,,False,True
2026,11,Hungarian Grand Prix,FP1,4190.523000,PER,11,perez,cadillac,86.734000,17.000000,3.000000,,,29.990000,31.986000,24.758000,4133.779000,4165.765000,4190.523000,273.000000,227.000000,253.000000,309.000000,False,SOFT,8.000000,False,Cadillac,4103.789000,,1,,False,,False,True
2026,11,Hungarian Grand Prix,FP1,4277.156000,PER,11,perez,cadillac,86.633000,18.000000,3.000000,,,30.010000,32.090000,24.533000,4220.533000,4252.623000,4277.156000,275.000000,235.000000,255.000000,303.000000,False,SOFT,9.000000,False,Cadillac,4190.523000,,1,,False,,False,True
2026,11,Hungarian Grand Prix,FP1,4363.318000,PER,11,perez,cadillac,86.162000,19.000000,3.000000,,,29.782000,31.741000,24.639000,4306.938000,4338.679000,4363.318000,277.000000,233.000000,252.000000,314.000000,False,SOFT,10.000000,False,Cadillac,4277.156000,,1,,False,,False,True
2026,11,Hungarian Grand Prix,FP1,4450.652000,PER,11,perez,cadillac,87.334000,20.000000,3.000000,,,30.421000,32.229000,24.684000,4393.739000,4425.968000,4450.652000,275.000000,231.000000,254.000000,309.000000,False,SOFT,11.000000,False,Cadillac,4363.318000,,1,,False,,False,True
2026,11,Hungarian Grand Prix,FP1,4616.269000,PER,11,perez,cadillac,,21.000000,3.000000,,,38.480000,41.498000,85.530000,4489.408000,4530.826000,4616.293000,198.000000,162.000000,134.000000,253.000000,False,SOFT,12.000000,False,Cadillac,4450.652000,,1,,False,,False,False
2026,11,Hungarian Grand Prix,FP1,4716.439000,PER,11,perez,cadillac,100.170000,22.000000,3.000000,,4714.542000,34.831000,36.303000,29.036000,4651.100000,4687.403000,4716.439000,230.000000,224.000000,,276.000000,False,SOFT,13.000000,False,Cadillac,4616.269000,,1,,False,,False,False
2026,11,Hungarian Grand Prix,FP1,950.722000,ALO,14,alonso,aston_martin,,1.000000,1.000000,827.347000,,,35.706000,27.663000,,923.275000,950.911000,242.000000,215.000000,248.000000,,False,HARD,1.000000,True,Aston Martin,827.347000,,1,,False,,False,False
2026,11,Hungarian Grand Prix,FP1,1035.249000,ALO,14,alonso,aston_martin,84.527000,2.000000,1.000000,,,29.941000,31.068000,23.518000,980.663000,1011.731000,1035.249000,270.000000,237.000000,257.000000,301.000000,True,HARD,2.000000,True,Aston Martin,950.722000,,1,,False,,False,True
2026,11,Hungarian Grand Prix,FP1,1142.044000,ALO,14,alonso,aston_martin,106.795000,3.000000,1.000000,,,39.646000,37.682000,29.467000,1074.895000,1112.577000,1142.044000,246.000000,199.000000,250.000000,214.000000,False,HARD,3.000000,True,Aston Martin,1035.249000,,1,,False,,False,True
2026,11,Hungarian Grand Prix,FP1,1225.263000,ALO,14,alonso,aston_martin,83.219000,4.000000,1.000000,,,29.450000,30.192000,23.577000,1171.494000,1201.686000,1225.263000,272.000000,240.000000,254.000000,302.000000,True,HARD,4.000000,True,Aston Martin,1142.044000,,1,,False,,False,True
2026,11,Hungarian Grand Prix,FP1,1344.124000,ALO,14,alonso,aston_martin,118.861000,5.000000,1.000000,,,42.542000,44.340000,31.979000,1267.805000,1312.145000,1344.124000,229.000000,82.000000,254.000000,214.000000,False,HARD,5.000000,True,Aston Martin,1225.263000,,1,,False,,False,True
2026,11,Hungarian Grand Prix,FP1,1429.719000,ALO,14,alonso,aston_martin,85.595000,6.000000,1.000000,,,29.805000,31.552000,24.238000,1373.929000,1405.481000,1429.719000,264.000000,231.000000,254.000000,293.000000,False,HARD,6.000000,True,Aston Martin,1344.124000,,1,,False,,False,True
2026,11,Hungarian Grand Prix,FP1,1515.640000,ALO,14,alonso,aston_martin,85.921000,7.000000,1.000000,,,29.950000,31.602000,24.369000,1459.669000,1491.271000,1515.640000,265.000000,232.000000,255.000000,294.000000,False,HARD,7.000000,True,Aston Martin,1429.719000,,1,,False,,False,True
2026,11,Hungarian Grand Prix,FP1,1623.354000,ALO,14,alonso,aston_martin,107.714000,8.000000,1.000000,,1621.656000,31.899000,41.931000,33.884000,1547.539000,1589.470000,1623.354000,245.000000,150.000000,,294.000000,False,HARD,8.000000,True,Aston Martin,1515.640000,,1,,False,,False,False
2026,11,Hungarian Grand Prix,FP1,2596.013000,ALO,14,alonso,aston_martin,,9.000000,2.000000,2504.421000,,,32.672000,28.019000,,2568.107000,2596.088000,253.000000,226.000000,254.000000,294.000000,False,HARD,9.000000,False,Aston Martin,1623.354000,,1,,False,,False,False
2026,11,Hungarian Grand Prix,FP1,2681.715000,ALO,14,alonso,aston_martin,85.702000,10.000000,2.000000,,,29.890000,31.614000,24.198000,2625.903000,2657.517000,2681.715000,265.000000,232.000000,257.000000,297.000000,False,HARD,10.000000,False,Aston Martin,2596.013000,,1,,False,,False,True
2026,11,Hungarian Grand Prix,FP1,2767.275000,ALO,14,alonso,aston_martin,85.560000,11.000000,2.000000,,,29.607000,31.558000,24.395000,2711.322000,2742.880000,2767.275000,264.000000,233.000000,252.000000,291.000000,False,HARD,11.000000,False,Aston Martin,2681.715000,,1,,False,,False,True
2026,11,Hungarian Grand Prix,FP1,2866.856000,ALO,14,alonso,aston_martin,99.581000,12.000000,2.000000,,2865.017000,31.971000,35.822000,31.788000,2799.246000,2835.068000,2866.856000,244.000000,149.000000,,293.000000,False,HARD,12.000000,False,Aston Martin,2767.275000,,1,,False,,False,False
2026,11,Hungarian Grand Prix,FP1,3506.380000,ALO,14,alonso,aston_martin,,13.000000,3.000000,3402.847000,,,33.476000,25.936000,,3480.729000,3506.463000,235.000000,217.000000,250.000000,293.000000,False,SOFT,1.000000,True,Aston Martin,3402.847000,,1,,False,,False,False
2026,11,Hungarian Grand Prix,FP1,3587.930000,ALO,14,alonso,aston_martin,81.550000,14.000000,3.000000,,,28.899000,29.471000,23.180000,3535.279000,3564.750000,3587.930000,273.000000,245.000000,248.000000,302.000000,True,SOFT,2.000000,True,Aston Martin,3506.380000,,1,,False,,False,True
2026,11,Hungarian Grand Prix,FP1,3712.922000,ALO,14,alonso,aston_martin,124.992000,15.000000,3.000000,,3711.230000,52.508000,39.339000,33.145000,3640.438000,3679.777000,3712.922000,195.000000,204.000000,,139.000000,False,SOFT,3.000000,True,Aston Martin,3587.930000,,1,,False,,False,False
2026,11,Hungarian Grand Prix,FP1,3841.082000,ALO,14,alonso,aston_martin,128.160000,16.000000,4.000000,3741.092000,,62.532000,37.546000,28.082000,3775.454000,3813.000000,3841.082000,248.000000,192.000000,248.000000,139.000000,False,SOFT,4.000000,False,Aston Martin,3712.922000,,12,,False,,False,False
2026,11,Hungarian Grand Prix,FP1,3929.334000,ALO,14,alonso,aston_martin,88.252000,17.000000,4.000000,,,28.966000,29.739000,29.547000,3870.048000,3899.787000,3929.334000,272.000000,242.000000,188.000000,301.000000,False,SOFT,5.000000,False,Aston Martin,3841.082000,,1,,False,,False,True
2026,11,Hungarian Grand Prix,FP1,4044.776000,ALO,14,alonso,aston_martin,115.442000,18.000000,4.000000,,,39.433000,49.882000,26.127000,3968.767000,4018.649000,4044.776000,216.000000,199.000000,249.000000,233.000000,False,SOFT,6.000000,False,Aston Martin,3929.334000,,1,,False,,False,True
2026,11,Hungarian Grand Prix,FP1,4126.680000,ALO,14,alonso,aston_martin,81.904000,19.000000,4.000000,,,28.866000,29.570000,23.468000,4073.642000,4103.212000,4126.680000,274.000000,245.000000,243.000000,301.000000,False,SOFT,7.000000,False,Aston Martin,4044.776000,,1,,False,,False,True
2026,11,Hungarian Grand Prix,FP1,4219.193000,ALO,14,alonso,aston_martin,92.513000,20.000000,4.000000,,4217.454000,31.321000,31.927000,29.265000,4158.001000,4189.928000,4219.193000,262.000000,221.000000,,261.000000,False,SOFT,8.000000,False,Aston Martin,4126.680000,,1,,False,,False,False
2026,11,Hungarian Grand Prix,FP1,931.064000,LEC,16,leclerc,ferrari,,1.000000,1.000000,818.278000,,,35.145000,30.142000,,901.278000,931.231000,245.000000,213.000000,257.000000,,False,MEDIUM,1.000000,True,Ferrari,818.278000,,1,,False,,False,False
2026,11,Hungarian Grand Prix,FP1,1013.769000,LEC,16,leclerc,ferrari,82.705000,2.000000,1.000000,,,29.163000,30.244000,23.298000,960.227000,990.471000,1013.769000,291.000000,239.000000,242.000000,314.000000,True,MEDIUM,2.000000,True,Ferrari,931.064000,,1,,False,,False,True
2026,11,Hungarian Grand Prix,FP1,1126.015000,LEC,16,leclerc,ferrari,112.246000,3.000000,1.000000,,,44.900000,41.369000,25.977000,1058.669000,1100.038000,1126.015000,178.000000,175.000000,259.000000,208.000000,False,MEDIUM,3.000000,True,Ferrari,1013.769000,,1,,False,,False,True
2026,11,Hungarian Grand Prix,FP1,1206.899000,LEC,16,leclerc,ferrari,80.884000,4.000000,1.000000,,,28.554000,29.452000,22.878000,1154.569000,1184.021000,1206.899000,294.000000,245.000000,243.000000,315.000000,True,MEDIUM,4.000000,True,Ferrari,1126.015000,,1,,False,,False,True
2026,11,Hungarian Grand Prix,FP1,1319.493000,LEC,16,leclerc,ferrari,112.594000,5.000000,1.000000,,,42.753000,42.791000,27.050000,1249.652000,1292.443000,1319.493000,162.000000,160.000000,260.000000,199.000000,False,MEDIUM,5.000000,True,Ferrari,1206.899000,,1,,False,,False,True
2026,11,Hungarian Grand Prix,FP1,1406.148000,LEC,16,leclerc,ferrari,86.655000,6.000000,1.000000,,,28.475000,29.430000,28.750000,1347.968000,1377.398000,1406.148000,293.000000,246.000000,202.000000,315.000000,False,MEDIUM,6.000000,True,Ferrari,1319.493000,,1,,False,,False,True
2026,11,Hungarian Grand Prix,FP1,1522.432000,LEC,16,leclerc,ferrari,116.284000,7.000000,1.000000,,,46.559000,44.451000,25.274000,1452.707000,1497.158000,1522.432000,121.000000,211.000000,260.000000,181.000000,False,MEDIUM,7.000000,True,Ferrari,1406.148000,,1,,False,,False,True
2026,11,Hungarian Grand Prix,FP1,1602.719000,LEC,16,leclerc,ferrari,80.287000,8.000000,1.000000,,,28.233000,29.137000,22.917000,1550.665000,1579.802000,1602.719000,297.000000,249.000000,246.000000,317.000000,True,MEDIUM,8.000000,True,Ferrari,1522.432000,,1,,False,,False,True
2026,11,Hungarian Grand Prix,FP1,1714.082000,LEC,16,leclerc,ferrari,111.363000,9.000000,1.000000,,1712.358000,41.260000,36.606000,33.497000,1643.979000,1680.585000,1714.082000,188.000000,199.000000,,210.000000,False,MEDIUM,9.000000,True,Ferrari,1602.719000,,1,,False,,False,False
2026,11,Hungarian Grand Prix,FP1,1848.774000,LEC,16,leclerc,ferrari,134.692000,10.000000,2.000000,1732.061000,,71.623000,34.422000,28.647000,1785.705000,1820.127000,1848.774000,241.000000,217.000000,260.000000,210.000000,False,MEDIUM,10.000000,False,Ferrari,1714.082000,,1,,False,,False,False
2026,11,Hungarian Grand Prix,FP1,1937.295000,LEC,16,leclerc,ferrari,88.521000,11.000000,2.000000,,,28.279000,32.003000,28.239000,1877.053000,1909.056000,1937.295000,295.000000,179.000000,261.000000,316.000000,False,MEDIUM,11.000000,False,Ferrari,1848.774000,,1,,False,,False,True
2026,11,Hungarian Grand Prix,FP1,2024.801000,LEC,16,leclerc,ferrari,87.506000,12.000000,2.000000,,2023.174000,28.255000,29.183000,30.068000,1965.550000,1994.733000,2024.801000,296.000000,252.000000,,315.000000,False,MEDIUM,12.000000,False,Ferrari,1937.295000,,1,,False,,False,False
2026,11,Hungarian Grand Prix,FP1,2748.258000,LEC,16,leclerc,ferrari,,13.000000,3.000000,2656.722000,,,33.551000,26.216000,,2722.283000,2748.330000,258.000000,148.000000,263.000000,315.000000,False,SOFT,1.000000,True,Ferrari,2024.801000,,1,,False,,False,False
2026,11,Hungarian Grand Prix,FP1,2827.333000,LEC,16,leclerc,ferrari,79.075000,14.000000,3.000000,,,27.846000,28.625000,22.604000,2776.104000,2804.729000,2827.333000,297.000000,252.000000,256.000000,318.000000,True,SOFT,2.000000,True,Ferrari,2748.258000,,1,,False,,False,True
2026,11,Hungarian Grand Prix,FP1,2937.994000,LEC,16,leclerc,ferrari,110.661000,15.000000,3.000000,,2936.267000,38.546000,39.188000,32.927000,2865.879000,2905.067000,2937.994000,186.000000,180.000000,,222.000000,False,SOFT,3.000000,True,Ferrari,2827.333000,,1,,False,,False,False
2026,11,Hungarian Grand Prix,FP1,3611.545000,LEC,16,leclerc,ferrari,,16.000000,4.000000,2954.314000,3104.348000,,,,,,,,,,,False,SOFT,4.000000,False,Ferrari,2937.994000,,125,,False,,False,False
2026,11,Hungarian Grand Prix,FP1,3721.842000,LEC,16,leclerc,ferrari,,17.000000,5.000000,3611.545000,,,31.556000,23.948000,,3698.151000,3721.842000,282.000000,232.000000,257.000000,222.000000,False,SOFT,5.000000,False,Ferrari,3611.545000,,1,,False,,False,False
2026,11,Hungarian Grand Prix,FP1,3807.508000,LEC,16,leclerc,ferrari,85.666000,18.000000,5.000000,,,30.831000,30.930000,23.905000,3752.673000,3783.603000,3807.508000,280.000000,236.000000,256.000000,312.000000,False,SOFT,6.000000,False,Ferrari,3721.842000,,12,,False,,False,True
2026,11,Hungarian Grand Prix,FP1,3918.743000,LEC,16,leclerc,ferrari,,19.000000,5.000000,,3918.743000,28.905000,30.547000,,3836.542000,3867.190000,,279.000000,238.000000,,310.000000,False,SOFT,7.000000,False,Ferrari,3807.508000,,1,,False,,False,False
2026,11,Hungarian Grand Prix,FP1,954.504000,STR,18,stroll,aston_martin,,1.000000,1.000000,830.675000,,,34.034000,28.954000,,925.789000,954.690000,241.000000,216.000000,249.000000,,False,HARD,1.000000,True,Aston Martin,830.675000,,1,,False,,False,False
2026,11,Hungarian Grand Prix,FP1,1038.899000,STR,18,stroll,aston_martin,84.395000,2.000000,1.000000,,,29.963000,30.879000,23.553000,984.467000,1015.346000,1038.899000,283.000000,236.000000,258.000000,302.000000,True,HARD,2.000000,True,Aston Martin,954.504000,,1,,False,,False,True
2026,11,Hungarian Grand Prix,FP1,1152.293000,STR,18,stroll,aston_martin,113.394000,3.000000,1.000000,,,39.123000,41.322000,32.949000,1078.022000,1119.344000,1152.293000,228.000000,210.000000,248.000000,243.000000,False,HARD,3.000000,True,Aston Martin,1038.899000,,1,,False,,False,True
2026,11,Hungarian Grand Prix,FP1,1235.764000,STR,18,stroll,aston_martin,83.471000,4.000000,1.000000,,,29.636000,30.353000,23.482000,1181.929000,1212.282000,1235.764000,275.000000,236.000000,256.000000,301.000000,True,HARD,4.000000,True,Aston Martin,1152.293000,,1,,False,,False,True
2026,11,Hungarian Grand Prix,FP1,1355.588000,STR,18,stroll,aston_martin,119.824000,5.000000,1.000000,,1353.764000,39.626000,46.884000,33.314000,1275.390000,1322.274000,1355.588000,177.000000,188.000000,,268.000000,False,HARD,5.000000,True,Aston Martin,1235.764000,,1,,False,,False,False
2026,11,Hungarian Grand Prix,FP1,1525.168000,STR,18,stroll,aston_martin,,6.000000,2.000000,1423.845000,,,35.463000,27.367000,,1498.140000,1525.232000,217.000000,218.000000,246.000000,268.000000,False,HARD,6.000000,False,Aston Martin,1355.588000,,1,,False,,False,False
2026,11,Hungarian Grand Prix,FP1,1611.028000,STR,18,stroll,aston_martin,85.860000,7.000000,2.000000,,,30.241000,31.498000,24.121000,1555.409000,1586.907000,1611.028000,265.000000,231.000000,253.000000,301.000000,False,HARD,7.000000,False,Aston Martin,1525.168000,,1,,False,,False,True
2026,11,Hungarian Grand Prix,FP1,1696.026000,STR,18,stroll,aston_martin,84.998000,8.000000,2.000000,,,29.739000,31.214000,24.045000,1640.767000,1671.981000,1696.026000,266.000000,233.000000,256.000000,298.000000,False,HARD,8.000000,False,Aston Martin,1611.028000,,1,,False,,False,True
2026,11,Hungarian Grand Prix,FP1,1806.407000,STR,18,stroll,aston_martin,110.381000,9.000000,2.000000,,1804.607000,36.137000,39.896000,34.348000,1732.163000,1772.059000,1806.407000,226.000000,149.000000,,303.000000,False,HARD,9.000000,False,Aston Martin,1696.026000,,1,,False,,False,False
2026,11,Hungarian Grand Prix,FP1,2942.844000,STR,18,stroll,aston_martin,,10.000000,3.000000,2851.447000,,,32.583000,26.693000,,2916.168000,2942.844000,261.000000,227.000000,250.000000,303.000000,False,HARD,10.000000,False,Aston Martin,1806.407000,,1,,False,,False,False
2026,11,Hungarian Grand Prix,FP1,3283.751000,STR,18,stroll,aston_martin,,11.000000,3.000000,,3283.751000,,,,,,,,,,302.000000,False,HARD,11.000000,False,Aston Martin,2942.844000,,125,,False,,False,False
2026,11,Hungarian Grand Prix,FP1,938.451000,ALB,23,albon,williams,,1.000000,1.000000,822.431000,,,37.466000,28.917000,,909.802000,938.675000,258.000000,218.000000,262.000000,,False,MEDIUM,1.000000,True,Williams,822.431000,,1,,False,,False,False
2026,11,Hungarian Grand Prix,FP1,1024.423000,ALB,23,albon,williams,85.972000,2.000000,1.000000,,,30.263000,31.562000,24.147000,968.714000,1000.276000,1024.423000,291.000000,237.000000,256.000000,321.000000,True,MEDIUM,2.000000,True,Williams,938.451000,,1,,False,,False,True
2026,11,Hungarian Grand Prix,FP1,1137.274000,ALB,23,albon,williams,112.851000,3.000000,1.000000,,,46.175000,40.293000,26.383000,1070.598000,1110.891000,1137.274000,187.000000,220.000000,260.000000,235.000000,False,MEDIUM,3.000000,True,Williams,1024.423000,,1,,False,,False,True
2026,11,Hungarian Grand Prix,FP1,1221.875000,ALB,23,albon,williams,84.601000,4.000000,1.000000,,,29.686000,30.885000,24.030000,1166.960000,1197.845000,1221.875000,290.000000,238.000000,257.000000,321.000000,True,MEDIUM,4.000000,True,Williams,1137.274000,,1,,False,,False,True
2026,11,Hungarian Grand Prix,FP1,1334.075000,ALB,23,albon,williams,112.200000,5.000000,1.000000,,,44.192000,41.286000,26.722000,1266.067000,1307.353000,1334.075000,169.000000,194.000000,262.000000,240.000000,False,MEDIUM,5.000000,True,Williams,1221.875000,,1,,False,,False,True
2026,11,Hungarian Grand Prix,FP1,1417.753000,ALB,23,albon,williams,83.678000,6.000000,1.000000,,,29.125000,30.647000,23.906000,1363.200000,1393.847000,1417.753000,287.000000,239.000000,259.000000,321.000000,True,MEDIUM,6.000000,True,Williams,1334.075000,,1,,False,,False,True
2026,11,Hungarian Grand Prix,FP1,1535.505000,ALB,23,albon,williams,117.752000,7.000000,1.000000,,1533.731000,41.340000,45.817000,30.595000,1459.093000,1504.910000,1535.505000,115.000000,200.000000,,293.000000,False,MEDIUM,7.000000,True,Williams,1417.753000,,1,,False,,False,False
2026,11,Hungarian Grand Prix,FP1,2063.870000,ALB,23,albon,williams,,8.000000,2.000000,1964.518000,,,40.528000,27.311000,,2036.815000,2063.945000,272.000000,217.000000,262.000000,293.000000,False,MEDIUM,8.000000,False,Williams,1535.505000,,1,,False,,False,False
2026,11,Hungarian Grand Prix,FP1,2146.876000,ALB,23,albon,williams,83.006000,9.000000,2.000000,,,28.823000,30.220000,23.963000,2092.693000,2122.913000,2146.876000,291.000000,240.000000,254.000000,319.000000,True,MEDIUM,9.000000,False,Williams,2063.870000,,1,,False,,False,True
2026,11,Hungarian Grand Prix,FP1,2265.006000,ALB,23,albon,williams,118.130000,10.000000,2.000000,,,45.634000,44.555000,27.941000,2192.510000,2237.065000,2265.006000,160.000000,174.000000,260.000000,250.000000,False,MEDIUM,10.000000,False,Williams,2146.876000,,1,,False,,False,True
2026,11,Hungarian Grand Prix,FP1,2370.453000,ALB,23,albon,williams,105.447000,11.000000,2.000000,,2368.493000,35.914000,36.849000,32.684000,2300.920000,2337.769000,2370.453000,202.000000,199.000000,,318.000000,False,MEDIUM,11.000000,False,Williams,2265.006000,,1,,False,,False,False
2026,11,Hungarian Grand Prix,FP1,2732.357000,ALB,23,albon,williams,,12.000000,3.000000,2640.517000,,,34.164000,25.756000,,2706.881000,2732.533000,266.000000,213.000000,264.000000,318.000000,False,SOFT,1.000000,True,Williams,2370.453000,,1,,False,,False,False
2026,11,Hungarian Grand Prix,FP1,2814.176000,ALB,23,albon,williams,81.819000,13.000000,3.000000,,,28.505000,29.742000,23.572000,2760.862000,2790.604000,2814.176000,291.000000,244.000000,256.000000,320.000000,True,SOFT,2.000000,True,Williams,2732.357000,,1,,False,,False,True
2026,11,Hungarian Grand Prix,FP1,2939.887000,ALB,23,albon,williams,125.711000,14.000000,3.000000,,,47.833000,46.427000,31.451000,2862.009000,2908.436000,2939.887000,140.000000,168.000000,197.000000,222.000000,False,SOFT,3.000000,True,Williams,2814.176000,,1,,False,,False,True
2026,11,Hungarian Grand Prix,FP1,3436.521000,ALB,23,albon,williams,,15.000000,3.000000,,3055.936000,39.976000,,,2980.153000,,,230.000000,,,252.000000,False,SOFT,4.000000,True,Williams,2939.887000,,125,,False,,False,False
2026,11,Hungarian Grand Prix,FP1,3530.925000,ALB,23,albon,williams,,16.000000,4.000000,3436.521000,,,33.491000,29.979000,,3501.158000,3531.031000,285.000000,224.000000,265.000000,252.000000,False,SOFT,5.000000,False,Williams,3436.521000,,1,,False,,False,False
2026,11,Hungarian Grand Prix,FP1,3622.561000,ALB,23,albon,williams,91.636000,17.000000,4.000000,,3620.765000,28.577000,31.627000,31.432000,3559.502000,3591.129000,3622.561000,288.000000,186.000000,,322.000000,False,SOFT,6.000000,False,Williams,3530.925000,,1,,False,,False,False
2026,11,Hungarian Grand Prix,FP1,3735.877000,ALB,23,albon,williams,113.316000,18.000000,5.000000,3645.482000,,53.676000,35.380000,24.260000,3676.237000,3711.617000,3735.877000,260.000000,233.000000,262.000000,322.000000,False,SOFT,7.000000,False,Williams,3622.561000,,12,,False,,False,False
2026,11,Hungarian Grand Prix,FP1,3821.502000,ALB,23,albon,williams,85.625000,19.000000,5.000000,,,29.938000,31.465000,24.222000,3765.815000,3797.280000,3821.502000,284.000000,233.000000,260.000000,317.000000,False,SOFT,8.000000,False,Williams,3735.877000,,21,,False,,False,True
2026,11,Hungarian Grand Prix,FP1,3905.458000,ALB,23,albon,williams,83.956000,20.000000,5.000000,,,28.964000,30.943000,24.049000,3850.466000,3881.409000,3905.458000,282.000000,232.000000,262.000000,316.000000,False,SOFT,9.000000,False,Williams,3821.502000,,1,,False,,False,True
2026,11,Hungarian Grand Prix,FP1,3990.091000,ALB,23,albon,williams,84.633000,21.000000,5.000000,,,29.145000,31.270000,24.218000,3934.603000,3965.873000,3990.091000,280.000000,237.000000,260.000000,317.000000,False,SOFT,10.000000,False,Williams,3905.458000,,1,,False,,False,True
2026,11,Hungarian Grand Prix,FP1,4074.477000,ALB,23,albon,williams,84.386000,22.000000,5.000000,,,29.104000,30.921000,24.361000,4019.195000,4050.116000,4074.477000,282.000000,234.000000,260.000000,318.000000,False,SOFT,11.000000,False,Williams,3990.091000,,1,,False,,False,True
2026,11,Hungarian Grand Prix,FP1,4163.748000,ALB,23,albon,williams,89.271000,23.000000,5.000000,,,32.411000,32.295000,24.565000,4106.888000,4139.183000,4163.748000,265.000000,232.000000,259.000000,316.000000,False,SOFT,12.000000,False,Williams,4074.477000,,1,,True,TRACK LIMITS AT TURN 2 LAP 24 ,False,True
2026,11,Hungarian Grand Prix,FP1,4248.301000,ALB,23,albon,williams,84.553000,24.000000,5.000000,,,29.273000,30.995000,24.285000,4193.021000,4224.016000,4248.301000,286.000000,235.000000,260.000000,314.000000,False,SOFT,13.000000,False,Williams,4163.748000,,1,,False,,False,True
2026,11,Hungarian Grand Prix,FP1,4337.524000,ALB,23,albon,williams,89.223000,25.000000,5.000000,,,29.240000,31.321000,28.662000,4277.541000,4308.862000,4337.524000,286.000000,234.000000,260.000000,315.000000,False,SOFT,14.000000,False,Williams,4248.301000,,1,,False,,False,True
2026,11,Hungarian Grand Prix,FP1,4422.092000,ALB,23,albon,williams,84.568000,26.000000,5.000000,,,29.200000,31.080000,24.288000,4366.724000,4397.804000,4422.092000,286.000000,233.000000,260.000000,317.000000,False,SOFT,15.000000,False,Williams,4337.524000,,1,,False,,False,True
2026,11,Hungarian Grand Prix,FP1,4573.672000,ALB,23,albon,williams,,27.000000,5.000000,,,35.457000,41.284000,74.762000,4457.679000,4498.961000,4573.672000,196.000000,143.000000,3.000000,316.000000,False,SOFT,16.000000,False,Williams,4422.092000,,1,,False,,False,False
2026,11,Hungarian Grand Prix,FP1,4673.691000,ALB,23,albon,williams,100.019000,28.000000,5.000000,,4671.649000,35.406000,32.045000,32.568000,4609.078000,4641.123000,4673.691000,277.000000,233.000000,,269.000000,False,SOFT,17.000000,False,Williams,4573.672000,,1,,False,,False,False
2026,11,Hungarian Grand Prix,FP1,913.778000,HER,25,nan,nan,,1.000000,1.000000,798.484000,,,42.682000,30.499000,,883.535000,913.911000,180.000000,197.000000,242.000000,,False,HARD,1.000000,True,Cadillac,798.484000,,1,,False,,False,False
2026,11,Hungarian Grand Prix,FP1,1005.212000,HER,25,nan,nan,91.434000,2.000000,1.000000,,,30.728000,33.377000,27.329000,944.506000,977.883000,1005.212000,267.000000,232.000000,247.000000,291.000000,True,HARD,2.000000,True,Cadillac,913.778000,,1,,False,,False,True
2026,11,Hungarian Grand Prix,FP1,1091.652000,HER,25,nan,nan,86.440000,3.000000,1.000000,,,30.256000,32.152000,24.032000,1035.468000,1067.620000,1091.652000,273.000000,234.000000,258.000000,288.000000,True,HARD,3.000000,True,Cadillac,1005.212000,,1,,False,,False,True
2026,11,Hungarian Grand Prix,FP1,1178.809000,HER,25,nan,nan,87.157000,4.000000,1.000000,,,29.782000,33.089000,24.286000,1121.434000,1154.523000,1178.809000,266.000000,231.000000,260.000000,313.000000,False,HARD,4.000000,True,Cadillac,1091.652000,,1,,True,TRACK LIMITS AT TURN 7 LAP 5 ,False,True
2026,11,Hungarian Grand Prix,FP1,1298.268000,HER,25,nan,nan,119.459000,5.000000,1.000000,,,40.323000,46.997000,32.139000,1219.132000,1266.129000,1298.268000,160.000000,148.000000,249.000000,298.000000,False,HARD,5.000000,True,Cadillac,1178.809000,,1,,False,,False,True
2026,11,Hungarian Grand Prix,FP1,1416.815000,HER,25,nan,nan,118.547000,6.000000,1.000000,,,38.405000,43.922000,36.220000,1336.673000,1380.595000,1416.815000,173.000000,182.000000,255.000000,313.000000,False,HARD,6.000000,True,Cadillac,1298.268000,,1,,True,TRACK LIMITS AT TURN 1 LAP 7 ,False,True
2026,11,Hungarian Grand Prix,FP1,1502.431000,HER,25,nan,nan,85.616000,7.000000,1.000000,,,29.708000,31.913000,23.995000,1446.523000,1478.436000,1502.431000,283.000000,234.000000,253.000000,315.000000,True,HARD,7.000000,True,Cadillac,1416.815000,,1,,False,,False,True
2026,11,Hungarian Grand Prix,FP1,1627.278000,HER,25,nan,nan,124.847000,8.000000,1.000000,,,45.152000,47.080000,32.615000,1547.583000,1594.663000,1627.278000,129.000000,145.000000,255.000000,206.000000,False,HARD,8.000000,True,Cadillac,1502.431000,,1,,False,,False,True
2026,11,Hungarian Grand Prix,FP1,1712.121000,HER,25,nan,nan,84.843000,9.000000,1.000000,,,29.246000,31.537000,24.060000,1656.524000,1688.061000,1712.121000,288.000000,238.000000,257.000000,315.000000,True,HARD,9.000000,True,Cadillac,1627.278000,,1,,False,,False,True
2026,11,Hungarian Grand Prix,FP1,1835.528000,HER,25,nan,nan,123.407000,10.000000,1.000000,,,46.439000,46.302000,30.666000,1758.560000,1804.862000,1835.528000,140.000000,155.000000,257.000000,204.000000,False,HARD,10.000000,True,Cadillac,1712.121000,,1,,False,,False,True
2026,11,Hungarian Grand Prix,FP1,1921.302000,HER,25,nan,nan,85.774000,11.000000,1.000000,,,30.091000,31.717000,23.966000,1865.619000,1897.336000,1921.302000,284.000000,231.000000,260.000000,315.000000,False,HARD,11.000000,True,Cadillac,1835.528000,,1,,False,,False,True
2026,11,Hungarian Grand Prix,FP1,2034.708000,HER,25,nan,nan,113.406000,12.000000,1.000000,,2032.924000,36.278000,43.044000,34.084000,1957.580000,2000.624000,2034.708000,231.000000,208.000000,,286.000000,False,HARD,12.000000,True,Cadillac,1921.302000,,1,,False,,False,False
2026,11,Hungarian Grand Prix,FP1,2634.649000,HER,25,nan,nan,,13.000000,2.000000,2518.661000,,,42.880000,30.621000,,2604.264000,2634.790000,181.000000,181.000000,259.000000,286.000000,False,SOFT,1.000000,True,Cadillac,2034.708000,,1,,False,,False,False
2026,11,Hungarian Grand Prix,FP1,2717.767000,HER,25,nan,nan,83.118000,14.000000,2.000000,,,28.944000,30.707000,23.467000,2663.593000,2694.300000,2717.767000,287.000000,241.000000,260.000000,318.000000,True,SOFT,2.000000,True,Cadillac,2634.649000,,1,,False,,False,True
2026,11,Hungarian Grand Prix,FP1,2844.666000,HER,25,nan,nan,126.899000,15.000000,2.000000,,,44.882000,48.393000,33.624000,2762.649000,2811.042000,2844.666000,138.000000,169.000000,162.000000,221.000000,False,SOFT,3.000000,True,Cadillac,2717.767000,,1,,False,,False,True
2026,11,Hungarian Grand Prix,FP1,2969.402000,HER,25,nan,nan,124.736000,16.000000,2.000000,,,43.779000,50.273000,30.684000,2888.445000,2938.718000,2969.402000,173.000000,191.000000,259.000000,187.000000,False,SOFT,4.000000,True,Cadillac,2844.666000,,1,,False,,False,True
2026,11,Hungarian Grand Prix,FP1,3377.746000,HER,25,nan,nan,,17.000000,2.000000,,3096.279000,35.373000,,,3005.076000,,,149.000000,,,316.000000,False,SOFT,5.000000,True,Cadillac,2969.402000,,125,,False,,False,False
2026,11,Hungarian Grand Prix,FP1,3482.615000,HER,25,nan,nan,,18.000000,3.000000,3377.746000,,,36.401000,27.242000,,3455.545000,3482.615000,215.000000,210.000000,255.000000,316.000000,False,SOFT,6.000000,False,Cadillac,3377.746000,,1,,False,,False,False
2026,11,Hungarian Grand Prix,FP1,3566.154000,HER,25,nan,nan,83.539000,19.000000,3.000000,,,29.267000,30.743000,23.529000,3511.882000,3542.625000,3566.154000,288.000000,233.000000,262.000000,315.000000,False,SOFT,7.000000,False,Cadillac,3482.615000,,1,,False,,False,True
2026,11,Hungarian Grand Prix,FP1,3664.445000,HER,25,nan,nan,98.291000,20.000000,3.000000,,3662.639000,32.559000,34.665000,31.067000,3598.713000,3633.378000,3664.445000,199.000000,217.000000,,259.000000,False,SOFT,8.000000,False,Cadillac,3566.154000,,1,,False,,False,False
2026,11,Hungarian Grand Prix,FP1,3994.874000,HER,25,nan,nan,,21.000000,4.000000,3872.930000,,,40.913000,25.021000,,3970.143000,3994.946000,218.000000,223.000000,254.000000,259.000000,False,SOFT,9.000000,False,Cadillac,3664.445000,,12,,False,,False,False
2026,11,Hungarian Grand Prix,FP1,4081.843000,HER,25,nan,nan,86.969000,22.000000,4.000000,,,30.164000,32.209000,24.596000,4025.038000,4057.247000,4081.843000,271.000000,228.000000,255.000000,309.000000,False,SOFT,10.000000,False,Cadillac,3994.874000,,1,,False,,False,True
2026,11,Hungarian Grand Prix,FP1,4168.361000,HER,25,nan,nan,86.518000,23.000000,4.000000,,,29.825000,32.037000,24.656000,4111.668000,4143.705000,4168.361000,272.000000,229.000000,254.000000,308.000000,False,SOFT,11.000000,False,Cadillac,4081.843000,,1,,False,,False,True
2026,11,Hungarian Grand Prix,FP1,4255.497000,HER,25,nan,nan,87.136000,24.000000,4.000000,,,30.190000,32.047000,24.899000,4198.551000,4230.598000,4255.497000,271.000000,230.000000,253.000000,307.000000,False,SOFT,12.000000,False,Cadillac,4168.361000,,1,,False,,False,True
2026,11,Hungarian Grand Prix,FP1,4342.845000,HER,25,nan,nan,87.348000,25.000000,4.000000,,,30.299000,32.171000,24.878000,4285.796000,4317.967000,4342.845000,270.000000,230.000000,252.000000,307.000000,False,SOFT,13.000000,False,Cadillac,4255.497000,,1,,False,,False,True
2026,11,Hungarian Grand Prix,FP1,4430.189000,HER,25,nan,nan,87.344000,26.000000,4.000000,,,30.428000,32.140000,24.776000,4373.273000,4405.413000,4430.189000,273.000000,229.000000,252.000000,307.000000,False,SOFT,14.000000,False,Cadillac,4342.845000,,1,,False,,False,True
2026,11,Hungarian Grand Prix,FP1,4561.253000,HER,25,nan,nan,131.064000,27.000000,4.000000,,,38.285000,43.819000,48.960000,4468.474000,4512.293000,4561.253000,172.000000,164.000000,29.000000,285.000000,False,SOFT,15.000000,False,Cadillac,4430.189000,,1,,False,,False,True
2026,11,Hungarian Grand Prix,FP1,4678.728000,HER,25,nan,nan,117.475000,28.000000,4.000000,,4676.774000,49.279000,33.880000,34.316000,4610.532000,4644.412000,4678.728000,273.000000,216.000000,,258.000000,False,SOFT,16.000000,False,Cadillac,4561.253000,,1,,False,,False,False
2026,11,Hungarian Grand Prix,FP1,913.146000,HUL,27,hulkenberg,audi,,1.000000,1.000000,807.553000,911.373000,,36.746000,32.784000,,880.611000,913.210000,233.000000,179.000000,,,False,MEDIUM,1.000000,True,Audi,807.553000,,1,,False,,False,False
2026,11,Hungarian Grand Prix,FP1,1052.849000,HUL,27,hulkenberg,audi,139.703000,2.000000,2.000000,948.246000,1051.104000,71.593000,37.184000,30.926000,984.739000,1021.923000,1052.849000,151.000000,179.000000,,,False,MEDIUM,2.000000,False,Audi,913.146000,,1,,False,,False,False
2026,11,Hungarian Grand Prix,FP1,1493.168000,HUL,27,hulkenberg,audi,,3.000000,3.000000,1380.631000,,,35.005000,28.513000,,1464.846000,1493.343000,241.000000,215.000000,262.000000,,False,MEDIUM,3.000000,False,Audi,1052.849000,,1,,False,,False,False
2026,11,Hungarian Grand Prix,FP1,1575.610000,HUL,27,hulkenberg,audi,82.442000,4.000000,3.000000,,,28.727000,30.318000,23.397000,1521.895000,1552.213000,1575.610000,292.000000,245.000000,259.000000,321.000000,True,MEDIUM,4.000000,False,Audi,1493.168000,,1,,False,,False,True
2026,11,Hungarian Grand Prix,FP1,1687.130000,HUL,27,hulkenberg,audi,111.520000,5.000000,3.000000,,,42.153000,43.131000,26.236000,1617.763000,1660.894000,1687.130000,159.000000,218.000000,264.000000,228.000000,False,MEDIUM,5.000000,False,Audi,1575.610000,,1,,False,,False,True
2026,11,Hungarian Grand Prix,FP1,1768.634000,HUL,27,hulkenberg,audi,81.504000,6.000000,3.000000,,,28.477000,29.823000,23.204000,1715.607000,1745.430000,1768.634000,294.000000,249.000000,255.000000,321.000000,True,MEDIUM,6.000000,False,Audi,1687.130000,,1,,False,,False,True
2026,11,Hungarian Grand Prix,FP1,1882.014000,HUL,27,hulkenberg,audi,113.380000,7.000000,3.000000,,1880.289000,35.339000,44.143000,33.898000,1803.973000,1848.116000,1882.014000,164.000000,158.000000,,278.000000,False,MEDIUM,7.000000,False,Audi,1768.634000,,1,,False,,False,False
2026,11,Hungarian Grand Prix,FP1,2001.685000,HUL,27,hulkenberg,audi,119.671000,8.000000,4.000000,1906.171000,,57.306000,36.965000,25.400000,1939.320000,1976.285000,2001.685000,203.000000,220.000000,264.000000,278.000000,False,MEDIUM,8.000000,False,Audi,1882.014000,,1,,False,,False,False
2026,11,Hungarian Grand Prix,FP1,2083.393000,HUL,27,hulkenberg,audi,81.708000,9.000000,4.000000,,,28.447000,29.667000,23.594000,2030.132000,2059.799000,2083.393000,298.000000,249.000000,256.000000,319.000000,False,MEDIUM,9.000000,False,Audi,2001.685000,,1,,False,,False,True
2026,11,Hungarian Grand Prix,FP1,2194.128000,HUL,27,hulkenberg,audi,110.735000,10.000000,4.000000,,2192.418000,37.941000,42.169000,30.625000,2121.334000,2163.503000,2194.128000,167.000000,179.000000,,258.000000,False,MEDIUM,10.000000,False,Audi,2083.393000,,1,,False,,False,False
2026,11,Hungarian Grand Prix,FP1,2606.368000,HUL,27,hulkenberg,audi,,11.000000,5.000000,2512.815000,,,34.659000,24.728000,,2582.012000,2606.608000,243.000000,221.000000,266.000000,258.000000,False,SOFT,1.000000,True,Audi,2194.128000,,1,,False,,False,False
2026,11,Hungarian Grand Prix,FP1,2687.157000,HUL,27,hulkenberg,audi,80.789000,12.000000,5.000000,,,28.165000,29.344000,23.280000,2634.533000,2663.877000,2687.157000,300.000000,250.000000,256.000000,323.000000,True,SOFT,2.000000,True,Audi,2606.368000,,1,,False,,False,True
2026,11,Hungarian Grand Prix,FP1,2804.225000,HUL,27,hulkenberg,audi,117.068000,13.000000,5.000000,,,41.357000,44.335000,31.376000,2728.514000,2772.849000,2804.225000,144.000000,158.000000,224.000000,218.000000,False,SOFT,3.000000,True,Audi,2687.157000,,1,,False,,False,True
2026,11,Hungarian Grand Prix,FP1,2907.531000,HUL,27,hulkenberg,audi,103.306000,14.000000,5.000000,,,33.029000,41.393000,28.884000,2837.254000,2878.647000,2907.531000,171.000000,166.000000,265.000000,307.000000,False,SOFT,4.000000,True,Audi,2804.225000,,1,,False,,False,True
2026,11,Hungarian Grand Prix,FP1,2988.154000,HUL,27,hulkenberg,audi,80.623000,15.000000,5.000000,,,28.130000,29.377000,23.116000,2935.661000,2965.038000,2988.154000,296.000000,250.000000,256.000000,319.000000,True,SOFT,5.000000,True,Audi,2907.531000,,12,,False,,False,True
2026,11,Hungarian Grand Prix,FP1,3439.606000,HUL,27,hulkenberg,audi,,16.000000,5.000000,,3120.889000,,,,,,,,,,208.000000,False,SOFT,6.000000,True,Audi,2988.154000,,251,,False,,False,False
2026,11,Hungarian Grand Prix,FP1,3542.002000,HUL,27,hulkenberg,audi,,17.000000,6.000000,3439.606000,,,32.274000,24.182000,,3517.974000,3542.109000,275.000000,234.000000,260.000000,208.000000,False,MEDIUM,11.000000,False,Audi,3439.606000,,1,,False,,False,False
2026,11,Hungarian Grand Prix,FP1,3626.334000,HUL,27,hulkenberg,audi,84.332000,18.000000,6.000000,,,29.316000,30.929000,24.087000,3571.318000,3602.247000,3626.334000,293.000000,236.000000,259.000000,312.000000,False,MEDIUM,12.000000,False,Audi,3542.002000,,1,,False,,False,True
2026,11,Hungarian Grand Prix,FP1,3710.951000,HUL,27,hulkenberg,audi,84.617000,19.000000,6.000000,,,29.290000,31.119000,24.208000,3655.624000,3686.743000,3710.951000,287.000000,235.000000,257.000000,312.000000,False,MEDIUM,13.000000,False,Audi,3626.334000,,1,,False,,False,True
2026,11,Hungarian Grand Prix,FP1,3796.103000,HUL,27,hulkenberg,audi,85.152000,20.000000,6.000000,,,29.394000,31.248000,24.510000,3740.345000,3771.593000,3796.103000,289.000000,237.000000,259.000000,312.000000,False,MEDIUM,14.000000,False,Audi,3710.951000,,12,,False,,False,True
2026,11,Hungarian Grand Prix,FP1,3882.352000,HUL,27,hulkenberg,audi,86.249000,21.000000,6.000000,,,29.671000,31.481000,25.097000,3825.774000,3857.255000,3882.352000,286.000000,229.000000,253.000000,307.000000,False,MEDIUM,15.000000,False,Audi,3796.103000,,1,,False,,False,True
2026,11,Hungarian Grand Prix,FP1,3968.878000,HUL,27,hulkenberg,audi,86.526000,22.000000,6.000000,,,30.176000,31.509000,24.841000,3912.528000,3944.037000,3968.878000,291.000000,227.000000,257.000000,319.000000,False,MEDIUM,16.000000,False,Audi,3882.352000,,1,,False,,False,True
2026,11,Hungarian Grand Prix,FP1,4054.884000,HUL,27,hulkenberg,audi,86.006000,23.000000,6.000000,,,29.707000,31.443000,24.856000,3998.585000,4030.028000,4054.884000,282.000000,230.000000,257.000000,309.000000,False,MEDIUM,17.000000,False,Audi,3968.878000,,1,,False,,False,True
2026,11,Hungarian Grand Prix,FP1,4141.508000,HUL,27,hulkenberg,audi,86.624000,24.000000,6.000000,,,29.812000,31.743000,25.069000,4084.696000,4116.439000,4141.508000,287.000000,231.000000,256.000000,308.000000,False,MEDIUM,18.000000,False,Audi,4054.884000,,1,,False,,False,True
2026,11,Hungarian Grand Prix,FP1,4227.668000,HUL,27,hulkenberg,audi,86.160000,25.000000,6.000000,,,29.679000,31.598000,24.883000,4171.187000,4202.785000,4227.668000,291.000000,232.000000,257.000000,323.000000,False,MEDIUM,19.000000,False,Audi,4141.508000,,1,,False,,False,True
2026,11,Hungarian Grand Prix,FP1,4317.090000,HUL,27,hulkenberg,audi,89.422000,26.000000,6.000000,,4315.321000,30.085000,31.617000,27.720000,4257.753000,4289.370000,4317.090000,288.000000,234.000000,,305.000000,False,MEDIUM,20.000000,False,Audi,4227.668000,,1,,False,,False,False
2026,11,Hungarian Grand Prix,FP1,4465.095000,HUL,27,hulkenberg,audi,148.005000,27.000000,7.000000,4341.576000,,89.611000,34.135000,24.259000,4406.701000,4440.836000,4465.095000,214.000000,232.000000,258.000000,305.000000,False,SOFT,7.000000,False,Audi,4317.090000,,1,,False,,False,False
2026,11,Hungarian Grand Prix,FP1,4628.769000,HUL,27,hulkenberg,audi,,28.000000,7.000000,,,33.593000,37.259000,92.875000,4498.814000,4536.216000,4628.852000,193.000000,211.000000,164.000000,309.000000,False,SOFT,8.000000,False,Audi,4465.095000,,1,,False,,False,False
2026,11,Hungarian Grand Prix,FP1,4732.357000,HUL,27,hulkenberg,audi,103.588000,29.000000,7.000000,,4730.587000,33.122000,39.169000,31.297000,4661.891000,4701.060000,4732.357000,217.000000,191.000000,,280.000000,False,SOFT,9.000000,False,Audi,4628.769000,,1,,False,,False,False
2026,11,Hungarian Grand Prix,FP1,962.590000,LAW,30,lawson,rb,,1.000000,1.000000,834.957000,,,34.972000,25.792000,,937.090000,962.814000,233.000000,211.000000,261.000000,,False,MEDIUM,1.000000,True,Racing Bulls,834.957000,,1,,False,,False,False
2026,11,Hungarian Grand Prix,FP1,1046.096000,LAW,30,lawson,rb,83.506000,2.000000,1.000000,,,28.888000,30.932000,23.686000,991.478000,1022.410000,1046.096000,298.000000,249.000000,236.000000,320.000000,False,MEDIUM,2.000000,True,Racing Bulls,962.590000,,1,,True,TRACK LIMITS AT TURN 7 LAP 3 ,False,True
2026,11,Hungarian Grand Prix,FP1,1175.495000,LAW,30,lawson,rb,129.399000,3.000000,1.000000,,,47.906000,52.688000,28.805000,1094.002000,1146.690000,1175.495000,147.000000,194.000000,262.000000,194.000000,True,MEDIUM,3.000000,True,Racing Bulls,1046.096000,,1,,False,,False,True
2026,11,Hungarian Grand Prix,FP1,1258.918000,LAW,30,lawson,rb,83.423000,4.000000,1.000000,,,28.675000,29.935000,24.813000,1204.170000,1234.105000,1258.918000,299.000000,251.000000,211.000000,323.000000,True,MEDIUM,4.000000,True,Racing Bulls,1175.495000,,1,,False,,False,True
2026,11,Hungarian Grand Prix,FP1,1379.992000,LAW,30,lawson,rb,121.074000,5.000000,1.000000,,1378.304000,48.950000,40.731000,31.393000,1307.868000,1348.599000,1379.992000,152.000000,189.000000,,205.000000,False,MEDIUM,5.000000,True,Racing Bulls,1258.918000,,1,,False,,False,False
2026,11,Hungarian Grand Prix,FP1,1508.062000,LAW,30,lawson,rb,128.070000,6.000000,2.000000,1407.703000,,67.078000,35.171000,25.821000,1447.070000,1482.241000,1508.062000,235.000000,222.000000,264.000000,205.000000,False,MEDIUM,6.000000,False,Racing Bulls,1379.992000,,1,,False,,False,False
2026,11,Hungarian Grand Prix,FP1,1590.071000,LAW,30,lawson,rb,82.009000,7.000000,2.000000,,,28.563000,29.975000,23.471000,1536.625000,1566.600000,1590.071000,298.000000,249.000000,253.000000,322.000000,True,MEDIUM,7.000000,False,Racing Bulls,1508.062000,,1,,False,,False,True
2026,11,Hungarian Grand Prix,FP1,1717.284000,LAW,30,lawson,rb,127.213000,8.000000,2.000000,,,51.490000,43.434000,32.289000,1641.561000,1684.995000,1717.284000,151.000000,180.000000,196.000000,187.000000,False,MEDIUM,8.000000,False,Racing Bulls,1590.071000,,1,,False,,False,True
2026,11,Hungarian Grand Prix,FP1,1816.862000,LAW,30,lawson,rb,99.578000,9.000000,2.000000,,,36.458000,36.709000,26.411000,1753.742000,1790.451000,1816.862000,219.000000,211.000000,261.000000,241.000000,False,MEDIUM,9.000000,False,Racing Bulls,1717.284000,,1,,False,,False,True
2026,11,Hungarian Grand Prix,FP1,1898.319000,LAW,30,lawson,rb,81.457000,10.000000,2.000000,,,28.483000,29.591000,23.383000,1845.345000,1874.936000,1898.319000,294.000000,250.000000,260.000000,322.000000,True,MEDIUM,10.000000,False,Racing Bulls,1816.862000,,1,,False,,False,True
2026,11,Hungarian Grand Prix,FP1,2000.540000,LAW,30,lawson,rb,102.221000,11.000000,2.000000,,1998.830000,35.149000,35.745000,31.327000,1933.468000,1969.213000,2000.540000,209.000000,218.000000,,243.000000,False,MEDIUM,11.000000,False,Racing Bulls,1898.319000,,1,,False,,False,False
2026,11,Hungarian Grand Prix,FP1,2573.403000,LAW,30,lawson,rb,,12.000000,3.000000,2475.546000,,,36.077000,25.090000,,2548.357000,2573.478000,232.000000,211.000000,265.000000,243.000000,False,SOFT,1.000000,True,Racing Bulls,2000.540000,,1,,False,,False,False
2026,11,Hungarian Grand Prix,FP1,2654.269000,LAW,30,lawson,rb,80.866000,13.000000,3.000000,,,28.201000,29.385000,23.280000,2601.604000,2630.989000,2654.269000,295.000000,250.000000,252.000000,323.000000,True,SOFT,2.000000,True,Racing Bulls,2573.403000,,1,,False,,False,True
2026,11,Hungarian Grand Prix,FP1,2762.902000,LAW,30,lawson,rb,108.633000,14.000000,3.000000,,2761.111000,36.624000,38.526000,33.483000,2690.893000,2729.419000,2762.902000,204.000000,196.000000,,204.000000,False,SOFT,3.000000,True,Racing Bulls,2654.269000,,1,,False,,False,False
2026,11,Hungarian Grand Prix,FP1,3414.064000,LAW,30,lawson,rb,,15.000000,4.000000,2920.590000,3028.732000,,38.071000,,,2996.574000,,220.000000,205.000000,,,False,SOFT,4.000000,False,Racing Bulls,2762.902000,,125,,False,,False,False
2026,11,Hungarian Grand Prix,FP1,3526.552000,LAW,30,lawson,rb,,16.000000,5.000000,3414.064000,,,32.964000,25.236000,,3501.487000,3526.664000,287.000000,235.000000,259.000000,204.000000,False,MEDIUM,12.000000,False,Racing Bulls,3414.064000,,1,,False,,False,False
2026,11,Hungarian Grand Prix,FP1,3613.896000,LAW,30,lawson,rb,87.344000,17.000000,5.000000,,,30.194000,32.276000,24.874000,3556.746000,3589.022000,3613.896000,282.000000,238.000000,257.000000,314.000000,False,MEDIUM,13.000000,False,Racing Bulls,3526.552000,,1,,False,,False,True
2026,11,Hungarian Grand Prix,FP1,3700.854000,LAW,30,lawson,rb,86.958000,18.000000,5.000000,,,29.964000,32.089000,24.905000,3643.860000,3675.949000,3700.854000,280.000000,237.000000,257.000000,308.000000,False,MEDIUM,14.000000,False,Racing Bulls,3613.896000,,1,,False,,False,True
2026,11,Hungarian Grand Prix,FP1,3787.127000,LAW,30,lawson,rb,86.273000,19.000000,5.000000,,,29.770000,31.708000,24.795000,3730.624000,3762.332000,3787.127000,293.000000,237.000000,257.000000,316.000000,False,MEDIUM,15.000000,False,Racing Bulls,3700.854000,,12,,False,,False,True
2026,11,Hungarian Grand Prix,FP1,3873.997000,LAW,30,lawson,rb,86.870000,20.000000,5.000000,,,29.979000,31.891000,25.000000,3817.106000,3848.997000,3873.997000,288.000000,232.000000,256.000000,313.000000,False,MEDIUM,16.000000,False,Racing Bulls,3787.127000,,1,,False,,False,True
2026,11,Hungarian Grand Prix,FP1,3960.642000,LAW,30,lawson,rb,86.645000,21.000000,5.000000,,,29.827000,31.803000,25.015000,3903.824000,3935.627000,3960.642000,289.000000,230.000000,257.000000,304.000000,False,MEDIUM,17.000000,False,Racing Bulls,3873.997000,,1,,False,,False,True
2026,11,Hungarian Grand Prix,FP1,4047.199000,LAW,30,lawson,rb,86.557000,22.000000,5.000000,,,29.906000,31.832000,24.819000,3990.548000,4022.380000,4047.199000,281.000000,235.000000,257.000000,303.000000,False,MEDIUM,18.000000,False,Racing Bulls,3960.642000,,1,,False,,False,True
2026,11,Hungarian Grand Prix,FP1,4133.477000,LAW,30,lawson,rb,86.278000,23.000000,5.000000,,,29.762000,31.646000,24.870000,4076.961000,4108.607000,4133.477000,288.000000,234.000000,256.000000,313.000000,False,MEDIUM,19.000000,False,Racing Bulls,4047.199000,,1,,False,,False,True
2026,11,Hungarian Grand Prix,FP1,4219.705000,LAW,30,lawson,rb,86.228000,24.000000,5.000000,,,29.667000,31.648000,24.913000,4163.144000,4194.792000,4219.705000,291.000000,235.000000,255.000000,313.000000,False,MEDIUM,20.000000,False,Racing Bulls,4133.477000,,1,,False,,False,True
2026,11,Hungarian Grand Prix,FP1,4306.049000,LAW,30,lawson,rb,86.344000,25.000000,5.000000,,,29.957000,31.512000,24.875000,4249.662000,4281.174000,4306.049000,287.000000,237.000000,256.000000,309.000000,False,MEDIUM,21.000000,False,Racing Bulls,4219.705000,,1,,False,,False,True
2026,11,Hungarian Grand Prix,FP1,4392.084000,LAW,30,lawson,rb,86.035000,26.000000,5.000000,,,29.699000,31.365000,24.971000,4335.748000,4367.113000,4392.084000,281.000000,228.000000,255.000000,317.000000,False,MEDIUM,22.000000,False,Racing Bulls,4306.049000,,1,,False,,False,True
2026,11,Hungarian Grand Prix,FP1,4519.744000,LAW,30,lawson,rb,127.660000,27.000000,5.000000,,,38.941000,46.406000,42.313000,4431.025000,4477.431000,4519.744000,134.000000,224.000000,63.000000,306.000000,False,MEDIUM,23.000000,False,Racing Bulls,4392.084000,,1,,False,,False,True
2026,11,Hungarian Grand Prix,FP1,4640.312000,LAW,30,lawson,rb,120.568000,28.000000,5.000000,,4638.508000,55.885000,35.944000,28.739000,4575.629000,4611.573000,4640.312000,276.000000,211.000000,,253.000000,False,MEDIUM,24.000000,False,Racing Bulls,4519.744000,,1,,False,,False,False
2026,11,Hungarian Grand Prix,FP1,899.706000,OCO,31,ocon,haas,,1.000000,1.000000,793.411000,,,39.436000,29.073000,,870.863000,899.903000,231.000000,207.000000,254.000000,,False,MEDIUM,1.000000,True,Haas F1 Team,793.411000,,1,,False,,False,False
2026,11,Hungarian Grand Prix,FP1,993.859000,OCO,31,ocon,haas,94.153000,2.000000,1.000000,,,29.746000,31.686000,32.721000,929.452000,961.138000,993.859000,286.000000,234.000000,252.000000,312.000000,True,MEDIUM,2.000000,True,Haas F1 Team,899.706000,,1,,False,,False,True
2026,11,Hungarian Grand Prix,FP1,1083.424000,OCO,31,ocon,haas,89.565000,3.000000,1.000000,,1081.672000,29.496000,30.830000,29.239000,1023.355000,1054.185000,1083.424000,290.000000,237.000000,,312.000000,False,MEDIUM,3.000000,True,Haas F1 Team,993.859000,,1,,False,,False,False
2026,11,Hungarian Grand Prix,FP1,1829.565000,OCO,31,ocon,haas,,4.000000,2.000000,1733.358000,,,34.904000,28.007000,,1801.779000,1829.624000,246.000000,219.000000,260.000000,312.000000,False,MEDIUM,4.000000,False,Haas F1 Team,1083.424000,,1,,False,,False,False
2026,11,Hungarian Grand Prix,FP1,1912.139000,OCO,31,ocon,haas,82.574000,5.000000,2.000000,,,28.845000,30.228000,23.501000,1858.410000,1888.638000,1912.139000,289.000000,241.000000,262.000000,316.000000,True,MEDIUM,5.000000,False,Haas F1 Team,1829.565000,,1,,False,,False,True
2026,11,Hungarian Grand Prix,FP1,2045.026000,OCO,31,ocon,haas,132.887000,6.000000,2.000000,,,48.133000,54.163000,30.591000,1960.272000,2014.435000,2045.026000,123.000000,216.000000,261.000000,265.000000,False,MEDIUM,6.000000,False,Haas F1 Team,1912.139000,,1,,False,,False,True
2026,11,Hungarian Grand Prix,FP1,2127.274000,OCO,31,ocon,haas,82.248000,7.000000,2.000000,,,28.588000,29.867000,23.793000,2073.614000,2103.481000,2127.274000,288.000000,243.000000,240.000000,317.000000,True,MEDIUM,7.000000,False,Haas F1 Team,2045.026000,,1,,False,,False,True
2026,11,Hungarian Grand Prix,FP1,2257.499000,OCO,31,ocon,haas,130.225000,8.000000,2.000000,,2255.639000,46.160000,49.823000,34.242000,2173.434000,2223.257000,2257.499000,130.000000,148.000000,,193.000000,False,MEDIUM,8.000000,False,Haas F1 Team,2127.274000,,1,,False,,False,False
2026,11,Hungarian Grand Prix,FP1,2396.572000,OCO,31,ocon,haas,139.073000,9.000000,3.000000,2273.712000,,74.595000,38.564000,25.914000,2332.094000,2370.658000,2396.572000,200.000000,212.000000,259.000000,193.000000,False,MEDIUM,9.000000,False,Haas F1 Team,2257.499000,,1,,False,,False,False
2026,11,Hungarian Grand Prix,FP1,2481.393000,OCO,31,ocon,haas,84.821000,10.000000,3.000000,,,30.149000,31.006000,23.666000,2426.721000,2457.727000,2481.393000,290.000000,239.000000,260.000000,314.000000,False,MEDIUM,10.000000,False,Haas F1 Team,2396.572000,,1,,False,,False,True
2026,11,Hungarian Grand Prix,FP1,2587.124000,OCO,31,ocon,haas,105.731000,11.000000,3.000000,,2585.252000,38.047000,39.480000,28.204000,2519.440000,2558.920000,2587.124000,237.000000,224.000000,,245.000000,False,MEDIUM,11.000000,False,Haas F1 Team,2481.393000,,1,,False,,False,False
2026,11,Hungarian Grand Prix,FP1,2974.030000,OCO,31,ocon,haas,,12.000000,4.000000,2873.130000,,,35.856000,29.515000,,2944.661000,2974.030000,240.000000,229.000000,264.000000,245.000000,False,SOFT,1.000000,True,Haas F1 Team,2587.124000,,12,,False,,False,False
2026,11,Hungarian Grand Prix,FP1,3367.346000,OCO,31,ocon,haas,,13.000000,4.000000,,3101.002000,,,,,,,,,,324.000000,False,SOFT,2.000000,True,Haas F1 Team,2974.030000,,125,,False,,False,False
2026,11,Hungarian Grand Prix,FP1,3459.540000,OCO,31,ocon,haas,,14.000000,5.000000,3367.346000,,,32.559000,26.559000,,3433.264000,3459.715000,263.000000,223.000000,249.000000,324.000000,False,SOFT,3.000000,False,Haas F1 Team,3367.346000,,1,,False,,False,False
2026,11,Hungarian Grand Prix,FP1,3555.181000,OCO,31,ocon,haas,95.641000,15.000000,5.000000,,,31.723000,36.187000,27.731000,3491.263000,3527.450000,3555.181000,242.000000,208.000000,265.000000,307.000000,False,SOFT,4.000000,False,Haas F1 Team,3459.540000,,1,,False,,False,True
2026,11,Hungarian Grand Prix,FP1,3636.232000,OCO,31,ocon,haas,81.051000,16.000000,5.000000,,,28.408000,29.482000,23.161000,3583.589000,3613.071000,3636.232000,287.000000,245.000000,258.000000,325.000000,True,SOFT,5.000000,False,Haas F1 Team,3555.181000,,1,,False,,False,True
2026,11,Hungarian Grand Prix,FP1,3755.372000,OCO,31,ocon,haas,119.140000,17.000000,5.000000,,,40.791000,44.342000,34.007000,3677.023000,3721.365000,3755.372000,154.000000,159.000000,192.000000,185.000000,False,SOFT,6.000000,False,Haas F1 Team,3636.232000,,12,,False,,False,True
2026,11,Hungarian Grand Prix,FP1,3881.632000,OCO,31,ocon,haas,126.260000,18.000000,5.000000,,,45.495000,46.533000,34.232000,3800.867000,3847.400000,3881.632000,165.000000,172.000000,259.000000,184.000000,False,SOFT,7.000000,False,Haas F1 Team,3755.372000,,21,,False,,False,True
2026,11,Hungarian Grand Prix,FP1,3963.514000,OCO,31,ocon,haas,81.882000,19.000000,5.000000,,,28.554000,29.801000,23.527000,3910.186000,3939.987000,3963.514000,285.000000,247.000000,255.000000,317.000000,False,SOFT,8.000000,False,Haas F1 Team,3881.632000,,1,,False,,False,True
2026,11,Hungarian Grand Prix,FP1,4067.217000,OCO,31,ocon,haas,103.703000,20.000000,5.000000,,4065.560000,39.936000,34.905000,28.862000,4003.450000,4038.355000,4067.217000,143.000000,222.000000,,210.000000,False,SOFT,9.000000,False,Haas F1 Team,3963.514000,,1,,False,,False,False
2026,11,Hungarian Grand Prix,FP1,4332.383000,OCO,31,ocon,haas,,21.000000,6.000000,4240.727000,,,32.216000,24.214000,,4308.331000,4332.430000,254.000000,240.000000,256.000000,210.000000,False,MEDIUM,12.000000,False,Haas F1 Team,4067.217000,,1,,False,,False,False
2026,11,Hungarian Grand Prix,FP1,4417.077000,OCO,31,ocon,haas,84.694000,22.000000,6.000000,,,29.367000,31.212000,24.115000,4361.750000,4392.962000,4417.077000,281.000000,237.000000,257.000000,312.000000,False,MEDIUM,13.000000,False,Haas F1 Team,4332.383000,,1,,False,,False,True
2026,11,Hungarian Grand Prix,FP1,4527.372000,OCO,31,ocon,haas,110.295000,23.000000,6.000000,,,35.839000,36.234000,38.222000,4452.916000,4489.150000,4527.372000,253.000000,124.000000,53.000000,188.000000,False,MEDIUM,14.000000,False,Haas F1 Team,4417.077000,,1,,False,,False,True
2026,11,Hungarian Grand Prix,FP1,4648.640000,OCO,31,ocon,haas,121.268000,24.000000,6.000000,,4646.809000,57.049000,31.927000,32.292000,4584.421000,4616.348000,4648.640000,272.000000,223.000000,,258.000000,False,MEDIUM,15.000000,False,Haas F1 Team,4527.372000,,1,,False,,False,False
2026,11,Hungarian Grand Prix,FP1,998.348000,LIN,41,arvid_lindblad,rb,,1.000000,1.000000,852.309000,,,41.442000,33.994000,,964.747000,998.531000,204.000000,212.000000,256.000000,,False,MEDIUM,1.000000,True,Racing Bulls,852.309000,,1,,False,,False,False
2026,11,Hungarian Grand Prix,FP1,1084.140000,LIN,41,arvid_lindblad,rb,85.792000,2.000000,1.000000,,,29.948000,31.076000,24.768000,1028.296000,1059.372000,1084.140000,284.000000,246.000000,241.000000,317.000000,True,MEDIUM,2.000000,True,Racing Bulls,998.348000,,1,,False,,False,True
2026,11,Hungarian Grand Prix,FP1,1195.760000,LIN,41,arvid_lindblad,rb,111.620000,3.000000,1.000000,,,43.382000,41.895000,26.343000,1127.522000,1169.417000,1195.760000,159.000000,220.000000,264.000000,260.000000,False,MEDIUM,3.000000,True,Racing Bulls,1084.140000,,1,,False,,False,True
2026,11,Hungarian Grand Prix,FP1,1278.208000,LIN,41,arvid_lindblad,rb,82.448000,4.000000,1.000000,,,28.924000,30.113000,23.411000,1224.684000,1254.797000,1278.208000,294.000000,249.000000,260.000000,321.000000,True,MEDIUM,4.000000,True,Racing Bulls,1195.760000,,1,,False,,False,True
2026,11,Hungarian Grand Prix,FP1,1393.005000,LIN,41,arvid_lindblad,rb,114.797000,5.000000,1.000000,,,40.547000,45.220000,29.030000,1318.755000,1363.975000,1393.005000,186.000000,177.000000,210.000000,207.000000,False,MEDIUM,5.000000,True,Racing Bulls,1278.208000,,1,,False,,False,True
2026,11,Hungarian Grand Prix,FP1,1503.293000,LIN,41,arvid_lindblad,rb,110.288000,6.000000,1.000000,,,37.588000,42.612000,30.088000,1430.593000,1473.205000,1503.293000,179.000000,219.000000,262.000000,259.000000,False,MEDIUM,6.000000,True,Racing Bulls,1393.005000,,1,,False,,False,True
2026,11,Hungarian Grand Prix,FP1,1585.118000,LIN,41,arvid_lindblad,rb,81.825000,7.000000,1.000000,,,28.647000,29.654000,23.524000,1531.940000,1561.594000,1585.118000,300.000000,249.000000,252.000000,321.000000,True,MEDIUM,7.000000,True,Racing Bulls,1503.293000,,1,,False,,False,True
2026,11,Hungarian Grand Prix,FP1,1709.380000,LIN,41,arvid_lindblad,rb,124.262000,8.000000,1.000000,,,47.198000,42.708000,34.356000,1632.316000,1675.024000,1709.380000,166.000000,161.000000,162.000000,187.000000,False,MEDIUM,8.000000,True,Racing Bulls,1585.118000,,1,,False,,False,True
2026,11,Hungarian Grand Prix,FP1,1811.711000,LIN,41,arvid_lindblad,rb,102.331000,9.000000,1.000000,,,40.085000,36.885000,25.361000,1749.465000,1786.350000,1811.711000,191.000000,217.000000,261.000000,202.000000,False,MEDIUM,9.000000,True,Racing Bulls,1709.380000,,1,,False,,False,True
2026,11,Hungarian Grand Prix,FP1,1893.330000,LIN,41,arvid_lindblad,rb,81.619000,10.000000,1.000000,,,28.634000,29.557000,23.428000,1840.345000,1869.902000,1893.330000,296.000000,246.000000,264.000000,319.000000,True,MEDIUM,10.000000,True,Racing Bulls,1811.711000,,1,,False,,False,True
2026,11,Hungarian Grand Prix,FP1,1990.077000,LIN,41,arvid_lindblad,rb,96.747000,11.000000,1.000000,,1988.330000,36.812000,33.551000,26.384000,1930.142000,1963.693000,1990.077000,197.000000,238.000000,,223.000000,False,MEDIUM,11.000000,True,Racing Bulls,1893.330000,,1,,False,,False,False
2026,11,Hungarian Grand Prix,FP1,2562.755000,LIN,41,arvid_lindblad,rb,,12.000000,2.000000,2460.358000,,,37.965000,25.458000,,2537.601000,2562.815000,171.000000,212.000000,263.000000,223.000000,False,SOFT,1.000000,True,Racing Bulls,1990.077000,,1,,False,,False,False
2026,11,Hungarian Grand Prix,FP1,2643.515000,LIN,41,arvid_lindblad,rb,80.760000,13.000000,2.000000,,,28.485000,29.119000,23.156000,2591.240000,2620.359000,2643.515000,295.000000,246.000000,265.000000,319.000000,True,SOFT,2.000000,True,Racing Bulls,2562.755000,,1,,False,,False,True
2026,11,Hungarian Grand Prix,FP1,2760.298000,LIN,41,arvid_lindblad,rb,116.783000,14.000000,2.000000,,2758.426000,38.596000,44.643000,33.544000,2682.111000,2726.754000,2760.298000,197.000000,172.000000,,217.000000,False,SOFT,3.000000,True,Racing Bulls,2643.515000,,1,,False,,False,False
2026,11,Hungarian Grand Prix,FP1,3427.266000,LIN,41,arvid_lindblad,rb,,15.000000,3.000000,2926.777000,3035.843000,,37.720000,,,3004.644000,,217.000000,208.000000,,,False,SOFT,4.000000,False,Racing Bulls,2760.298000,,125,,False,,False,False
2026,11,Hungarian Grand Prix,FP1,3517.607000,LIN,41,arvid_lindblad,rb,,16.000000,4.000000,3427.266000,,,33.298000,25.623000,,3492.189000,3517.724000,266.000000,229.000000,255.000000,217.000000,False,MEDIUM,12.000000,False,Racing Bulls,3427.266000,,1,,False,,False,False
2026,11,Hungarian Grand Prix,FP1,3604.841000,LIN,41,arvid_lindblad,rb,87.234000,17.000000,4.000000,,,30.417000,32.134000,24.683000,3548.024000,3580.158000,3604.841000,272.000000,234.000000,258.000000,319.000000,False,MEDIUM,13.000000,False,Racing Bulls,3517.607000,,1,,False,,False,True
2026,11,Hungarian Grand Prix,FP1,3691.056000,LIN,41,arvid_lindblad,rb,86.215000,18.000000,4.000000,,,30.281000,31.471000,24.463000,3635.122000,3666.593000,3691.056000,277.000000,235.000000,258.000000,307.000000,False,MEDIUM,14.000000,False,Racing Bulls,3604.841000,,1,,False,,False,True
2026,11,Hungarian Grand Prix,FP1,3777.244000,LIN,41,arvid_lindblad,rb,86.188000,19.000000,4.000000,,,29.958000,31.515000,24.715000,3721.014000,3752.529000,3777.244000,282.000000,237.000000,258.000000,309.000000,False,MEDIUM,15.000000,False,Racing Bulls,3691.056000,,12,,False,,False,True
2026,11,Hungarian Grand Prix,FP1,3864.053000,LIN,41,arvid_lindblad,rb,86.809000,20.000000,4.000000,,,30.298000,31.753000,24.758000,3807.542000,3839.295000,3864.053000,281.000000,233.000000,257.000000,310.000000,False,MEDIUM,16.000000,False,Racing Bulls,3777.244000,,21,,False,,False,True
2026,11,Hungarian Grand Prix,FP1,3950.209000,LIN,41,arvid_lindblad,rb,86.156000,21.000000,4.000000,,,29.795000,31.639000,24.722000,3893.848000,3925.487000,3950.209000,286.000000,233.000000,258.000000,313.000000,False,MEDIUM,17.000000,False,Racing Bulls,3864.053000,,1,,False,,False,True
2026,11,Hungarian Grand Prix,FP1,4037.065000,LIN,41,arvid_lindblad,rb,86.856000,22.000000,4.000000,,,29.957000,31.998000,24.901000,3980.166000,4012.164000,4037.065000,281.000000,235.000000,255.000000,314.000000,False,MEDIUM,18.000000,False,Racing Bulls,3950.209000,,1,,False,,False,True
2026,11,Hungarian Grand Prix,FP1,4124.054000,LIN,41,arvid_lindblad,rb,86.989000,23.000000,4.000000,,,29.936000,31.872000,25.181000,4067.001000,4098.873000,4124.054000,279.000000,234.000000,255.000000,311.000000,False,MEDIUM,19.000000,False,Racing Bulls,4037.065000,,1,,False,,False,True
2026,11,Hungarian Grand Prix,FP1,4212.318000,LIN,41,arvid_lindblad,rb,88.264000,24.000000,4.000000,,,30.895000,32.343000,25.026000,4154.949000,4187.292000,4212.318000,284.000000,234.000000,256.000000,299.000000,False,MEDIUM,20.000000,False,Racing Bulls,4124.054000,,1,,False,,False,True
2026,11,Hungarian Grand Prix,FP1,4299.453000,LIN,41,arvid_lindblad,rb,87.135000,25.000000,4.000000,,,30.102000,31.949000,25.084000,4242.420000,4274.369000,4299.453000,287.000000,234.000000,256.000000,308.000000,False,MEDIUM,21.000000,False,Racing Bulls,4212.318000,,1,,False,,False,True
2026,11,Hungarian Grand Prix,FP1,4386.126000,LIN,41,arvid_lindblad,rb,86.673000,26.000000,4.000000,,,30.017000,31.705000,24.951000,4329.470000,4361.175000,4386.126000,285.000000,230.000000,255.000000,311.000000,False,MEDIUM,22.000000,False,Racing Bulls,4299.453000,,1,,False,,False,True
2026,11,Hungarian Grand Prix,FP1,4492.686000,LIN,41,arvid_lindblad,rb,106.560000,27.000000,4.000000,,,34.988000,37.073000,34.499000,4421.114000,4458.187000,4492.686000,230.000000,184.000000,80.000000,309.000000,False,MEDIUM,23.000000,False,Racing Bulls,4386.126000,,1,,False,,False,True
2026,11,Hungarian Grand Prix,FP1,4619.248000,LIN,41,arvid_lindblad,rb,126.562000,28.000000,4.000000,,4616.887000,66.120000,32.945000,27.497000,4558.806000,4591.751000,4619.248000,268.000000,234.000000,,251.000000,False,MEDIUM,24.000000,False,Racing Bulls,4492.686000,,1,,False,,False,False
2026,11,Hungarian Grand Prix,FP1,983.146000,HAM,44,hamilton,ferrari,,1.000000,1.000000,837.992000,,,37.281000,31.746000,,951.604000,983.297000,196.000000,204.000000,118.000000,,False,MEDIUM,1.000000,True,Ferrari,837.992000,,1,,False,,False,False
2026,11,Hungarian Grand Prix,FP1,1081.453000,HAM,44,hamilton,ferrari,98.307000,2.000000,1.000000,,,38.164000,35.026000,25.117000,1021.310000,1056.336000,1081.453000,252.000000,226.000000,258.000000,231.000000,True,MEDIUM,2.000000,True,Ferrari,983.146000,,1,,False,,False,True
2026,11,Hungarian Grand Prix,FP1,1171.131000,HAM,44,hamilton,ferrari,89.678000,3.000000,1.000000,,,29.043000,35.172000,25.463000,1110.496000,1145.668000,1171.131000,281.000000,211.000000,261.000000,314.000000,True,MEDIUM,3.000000,True,Ferrari,1081.453000,,1,,False,,False,True
2026,11,Hungarian Grand Prix,FP1,1253.613000,HAM,44,hamilton,ferrari,82.482000,4.000000,1.000000,,,28.263000,29.450000,24.769000,1199.394000,1228.844000,1253.613000,294.000000,242.000000,240.000000,316.000000,True,MEDIUM,4.000000,True,Ferrari,1171.131000,,1,,False,,False,True
2026,11,Hungarian Grand Prix,FP1,1410.492000,HAM,44,hamilton,ferrari,,5.000000,1.000000,,,56.999000,65.269000,34.581000,1310.803000,1376.202000,1410.518000,92.000000,197.000000,258.000000,263.000000,False,MEDIUM,5.000000,True,Ferrari,1253.613000,,1,,False,,False,False
2026,11,Hungarian Grand Prix,FP1,1491.557000,HAM,44,hamilton,ferrari,81.065000,6.000000,1.000000,,,28.586000,29.431000,23.048000,1439.078000,1468.509000,1491.557000,291.000000,246.000000,257.000000,319.000000,True,MEDIUM,6.000000,True,Ferrari,1410.492000,,1,,False,,False,True
2026,11,Hungarian Grand Prix,FP1,1633.288000,HAM,44,hamilton,ferrari,141.731000,7.000000,1.000000,,,60.339000,53.841000,27.551000,1551.896000,1605.737000,1633.288000,74.000000,207.000000,262.000000,192.000000,False,MEDIUM,7.000000,True,Ferrari,1491.557000,,1,,False,,False,True
2026,11,Hungarian Grand Prix,FP1,1713.901000,HAM,44,hamilton,ferrari,80.613000,8.000000,1.000000,,,28.190000,29.302000,23.121000,1661.478000,1690.780000,1713.901000,299.000000,245.000000,259.000000,319.000000,True,MEDIUM,8.000000,True,Ferrari,1633.288000,,1,,False,,False,True
2026,11,Hungarian Grand Prix,FP1,1887.015000,HAM,44,hamilton,ferrari,,9.000000,1.000000,,,82.558000,64.634000,25.897000,1796.678000,1861.389000,1887.048000,55.000000,214.000000,259.000000,223.000000,False,MEDIUM,9.000000,True,Ferrari,1713.901000,,1,,False,,False,False
2026,11,Hungarian Grand Prix,FP1,1984.296000,HAM,44,hamilton,ferrari,97.281000,10.000000,1.000000,,1982.515000,28.411000,38.073000,30.797000,1915.426000,1953.499000,1984.296000,297.000000,139.000000,,315.000000,False,MEDIUM,10.000000,True,Ferrari,1887.015000,,1,,False,,False,False
2026,11,Hungarian Grand Prix,FP1,2884.771000,HAM,44,hamilton,ferrari,,11.000000,2.000000,2787.010000,,,35.547000,25.900000,,2859.002000,2884.895000,246.000000,223.000000,262.000000,315.000000,False,SOFT,1.000000,True,Ferrari,1984.296000,,1,,False,,False,False
2026,11,Hungarian Grand Prix,FP1,2964.389000,HAM,44,hamilton,ferrari,79.618000,12.000000,2.000000,,,27.931000,28.907000,22.780000,2912.702000,2941.609000,2964.389000,298.000000,243.000000,262.000000,316.000000,True,SOFT,2.000000,True,Ferrari,2884.771000,,1,,False,,False,True
2026,11,Hungarian Grand Prix,FP1,3707.343000,HAM,44,hamilton,ferrari,,13.000000,2.000000,,3118.332000,,,,,,,,,,211.000000,False,SOFT,3.000000,True,Ferrari,2964.389000,,125,,False,,False,False
2026,11,Hungarian Grand Prix,FP1,3819.053000,HAM,44,hamilton,ferrari,,14.000000,3.000000,3707.343000,,,32.704000,24.819000,,3794.501000,3819.107000,269.000000,232.000000,256.000000,211.000000,False,MEDIUM,11.000000,False,Ferrari,3707.343000,,12,,False,,False,False
2026,11,Hungarian Grand Prix,FP1,3903.117000,HAM,44,hamilton,ferrari,84.064000,15.000000,3.000000,,,29.182000,30.826000,24.056000,3848.235000,3879.061000,3903.117000,280.000000,238.000000,256.000000,312.000000,False,MEDIUM,12.000000,False,Ferrari,3819.053000,,1,,False,,False,True
2026,11,Hungarian Grand Prix,FP1,3987.674000,HAM,44,hamilton,ferrari,84.557000,16.000000,3.000000,,,29.273000,31.111000,24.173000,3932.390000,3963.501000,3987.674000,276.000000,239.000000,255.000000,311.000000,False,MEDIUM,13.000000,False,Ferrari,3903.117000,,1,,False,,False,True
2026,11,Hungarian Grand Prix,FP1,4071.814000,HAM,44,hamilton,ferrari,84.140000,17.000000,3.000000,,,29.186000,30.872000,24.082000,4016.860000,4047.732000,4071.814000,279.000000,241.000000,255.000000,309.000000,False,MEDIUM,14.000000,False,Ferrari,3987.674000,,1,,False,,False,True
2026,11,Hungarian Grand Prix,FP1,4155.943000,HAM,44,hamilton,ferrari,84.129000,18.000000,3.000000,,,29.412000,30.651000,24.066000,4101.226000,4131.877000,4155.943000,281.000000,240.000000,255.000000,304.000000,False,MEDIUM,15.000000,False,Ferrari,4071.814000,,1,,False,,False,True
2026,11,Hungarian Grand Prix,FP1,4240.532000,HAM,44,hamilton,ferrari,84.589000,19.000000,3.000000,,,29.568000,30.859000,24.162000,4185.511000,4216.370000,4240.532000,280.000000,236.000000,256.000000,303.000000,False,MEDIUM,16.000000,False,Ferrari,4155.943000,,1,,False,,False,True
2026,11,Hungarian Grand Prix,FP1,4330.456000,HAM,44,hamilton,ferrari,89.924000,20.000000,3.000000,,,29.403000,30.982000,29.539000,4269.935000,4300.917000,4330.456000,282.000000,240.000000,256.000000,306.000000,False,MEDIUM,17.000000,False,Ferrari,4240.532000,,1,,False,,False,True
2026,11,Hungarian Grand Prix,FP1,4414.829000,HAM,44,hamilton,ferrari,84.373000,21.000000,3.000000,,,29.413000,30.785000,24.175000,4359.869000,4390.654000,4414.829000,280.000000,240.000000,243.000000,308.000000,False,MEDIUM,18.000000,False,Ferrari,4330.456000,,1,,False,,False,True
2026,11,Hungarian Grand Prix,FP1,4581.662000,HAM,44,hamilton,ferrari,,22.000000,3.000000,,,43.898000,44.596000,78.340000,4458.888000,4503.498000,4581.713000,156.000000,211.000000,3.000000,173.000000,False,MEDIUM,19.000000,False,Ferrari,4414.829000,,1,,False,,False,False
2026,11,Hungarian Grand Prix,FP1,4681.184000,HAM,44,hamilton,ferrari,99.522000,23.000000,3.000000,,4679.415000,32.459000,33.583000,33.480000,4614.121000,4647.704000,4681.184000,237.000000,203.000000,,268.000000,False,MEDIUM,20.000000,False,Ferrari,4581.662000,,1,,False,,False,False
2026,11,Hungarian Grand Prix,FP1,893.984000,HIR,50,nan,nan,,1.000000,1.000000,787.531000,,,39.494000,28.076000,,866.145000,894.109000,210.000000,205.000000,250.000000,,False,MEDIUM,1.000000,True,Haas F1 Team,787.531000,,1,,False,,False,False
2026,11,Hungarian Grand Prix,FP1,988.390000,HIR,50,nan,nan,94.406000,2.000000,1.000000,,,31.312000,35.453000,27.641000,925.296000,960.749000,988.390000,259.000000,214.000000,234.000000,311.000000,True,MEDIUM,2.000000,True,Haas F1 Team,893.984000,,1,,False,,False,True
2026,11,Hungarian Grand Prix,FP1,1110.380000,HIR,50,nan,nan,121.990000,3.000000,1.000000,,1108.625000,41.260000,47.095000,33.635000,1029.650000,1076.745000,1110.380000,196.000000,195.000000,,223.000000,False,MEDIUM,3.000000,True,Haas F1 Team,988.390000,,1,,False,,False,False
2026,11,Hungarian Grand Prix,FP1,1638.060000,HIR,50,nan,nan,,4.000000,2.000000,1539.510000,,,34.531000,30.997000,,1607.267000,1638.187000,245.000000,217.000000,257.000000,223.000000,False,MEDIUM,4.000000,False,Haas F1 Team,1110.380000,,1,,False,,False,False
2026,11,Hungarian Grand Prix,FP1,1722.790000,HIR,50,nan,nan,84.730000,5.000000,2.000000,,,29.423000,31.293000,24.014000,1667.483000,1698.776000,1722.790000,290.000000,241.000000,238.000000,318.000000,True,MEDIUM,5.000000,False,Haas F1 Team,1638.060000,,1,,False,,False,True
2026,11,Hungarian Grand Prix,FP1,1841.813000,HIR,50,nan,nan,119.023000,6.000000,2.000000,,,45.646000,46.399000,26.978000,1768.436000,1814.835000,1841.813000,146.000000,172.000000,260.000000,172.000000,False,MEDIUM,6.000000,False,Haas F1 Team,1722.790000,,1,,False,,False,True
2026,11,Hungarian Grand Prix,FP1,1926.032000,HIR,50,nan,nan,84.219000,7.000000,2.000000,,,29.655000,30.869000,23.695000,1871.468000,1902.337000,1926.032000,287.000000,241.000000,257.000000,317.000000,True,MEDIUM,7.000000,False,Haas F1 Team,1841.813000,,1,,False,,False,True
2026,11,Hungarian Grand Prix,FP1,2062.094000,HIR,50,nan,nan,136.062000,8.000000,2.000000,,2060.320000,53.320000,49.314000,33.428000,1979.352000,2028.666000,2062.094000,69.000000,138.000000,,185.000000,False,MEDIUM,8.000000,False,Haas F1 Team,1926.032000,,1,,False,,False,False
2026,11,Hungarian Grand Prix,FP1,2209.328000,HIR,50,nan,nan,147.234000,9.000000,3.000000,2114.529000,,86.384000,34.883000,25.967000,2148.478000,2183.361000,2209.328000,226.000000,215.000000,258.000000,185.000000,False,MEDIUM,9.000000,False,Haas F1 Team,2062.094000,,1,,False,,False,False
2026,11,Hungarian Grand Prix,FP1,2292.968000,HIR,50,nan,nan,83.640000,10.000000,3.000000,,,29.268000,30.726000,23.646000,2238.596000,2269.322000,2292.968000,288.000000,242.000000,250.000000,315.000000,True,MEDIUM,10.000000,False,Haas F1 Team,2209.328000,,1,,False,,False,True
2026,11,Hungarian Grand Prix,FP1,2406.224000,HIR,50,nan,nan,113.256000,11.000000,3.000000,,2404.486000,43.208000,38.028000,32.020000,2336.176000,2374.204000,2406.224000,196.000000,146.000000,,190.000000,False,MEDIUM,11.000000,False,Haas F1 Team,2292.968000,,1,,False,,False,False
2026,11,Hungarian Grand Prix,FP1,2868.598000,HIR,50,nan,nan,,12.000000,4.000000,2765.411000,,,35.061000,28.975000,,2839.776000,2868.755000,234.000000,161.000000,258.000000,190.000000,False,MEDIUM,12.000000,False,Haas F1 Team,2406.224000,,1,,False,,False,False
2026,11,Hungarian Grand Prix,FP1,2952.986000,HIR,50,nan,nan,84.388000,13.000000,4.000000,,,29.417000,31.188000,23.783000,2898.015000,2929.203000,2952.986000,292.000000,242.000000,254.000000,315.000000,False,MEDIUM,13.000000,False,Haas F1 Team,2868.598000,,1,,False,,False,True
2026,11,Hungarian Grand Prix,FP1,3383.532000,HIR,50,nan,nan,,14.000000,4.000000,,3057.936000,34.907000,,,2988.129000,,,206.000000,,,220.000000,False,MEDIUM,14.000000,False,Haas F1 Team,2952.986000,,125,,False,,False,False
2026,11,Hungarian Grand Prix,FP1,3487.961000,HIR,50,nan,nan,,15.000000,5.000000,3383.532000,,,37.925000,26.651000,,3461.609000,3488.167000,225.000000,198.000000,261.000000,220.000000,False,SOFT,1.000000,True,Haas F1 Team,3383.532000,,1,,False,,False,False
2026,11,Hungarian Grand Prix,FP1,3591.217000,HIR,50,nan,nan,103.256000,16.000000,5.000000,,,36.306000,37.422000,29.528000,3524.267000,3561.689000,3591.217000,138.000000,182.000000,263.000000,319.000000,False,SOFT,2.000000,True,Haas F1 Team,3487.961000,,1,,False,,False,True
2026,11,Hungarian Grand Prix,FP1,3699.852000,HIR,50,nan,nan,108.635000,17.000000,5.000000,,,36.843000,45.727000,26.065000,3628.060000,3673.787000,3699.852000,148.000000,172.000000,260.000000,325.000000,False,SOFT,3.000000,True,Haas F1 Team,3591.217000,,1,,False,,False,True
2026,11,Hungarian Grand Prix,FP1,3782.660000,HIR,50,nan,nan,82.808000,18.000000,5.000000,,,28.919000,30.345000,23.544000,3728.771000,3759.116000,3782.660000,293.000000,245.000000,257.000000,319.000000,True,SOFT,4.000000,True,Haas F1 Team,3699.852000,,12,,False,,False,True
2026,11,Hungarian Grand Prix,FP1,3910.023000,HIR,50,nan,nan,127.363000,19.000000,5.000000,,,47.595000,43.098000,36.670000,3830.255000,3873.353000,3910.023000,156.000000,139.000000,134.000000,183.000000,False,SOFT,5.000000,True,Haas F1 Team,3782.660000,,21,,False,,False,True
2026,11,Hungarian Grand Prix,FP1,4012.847000,HIR,50,nan,nan,102.824000,20.000000,5.000000,,,41.304000,35.810000,25.710000,3951.327000,3987.137000,4012.847000,207.000000,211.000000,263.000000,168.000000,False,SOFT,6.000000,True,Haas F1 Team,3910.023000,,1,,False,,False,True
2026,11,Hungarian Grand Prix,FP1,4094.848000,HIR,50,nan,nan,82.001000,21.000000,5.000000,,,28.653000,29.860000,23.488000,4041.500000,4071.360000,4094.848000,296.000000,246.000000,257.000000,319.000000,True,SOFT,7.000000,True,Haas F1 Team,4012.847000,,1,,False,,False,True
2026,11,Hungarian Grand Prix,FP1,4188.502000,HIR,50,nan,nan,93.654000,22.000000,5.000000,,4186.808000,32.177000,32.621000,28.856000,4127.025000,4159.646000,4188.502000,273.000000,224.000000,,224.000000,False,SOFT,8.000000,True,Haas F1 Team,4094.848000,,1,,False,,False,False
2026,11,Hungarian Grand Prix,FP1,4473.297000,HIR,50,nan,nan,,23.000000,6.000000,4365.935000,,,34.806000,26.925000,,4446.609000,4473.297000,226.000000,227.000000,244.000000,224.000000,False,MEDIUM,15.000000,False,Haas F1 Team,4188.502000,,1,,False,,False,False
2026,11,Hungarian Grand Prix,FP1,4592.141000,HIR,50,nan,nan,118.844000,24.000000,6.000000,,,37.683000,38.446000,42.715000,4510.980000,4549.426000,4592.141000,151.000000,197.000000,30.000000,295.000000,False,MEDIUM,16.000000,False,Haas F1 Team,4473.297000,,1,,False,,False,True
2026,11,Hungarian Grand Prix,FP1,4737.834000,HIR,50,nan,nan,145.693000,25.000000,6.000000,,4735.895000,72.360000,41.392000,31.941000,4664.501000,4705.893000,4737.834000,127.000000,199.000000,,257.000000,False,MEDIUM,17.000000,False,Haas F1 Team,4592.141000,,1,,False,,False,False
2026,11,Hungarian Grand Prix,FP1,944.604000,SAI,55,sainz,williams,,1.000000,1.000000,824.347000,,,36.207000,27.551000,,917.241000,944.816000,257.000000,218.000000,259.000000,,False,MEDIUM,1.000000,True,Williams,824.347000,,1,,False,,False,False
2026,11,Hungarian Grand Prix,FP1,1029.491000,SAI,55,sainz,williams,84.887000,2.000000,1.000000,,,29.642000,31.015000,24.230000,974.246000,1005.261000,1029.491000,280.000000,239.000000,255.000000,320.000000,True,MEDIUM,2.000000,True,Williams,944.604000,,1,,False,,False,True
2026,11,Hungarian Grand Prix,FP1,1149.634000,SAI,55,sainz,williams,120.143000,3.000000,1.000000,,1147.779000,45.128000,39.646000,35.369000,1074.619000,1114.265000,1149.634000,144.000000,218.000000,,279.000000,False,MEDIUM,3.000000,True,Williams,1029.491000,,1,,False,,False,False
2026,11,Hungarian Grand Prix,FP1,1300.998000,SAI,55,sainz,williams,,4.000000,2.000000,1205.210000,,85.302000,33.562000,32.494000,1235.056000,1268.596000,1301.047000,265.000000,217.000000,247.000000,279.000000,False,MEDIUM,4.000000,False,Williams,1149.634000,,1,,False,,False,False
2026,11,Hungarian Grand Prix,FP1,1385.092000,SAI,55,sainz,williams,84.094000,5.000000,2.000000,,,29.448000,30.776000,23.870000,1330.446000,1361.222000,1385.092000,299.000000,240.000000,259.000000,299.000000,True,MEDIUM,5.000000,False,Williams,1300.998000,,1,,False,,False,True
2026,11,Hungarian Grand Prix,FP1,1489.799000,SAI,55,sainz,williams,104.707000,6.000000,2.000000,,,40.451000,37.494000,26.762000,1425.543000,1463.037000,1489.799000,202.000000,189.000000,263.000000,164.000000,False,MEDIUM,6.000000,False,Williams,1385.092000,,1,,False,,False,True
2026,11,Hungarian Grand Prix,FP1,1573.533000,SAI,55,sainz,williams,83.734000,7.000000,2.000000,,,29.046000,30.657000,24.031000,1518.845000,1549.502000,1573.533000,287.000000,244.000000,258.000000,319.000000,True,MEDIUM,7.000000,False,Williams,1489.799000,,1,,False,,False,True
2026,11,Hungarian Grand Prix,FP1,1700.404000,SAI,55,sainz,williams,126.871000,8.000000,2.000000,,,48.072000,46.987000,31.812000,1621.605000,1668.592000,1700.404000,137.000000,125.000000,264.000000,218.000000,False,MEDIUM,8.000000,False,Williams,1573.533000,,1,,False,,False,True
2026,11,Hungarian Grand Prix,FP1,1784.171000,SAI,55,sainz,williams,83.767000,9.000000,2.000000,,,29.209000,30.651000,23.907000,1729.613000,1760.264000,1784.171000,291.000000,242.000000,256.000000,322.000000,False,MEDIUM,9.000000,False,Williams,1700.404000,,1,,False,,False,True
2026,11,Hungarian Grand Prix,FP1,1882.871000,SAI,55,sainz,williams,98.700000,10.000000,2.000000,,1881.136000,35.566000,32.839000,30.295000,1819.737000,1852.576000,1882.871000,244.000000,222.000000,,234.000000,False,MEDIUM,10.000000,False,Williams,1784.171000,,1,,False,,False,False
2026,11,Hungarian Grand Prix,FP1,3389.223000,SAI,55,sainz,williams,,11.000000,3.000000,2929.027000,3051.295000,,,,,,,261.000000,,,,False,SOFT,1.000000,True,Williams,1882.871000,,125,,False,,False,False
2026,11,Hungarian Grand Prix,FP1,3495.313000,SAI,55,sainz,williams,,12.000000,4.000000,3389.223000,,,36.758000,26.580000,,3468.889000,3495.329000,273.000000,217.000000,265.000000,234.000000,False,SOFT,2.000000,False,Williams,3389.223000,,1,,False,,False,False
2026,11,Hungarian Grand Prix,FP1,3599.860000,SAI,55,sainz,williams,104.547000,13.000000,4.000000,,,28.632000,37.262000,38.653000,3523.945000,3561.207000,3599.860000,294.000000,110.000000,133.000000,320.000000,False,SOFT,3.000000,False,Williams,3495.313000,,1,,False,,False,True
2026,11,Hungarian Grand Prix,FP1,3716.932000,SAI,55,sainz,williams,117.072000,14.000000,4.000000,,,45.626000,40.235000,31.211000,3645.486000,3685.721000,3716.932000,215.000000,205.000000,265.000000,163.000000,False,SOFT,4.000000,False,Williams,3599.860000,,1,,False,,False,True
2026,11,Hungarian Grand Prix,FP1,3888.840000,SAI,55,sainz,williams,,15.000000,4.000000,,3887.017000,98.261000,42.106000,31.618000,3815.156000,3857.404000,3888.879000,176.000000,174.000000,,323.000000,False,SOFT,5.000000,False,Williams,3716.932000,,12,,False,,False,False
2026,11,Hungarian Grand Prix,FP1,4031.413000,SAI,55,sainz,williams,142.573000,16.000000,5.000000,3927.267000,,84.866000,32.694000,25.013000,3973.706000,4006.400000,4031.413000,268.000000,226.000000,259.000000,323.000000,False,MEDIUM,11.000000,False,Williams,3888.840000,,1,,False,,False,False
2026,11,Hungarian Grand Prix,FP1,4116.760000,SAI,55,sainz,williams,85.347000,17.000000,5.000000,,,29.574000,31.361000,24.412000,4060.987000,4092.348000,4116.760000,285.000000,232.000000,259.000000,314.000000,False,MEDIUM,12.000000,False,Williams,4031.413000,,1,,False,,False,True
2026,11,Hungarian Grand Prix,FP1,4202.084000,SAI,55,sainz,williams,85.324000,18.000000,5.000000,,,29.653000,31.169000,24.502000,4146.413000,4177.582000,4202.084000,286.000000,231.000000,257.000000,304.000000,False,MEDIUM,13.000000,False,Williams,4116.760000,,1,,False,,False,True
2026,11,Hungarian Grand Prix,FP1,4290.563000,SAI,55,sainz,williams,88.479000,19.000000,5.000000,,,29.741000,31.338000,27.400000,4231.825000,4263.163000,4290.563000,287.000000,231.000000,261.000000,302.000000,False,MEDIUM,14.000000,False,Williams,4202.084000,,1,,False,,False,True
2026,11,Hungarian Grand Prix,FP1,4376.245000,SAI,55,sainz,williams,85.682000,20.000000,5.000000,,,29.862000,31.244000,24.576000,4320.425000,4351.669000,4376.245000,286.000000,228.000000,259.000000,305.000000,False,MEDIUM,15.000000,False,Williams,4290.563000,,1,,False,,False,True
2026,11,Hungarian Grand Prix,FP1,4462.259000,SAI,55,sainz,williams,86.014000,21.000000,5.000000,,,29.805000,31.499000,24.710000,4406.050000,4437.549000,4462.259000,289.000000,231.000000,260.000000,315.000000,False,MEDIUM,16.000000,False,Williams,4376.245000,,1,,False,,False,True
2026,11,Hungarian Grand Prix,FP1,4584.838000,SAI,55,sainz,williams,122.579000,22.000000,5.000000,,,40.492000,43.037000,39.050000,4502.751000,4545.788000,4584.838000,172.000000,160.000000,62.000000,303.000000,False,MEDIUM,17.000000,False,Williams,4462.259000,,1,,False,,False,True
2026,11,Hungarian Grand Prix,FP1,4707.920000,SAI,55,sainz,williams,123.082000,23.000000,5.000000,,4706.060000,59.891000,33.127000,30.064000,4644.729000,4677.856000,4707.920000,259.000000,223.000000,,257.000000,False,MEDIUM,18.000000,False,Williams,4584.838000,,1,,False,,False,False
2026,11,Hungarian Grand Prix,FP1,924.432000,ARO,61,nan,nan,,1.000000,1.000000,815.217000,,,37.164000,29.131000,,895.617000,924.685000,225.000000,208.000000,250.000000,,False,MEDIUM,1.000000,True,Alpine,815.217000,,1,,False,,False,False
2026,11,Hungarian Grand Prix,FP1,1008.673000,ARO,61,nan,nan,84.241000,2.000000,1.000000,,,29.637000,30.594000,24.010000,954.069000,984.663000,1008.673000,296.000000,242.000000,240.000000,304.000000,True,MEDIUM,2.000000,True,Alpine,924.432000,,1,,False,,False,True
2026,11,Hungarian Grand Prix,FP1,1127.611000,ARO,61,nan,nan,118.938000,3.000000,1.000000,,1125.937000,42.786000,42.291000,33.861000,1051.459000,1093.750000,1127.611000,174.000000,166.000000,,203.000000,False,MEDIUM,3.000000,True,Alpine,1008.673000,,1,,False,,False,False
2026,11,Hungarian Grand Prix,FP1,1276.974000,ARO,61,nan,nan,149.363000,4.000000,2.000000,1173.645000,,84.294000,39.119000,25.950000,1211.905000,1251.024000,1276.974000,230.000000,217.000000,266.000000,203.000000,False,MEDIUM,4.000000,False,Alpine,1127.611000,,1,,False,,False,False
2026,11,Hungarian Grand Prix,FP1,1388.542000,ARO,61,nan,nan,111.568000,5.000000,2.000000,,,38.498000,42.577000,30.493000,1315.472000,1358.049000,1388.542000,220.000000,195.000000,266.000000,324.000000,False,MEDIUM,5.000000,False,Alpine,1276.974000,,1,,True,TRACK LIMITS AT TURN 1 LAP 6 ,False,True
2026,11,Hungarian Grand Prix,FP1,1473.097000,ARO,61,nan,nan,84.555000,6.000000,2.000000,,,29.121000,31.188000,24.246000,1417.663000,1448.851000,1473.097000,286.000000,240.000000,239.000000,323.000000,False,MEDIUM,6.000000,False,Alpine,1388.542000,,1,,False,,False,True
2026,11,Hungarian Grand Prix,FP1,1596.574000,ARO,61,nan,nan,123.477000,7.000000,2.000000,,,46.184000,49.462000,27.831000,1519.281000,1568.743000,1596.574000,94.000000,159.000000,263.000000,207.000000,False,MEDIUM,7.000000,False,Alpine,1473.097000,,1,,False,,False,True
2026,11,Hungarian Grand Prix,FP1,1680.161000,ARO,61,nan,nan,83.587000,8.000000,2.000000,,,29.198000,30.364000,24.025000,1625.772000,1656.136000,1680.161000,290.000000,245.000000,237.000000,324.000000,True,MEDIUM,8.000000,False,Alpine,1596.574000,,1,,False,,False,True
2026,11,Hungarian Grand Prix,FP1,1794.613000,ARO,61,nan,nan,114.452000,9.000000,2.000000,,1792.893000,40.750000,42.090000,31.612000,1720.911000,1763.001000,1794.613000,116.000000,199.000000,,214.000000,False,MEDIUM,9.000000,False,Alpine,1680.161000,,1,,False,,False,False
2026,11,Hungarian Grand Prix,FP1,2588.763000,ARO,61,nan,nan,,10.000000,3.000000,2482.299000,,,34.536000,25.898000,,2563.131000,2588.869000,245.000000,213.000000,265.000000,214.000000,False,SOFT,1.000000,False,Alpine,1794.613000,,1,,False,,False,False
2026,11,Hungarian Grand Prix,FP1,2673.092000,ARO,61,nan,nan,84.329000,11.000000,3.000000,,,28.815000,29.642000,25.872000,2617.578000,2647.220000,2673.092000,292.000000,247.000000,211.000000,322.000000,False,SOFT,2.000000,False,Alpine,2588.763000,,1,,False,,False,True
2026,11,Hungarian Grand Prix,FP1,2802.193000,ARO,61,nan,nan,129.101000,12.000000,3.000000,,,47.413000,50.763000,30.925000,2720.505000,2771.268000,2802.193000,137.000000,166.000000,193.000000,164.000000,False,SOFT,3.000000,False,Alpine,2673.092000,,1,,False,,False,True
2026,11,Hungarian Grand Prix,FP1,2911.806000,ARO,61,nan,nan,109.613000,13.000000,3.000000,,,35.896000,46.057000,27.660000,2838.089000,2884.146000,2911.806000,210.000000,211.000000,264.000000,238.000000,False,SOFT,4.000000,False,Alpine,2802.193000,,1,,False,,False,True
2026,11,Hungarian Grand Prix,FP1,2993.974000,ARO,61,nan,nan,82.168000,14.000000,3.000000,,,28.618000,29.851000,23.699000,2940.424000,2970.275000,2993.974000,293.000000,249.000000,246.000000,322.000000,True,SOFT,5.000000,False,Alpine,2911.806000,,12,,False,,False,True
2026,11,Hungarian Grand Prix,FP1,3455.108000,ARO,61,nan,nan,,15.000000,3.000000,,3123.787000,,,,,,,,,,220.000000,False,SOFT,6.000000,False,Alpine,2993.974000,,251,,False,,False,False
2026,11,Hungarian Grand Prix,FP1,3583.678000,ARO,61,nan,nan,,16.000000,4.000000,3455.108000,,,36.608000,25.326000,,3558.516000,3583.766000,249.000000,221.000000,256.000000,220.000000,False,SOFT,7.000000,False,Alpine,3455.108000,,1,,False,,False,False
2026,11,Hungarian Grand Prix,FP1,3670.874000,ARO,61,nan,nan,87.196000,17.000000,4.000000,,,30.086000,32.115000,24.995000,3613.764000,3645.879000,3670.874000,281.000000,226.000000,256.000000,296.000000,False,SOFT,8.000000,False,Alpine,3583.678000,,1,,False,,False,True
2026,11,Hungarian Grand Prix,FP1,3757.844000,ARO,61,nan,nan,86.970000,18.000000,4.000000,,,29.873000,32.060000,25.037000,3700.747000,3732.807000,3757.844000,275.000000,229.000000,257.000000,298.000000,False,SOFT,9.000000,False,Alpine,3670.874000,,12,,False,,False,True
2026,11,Hungarian Grand Prix,FP1,3846.323000,ARO,61,nan,nan,88.479000,19.000000,4.000000,,,30.597000,32.628000,25.254000,3788.441000,3821.069000,3846.323000,274.000000,224.000000,258.000000,294.000000,False,SOFT,10.000000,False,Alpine,3757.844000,,21,,False,,False,True
2026,11,Hungarian Grand Prix,FP1,3933.013000,ARO,61,nan,nan,86.690000,20.000000,4.000000,,,30.021000,31.800000,24.869000,3876.344000,3908.144000,3933.013000,279.000000,228.000000,256.000000,300.000000,False,SOFT,11.000000,False,Alpine,3846.323000,,1,,False,,False,True
2026,11,Hungarian Grand Prix,FP1,4019.467000,ARO,61,nan,nan,86.454000,21.000000,4.000000,,,29.772000,31.826000,24.856000,3962.785000,3994.611000,4019.467000,286.000000,228.000000,256.000000,315.000000,False,SOFT,12.000000,False,Alpine,3933.013000,,1,,False,,False,True
2026,11,Hungarian Grand Prix,FP1,4106.116000,ARO,61,nan,nan,86.649000,22.000000,4.000000,,,29.845000,31.953000,24.851000,4049.312000,4081.265000,4106.116000,275.000000,228.000000,254.000000,315.000000,False,SOFT,13.000000,False,Alpine,4019.467000,,1,,False,,False,True
2026,11,Hungarian Grand Prix,FP1,4193.388000,ARO,61,nan,nan,87.272000,23.000000,4.000000,,,30.156000,31.980000,25.136000,4136.272000,4168.252000,4193.388000,278.000000,227.000000,254.000000,314.000000,False,SOFT,14.000000,False,Alpine,4106.116000,,1,,False,,False,True
2026,11,Hungarian Grand Prix,FP1,4286.480000,ARO,61,nan,nan,93.092000,24.000000,4.000000,,,34.594000,33.226000,25.272000,4227.982000,4261.208000,4286.480000,245.000000,225.000000,257.000000,314.000000,False,SOFT,15.000000,False,Alpine,4193.388000,,1,,False,,False,True
2026,11,Hungarian Grand Prix,FP1,4373.368000,ARO,61,nan,nan,86.888000,25.000000,4.000000,,,29.913000,31.967000,25.008000,4316.393000,4348.360000,4373.368000,280.000000,225.000000,256.000000,317.000000,False,SOFT,16.000000,False,Alpine,4286.480000,,1,,False,,False,True
2026,11,Hungarian Grand Prix,FP1,4461.523000,ARO,61,nan,nan,88.155000,26.000000,4.000000,,,30.749000,32.339000,25.067000,4404.117000,4436.456000,4461.523000,262.000000,229.000000,257.000000,319.000000,False,SOFT,17.000000,False,Alpine,4373.368000,,1,,False,,False,True
2026,11,Hungarian Grand Prix,FP1,4644.690000,ARO,61,nan,nan,,27.000000,4.000000,,,36.316000,41.605000,,4498.046000,4539.544000,,198.000000,200.000000,167.000000,317.000000,False,SOFT,18.000000,False,Alpine,4461.523000,,1,,False,,False,False
2026,11,Hungarian Grand Prix,FP1,4739.493000,ARO,61,nan,nan,94.803000,28.000000,4.000000,,4737.654000,32.332000,32.479000,29.992000,4677.022000,4709.501000,4739.493000,277.000000,226.000000,,265.000000,False,SOFT,19.000000,False,Alpine,4644.690000,,1,,False,,False,False
2026,11,Hungarian Grand Prix,FP1,1018.959000,RUS,63,russell,mercedes,,1.000000,1.000000,923.275000,,,33.959000,24.878000,,994.375000,1019.145000,131.000000,223.000000,266.000000,,False,MEDIUM,1.000000,True,Mercedes,923.275000,,1,,False,,False,False
2026,11,Hungarian Grand Prix,FP1,1101.015000,RUS,63,russell,mercedes,82.056000,2.000000,1.000000,,,28.714000,30.081000,23.261000,1047.673000,1077.754000,1101.015000,294.000000,246.000000,255.000000,320.000000,True,MEDIUM,2.000000,True,Mercedes,1018.959000,,1,,False,,False,True
2026,11,Hungarian Grand Prix,FP1,1232.299000,RUS,63,russell,mercedes,131.284000,3.000000,1.000000,,1230.610000,50.251000,49.554000,31.479000,1151.266000,1200.820000,1232.299000,147.000000,215.000000,,190.000000,False,MEDIUM,3.000000,True,Mercedes,1101.015000,,1,,False,,False,False
2026,11,Hungarian Grand Prix,FP1,1379.363000,RUS,63,russell,mercedes,147.064000,4.000000,2.000000,1281.349000,,83.785000,34.719000,28.560000,1316.084000,1350.803000,1379.363000,238.000000,210.000000,267.000000,190.000000,False,MEDIUM,4.000000,False,Mercedes,1232.299000,,1,,False,,False,False
2026,11,Hungarian Grand Prix,FP1,1460.554000,RUS,63,russell,mercedes,81.191000,5.000000,2.000000,,,28.326000,29.623000,23.242000,1407.689000,1437.312000,1460.554000,292.000000,250.000000,247.000000,319.000000,True,MEDIUM,5.000000,False,Mercedes,1379.363000,,1,,False,,False,True
2026,11,Hungarian Grand Prix,FP1,1594.651000,RUS,63,russell,mercedes,134.097000,6.000000,2.000000,,,52.757000,48.299000,33.041000,1513.311000,1561.610000,1594.651000,158.000000,124.000000,203.000000,135.000000,False,MEDIUM,6.000000,False,Mercedes,1460.554000,,1,,False,,False,True
2026,11,Hungarian Grand Prix,FP1,1693.263000,RUS,63,russell,mercedes,98.612000,7.000000,2.000000,,,36.304000,35.401000,26.907000,1630.955000,1666.356000,1693.263000,253.000000,198.000000,264.000000,256.000000,False,MEDIUM,7.000000,False,Mercedes,1594.651000,,1,,False,,False,True
2026,11,Hungarian Grand Prix,FP1,1774.106000,RUS,63,russell,mercedes,80.843000,8.000000,2.000000,,,28.453000,29.380000,23.010000,1721.716000,1751.096000,1774.106000,293.000000,248.000000,247.000000,322.000000,True,MEDIUM,8.000000,False,Mercedes,1693.263000,,1,,False,,False,True
2026,11,Hungarian Grand Prix,FP1,1876.286000,RUS,63,russell,mercedes,102.180000,9.000000,2.000000,,1874.515000,34.775000,38.163000,29.242000,1808.881000,1847.044000,1876.286000,235.000000,208.000000,,273.000000,False,MEDIUM,9.000000,False,Mercedes,1774.106000,,1,,False,,False,False
2026,11,Hungarian Grand Prix,FP1,2409.373000,RUS,63,russell,mercedes,,10.000000,3.000000,2311.616000,,,35.412000,24.890000,,2384.627000,2409.564000,236.000000,219.000000,265.000000,273.000000,False,SOFT,1.000000,False,Mercedes,1876.286000,,1,,False,,False,False
2026,11,Hungarian Grand Prix,FP1,2489.439000,RUS,63,russell,mercedes,80.066000,11.000000,3.000000,,,28.191000,29.064000,22.811000,2437.564000,2466.628000,2489.439000,294.000000,250.000000,253.000000,319.000000,True,SOFT,2.000000,False,Mercedes,2409.373000,,1,,False,,False,True
2026,11,Hungarian Grand Prix,FP1,2631.349000,RUS,63,russell,mercedes,141.910000,12.000000,3.000000,,,54.331000,51.007000,36.572000,2543.770000,2594.777000,2631.349000,148.000000,125.000000,192.000000,142.000000,False,SOFT,3.000000,False,Mercedes,2489.439000,,1,,False,,False,True
2026,11,Hungarian Grand Prix,FP1,2739.894000,RUS,63,russell,mercedes,108.545000,13.000000,3.000000,,,41.500000,41.413000,25.632000,2672.849000,2714.262000,2739.894000,182.000000,152.000000,264.000000,249.000000,False,SOFT,4.000000,False,Mercedes,2631.349000,,1,,False,,False,True
2026,11,Hungarian Grand Prix,FP1,2843.760000,RUS,63,russell,mercedes,103.866000,14.000000,3.000000,,2841.965000,36.951000,36.717000,30.198000,2776.845000,2813.562000,2843.760000,198.000000,209.000000,,320.000000,False,SOFT,5.000000,False,Mercedes,2739.894000,,1,,False,,False,False
2026,11,Hungarian Grand Prix,FP1,4086.195000,RUS,63,russell,mercedes,,15.000000,4.000000,3969.005000,,,32.567000,24.791000,,4061.500000,4086.329000,274.000000,229.000000,259.000000,320.000000,False,MEDIUM,10.000000,False,Mercedes,3969.005000,,1,,False,,False,False
2026,11,Hungarian Grand Prix,FP1,4171.119000,RUS,63,russell,mercedes,84.924000,16.000000,4.000000,,,29.559000,31.059000,24.306000,4115.754000,4146.813000,4171.119000,287.000000,237.000000,257.000000,299.000000,False,MEDIUM,11.000000,False,Mercedes,4086.195000,,1,,False,,False,True
2026,11,Hungarian Grand Prix,FP1,4263.267000,RUS,63,russell,mercedes,92.148000,17.000000,4.000000,,,36.590000,31.525000,24.033000,4207.709000,4239.234000,4263.267000,269.000000,233.000000,257.000000,303.000000,False,MEDIUM,12.000000,False,Mercedes,4171.119000,,1,,False,,False,True
2026,11,Hungarian Grand Prix,FP1,4347.639000,RUS,63,russell,mercedes,84.372000,18.000000,4.000000,,,29.360000,30.853000,24.159000,4292.627000,4323.480000,4347.639000,291.000000,234.000000,257.000000,304.000000,False,MEDIUM,13.000000,False,Mercedes,4263.267000,,1,,False,,False,True
2026,11,Hungarian Grand Prix,FP1,4432.162000,RUS,63,russell,mercedes,84.523000,19.000000,4.000000,,,29.525000,30.677000,24.321000,4377.164000,4407.841000,4432.162000,291.000000,234.000000,259.000000,301.000000,False,MEDIUM,14.000000,False,Mercedes,4347.639000,,1,,False,,False,True
2026,11,Hungarian Grand Prix,FP1,4595.950000,RUS,63,russell,mercedes,,20.000000,4.000000,,,43.366000,48.534000,71.906000,4475.714000,4524.263000,4595.996000,141.000000,132.000000,79.000000,283.000000,False,MEDIUM,15.000000,False,Mercedes,4432.162000,,1,,False,,False,False
2026,11,Hungarian Grand Prix,FP1,4688.775000,RUS,63,russell,mercedes,92.825000,21.000000,4.000000,,4686.988000,32.002000,32.329000,28.494000,4627.952000,4660.281000,4688.775000,265.000000,227.000000,,270.000000,False,MEDIUM,16.000000,False,Mercedes,4595.950000,,1,,False,,False,False
2026,11,Hungarian Grand Prix,FP1,987.539000,FOR,67,nan,nan,,1.000000,1.000000,839.872000,,,41.148000,27.072000,,960.618000,987.703000,189.000000,201.000000,256.000000,,False,MEDIUM,1.000000,True,McLaren,839.872000,,1,,False,,False,False
2026,11,Hungarian Grand Prix,FP1,1072.258000,FOR,67,nan,nan,84.719000,2.000000,1.000000,,,30.063000,30.750000,23.906000,1017.602000,1048.352000,1072.258000,281.000000,240.000000,256.000000,317.000000,True,MEDIUM,2.000000,True,McLaren,987.539000,,1,,False,,False,True
2026,11,Hungarian Grand Prix,FP1,1187.591000,FOR,67,nan,nan,115.333000,3.000000,1.000000,,,38.814000,43.716000,32.803000,1111.072000,1154.788000,1187.591000,147.000000,146.000000,261.000000,282.000000,False,MEDIUM,3.000000,True,McLaren,1072.258000,,1,,False,,False,True
2026,11,Hungarian Grand Prix,FP1,1269.675000,FOR,67,nan,nan,82.084000,4.000000,1.000000,,,28.799000,29.989000,23.296000,1216.390000,1246.379000,1269.675000,294.000000,243.000000,251.000000,319.000000,True,MEDIUM,4.000000,True,McLaren,1187.591000,,1,,False,,False,True
2026,11,Hungarian Grand Prix,FP1,1382.378000,FOR,67,nan,nan,112.703000,5.000000,1.000000,,,39.025000,43.005000,30.673000,1308.700000,1351.705000,1382.378000,158.000000,174.000000,265.000000,275.000000,False,MEDIUM,5.000000,True,McLaren,1269.675000,,1,,False,,False,True
2026,11,Hungarian Grand Prix,FP1,1464.268000,FOR,67,nan,nan,81.890000,6.000000,1.000000,,,28.519000,29.806000,23.565000,1410.897000,1440.703000,1464.268000,298.000000,244.000000,252.000000,322.000000,True,MEDIUM,6.000000,True,McLaren,1382.378000,,1,,False,,False,True
2026,11,Hungarian Grand Prix,FP1,1577.843000,FOR,67,nan,nan,113.575000,7.000000,1.000000,,1575.730000,38.656000,39.161000,35.758000,1502.924000,1542.085000,1577.843000,180.000000,188.000000,,267.000000,False,MEDIUM,7.000000,True,McLaren,1464.268000,,1,,False,,False,False
2026,11,Hungarian Grand Prix,FP1,2110.245000,FOR,67,nan,nan,,8.000000,2.000000,1985.071000,,,38.986000,26.394000,,2084.002000,2110.245000,204.000000,191.000000,261.000000,267.000000,False,MEDIUM,8.000000,False,McLaren,1577.843000,,1,,False,,False,False
2026,11,Hungarian Grand Prix,FP1,2192.245000,FOR,67,nan,nan,82.000000,9.000000,2.000000,,,28.544000,29.817000,23.639000,2138.789000,2168.606000,2192.245000,296.000000,246.000000,250.000000,318.000000,False,MEDIUM,9.000000,False,McLaren,2110.245000,,1,,False,,False,True
2026,11,Hungarian Grand Prix,FP1,2298.586000,FOR,67,nan,nan,106.341000,10.000000,2.000000,,,38.642000,41.505000,26.194000,2230.887000,2272.392000,2298.586000,217.000000,197.000000,262.000000,237.000000,False,MEDIUM,10.000000,False,McLaren,2192.245000,,1,,False,,False,True
2026,11,Hungarian Grand Prix,FP1,2381.295000,FOR,67,nan,nan,82.709000,11.000000,2.000000,,,28.811000,30.120000,23.778000,2327.397000,2357.517000,2381.295000,294.000000,243.000000,250.000000,316.000000,False,MEDIUM,11.000000,False,McLaren,2298.586000,,1,,False,,False,True
2026,11,Hungarian Grand Prix,FP1,2493.989000,FOR,67,nan,nan,112.694000,12.000000,2.000000,,,39.086000,44.239000,29.369000,2420.381000,2464.620000,2493.989000,213.000000,161.000000,261.000000,245.000000,False,MEDIUM,12.000000,False,McLaren,2381.295000,,1,,False,,False,True
2026,11,Hungarian Grand Prix,FP1,2576.710000,FOR,67,nan,nan,82.721000,13.000000,2.000000,,,28.682000,30.388000,23.651000,2522.671000,2553.059000,2576.710000,296.000000,236.000000,253.000000,319.000000,False,MEDIUM,13.000000,False,McLaren,2493.989000,,1,,False,,False,True
2026,11,Hungarian Grand Prix,FP1,2689.798000,FOR,67,nan,nan,113.088000,14.000000,2.000000,,2687.861000,38.222000,41.511000,33.355000,2614.932000,2656.443000,2689.798000,211.000000,215.000000,,234.000000,False,MEDIUM,14.000000,False,McLaren,2576.710000,,1,,False,,False,False
2026,11,Hungarian Grand Prix,FP1,2814.810000,FOR,67,nan,nan,125.012000,15.000000,3.000000,2713.752000,2812.788000,56.888000,37.393000,30.731000,2746.686000,2784.079000,2814.810000,212.000000,199.000000,,234.000000,False,MEDIUM,15.000000,False,McLaren,2689.798000,,1,,False,,False,False
2026,11,Hungarian Grand Prix,FP1,2942.334000,FOR,67,nan,nan,127.524000,16.000000,4.000000,2838.062000,2940.492000,55.053000,40.079000,32.392000,2869.863000,2909.942000,2942.334000,221.000000,200.000000,,234.000000,False,MEDIUM,1.000000,False,McLaren,2814.810000,,1,,False,,False,False
2026,11,Hungarian Grand Prix,FP1,3405.420000,FOR,67,nan,nan,,17.000000,5.000000,2964.795000,3090.576000,60.090000,,,3002.615000,,,194.000000,,,,False,MEDIUM,17.000000,False,McLaren,2942.334000,,125,,False,,False,False
2026,11,Hungarian Grand Prix,FP1,3515.267000,FOR,67,nan,nan,,18.000000,6.000000,3405.420000,,,35.543000,26.849000,,3488.515000,3515.318000,218.000000,200.000000,267.000000,234.000000,False,SOFT,1.000000,True,McLaren,3405.420000,,1,,False,,False,False
2026,11,Hungarian Grand Prix,FP1,3632.334000,FOR,67,nan,nan,117.067000,19.000000,6.000000,,,36.351000,43.271000,37.445000,3551.618000,3594.889000,3632.334000,229.000000,192.000000,244.000000,322.000000,False,SOFT,2.000000,True,McLaren,3515.267000,,1,,True,TRACK LIMITS AT TURN 7 LAP 20 ,False,True
2026,11,Hungarian Grand Prix,FP1,3714.756000,FOR,67,nan,nan,82.422000,20.000000,6.000000,,,29.126000,29.795000,23.501000,3661.460000,3691.255000,3714.756000,293.000000,245.000000,254.000000,291.000000,False,SOFT,3.000000,True,McLaren,3632.334000,,1,,True,TRACK LIMITS AT TURN 3 LAP 21 ,False,True
2026,11,Hungarian Grand Prix,FP1,3834.043000,FOR,67,nan,nan,119.287000,21.000000,6.000000,,3831.773000,40.653000,46.511000,32.123000,3755.409000,3801.920000,3834.043000,202.000000,180.000000,,231.000000,False,SOFT,4.000000,True,McLaren,3714.756000,,12,,False,,False,False
2026,11,Hungarian Grand Prix,FP1,3973.674000,FOR,67,nan,nan,139.631000,22.000000,7.000000,3856.829000,,61.907000,47.848000,29.876000,3895.950000,3943.798000,3973.674000,112.000000,145.000000,245.000000,231.000000,False,MEDIUM,18.000000,False,McLaren,3834.043000,,1,,True,TRACK LIMITS AT TURN 7 LAP 23 ,False,False
2026,11,Hungarian Grand Prix,FP1,4058.753000,FOR,67,nan,nan,85.079000,23.000000,7.000000,,,29.599000,31.398000,24.082000,4003.273000,4034.671000,4058.753000,275.000000,234.000000,261.000000,299.000000,False,MEDIUM,19.000000,False,McLaren,3973.674000,,1,,False,,False,True
2026,11,Hungarian Grand Prix,FP1,4142.754000,FOR,67,nan,nan,84.001000,24.000000,7.000000,,,28.919000,30.982000,24.100000,4087.672000,4118.654000,4142.754000,286.000000,233.000000,260.000000,305.000000,False,MEDIUM,20.000000,False,McLaren,4058.753000,,1,,False,,False,True
2026,11,Hungarian Grand Prix,FP1,4228.235000,FOR,67,nan,nan,85.481000,25.000000,7.000000,,,29.234000,31.617000,24.630000,4171.988000,4203.605000,4228.235000,285.000000,230.000000,261.000000,312.000000,False,MEDIUM,21.000000,False,McLaren,4142.754000,,1,,False,,False,True
2026,11,Hungarian Grand Prix,FP1,4318.008000,FOR,67,nan,nan,89.773000,26.000000,7.000000,,,29.793000,31.950000,28.030000,4258.028000,4289.978000,4318.008000,259.000000,234.000000,260.000000,320.000000,False,MEDIUM,22.000000,False,McLaren,4228.235000,,1,,False,,False,True
2026,11,Hungarian Grand Prix,FP1,4402.409000,FOR,67,nan,nan,84.401000,27.000000,7.000000,,,29.300000,30.845000,24.256000,4347.308000,4378.153000,4402.409000,285.000000,237.000000,258.000000,294.000000,False,MEDIUM,23.000000,False,McLaren,4318.008000,,1,,False,,False,True
2026,11,Hungarian Grand Prix,FP1,4555.497000,FOR,67,nan,nan,,28.000000,7.000000,,,38.205000,48.240000,66.514000,4440.915000,4489.087000,4555.500000,109.000000,100.000000,4.000000,249.000000,False,MEDIUM,24.000000,False,McLaren,4402.409000,,1,,False,,False,False
2026,11,Hungarian Grand Prix,FP1,4671.727000,FOR,67,nan,nan,116.230000,29.000000,7.000000,,4669.805000,40.014000,42.398000,33.818000,4595.511000,4637.909000,4671.727000,171.000000,171.000000,,267.000000,False,MEDIUM,25.000000,False,McLaren,4555.497000,,1,,False,,False,False
2026,11,Hungarian Grand Prix,FP1,982.789000,VES,72,nan,nan,,1.000000,1.000000,810.706000,,,36.720000,25.876000,,957.145000,982.984000,216.000000,215.000000,249.000000,,False,MEDIUM,1.000000,True,Mercedes,810.706000,,1,,False,,False,False
2026,11,Hungarian Grand Prix,FP1,1071.572000,VES,72,nan,nan,88.783000,2.000000,1.000000,,,31.257000,32.983000,24.543000,1014.046000,1047.029000,1071.572000,262.000000,226.000000,263.000000,288.000000,True,MEDIUM,2.000000,True,Mercedes,982.789000,,1,,False,,False,True
2026,11,Hungarian Grand Prix,FP1,1158.041000,VES,72,nan,nan,86.469000,3.000000,1.000000,,,29.995000,32.203000,24.271000,1101.567000,1133.770000,1158.041000,271.000000,234.000000,264.000000,304.000000,True,MEDIUM,3.000000,True,Mercedes,1071.572000,,1,,False,,False,True
2026,11,Hungarian Grand Prix,FP1,1243.418000,VES,72,nan,nan,85.377000,4.000000,1.000000,,,29.650000,31.736000,23.991000,1187.691000,1219.427000,1243.418000,282.000000,234.000000,243.000000,302.000000,True,MEDIUM,4.000000,True,Mercedes,1158.041000,,1,,False,,False,True
2026,11,Hungarian Grand Prix,FP1,1350.753000,VES,72,nan,nan,107.335000,5.000000,1.000000,,1349.014000,36.961000,40.079000,30.295000,1280.379000,1320.458000,1350.753000,204.000000,187.000000,,239.000000,False,MEDIUM,5.000000,True,Mercedes,1243.418000,,1,,False,,False,False
2026,11,Hungarian Grand Prix,FP1,2010.912000,VES,72,nan,nan,,6.000000,2.000000,1910.749000,,,34.869000,25.452000,,1985.632000,2010.955000,236.000000,214.000000,260.000000,239.000000,False,MEDIUM,6.000000,False,Mercedes,1350.753000,,1,,False,,False,False
2026,11,Hungarian Grand Prix,FP1,2093.743000,VES,72,nan,nan,82.831000,7.000000,2.000000,,,29.079000,30.308000,23.444000,2039.991000,2070.299000,2093.743000,284.000000,247.000000,250.000000,319.000000,True,MEDIUM,7.000000,False,Mercedes,2010.912000,,1,,False,,False,True
2026,11,Hungarian Grand Prix,FP1,2219.031000,VES,72,nan,nan,125.288000,8.000000,2.000000,,,40.682000,57.365000,27.241000,2134.425000,2191.790000,2219.031000,148.000000,129.000000,264.000000,274.000000,False,MEDIUM,8.000000,False,Mercedes,2093.743000,,1,,False,,False,True
2026,11,Hungarian Grand Prix,FP1,2301.045000,VES,72,nan,nan,82.014000,9.000000,2.000000,,,28.844000,30.054000,23.116000,2247.875000,2277.929000,2301.045000,288.000000,248.000000,252.000000,320.000000,True,MEDIUM,9.000000,False,Mercedes,2219.031000,,1,,False,,False,True
2026,11,Hungarian Grand Prix,FP1,2430.261000,VES,72,nan,nan,129.216000,10.000000,2.000000,,,50.336000,53.678000,25.202000,2351.381000,2405.059000,2430.261000,128.000000,209.000000,262.000000,276.000000,False,MEDIUM,10.000000,False,Mercedes,2301.045000,,1,,False,,False,True
2026,11,Hungarian Grand Prix,FP1,2512.360000,VES,72,nan,nan,82.099000,11.000000,2.000000,,,28.584000,30.241000,23.274000,2458.845000,2489.086000,2512.360000,291.000000,247.000000,253.000000,316.000000,False,MEDIUM,11.000000,False,Mercedes,2430.261000,,1,,False,,False,True
2026,11,Hungarian Grand Prix,FP1,2598.430000,VES,72,nan,nan,86.070000,12.000000,2.000000,,,30.613000,31.426000,24.031000,2542.973000,2574.399000,2598.430000,281.000000,235.000000,267.000000,276.000000,False,MEDIUM,12.000000,False,Mercedes,2512.360000,,1,,False,,False,True
2026,11,Hungarian Grand Prix,FP1,2682.415000,VES,72,nan,nan,83.985000,13.000000,2.000000,,,29.166000,31.022000,23.797000,2627.596000,2658.618000,2682.415000,276.000000,236.000000,266.000000,321.000000,False,MEDIUM,13.000000,False,Mercedes,2598.430000,,1,,False,,False,True
2026,11,Hungarian Grand Prix,FP1,2767.696000,VES,72,nan,nan,85.281000,14.000000,2.000000,,,29.427000,31.617000,24.237000,2711.842000,2743.459000,2767.696000,276.000000,235.000000,265.000000,323.000000,False,MEDIUM,14.000000,False,Mercedes,2682.415000,,1,,False,,False,True
2026,11,Hungarian Grand Prix,FP1,2874.534000,VES,72,nan,nan,106.838000,15.000000,2.000000,,2872.708000,38.396000,38.980000,29.462000,2806.092000,2845.072000,2874.534000,211.000000,198.000000,,260.000000,False,MEDIUM,15.000000,False,Mercedes,2767.696000,,1,,False,,False,False
2026,11,Hungarian Grand Prix,FP1,3509.402000,VES,72,nan,nan,,16.000000,3.000000,3394.743000,,,40.729000,28.595000,,3480.915000,3509.539000,240.000000,204.000000,267.000000,260.000000,False,SOFT,1.000000,True,Mercedes,3394.743000,,1,,False,,False,False
2026,11,Hungarian Grand Prix,FP1,3589.869000,VES,72,nan,nan,80.467000,17.000000,3.000000,,,28.300000,29.290000,22.877000,3537.702000,3566.992000,3589.869000,288.000000,253.000000,253.000000,325.000000,True,SOFT,2.000000,True,Mercedes,3509.402000,,1,,False,,False,True
2026,11,Hungarian Grand Prix,FP1,3730.693000,VES,72,nan,nan,140.824000,18.000000,3.000000,,3729.015000,51.678000,53.522000,35.624000,3641.547000,3695.069000,3730.693000,108.000000,201.000000,,278.000000,False,SOFT,3.000000,True,Mercedes,3589.869000,,12,,False,,False,False
2026,11,Hungarian Grand Prix,FP1,3853.463000,VES,72,nan,nan,122.770000,19.000000,4.000000,3745.449000,,53.985000,43.434000,25.351000,3784.678000,3828.112000,3853.463000,172.000000,212.000000,265.000000,278.000000,False,SOFT,4.000000,False,Mercedes,3730.693000,,21,,False,,False,False
2026,11,Hungarian Grand Prix,FP1,3935.500000,VES,72,nan,nan,82.037000,20.000000,4.000000,,,28.511000,30.407000,23.119000,3881.974000,3912.381000,3935.500000,282.000000,246.000000,255.000000,321.000000,False,SOFT,5.000000,False,Mercedes,3853.463000,,1,,False,,False,True
2026,11,Hungarian Grand Prix,FP1,4030.580000,VES,72,nan,nan,95.080000,21.000000,4.000000,,4028.734000,31.823000,34.220000,29.037000,3967.323000,4001.543000,4030.580000,250.000000,220.000000,,280.000000,False,SOFT,6.000000,False,Mercedes,3935.500000,,1,,False,,False,False
2026,11,Hungarian Grand Prix,FP1,4453.013000,VES,72,nan,nan,,22.000000,5.000000,4337.859000,,,33.853000,24.398000,,4428.700000,4453.013000,231.000000,227.000000,256.000000,280.000000,False,MEDIUM,16.000000,False,Mercedes,4030.580000,,1,,False,,False,False
2026,11,Hungarian Grand Prix,FP1,4618.309000,VES,72,nan,nan,,23.000000,5.000000,,,37.236000,42.612000,85.479000,4490.388000,4532.951000,4618.309000,233.000000,202.000000,148.000000,306.000000,False,MEDIUM,17.000000,False,Mercedes,4453.013000,,1,,False,,False,False
2026,11,Hungarian Grand Prix,FP1,4726.696000,VES,72,nan,nan,108.387000,24.000000,5.000000,,4724.816000,37.485000,41.637000,29.265000,4655.794000,4697.431000,4726.696000,120.000000,216.000000,,270.000000,False,MEDIUM,18.000000,False,Mercedes,4618.309000,,1,,False,,False,False
