season,round,event_name,session_type,Time_s,Driver,DriverNumber,DriverId,TeamId,LapTime_s,LapNumber,Stint,PitOutTime_s,PitInTime_s,Sector1Time_s,Sector2Time_s,Sector3Time_s,Sector1SessionTime_s,Sector2SessionTime_s,Sector3SessionTime_s,SpeedI1,SpeedI2,SpeedFL,SpeedST,IsPersonalBest,Compound,TyreLife,FreshTyre,Team,LapStartTime_s,LapStartDate,TrackStatus,Position,Deleted,DeletedReason,FastF1Generated,IsAccurate
2026,12,Dutch Grand Prix,R,3488.742000,NOR,1,norris,mclaren,84.177000,1.000000,1.000000,,,,27.056000,25.560000,,3464.833000,3490.361000,290.000000,280.000000,308.000000,208.000000,False,MEDIUM,1.000000,True,McLaren,3405.791000,,1,1.000000,False,,False,False
2026,12,Dutch Grand Prix,R,3611.939000,NOR,1,norris,mclaren,123.197000,2.000000,1.000000,,3610.950000,26.899000,40.058000,56.240000,3517.260000,3557.318000,3613.558000,271.000000,163.000000,,269.000000,False,MEDIUM,2.000000,True,McLaren,3488.742000,,125,1.000000,False,,False,False
2026,12,Dutch Grand Prix,R,5313.657000,NOR,1,norris,mclaren,,3.000000,2.000000,5182.390000,,,35.231000,61.496000,,5253.798000,5315.276000,267.000000,199.000000,82.000000,269.000000,False,SOFT,4.000000,False,McLaren,5177.312000,,1,1.000000,False,,False,False
2026,12,Dutch Grand Prix,R,5512.188000,NOR,1,norris,mclaren,,4.000000,2.000000,,,,28.340000,58.131000,,5455.700000,5513.916000,246.000000,176.000000,52.000000,112.000000,False,SOFT,5.000000,False,McLaren,5313.657000,,12,1.000000,False,,False,False
2026,12,Dutch Grand Prix,R,5658.122000,NOR,1,norris,mclaren,145.934000,5.000000,2.000000,,,95.385000,27.429000,23.120000,5609.192000,5636.621000,5659.741000,266.000000,269.000000,311.000000,212.000000,True,SOFT,6.000000,False,McLaren,5512.188000,,12,2.000000,False,,False,True
2026,12,Dutch Grand Prix,R,5734.989000,NOR,1,norris,mclaren,76.867000,6.000000,2.000000,,,26.295000,27.442000,23.130000,5686.036000,5713.478000,5736.608000,277.000000,276.000000,314.000000,301.000000,True,SOFT,7.000000,False,McLaren,5658.122000,,1,2.000000,False,,False,True
2026,12,Dutch Grand Prix,R,5811.882000,NOR,1,norris,mclaren,76.893000,7.000000,2.000000,,,26.209000,27.466000,23.218000,5762.817000,5790.283000,5813.501000,286.000000,279.000000,315.000000,300.000000,False,SOFT,8.000000,False,McLaren,5734.989000,,1,2.000000,False,,False,True
2026,12,Dutch Grand Prix,R,5888.629000,NOR,1,norris,mclaren,76.747000,8.000000,2.000000,,,25.922000,27.712000,23.113000,5839.423000,5867.135000,5890.248000,285.000000,279.000000,318.000000,307.000000,True,SOFT,9.000000,False,McLaren,5811.882000,,1,2.000000,False,,False,True
2026,12,Dutch Grand Prix,R,5965.295000,NOR,1,norris,mclaren,76.666000,9.000000,2.000000,,,25.905000,27.682000,23.079000,5916.153000,5943.835000,5966.914000,287.000000,278.000000,313.000000,306.000000,True,SOFT,10.000000,False,McLaren,5888.629000,,1,2.000000,False,,False,True
2026,12,Dutch Grand Prix,R,6042.190000,NOR,1,norris,mclaren,76.895000,10.000000,2.000000,,,25.976000,27.796000,23.123000,5992.890000,6020.686000,6043.809000,289.000000,279.000000,314.000000,300.000000,False,SOFT,11.000000,False,McLaren,5965.295000,,1,2.000000,False,,False,True
2026,12,Dutch Grand Prix,R,6119.235000,NOR,1,norris,mclaren,77.045000,11.000000,2.000000,,,25.975000,27.893000,23.177000,6069.784000,6097.677000,6120.854000,283.000000,272.000000,312.000000,302.000000,False,SOFT,12.000000,False,McLaren,6042.190000,,1,2.000000,False,,False,True
2026,12,Dutch Grand Prix,R,6196.305000,NOR,1,norris,mclaren,77.070000,12.000000,2.000000,,,26.011000,27.857000,23.202000,6146.865000,6174.722000,6197.924000,282.000000,273.000000,313.000000,305.000000,False,SOFT,13.000000,False,McLaren,6119.235000,,1,2.000000,False,,False,True
2026,12,Dutch Grand Prix,R,6273.370000,NOR,1,norris,mclaren,77.065000,13.000000,2.000000,,,25.988000,27.868000,23.209000,6223.912000,6251.780000,6274.989000,283.000000,275.000000,312.000000,306.000000,False,SOFT,14.000000,False,McLaren,6196.305000,,1,2.000000,False,,False,True
2026,12,Dutch Grand Prix,R,6350.611000,NOR,1,norris,mclaren,77.241000,14.000000,2.000000,,,25.894000,28.041000,23.306000,6300.883000,6328.924000,6352.230000,283.000000,273.000000,312.000000,306.000000,False,SOFT,15.000000,False,McLaren,6273.370000,,1,2.000000,False,,False,True
2026,12,Dutch Grand Prix,R,6427.803000,NOR,1,norris,mclaren,77.192000,15.000000,2.000000,,,25.971000,27.951000,23.270000,6378.201000,6406.152000,6429.422000,282.000000,273.000000,312.000000,305.000000,False,SOFT,16.000000,False,McLaren,6350.611000,,1,2.000000,False,,False,True
2026,12,Dutch Grand Prix,R,6504.995000,NOR,1,norris,mclaren,77.192000,16.000000,2.000000,,,25.908000,28.026000,23.258000,6455.330000,6483.356000,6506.614000,282.000000,274.000000,314.000000,306.000000,False,SOFT,17.000000,False,McLaren,6427.803000,,1,2.000000,False,,False,True
2026,12,Dutch Grand Prix,R,6582.409000,NOR,1,norris,mclaren,77.414000,17.000000,2.000000,,,25.910000,28.135000,23.369000,6532.524000,6560.659000,6584.028000,281.000000,274.000000,313.000000,309.000000,False,SOFT,18.000000,False,McLaren,6504.995000,,1,2.000000,False,,False,True
2026,12,Dutch Grand Prix,R,6659.851000,NOR,1,norris,mclaren,77.442000,18.000000,2.000000,,,26.031000,28.074000,23.337000,6610.059000,6638.133000,6661.470000,281.000000,275.000000,312.000000,309.000000,False,SOFT,19.000000,False,McLaren,6582.409000,,1,2.000000,False,,False,True
2026,12,Dutch Grand Prix,R,6737.359000,NOR,1,norris,mclaren,77.508000,19.000000,2.000000,,,25.971000,28.202000,23.335000,6687.441000,6715.643000,6738.978000,281.000000,273.000000,314.000000,307.000000,False,SOFT,20.000000,False,McLaren,6659.851000,,1,2.000000,False,,False,True
2026,12,Dutch Grand Prix,R,6815.180000,NOR,1,norris,mclaren,77.821000,20.000000,2.000000,,,26.007000,28.469000,23.345000,6764.985000,6793.454000,6816.799000,281.000000,275.000000,313.000000,309.000000,False,SOFT,21.000000,False,McLaren,6737.359000,,1,2.000000,False,,False,True
2026,12,Dutch Grand Prix,R,6895.760000,NOR,1,norris,mclaren,80.580000,21.000000,2.000000,,6896.178000,26.032000,28.348000,26.200000,6842.831000,6871.179000,6897.379000,283.000000,274.000000,,307.000000,False,SOFT,22.000000,False,McLaren,6815.180000,,1,2.000000,False,,False,False
2026,12,Dutch Grand Prix,R,6989.030000,NOR,1,norris,mclaren,93.270000,22.000000,3.000000,6914.266000,,43.107000,27.310000,22.853000,6940.486000,6967.796000,6990.649000,287.000000,276.000000,313.000000,307.000000,False,HARD,1.000000,True,McLaren,6895.760000,,1,3.000000,False,,False,False
2026,12,Dutch Grand Prix,R,7064.999000,NOR,1,norris,mclaren,75.969000,23.000000,3.000000,,,25.782000,27.335000,22.852000,7016.431000,7043.766000,7066.618000,283.000000,276.000000,314.000000,302.000000,True,HARD,2.000000,True,McLaren,6989.030000,,1,3.000000,False,,False,True
2026,12,Dutch Grand Prix,R,7141.265000,NOR,1,norris,mclaren,76.266000,24.000000,3.000000,,,25.752000,27.576000,22.938000,7092.370000,7119.946000,7142.884000,284.000000,274.000000,314.000000,303.000000,False,HARD,3.000000,True,McLaren,7064.999000,,1,3.000000,False,,False,True
2026,12,Dutch Grand Prix,R,7217.409000,NOR,1,norris,mclaren,76.144000,25.000000,3.000000,,,25.695000,27.491000,22.958000,7168.579000,7196.070000,7219.028000,284.000000,274.000000,312.000000,303.000000,False,HARD,4.000000,True,McLaren,7141.265000,,1,3.000000,False,,False,True
2026,12,Dutch Grand Prix,R,7293.651000,NOR,1,norris,mclaren,76.242000,26.000000,3.000000,,,25.788000,27.427000,23.027000,7244.816000,7272.243000,7295.270000,280.000000,276.000000,314.000000,303.000000,False,HARD,5.000000,True,McLaren,7217.409000,,1,2.000000,False,,False,True
2026,12,Dutch Grand Prix,R,7369.462000,NOR,1,norris,mclaren,75.811000,27.000000,3.000000,,,25.696000,27.305000,22.810000,7320.966000,7348.271000,7371.081000,282.000000,280.000000,317.000000,307.000000,True,HARD,6.000000,True,McLaren,7293.651000,,1,2.000000,False,,False,True
2026,12,Dutch Grand Prix,R,7445.339000,NOR,1,norris,mclaren,75.877000,28.000000,3.000000,,,25.725000,27.293000,22.859000,7396.806000,7424.099000,7446.958000,282.000000,278.000000,317.000000,305.000000,False,HARD,7.000000,True,McLaren,7369.462000,,1,2.000000,False,,False,True
2026,12,Dutch Grand Prix,R,7521.484000,NOR,1,norris,mclaren,76.145000,29.000000,3.000000,,,25.680000,27.539000,22.926000,7472.638000,7500.177000,7523.103000,285.000000,281.000000,317.000000,312.000000,False,HARD,8.000000,True,McLaren,7445.339000,,1,2.000000,False,,False,True
2026,12,Dutch Grand Prix,R,7597.705000,NOR,1,norris,mclaren,76.221000,30.000000,3.000000,,,25.832000,27.447000,22.942000,7548.935000,7576.382000,7599.324000,290.000000,281.000000,323.000000,291.000000,False,HARD,9.000000,True,McLaren,7521.484000,,1,2.000000,False,,False,True
2026,12,Dutch Grand Prix,R,7674.021000,NOR,1,norris,mclaren,76.316000,31.000000,3.000000,,,25.824000,27.416000,23.076000,7625.148000,7652.564000,7675.640000,290.000000,292.000000,318.000000,306.000000,False,HARD,10.000000,True,McLaren,7597.705000,,1,2.000000,False,,False,True
2026,12,Dutch Grand Prix,R,7750.419000,NOR,1,norris,mclaren,76.398000,32.000000,3.000000,,,25.699000,27.690000,23.009000,7701.339000,7729.029000,7752.038000,287.000000,278.000000,322.000000,309.000000,False,HARD,11.000000,True,McLaren,7674.021000,,1,2.000000,False,,False,True
2026,12,Dutch Grand Prix,R,7827.239000,NOR,1,norris,mclaren,76.820000,33.000000,3.000000,,,25.715000,27.790000,23.315000,7777.753000,7805.543000,7828.858000,291.000000,279.000000,321.000000,309.000000,False,HARD,12.000000,True,McLaren,7750.419000,,1,2.000000,False,,False,True
2026,12,Dutch Grand Prix,R,7903.709000,NOR,1,norris,mclaren,76.470000,34.000000,3.000000,,,25.951000,27.523000,22.996000,7854.809000,7882.332000,7905.328000,290.000000,281.000000,316.000000,306.000000,False,HARD,13.000000,True,McLaren,7827.239000,,1,2.000000,False,,False,True
2026,12,Dutch Grand Prix,R,7980.363000,NOR,1,norris,mclaren,76.654000,35.000000,3.000000,,,25.797000,27.726000,23.131000,7931.125000,7958.851000,7981.982000,284.000000,281.000000,319.000000,309.000000,False,HARD,14.000000,True,McLaren,7903.709000,,1,2.000000,False,,False,True
2026,12,Dutch Grand Prix,R,8058.411000,NOR,1,norris,mclaren,78.048000,36.000000,3.000000,,,27.129000,27.486000,23.433000,8009.111000,8036.597000,8060.030000,290.000000,283.000000,321.000000,311.000000,False,HARD,15.000000,True,McLaren,7980.363000,,1,2.000000,False,,False,True
2026,12,Dutch Grand Prix,R,8135.103000,NOR,1,norris,mclaren,76.692000,37.000000,3.000000,,,25.940000,27.715000,23.037000,8085.970000,8113.685000,8136.722000,290.000000,279.000000,318.000000,304.000000,False,HARD,16.000000,True,McLaren,8058.411000,,1,2.000000,False,,False,True
2026,12,Dutch Grand Prix,R,8211.436000,NOR,1,norris,mclaren,76.333000,38.000000,3.000000,,,25.680000,27.670000,22.983000,8162.402000,8190.072000,8213.055000,286.000000,278.000000,316.000000,310.000000,False,HARD,17.000000,True,McLaren,8135.103000,,1,2.000000,False,,False,True
2026,12,Dutch Grand Prix,R,8287.865000,NOR,1,norris,mclaren,76.429000,39.000000,3.000000,,,25.857000,27.599000,22.973000,8238.912000,8266.511000,8289.484000,285.000000,280.000000,331.000000,307.000000,False,HARD,18.000000,True,McLaren,8211.436000,,1,2.000000,False,,False,True
2026,12,Dutch Grand Prix,R,8364.847000,NOR,1,norris,mclaren,76.982000,40.000000,3.000000,,,25.811000,27.753000,23.418000,8315.295000,8343.048000,8366.466000,290.000000,277.000000,311.000000,317.000000,False,HARD,19.000000,True,McLaren,8287.865000,,1,1.000000,False,,False,True
2026,12,Dutch Grand Prix,R,8441.146000,NOR,1,norris,mclaren,76.299000,41.000000,3.000000,,,25.807000,27.455000,23.037000,8392.273000,8419.728000,8442.765000,290.000000,277.000000,312.000000,299.000000,False,HARD,20.000000,True,McLaren,8364.847000,,1,1.000000,False,,False,True
2026,12,Dutch Grand Prix,R,8517.741000,NOR,1,norris,mclaren,76.595000,42.000000,3.000000,,,25.910000,27.523000,23.162000,8468.675000,8496.198000,8519.360000,283.000000,273.000000,311.000000,303.000000,False,HARD,21.000000,True,McLaren,8441.146000,,1,1.000000,False,,False,True
2026,12,Dutch Grand Prix,R,8594.076000,NOR,1,norris,mclaren,76.335000,43.000000,3.000000,,,25.837000,27.390000,23.108000,8545.197000,8572.587000,8595.695000,284.000000,277.000000,313.000000,304.000000,False,HARD,22.000000,True,McLaren,8517.741000,,1,1.000000,False,,False,True
2026,12,Dutch Grand Prix,R,8671.192000,NOR,1,norris,mclaren,77.116000,44.000000,3.000000,,,25.896000,27.779000,23.441000,8621.591000,8649.370000,8672.811000,286.000000,275.000000,307.000000,307.000000,False,HARD,23.000000,True,McLaren,8594.076000,,1,1.000000,False,,False,True
2026,12,Dutch Grand Prix,R,8747.785000,NOR,1,norris,mclaren,76.593000,45.000000,3.000000,,,25.879000,27.497000,23.217000,8698.690000,8726.187000,8749.404000,284.000000,276.000000,312.000000,301.000000,False,HARD,24.000000,True,McLaren,8671.192000,,1,1.000000,False,,False,True
2026,12,Dutch Grand Prix,R,8824.505000,NOR,1,norris,mclaren,76.720000,46.000000,3.000000,,,25.819000,27.682000,23.219000,8775.223000,8802.905000,8826.124000,284.000000,275.000000,312.000000,305.000000,False,HARD,25.000000,True,McLaren,8747.785000,,1,1.000000,False,,False,True
2026,12,Dutch Grand Prix,R,8903.821000,NOR,1,norris,mclaren,79.316000,47.000000,3.000000,,8904.236000,25.852000,27.588000,25.876000,8851.976000,8879.564000,8905.440000,286.000000,286.000000,,304.000000,False,HARD,26.000000,True,McLaren,8824.505000,,1,1.000000,False,,False,False
2026,12,Dutch Grand Prix,R,8995.490000,NOR,1,norris,mclaren,91.669000,48.000000,4.000000,8921.704000,,42.409000,26.698000,22.562000,8947.849000,8974.547000,8997.109000,284.000000,278.000000,323.000000,304.000000,False,HARD,1.000000,True,McLaren,8903.821000,,1,3.000000,False,,False,False
2026,12,Dutch Grand Prix,R,9069.811000,NOR,1,norris,mclaren,74.321000,49.000000,4.000000,,,25.336000,26.500000,22.485000,9022.445000,9048.945000,9071.430000,291.000000,279.000000,315.000000,311.000000,True,HARD,2.000000,True,McLaren,8995.490000,,1,3.000000,False,,False,True
2026,12,Dutch Grand Prix,R,9144.176000,NOR,1,norris,mclaren,74.365000,50.000000,4.000000,,,25.267000,26.644000,22.454000,9096.697000,9123.341000,9145.795000,282.000000,278.000000,314.000000,305.000000,False,HARD,3.000000,True,McLaren,9069.811000,,1,3.000000,False,,False,True
2026,12,Dutch Grand Prix,R,9218.742000,NOR,1,norris,mclaren,74.566000,51.000000,4.000000,,,25.288000,26.779000,22.499000,9171.083000,9197.862000,9220.361000,285.000000,282.000000,334.000000,308.000000,False,HARD,4.000000,True,McLaren,9144.176000,,1,3.000000,False,,False,True
2026,12,Dutch Grand Prix,R,9294.127000,NOR,1,norris,mclaren,75.385000,52.000000,4.000000,,,25.574000,27.176000,22.635000,9245.935000,9273.111000,9295.746000,280.000000,298.000000,342.000000,320.000000,False,HARD,5.000000,True,McLaren,9218.742000,,1,3.000000,False,,False,True
2026,12,Dutch Grand Prix,R,9370.392000,NOR,1,norris,mclaren,76.265000,53.000000,4.000000,,,25.793000,27.628000,22.844000,9321.539000,9349.167000,9372.011000,293.000000,284.000000,343.000000,318.000000,False,HARD,6.000000,True,McLaren,9294.127000,,1,3.000000,False,,False,True
2026,12,Dutch Grand Prix,R,9446.694000,NOR,1,norris,mclaren,76.302000,54.000000,4.000000,,,25.805000,27.735000,22.762000,9397.816000,9425.551000,9448.313000,278.000000,291.000000,317.000000,333.000000,False,HARD,7.000000,True,McLaren,9370.392000,,12,1.000000,False,,False,True
2026,12,Dutch Grand Prix,R,9543.985000,NOR,1,norris,mclaren,97.291000,55.000000,4.000000,,,26.268000,38.464000,32.559000,9474.581000,9513.045000,9545.604000,275.000000,199.000000,227.000000,305.000000,False,HARD,8.000000,True,McLaren,9446.694000,,26,1.000000,False,,False,False
2026,12,Dutch Grand Prix,R,9645.644000,NOR,1,norris,mclaren,101.659000,56.000000,4.000000,,,34.777000,36.440000,30.442000,9580.381000,9616.821000,9647.263000,241.000000,217.000000,258.000000,259.000000,False,HARD,9.000000,True,McLaren,9543.985000,,6,1.000000,False,,False,False
2026,12,Dutch Grand Prix,R,9744.410000,NOR,1,norris,mclaren,98.766000,57.000000,4.000000,,,38.040000,33.689000,27.037000,9685.303000,9718.992000,9746.029000,239.000000,153.000000,305.000000,179.000000,False,HARD,10.000000,True,McLaren,9645.644000,,671,1.000000,False,,False,False
2026,12,Dutch Grand Prix,R,9819.120000,NOR,1,norris,mclaren,74.710000,58.000000,4.000000,,,25.735000,26.476000,22.499000,9771.764000,9798.240000,9820.739000,280.000000,274.000000,308.000000,296.000000,False,HARD,11.000000,True,McLaren,9744.410000,,1,1.000000,False,,False,True
2026,12,Dutch Grand Prix,R,9893.865000,NOR,1,norris,mclaren,74.745000,59.000000,4.000000,,,25.424000,26.724000,22.597000,9846.163000,9872.887000,9895.484000,285.000000,273.000000,312.000000,300.000000,False,HARD,12.000000,True,McLaren,9819.120000,,1,1.000000,False,,False,True
2026,12,Dutch Grand Prix,R,9968.349000,NOR,1,norris,mclaren,74.484000,60.000000,4.000000,,,25.304000,26.574000,22.606000,9920.788000,9947.362000,9969.968000,286.000000,275.000000,316.000000,304.000000,False,HARD,13.000000,True,McLaren,9893.865000,,1,1.000000,False,,False,True
2026,12,Dutch Grand Prix,R,10043.109000,NOR,1,norris,mclaren,74.760000,61.000000,4.000000,,,25.373000,26.726000,22.661000,9995.341000,10022.067000,10044.728000,285.000000,275.000000,312.000000,300.000000,False,HARD,14.000000,True,McLaren,9968.349000,,1,1.000000,False,,False,True
2026,12,Dutch Grand Prix,R,10117.978000,NOR,1,norris,mclaren,74.869000,62.000000,4.000000,,,25.433000,26.787000,22.649000,10070.161000,10096.948000,10119.597000,283.000000,275.000000,313.000000,297.000000,False,HARD,15.000000,True,McLaren,10043.109000,,1,1.000000,False,,False,True
2026,12,Dutch Grand Prix,R,10192.943000,NOR,1,norris,mclaren,74.965000,63.000000,4.000000,,,25.646000,26.668000,22.651000,10145.243000,10171.911000,10194.562000,286.000000,276.000000,312.000000,302.000000,False,HARD,16.000000,True,McLaren,10117.978000,,1,1.000000,False,,False,True
2026,12,Dutch Grand Prix,R,10268.031000,NOR,1,norris,mclaren,75.088000,64.000000,4.000000,,,25.441000,26.908000,22.739000,10220.003000,10246.911000,10269.650000,284.000000,279.000000,317.000000,304.000000,False,HARD,17.000000,True,McLaren,10192.943000,,1,1.000000,False,,False,True
2026,12,Dutch Grand Prix,R,10343.490000,NOR,1,norris,mclaren,75.459000,65.000000,4.000000,,,25.401000,26.882000,23.176000,10295.051000,10321.933000,10345.109000,285.000000,279.000000,316.000000,310.000000,False,HARD,18.000000,True,McLaren,10268.031000,,1,1.000000,False,,False,True
2026,12,Dutch Grand Prix,R,10419.607000,NOR,1,norris,mclaren,76.117000,66.000000,4.000000,,,25.922000,27.549000,22.646000,10371.031000,10398.580000,10421.226000,296.000000,280.000000,315.000000,303.000000,False,HARD,19.000000,True,McLaren,10343.490000,,1,1.000000,False,,False,True
2026,12,Dutch Grand Prix,R,10494.804000,NOR,1,norris,mclaren,75.197000,67.000000,4.000000,,,25.563000,26.945000,22.689000,10446.789000,10473.734000,10496.423000,283.000000,275.000000,311.000000,298.000000,False,HARD,20.000000,True,McLaren,10419.607000,,1,1.000000,False,,False,True
2026,12,Dutch Grand Prix,R,10569.987000,NOR,1,norris,mclaren,75.183000,68.000000,4.000000,,,25.552000,26.867000,22.764000,10521.975000,10548.842000,10571.606000,284.000000,278.000000,312.000000,303.000000,False,HARD,21.000000,True,McLaren,10494.804000,,1,1.000000,False,,False,True
2026,12,Dutch Grand Prix,R,10645.179000,NOR,1,norris,mclaren,75.192000,69.000000,4.000000,,,25.569000,26.950000,22.673000,10597.175000,10624.125000,10646.798000,286.000000,277.000000,313.000000,304.000000,False,HARD,22.000000,True,McLaren,10569.987000,,1,1.000000,False,,False,True
2026,12,Dutch Grand Prix,R,10738.609000,NOR,1,norris,mclaren,93.430000,70.000000,4.000000,,,32.230000,36.173000,25.027000,10679.028000,10715.201000,10740.228000,221.000000,188.000000,311.000000,304.000000,False,HARD,23.000000,True,McLaren,10645.179000,,167,1.000000,False,,False,False
2026,12,Dutch Grand Prix,R,10814.048000,NOR,1,norris,mclaren,75.439000,71.000000,4.000000,,,25.831000,26.876000,22.732000,10766.059000,10792.935000,10815.667000,288.000000,276.000000,314.000000,301.000000,False,HARD,24.000000,True,McLaren,10738.609000,,1,1.000000,False,,False,True
2026,12,Dutch Grand Prix,R,10889.313000,NOR,1,norris,mclaren,75.265000,72.000000,4.000000,,,25.477000,27.063000,22.725000,10841.144000,10868.207000,10890.932000,287.000000,275.000000,313.000000,305.000000,False,HARD,25.000000,True,McLaren,10814.048000,,1,1.000000,False,,False,True
2026,12,Dutch Grand Prix,R,3497.025000,GAS,10,gasly,alpine,92.536000,1.000000,1.000000,,,,28.712000,28.951000,,3469.836000,3498.865000,293.000000,279.000000,278.000000,182.000000,False,MEDIUM,1.000000,True,Alpine,3405.791000,,12,8.000000,False,,False,False
2026,12,Dutch Grand Prix,R,3637.247000,GAS,10,gasly,alpine,140.222000,2.000000,1.000000,,3636.503000,28.151000,47.511000,64.560000,3526.793000,3574.304000,3638.864000,269.000000,126.000000,,275.000000,False,MEDIUM,2.000000,True,Alpine,3497.025000,,25,9.000000,False,,False,False
2026,12,Dutch Grand Prix,R,5407.955000,GAS,10,gasly,alpine,,3.000000,2.000000,5213.752000,,,30.188000,,,5275.977000,,279.000000,249.000000,1.000000,275.000000,False,MEDIUM,4.000000,False,Alpine,5177.312000,,12,8.000000,False,,False,False
2026,12,Dutch Grand Prix,R,5578.294000,GAS,10,gasly,alpine,,4.000000,2.000000,,,42.680000,29.297000,98.678000,5451.937000,5481.320000,5580.045000,237.000000,227.000000,2.000000,153.000000,False,MEDIUM,5.000000,False,Alpine,5407.955000,,1,8.000000,False,,False,False
2026,12,Dutch Grand Prix,R,5662.652000,GAS,10,gasly,alpine,84.358000,5.000000,2.000000,,,31.494000,28.986000,23.878000,5611.405000,5640.391000,5664.269000,288.000000,285.000000,328.000000,212.000000,True,MEDIUM,6.000000,False,Alpine,5578.294000,,12,8.000000,False,,False,True
2026,12,Dutch Grand Prix,R,5741.330000,GAS,10,gasly,alpine,78.678000,6.000000,2.000000,,,27.041000,28.129000,23.508000,5691.310000,5719.439000,5742.947000,275.000000,278.000000,333.000000,292.000000,True,MEDIUM,7.000000,False,Alpine,5662.652000,,1,8.000000,False,,False,True
2026,12,Dutch Grand Prix,R,5819.866000,GAS,10,gasly,alpine,78.536000,7.000000,2.000000,,,26.889000,28.179000,23.468000,5769.836000,5798.015000,5821.483000,277.000000,276.000000,326.000000,296.000000,True,MEDIUM,8.000000,False,Alpine,5741.330000,,1,8.000000,False,,False,True
2026,12,Dutch Grand Prix,R,5898.214000,GAS,10,gasly,alpine,78.348000,8.000000,2.000000,,,26.819000,28.091000,23.438000,5848.302000,5876.393000,5899.831000,286.000000,279.000000,324.000000,294.000000,True,MEDIUM,9.000000,False,Alpine,5819.866000,,1,8.000000,False,,False,True
2026,12,Dutch Grand Prix,R,5976.939000,GAS,10,gasly,alpine,78.725000,9.000000,2.000000,,,26.845000,28.310000,23.570000,5926.676000,5954.986000,5978.556000,279.000000,273.000000,323.000000,298.000000,False,MEDIUM,10.000000,False,Alpine,5898.214000,,1,8.000000,False,,False,True
2026,12,Dutch Grand Prix,R,6055.378000,GAS,10,gasly,alpine,78.439000,10.000000,2.000000,,,26.717000,28.343000,23.379000,6005.273000,6033.616000,6056.995000,275.000000,273.000000,323.000000,301.000000,False,MEDIUM,11.000000,False,Alpine,5976.939000,,1,8.000000,False,,False,True
2026,12,Dutch Grand Prix,R,6134.331000,GAS,10,gasly,alpine,78.953000,11.000000,2.000000,,,26.989000,28.516000,23.448000,6083.984000,6112.500000,6135.948000,276.000000,269.000000,322.000000,283.000000,False,MEDIUM,12.000000,False,Alpine,6055.378000,,1,8.000000,False,,False,True
2026,12,Dutch Grand Prix,R,6212.919000,GAS,10,gasly,alpine,78.588000,12.000000,2.000000,,,26.708000,28.397000,23.483000,6162.656000,6191.053000,6214.536000,275.000000,267.000000,321.000000,295.000000,False,MEDIUM,13.000000,False,Alpine,6134.331000,,1,8.000000,False,,False,True
2026,12,Dutch Grand Prix,R,6291.472000,GAS,10,gasly,alpine,78.553000,13.000000,2.000000,,,26.690000,28.417000,23.446000,6241.226000,6269.643000,6293.089000,279.000000,271.000000,321.000000,295.000000,False,MEDIUM,14.000000,False,Alpine,6212.919000,,1,8.000000,False,,False,True
2026,12,Dutch Grand Prix,R,6370.053000,GAS,10,gasly,alpine,78.581000,14.000000,2.000000,,,26.557000,28.519000,23.505000,6319.646000,6348.165000,6371.670000,278.000000,269.000000,320.000000,308.000000,False,MEDIUM,15.000000,False,Alpine,6291.472000,,1,8.000000,False,,False,True
2026,12,Dutch Grand Prix,R,6449.051000,GAS,10,gasly,alpine,78.998000,15.000000,2.000000,,,26.696000,28.614000,23.688000,6398.366000,6426.980000,6450.668000,275.000000,272.000000,320.000000,303.000000,False,MEDIUM,16.000000,False,Alpine,6370.053000,,1,8.000000,False,,False,True
2026,12,Dutch Grand Prix,R,6527.867000,GAS,10,gasly,alpine,78.816000,16.000000,2.000000,,,26.685000,28.651000,23.480000,6477.353000,6506.004000,6529.484000,275.000000,272.000000,320.000000,300.000000,False,MEDIUM,17.000000,False,Alpine,6449.051000,,1,8.000000,False,,False,True
2026,12,Dutch Grand Prix,R,6606.811000,GAS,10,gasly,alpine,78.944000,17.000000,2.000000,,,26.789000,28.598000,23.557000,6556.273000,6584.871000,6608.428000,277.000000,271.000000,321.000000,300.000000,False,MEDIUM,18.000000,False,Alpine,6527.867000,,1,8.000000,False,,False,True
2026,12,Dutch Grand Prix,R,6689.083000,GAS,10,gasly,alpine,82.272000,18.000000,2.000000,,6689.482000,26.787000,28.870000,26.615000,6635.215000,6664.085000,6690.700000,277.000000,272.000000,,304.000000,False,MEDIUM,19.000000,False,Alpine,6606.811000,,1,9.000000,False,,False,False
2026,12,Dutch Grand Prix,R,6784.182000,GAS,10,gasly,alpine,95.099000,19.000000,3.000000,6707.479000,,43.533000,28.138000,23.428000,6734.233000,6762.371000,6785.799000,285.000000,277.000000,324.000000,304.000000,False,HARD,1.000000,True,Alpine,6689.083000,,1,13.000000,False,,False,False
2026,12,Dutch Grand Prix,R,6862.467000,GAS,10,gasly,alpine,78.285000,20.000000,3.000000,,,26.653000,28.261000,23.371000,6812.452000,6840.713000,6864.084000,275.000000,274.000000,333.000000,296.000000,True,HARD,2.000000,True,Alpine,6784.182000,,1,12.000000,False,,False,True
2026,12,Dutch Grand Prix,R,6941.359000,GAS,10,gasly,alpine,78.892000,21.000000,3.000000,,,26.760000,28.365000,23.767000,6890.844000,6919.209000,6942.976000,271.000000,280.000000,337.000000,287.000000,False,HARD,3.000000,True,Alpine,6862.467000,,1,12.000000,False,,False,True
2026,12,Dutch Grand Prix,R,7020.195000,GAS,10,gasly,alpine,78.836000,22.000000,3.000000,,,26.651000,28.577000,23.608000,6969.627000,6998.204000,7021.812000,281.000000,277.000000,339.000000,296.000000,False,HARD,4.000000,True,Alpine,6941.359000,,1,12.000000,False,,False,True
2026,12,Dutch Grand Prix,R,7099.537000,GAS,10,gasly,alpine,79.342000,23.000000,3.000000,,,26.817000,28.611000,23.914000,7048.629000,7077.240000,7101.154000,273.000000,287.000000,341.000000,279.000000,False,HARD,5.000000,True,Alpine,7020.195000,,1,11.000000,False,,False,True
2026,12,Dutch Grand Prix,R,7178.929000,GAS,10,gasly,alpine,79.392000,24.000000,3.000000,,,27.139000,28.529000,23.724000,7128.293000,7156.822000,7180.546000,276.000000,285.000000,341.000000,295.000000,False,HARD,6.000000,True,Alpine,7099.537000,,1,11.000000,False,,False,True
2026,12,Dutch Grand Prix,R,7258.291000,GAS,10,gasly,alpine,79.362000,25.000000,3.000000,,,27.107000,28.724000,23.531000,7207.653000,7236.377000,7259.908000,281.000000,281.000000,341.000000,272.000000,False,HARD,7.000000,True,Alpine,7178.929000,,1,11.000000,False,,False,True
2026,12,Dutch Grand Prix,R,7338.975000,GAS,10,gasly,alpine,80.684000,26.000000,3.000000,,,27.150000,28.733000,24.801000,7287.058000,7315.791000,7340.592000,282.000000,284.000000,336.000000,293.000000,False,HARD,8.000000,True,Alpine,7258.291000,,1,12.000000,False,,False,True
2026,12,Dutch Grand Prix,R,7418.848000,GAS,10,gasly,alpine,79.873000,27.000000,3.000000,,,26.975000,29.073000,23.825000,7367.567000,7396.640000,7420.465000,274.000000,276.000000,344.000000,313.000000,False,HARD,9.000000,True,Alpine,7338.975000,,1,12.000000,False,,False,True
2026,12,Dutch Grand Prix,R,7499.680000,GAS,10,gasly,alpine,80.832000,28.000000,3.000000,,,27.351000,29.666000,23.815000,7447.816000,7477.482000,7501.297000,281.000000,265.000000,338.000000,300.000000,False,HARD,10.000000,True,Alpine,7418.848000,,1,13.000000,False,,False,True
2026,12,Dutch Grand Prix,R,7579.747000,GAS,10,gasly,alpine,80.067000,29.000000,3.000000,,,27.305000,29.062000,23.700000,7528.602000,7557.664000,7581.364000,282.000000,282.000000,342.000000,298.000000,False,HARD,11.000000,True,Alpine,7499.680000,,1,13.000000,False,,False,True
2026,12,Dutch Grand Prix,R,7659.595000,GAS,10,gasly,alpine,79.848000,30.000000,3.000000,,,26.862000,28.849000,24.137000,7608.226000,7637.075000,7661.212000,282.000000,280.000000,339.000000,302.000000,False,HARD,12.000000,True,Alpine,7579.747000,,1,12.000000,False,,False,True
2026,12,Dutch Grand Prix,R,7738.298000,GAS,10,gasly,alpine,78.703000,31.000000,3.000000,,,26.658000,28.560000,23.485000,7687.870000,7716.430000,7739.915000,272.000000,285.000000,339.000000,301.000000,False,HARD,13.000000,True,Alpine,7659.595000,,1,12.000000,False,,False,True
2026,12,Dutch Grand Prix,R,7817.354000,GAS,10,gasly,alpine,79.056000,32.000000,3.000000,,,26.792000,28.863000,23.401000,7766.707000,7795.570000,7818.971000,282.000000,272.000000,338.000000,313.000000,False,HARD,14.000000,True,Alpine,7738.298000,,1,12.000000,False,,False,True
2026,12,Dutch Grand Prix,R,7896.296000,GAS,10,gasly,alpine,78.942000,33.000000,3.000000,,,26.802000,28.680000,23.460000,7845.773000,7874.453000,7897.913000,280.000000,273.000000,336.000000,291.000000,False,HARD,15.000000,True,Alpine,7817.354000,,1,12.000000,False,,False,True
2026,12,Dutch Grand Prix,R,7975.257000,GAS,10,gasly,alpine,78.961000,34.000000,3.000000,,,26.839000,28.530000,23.592000,7924.752000,7953.282000,7976.874000,282.000000,280.000000,339.000000,312.000000,False,HARD,16.000000,True,Alpine,7896.296000,,1,12.000000,False,,False,True
2026,12,Dutch Grand Prix,R,8052.655000,GAS,10,gasly,alpine,77.398000,35.000000,3.000000,,,26.315000,27.865000,23.218000,8003.189000,8031.054000,8054.272000,277.000000,274.000000,321.000000,326.000000,True,HARD,17.000000,True,Alpine,7975.257000,,1,10.000000,False,,False,True
2026,12,Dutch Grand Prix,R,8130.289000,GAS,10,gasly,alpine,77.634000,36.000000,3.000000,,,26.395000,28.008000,23.231000,8080.667000,8108.675000,8131.906000,282.000000,277.000000,320.000000,314.000000,False,HARD,18.000000,True,Alpine,8052.655000,,1,10.000000,False,,False,True
2026,12,Dutch Grand Prix,R,8208.037000,GAS,10,gasly,alpine,77.748000,37.000000,3.000000,,,26.393000,27.998000,23.357000,8158.299000,8186.297000,8209.654000,280.000000,270.000000,321.000000,310.000000,False,HARD,19.000000,True,Alpine,8130.289000,,1,10.000000,False,,False,True
2026,12,Dutch Grand Prix,R,8285.682000,GAS,10,gasly,alpine,77.645000,38.000000,3.000000,,,26.315000,27.986000,23.344000,8235.969000,8263.955000,8287.299000,280.000000,273.000000,321.000000,309.000000,False,HARD,20.000000,True,Alpine,8208.037000,,1,10.000000,False,,False,True
2026,12,Dutch Grand Prix,R,8365.875000,GAS,10,gasly,alpine,80.193000,39.000000,3.000000,,,26.472000,29.958000,23.763000,8313.771000,8343.729000,8367.492000,278.000000,273.000000,329.000000,304.000000,False,HARD,21.000000,True,Alpine,8285.682000,,1,10.000000,False,,False,True
2026,12,Dutch Grand Prix,R,8443.987000,GAS,10,gasly,alpine,78.112000,40.000000,3.000000,,,26.490000,28.220000,23.402000,8393.982000,8422.202000,8445.604000,280.000000,277.000000,322.000000,307.000000,False,HARD,22.000000,True,Alpine,8365.875000,,1,10.000000,False,,False,True
2026,12,Dutch Grand Prix,R,8521.604000,GAS,10,gasly,alpine,77.617000,41.000000,3.000000,,,26.267000,28.073000,23.277000,8471.871000,8499.944000,8523.221000,282.000000,276.000000,322.000000,320.000000,False,HARD,23.000000,True,Alpine,8443.987000,,1,10.000000,False,,False,True
2026,12,Dutch Grand Prix,R,8599.104000,GAS,10,gasly,alpine,77.500000,42.000000,3.000000,,,26.302000,27.991000,23.207000,8549.523000,8577.514000,8600.721000,278.000000,276.000000,321.000000,312.000000,False,HARD,24.000000,True,Alpine,8521.604000,,1,10.000000,False,,False,True
2026,12,Dutch Grand Prix,R,8676.970000,GAS,10,gasly,alpine,77.866000,43.000000,3.000000,,,26.300000,28.135000,23.431000,8627.021000,8655.156000,8678.587000,283.000000,273.000000,323.000000,317.000000,False,HARD,25.000000,True,Alpine,8599.104000,,1,10.000000,False,,False,True
2026,12,Dutch Grand Prix,R,8755.521000,GAS,10,gasly,alpine,78.551000,44.000000,3.000000,,,26.556000,28.547000,23.448000,8705.143000,8733.690000,8757.138000,287.000000,275.000000,325.000000,310.000000,False,HARD,26.000000,True,Alpine,8676.970000,,1,9.000000,False,,False,True
2026,12,Dutch Grand Prix,R,8833.558000,GAS,10,gasly,alpine,78.037000,45.000000,3.000000,,,26.404000,28.284000,23.349000,8783.542000,8811.826000,8835.175000,283.000000,273.000000,321.000000,311.000000,False,HARD,27.000000,True,Alpine,8755.521000,,1,9.000000,False,,False,True
2026,12,Dutch Grand Prix,R,8914.230000,GAS,10,gasly,alpine,80.672000,46.000000,3.000000,,8914.729000,26.238000,28.200000,26.234000,8861.413000,8889.613000,8915.847000,287.000000,277.000000,,313.000000,False,HARD,28.000000,True,Alpine,8833.558000,,1,9.000000,False,,False,False
2026,12,Dutch Grand Prix,R,9007.806000,GAS,10,gasly,alpine,93.576000,47.000000,4.000000,8932.725000,,42.835000,27.704000,23.037000,8958.682000,8986.386000,9009.423000,290.000000,279.000000,324.000000,313.000000,False,MEDIUM,3.000000,False,Alpine,8914.230000,,1,11.000000,False,,False,False
2026,12,Dutch Grand Prix,R,9084.374000,GAS,10,gasly,alpine,76.568000,48.000000,4.000000,,,26.114000,27.496000,22.958000,9035.537000,9063.033000,9085.991000,280.000000,274.000000,332.000000,310.000000,True,MEDIUM,4.000000,False,Alpine,9007.806000,,1,11.000000,False,,False,True
2026,12,Dutch Grand Prix,R,9160.764000,GAS,10,gasly,alpine,76.390000,49.000000,4.000000,,,25.879000,27.622000,22.889000,9111.870000,9139.492000,9162.381000,284.000000,276.000000,337.000000,314.000000,True,MEDIUM,5.000000,False,Alpine,9084.374000,,1,11.000000,False,,False,True
2026,12,Dutch Grand Prix,R,9237.352000,GAS,10,gasly,alpine,76.588000,50.000000,4.000000,,,26.063000,27.699000,22.826000,9188.444000,9216.143000,9238.969000,287.000000,276.000000,339.000000,323.000000,False,MEDIUM,6.000000,False,Alpine,9160.764000,,1,11.000000,False,,False,True
2026,12,Dutch Grand Prix,R,9314.161000,GAS,10,gasly,alpine,76.809000,51.000000,4.000000,,,26.209000,27.704000,22.896000,9265.178000,9292.882000,9315.778000,275.000000,281.000000,337.000000,304.000000,False,MEDIUM,7.000000,False,Alpine,9237.352000,,1,11.000000,False,,False,True
2026,12,Dutch Grand Prix,R,9391.259000,GAS,10,gasly,alpine,77.098000,52.000000,4.000000,,,26.189000,27.932000,22.977000,9341.967000,9369.899000,9392.876000,275.000000,281.000000,336.000000,307.000000,False,MEDIUM,8.000000,False,Alpine,9314.161000,,1,11.000000,False,,False,True
2026,12,Dutch Grand Prix,R,9468.231000,GAS,10,gasly,alpine,76.972000,53.000000,4.000000,,,25.884000,27.984000,23.104000,9418.760000,9446.744000,9469.848000,285.000000,272.000000,337.000000,306.000000,False,MEDIUM,9.000000,False,Alpine,9391.259000,,12,11.000000,False,,False,True
2026,12,Dutch Grand Prix,R,9570.259000,GAS,10,gasly,alpine,102.028000,54.000000,4.000000,,,37.265000,35.481000,29.282000,9507.113000,9542.594000,9571.876000,247.000000,152.000000,214.000000,310.000000,False,MEDIUM,10.000000,False,Alpine,9468.231000,,26,11.000000,False,,False,False
2026,12,Dutch Grand Prix,R,9674.324000,GAS,10,gasly,alpine,104.065000,55.000000,4.000000,,,38.187000,34.946000,30.932000,9610.063000,9645.009000,9675.941000,234.000000,214.000000,215.000000,214.000000,False,MEDIUM,11.000000,False,Alpine,9570.259000,,6,11.000000,False,,False,False
2026,12,Dutch Grand Prix,R,9765.663000,GAS,10,gasly,alpine,91.339000,56.000000,4.000000,,,37.062000,30.125000,24.152000,9713.003000,9743.128000,9767.280000,243.000000,276.000000,349.000000,243.000000,False,MEDIUM,12.000000,False,Alpine,9674.324000,,671,11.000000,False,,False,False
2026,12,Dutch Grand Prix,R,9842.111000,GAS,10,gasly,alpine,76.448000,57.000000,4.000000,,,26.229000,27.352000,22.867000,9793.509000,9820.861000,9843.728000,287.000000,280.000000,324.000000,318.000000,False,MEDIUM,13.000000,False,Alpine,9765.663000,,1,10.000000,False,,False,True
2026,12,Dutch Grand Prix,R,9918.331000,GAS,10,gasly,alpine,76.220000,58.000000,4.000000,,,25.818000,27.510000,22.892000,9869.546000,9897.056000,9919.948000,288.000000,280.000000,323.000000,320.000000,True,MEDIUM,14.000000,False,Alpine,9842.111000,,1,10.000000,False,,False,True
2026,12,Dutch Grand Prix,R,9994.808000,GAS,10,gasly,alpine,76.477000,59.000000,4.000000,,,26.007000,27.575000,22.895000,9945.955000,9973.530000,9996.425000,279.000000,276.000000,324.000000,324.000000,False,MEDIUM,15.000000,False,Alpine,9918.331000,,1,10.000000,False,,False,True
2026,12,Dutch Grand Prix,R,10071.530000,GAS,10,gasly,alpine,76.722000,60.000000,4.000000,,,25.992000,27.750000,22.980000,10022.417000,10050.167000,10073.147000,279.000000,277.000000,325.000000,319.000000,False,MEDIUM,16.000000,False,Alpine,9994.808000,,1,10.000000,False,,False,True
2026,12,Dutch Grand Prix,R,10148.249000,GAS,10,gasly,alpine,76.719000,61.000000,4.000000,,,26.067000,27.682000,22.970000,10099.214000,10126.896000,10149.866000,282.000000,279.000000,326.000000,325.000000,False,MEDIUM,17.000000,False,Alpine,10071.530000,,1,10.000000,False,,False,True
2026,12,Dutch Grand Prix,R,10225.378000,GAS,10,gasly,alpine,77.129000,62.000000,4.000000,,,26.111000,27.880000,23.138000,10175.977000,10203.857000,10226.995000,285.000000,279.000000,326.000000,325.000000,False,MEDIUM,18.000000,False,Alpine,10148.249000,,1,10.000000,False,,False,True
2026,12,Dutch Grand Prix,R,10303.595000,GAS,10,gasly,alpine,78.217000,63.000000,4.000000,,,26.146000,28.772000,23.299000,10253.141000,10281.913000,10305.212000,285.000000,286.000000,334.000000,319.000000,False,MEDIUM,19.000000,False,Alpine,10225.378000,,1,10.000000,False,,False,True
2026,12,Dutch Grand Prix,R,10380.767000,GAS,10,gasly,alpine,77.172000,64.000000,4.000000,,,26.063000,28.102000,23.007000,10331.275000,10359.377000,10382.384000,289.000000,283.000000,339.000000,305.000000,False,MEDIUM,20.000000,False,Alpine,10303.595000,,1,10.000000,False,,False,True
2026,12,Dutch Grand Prix,R,10458.168000,GAS,10,gasly,alpine,77.401000,65.000000,4.000000,,,26.037000,28.302000,23.062000,10408.421000,10436.723000,10459.785000,291.000000,281.000000,339.000000,317.000000,False,MEDIUM,21.000000,False,Alpine,10380.767000,,1,10.000000,False,,False,True
2026,12,Dutch Grand Prix,R,10535.469000,GAS,10,gasly,alpine,77.301000,66.000000,4.000000,,,26.123000,28.158000,23.020000,10485.908000,10514.066000,10537.086000,289.000000,278.000000,327.000000,318.000000,False,MEDIUM,22.000000,False,Alpine,10458.168000,,1,10.000000,False,,False,True
2026,12,Dutch Grand Prix,R,10612.611000,GAS,10,gasly,alpine,77.142000,67.000000,4.000000,,,26.044000,28.028000,23.070000,10563.130000,10591.158000,10614.228000,293.000000,284.000000,336.000000,319.000000,False,MEDIUM,23.000000,False,Alpine,10535.469000,,1,10.000000,False,,False,True
2026,12,Dutch Grand Prix,R,10701.591000,GAS,10,gasly,alpine,88.980000,68.000000,4.000000,,,25.996000,31.665000,31.319000,10640.224000,10671.889000,10703.208000,288.000000,234.000000,273.000000,319.000000,False,MEDIUM,24.000000,False,Alpine,10612.611000,,16,10.000000,False,,False,False
2026,12,Dutch Grand Prix,R,10784.065000,GAS,10,gasly,alpine,82.474000,69.000000,4.000000,,,31.210000,28.015000,23.249000,10734.418000,10762.433000,10785.682000,296.000000,294.000000,326.000000,135.000000,False,MEDIUM,25.000000,False,Alpine,10701.591000,,671,10.000000,False,,False,False
2026,12,Dutch Grand Prix,R,10861.206000,GAS,10,gasly,alpine,77.141000,70.000000,4.000000,,,26.018000,27.953000,23.170000,10811.700000,10839.653000,10862.823000,294.000000,292.000000,325.000000,313.000000,False,MEDIUM,26.000000,False,Alpine,10784.065000,,1,10.000000,False,,False,True
2026,12,Dutch Grand Prix,R,10938.953000,GAS,10,gasly,alpine,77.747000,71.000000,4.000000,,,26.199000,28.031000,23.517000,10889.022000,10917.053000,10940.570000,284.000000,290.000000,324.000000,313.000000,False,MEDIUM,27.000000,False,Alpine,10861.206000,,1,10.000000,False,,False,True
2026,12,Dutch Grand Prix,R,3505.579000,PER,11,perez,cadillac,101.067000,1.000000,1.000000,3419.347000,,,28.536000,30.194000,,3476.977000,3507.166000,291.000000,277.000000,254.000000,,False,SOFT,1.000000,True,Cadillac,3405.791000,,12,21.000000,False,,False,False
2026,12,Dutch Grand Prix,R,3666.944000,PER,11,perez,cadillac,,2.000000,1.000000,,3664.947000,40.017000,47.124000,74.268000,3547.184000,3594.379000,3668.531000,115.000000,156.000000,,239.000000,False,SOFT,2.000000,True,Cadillac,3505.579000,,25,20.000000,False,,False,False
2026,12,Dutch Grand Prix,R,5436.054000,PER,11,perez,cadillac,,3.000000,2.000000,5283.167000,,,31.250000,93.763000,,5343.917000,5437.717000,260.000000,157.000000,66.000000,239.000000,False,HARD,1.000000,True,Cadillac,5177.312000,,12,19.000000,False,,False,False
2026,12,Dutch Grand Prix,R,5581.524000,PER,11,perez,cadillac,145.470000,4.000000,2.000000,,,37.405000,29.441000,78.624000,5475.046000,5504.487000,5583.111000,272.000000,190.000000,167.000000,131.000000,True,HARD,2.000000,True,Cadillac,5436.054000,,1,18.000000,False,,False,True
2026,12,Dutch Grand Prix,R,5667.614000,PER,11,perez,cadillac,86.090000,5.000000,2.000000,,,31.034000,30.425000,24.631000,5614.145000,5644.570000,5669.201000,269.000000,268.000000,326.000000,216.000000,True,HARD,3.000000,True,Cadillac,5581.524000,,12,19.000000,False,,False,True
2026,12,Dutch Grand Prix,R,5748.632000,PER,11,perez,cadillac,81.018000,6.000000,2.000000,,,27.908000,29.043000,24.067000,5697.109000,5726.152000,5750.219000,283.000000,266.000000,331.000000,261.000000,True,HARD,4.000000,True,Cadillac,5667.614000,,1,18.000000,False,,False,True
2026,12,Dutch Grand Prix,R,5828.857000,PER,11,perez,cadillac,80.225000,7.000000,2.000000,,,27.292000,29.108000,23.825000,5777.511000,5806.619000,5830.444000,277.000000,267.000000,330.000000,270.000000,True,HARD,5.000000,True,Cadillac,5748.632000,,1,18.000000,False,,False,True
2026,12,Dutch Grand Prix,R,5908.796000,PER,11,perez,cadillac,79.939000,8.000000,2.000000,,,27.072000,29.065000,23.802000,5857.516000,5886.581000,5910.383000,282.000000,267.000000,328.000000,268.000000,True,HARD,6.000000,True,Cadillac,5828.857000,,1,19.000000,False,,False,True
2026,12,Dutch Grand Prix,R,5988.672000,PER,11,perez,cadillac,79.876000,9.000000,2.000000,,,27.126000,29.083000,23.667000,5937.509000,5966.592000,5990.259000,276.000000,264.000000,319.000000,276.000000,True,HARD,7.000000,True,Cadillac,5908.796000,,1,18.000000,False,,False,True
2026,12,Dutch Grand Prix,R,6068.725000,PER,11,perez,cadillac,80.053000,10.000000,2.000000,,,26.879000,29.385000,23.789000,6017.138000,6046.523000,6070.312000,285.000000,266.000000,315.000000,286.000000,False,HARD,8.000000,True,Cadillac,5988.672000,,1,18.000000,False,,False,True
2026,12,Dutch Grand Prix,R,6148.648000,PER,11,perez,cadillac,79.923000,11.000000,2.000000,,,27.067000,29.177000,23.679000,6097.379000,6126.556000,6150.235000,280.000000,262.000000,314.000000,279.000000,False,HARD,9.000000,True,Cadillac,6068.725000,,1,18.000000,False,,False,True
2026,12,Dutch Grand Prix,R,6228.392000,PER,11,perez,cadillac,79.744000,12.000000,2.000000,,,26.951000,29.089000,23.704000,6177.186000,6206.275000,6229.979000,283.000000,265.000000,318.000000,280.000000,True,HARD,10.000000,True,Cadillac,6148.648000,,1,17.000000,False,,False,True
2026,12,Dutch Grand Prix,R,6309.369000,PER,11,perez,cadillac,80.977000,13.000000,2.000000,,,27.808000,29.316000,23.853000,6257.787000,6287.103000,6310.956000,281.000000,267.000000,315.000000,291.000000,False,HARD,11.000000,True,Cadillac,6228.392000,,1,18.000000,False,,False,True
2026,12,Dutch Grand Prix,R,6389.554000,PER,11,perez,cadillac,80.185000,14.000000,2.000000,,,27.108000,29.319000,23.758000,6338.064000,6367.383000,6391.141000,277.000000,263.000000,315.000000,277.000000,False,HARD,12.000000,True,Cadillac,6309.369000,,1,18.000000,False,,False,True
2026,12,Dutch Grand Prix,R,6469.703000,PER,11,perez,cadillac,80.149000,15.000000,2.000000,,,27.034000,29.317000,23.798000,6418.175000,6447.492000,6471.290000,277.000000,264.000000,316.000000,290.000000,False,HARD,13.000000,True,Cadillac,6389.554000,,1,18.000000,False,,False,True
2026,12,Dutch Grand Prix,R,6549.893000,PER,11,perez,cadillac,80.190000,16.000000,2.000000,,,26.998000,29.138000,24.054000,6498.288000,6527.426000,6551.480000,281.000000,286.000000,307.000000,286.000000,False,HARD,14.000000,True,Cadillac,6469.703000,,1,17.000000,False,,False,True
2026,12,Dutch Grand Prix,R,6630.644000,PER,11,perez,cadillac,80.751000,17.000000,2.000000,,,27.189000,29.374000,24.188000,6578.669000,6608.043000,6632.231000,276.000000,253.000000,328.000000,281.000000,False,HARD,15.000000,True,Cadillac,6549.893000,,1,17.000000,False,,False,True
2026,12,Dutch Grand Prix,R,6711.289000,PER,11,perez,cadillac,80.645000,18.000000,2.000000,,,27.123000,29.593000,23.929000,6659.354000,6688.947000,6712.876000,277.000000,268.000000,318.000000,282.000000,False,HARD,16.000000,True,Cadillac,6630.644000,,1,17.000000,False,,False,True
2026,12,Dutch Grand Prix,R,6791.973000,PER,11,perez,cadillac,80.684000,19.000000,2.000000,,,27.107000,29.610000,23.967000,6739.983000,6769.593000,6793.560000,279.000000,266.000000,327.000000,282.000000,False,HARD,17.000000,True,Cadillac,6711.289000,,1,17.000000,False,,False,True
2026,12,Dutch Grand Prix,R,6872.544000,PER,11,perez,cadillac,80.571000,20.000000,2.000000,,,26.986000,29.532000,24.053000,6820.546000,6850.078000,6874.131000,281.000000,268.000000,317.000000,302.000000,False,HARD,18.000000,True,Cadillac,6791.973000,,1,17.000000,False,,False,True
2026,12,Dutch Grand Prix,R,6953.208000,PER,11,perez,cadillac,80.664000,21.000000,2.000000,,,27.190000,29.368000,24.106000,6901.321000,6930.689000,6954.795000,280.000000,264.000000,315.000000,279.000000,False,HARD,19.000000,True,Cadillac,6872.544000,,1,17.000000,False,,False,True
2026,12,Dutch Grand Prix,R,7033.217000,PER,11,perez,cadillac,80.009000,22.000000,2.000000,,,26.955000,29.257000,23.797000,6981.750000,7011.007000,7034.804000,277.000000,272.000000,317.000000,287.000000,False,HARD,20.000000,True,Cadillac,6953.208000,,1,17.000000,False,,False,True
2026,12,Dutch Grand Prix,R,7113.666000,PER,11,perez,cadillac,80.449000,23.000000,2.000000,,,27.277000,29.273000,23.899000,7062.081000,7091.354000,7115.253000,277.000000,258.000000,311.000000,286.000000,False,HARD,21.000000,True,Cadillac,7033.217000,,1,17.000000,False,,False,True
2026,12,Dutch Grand Prix,R,7195.176000,PER,11,perez,cadillac,81.510000,24.000000,2.000000,,,27.477000,29.584000,24.449000,7142.730000,7172.314000,7196.763000,281.000000,262.000000,327.000000,276.000000,False,HARD,22.000000,True,Cadillac,7113.666000,,1,19.000000,False,,False,True
2026,12,Dutch Grand Prix,R,7275.755000,PER,11,perez,cadillac,80.579000,25.000000,2.000000,,,27.215000,29.398000,23.966000,7223.978000,7253.376000,7277.342000,280.000000,265.000000,315.000000,276.000000,False,HARD,23.000000,True,Cadillac,7195.176000,,1,19.000000,False,,False,True
2026,12,Dutch Grand Prix,R,7356.117000,PER,11,perez,cadillac,80.362000,26.000000,2.000000,,,27.136000,29.356000,23.870000,7304.478000,7333.834000,7357.704000,280.000000,260.000000,312.000000,300.000000,False,HARD,24.000000,True,Cadillac,7275.755000,,1,19.000000,False,,False,True
2026,12,Dutch Grand Prix,R,7436.256000,PER,11,perez,cadillac,80.139000,27.000000,2.000000,,,26.921000,29.292000,23.926000,7384.625000,7413.917000,7437.843000,282.000000,264.000000,316.000000,293.000000,False,HARD,25.000000,True,Cadillac,7356.117000,,1,19.000000,False,,False,True
2026,12,Dutch Grand Prix,R,7516.586000,PER,11,perez,cadillac,80.330000,28.000000,2.000000,,,27.029000,29.293000,24.008000,7464.872000,7494.165000,7518.173000,280.000000,262.000000,313.000000,297.000000,False,HARD,26.000000,True,Cadillac,7436.256000,,1,18.000000,False,,False,True
2026,12,Dutch Grand Prix,R,7600.494000,PER,11,perez,cadillac,83.908000,29.000000,2.000000,,7600.882000,26.850000,29.511000,27.547000,7545.023000,7574.534000,7602.081000,279.000000,264.000000,,296.000000,False,HARD,27.000000,True,Cadillac,7516.586000,,1,18.000000,False,,False,False
2026,12,Dutch Grand Prix,R,7695.362000,PER,11,perez,cadillac,94.868000,30.000000,3.000000,7619.236000,,43.336000,28.041000,23.491000,7645.417000,7673.458000,7696.949000,283.000000,267.000000,313.000000,296.000000,False,HARD,1.000000,False,Cadillac,7600.494000,,1,19.000000,False,,False,False
2026,12,Dutch Grand Prix,R,7773.253000,PER,11,perez,cadillac,77.891000,31.000000,3.000000,,,26.521000,28.038000,23.332000,7723.470000,7751.508000,7774.840000,274.000000,263.000000,311.000000,286.000000,True,HARD,2.000000,False,Cadillac,7695.362000,,1,19.000000,False,,False,True
2026,12,Dutch Grand Prix,R,7851.403000,PER,11,perez,cadillac,78.150000,32.000000,3.000000,,,26.579000,28.135000,23.436000,7801.419000,7829.554000,7852.990000,278.000000,263.000000,311.000000,295.000000,False,HARD,3.000000,False,Cadillac,7773.253000,,1,19.000000,False,,False,True
2026,12,Dutch Grand Prix,R,7929.882000,PER,11,perez,cadillac,78.479000,33.000000,3.000000,,,26.661000,28.410000,23.408000,7879.651000,7908.061000,7931.469000,276.000000,266.000000,311.000000,291.000000,False,HARD,4.000000,False,Cadillac,7851.403000,,1,19.000000,False,,False,True
2026,12,Dutch Grand Prix,R,8008.381000,PER,11,perez,cadillac,78.499000,34.000000,3.000000,,,26.558000,28.399000,23.542000,7958.027000,7986.426000,8009.968000,278.000000,264.000000,312.000000,296.000000,False,HARD,5.000000,False,Cadillac,7929.882000,,1,19.000000,False,,False,True
2026,12,Dutch Grand Prix,R,8086.864000,PER,11,perez,cadillac,78.483000,35.000000,3.000000,,,26.678000,28.343000,23.462000,8036.646000,8064.989000,8088.451000,276.000000,264.000000,313.000000,298.000000,False,HARD,6.000000,False,Cadillac,8008.381000,,1,19.000000,False,,False,True
2026,12,Dutch Grand Prix,R,8165.349000,PER,11,perez,cadillac,78.485000,36.000000,3.000000,,,26.558000,28.414000,23.513000,8115.009000,8143.423000,8166.936000,280.000000,266.000000,314.000000,301.000000,False,HARD,7.000000,False,Cadillac,8086.864000,,1,19.000000,False,,False,True
2026,12,Dutch Grand Prix,R,8243.485000,PER,11,perez,cadillac,78.136000,37.000000,3.000000,,,26.471000,28.329000,23.336000,8193.407000,8221.736000,8245.072000,280.000000,266.000000,314.000000,301.000000,False,HARD,8.000000,False,Cadillac,8165.349000,,1,19.000000,False,,False,True
2026,12,Dutch Grand Prix,R,8322.042000,PER,11,perez,cadillac,78.557000,38.000000,3.000000,,,26.587000,28.418000,23.552000,8271.659000,8300.077000,8323.629000,280.000000,268.000000,314.000000,303.000000,False,HARD,9.000000,False,Cadillac,8243.485000,,1,19.000000,False,,False,True
2026,12,Dutch Grand Prix,R,8400.518000,PER,11,perez,cadillac,78.476000,39.000000,3.000000,,,26.600000,28.332000,23.544000,8350.229000,8378.561000,8402.105000,280.000000,267.000000,314.000000,303.000000,False,HARD,10.000000,False,Cadillac,8322.042000,,1,19.000000,False,,False,True
2026,12,Dutch Grand Prix,R,8481.408000,PER,11,perez,cadillac,80.890000,40.000000,3.000000,,,28.420000,28.936000,23.534000,8430.525000,8459.461000,8482.995000,259.000000,281.000000,318.000000,301.000000,False,HARD,11.000000,False,Cadillac,8400.518000,,1,19.000000,False,,False,True
2026,12,Dutch Grand Prix,R,8560.490000,PER,11,perez,cadillac,79.082000,41.000000,3.000000,,,26.710000,28.740000,23.632000,8509.705000,8538.445000,8562.077000,280.000000,266.000000,314.000000,301.000000,False,HARD,12.000000,False,Cadillac,8481.408000,,1,19.000000,False,,False,True
2026,12,Dutch Grand Prix,R,8639.299000,PER,11,perez,cadillac,78.809000,42.000000,3.000000,,,26.734000,28.565000,23.510000,8588.811000,8617.376000,8640.886000,280.000000,267.000000,313.000000,295.000000,False,HARD,13.000000,False,Cadillac,8560.490000,,1,19.000000,False,,False,True
2026,12,Dutch Grand Prix,R,8718.235000,PER,11,perez,cadillac,78.936000,43.000000,3.000000,,,26.714000,28.537000,23.685000,8667.600000,8696.137000,8719.822000,279.000000,263.000000,312.000000,300.000000,False,HARD,14.000000,False,Cadillac,8639.299000,,1,19.000000,False,,False,True
2026,12,Dutch Grand Prix,R,8797.084000,PER,11,perez,cadillac,78.849000,44.000000,3.000000,,,26.661000,28.592000,23.596000,8746.483000,8775.075000,8798.671000,279.000000,264.000000,311.000000,299.000000,False,HARD,15.000000,False,Cadillac,8718.235000,,1,19.000000,False,,False,True
2026,12,Dutch Grand Prix,R,8876.018000,PER,11,perez,cadillac,78.934000,45.000000,3.000000,,,26.714000,28.574000,23.646000,8825.385000,8853.959000,8877.605000,280.000000,268.000000,312.000000,302.000000,False,HARD,16.000000,False,Cadillac,8797.084000,,1,18.000000,False,,False,True
2026,12,Dutch Grand Prix,R,8955.094000,PER,11,perez,cadillac,79.076000,46.000000,3.000000,,,26.825000,28.634000,23.617000,8904.430000,8933.064000,8956.681000,280.000000,260.000000,308.000000,299.000000,False,HARD,17.000000,False,Cadillac,8876.018000,,1,17.000000,False,,False,True
2026,12,Dutch Grand Prix,R,9034.061000,PER,11,perez,cadillac,78.967000,47.000000,3.000000,,,26.670000,28.682000,23.615000,8983.351000,9012.033000,9035.648000,281.000000,263.000000,312.000000,297.000000,False,HARD,18.000000,False,Cadillac,8955.094000,,1,17.000000,False,,False,True
2026,12,Dutch Grand Prix,R,9113.267000,PER,11,perez,cadillac,79.206000,48.000000,3.000000,,,26.755000,28.710000,23.741000,9062.403000,9091.113000,9114.854000,280.000000,263.000000,312.000000,301.000000,False,HARD,19.000000,False,Cadillac,9034.061000,,1,17.000000,False,,False,True
2026,12,Dutch Grand Prix,R,9192.562000,PER,11,perez,cadillac,79.295000,49.000000,3.000000,,,26.844000,28.617000,23.834000,9141.698000,9170.315000,9194.149000,272.000000,270.000000,324.000000,300.000000,False,HARD,20.000000,False,Cadillac,9113.267000,,1,18.000000,False,,False,True
2026,12,Dutch Grand Prix,R,9272.937000,PER,11,perez,cadillac,80.375000,50.000000,3.000000,,,26.684000,29.164000,24.527000,9220.833000,9249.997000,9274.524000,286.000000,224.000000,327.000000,303.000000,False,HARD,21.000000,False,Cadillac,9192.562000,,1,18.000000,False,,False,True
2026,12,Dutch Grand Prix,R,9351.898000,PER,11,perez,cadillac,78.961000,51.000000,3.000000,,,26.653000,28.614000,23.694000,9301.177000,9329.791000,9353.485000,284.000000,272.000000,315.000000,311.000000,False,HARD,22.000000,False,Cadillac,9272.937000,,1,18.000000,False,,False,True
2026,12,Dutch Grand Prix,R,9434.226000,PER,11,perez,cadillac,82.328000,52.000000,3.000000,,9434.623000,26.639000,28.667000,27.022000,9380.124000,9408.791000,9435.813000,280.000000,268.000000,,304.000000,False,HARD,23.000000,False,Cadillac,9351.898000,,1,18.000000,False,,False,False
2026,12,Dutch Grand Prix,R,9551.548000,PER,11,perez,cadillac,117.322000,53.000000,4.000000,9453.176000,,48.708000,36.619000,31.995000,9484.521000,9521.140000,9553.135000,132.000000,180.000000,236.000000,304.000000,False,SOFT,1.000000,True,Cadillac,9434.226000,,126,17.000000,False,,False,False
2026,12,Dutch Grand Prix,R,9655.697000,PER,11,perez,cadillac,104.149000,54.000000,4.000000,,,35.158000,37.025000,31.966000,9588.293000,9625.318000,9657.284000,241.000000,176.000000,263.000000,207.000000,False,SOFT,2.000000,True,Cadillac,9551.548000,,6,17.000000,False,,False,False
2026,12,Dutch Grand Prix,R,9749.339000,PER,11,perez,cadillac,93.642000,55.000000,4.000000,,,34.611000,34.479000,24.552000,9691.895000,9726.374000,9750.926000,235.000000,201.000000,315.000000,232.000000,False,SOFT,3.000000,True,Cadillac,9655.697000,,671,17.000000,False,,False,False
2026,12,Dutch Grand Prix,R,9828.432000,PER,11,perez,cadillac,79.093000,56.000000,4.000000,,,28.156000,27.827000,23.110000,9779.082000,9806.909000,9830.019000,286.000000,272.000000,314.000000,294.000000,False,SOFT,4.000000,True,Cadillac,9749.339000,,1,17.000000,False,,False,True
2026,12,Dutch Grand Prix,R,9905.581000,PER,11,perez,cadillac,77.149000,57.000000,4.000000,,,26.245000,27.673000,23.231000,9856.264000,9883.937000,9907.168000,280.000000,264.000000,308.000000,303.000000,False,SOFT,5.000000,True,Cadillac,9828.432000,,1,17.000000,True,TRACK LIMITS AT TURN 3 LAP 57 ,False,True
2026,12,Dutch Grand Prix,R,9985.253000,PER,11,perez,cadillac,79.672000,58.000000,4.000000,,,27.280000,29.000000,23.392000,9934.448000,9963.448000,9986.840000,282.000000,272.000000,316.000000,241.000000,False,SOFT,6.000000,True,Cadillac,9905.581000,,1,17.000000,False,,False,True
2026,12,Dutch Grand Prix,R,10066.497000,PER,11,perez,cadillac,81.244000,59.000000,4.000000,,,26.255000,30.543000,24.446000,10013.095000,10043.638000,10068.084000,282.000000,220.000000,325.000000,302.000000,False,SOFT,7.000000,True,Cadillac,9985.253000,,1,17.000000,False,,False,True
2026,12,Dutch Grand Prix,R,10144.423000,PER,11,perez,cadillac,77.926000,60.000000,4.000000,,,26.545000,27.964000,23.417000,10094.629000,10122.593000,10146.010000,284.000000,273.000000,315.000000,288.000000,False,SOFT,8.000000,True,Cadillac,10066.497000,,1,17.000000,False,,False,True
2026,12,Dutch Grand Prix,R,10222.697000,PER,11,perez,cadillac,78.274000,61.000000,4.000000,,,26.850000,28.023000,23.401000,10172.860000,10200.883000,10224.284000,277.000000,267.000000,313.000000,299.000000,False,SOFT,9.000000,True,Cadillac,10144.423000,,1,17.000000,False,,False,True
2026,12,Dutch Grand Prix,R,10304.615000,PER,11,perez,cadillac,81.918000,62.000000,4.000000,,,26.353000,29.821000,25.744000,10250.637000,10280.458000,10306.202000,280.000000,269.000000,328.000000,302.000000,False,SOFT,10.000000,True,Cadillac,10222.697000,,1,17.000000,False,,False,True
2026,12,Dutch Grand Prix,R,10383.038000,PER,11,perez,cadillac,78.423000,63.000000,4.000000,,,26.568000,28.443000,23.412000,10332.770000,10361.213000,10384.625000,281.000000,272.000000,316.000000,294.000000,False,SOFT,11.000000,True,Cadillac,10304.615000,,1,17.000000,False,,False,True
2026,12,Dutch Grand Prix,R,10463.261000,PER,11,perez,cadillac,80.223000,64.000000,4.000000,,,28.283000,28.515000,23.425000,10412.908000,10441.423000,10464.848000,289.000000,277.000000,319.000000,267.000000,False,SOFT,12.000000,True,Cadillac,10383.038000,,1,17.000000,False,,False,True
2026,12,Dutch Grand Prix,R,10541.397000,PER,11,perez,cadillac,78.136000,65.000000,4.000000,,,26.576000,28.189000,23.371000,10491.424000,10519.613000,10542.984000,282.000000,267.000000,314.000000,306.000000,False,SOFT,13.000000,True,Cadillac,10463.261000,,1,17.000000,False,,False,True
2026,12,Dutch Grand Prix,R,10619.699000,PER,11,perez,cadillac,78.302000,66.000000,4.000000,,,26.559000,28.447000,23.296000,10569.543000,10597.990000,10621.286000,281.000000,268.000000,315.000000,302.000000,False,SOFT,14.000000,True,Cadillac,10541.397000,,1,16.000000,False,,False,True
2026,12,Dutch Grand Prix,R,10714.735000,PER,11,perez,cadillac,95.036000,67.000000,4.000000,,,26.476000,35.876000,32.684000,10647.762000,10683.638000,10716.322000,281.000000,167.000000,297.000000,305.000000,False,SOFT,15.000000,True,Cadillac,10619.699000,,167,15.000000,False,,False,False
2026,12,Dutch Grand Prix,R,10792.736000,PER,11,perez,cadillac,78.001000,68.000000,4.000000,,,26.846000,27.875000,23.280000,10743.168000,10771.043000,10794.323000,289.000000,280.000000,316.000000,279.000000,False,SOFT,16.000000,True,Cadillac,10714.735000,,71,15.000000,False,,False,False
2026,12,Dutch Grand Prix,R,10870.372000,PER,11,perez,cadillac,77.636000,69.000000,4.000000,,,26.307000,28.048000,23.281000,10820.630000,10848.678000,10871.959000,281.000000,263.000000,317.000000,306.000000,True,SOFT,17.000000,True,Cadillac,10792.736000,,1,15.000000,False,,False,True
2026,12,Dutch Grand Prix,R,10947.895000,PER,11,perez,cadillac,77.523000,70.000000,4.000000,,,26.318000,28.000000,23.205000,10898.277000,10926.277000,10949.482000,280.000000,285.000000,308.000000,311.000000,True,SOFT,18.000000,True,Cadillac,10870.372000,,1,15.000000,False,,False,True
2026,12,Dutch Grand Prix,R,3489.370000,ANT,12,antonelli,mercedes,84.884000,1.000000,1.000000,,,,27.451000,25.629000,,3465.364000,3491.072000,290.000000,280.000000,319.000000,216.000000,False,MEDIUM,1.000000,True,Mercedes,3405.791000,,1,2.000000,False,,False,False
2026,12,Dutch Grand Prix,R,3613.664000,ANT,12,antonelli,mercedes,124.294000,2.000000,1.000000,,3612.684000,26.765000,41.318000,56.211000,3517.758000,3559.076000,3615.287000,285.000000,154.000000,,266.000000,False,MEDIUM,2.000000,True,Mercedes,3489.370000,,125,2.000000,False,,False,False
2026,12,Dutch Grand Prix,R,5317.051000,ANT,12,antonelli,mercedes,,3.000000,2.000000,5185.178000,,,35.121000,62.344000,,5256.330000,5318.677000,230.000000,216.000000,81.000000,266.000000,False,MEDIUM,3.000000,False,Mercedes,5177.312000,,1,2.000000,False,,False,False
2026,12,Dutch Grand Prix,R,5514.990000,ANT,12,antonelli,mercedes,,4.000000,2.000000,,,,28.874000,56.249000,,5460.479000,5516.681000,243.000000,249.000000,63.000000,154.000000,False,MEDIUM,4.000000,False,Mercedes,5317.051000,,12,2.000000,False,,False,False
2026,12,Dutch Grand Prix,R,5657.241000,ANT,12,antonelli,mercedes,142.251000,5.000000,2.000000,,,91.889000,27.352000,23.010000,5608.502000,5635.854000,5658.864000,260.000000,259.000000,318.000000,215.000000,True,MEDIUM,5.000000,False,Mercedes,5514.990000,,12,1.000000,False,,False,True
2026,12,Dutch Grand Prix,R,5734.223000,ANT,12,antonelli,mercedes,76.982000,6.000000,2.000000,,,26.349000,27.544000,23.089000,5685.213000,5712.757000,5735.846000,271.000000,271.000000,319.000000,300.000000,True,MEDIUM,6.000000,False,Mercedes,5657.241000,,1,1.000000,False,,False,True
2026,12,Dutch Grand Prix,R,5810.904000,ANT,12,antonelli,mercedes,76.681000,7.000000,2.000000,,,26.282000,27.411000,22.988000,5762.128000,5789.539000,5812.527000,272.000000,271.000000,318.000000,304.000000,True,MEDIUM,7.000000,False,Mercedes,5734.223000,,1,1.000000,False,,False,True
2026,12,Dutch Grand Prix,R,5887.707000,ANT,12,antonelli,mercedes,76.803000,8.000000,2.000000,,,26.250000,27.606000,22.947000,5838.777000,5866.383000,5889.330000,273.000000,271.000000,320.000000,302.000000,False,MEDIUM,8.000000,False,Mercedes,5810.904000,,1,1.000000,False,,False,True
2026,12,Dutch Grand Prix,R,5964.259000,ANT,12,antonelli,mercedes,76.552000,9.000000,2.000000,,,25.963000,27.608000,22.981000,5915.293000,5942.901000,5965.882000,277.000000,270.000000,319.000000,309.000000,True,MEDIUM,9.000000,False,Mercedes,5887.707000,,1,1.000000,False,,False,True
2026,12,Dutch Grand Prix,R,6040.978000,ANT,12,antonelli,mercedes,76.719000,10.000000,2.000000,,,26.069000,27.742000,22.908000,5991.951000,6019.693000,6042.601000,276.000000,271.000000,320.000000,309.000000,False,MEDIUM,10.000000,False,Mercedes,5964.259000,,1,1.000000,False,,False,True
2026,12,Dutch Grand Prix,R,6117.686000,ANT,12,antonelli,mercedes,76.708000,11.000000,2.000000,,,25.885000,27.877000,22.946000,6068.486000,6096.363000,6119.309000,278.000000,268.000000,320.000000,311.000000,False,MEDIUM,11.000000,False,Mercedes,6040.978000,,1,1.000000,False,,False,True
2026,12,Dutch Grand Prix,R,6194.555000,ANT,12,antonelli,mercedes,76.869000,12.000000,2.000000,,,26.063000,27.871000,22.935000,6145.372000,6173.243000,6196.178000,278.000000,271.000000,319.000000,312.000000,False,MEDIUM,12.000000,False,Mercedes,6117.686000,,1,1.000000,False,,False,True
2026,12,Dutch Grand Prix,R,6271.613000,ANT,12,antonelli,mercedes,77.058000,13.000000,2.000000,,,25.964000,28.052000,23.042000,6222.142000,6250.194000,6273.236000,277.000000,270.000000,310.000000,306.000000,False,MEDIUM,13.000000,False,Mercedes,6194.555000,,1,1.000000,False,,False,True
2026,12,Dutch Grand Prix,R,6348.594000,ANT,12,antonelli,mercedes,76.981000,14.000000,2.000000,,,26.002000,27.995000,22.984000,6299.238000,6327.233000,6350.217000,284.000000,272.000000,314.000000,293.000000,False,MEDIUM,14.000000,False,Mercedes,6271.613000,,1,1.000000,False,,False,True
2026,12,Dutch Grand Prix,R,6425.817000,ANT,12,antonelli,mercedes,77.223000,15.000000,2.000000,,,25.963000,28.052000,23.208000,6376.180000,6404.232000,6427.440000,283.000000,272.000000,314.000000,296.000000,False,MEDIUM,15.000000,False,Mercedes,6348.594000,,1,1.000000,False,,False,True
2026,12,Dutch Grand Prix,R,6503.183000,ANT,12,antonelli,mercedes,77.366000,16.000000,2.000000,,,26.013000,28.202000,23.151000,6453.453000,6481.655000,6504.806000,285.000000,272.000000,314.000000,293.000000,False,MEDIUM,16.000000,False,Mercedes,6425.817000,,1,1.000000,False,,False,True
2026,12,Dutch Grand Prix,R,6580.496000,ANT,12,antonelli,mercedes,77.313000,17.000000,2.000000,,,26.006000,28.035000,23.272000,6530.812000,6558.847000,6582.119000,283.000000,274.000000,313.000000,293.000000,False,MEDIUM,17.000000,False,Mercedes,6503.183000,,1,1.000000,False,,False,True
2026,12,Dutch Grand Prix,R,6657.840000,ANT,12,antonelli,mercedes,77.344000,18.000000,2.000000,,,26.163000,28.102000,23.079000,6608.282000,6636.384000,6659.463000,283.000000,275.000000,317.000000,295.000000,False,MEDIUM,18.000000,False,Mercedes,6580.496000,,1,1.000000,False,,False,True
2026,12,Dutch Grand Prix,R,6735.282000,ANT,12,antonelli,mercedes,77.442000,19.000000,2.000000,,,26.025000,28.154000,23.263000,6685.488000,6713.642000,6736.905000,284.000000,274.000000,316.000000,296.000000,False,MEDIUM,19.000000,False,Mercedes,6657.840000,,1,1.000000,False,,False,True
2026,12,Dutch Grand Prix,R,6812.883000,ANT,12,antonelli,mercedes,77.601000,20.000000,2.000000,,,26.185000,28.186000,23.230000,6763.090000,6791.276000,6814.506000,282.000000,275.000000,316.000000,293.000000,False,MEDIUM,20.000000,False,Mercedes,6735.282000,,1,1.000000,False,,False,True
2026,12,Dutch Grand Prix,R,6893.422000,ANT,12,antonelli,mercedes,80.539000,21.000000,2.000000,,6893.788000,26.029000,28.472000,26.038000,6840.535000,6869.007000,6895.045000,283.000000,273.000000,,294.000000,False,MEDIUM,21.000000,False,Mercedes,6812.883000,,1,1.000000,False,,False,False
2026,12,Dutch Grand Prix,R,6987.625000,ANT,12,antonelli,mercedes,94.203000,22.000000,3.000000,6912.626000,,44.084000,27.269000,22.850000,6939.129000,6966.398000,6989.248000,282.000000,274.000000,316.000000,294.000000,False,HARD,1.000000,True,Mercedes,6893.422000,,1,2.000000,False,,False,False
2026,12,Dutch Grand Prix,R,7063.429000,ANT,12,antonelli,mercedes,75.804000,23.000000,3.000000,,,25.706000,27.354000,22.744000,7014.954000,7042.308000,7065.052000,283.000000,275.000000,315.000000,295.000000,True,HARD,2.000000,True,Mercedes,6987.625000,,1,2.000000,False,,False,True
2026,12,Dutch Grand Prix,R,7139.574000,ANT,12,antonelli,mercedes,76.145000,24.000000,3.000000,,,25.772000,27.542000,22.831000,7090.824000,7118.366000,7141.197000,285.000000,275.000000,317.000000,293.000000,False,HARD,3.000000,True,Mercedes,7063.429000,,1,2.000000,False,,False,True
2026,12,Dutch Grand Prix,R,7215.839000,ANT,12,antonelli,mercedes,76.265000,25.000000,3.000000,,,25.828000,27.530000,22.907000,7167.025000,7194.555000,7217.462000,285.000000,277.000000,317.000000,290.000000,False,HARD,4.000000,True,Mercedes,7139.574000,,1,1.000000,False,,False,True
2026,12,Dutch Grand Prix,R,7292.047000,ANT,12,antonelli,mercedes,76.208000,26.000000,3.000000,,,25.747000,27.592000,22.869000,7243.209000,7270.801000,7293.670000,283.000000,275.000000,317.000000,289.000000,False,HARD,5.000000,True,Mercedes,7215.839000,,1,1.000000,False,,False,True
2026,12,Dutch Grand Prix,R,7368.171000,ANT,12,antonelli,mercedes,76.124000,27.000000,3.000000,,,25.702000,27.653000,22.769000,7319.372000,7347.025000,7369.794000,285.000000,276.000000,318.000000,296.000000,False,HARD,6.000000,True,Mercedes,7292.047000,,1,1.000000,False,,False,True
2026,12,Dutch Grand Prix,R,7444.366000,ANT,12,antonelli,mercedes,76.195000,28.000000,3.000000,,,25.781000,27.521000,22.893000,7395.575000,7423.096000,7445.989000,285.000000,277.000000,321.000000,295.000000,False,HARD,7.000000,True,Mercedes,7368.171000,,1,1.000000,False,,False,True
2026,12,Dutch Grand Prix,R,7520.539000,ANT,12,antonelli,mercedes,76.173000,29.000000,3.000000,,,25.724000,27.426000,23.023000,7471.713000,7499.139000,7522.162000,284.000000,280.000000,319.000000,297.000000,False,HARD,8.000000,True,Mercedes,7444.366000,,1,1.000000,False,,False,True
2026,12,Dutch Grand Prix,R,7597.012000,ANT,12,antonelli,mercedes,76.473000,30.000000,3.000000,,,25.816000,27.510000,23.147000,7547.978000,7575.488000,7598.635000,288.000000,270.000000,328.000000,295.000000,False,HARD,9.000000,True,Mercedes,7520.539000,,1,1.000000,False,,False,True
2026,12,Dutch Grand Prix,R,7673.093000,ANT,12,antonelli,mercedes,76.081000,31.000000,3.000000,,,25.669000,27.598000,22.814000,7624.304000,7651.902000,7674.716000,287.000000,277.000000,322.000000,306.000000,False,HARD,10.000000,True,Mercedes,7597.012000,,1,1.000000,False,,False,True
2026,12,Dutch Grand Prix,R,7749.537000,ANT,12,antonelli,mercedes,76.444000,32.000000,3.000000,,,25.831000,27.669000,22.944000,7700.547000,7728.216000,7751.160000,280.000000,277.000000,324.000000,315.000000,False,HARD,11.000000,True,Mercedes,7673.093000,,1,1.000000,False,,False,True
2026,12,Dutch Grand Prix,R,7826.141000,ANT,12,antonelli,mercedes,76.604000,33.000000,3.000000,,,25.880000,27.787000,22.937000,7777.040000,7804.827000,7827.764000,281.000000,273.000000,323.000000,317.000000,False,HARD,12.000000,True,Mercedes,7749.537000,,1,1.000000,False,,False,True
2026,12,Dutch Grand Prix,R,7902.545000,ANT,12,antonelli,mercedes,76.404000,34.000000,3.000000,,,25.801000,27.668000,22.935000,7853.565000,7881.233000,7904.168000,279.000000,280.000000,324.000000,308.000000,False,HARD,13.000000,True,Mercedes,7826.141000,,1,1.000000,False,,False,True
2026,12,Dutch Grand Prix,R,7979.383000,ANT,12,antonelli,mercedes,76.838000,35.000000,3.000000,,,25.850000,28.014000,22.974000,7930.018000,7958.032000,7981.006000,282.000000,278.000000,325.000000,313.000000,False,HARD,14.000000,True,Mercedes,7902.545000,,1,1.000000,False,,False,True
2026,12,Dutch Grand Prix,R,8056.857000,ANT,12,antonelli,mercedes,77.474000,36.000000,3.000000,,,25.973000,28.469000,23.032000,8006.979000,8035.448000,8058.480000,283.000000,275.000000,324.000000,310.000000,False,HARD,15.000000,True,Mercedes,7979.383000,,1,1.000000,False,,False,True
2026,12,Dutch Grand Prix,R,8134.001000,ANT,12,antonelli,mercedes,77.144000,37.000000,3.000000,,,25.966000,28.125000,23.053000,8084.446000,8112.571000,8135.624000,280.000000,276.000000,322.000000,312.000000,False,HARD,16.000000,True,Mercedes,8056.857000,,1,1.000000,False,,False,True
2026,12,Dutch Grand Prix,R,8210.407000,ANT,12,antonelli,mercedes,76.406000,38.000000,3.000000,,,25.918000,27.566000,22.922000,8161.542000,8189.108000,8212.030000,278.000000,279.000000,322.000000,306.000000,False,HARD,17.000000,True,Mercedes,8134.001000,,1,1.000000,False,,False,True
2026,12,Dutch Grand Prix,R,8287.121000,ANT,12,antonelli,mercedes,76.714000,39.000000,3.000000,,,25.920000,27.764000,23.030000,8237.950000,8265.714000,8288.744000,281.000000,275.000000,324.000000,312.000000,False,HARD,18.000000,True,Mercedes,8210.407000,,1,1.000000,False,,False,True
2026,12,Dutch Grand Prix,R,8366.510000,ANT,12,antonelli,mercedes,79.389000,40.000000,3.000000,,8366.845000,25.915000,27.829000,25.645000,8314.659000,8342.488000,8368.133000,282.000000,276.000000,,311.000000,False,HARD,19.000000,True,Mercedes,8287.121000,,1,2.000000,False,,False,False
2026,12,Dutch Grand Prix,R,8459.094000,ANT,12,antonelli,mercedes,92.584000,41.000000,4.000000,8384.638000,,42.620000,27.321000,22.643000,8410.753000,8438.074000,8460.717000,292.000000,282.000000,325.000000,311.000000,False,HARD,1.000000,True,Mercedes,8366.510000,,1,4.000000,False,,False,False
2026,12,Dutch Grand Prix,R,8534.794000,ANT,12,antonelli,mercedes,75.700000,42.000000,4.000000,,,25.697000,27.309000,22.694000,8486.414000,8513.723000,8536.417000,279.000000,279.000000,321.000000,319.000000,True,HARD,2.000000,True,Mercedes,8459.094000,,1,4.000000,False,,False,True
2026,12,Dutch Grand Prix,R,8610.681000,ANT,12,antonelli,mercedes,75.887000,43.000000,4.000000,,,25.783000,27.266000,22.838000,8562.200000,8589.466000,8612.304000,278.000000,280.000000,322.000000,311.000000,False,HARD,3.000000,True,Mercedes,8534.794000,,1,4.000000,False,,False,True
2026,12,Dutch Grand Prix,R,8686.921000,ANT,12,antonelli,mercedes,76.240000,44.000000,4.000000,,,25.726000,27.554000,22.960000,8638.030000,8665.584000,8688.544000,279.000000,278.000000,308.000000,316.000000,False,HARD,4.000000,True,Mercedes,8610.681000,,1,3.000000,False,,False,True
2026,12,Dutch Grand Prix,R,8763.026000,ANT,12,antonelli,mercedes,76.105000,45.000000,4.000000,,,25.864000,27.355000,22.886000,8714.408000,8741.763000,8764.649000,288.000000,282.000000,325.000000,300.000000,False,HARD,5.000000,True,Mercedes,8686.921000,,1,3.000000,False,,False,True
2026,12,Dutch Grand Prix,R,8838.754000,ANT,12,antonelli,mercedes,75.728000,46.000000,4.000000,,,25.682000,27.272000,22.774000,8790.331000,8817.603000,8840.377000,289.000000,280.000000,321.000000,313.000000,False,HARD,6.000000,True,Mercedes,8763.026000,,1,3.000000,False,,False,True
2026,12,Dutch Grand Prix,R,8914.713000,ANT,12,antonelli,mercedes,75.959000,47.000000,4.000000,,,25.764000,27.344000,22.851000,8866.141000,8893.485000,8916.336000,286.000000,279.000000,322.000000,304.000000,False,HARD,7.000000,True,Mercedes,8838.754000,,1,3.000000,False,,False,True
2026,12,Dutch Grand Prix,R,8990.687000,ANT,12,antonelli,mercedes,75.974000,48.000000,4.000000,,,25.679000,27.444000,22.851000,8942.015000,8969.459000,8992.310000,289.000000,278.000000,322.000000,308.000000,False,HARD,8.000000,True,Mercedes,8914.713000,,1,2.000000,False,,False,True
2026,12,Dutch Grand Prix,R,9066.537000,ANT,12,antonelli,mercedes,75.850000,49.000000,4.000000,,,25.633000,27.471000,22.746000,9017.943000,9045.414000,9068.160000,290.000000,278.000000,322.000000,307.000000,False,HARD,9.000000,True,Mercedes,8990.687000,,1,2.000000,False,,False,True
2026,12,Dutch Grand Prix,R,9142.479000,ANT,12,antonelli,mercedes,75.942000,50.000000,4.000000,,,25.674000,27.453000,22.815000,9093.834000,9121.287000,9144.102000,287.000000,280.000000,323.000000,306.000000,False,HARD,10.000000,True,Mercedes,9066.537000,,1,2.000000,False,,False,True
2026,12,Dutch Grand Prix,R,9218.244000,ANT,12,antonelli,mercedes,75.765000,51.000000,4.000000,,,25.651000,27.355000,22.759000,9169.753000,9197.108000,9219.867000,288.000000,280.000000,324.000000,309.000000,False,HARD,11.000000,True,Mercedes,9142.479000,,1,2.000000,False,,False,True
2026,12,Dutch Grand Prix,R,9293.832000,ANT,12,antonelli,mercedes,75.588000,52.000000,4.000000,,,25.629000,27.226000,22.733000,9245.496000,9272.722000,9295.455000,288.000000,281.000000,339.000000,314.000000,True,HARD,12.000000,True,Mercedes,9218.244000,,1,2.000000,False,,False,True
2026,12,Dutch Grand Prix,R,9370.172000,ANT,12,antonelli,mercedes,76.340000,53.000000,4.000000,,,25.890000,27.507000,22.943000,9321.345000,9348.852000,9371.795000,284.000000,280.000000,341.000000,326.000000,False,HARD,13.000000,True,Mercedes,9293.832000,,1,2.000000,False,,False,True
2026,12,Dutch Grand Prix,R,9448.054000,ANT,12,antonelli,mercedes,77.882000,54.000000,4.000000,,,26.510000,28.296000,23.076000,9398.305000,9426.601000,9449.677000,296.000000,273.000000,344.000000,311.000000,False,HARD,14.000000,True,Mercedes,9370.172000,,12,3.000000,False,,False,True
2026,12,Dutch Grand Prix,R,9545.490000,ANT,12,antonelli,mercedes,97.436000,55.000000,4.000000,,,27.147000,38.490000,31.799000,9476.824000,9515.314000,9547.113000,180.000000,224.000000,215.000000,317.000000,False,HARD,15.000000,True,Mercedes,9448.054000,,26,2.000000,False,,False,False
2026,12,Dutch Grand Prix,R,9649.700000,ANT,12,antonelli,mercedes,104.210000,56.000000,4.000000,,9650.115000,35.848000,36.551000,31.811000,9582.961000,9619.512000,9651.323000,245.000000,215.000000,,244.000000,False,HARD,16.000000,True,Mercedes,9545.490000,,6,2.000000,False,,False,False
2026,12,Dutch Grand Prix,R,9756.910000,ANT,12,antonelli,mercedes,107.210000,57.000000,5.000000,9669.206000,,50.402000,33.979000,22.829000,9701.725000,9735.704000,9758.533000,242.000000,277.000000,325.000000,244.000000,False,SOFT,4.000000,False,Mercedes,9649.700000,,671,3.000000,False,,False,False
2026,12,Dutch Grand Prix,R,9831.600000,ANT,12,antonelli,mercedes,74.690000,58.000000,5.000000,,,25.557000,26.753000,22.380000,9784.090000,9810.843000,9833.223000,281.000000,276.000000,322.000000,313.000000,True,SOFT,5.000000,False,Mercedes,9756.910000,,1,3.000000,False,,False,True
2026,12,Dutch Grand Prix,R,9906.171000,ANT,12,antonelli,mercedes,74.571000,59.000000,5.000000,,,25.362000,26.702000,22.507000,9858.585000,9885.287000,9907.794000,279.000000,269.000000,332.000000,318.000000,True,SOFT,6.000000,False,Mercedes,9831.600000,,1,3.000000,False,,False,True
2026,12,Dutch Grand Prix,R,9980.909000,ANT,12,antonelli,mercedes,74.738000,60.000000,5.000000,,,25.623000,26.640000,22.475000,9933.417000,9960.057000,9982.532000,289.000000,267.000000,323.000000,273.000000,False,SOFT,7.000000,False,Mercedes,9906.171000,,1,3.000000,False,,False,True
2026,12,Dutch Grand Prix,R,10055.588000,ANT,12,antonelli,mercedes,74.679000,61.000000,5.000000,,,25.444000,26.700000,22.535000,10007.976000,10034.676000,10057.211000,286.000000,280.000000,321.000000,296.000000,False,SOFT,8.000000,False,Mercedes,9980.909000,,1,3.000000,False,,False,True
2026,12,Dutch Grand Prix,R,10130.395000,ANT,12,antonelli,mercedes,74.807000,62.000000,5.000000,,,25.519000,26.917000,22.371000,10082.730000,10109.647000,10132.018000,292.000000,283.000000,322.000000,295.000000,False,SOFT,9.000000,False,Mercedes,10055.588000,,1,3.000000,False,,False,True
2026,12,Dutch Grand Prix,R,10205.493000,ANT,12,antonelli,mercedes,75.098000,63.000000,5.000000,,,25.373000,27.109000,22.616000,10157.391000,10184.500000,10207.116000,278.000000,275.000000,314.000000,309.000000,False,SOFT,10.000000,False,Mercedes,10130.395000,,1,3.000000,False,,False,True
2026,12,Dutch Grand Prix,R,10280.363000,ANT,12,antonelli,mercedes,74.870000,64.000000,5.000000,,,25.415000,26.989000,22.466000,10232.531000,10259.520000,10281.986000,287.000000,282.000000,325.000000,298.000000,False,SOFT,11.000000,False,Mercedes,10205.493000,,1,3.000000,False,,False,True
2026,12,Dutch Grand Prix,R,10355.581000,ANT,12,antonelli,mercedes,75.218000,65.000000,5.000000,,,25.373000,27.241000,22.604000,10307.359000,10334.600000,10357.204000,288.000000,283.000000,325.000000,309.000000,False,SOFT,12.000000,False,Mercedes,10280.363000,,1,3.000000,False,,False,True
2026,12,Dutch Grand Prix,R,10430.834000,ANT,12,antonelli,mercedes,75.253000,66.000000,5.000000,,,25.380000,27.044000,22.829000,10382.584000,10409.628000,10432.457000,291.000000,266.000000,322.000000,296.000000,False,SOFT,13.000000,False,Mercedes,10355.581000,,1,2.000000,False,,False,True
2026,12,Dutch Grand Prix,R,10506.239000,ANT,12,antonelli,mercedes,75.405000,67.000000,5.000000,,,25.688000,27.045000,22.672000,10458.145000,10485.190000,10507.862000,285.000000,278.000000,317.000000,299.000000,False,SOFT,14.000000,False,Mercedes,10430.834000,,1,2.000000,False,,False,True
2026,12,Dutch Grand Prix,R,10581.538000,ANT,12,antonelli,mercedes,75.299000,68.000000,5.000000,,,25.550000,27.090000,22.659000,10533.412000,10560.502000,10583.161000,287.000000,279.000000,320.000000,297.000000,False,SOFT,15.000000,False,Mercedes,10506.239000,,1,2.000000,False,,False,True
2026,12,Dutch Grand Prix,R,10656.721000,ANT,12,antonelli,mercedes,75.183000,69.000000,5.000000,,,25.443000,27.149000,22.591000,10608.604000,10635.753000,10658.344000,288.000000,280.000000,322.000000,298.000000,False,SOFT,16.000000,False,Mercedes,10581.538000,,1,2.000000,False,,False,True
2026,12,Dutch Grand Prix,R,10749.807000,ANT,12,antonelli,mercedes,93.086000,70.000000,5.000000,,,37.779000,32.498000,22.809000,10696.123000,10728.621000,10751.430000,183.000000,274.000000,323.000000,277.000000,False,SOFT,17.000000,False,Mercedes,10656.721000,,167,2.000000,False,,False,False
2026,12,Dutch Grand Prix,R,10824.891000,ANT,12,antonelli,mercedes,75.084000,71.000000,5.000000,,,25.460000,26.981000,22.643000,10776.890000,10803.871000,10826.514000,287.000000,280.000000,323.000000,304.000000,False,SOFT,18.000000,False,Mercedes,10749.807000,,1,2.000000,False,,False,True
2026,12,Dutch Grand Prix,R,10900.849000,ANT,12,antonelli,mercedes,75.958000,72.000000,5.000000,,,25.491000,27.519000,22.948000,10852.005000,10879.524000,10902.472000,288.000000,281.000000,299.000000,304.000000,False,SOFT,19.000000,False,Mercedes,10824.891000,,1,2.000000,False,,False,True
2026,12,Dutch Grand Prix,R,3501.451000,ALO,14,alonso,aston_martin,96.971000,1.000000,1.000000,,,,29.843000,30.264000,,3472.806000,3503.172000,283.000000,270.000000,272.000000,191.000000,False,SOFT,1.000000,True,Aston Martin,3405.791000,,12,15.000000,False,,False,False
2026,12,Dutch Grand Prix,R,3651.052000,ALO,14,alonso,aston_martin,149.601000,2.000000,1.000000,,3650.253000,34.915000,44.411000,70.275000,3537.985000,3582.396000,3652.671000,122.000000,186.000000,,247.000000,False,SOFT,2.000000,True,Aston Martin,3501.451000,,25,15.000000,False,,False,False
2026,12,Dutch Grand Prix,R,5420.523000,ALO,14,alonso,aston_martin,,3.000000,2.000000,5237.467000,,,29.481000,,,5296.798000,,265.000000,243.000000,55.000000,247.000000,False,SOFT,1.000000,True,Aston Martin,5177.312000,,12,14.000000,False,,False,False
2026,12,Dutch Grand Prix,R,5580.420000,ALO,14,alonso,aston_martin,,4.000000,2.000000,,,42.836000,30.369000,86.761000,5464.990000,5495.352000,5582.154000,266.000000,224.000000,107.000000,136.000000,False,SOFT,2.000000,True,Aston Martin,5420.523000,,1,14.000000,False,,False,False
2026,12,Dutch Grand Prix,R,5665.192000,ALO,14,alonso,aston_martin,84.772000,5.000000,2.000000,,,30.822000,29.134000,24.816000,5612.861000,5641.995000,5666.811000,262.000000,291.000000,312.000000,227.000000,True,SOFT,3.000000,True,Aston Martin,5580.420000,,12,14.000000,False,,False,True
2026,12,Dutch Grand Prix,R,5745.847000,ALO,14,alonso,aston_martin,80.655000,6.000000,2.000000,,,27.711000,28.856000,24.088000,5694.522000,5723.378000,5747.466000,278.000000,268.000000,305.000000,294.000000,True,SOFT,4.000000,True,Aston Martin,5665.192000,,1,14.000000,False,,False,True
2026,12,Dutch Grand Prix,R,5825.691000,ALO,14,alonso,aston_martin,79.844000,7.000000,2.000000,,,27.498000,28.566000,23.780000,5774.964000,5803.530000,5827.310000,271.000000,268.000000,322.000000,273.000000,True,SOFT,5.000000,True,Aston Martin,5745.847000,,1,15.000000,False,,False,True
2026,12,Dutch Grand Prix,R,5904.825000,ALO,14,alonso,aston_martin,79.134000,8.000000,2.000000,,,26.820000,28.593000,23.721000,5854.130000,5882.723000,5906.444000,270.000000,269.000000,322.000000,300.000000,True,SOFT,6.000000,True,Aston Martin,5825.691000,,1,15.000000,False,,False,True
2026,12,Dutch Grand Prix,R,5983.800000,ALO,14,alonso,aston_martin,78.975000,9.000000,2.000000,,,26.768000,28.551000,23.656000,5933.212000,5961.763000,5985.419000,270.000000,267.000000,308.000000,296.000000,True,SOFT,7.000000,True,Aston Martin,5904.825000,,1,14.000000,False,,False,True
2026,12,Dutch Grand Prix,R,6062.957000,ALO,14,alonso,aston_martin,79.157000,10.000000,2.000000,,,26.759000,28.799000,23.599000,6012.178000,6040.977000,6064.576000,272.000000,267.000000,309.000000,294.000000,False,SOFT,8.000000,True,Aston Martin,5983.800000,,1,14.000000,False,,False,True
2026,12,Dutch Grand Prix,R,6142.139000,ALO,14,alonso,aston_martin,79.182000,11.000000,2.000000,,,26.765000,28.895000,23.522000,6091.341000,6120.236000,6143.758000,272.000000,266.000000,308.000000,301.000000,False,SOFT,9.000000,True,Aston Martin,6062.957000,,1,13.000000,False,,False,True
2026,12,Dutch Grand Prix,R,6220.864000,ALO,14,alonso,aston_martin,78.725000,12.000000,2.000000,,,26.654000,28.432000,23.639000,6170.412000,6198.844000,6222.483000,271.000000,266.000000,310.000000,300.000000,True,SOFT,10.000000,True,Aston Martin,6142.139000,,1,13.000000,False,,False,True
2026,12,Dutch Grand Prix,R,6299.874000,ALO,14,alonso,aston_martin,79.010000,13.000000,2.000000,,,26.827000,28.599000,23.584000,6249.310000,6277.909000,6301.493000,267.000000,264.000000,322.000000,296.000000,False,SOFT,11.000000,True,Aston Martin,6220.864000,,1,13.000000,False,,False,True
2026,12,Dutch Grand Prix,R,6378.900000,ALO,14,alonso,aston_martin,79.026000,14.000000,2.000000,,,26.738000,28.601000,23.687000,6328.231000,6356.832000,6380.519000,274.000000,269.000000,324.000000,302.000000,False,SOFT,12.000000,True,Aston Martin,6299.874000,,1,13.000000,False,,False,True
2026,12,Dutch Grand Prix,R,6457.993000,ALO,14,alonso,aston_martin,79.093000,15.000000,2.000000,,,26.626000,28.660000,23.807000,6407.145000,6435.805000,6459.612000,273.000000,273.000000,327.000000,299.000000,False,SOFT,13.000000,True,Aston Martin,6378.900000,,1,13.000000,False,,False,True
2026,12,Dutch Grand Prix,R,6537.759000,ALO,14,alonso,aston_martin,79.766000,16.000000,2.000000,,,26.805000,29.124000,23.837000,6486.417000,6515.541000,6539.378000,264.000000,267.000000,318.000000,303.000000,False,SOFT,14.000000,True,Aston Martin,6457.993000,,1,12.000000,False,,False,True
2026,12,Dutch Grand Prix,R,6616.316000,ALO,14,alonso,aston_martin,78.557000,17.000000,2.000000,,,26.452000,28.555000,23.550000,6565.830000,6594.385000,6617.935000,272.000000,265.000000,309.000000,310.000000,True,SOFT,15.000000,True,Aston Martin,6537.759000,,1,12.000000,False,,False,True
2026,12,Dutch Grand Prix,R,6695.366000,ALO,14,alonso,aston_martin,79.050000,18.000000,2.000000,,,26.604000,28.639000,23.807000,6644.539000,6673.178000,6696.985000,271.000000,265.000000,311.000000,304.000000,False,SOFT,16.000000,True,Aston Martin,6616.316000,,1,12.000000,False,,False,True
2026,12,Dutch Grand Prix,R,6774.232000,ALO,14,alonso,aston_martin,78.866000,19.000000,2.000000,,,26.647000,28.644000,23.575000,6723.632000,6752.276000,6775.851000,273.000000,267.000000,322.000000,304.000000,False,SOFT,17.000000,True,Aston Martin,6695.366000,,1,10.000000,False,,False,True
2026,12,Dutch Grand Prix,R,6853.423000,ALO,14,alonso,aston_martin,79.191000,20.000000,2.000000,,,26.672000,28.806000,23.713000,6802.523000,6831.329000,6855.042000,270.000000,265.000000,322.000000,313.000000,False,SOFT,18.000000,True,Aston Martin,6774.232000,,1,9.000000,False,,False,True
2026,12,Dutch Grand Prix,R,6932.333000,ALO,14,alonso,aston_martin,78.910000,21.000000,2.000000,,,26.556000,28.821000,23.533000,6881.598000,6910.419000,6933.952000,271.000000,263.000000,319.000000,307.000000,False,SOFT,19.000000,True,Aston Martin,6853.423000,,1,9.000000,False,,False,True
2026,12,Dutch Grand Prix,R,7011.534000,ALO,14,alonso,aston_martin,79.201000,22.000000,2.000000,,,26.667000,28.811000,23.723000,6960.619000,6989.430000,7013.153000,271.000000,264.000000,317.000000,300.000000,False,SOFT,20.000000,True,Aston Martin,6932.333000,,1,8.000000,False,,False,True
2026,12,Dutch Grand Prix,R,7091.560000,ALO,14,alonso,aston_martin,80.026000,23.000000,2.000000,,,27.158000,28.975000,23.893000,7040.311000,7069.286000,7093.179000,273.000000,266.000000,305.000000,280.000000,False,SOFT,21.000000,True,Aston Martin,7011.534000,,1,9.000000,False,,False,True
2026,12,Dutch Grand Prix,R,7170.685000,ALO,14,alonso,aston_martin,79.125000,24.000000,2.000000,,,26.785000,28.591000,23.749000,7119.964000,7148.555000,7172.304000,273.000000,269.000000,321.000000,292.000000,False,SOFT,22.000000,True,Aston Martin,7091.560000,,1,9.000000,False,,False,True
2026,12,Dutch Grand Prix,R,7249.693000,ALO,14,alonso,aston_martin,79.008000,25.000000,2.000000,,,26.545000,28.717000,23.746000,7198.849000,7227.566000,7251.312000,275.000000,271.000000,320.000000,300.000000,False,SOFT,23.000000,True,Aston Martin,7170.685000,,1,9.000000,False,,False,True
2026,12,Dutch Grand Prix,R,7328.946000,ALO,14,alonso,aston_martin,79.253000,26.000000,2.000000,,,26.614000,28.953000,23.686000,7277.926000,7306.879000,7330.565000,274.000000,266.000000,313.000000,300.000000,False,SOFT,24.000000,True,Aston Martin,7249.693000,,1,8.000000,False,,False,True
2026,12,Dutch Grand Prix,R,7407.823000,ALO,14,alonso,aston_martin,78.877000,27.000000,2.000000,,,26.460000,28.777000,23.640000,7357.025000,7385.802000,7409.442000,270.000000,263.000000,297.000000,295.000000,False,SOFT,25.000000,True,Aston Martin,7328.946000,,1,8.000000,False,,False,True
2026,12,Dutch Grand Prix,R,7486.907000,ALO,14,alonso,aston_martin,79.084000,28.000000,2.000000,,,26.663000,28.715000,23.706000,7436.105000,7464.820000,7488.526000,268.000000,262.000000,295.000000,290.000000,False,SOFT,26.000000,True,Aston Martin,7407.823000,,1,8.000000,False,,False,True
2026,12,Dutch Grand Prix,R,7565.913000,ALO,14,alonso,aston_martin,79.006000,29.000000,2.000000,,,26.692000,28.612000,23.702000,7515.218000,7543.830000,7567.532000,271.000000,265.000000,294.000000,289.000000,False,SOFT,27.000000,True,Aston Martin,7486.907000,,1,8.000000,False,,False,True
2026,12,Dutch Grand Prix,R,7644.953000,ALO,14,alonso,aston_martin,79.040000,30.000000,2.000000,,,26.758000,28.655000,23.627000,7594.290000,7622.945000,7646.572000,271.000000,265.000000,296.000000,288.000000,False,SOFT,28.000000,True,Aston Martin,7565.913000,,1,8.000000,False,,False,True
2026,12,Dutch Grand Prix,R,7723.928000,ALO,14,alonso,aston_martin,78.975000,31.000000,2.000000,,,26.655000,28.674000,23.646000,7673.227000,7701.901000,7725.547000,269.000000,264.000000,296.000000,289.000000,False,SOFT,29.000000,True,Aston Martin,7644.953000,,1,8.000000,False,,False,True
2026,12,Dutch Grand Prix,R,7802.909000,ALO,14,alonso,aston_martin,78.981000,32.000000,2.000000,,,26.695000,28.621000,23.665000,7752.242000,7780.863000,7804.528000,269.000000,264.000000,300.000000,290.000000,False,SOFT,30.000000,True,Aston Martin,7723.928000,,1,8.000000,False,,False,True
2026,12,Dutch Grand Prix,R,7881.980000,ALO,14,alonso,aston_martin,79.071000,33.000000,2.000000,,,26.688000,28.652000,23.731000,7831.216000,7859.868000,7883.599000,269.000000,263.000000,297.000000,292.000000,False,SOFT,31.000000,True,Aston Martin,7802.909000,,1,8.000000,False,,False,True
2026,12,Dutch Grand Prix,R,7964.666000,ALO,14,alonso,aston_martin,82.686000,34.000000,2.000000,,7965.044000,26.794000,29.156000,26.736000,7910.393000,7939.549000,7966.285000,271.000000,263.000000,,290.000000,False,SOFT,32.000000,True,Aston Martin,7881.980000,,1,9.000000,False,,False,False
2026,12,Dutch Grand Prix,R,8059.269000,ALO,14,alonso,aston_martin,94.603000,35.000000,3.000000,7982.723000,,43.160000,28.077000,23.366000,8009.445000,8037.522000,8060.888000,274.000000,274.000000,320.000000,290.000000,False,HARD,1.000000,True,Aston Martin,7964.666000,,1,13.000000,False,,False,False
2026,12,Dutch Grand Prix,R,8138.289000,ALO,14,alonso,aston_martin,79.020000,36.000000,3.000000,,,26.892000,27.979000,24.149000,8087.780000,8115.759000,8139.908000,268.000000,290.000000,320.000000,289.000000,False,HARD,2.000000,True,Aston Martin,8059.269000,,1,12.000000,False,,False,True
2026,12,Dutch Grand Prix,R,8217.113000,ALO,14,alonso,aston_martin,78.824000,37.000000,3.000000,,,27.018000,28.012000,23.794000,8166.926000,8194.938000,8218.732000,263.000000,268.000000,335.000000,288.000000,False,HARD,3.000000,True,Aston Martin,8138.289000,,1,12.000000,False,,False,True
2026,12,Dutch Grand Prix,R,8295.123000,ALO,14,alonso,aston_martin,78.010000,38.000000,3.000000,,,26.582000,28.120000,23.308000,8245.314000,8273.434000,8296.742000,272.000000,271.000000,300.000000,296.000000,True,HARD,4.000000,True,Aston Martin,8217.113000,,1,11.000000,False,,False,True
2026,12,Dutch Grand Prix,R,8372.611000,ALO,14,alonso,aston_martin,77.488000,39.000000,3.000000,,,26.368000,27.887000,23.233000,8323.110000,8350.997000,8374.230000,271.000000,265.000000,302.000000,294.000000,True,HARD,5.000000,True,Aston Martin,8295.123000,,1,11.000000,False,,False,True
2026,12,Dutch Grand Prix,R,8449.937000,ALO,14,alonso,aston_martin,77.326000,40.000000,3.000000,,,26.301000,27.771000,23.254000,8400.531000,8428.302000,8451.556000,270.000000,264.000000,302.000000,294.000000,True,HARD,6.000000,True,Aston Martin,8372.611000,,1,11.000000,False,,False,True
2026,12,Dutch Grand Prix,R,8527.054000,ALO,14,alonso,aston_martin,77.117000,41.000000,3.000000,,,26.167000,27.774000,23.176000,8477.723000,8505.497000,8528.673000,269.000000,264.000000,301.000000,295.000000,True,HARD,7.000000,True,Aston Martin,8449.937000,,1,11.000000,False,,False,True
2026,12,Dutch Grand Prix,R,8607.201000,ALO,14,alonso,aston_martin,80.147000,42.000000,3.000000,,,26.322000,28.486000,25.339000,8554.995000,8583.481000,8608.820000,268.000000,253.000000,321.000000,293.000000,False,HARD,8.000000,True,Aston Martin,8527.054000,,1,11.000000,False,,False,True
2026,12,Dutch Grand Prix,R,8684.812000,ALO,14,alonso,aston_martin,77.611000,43.000000,3.000000,,,26.395000,27.965000,23.251000,8635.215000,8663.180000,8686.431000,271.000000,267.000000,305.000000,301.000000,False,HARD,9.000000,True,Aston Martin,8607.201000,,1,11.000000,False,,False,True
2026,12,Dutch Grand Prix,R,8761.895000,ALO,14,alonso,aston_martin,77.083000,44.000000,3.000000,,,26.182000,27.727000,23.174000,8712.613000,8740.340000,8763.514000,273.000000,273.000000,303.000000,299.000000,True,HARD,10.000000,True,Aston Martin,8684.812000,,1,11.000000,False,,False,True
2026,12,Dutch Grand Prix,R,8840.513000,ALO,14,alonso,aston_martin,78.618000,45.000000,3.000000,,,27.093000,28.179000,23.346000,8790.607000,8818.786000,8842.132000,230.000000,271.000000,308.000000,298.000000,False,HARD,11.000000,True,Aston Martin,8761.895000,,1,10.000000,False,,False,True
2026,12,Dutch Grand Prix,R,8917.719000,ALO,14,alonso,aston_martin,77.206000,46.000000,3.000000,,,26.191000,27.824000,23.191000,8868.323000,8896.147000,8919.338000,273.000000,268.000000,305.000000,302.000000,False,HARD,12.000000,True,Aston Martin,8840.513000,,1,10.000000,False,,False,True
2026,12,Dutch Grand Prix,R,8995.254000,ALO,14,alonso,aston_martin,77.535000,47.000000,3.000000,,,26.143000,27.767000,23.625000,8945.481000,8973.248000,8996.873000,275.000000,268.000000,290.000000,298.000000,False,HARD,13.000000,True,Aston Martin,8917.719000,,1,9.000000,False,,False,True
2026,12,Dutch Grand Prix,R,9072.924000,ALO,14,alonso,aston_martin,77.670000,48.000000,3.000000,,,26.664000,27.794000,23.212000,9023.537000,9051.331000,9074.543000,277.000000,281.000000,304.000000,277.000000,False,HARD,14.000000,True,Aston Martin,8995.254000,,1,9.000000,False,,False,True
2026,12,Dutch Grand Prix,R,9150.330000,ALO,14,alonso,aston_martin,77.406000,49.000000,3.000000,,,26.217000,27.816000,23.373000,9100.760000,9128.576000,9151.949000,274.000000,271.000000,293.000000,298.000000,False,HARD,15.000000,True,Aston Martin,9072.924000,,1,9.000000,False,,False,True
2026,12,Dutch Grand Prix,R,9228.416000,ALO,14,alonso,aston_martin,78.086000,50.000000,3.000000,,,26.859000,27.862000,23.365000,9178.808000,9206.670000,9230.035000,276.000000,289.000000,304.000000,271.000000,False,HARD,16.000000,True,Aston Martin,9150.330000,,1,9.000000,False,,False,True
2026,12,Dutch Grand Prix,R,9307.142000,ALO,14,alonso,aston_martin,78.726000,51.000000,3.000000,,,27.393000,27.904000,23.429000,9257.428000,9285.332000,9308.761000,275.000000,270.000000,298.000000,300.000000,False,HARD,17.000000,True,Aston Martin,9228.416000,,1,9.000000,False,,False,True
2026,12,Dutch Grand Prix,R,9384.428000,ALO,14,alonso,aston_martin,77.286000,52.000000,3.000000,,,26.265000,27.878000,23.143000,9335.026000,9362.904000,9386.047000,267.000000,270.000000,306.000000,294.000000,False,HARD,18.000000,True,Aston Martin,9307.142000,,1,9.000000,False,,False,True
2026,12,Dutch Grand Prix,R,9461.701000,ALO,14,alonso,aston_martin,77.273000,53.000000,3.000000,,,26.197000,27.886000,23.190000,9412.244000,9440.130000,9463.320000,267.000000,265.000000,307.000000,300.000000,False,HARD,19.000000,True,Aston Martin,9384.428000,,12,9.000000,False,,False,True
2026,12,Dutch Grand Prix,R,9563.202000,ALO,14,alonso,aston_martin,101.501000,54.000000,3.000000,,,32.144000,37.933000,31.424000,9495.464000,9533.397000,9564.821000,233.000000,178.000000,242.000000,299.000000,False,HARD,20.000000,True,Aston Martin,9461.701000,,26,9.000000,False,,False,False
2026,12,Dutch Grand Prix,R,9666.725000,ALO,14,alonso,aston_martin,103.523000,55.000000,3.000000,,,39.381000,34.070000,30.072000,9604.202000,9638.272000,9668.344000,249.000000,144.000000,275.000000,254.000000,False,HARD,21.000000,True,Aston Martin,9563.202000,,6,9.000000,False,,False,False
2026,12,Dutch Grand Prix,R,9760.144000,ALO,14,alonso,aston_martin,93.419000,56.000000,3.000000,,,38.668000,31.265000,23.486000,9707.012000,9738.277000,9761.763000,274.000000,272.000000,307.000000,237.000000,False,HARD,22.000000,True,Aston Martin,9666.725000,,671,9.000000,False,,False,False
2026,12,Dutch Grand Prix,R,9837.270000,ALO,14,alonso,aston_martin,77.126000,57.000000,3.000000,,,26.127000,27.737000,23.262000,9787.890000,9815.627000,9838.889000,284.000000,268.000000,307.000000,301.000000,False,HARD,23.000000,True,Aston Martin,9760.144000,,1,9.000000,False,,False,True
2026,12,Dutch Grand Prix,R,9915.359000,ALO,14,alonso,aston_martin,78.089000,58.000000,3.000000,,,26.233000,27.792000,24.064000,9865.122000,9892.914000,9916.978000,272.000000,268.000000,325.000000,302.000000,False,HARD,24.000000,True,Aston Martin,9837.270000,,1,9.000000,False,,False,True
2026,12,Dutch Grand Prix,R,9992.305000,ALO,14,alonso,aston_martin,76.946000,59.000000,3.000000,,,26.069000,27.729000,23.148000,9943.047000,9970.776000,9993.924000,275.000000,269.000000,309.000000,314.000000,True,HARD,25.000000,True,Aston Martin,9915.359000,,1,9.000000,False,,False,True
2026,12,Dutch Grand Prix,R,10069.404000,ALO,14,alonso,aston_martin,77.099000,60.000000,3.000000,,,26.104000,27.822000,23.173000,10020.028000,10047.850000,10071.023000,275.000000,270.000000,307.000000,300.000000,False,HARD,26.000000,True,Aston Martin,9992.305000,,1,9.000000,False,,False,True
2026,12,Dutch Grand Prix,R,10146.687000,ALO,14,alonso,aston_martin,77.283000,61.000000,3.000000,,,26.159000,27.803000,23.321000,10097.182000,10124.985000,10148.306000,274.000000,271.000000,307.000000,299.000000,False,HARD,27.000000,True,Aston Martin,10069.404000,,1,9.000000,False,,False,True
2026,12,Dutch Grand Prix,R,10224.329000,ALO,14,alonso,aston_martin,77.642000,62.000000,3.000000,,,26.395000,27.981000,23.266000,10174.701000,10202.682000,10225.948000,275.000000,272.000000,307.000000,301.000000,False,HARD,28.000000,True,Aston Martin,10146.687000,,1,9.000000,False,,False,True
2026,12,Dutch Grand Prix,R,10301.715000,ALO,14,alonso,aston_martin,77.386000,63.000000,3.000000,,,26.167000,27.954000,23.265000,10252.115000,10280.069000,10303.334000,276.000000,269.000000,305.000000,302.000000,False,HARD,29.000000,True,Aston Martin,10224.329000,,1,9.000000,False,,False,True
2026,12,Dutch Grand Prix,R,10380.101000,ALO,14,alonso,aston_martin,78.386000,64.000000,3.000000,,,26.484000,28.619000,23.283000,10329.818000,10358.437000,10381.720000,246.000000,270.000000,308.000000,298.000000,False,HARD,30.000000,True,Aston Martin,10301.715000,,1,9.000000,False,,False,True
2026,12,Dutch Grand Prix,R,10457.470000,ALO,14,alonso,aston_martin,77.369000,65.000000,3.000000,,,26.231000,27.868000,23.270000,10407.951000,10435.819000,10459.089000,276.000000,269.000000,316.000000,303.000000,False,HARD,31.000000,True,Aston Martin,10380.101000,,1,9.000000,False,,False,True
2026,12,Dutch Grand Prix,R,10534.608000,ALO,14,alonso,aston_martin,77.138000,66.000000,3.000000,,,26.197000,27.813000,23.128000,10485.286000,10513.099000,10536.227000,271.000000,269.000000,315.000000,309.000000,False,HARD,32.000000,True,Aston Martin,10457.470000,,1,9.000000,False,,False,True
2026,12,Dutch Grand Prix,R,10611.999000,ALO,14,alonso,aston_martin,77.391000,67.000000,3.000000,,,26.262000,27.924000,23.205000,10562.489000,10590.413000,10613.618000,272.000000,268.000000,314.000000,307.000000,False,HARD,33.000000,True,Aston Martin,10534.608000,,1,9.000000,False,,False,True
2026,12,Dutch Grand Prix,R,10700.705000,ALO,14,alonso,aston_martin,88.706000,68.000000,3.000000,,,26.214000,31.108000,31.384000,10639.832000,10670.940000,10702.324000,271.000000,248.000000,305.000000,306.000000,False,HARD,34.000000,True,Aston Martin,10611.999000,,16,9.000000,False,,False,False
2026,12,Dutch Grand Prix,R,10783.035000,ALO,14,alonso,aston_martin,82.330000,69.000000,3.000000,,,31.669000,27.570000,23.091000,10733.993000,10761.563000,10784.654000,284.000000,283.000000,314.000000,150.000000,False,HARD,35.000000,True,Aston Martin,10700.705000,,671,9.000000,False,,False,False
2026,12,Dutch Grand Prix,R,10860.051000,ALO,14,alonso,aston_martin,77.016000,70.000000,3.000000,,,26.091000,27.739000,23.186000,10810.745000,10838.484000,10861.670000,271.000000,269.000000,313.000000,306.000000,False,HARD,36.000000,True,Aston Martin,10783.035000,,1,9.000000,False,,False,True
2026,12,Dutch Grand Prix,R,10937.706000,ALO,14,alonso,aston_martin,77.655000,71.000000,3.000000,,,26.319000,28.040000,23.296000,10887.989000,10916.029000,10939.325000,268.000000,267.000000,315.000000,302.000000,False,HARD,37.000000,True,Aston Martin,10860.051000,,1,9.000000,False,,False,True
2026,12,Dutch Grand Prix,R,3491.469000,LEC,16,leclerc,ferrari,86.929000,1.000000,1.000000,,,,27.908000,25.989000,,3467.146000,3493.072000,293.000000,286.000000,313.000000,217.000000,False,SOFT,5.000000,False,Ferrari,3405.791000,,1,4.000000,False,,False,False
2026,12,Dutch Grand Prix,R,3619.930000,LEC,16,leclerc,ferrari,128.461000,2.000000,1.000000,,3619.691000,27.389000,41.443000,59.629000,3520.430000,3561.873000,3621.502000,291.000000,147.000000,,254.000000,False,SOFT,6.000000,False,Ferrari,3491.469000,,125,4.000000,False,,False,False
2026,12,Dutch Grand Prix,R,5322.167000,LEC,16,leclerc,ferrari,,3.000000,2.000000,5193.356000,,,34.820000,63.557000,,5260.182000,5323.795000,278.000000,216.000000,50.000000,254.000000,False,SOFT,1.000000,True,Ferrari,5177.312000,,1,4.000000,False,,False,False
2026,12,Dutch Grand Prix,R,5521.695000,LEC,16,leclerc,ferrari,,4.000000,2.000000,,,,29.127000,58.846000,,5464.615000,5523.483000,264.000000,221.000000,49.000000,127.000000,False,SOFT,2.000000,True,Ferrari,5322.167000,,12,4.000000,False,,False,False
2026,12,Dutch Grand Prix,R,5660.529000,LEC,16,leclerc,ferrari,138.834000,5.000000,2.000000,,,86.625000,28.593000,23.616000,5609.892000,5638.485000,5662.101000,283.000000,282.000000,328.000000,218.000000,True,SOFT,3.000000,True,Ferrari,5521.695000,,12,5.000000,False,,False,True
2026,12,Dutch Grand Prix,R,5738.745000,LEC,16,leclerc,ferrari,78.216000,6.000000,2.000000,,,26.600000,28.220000,23.396000,5688.701000,5716.921000,5740.317000,289.000000,268.000000,332.000000,300.000000,True,SOFT,4.000000,True,Ferrari,5660.529000,,1,5.000000,False,,False,True
2026,12,Dutch Grand Prix,R,5816.146000,LEC,16,leclerc,ferrari,77.401000,7.000000,2.000000,,,26.553000,27.833000,23.015000,5766.870000,5794.703000,5817.718000,272.000000,267.000000,336.000000,302.000000,True,SOFT,5.000000,True,Ferrari,5738.745000,,1,5.000000,False,,False,True
2026,12,Dutch Grand Prix,R,5893.438000,LEC,16,leclerc,ferrari,77.292000,8.000000,2.000000,,,26.569000,27.806000,22.917000,5844.287000,5872.093000,5895.010000,270.000000,268.000000,337.000000,295.000000,True,SOFT,6.000000,True,Ferrari,5816.146000,,1,5.000000,False,,False,True
2026,12,Dutch Grand Prix,R,5970.444000,LEC,16,leclerc,ferrari,77.006000,9.000000,2.000000,,,26.374000,27.801000,22.831000,5921.384000,5949.185000,5972.016000,270.000000,268.000000,336.000000,307.000000,True,SOFT,7.000000,True,Ferrari,5893.438000,,1,5.000000,False,,False,True
2026,12,Dutch Grand Prix,R,6047.679000,LEC,16,leclerc,ferrari,77.235000,10.000000,2.000000,,,26.274000,28.055000,22.906000,5998.290000,6026.345000,6049.251000,272.000000,268.000000,337.000000,315.000000,False,SOFT,8.000000,True,Ferrari,5970.444000,,1,5.000000,False,,False,True
2026,12,Dutch Grand Prix,R,6125.408000,LEC,16,leclerc,ferrari,77.729000,11.000000,2.000000,,,26.389000,28.265000,23.075000,6075.640000,6103.905000,6126.980000,274.000000,268.000000,336.000000,312.000000,False,SOFT,9.000000,True,Ferrari,6047.679000,,1,5.000000,False,,False,True
2026,12,Dutch Grand Prix,R,6202.766000,LEC,16,leclerc,ferrari,77.358000,12.000000,2.000000,,,26.228000,28.096000,23.034000,6153.208000,6181.304000,6204.338000,275.000000,267.000000,326.000000,307.000000,False,SOFT,10.000000,True,Ferrari,6125.408000,,1,5.000000,False,,False,True
2026,12,Dutch Grand Prix,R,6280.020000,LEC,16,leclerc,ferrari,77.254000,13.000000,2.000000,,,26.105000,28.059000,23.090000,6230.443000,6258.502000,6281.592000,283.000000,275.000000,329.000000,312.000000,False,SOFT,11.000000,True,Ferrari,6202.766000,,1,5.000000,False,,False,True
2026,12,Dutch Grand Prix,R,6357.629000,LEC,16,leclerc,ferrari,77.609000,14.000000,2.000000,,,26.212000,28.264000,23.133000,6307.804000,6336.068000,6359.201000,285.000000,277.000000,336.000000,315.000000,False,SOFT,12.000000,True,Ferrari,6280.020000,,1,5.000000,False,,False,True
2026,12,Dutch Grand Prix,R,6435.587000,LEC,16,leclerc,ferrari,77.958000,15.000000,2.000000,,,26.403000,28.337000,23.218000,6385.604000,6413.941000,6437.159000,271.000000,266.000000,334.000000,307.000000,False,SOFT,13.000000,True,Ferrari,6357.629000,,1,5.000000,False,,False,True
2026,12,Dutch Grand Prix,R,6512.918000,LEC,16,leclerc,ferrari,77.331000,16.000000,2.000000,,,26.178000,28.209000,22.944000,6463.337000,6491.546000,6514.490000,275.000000,269.000000,337.000000,314.000000,False,SOFT,14.000000,True,Ferrari,6435.587000,,1,5.000000,False,,False,True
2026,12,Dutch Grand Prix,R,6590.861000,LEC,16,leclerc,ferrari,77.943000,17.000000,2.000000,,,26.546000,28.268000,23.129000,6541.036000,6569.304000,6592.433000,271.000000,264.000000,328.000000,307.000000,False,SOFT,15.000000,True,Ferrari,6512.918000,,1,4.000000,False,,False,True
2026,12,Dutch Grand Prix,R,6668.111000,LEC,16,leclerc,ferrari,77.250000,18.000000,2.000000,,,26.023000,28.047000,23.180000,6618.456000,6646.503000,6669.683000,271.000000,265.000000,319.000000,324.000000,False,SOFT,16.000000,True,Ferrari,6590.861000,,1,3.000000,False,,False,True
2026,12,Dutch Grand Prix,R,6745.625000,LEC,16,leclerc,ferrari,77.514000,19.000000,2.000000,,,26.078000,28.219000,23.217000,6695.761000,6723.980000,6747.197000,280.000000,266.000000,314.000000,309.000000,False,SOFT,17.000000,True,Ferrari,6668.111000,,1,3.000000,False,,False,True
2026,12,Dutch Grand Prix,R,6823.060000,LEC,16,leclerc,ferrari,77.435000,20.000000,2.000000,,,26.179000,28.077000,23.179000,6773.376000,6801.453000,6824.632000,279.000000,265.000000,315.000000,304.000000,False,SOFT,18.000000,True,Ferrari,6745.625000,,1,3.000000,False,,False,True
2026,12,Dutch Grand Prix,R,6904.034000,LEC,16,leclerc,ferrari,80.974000,21.000000,2.000000,,6904.538000,26.241000,28.247000,26.486000,6850.873000,6879.120000,6905.606000,277.000000,260.000000,,306.000000,False,SOFT,19.000000,True,Ferrari,6823.060000,,1,4.000000,False,,False,False
2026,12,Dutch Grand Prix,R,6998.728000,LEC,16,leclerc,ferrari,94.694000,22.000000,3.000000,6924.241000,,44.874000,27.004000,22.816000,6950.480000,6977.484000,7000.300000,282.000000,272.000000,317.000000,306.000000,False,MEDIUM,1.000000,True,Ferrari,6904.034000,,1,6.000000,False,,False,False
2026,12,Dutch Grand Prix,R,7074.517000,LEC,16,leclerc,ferrari,75.789000,23.000000,3.000000,,,25.920000,27.056000,22.813000,7026.220000,7053.276000,7076.089000,277.000000,267.000000,313.000000,304.000000,True,MEDIUM,2.000000,True,Ferrari,6998.728000,,1,6.000000,False,,False,True
2026,12,Dutch Grand Prix,R,7150.440000,LEC,16,leclerc,ferrari,75.923000,24.000000,3.000000,,,25.973000,27.165000,22.785000,7102.062000,7129.227000,7152.012000,277.000000,268.000000,315.000000,302.000000,False,MEDIUM,3.000000,True,Ferrari,7074.517000,,1,6.000000,False,,False,True
2026,12,Dutch Grand Prix,R,7226.229000,LEC,16,leclerc,ferrari,75.789000,25.000000,3.000000,,,25.964000,27.095000,22.730000,7177.976000,7205.071000,7227.801000,278.000000,268.000000,318.000000,307.000000,False,MEDIUM,4.000000,True,Ferrari,7150.440000,,1,6.000000,False,,False,True
2026,12,Dutch Grand Prix,R,7302.359000,LEC,16,leclerc,ferrari,76.130000,26.000000,3.000000,,,26.043000,27.256000,22.831000,7253.844000,7281.100000,7303.931000,275.000000,268.000000,315.000000,308.000000,False,MEDIUM,5.000000,True,Ferrari,7226.229000,,1,5.000000,False,,False,True
2026,12,Dutch Grand Prix,R,7378.240000,LEC,16,leclerc,ferrari,75.881000,27.000000,3.000000,,,25.942000,27.298000,22.641000,7329.873000,7357.171000,7379.812000,276.000000,279.000000,321.000000,308.000000,False,MEDIUM,6.000000,True,Ferrari,7302.359000,,1,5.000000,False,,False,True
2026,12,Dutch Grand Prix,R,7454.266000,LEC,16,leclerc,ferrari,76.026000,28.000000,3.000000,,,25.799000,27.507000,22.720000,7405.611000,7433.118000,7455.838000,276.000000,274.000000,331.000000,314.000000,False,MEDIUM,7.000000,True,Ferrari,7378.240000,,1,5.000000,False,,False,True
2026,12,Dutch Grand Prix,R,7530.509000,LEC,16,leclerc,ferrari,76.243000,29.000000,3.000000,,,25.849000,27.587000,22.807000,7481.687000,7509.274000,7532.081000,278.000000,271.000000,336.000000,313.000000,False,MEDIUM,8.000000,True,Ferrari,7454.266000,,1,5.000000,False,,False,True
2026,12,Dutch Grand Prix,R,7607.088000,LEC,16,leclerc,ferrari,76.579000,30.000000,3.000000,,,25.979000,27.778000,22.822000,7558.060000,7585.838000,7608.660000,275.000000,267.000000,338.000000,318.000000,False,MEDIUM,9.000000,True,Ferrari,7530.509000,,1,5.000000,False,,False,True
2026,12,Dutch Grand Prix,R,7683.968000,LEC,16,leclerc,ferrari,76.880000,31.000000,3.000000,,,26.147000,27.798000,22.935000,7634.807000,7662.605000,7685.540000,276.000000,272.000000,338.000000,313.000000,False,MEDIUM,10.000000,True,Ferrari,7607.088000,,1,5.000000,False,,False,True
2026,12,Dutch Grand Prix,R,7760.873000,LEC,16,leclerc,ferrari,76.905000,32.000000,3.000000,,,26.128000,27.876000,22.901000,7711.668000,7739.544000,7762.445000,272.000000,267.000000,336.000000,302.000000,False,MEDIUM,11.000000,True,Ferrari,7683.968000,,1,5.000000,False,,False,True
2026,12,Dutch Grand Prix,R,7838.247000,LEC,16,leclerc,ferrari,77.374000,33.000000,3.000000,,,26.590000,27.843000,22.941000,7789.035000,7816.878000,7839.819000,255.000000,287.000000,340.000000,296.000000,False,MEDIUM,12.000000,True,Ferrari,7760.873000,,1,5.000000,False,,False,True
2026,12,Dutch Grand Prix,R,7915.207000,LEC,16,leclerc,ferrari,76.960000,34.000000,3.000000,,,26.274000,27.634000,23.052000,7866.093000,7893.727000,7916.779000,265.000000,271.000000,320.000000,328.000000,False,MEDIUM,13.000000,True,Ferrari,7838.247000,,1,4.000000,False,,False,True
2026,12,Dutch Grand Prix,R,7991.714000,LEC,16,leclerc,ferrari,76.507000,35.000000,3.000000,,,25.982000,27.573000,22.952000,7942.761000,7970.334000,7993.286000,283.000000,272.000000,319.000000,312.000000,False,MEDIUM,14.000000,True,Ferrari,7915.207000,,1,4.000000,False,,False,True
2026,12,Dutch Grand Prix,R,8068.113000,LEC,16,leclerc,ferrari,76.399000,36.000000,3.000000,,,25.931000,27.517000,22.951000,8019.217000,8046.734000,8069.685000,281.000000,269.000000,317.000000,310.000000,False,MEDIUM,15.000000,True,Ferrari,7991.714000,,1,4.000000,False,,False,True
2026,12,Dutch Grand Prix,R,8144.733000,LEC,16,leclerc,ferrari,76.620000,37.000000,3.000000,,,26.072000,27.594000,22.954000,8095.757000,8123.351000,8146.305000,280.000000,268.000000,317.000000,303.000000,False,MEDIUM,16.000000,True,Ferrari,8068.113000,,1,4.000000,False,,False,True
2026,12,Dutch Grand Prix,R,8221.125000,LEC,16,leclerc,ferrari,76.392000,38.000000,3.000000,,,25.924000,27.599000,22.869000,8172.229000,8199.828000,8222.697000,282.000000,270.000000,320.000000,310.000000,False,MEDIUM,17.000000,True,Ferrari,8144.733000,,1,4.000000,False,,False,True
2026,12,Dutch Grand Prix,R,8297.990000,LEC,16,leclerc,ferrari,76.865000,39.000000,3.000000,,,25.960000,27.923000,22.982000,8248.657000,8276.580000,8299.562000,283.000000,271.000000,332.000000,311.000000,False,MEDIUM,18.000000,True,Ferrari,8221.125000,,1,4.000000,False,,False,True
2026,12,Dutch Grand Prix,R,8374.924000,LEC,16,leclerc,ferrari,76.934000,40.000000,3.000000,,,25.975000,27.974000,22.985000,8325.537000,8353.511000,8376.496000,280.000000,272.000000,321.000000,318.000000,False,MEDIUM,19.000000,True,Ferrari,8297.990000,,1,3.000000,False,,False,True
2026,12,Dutch Grand Prix,R,8451.639000,LEC,16,leclerc,ferrari,76.715000,41.000000,3.000000,,,25.880000,27.775000,23.060000,8402.376000,8430.151000,8453.211000,285.000000,273.000000,316.000000,306.000000,False,MEDIUM,20.000000,True,Ferrari,8374.924000,,1,2.000000,False,,False,True
2026,12,Dutch Grand Prix,R,8528.528000,LEC,16,leclerc,ferrari,76.889000,42.000000,3.000000,,,26.074000,27.832000,22.983000,8479.285000,8507.117000,8530.100000,285.000000,275.000000,322.000000,310.000000,False,MEDIUM,21.000000,True,Ferrari,8451.639000,,1,2.000000,False,,False,True
2026,12,Dutch Grand Prix,R,8608.966000,LEC,16,leclerc,ferrari,80.438000,43.000000,3.000000,,8609.308000,26.063000,28.235000,26.140000,8556.163000,8584.398000,8610.538000,279.000000,268.000000,,315.000000,False,MEDIUM,22.000000,True,Ferrari,8528.528000,,1,3.000000,False,,False,False
2026,12,Dutch Grand Prix,R,8703.047000,LEC,16,leclerc,ferrari,94.081000,44.000000,4.000000,8628.134000,,44.045000,27.334000,22.702000,8654.583000,8681.917000,8704.619000,279.000000,268.000000,313.000000,315.000000,False,HARD,1.000000,True,Ferrari,8608.966000,,1,6.000000,False,,False,False
2026,12,Dutch Grand Prix,R,8778.443000,LEC,16,leclerc,ferrari,75.396000,45.000000,4.000000,,,26.005000,26.778000,22.613000,8730.624000,8757.402000,8780.015000,280.000000,271.000000,316.000000,303.000000,True,HARD,2.000000,True,Ferrari,8703.047000,,1,5.000000,False,,False,True
2026,12,Dutch Grand Prix,R,8853.936000,LEC,16,leclerc,ferrari,75.493000,46.000000,4.000000,,,25.692000,27.319000,22.482000,8805.707000,8833.026000,8855.508000,282.000000,272.000000,328.000000,309.000000,False,HARD,3.000000,True,Ferrari,8778.443000,,1,5.000000,False,,False,True
2026,12,Dutch Grand Prix,R,8928.921000,LEC,16,leclerc,ferrari,74.985000,47.000000,4.000000,,,25.499000,26.802000,22.684000,8881.007000,8907.809000,8930.493000,279.000000,276.000000,314.000000,310.000000,True,HARD,4.000000,True,Ferrari,8853.936000,,1,5.000000,False,,False,True
2026,12,Dutch Grand Prix,R,9004.338000,LEC,16,leclerc,ferrari,75.417000,48.000000,4.000000,,,26.188000,26.692000,22.537000,8956.681000,8983.373000,9005.910000,287.000000,275.000000,318.000000,304.000000,False,HARD,5.000000,True,Ferrari,8928.921000,,1,5.000000,False,,False,True
2026,12,Dutch Grand Prix,R,9079.472000,LEC,16,leclerc,ferrari,75.134000,49.000000,4.000000,,,25.527000,26.933000,22.674000,9031.437000,9058.370000,9081.044000,279.000000,270.000000,316.000000,306.000000,False,HARD,6.000000,True,Ferrari,9004.338000,,1,5.000000,False,,False,True
2026,12,Dutch Grand Prix,R,9154.349000,LEC,16,leclerc,ferrari,74.877000,50.000000,4.000000,,,25.617000,26.799000,22.461000,9106.661000,9133.460000,9155.921000,282.000000,273.000000,320.000000,303.000000,True,HARD,7.000000,True,Ferrari,9079.472000,,1,5.000000,False,,False,True
2026,12,Dutch Grand Prix,R,9229.270000,LEC,16,leclerc,ferrari,74.921000,51.000000,4.000000,,,25.624000,26.807000,22.490000,9181.545000,9208.352000,9230.842000,283.000000,279.000000,324.000000,307.000000,False,HARD,8.000000,True,Ferrari,9154.349000,,1,5.000000,False,,False,True
2026,12,Dutch Grand Prix,R,9304.356000,LEC,16,leclerc,ferrari,75.086000,52.000000,4.000000,,,25.777000,26.741000,22.568000,9256.619000,9283.360000,9305.928000,282.000000,271.000000,318.000000,313.000000,False,HARD,9.000000,True,Ferrari,9229.270000,,1,5.000000,False,,False,True
2026,12,Dutch Grand Prix,R,9379.715000,LEC,16,leclerc,ferrari,75.359000,53.000000,4.000000,,,25.645000,27.090000,22.624000,9331.573000,9358.663000,9381.287000,287.000000,272.000000,317.000000,310.000000,False,HARD,10.000000,True,Ferrari,9304.356000,,1,5.000000,False,,False,True
2026,12,Dutch Grand Prix,R,9454.956000,LEC,16,leclerc,ferrari,75.241000,54.000000,4.000000,,,25.655000,26.869000,22.717000,9406.942000,9433.811000,9456.528000,283.000000,275.000000,319.000000,308.000000,False,HARD,11.000000,True,Ferrari,9379.715000,,12,5.000000,False,,False,True
2026,12,Dutch Grand Prix,R,9556.425000,LEC,16,leclerc,ferrari,101.469000,55.000000,4.000000,,9556.860000,31.814000,36.488000,33.167000,9488.342000,9524.830000,9557.997000,223.000000,202.000000,,308.000000,False,HARD,12.000000,True,Ferrari,9454.956000,,26,5.000000,False,,False,False
2026,12,Dutch Grand Prix,R,9675.040000,LEC,16,leclerc,ferrari,118.615000,56.000000,5.000000,9575.563000,,53.455000,34.185000,30.975000,9611.452000,9645.637000,9676.612000,220.000000,212.000000,220.000000,308.000000,False,SOFT,1.000000,False,Ferrari,9556.425000,,6,5.000000,False,,False,False
2026,12,Dutch Grand Prix,R,9765.156000,LEC,16,leclerc,ferrari,90.116000,57.000000,5.000000,,,37.231000,29.013000,23.872000,9713.843000,9742.856000,9766.728000,253.000000,257.000000,313.000000,215.000000,False,SOFT,2.000000,False,Ferrari,9675.040000,,671,5.000000,False,,False,False
2026,12,Dutch Grand Prix,R,9839.582000,LEC,16,leclerc,ferrari,74.426000,58.000000,5.000000,,,25.665000,26.439000,22.322000,9792.393000,9818.832000,9841.154000,283.000000,275.000000,319.000000,302.000000,True,SOFT,3.000000,False,Ferrari,9765.156000,,1,5.000000,False,,False,True
2026,12,Dutch Grand Prix,R,9914.602000,LEC,16,leclerc,ferrari,75.020000,59.000000,5.000000,,,25.414000,26.757000,22.849000,9866.568000,9893.325000,9916.174000,280.000000,276.000000,317.000000,310.000000,False,SOFT,4.000000,False,Ferrari,9839.582000,,1,5.000000,False,,False,True
2026,12,Dutch Grand Prix,R,9988.832000,LEC,16,leclerc,ferrari,74.230000,60.000000,5.000000,,,25.333000,26.607000,22.290000,9941.507000,9968.114000,9990.404000,282.000000,276.000000,320.000000,307.000000,True,SOFT,5.000000,False,Ferrari,9914.602000,,1,5.000000,False,,False,True
2026,12,Dutch Grand Prix,R,10063.228000,LEC,16,leclerc,ferrari,74.396000,61.000000,5.000000,,,25.385000,26.596000,22.415000,10015.789000,10042.385000,10064.800000,285.000000,271.000000,314.000000,309.000000,False,SOFT,6.000000,False,Ferrari,9988.832000,,1,5.000000,False,,False,True
2026,12,Dutch Grand Prix,R,10137.783000,LEC,16,leclerc,ferrari,74.555000,62.000000,5.000000,,,25.504000,26.649000,22.402000,10090.304000,10116.953000,10139.355000,281.000000,274.000000,317.000000,297.000000,False,SOFT,7.000000,False,Ferrari,10063.228000,,1,5.000000,False,,False,True
2026,12,Dutch Grand Prix,R,10212.215000,LEC,16,leclerc,ferrari,74.432000,63.000000,5.000000,,,25.415000,26.662000,22.355000,10164.770000,10191.432000,10213.787000,282.000000,274.000000,317.000000,298.000000,False,SOFT,8.000000,False,Ferrari,10137.783000,,1,5.000000,False,,False,True
2026,12,Dutch Grand Prix,R,10286.909000,LEC,16,leclerc,ferrari,74.694000,64.000000,5.000000,,,25.356000,26.873000,22.465000,10239.143000,10266.016000,10288.481000,282.000000,272.000000,317.000000,301.000000,False,SOFT,9.000000,False,Ferrari,10212.215000,,1,5.000000,False,,False,True
2026,12,Dutch Grand Prix,R,10361.637000,LEC,16,leclerc,ferrari,74.728000,65.000000,5.000000,,,25.475000,26.772000,22.481000,10313.956000,10340.728000,10363.209000,285.000000,279.000000,319.000000,300.000000,False,SOFT,10.000000,False,Ferrari,10286.909000,,1,5.000000,False,,False,True
2026,12,Dutch Grand Prix,R,10436.324000,LEC,16,leclerc,ferrari,74.687000,66.000000,5.000000,,,25.449000,26.856000,22.382000,10388.658000,10415.514000,10437.896000,280.000000,273.000000,315.000000,304.000000,False,SOFT,11.000000,False,Ferrari,10361.637000,,1,5.000000,False,,False,True
2026,12,Dutch Grand Prix,R,10511.734000,LEC,16,leclerc,ferrari,75.410000,67.000000,5.000000,,,25.827000,26.943000,22.640000,10463.723000,10490.666000,10513.306000,292.000000,270.000000,315.000000,300.000000,False,SOFT,12.000000,False,Ferrari,10436.324000,,1,5.000000,False,,False,True
2026,12,Dutch Grand Prix,R,10586.920000,LEC,16,leclerc,ferrari,75.186000,68.000000,5.000000,,,25.566000,27.023000,22.597000,10538.872000,10565.895000,10588.492000,287.000000,276.000000,322.000000,303.000000,False,SOFT,13.000000,False,Ferrari,10511.734000,,1,5.000000,False,,False,True
2026,12,Dutch Grand Prix,R,10663.632000,LEC,16,leclerc,ferrari,76.712000,69.000000,5.000000,,,25.516000,27.174000,24.022000,10614.008000,10641.182000,10665.204000,287.000000,280.000000,126.000000,311.000000,False,SOFT,14.000000,False,Ferrari,10586.920000,,16,5.000000,False,,False,False
2026,12,Dutch Grand Prix,R,10755.474000,LEC,16,leclerc,ferrari,91.842000,70.000000,5.000000,,,37.729000,31.648000,22.465000,10702.933000,10734.581000,10757.046000,173.000000,292.000000,331.000000,169.000000,False,SOFT,15.000000,False,Ferrari,10663.632000,,671,5.000000,False,,False,False
2026,12,Dutch Grand Prix,R,10830.417000,LEC,16,leclerc,ferrari,74.943000,71.000000,5.000000,,,25.515000,27.032000,22.396000,10782.561000,10809.593000,10831.989000,287.000000,283.000000,334.000000,316.000000,False,SOFT,16.000000,False,Ferrari,10755.474000,,1,5.000000,False,,False,True
2026,12,Dutch Grand Prix,R,10906.571000,LEC,16,leclerc,ferrari,76.154000,72.000000,5.000000,,,25.469000,28.009000,22.676000,10857.458000,10885.467000,10908.143000,300.000000,274.000000,336.000000,321.000000,False,SOFT,17.000000,False,Ferrari,10830.417000,,1,5.000000,False,,False,True
2026,12,Dutch Grand Prix,R,3502.401000,STR,18,stroll,aston_martin,97.846000,1.000000,1.000000,,,,30.413000,30.724000,,3473.258000,3504.063000,275.000000,270.000000,269.000000,198.000000,False,SOFT,1.000000,True,Aston Martin,3405.791000,,12,17.000000,False,,False,False
2026,12,Dutch Grand Prix,R,3658.303000,STR,18,stroll,aston_martin,,2.000000,1.000000,,3657.218000,36.326000,44.937000,74.615000,3540.355000,3585.269000,3659.894000,117.000000,141.000000,,248.000000,False,SOFT,2.000000,True,Aston Martin,3502.401000,,25,17.000000,False,,False,False
2026,12,Dutch Grand Prix,R,5426.537000,STR,18,stroll,aston_martin,,3.000000,2.000000,5277.242000,,,29.372000,90.880000,,5337.238000,5428.173000,269.000000,236.000000,55.000000,248.000000,False,SOFT,1.000000,True,Aston Martin,5177.312000,,12,16.000000,False,,False,False
2026,12,Dutch Grand Prix,R,5581.036000,STR,18,stroll,aston_martin,,4.000000,2.000000,,,41.200000,29.274000,84.100000,5469.303000,5498.696000,5582.822000,267.000000,231.000000,140.000000,134.000000,False,SOFT,2.000000,True,Aston Martin,5426.537000,,1,16.000000,False,,False,False
2026,12,Dutch Grand Prix,R,5666.237000,STR,18,stroll,aston_martin,85.201000,5.000000,2.000000,,,30.468000,30.195000,24.538000,5613.085000,5643.280000,5667.818000,281.000000,281.000000,319.000000,215.000000,True,SOFT,3.000000,True,Aston Martin,5581.036000,,12,17.000000,False,,False,True
2026,12,Dutch Grand Prix,R,5746.740000,STR,18,stroll,aston_martin,80.503000,6.000000,2.000000,,,27.446000,28.936000,24.121000,5695.264000,5724.200000,5748.321000,276.000000,273.000000,322.000000,272.000000,True,SOFT,4.000000,True,Aston Martin,5666.237000,,1,16.000000,False,,False,True
2026,12,Dutch Grand Prix,R,5826.383000,STR,18,stroll,aston_martin,79.643000,7.000000,2.000000,,,27.071000,28.643000,23.929000,5775.392000,5804.035000,5827.964000,274.000000,269.000000,326.000000,284.000000,True,SOFT,5.000000,True,Aston Martin,5746.740000,,1,16.000000,False,,False,True
2026,12,Dutch Grand Prix,R,5905.571000,STR,18,stroll,aston_martin,79.188000,8.000000,2.000000,,,26.974000,28.443000,23.771000,5854.938000,5883.381000,5907.152000,268.000000,268.000000,329.000000,295.000000,True,SOFT,6.000000,True,Aston Martin,5826.383000,,1,16.000000,False,,False,True
2026,12,Dutch Grand Prix,R,5984.721000,STR,18,stroll,aston_martin,79.150000,9.000000,2.000000,,,26.771000,28.714000,23.665000,5933.923000,5962.637000,5986.302000,275.000000,269.000000,322.000000,290.000000,True,SOFT,7.000000,True,Aston Martin,5905.571000,,1,15.000000,False,,False,True
2026,12,Dutch Grand Prix,R,6064.087000,STR,18,stroll,aston_martin,79.366000,10.000000,2.000000,,,26.998000,28.582000,23.786000,6013.300000,6041.882000,6065.668000,263.000000,267.000000,313.000000,293.000000,False,SOFT,8.000000,True,Aston Martin,5984.721000,,1,15.000000,False,,False,True
2026,12,Dutch Grand Prix,R,6143.279000,STR,18,stroll,aston_martin,79.192000,11.000000,2.000000,,,26.679000,28.813000,23.700000,6092.347000,6121.160000,6144.860000,276.000000,268.000000,311.000000,291.000000,False,SOFT,9.000000,True,Aston Martin,6064.087000,,1,14.000000,False,,False,True
2026,12,Dutch Grand Prix,R,6222.381000,STR,18,stroll,aston_martin,79.102000,12.000000,2.000000,,,26.648000,28.561000,23.893000,6171.508000,6200.069000,6223.962000,275.000000,267.000000,308.000000,297.000000,True,SOFT,10.000000,True,Aston Martin,6143.279000,,1,14.000000,False,,False,True
2026,12,Dutch Grand Prix,R,6302.073000,STR,18,stroll,aston_martin,79.692000,13.000000,2.000000,,,26.930000,28.842000,23.920000,6250.892000,6279.734000,6303.654000,273.000000,266.000000,308.000000,296.000000,False,SOFT,11.000000,True,Aston Martin,6222.381000,,1,14.000000,False,,False,True
2026,12,Dutch Grand Prix,R,6381.364000,STR,18,stroll,aston_martin,79.291000,14.000000,2.000000,,,26.870000,28.585000,23.836000,6330.524000,6359.109000,6382.945000,271.000000,265.000000,306.000000,297.000000,False,SOFT,12.000000,True,Aston Martin,6302.073000,,1,14.000000,False,,False,True
2026,12,Dutch Grand Prix,R,6464.019000,STR,18,stroll,aston_martin,82.655000,15.000000,2.000000,,6464.438000,26.864000,28.793000,26.998000,6409.809000,6438.602000,6465.600000,271.000000,265.000000,,295.000000,False,SOFT,13.000000,True,Aston Martin,6381.364000,,1,14.000000,False,,False,False
2026,12,Dutch Grand Prix,R,6558.284000,STR,18,stroll,aston_martin,94.265000,16.000000,3.000000,6482.314000,,42.987000,27.766000,23.512000,6508.587000,6536.353000,6559.865000,271.000000,264.000000,304.000000,295.000000,False,HARD,1.000000,True,Aston Martin,6464.019000,,1,20.000000,False,,False,False
2026,12,Dutch Grand Prix,R,6637.043000,STR,18,stroll,aston_martin,78.759000,17.000000,3.000000,,,26.788000,28.273000,23.698000,6586.653000,6614.926000,6638.624000,272.000000,267.000000,306.000000,294.000000,True,HARD,2.000000,True,Aston Martin,6558.284000,,1,20.000000,False,,False,True
2026,12,Dutch Grand Prix,R,6715.612000,STR,18,stroll,aston_martin,78.569000,18.000000,3.000000,,,26.608000,28.136000,23.825000,6665.232000,6693.368000,6717.193000,271.000000,268.000000,307.000000,296.000000,True,HARD,3.000000,True,Aston Martin,6637.043000,,1,20.000000,False,,False,True
2026,12,Dutch Grand Prix,R,6794.609000,STR,18,stroll,aston_martin,78.997000,19.000000,3.000000,,,26.794000,28.391000,23.812000,6743.987000,6772.378000,6796.190000,271.000000,269.000000,310.000000,289.000000,False,HARD,4.000000,True,Aston Martin,6715.612000,,1,20.000000,False,,False,True
2026,12,Dutch Grand Prix,R,6874.532000,STR,18,stroll,aston_martin,79.923000,20.000000,3.000000,,,27.416000,28.684000,23.823000,6823.606000,6852.290000,6876.113000,269.000000,270.000000,312.000000,292.000000,False,HARD,5.000000,True,Aston Martin,6794.609000,,1,20.000000,True,TRACK LIMITS AT TURN 3 LAP 20 ,False,True
2026,12,Dutch Grand Prix,R,6955.191000,STR,18,stroll,aston_martin,80.659000,21.000000,3.000000,,,27.104000,29.084000,24.471000,6903.217000,6932.301000,6956.772000,273.000000,270.000000,320.000000,298.000000,False,HARD,6.000000,True,Aston Martin,6874.532000,,1,19.000000,False,,False,True
2026,12,Dutch Grand Prix,R,7034.927000,STR,18,stroll,aston_martin,79.736000,22.000000,3.000000,,,26.918000,28.822000,23.996000,6983.690000,7012.512000,7036.508000,273.000000,269.000000,311.000000,293.000000,False,HARD,7.000000,True,Aston Martin,6955.191000,,1,19.000000,False,,False,True
2026,12,Dutch Grand Prix,R,7114.629000,STR,18,stroll,aston_martin,79.702000,23.000000,3.000000,,,27.064000,28.716000,23.922000,7063.572000,7092.288000,7116.210000,273.000000,269.000000,325.000000,283.000000,False,HARD,8.000000,True,Aston Martin,7034.927000,,1,19.000000,False,,False,True
2026,12,Dutch Grand Prix,R,7194.430000,STR,18,stroll,aston_martin,79.801000,24.000000,3.000000,,,27.030000,28.998000,23.773000,7143.240000,7172.238000,7196.011000,276.000000,281.000000,308.000000,290.000000,False,HARD,9.000000,True,Aston Martin,7114.629000,,1,18.000000,False,,False,True
2026,12,Dutch Grand Prix,R,7274.045000,STR,18,stroll,aston_martin,79.615000,25.000000,3.000000,,,26.996000,28.624000,23.995000,7223.007000,7251.631000,7275.626000,269.000000,269.000000,314.000000,283.000000,False,HARD,10.000000,True,Aston Martin,7194.430000,,1,18.000000,False,,False,True
2026,12,Dutch Grand Prix,R,7353.673000,STR,18,stroll,aston_martin,79.628000,26.000000,3.000000,,,26.933000,28.757000,23.938000,7302.559000,7331.316000,7355.254000,276.000000,283.000000,301.000000,288.000000,False,HARD,11.000000,True,Aston Martin,7274.045000,,1,17.000000,False,,False,True
2026,12,Dutch Grand Prix,R,7432.534000,STR,18,stroll,aston_martin,78.861000,27.000000,3.000000,,,26.865000,28.318000,23.678000,7382.119000,7410.437000,7434.115000,272.000000,266.000000,302.000000,292.000000,False,HARD,12.000000,True,Aston Martin,7353.673000,,1,17.000000,False,,False,True
2026,12,Dutch Grand Prix,R,7511.130000,STR,18,stroll,aston_martin,78.596000,28.000000,3.000000,,,26.834000,28.172000,23.590000,7460.949000,7489.121000,7512.711000,271.000000,265.000000,309.000000,290.000000,False,HARD,13.000000,True,Aston Martin,7432.534000,,1,17.000000,False,,False,True
2026,12,Dutch Grand Prix,R,7590.088000,STR,18,stroll,aston_martin,78.958000,29.000000,3.000000,,,26.914000,28.397000,23.647000,7539.625000,7568.022000,7591.669000,273.000000,265.000000,303.000000,292.000000,False,HARD,14.000000,True,Aston Martin,7511.130000,,1,17.000000,False,,False,True
2026,12,Dutch Grand Prix,R,7668.826000,STR,18,stroll,aston_martin,78.738000,30.000000,3.000000,,,26.961000,28.202000,23.575000,7618.630000,7646.832000,7670.407000,273.000000,267.000000,302.000000,295.000000,False,HARD,15.000000,True,Aston Martin,7590.088000,,1,17.000000,False,,False,True
2026,12,Dutch Grand Prix,R,7747.562000,STR,18,stroll,aston_martin,78.736000,31.000000,3.000000,,,26.844000,28.219000,23.673000,7697.251000,7725.470000,7749.143000,273.000000,265.000000,303.000000,288.000000,False,HARD,16.000000,True,Aston Martin,7668.826000,,1,16.000000,False,,False,True
2026,12,Dutch Grand Prix,R,7828.488000,STR,18,stroll,aston_martin,80.926000,32.000000,3.000000,,,26.875000,30.047000,24.004000,7776.018000,7806.065000,7830.069000,271.000000,272.000000,308.000000,292.000000,False,HARD,17.000000,True,Aston Martin,7747.562000,,1,16.000000,False,,False,True
2026,12,Dutch Grand Prix,R,7908.168000,STR,18,stroll,aston_martin,79.680000,33.000000,3.000000,,,27.210000,28.602000,23.868000,7857.279000,7885.881000,7909.749000,272.000000,265.000000,302.000000,296.000000,False,HARD,18.000000,True,Aston Martin,7828.488000,,1,16.000000,False,,False,True
2026,12,Dutch Grand Prix,R,7987.078000,STR,18,stroll,aston_martin,78.910000,34.000000,3.000000,,,26.926000,28.347000,23.637000,7936.675000,7965.022000,7988.659000,273.000000,265.000000,305.000000,294.000000,False,HARD,19.000000,True,Aston Martin,7908.168000,,1,16.000000,False,,False,True
2026,12,Dutch Grand Prix,R,8068.514000,STR,18,stroll,aston_martin,81.436000,35.000000,3.000000,,8068.939000,26.835000,28.201000,26.400000,8015.494000,8043.695000,8070.095000,272.000000,267.000000,,293.000000,False,HARD,20.000000,True,Aston Martin,7987.078000,,1,15.000000,False,,False,False
2026,12,Dutch Grand Prix,R,8161.830000,STR,18,stroll,aston_martin,93.316000,36.000000,4.000000,8086.112000,,42.535000,27.419000,23.362000,8112.630000,8140.049000,8163.411000,275.000000,267.000000,305.000000,293.000000,False,HARD,1.000000,True,Aston Martin,8068.514000,,1,18.000000,False,,False,False
2026,12,Dutch Grand Prix,R,8239.713000,STR,18,stroll,aston_martin,77.883000,37.000000,4.000000,,,26.604000,27.770000,23.509000,8190.015000,8217.785000,8241.294000,276.000000,270.000000,304.000000,293.000000,True,HARD,2.000000,True,Aston Martin,8161.830000,,1,18.000000,False,,False,True
2026,12,Dutch Grand Prix,R,8317.845000,STR,18,stroll,aston_martin,78.132000,38.000000,4.000000,,,26.699000,27.966000,23.467000,8267.993000,8295.959000,8319.426000,274.000000,269.000000,309.000000,288.000000,False,HARD,3.000000,True,Aston Martin,8239.713000,,1,18.000000,False,,False,True
2026,12,Dutch Grand Prix,R,8396.246000,STR,18,stroll,aston_martin,78.401000,39.000000,4.000000,,,26.786000,28.025000,23.590000,8346.212000,8374.237000,8397.827000,273.000000,268.000000,306.000000,290.000000,False,HARD,4.000000,True,Aston Martin,8317.845000,,1,18.000000,False,,False,True
2026,12,Dutch Grand Prix,R,8474.308000,STR,18,stroll,aston_martin,78.062000,40.000000,4.000000,,,26.736000,27.769000,23.557000,8424.563000,8452.332000,8475.889000,275.000000,271.000000,307.000000,295.000000,False,HARD,5.000000,True,Aston Martin,8396.246000,,1,18.000000,False,,False,True
2026,12,Dutch Grand Prix,R,8552.726000,STR,18,stroll,aston_martin,78.418000,41.000000,4.000000,,,26.638000,27.980000,23.800000,8502.527000,8530.507000,8554.307000,276.000000,273.000000,318.000000,293.000000,False,HARD,6.000000,True,Aston Martin,8474.308000,,1,18.000000,False,,False,True
2026,12,Dutch Grand Prix,R,8630.652000,STR,18,stroll,aston_martin,77.926000,42.000000,4.000000,,,26.639000,28.028000,23.259000,8580.946000,8608.974000,8632.233000,276.000000,274.000000,325.000000,301.000000,False,HARD,7.000000,True,Aston Martin,8552.726000,,1,18.000000,False,,False,True
2026,12,Dutch Grand Prix,R,8709.225000,STR,18,stroll,aston_martin,78.573000,43.000000,4.000000,,,26.475000,28.268000,23.830000,8658.708000,8686.976000,8710.806000,275.000000,271.000000,321.000000,306.000000,False,HARD,8.000000,True,Aston Martin,8630.652000,,1,18.000000,False,,False,True
2026,12,Dutch Grand Prix,R,8787.914000,STR,18,stroll,aston_martin,78.689000,44.000000,4.000000,,,26.740000,28.328000,23.621000,8737.546000,8765.874000,8789.495000,277.000000,277.000000,326.000000,286.000000,False,HARD,9.000000,True,Aston Martin,8709.225000,,1,18.000000,False,,False,True
2026,12,Dutch Grand Prix,R,8876.651000,STR,18,stroll,aston_martin,88.737000,45.000000,4.000000,,8876.803000,26.735000,30.056000,31.946000,8816.230000,8846.286000,8878.232000,266.000000,192.000000,,298.000000,False,HARD,10.000000,True,Aston Martin,8787.914000,,1,19.000000,False,,False,False
2026,12,Dutch Grand Prix,R,3498.068000,TSU,22,tsunoda,rb,93.561000,1.000000,1.000000,,,,29.037000,29.111000,,3470.571000,3499.713000,269.000000,262.000000,273.000000,188.000000,False,SOFT,1.000000,True,Racing Bulls,3405.791000,,12,11.000000,False,,False,False
2026,12,Dutch Grand Prix,R,3642.835000,TSU,22,tsunoda,rb,144.767000,2.000000,1.000000,,3641.894000,28.194000,49.848000,66.725000,3527.876000,3577.724000,3644.449000,213.000000,148.000000,,235.000000,False,SOFT,2.000000,True,Racing Bulls,3498.068000,,25,11.000000,False,,False,False
2026,12,Dutch Grand Prix,R,5412.942000,TSU,22,tsunoda,rb,,3.000000,2.000000,5223.017000,,,28.857000,,,5284.926000,,236.000000,217.000000,1.000000,235.000000,False,SOFT,1.000000,False,Racing Bulls,5177.312000,,12,11.000000,False,,False,False
2026,12,Dutch Grand Prix,R,5579.255000,TSU,22,tsunoda,rb,,4.000000,2.000000,,,40.500000,30.879000,95.086000,5455.008000,5485.835000,5580.870000,237.000000,190.000000,2.000000,154.000000,False,SOFT,2.000000,False,Racing Bulls,5412.942000,,1,10.000000,False,,False,False
2026,12,Dutch Grand Prix,R,5663.908000,TSU,22,tsunoda,rb,84.653000,5.000000,2.000000,,,31.415000,29.226000,24.012000,5612.284000,5641.510000,5665.522000,290.000000,282.000000,322.000000,228.000000,True,SOFT,3.000000,False,Racing Bulls,5579.255000,,12,11.000000,False,,False,True
2026,12,Dutch Grand Prix,R,5743.557000,TSU,22,tsunoda,rb,79.649000,6.000000,2.000000,,,27.045000,28.831000,23.773000,5692.567000,5721.398000,5745.171000,289.000000,266.000000,315.000000,277.000000,True,SOFT,4.000000,False,Racing Bulls,5663.908000,,1,11.000000,False,,False,True
2026,12,Dutch Grand Prix,R,5822.465000,TSU,22,tsunoda,rb,78.908000,7.000000,2.000000,,,26.819000,28.651000,23.438000,5771.990000,5800.641000,5824.079000,276.000000,277.000000,333.000000,294.000000,True,SOFT,5.000000,False,Racing Bulls,5743.557000,,1,11.000000,False,,False,True
2026,12,Dutch Grand Prix,R,5901.505000,TSU,22,tsunoda,rb,79.040000,8.000000,2.000000,,,26.878000,28.734000,23.428000,5850.957000,5879.691000,5903.119000,278.000000,274.000000,324.000000,292.000000,False,SOFT,6.000000,False,Racing Bulls,5822.465000,,1,10.000000,False,,False,True
2026,12,Dutch Grand Prix,R,5980.106000,TSU,22,tsunoda,rb,78.601000,9.000000,2.000000,,,26.562000,28.661000,23.378000,5929.681000,5958.342000,5981.720000,275.000000,274.000000,322.000000,302.000000,True,SOFT,7.000000,False,Racing Bulls,5901.505000,,1,10.000000,False,,False,True
2026,12,Dutch Grand Prix,R,6058.771000,TSU,22,tsunoda,rb,78.665000,10.000000,2.000000,,,26.625000,28.630000,23.410000,6008.345000,6036.975000,6060.385000,272.000000,269.000000,321.000000,307.000000,False,SOFT,8.000000,False,Racing Bulls,5980.106000,,1,10.000000,False,,False,True
2026,12,Dutch Grand Prix,R,6137.361000,TSU,22,tsunoda,rb,78.590000,11.000000,2.000000,,,26.569000,28.663000,23.358000,6086.954000,6115.617000,6138.975000,276.000000,272.000000,323.000000,300.000000,True,SOFT,9.000000,False,Racing Bulls,6058.771000,,1,10.000000,False,,False,True
2026,12,Dutch Grand Prix,R,6216.213000,TSU,22,tsunoda,rb,78.852000,12.000000,2.000000,,,26.599000,28.836000,23.417000,6165.574000,6194.410000,6217.827000,274.000000,269.000000,304.000000,305.000000,False,SOFT,10.000000,False,Racing Bulls,6137.361000,,1,10.000000,False,,False,True
2026,12,Dutch Grand Prix,R,6295.252000,TSU,22,tsunoda,rb,79.039000,13.000000,2.000000,,,26.722000,28.830000,23.487000,6244.549000,6273.379000,6296.866000,275.000000,269.000000,321.000000,288.000000,False,SOFT,11.000000,False,Racing Bulls,6216.213000,,1,10.000000,False,,False,True
2026,12,Dutch Grand Prix,R,6374.331000,TSU,22,tsunoda,rb,79.079000,14.000000,2.000000,,,26.600000,28.988000,23.491000,6323.466000,6352.454000,6375.945000,275.000000,272.000000,321.000000,311.000000,False,SOFT,12.000000,False,Racing Bulls,6295.252000,,1,10.000000,False,,False,True
2026,12,Dutch Grand Prix,R,6453.323000,TSU,22,tsunoda,rb,78.992000,15.000000,2.000000,,,26.595000,28.870000,23.527000,6402.540000,6431.410000,6454.937000,275.000000,268.000000,314.000000,310.000000,False,SOFT,13.000000,False,Racing Bulls,6374.331000,,1,10.000000,False,,False,True
2026,12,Dutch Grand Prix,R,6532.418000,TSU,22,tsunoda,rb,79.095000,16.000000,2.000000,,,26.635000,28.924000,23.536000,6481.572000,6510.496000,6534.032000,276.000000,272.000000,319.000000,304.000000,False,SOFT,14.000000,False,Racing Bulls,6453.323000,,1,10.000000,False,,False,True
2026,12,Dutch Grand Prix,R,6611.143000,TSU,22,tsunoda,rb,78.725000,17.000000,2.000000,,,26.438000,28.807000,23.480000,6560.470000,6589.277000,6612.757000,275.000000,270.000000,320.000000,311.000000,False,SOFT,15.000000,False,Racing Bulls,6532.418000,,1,10.000000,False,,False,True
2026,12,Dutch Grand Prix,R,6693.253000,TSU,22,tsunoda,rb,82.110000,18.000000,2.000000,,6693.659000,26.621000,28.970000,26.519000,6639.378000,6668.348000,6694.867000,275.000000,271.000000,,308.000000,False,SOFT,16.000000,False,Racing Bulls,6611.143000,,1,10.000000,False,,False,False
2026,12,Dutch Grand Prix,R,6787.510000,TSU,22,tsunoda,rb,94.257000,19.000000,3.000000,6711.917000,,43.308000,27.724000,23.225000,6738.175000,6765.899000,6789.124000,276.000000,282.000000,321.000000,308.000000,False,HARD,1.000000,True,Racing Bulls,6693.253000,,1,14.000000,False,,False,False
2026,12,Dutch Grand Prix,R,6865.572000,TSU,22,tsunoda,rb,78.062000,20.000000,3.000000,,,26.395000,28.491000,23.176000,6815.519000,6844.010000,6867.186000,274.000000,271.000000,321.000000,305.000000,True,HARD,2.000000,True,Racing Bulls,6787.510000,,1,14.000000,False,,False,True
2026,12,Dutch Grand Prix,R,6943.735000,TSU,22,tsunoda,rb,78.163000,21.000000,3.000000,,,26.367000,28.511000,23.285000,6893.553000,6922.064000,6945.349000,275.000000,272.000000,322.000000,306.000000,False,HARD,3.000000,True,Racing Bulls,6865.572000,,1,14.000000,False,,False,True
2026,12,Dutch Grand Prix,R,7022.346000,TSU,22,tsunoda,rb,78.611000,22.000000,3.000000,,,26.433000,28.822000,23.356000,6971.782000,7000.604000,7023.960000,276.000000,271.000000,324.000000,301.000000,False,HARD,4.000000,True,Racing Bulls,6943.735000,,1,14.000000,False,,False,True
2026,12,Dutch Grand Prix,R,7101.255000,TSU,22,tsunoda,rb,78.909000,23.000000,3.000000,,,26.619000,28.825000,23.465000,7050.579000,7079.404000,7102.869000,277.000000,274.000000,324.000000,301.000000,False,HARD,5.000000,True,Racing Bulls,7022.346000,,1,14.000000,False,,False,True
2026,12,Dutch Grand Prix,R,7180.259000,TSU,22,tsunoda,rb,79.004000,24.000000,3.000000,,,26.677000,28.915000,23.412000,7129.546000,7158.461000,7181.873000,278.000000,276.000000,329.000000,296.000000,False,HARD,6.000000,True,Racing Bulls,7101.255000,,1,14.000000,False,,False,True
2026,12,Dutch Grand Prix,R,7259.363000,TSU,22,tsunoda,rb,79.104000,25.000000,3.000000,,,26.764000,28.715000,23.625000,7208.637000,7237.352000,7260.977000,282.000000,276.000000,340.000000,274.000000,False,HARD,7.000000,True,Racing Bulls,7180.259000,,1,14.000000,False,,False,True
2026,12,Dutch Grand Prix,R,7339.218000,TSU,22,tsunoda,rb,79.855000,26.000000,3.000000,,,26.819000,29.022000,24.014000,7287.796000,7316.818000,7340.832000,282.000000,278.000000,344.000000,273.000000,False,HARD,8.000000,True,Racing Bulls,7259.363000,,1,14.000000,False,,False,True
2026,12,Dutch Grand Prix,R,7419.312000,TSU,22,tsunoda,rb,80.094000,27.000000,3.000000,,,26.888000,29.272000,23.934000,7367.720000,7396.992000,7420.926000,290.000000,279.000000,337.000000,268.000000,False,HARD,9.000000,True,Racing Bulls,7339.218000,,1,13.000000,False,,False,True
2026,12,Dutch Grand Prix,R,7499.041000,TSU,22,tsunoda,rb,79.729000,28.000000,3.000000,,,26.902000,28.930000,23.897000,7447.828000,7476.758000,7500.655000,282.000000,274.000000,329.000000,291.000000,False,HARD,10.000000,True,Racing Bulls,7419.312000,,1,12.000000,False,,False,True
2026,12,Dutch Grand Prix,R,7578.037000,TSU,22,tsunoda,rb,78.996000,29.000000,3.000000,,,26.910000,28.610000,23.476000,7527.565000,7556.175000,7579.651000,276.000000,275.000000,339.000000,278.000000,False,HARD,11.000000,True,Racing Bulls,7499.041000,,1,10.000000,False,,False,True
2026,12,Dutch Grand Prix,R,7656.272000,TSU,22,tsunoda,rb,78.235000,30.000000,3.000000,,,26.527000,28.275000,23.433000,7606.178000,7634.453000,7657.886000,276.000000,270.000000,319.000000,330.000000,False,HARD,12.000000,True,Racing Bulls,7578.037000,,1,10.000000,False,,False,True
2026,12,Dutch Grand Prix,R,7734.567000,TSU,22,tsunoda,rb,78.295000,31.000000,3.000000,,,26.522000,28.379000,23.394000,7684.408000,7712.787000,7736.181000,274.000000,271.000000,314.000000,307.000000,False,HARD,13.000000,True,Racing Bulls,7656.272000,,1,10.000000,False,,False,True
2026,12,Dutch Grand Prix,R,7812.541000,TSU,22,tsunoda,rb,77.974000,32.000000,3.000000,,,26.473000,28.254000,23.247000,7762.654000,7790.908000,7814.155000,276.000000,270.000000,319.000000,298.000000,True,HARD,14.000000,True,Racing Bulls,7734.567000,,1,10.000000,False,,False,True
2026,12,Dutch Grand Prix,R,7890.392000,TSU,22,tsunoda,rb,77.851000,33.000000,3.000000,,,26.346000,28.275000,23.230000,7840.501000,7868.776000,7892.006000,276.000000,271.000000,318.000000,308.000000,True,HARD,15.000000,True,Racing Bulls,7812.541000,,1,10.000000,False,,False,True
2026,12,Dutch Grand Prix,R,7968.453000,TSU,22,tsunoda,rb,78.061000,34.000000,3.000000,,,26.330000,28.402000,23.329000,7918.336000,7946.738000,7970.067000,275.000000,272.000000,318.000000,309.000000,False,HARD,16.000000,True,Racing Bulls,7890.392000,,1,10.000000,False,,False,True
2026,12,Dutch Grand Prix,R,8046.395000,TSU,22,tsunoda,rb,77.942000,35.000000,3.000000,,,26.469000,28.176000,23.297000,7996.536000,8024.712000,8048.009000,276.000000,272.000000,318.000000,307.000000,False,HARD,17.000000,True,Racing Bulls,7968.453000,,1,9.000000,False,,False,True
2026,12,Dutch Grand Prix,R,8124.336000,TSU,22,tsunoda,rb,77.941000,36.000000,3.000000,,,26.378000,28.374000,23.189000,8074.387000,8102.761000,8125.950000,276.000000,272.000000,316.000000,308.000000,False,HARD,18.000000,True,Racing Bulls,8046.395000,,1,9.000000,False,,False,True
2026,12,Dutch Grand Prix,R,8202.299000,TSU,22,tsunoda,rb,77.963000,37.000000,3.000000,,,26.398000,28.353000,23.212000,8152.348000,8180.701000,8203.913000,277.000000,271.000000,317.000000,301.000000,False,HARD,19.000000,True,Racing Bulls,8124.336000,,1,9.000000,False,,False,True
2026,12,Dutch Grand Prix,R,8280.095000,TSU,22,tsunoda,rb,77.796000,38.000000,3.000000,,,26.326000,28.234000,23.236000,8230.239000,8258.473000,8281.709000,278.000000,271.000000,318.000000,309.000000,True,HARD,20.000000,True,Racing Bulls,8202.299000,,1,9.000000,False,,False,True
2026,12,Dutch Grand Prix,R,8357.818000,TSU,22,tsunoda,rb,77.723000,39.000000,3.000000,,,26.290000,28.193000,23.240000,8307.999000,8336.192000,8359.432000,276.000000,271.000000,317.000000,310.000000,True,HARD,21.000000,True,Racing Bulls,8280.095000,,1,9.000000,False,,False,True
2026,12,Dutch Grand Prix,R,8435.625000,TSU,22,tsunoda,rb,77.807000,40.000000,3.000000,,,26.282000,28.240000,23.285000,8385.714000,8413.954000,8437.239000,276.000000,273.000000,317.000000,310.000000,False,HARD,22.000000,True,Racing Bulls,8357.818000,,1,9.000000,False,,False,True
2026,12,Dutch Grand Prix,R,8513.534000,TSU,22,tsunoda,rb,77.909000,41.000000,3.000000,,,26.451000,28.242000,23.216000,8463.690000,8491.932000,8515.148000,277.000000,272.000000,318.000000,308.000000,False,HARD,23.000000,True,Racing Bulls,8435.625000,,1,9.000000,False,,False,True
2026,12,Dutch Grand Prix,R,8591.405000,TSU,22,tsunoda,rb,77.871000,42.000000,3.000000,,,26.344000,28.313000,23.214000,8541.492000,8569.805000,8593.019000,276.000000,273.000000,317.000000,309.000000,False,HARD,24.000000,True,Racing Bulls,8513.534000,,1,9.000000,False,,False,True
2026,12,Dutch Grand Prix,R,8675.486000,TSU,22,tsunoda,rb,84.081000,43.000000,3.000000,,,26.366000,28.513000,29.202000,8619.385000,8647.898000,8677.100000,277.000000,272.000000,312.000000,307.000000,False,HARD,25.000000,True,Racing Bulls,8591.405000,,1,9.000000,True,TRACK LIMITS AT TURN 13 LAP 43 ,False,True
2026,12,Dutch Grand Prix,R,8757.470000,TSU,22,tsunoda,rb,81.984000,44.000000,3.000000,,8757.903000,27.361000,28.358000,26.265000,8704.461000,8732.819000,8759.084000,277.000000,271.000000,,282.000000,False,HARD,26.000000,True,Racing Bulls,8675.486000,,1,10.000000,False,,False,False
2026,12,Dutch Grand Prix,R,8850.686000,TSU,22,tsunoda,rb,93.216000,45.000000,4.000000,8775.751000,,42.866000,27.354000,22.996000,8801.950000,8829.304000,8852.300000,279.000000,277.000000,320.000000,282.000000,False,SOFT,3.000000,False,Racing Bulls,8757.470000,,1,11.000000,False,,False,False
2026,12,Dutch Grand Prix,R,8928.038000,TSU,22,tsunoda,rb,77.352000,46.000000,4.000000,,,26.252000,28.023000,23.077000,8878.552000,8906.575000,8929.652000,278.000000,272.000000,304.000000,304.000000,True,SOFT,4.000000,False,Racing Bulls,8850.686000,,1,11.000000,False,,False,True
2026,12,Dutch Grand Prix,R,9006.509000,TSU,22,tsunoda,rb,78.471000,47.000000,4.000000,,,27.453000,28.051000,22.967000,8957.105000,8985.156000,9008.123000,281.000000,275.000000,321.000000,289.000000,False,SOFT,5.000000,False,Racing Bulls,8928.038000,,1,10.000000,False,,False,True
2026,12,Dutch Grand Prix,R,9083.480000,TSU,22,tsunoda,rb,76.971000,48.000000,4.000000,,,26.018000,28.008000,22.945000,9034.141000,9062.149000,9085.094000,279.000000,273.000000,320.000000,312.000000,True,SOFT,6.000000,False,Racing Bulls,9006.509000,,1,10.000000,False,,False,True
2026,12,Dutch Grand Prix,R,9160.119000,TSU,22,tsunoda,rb,76.639000,49.000000,4.000000,,,25.897000,27.775000,22.967000,9110.991000,9138.766000,9161.733000,277.000000,274.000000,319.000000,311.000000,True,SOFT,7.000000,False,Racing Bulls,9083.480000,,1,10.000000,False,,False,True
2026,12,Dutch Grand Prix,R,9236.972000,TSU,22,tsunoda,rb,76.853000,50.000000,4.000000,,,26.064000,27.865000,22.924000,9187.797000,9215.662000,9238.586000,277.000000,272.000000,319.000000,306.000000,False,SOFT,8.000000,False,Racing Bulls,9160.119000,,1,10.000000,False,,False,True
2026,12,Dutch Grand Prix,R,9313.698000,TSU,22,tsunoda,rb,76.726000,51.000000,4.000000,,,26.044000,27.757000,22.925000,9264.630000,9292.387000,9315.312000,275.000000,271.000000,317.000000,315.000000,False,SOFT,9.000000,False,Racing Bulls,9236.972000,,1,10.000000,False,,False,True
2026,12,Dutch Grand Prix,R,9390.527000,TSU,22,tsunoda,rb,76.829000,52.000000,4.000000,,,26.009000,27.890000,22.930000,9341.321000,9369.211000,9392.141000,277.000000,273.000000,317.000000,306.000000,False,SOFT,10.000000,False,Racing Bulls,9313.698000,,1,10.000000,False,,False,True
2026,12,Dutch Grand Prix,R,9467.468000,TSU,22,tsunoda,rb,76.941000,53.000000,4.000000,,,26.084000,27.836000,23.021000,9418.225000,9446.061000,9469.082000,276.000000,273.000000,320.000000,304.000000,False,SOFT,11.000000,False,Racing Bulls,9390.527000,,12,10.000000,False,,False,True
2026,12,Dutch Grand Prix,R,9569.706000,TSU,22,tsunoda,rb,102.238000,54.000000,4.000000,,,36.937000,35.687000,29.614000,9506.019000,9541.706000,9571.320000,263.000000,144.000000,218.000000,311.000000,False,SOFT,12.000000,False,Racing Bulls,9467.468000,,26,10.000000,False,,False,False
2026,12,Dutch Grand Prix,R,9673.489000,TSU,22,tsunoda,rb,103.783000,55.000000,4.000000,,,37.337000,35.103000,31.343000,9608.657000,9643.760000,9675.103000,256.000000,220.000000,226.000000,208.000000,False,SOFT,13.000000,False,Racing Bulls,9569.706000,,6,10.000000,False,,False,False
2026,12,Dutch Grand Prix,R,9765.600000,TSU,22,tsunoda,rb,92.111000,56.000000,4.000000,,,36.571000,30.973000,24.567000,9711.674000,9742.647000,9767.214000,276.000000,229.000000,337.000000,245.000000,False,SOFT,14.000000,False,Racing Bulls,9673.489000,,671,10.000000,False,,False,False
2026,12,Dutch Grand Prix,R,9843.884000,TSU,22,tsunoda,rb,78.284000,57.000000,4.000000,,,27.208000,27.762000,23.314000,9794.422000,9822.184000,9845.498000,281.000000,278.000000,323.000000,306.000000,False,SOFT,15.000000,False,Racing Bulls,9765.600000,,1,11.000000,False,,False,True
2026,12,Dutch Grand Prix,R,9920.557000,TSU,22,tsunoda,rb,76.673000,58.000000,4.000000,,,26.014000,27.651000,23.008000,9871.512000,9899.163000,9922.171000,277.000000,275.000000,320.000000,314.000000,False,SOFT,16.000000,False,Racing Bulls,9843.884000,,1,11.000000,False,,False,True
2026,12,Dutch Grand Prix,R,9997.255000,TSU,22,tsunoda,rb,76.698000,59.000000,4.000000,,,25.964000,27.689000,23.045000,9948.135000,9975.824000,9998.869000,278.000000,276.000000,321.000000,307.000000,False,SOFT,17.000000,False,Racing Bulls,9920.557000,,1,11.000000,False,,False,True
2026,12,Dutch Grand Prix,R,10074.224000,TSU,22,tsunoda,rb,76.969000,60.000000,4.000000,,,26.118000,27.869000,22.982000,10024.987000,10052.856000,10075.838000,279.000000,276.000000,322.000000,306.000000,False,SOFT,18.000000,False,Racing Bulls,9997.255000,,1,11.000000,False,,False,True
2026,12,Dutch Grand Prix,R,10151.574000,TSU,22,tsunoda,rb,77.350000,61.000000,4.000000,,,26.101000,27.941000,23.308000,10101.939000,10129.880000,10153.188000,277.000000,275.000000,298.000000,310.000000,False,SOFT,19.000000,False,Racing Bulls,10074.224000,,1,11.000000,False,,False,True
2026,12,Dutch Grand Prix,R,10229.582000,TSU,22,tsunoda,rb,78.008000,62.000000,4.000000,,,27.074000,27.907000,23.027000,10180.262000,10208.169000,10231.196000,281.000000,276.000000,320.000000,221.000000,False,SOFT,20.000000,False,Racing Bulls,10151.574000,,1,11.000000,False,,False,True
2026,12,Dutch Grand Prix,R,10306.841000,TSU,22,tsunoda,rb,77.259000,63.000000,4.000000,,,26.047000,27.983000,23.229000,10257.243000,10285.226000,10308.455000,278.000000,276.000000,323.000000,305.000000,False,SOFT,21.000000,False,Racing Bulls,10229.582000,,1,11.000000,False,,False,True
2026,12,Dutch Grand Prix,R,10384.237000,TSU,22,tsunoda,rb,77.396000,64.000000,4.000000,,,26.162000,27.986000,23.248000,10334.617000,10362.603000,10385.851000,279.000000,277.000000,324.000000,310.000000,False,SOFT,22.000000,False,Racing Bulls,10306.841000,,1,11.000000,False,,False,True
2026,12,Dutch Grand Prix,R,10461.789000,TSU,22,tsunoda,rb,77.552000,65.000000,4.000000,,,26.418000,27.932000,23.202000,10412.269000,10440.201000,10463.403000,277.000000,275.000000,321.000000,307.000000,False,SOFT,23.000000,False,Racing Bulls,10384.237000,,1,11.000000,False,,False,True
2026,12,Dutch Grand Prix,R,10539.368000,TSU,22,tsunoda,rb,77.579000,66.000000,4.000000,,,26.261000,27.975000,23.343000,10489.664000,10517.639000,10540.982000,278.000000,276.000000,321.000000,309.000000,False,SOFT,24.000000,False,Racing Bulls,10461.789000,,1,11.000000,False,,False,True
2026,12,Dutch Grand Prix,R,10616.812000,TSU,22,tsunoda,rb,77.444000,67.000000,4.000000,,,26.276000,28.085000,23.083000,10567.258000,10595.343000,10618.426000,280.000000,277.000000,321.000000,310.000000,False,SOFT,25.000000,False,Racing Bulls,10539.368000,,1,11.000000,False,,False,True
2026,12,Dutch Grand Prix,R,10707.028000,TSU,22,tsunoda,rb,90.216000,68.000000,4.000000,,,26.085000,32.854000,31.277000,10644.511000,10677.365000,10708.642000,280.000000,227.000000,237.000000,312.000000,False,SOFT,26.000000,False,Racing Bulls,10616.812000,,16,11.000000,False,,False,False
2026,12,Dutch Grand Prix,R,10788.867000,TSU,22,tsunoda,rb,81.839000,69.000000,4.000000,,,30.792000,27.936000,23.111000,10739.434000,10767.370000,10790.481000,298.000000,293.000000,320.000000,208.000000,False,SOFT,27.000000,False,Racing Bulls,10707.028000,,671,11.000000,False,,False,False
2026,12,Dutch Grand Prix,R,10866.252000,TSU,22,tsunoda,rb,77.385000,70.000000,4.000000,,,26.110000,27.976000,23.299000,10816.591000,10844.567000,10867.866000,279.000000,275.000000,321.000000,311.000000,False,SOFT,28.000000,False,Racing Bulls,10788.867000,,1,11.000000,False,,False,True
2026,12,Dutch Grand Prix,R,10943.635000,TSU,22,tsunoda,rb,77.383000,71.000000,4.000000,,,26.123000,27.982000,23.278000,10893.989000,10921.971000,10945.249000,280.000000,276.000000,320.000000,312.000000,False,SOFT,29.000000,False,Racing Bulls,10866.252000,,1,11.000000,False,,False,True
2026,12,Dutch Grand Prix,R,3501.006000,ALB,23,albon,williams,96.533000,1.000000,1.000000,,,,29.806000,30.486000,,3472.227000,3502.662000,276.000000,261.000000,257.000000,206.000000,False,SOFT,1.000000,True,Williams,3405.791000,,12,13.000000,False,,False,False
2026,12,Dutch Grand Prix,R,3649.550000,ALB,23,albon,williams,148.544000,2.000000,1.000000,,3648.831000,33.893000,45.105000,69.546000,3536.524000,3581.629000,3651.175000,115.000000,145.000000,,246.000000,False,SOFT,2.000000,True,Williams,3501.006000,,25,14.000000,False,,False,False
2026,12,Dutch Grand Prix,R,5414.142000,ALB,23,albon,williams,,3.000000,2.000000,5228.133000,,,29.608000,,,5291.942000,,202.000000,238.000000,32.000000,246.000000,False,HARD,1.000000,True,Williams,5177.312000,,12,12.000000,False,,False,False
2026,12,Dutch Grand Prix,R,5579.713000,ALB,23,albon,williams,,4.000000,2.000000,,,43.587000,29.070000,93.043000,5459.241000,5488.450000,5581.448000,241.000000,216.000000,85.000000,118.000000,False,HARD,2.000000,True,Williams,5414.142000,,1,12.000000,False,,False,False
2026,12,Dutch Grand Prix,R,5664.652000,ALB,23,albon,williams,84.939000,5.000000,2.000000,,,31.194000,29.384000,24.361000,5612.532000,5641.916000,5666.277000,281.000000,290.000000,326.000000,205.000000,True,HARD,3.000000,True,Williams,5579.713000,,12,12.000000,False,,False,True
2026,12,Dutch Grand Prix,R,5744.348000,ALB,23,albon,williams,79.696000,6.000000,2.000000,,,27.230000,28.548000,23.918000,5693.507000,5722.055000,5745.973000,280.000000,274.000000,315.000000,290.000000,True,HARD,4.000000,True,Williams,5664.652000,,1,12.000000,False,,False,True
2026,12,Dutch Grand Prix,R,5823.439000,ALB,23,albon,williams,79.091000,7.000000,2.000000,,,26.951000,28.577000,23.563000,5772.924000,5801.501000,5825.064000,284.000000,280.000000,328.000000,296.000000,True,HARD,5.000000,True,Williams,5744.348000,,1,12.000000,False,,False,True
2026,12,Dutch Grand Prix,R,5902.548000,ALB,23,albon,williams,79.109000,8.000000,2.000000,,,26.794000,28.769000,23.546000,5851.858000,5880.627000,5904.173000,284.000000,279.000000,327.000000,307.000000,False,HARD,6.000000,True,Williams,5823.439000,,1,11.000000,False,,False,True
2026,12,Dutch Grand Prix,R,5981.287000,ALB,23,albon,williams,78.739000,9.000000,2.000000,,,26.585000,28.723000,23.431000,5930.758000,5959.481000,5982.912000,284.000000,278.000000,325.000000,308.000000,True,HARD,7.000000,True,Williams,5902.548000,,1,11.000000,False,,False,True
2026,12,Dutch Grand Prix,R,6060.316000,ALB,23,albon,williams,79.029000,10.000000,2.000000,,,26.662000,28.758000,23.609000,6009.574000,6038.332000,6061.941000,278.000000,276.000000,313.000000,306.000000,False,HARD,8.000000,True,Williams,5981.287000,,1,11.000000,False,,False,True
2026,12,Dutch Grand Prix,R,6139.378000,ALB,23,albon,williams,79.062000,11.000000,2.000000,,,26.711000,28.818000,23.533000,6088.652000,6117.470000,6141.003000,278.000000,274.000000,317.000000,305.000000,False,HARD,9.000000,True,Williams,6060.316000,,1,11.000000,False,,False,True
2026,12,Dutch Grand Prix,R,6218.655000,ALB,23,albon,williams,79.277000,12.000000,2.000000,,,26.879000,28.777000,23.621000,6167.882000,6196.659000,6220.280000,277.000000,271.000000,317.000000,300.000000,False,HARD,10.000000,True,Williams,6139.378000,,1,11.000000,False,,False,True
2026,12,Dutch Grand Prix,R,6297.870000,ALB,23,albon,williams,79.215000,13.000000,2.000000,,,26.774000,28.885000,23.556000,6247.054000,6275.939000,6299.495000,276.000000,268.000000,318.000000,303.000000,False,HARD,11.000000,True,Williams,6218.655000,,1,11.000000,False,,False,True
2026,12,Dutch Grand Prix,R,6377.186000,ALB,23,albon,williams,79.316000,14.000000,2.000000,,,26.672000,28.914000,23.730000,6326.167000,6355.081000,6378.811000,280.000000,273.000000,318.000000,298.000000,False,HARD,12.000000,True,Williams,6297.870000,,1,11.000000,False,,False,True
2026,12,Dutch Grand Prix,R,6456.560000,ALB,23,albon,williams,79.374000,15.000000,2.000000,,,26.673000,29.004000,23.697000,6405.484000,6434.488000,6458.185000,280.000000,272.000000,315.000000,299.000000,False,HARD,13.000000,True,Williams,6377.186000,,1,11.000000,False,,False,True
2026,12,Dutch Grand Prix,R,6535.718000,ALB,23,albon,williams,79.158000,16.000000,2.000000,,,26.813000,28.785000,23.560000,6484.998000,6513.783000,6537.343000,280.000000,275.000000,319.000000,305.000000,False,HARD,14.000000,True,Williams,6456.560000,,1,11.000000,False,,False,True
2026,12,Dutch Grand Prix,R,6614.784000,ALB,23,albon,williams,79.066000,17.000000,2.000000,,,26.564000,28.836000,23.666000,6563.907000,6592.743000,6616.409000,280.000000,272.000000,317.000000,310.000000,False,HARD,15.000000,True,Williams,6535.718000,,1,11.000000,False,,False,True
2026,12,Dutch Grand Prix,R,6694.167000,ALB,23,albon,williams,79.383000,18.000000,2.000000,,,26.766000,28.970000,23.647000,6643.175000,6672.145000,6695.792000,280.000000,273.000000,314.000000,306.000000,False,HARD,16.000000,True,Williams,6614.784000,,1,11.000000,False,,False,True
2026,12,Dutch Grand Prix,R,6773.362000,ALB,23,albon,williams,79.195000,19.000000,2.000000,,,26.829000,28.722000,23.644000,6722.621000,6751.343000,6774.987000,281.000000,274.000000,319.000000,301.000000,False,HARD,17.000000,True,Williams,6694.167000,,1,9.000000,False,,False,True
2026,12,Dutch Grand Prix,R,6852.489000,ALB,23,albon,williams,79.127000,20.000000,2.000000,,,26.651000,28.875000,23.601000,6801.638000,6830.513000,6854.114000,280.000000,274.000000,317.000000,309.000000,False,HARD,18.000000,True,Williams,6773.362000,,1,8.000000,False,,False,True
2026,12,Dutch Grand Prix,R,6931.490000,ALB,23,albon,williams,79.001000,21.000000,2.000000,,,26.586000,28.859000,23.556000,6880.700000,6909.559000,6933.115000,281.000000,272.000000,313.000000,309.000000,False,HARD,19.000000,True,Williams,6852.489000,,1,8.000000,False,,False,True
2026,12,Dutch Grand Prix,R,7010.508000,ALB,23,albon,williams,79.018000,22.000000,2.000000,,,26.612000,28.811000,23.595000,6959.727000,6988.538000,7012.133000,281.000000,271.000000,317.000000,307.000000,False,HARD,20.000000,True,Williams,6931.490000,,1,7.000000,False,,False,True
2026,12,Dutch Grand Prix,R,7089.752000,ALB,23,albon,williams,79.244000,23.000000,2.000000,,,26.630000,28.862000,23.752000,7038.763000,7067.625000,7091.377000,280.000000,274.000000,312.000000,305.000000,False,HARD,21.000000,True,Williams,7010.508000,,1,7.000000,False,,False,True
2026,12,Dutch Grand Prix,R,7169.823000,ALB,23,albon,williams,80.071000,24.000000,2.000000,,,27.346000,29.026000,23.699000,7118.723000,7147.749000,7171.448000,283.000000,274.000000,319.000000,295.000000,False,HARD,22.000000,True,Williams,7089.752000,,1,8.000000,False,,False,True
2026,12,Dutch Grand Prix,R,7248.960000,ALB,23,albon,williams,79.137000,25.000000,2.000000,,,26.621000,28.725000,23.791000,7198.069000,7226.794000,7250.585000,280.000000,273.000000,318.000000,308.000000,False,HARD,23.000000,True,Williams,7169.823000,,1,8.000000,False,,False,True
2026,12,Dutch Grand Prix,R,7331.072000,ALB,23,albon,williams,82.112000,26.000000,2.000000,,7331.473000,26.718000,28.847000,26.547000,7277.303000,7306.150000,7332.697000,281.000000,273.000000,,307.000000,False,HARD,24.000000,True,Williams,7248.960000,,1,9.000000,False,,False,False
2026,12,Dutch Grand Prix,R,7425.436000,ALB,23,albon,williams,94.364000,27.000000,3.000000,7349.107000,,43.061000,27.971000,23.332000,7375.758000,7403.729000,7427.061000,277.000000,273.000000,314.000000,307.000000,False,HARD,1.000000,True,Williams,7331.072000,,1,15.000000,False,,False,False
2026,12,Dutch Grand Prix,R,7503.738000,ALB,23,albon,williams,78.302000,28.000000,3.000000,,,26.633000,28.323000,23.346000,7453.694000,7482.017000,7505.363000,280.000000,274.000000,318.000000,302.000000,True,HARD,2.000000,True,Williams,7425.436000,,1,15.000000,False,,False,True
2026,12,Dutch Grand Prix,R,7582.077000,ALB,23,albon,williams,78.339000,29.000000,3.000000,,,26.576000,28.352000,23.411000,7531.939000,7560.291000,7583.702000,281.000000,276.000000,321.000000,302.000000,False,HARD,3.000000,True,Williams,7503.738000,,1,15.000000,False,,False,True
2026,12,Dutch Grand Prix,R,7661.061000,ALB,23,albon,williams,78.984000,30.000000,3.000000,,,26.737000,28.715000,23.532000,7610.439000,7639.154000,7662.686000,279.000000,279.000000,327.000000,309.000000,False,HARD,4.000000,True,Williams,7582.077000,,1,14.000000,False,,False,True
2026,12,Dutch Grand Prix,R,7740.113000,ALB,23,albon,williams,79.052000,31.000000,3.000000,,,26.708000,28.820000,23.524000,7689.394000,7718.214000,7741.738000,288.000000,280.000000,330.000000,299.000000,False,HARD,5.000000,True,Williams,7661.061000,,1,14.000000,False,,False,True
2026,12,Dutch Grand Prix,R,7819.220000,ALB,23,albon,williams,79.107000,32.000000,3.000000,,,26.725000,28.744000,23.638000,7768.463000,7797.207000,7820.845000,289.000000,285.000000,331.000000,305.000000,False,HARD,6.000000,True,Williams,7740.113000,,1,14.000000,False,,False,True
2026,12,Dutch Grand Prix,R,7898.667000,ALB,23,albon,williams,79.447000,33.000000,3.000000,,,26.936000,28.865000,23.646000,7847.781000,7876.646000,7900.292000,288.000000,281.000000,323.000000,300.000000,False,HARD,7.000000,True,Williams,7819.220000,,1,14.000000,False,,False,True
2026,12,Dutch Grand Prix,R,7977.847000,ALB,23,albon,williams,79.180000,34.000000,3.000000,,,26.756000,28.861000,23.563000,7927.048000,7955.909000,7979.472000,278.000000,275.000000,321.000000,306.000000,False,HARD,8.000000,True,Williams,7898.667000,,1,13.000000,False,,False,True
2026,12,Dutch Grand Prix,R,8058.223000,ALB,23,albon,williams,80.376000,35.000000,3.000000,,,26.758000,29.816000,23.802000,8006.230000,8036.046000,8059.848000,278.000000,283.000000,293.000000,304.000000,False,HARD,9.000000,True,Williams,7977.847000,,1,12.000000,False,,False,True
2026,12,Dutch Grand Prix,R,8137.921000,ALB,23,albon,williams,79.698000,36.000000,3.000000,,,27.390000,28.538000,23.770000,8087.238000,8115.776000,8139.546000,290.000000,280.000000,309.000000,254.000000,False,HARD,10.000000,True,Williams,8058.223000,,1,11.000000,False,,False,True
2026,12,Dutch Grand Prix,R,8216.911000,ALB,23,albon,williams,78.990000,37.000000,3.000000,,,26.761000,28.549000,23.680000,8166.307000,8194.856000,8218.536000,276.000000,285.000000,314.000000,301.000000,False,HARD,11.000000,True,Williams,8137.921000,,1,11.000000,False,,False,True
2026,12,Dutch Grand Prix,R,8299.458000,ALB,23,albon,williams,82.547000,38.000000,3.000000,,,27.667000,29.098000,25.782000,8246.203000,8275.301000,8301.083000,275.000000,221.000000,318.000000,290.000000,False,HARD,12.000000,True,Williams,8216.911000,,1,12.000000,False,,False,True
2026,12,Dutch Grand Prix,R,8379.149000,ALB,23,albon,williams,79.691000,39.000000,3.000000,,,27.455000,28.715000,23.521000,8328.538000,8357.253000,8380.774000,275.000000,278.000000,321.000000,303.000000,False,HARD,13.000000,True,Williams,8299.458000,,1,12.000000,False,,False,True
2026,12,Dutch Grand Prix,R,8457.751000,ALB,23,albon,williams,78.602000,40.000000,3.000000,,,26.528000,28.532000,23.542000,8407.302000,8435.834000,8459.376000,276.000000,281.000000,316.000000,310.000000,False,HARD,14.000000,True,Williams,8379.149000,,1,12.000000,False,,False,True
2026,12,Dutch Grand Prix,R,8537.417000,ALB,23,albon,williams,79.666000,41.000000,3.000000,,,27.364000,28.760000,23.542000,8486.740000,8515.500000,8539.042000,220.000000,284.000000,321.000000,306.000000,False,HARD,15.000000,True,Williams,8457.751000,,1,12.000000,False,,False,True
2026,12,Dutch Grand Prix,R,8617.531000,ALB,23,albon,williams,80.114000,42.000000,3.000000,,,26.466000,30.072000,23.576000,8565.508000,8595.580000,8619.156000,278.000000,270.000000,321.000000,311.000000,False,HARD,16.000000,True,Williams,8537.417000,,1,12.000000,False,,False,True
2026,12,Dutch Grand Prix,R,8696.670000,ALB,23,albon,williams,79.139000,43.000000,3.000000,,,26.795000,28.848000,23.496000,8645.951000,8674.799000,8698.295000,281.000000,283.000000,305.000000,312.000000,False,HARD,17.000000,True,Williams,8617.531000,,1,12.000000,False,,False,True
2026,12,Dutch Grand Prix,R,8775.862000,ALB,23,albon,williams,79.192000,44.000000,3.000000,,,27.067000,28.694000,23.431000,8725.362000,8754.056000,8777.487000,280.000000,278.000000,320.000000,278.000000,False,HARD,18.000000,True,Williams,8696.670000,,1,12.000000,False,,False,True
2026,12,Dutch Grand Prix,R,8855.401000,ALB,23,albon,williams,79.539000,45.000000,3.000000,,,26.927000,29.053000,23.559000,8804.414000,8833.467000,8857.026000,281.000000,284.000000,323.000000,311.000000,False,HARD,19.000000,True,Williams,8775.862000,,1,13.000000,False,,False,True
2026,12,Dutch Grand Prix,R,8934.367000,ALB,23,albon,williams,78.966000,46.000000,3.000000,,,26.586000,28.846000,23.534000,8883.612000,8912.458000,8935.992000,284.000000,276.000000,323.000000,307.000000,False,HARD,20.000000,True,Williams,8855.401000,,1,13.000000,False,,False,True
2026,12,Dutch Grand Prix,R,9012.951000,ALB,23,albon,williams,78.584000,47.000000,3.000000,,,26.470000,28.708000,23.406000,8962.462000,8991.170000,9014.576000,281.000000,277.000000,322.000000,313.000000,False,HARD,21.000000,True,Williams,8934.367000,,1,13.000000,False,,False,True
2026,12,Dutch Grand Prix,R,9091.301000,ALB,23,albon,williams,78.350000,48.000000,3.000000,,,26.401000,28.586000,23.363000,9040.977000,9069.563000,9092.926000,281.000000,277.000000,322.000000,313.000000,False,HARD,22.000000,True,Williams,9012.951000,,1,13.000000,False,,False,True
2026,12,Dutch Grand Prix,R,9172.710000,ALB,23,albon,williams,81.409000,49.000000,3.000000,,9173.204000,26.430000,29.002000,25.977000,9119.356000,9148.358000,9174.335000,280.000000,284.000000,,314.000000,False,HARD,23.000000,True,Williams,9091.301000,,1,14.000000,False,,False,False
2026,12,Dutch Grand Prix,R,9266.841000,ALB,23,albon,williams,94.131000,50.000000,4.000000,9190.606000,,43.032000,27.909000,23.190000,9217.367000,9245.276000,9268.466000,283.000000,279.000000,319.000000,314.000000,False,MEDIUM,1.000000,True,Williams,9172.710000,,1,16.000000,False,,False,False
2026,12,Dutch Grand Prix,R,9343.988000,ALB,23,albon,williams,77.147000,51.000000,4.000000,,,26.259000,27.917000,22.971000,9294.725000,9322.642000,9345.613000,280.000000,276.000000,319.000000,308.000000,True,MEDIUM,2.000000,True,Williams,9266.841000,,1,16.000000,False,,False,True
2026,12,Dutch Grand Prix,R,9421.280000,ALB,23,albon,williams,77.292000,52.000000,4.000000,,,26.132000,28.074000,23.086000,9371.745000,9399.819000,9422.905000,281.000000,277.000000,320.000000,306.000000,False,MEDIUM,3.000000,True,Williams,9343.988000,,1,16.000000,False,,False,True
2026,12,Dutch Grand Prix,R,9509.215000,ALB,23,albon,williams,87.935000,53.000000,4.000000,,,26.165000,29.654000,32.116000,9449.070000,9478.724000,9510.840000,281.000000,104.000000,250.000000,310.000000,False,MEDIUM,4.000000,True,Williams,9421.280000,,126,15.000000,False,,False,False
2026,12,Dutch Grand Prix,R,9612.389000,ALB,23,albon,williams,103.174000,54.000000,4.000000,,,36.542000,36.201000,30.431000,9547.382000,9583.583000,9614.014000,248.000000,200.000000,228.000000,214.000000,False,MEDIUM,5.000000,True,Williams,9509.215000,,6,15.000000,False,,False,False
2026,12,Dutch Grand Prix,R,9716.359000,ALB,23,albon,williams,103.970000,55.000000,4.000000,,,37.072000,35.196000,31.702000,9651.086000,9686.282000,9717.984000,237.000000,187.000000,229.000000,167.000000,False,MEDIUM,6.000000,True,Williams,9612.389000,,6,15.000000,False,,False,False
2026,12,Dutch Grand Prix,R,9796.258000,ALB,23,albon,williams,79.899000,56.000000,4.000000,,,29.642000,27.383000,22.874000,9747.626000,9775.009000,9797.883000,296.000000,290.000000,321.000000,185.000000,False,MEDIUM,7.000000,True,Williams,9716.359000,,671,15.000000,False,,False,False
2026,12,Dutch Grand Prix,R,9873.550000,ALB,23,albon,williams,77.292000,57.000000,4.000000,,,26.000000,27.773000,23.519000,9823.883000,9851.656000,9875.175000,280.000000,277.000000,271.000000,308.000000,False,MEDIUM,8.000000,True,Williams,9796.258000,,1,15.000000,False,,False,True
2026,12,Dutch Grand Prix,R,9952.241000,ALB,23,albon,williams,78.691000,58.000000,4.000000,,,27.716000,28.016000,22.959000,9902.891000,9930.907000,9953.866000,287.000000,280.000000,324.000000,232.000000,False,MEDIUM,9.000000,True,Williams,9873.550000,,1,15.000000,False,,False,True
2026,12,Dutch Grand Prix,R,10029.432000,ALB,23,albon,williams,77.191000,59.000000,4.000000,,,25.995000,28.107000,23.089000,9979.861000,10007.968000,10031.057000,281.000000,277.000000,324.000000,317.000000,False,MEDIUM,10.000000,True,Williams,9952.241000,,1,14.000000,False,,False,True
2026,12,Dutch Grand Prix,R,10106.881000,ALB,23,albon,williams,77.449000,60.000000,4.000000,,,26.033000,28.330000,23.086000,10057.090000,10085.420000,10108.506000,285.000000,283.000000,337.000000,314.000000,False,MEDIUM,11.000000,True,Williams,10029.432000,,1,14.000000,False,,False,True
2026,12,Dutch Grand Prix,R,10185.129000,ALB,23,albon,williams,78.248000,61.000000,4.000000,,,26.519000,28.437000,23.292000,10135.025000,10163.462000,10186.754000,288.000000,285.000000,337.000000,313.000000,False,MEDIUM,12.000000,True,Williams,10106.881000,,1,14.000000,False,,False,True
2026,12,Dutch Grand Prix,R,10263.416000,ALB,23,albon,williams,78.287000,62.000000,4.000000,,,26.419000,28.418000,23.450000,10213.173000,10241.591000,10265.041000,287.000000,287.000000,333.000000,309.000000,False,MEDIUM,13.000000,True,Williams,10185.129000,,1,14.000000,False,,False,True
2026,12,Dutch Grand Prix,R,10342.225000,ALB,23,albon,williams,78.809000,63.000000,4.000000,,,26.749000,28.591000,23.469000,10291.790000,10320.381000,10343.850000,295.000000,287.000000,340.000000,312.000000,False,MEDIUM,14.000000,True,Williams,10263.416000,,1,14.000000,False,,False,True
2026,12,Dutch Grand Prix,R,10421.884000,ALB,23,albon,williams,79.659000,64.000000,4.000000,,,27.524000,28.774000,23.361000,10371.374000,10400.148000,10423.509000,241.000000,288.000000,344.000000,293.000000,False,MEDIUM,15.000000,True,Williams,10342.225000,,1,14.000000,False,,False,True
2026,12,Dutch Grand Prix,R,10515.053000,ALB,23,albon,williams,93.169000,65.000000,4.000000,,,41.070000,28.643000,23.456000,10464.579000,10493.222000,10516.678000,264.000000,283.000000,323.000000,335.000000,False,MEDIUM,16.000000,True,Williams,10421.884000,,1,15.000000,True,TRACK LIMITS AT TURN 1 LAP 65 ,False,True
2026,12,Dutch Grand Prix,R,10613.783000,ALB,23,albon,williams,98.730000,66.000000,4.000000,,10613.911000,27.212000,38.591000,32.927000,10543.890000,10582.481000,10615.408000,222.000000,190.000000,,311.000000,False,MEDIUM,17.000000,True,Williams,10515.053000,,1,15.000000,False,,False,False
2026,12,Dutch Grand Prix,R,3499.923000,HUL,27,hulkenberg,audi,95.429000,1.000000,1.000000,,,,30.000000,29.606000,,3471.961000,3501.591000,277.000000,266.000000,278.000000,197.000000,False,SOFT,4.000000,False,Audi,3405.791000,,12,12.000000,False,,False,False
2026,12,Dutch Grand Prix,R,3644.634000,HUL,27,hulkenberg,audi,144.711000,2.000000,1.000000,,3643.238000,30.586000,46.694000,67.431000,3532.113000,3578.807000,3646.238000,115.000000,147.000000,,226.000000,False,SOFT,5.000000,False,Audi,3499.923000,,25,12.000000,False,,False,False
2026,12,Dutch Grand Prix,R,5411.937000,HUL,27,hulkenberg,audi,,3.000000,2.000000,5226.236000,,,29.251000,,,5286.075000,,260.000000,229.000000,56.000000,226.000000,False,SOFT,4.000000,False,Audi,5177.312000,,12,10.000000,False,,False,False
2026,12,Dutch Grand Prix,R,5579.534000,HUL,27,hulkenberg,audi,,4.000000,2.000000,,,41.842000,32.010000,93.872000,5455.296000,5487.419000,5581.352000,212.000000,227.000000,63.000000,142.000000,False,SOFT,5.000000,False,Audi,5411.937000,,1,11.000000,False,,False,False
2026,12,Dutch Grand Prix,R,5663.180000,HUL,27,hulkenberg,audi,83.646000,5.000000,2.000000,,,30.700000,28.909000,24.037000,5611.838000,5640.747000,5664.784000,273.000000,285.000000,325.000000,217.000000,False,SOFT,6.000000,False,Audi,5579.534000,,12,9.000000,True,TRACK LIMITS AT TURN 3 LAP 5 ,False,True
2026,12,Dutch Grand Prix,R,5742.011000,HUL,27,hulkenberg,audi,78.831000,6.000000,2.000000,,,26.929000,28.341000,23.561000,5691.713000,5720.054000,5743.615000,276.000000,278.000000,325.000000,283.000000,True,SOFT,7.000000,False,Audi,5663.180000,,1,9.000000,False,,False,True
2026,12,Dutch Grand Prix,R,5820.809000,HUL,27,hulkenberg,audi,78.798000,7.000000,2.000000,,,26.874000,28.287000,23.637000,5770.489000,5798.776000,5822.413000,277.000000,280.000000,323.000000,298.000000,True,SOFT,8.000000,False,Audi,5742.011000,,1,9.000000,False,,False,True
2026,12,Dutch Grand Prix,R,5899.522000,HUL,27,hulkenberg,audi,78.713000,8.000000,2.000000,,,26.987000,28.344000,23.382000,5849.400000,5877.744000,5901.126000,276.000000,274.000000,320.000000,298.000000,True,SOFT,9.000000,False,Audi,5820.809000,,1,9.000000,False,,False,True
2026,12,Dutch Grand Prix,R,5978.054000,HUL,27,hulkenberg,audi,78.532000,9.000000,2.000000,,,26.757000,28.546000,23.229000,5927.883000,5956.429000,5979.658000,270.000000,272.000000,320.000000,300.000000,True,SOFT,10.000000,False,Audi,5899.522000,,1,9.000000,False,,False,True
2026,12,Dutch Grand Prix,R,6056.609000,HUL,27,hulkenberg,audi,78.555000,10.000000,2.000000,,,26.713000,28.446000,23.396000,6006.371000,6034.817000,6058.213000,271.000000,267.000000,320.000000,302.000000,False,SOFT,11.000000,False,Audi,5978.054000,,1,9.000000,False,,False,True
2026,12,Dutch Grand Prix,R,6135.079000,HUL,27,hulkenberg,audi,78.470000,11.000000,2.000000,,,26.531000,28.542000,23.397000,6084.744000,6113.286000,6136.683000,273.000000,272.000000,324.000000,306.000000,True,SOFT,12.000000,False,Audi,6056.609000,,1,9.000000,False,,False,True
2026,12,Dutch Grand Prix,R,6213.539000,HUL,27,hulkenberg,audi,78.460000,12.000000,2.000000,,,26.405000,28.685000,23.370000,6163.088000,6191.773000,6215.143000,277.000000,277.000000,331.000000,301.000000,True,SOFT,13.000000,False,Audi,6135.079000,,1,9.000000,False,,False,True
2026,12,Dutch Grand Prix,R,6292.853000,HUL,27,hulkenberg,audi,79.314000,13.000000,2.000000,,,26.900000,28.939000,23.475000,6242.043000,6270.982000,6294.457000,274.000000,275.000000,305.000000,307.000000,False,SOFT,14.000000,False,Audi,6213.539000,,1,9.000000,False,,False,True
2026,12,Dutch Grand Prix,R,6372.206000,HUL,27,hulkenberg,audi,79.353000,14.000000,2.000000,,,26.862000,29.062000,23.429000,6321.319000,6350.381000,6373.810000,272.000000,271.000000,307.000000,297.000000,False,SOFT,15.000000,False,Audi,6292.853000,,1,9.000000,False,,False,True
2026,12,Dutch Grand Prix,R,6450.932000,HUL,27,hulkenberg,audi,78.726000,15.000000,2.000000,,,26.600000,28.721000,23.405000,6400.410000,6429.131000,6452.536000,273.000000,272.000000,308.000000,298.000000,False,SOFT,16.000000,False,Audi,6372.206000,,1,9.000000,False,,False,True
2026,12,Dutch Grand Prix,R,6529.500000,HUL,27,hulkenberg,audi,78.568000,16.000000,2.000000,,,26.543000,28.623000,23.402000,6479.079000,6507.702000,6531.104000,275.000000,273.000000,315.000000,297.000000,False,SOFT,17.000000,False,Audi,6450.932000,,1,9.000000,False,,False,True
2026,12,Dutch Grand Prix,R,6608.165000,HUL,27,hulkenberg,audi,78.665000,17.000000,2.000000,,,26.469000,28.748000,23.448000,6557.573000,6586.321000,6609.769000,272.000000,273.000000,320.000000,306.000000,False,SOFT,18.000000,False,Audi,6529.500000,,1,9.000000,False,,False,True
2026,12,Dutch Grand Prix,R,6687.226000,HUL,27,hulkenberg,audi,79.061000,18.000000,2.000000,,,26.675000,28.818000,23.568000,6636.444000,6665.262000,6688.830000,273.000000,277.000000,330.000000,305.000000,False,SOFT,19.000000,False,Audi,6608.165000,,1,8.000000,False,,False,True
2026,12,Dutch Grand Prix,R,6769.276000,HUL,27,hulkenberg,audi,82.050000,19.000000,2.000000,,6769.812000,26.832000,28.717000,26.501000,6715.662000,6744.379000,6770.880000,274.000000,274.000000,,316.000000,False,SOFT,20.000000,False,Audi,6687.226000,,1,8.000000,False,,False,False
2026,12,Dutch Grand Prix,R,6862.868000,HUL,27,hulkenberg,audi,93.592000,20.000000,3.000000,6786.688000,,42.116000,27.987000,23.489000,6812.996000,6840.983000,6864.472000,281.000000,264.000000,338.000000,316.000000,False,SOFT,1.000000,True,Audi,6769.276000,,1,13.000000,False,,False,False
2026,12,Dutch Grand Prix,R,6941.639000,HUL,27,hulkenberg,audi,78.771000,21.000000,3.000000,,,26.851000,27.936000,23.984000,6891.323000,6919.259000,6943.243000,267.000000,299.000000,317.000000,295.000000,False,SOFT,2.000000,True,Audi,6862.868000,,1,13.000000,False,,False,True
2026,12,Dutch Grand Prix,R,7020.615000,HUL,27,hulkenberg,audi,78.976000,22.000000,3.000000,,,27.076000,28.251000,23.649000,6970.319000,6998.570000,7022.219000,263.000000,267.000000,325.000000,294.000000,False,SOFT,3.000000,True,Audi,6941.639000,,1,13.000000,False,,False,True
2026,12,Dutch Grand Prix,R,7099.916000,HUL,27,hulkenberg,audi,79.301000,23.000000,3.000000,,,26.864000,28.343000,24.094000,7049.083000,7077.426000,7101.520000,271.000000,283.000000,318.000000,280.000000,False,SOFT,4.000000,True,Audi,7020.615000,,1,13.000000,False,,False,True
2026,12,Dutch Grand Prix,R,7179.820000,HUL,27,hulkenberg,audi,79.904000,24.000000,3.000000,,,27.129000,28.188000,24.587000,7128.649000,7156.837000,7181.424000,274.000000,299.000000,323.000000,286.000000,False,SOFT,5.000000,True,Audi,7099.916000,,1,13.000000,False,,False,True
2026,12,Dutch Grand Prix,R,7258.951000,HUL,27,hulkenberg,audi,79.131000,25.000000,3.000000,,,26.757000,28.432000,23.942000,7208.181000,7236.613000,7260.555000,274.000000,274.000000,320.000000,298.000000,False,SOFT,6.000000,True,Audi,7179.820000,,1,12.000000,False,,False,True
2026,12,Dutch Grand Prix,R,7338.480000,HUL,27,hulkenberg,audi,79.529000,26.000000,3.000000,,,26.960000,28.879000,23.690000,7287.515000,7316.394000,7340.084000,275.000000,281.000000,338.000000,302.000000,False,SOFT,7.000000,True,Audi,7258.951000,,1,11.000000,False,,False,True
2026,12,Dutch Grand Prix,R,7417.851000,HUL,27,hulkenberg,audi,79.371000,27.000000,3.000000,,,26.727000,28.565000,24.079000,7366.811000,7395.376000,7419.455000,280.000000,275.000000,314.000000,312.000000,False,SOFT,8.000000,True,Audi,7338.480000,,1,9.000000,False,,False,True
2026,12,Dutch Grand Prix,R,7497.205000,HUL,27,hulkenberg,audi,79.354000,28.000000,3.000000,,,26.823000,28.631000,23.900000,7446.278000,7474.909000,7498.809000,273.000000,282.000000,337.000000,297.000000,False,SOFT,9.000000,True,Audi,7417.851000,,1,9.000000,False,,False,True
2026,12,Dutch Grand Prix,R,7574.823000,HUL,27,hulkenberg,audi,77.618000,29.000000,3.000000,,,26.604000,27.822000,23.192000,7525.413000,7553.235000,7576.427000,268.000000,271.000000,315.000000,295.000000,True,SOFT,10.000000,True,Audi,7497.205000,,1,9.000000,False,,False,True
2026,12,Dutch Grand Prix,R,7652.311000,HUL,27,hulkenberg,audi,77.488000,30.000000,3.000000,,,26.485000,27.760000,23.243000,7602.912000,7630.672000,7653.915000,269.000000,269.000000,304.000000,297.000000,True,SOFT,11.000000,True,Audi,7574.823000,,1,9.000000,False,,False,True
2026,12,Dutch Grand Prix,R,7729.590000,HUL,27,hulkenberg,audi,77.279000,31.000000,3.000000,,,26.320000,27.798000,23.161000,7680.235000,7708.033000,7731.194000,272.000000,270.000000,318.000000,295.000000,True,SOFT,12.000000,True,Audi,7652.311000,,1,9.000000,False,,False,True
2026,12,Dutch Grand Prix,R,7806.868000,HUL,27,hulkenberg,audi,77.278000,32.000000,3.000000,,,26.192000,27.995000,23.091000,7757.386000,7785.381000,7808.472000,267.000000,270.000000,318.000000,310.000000,True,SOFT,13.000000,True,Audi,7729.590000,,1,9.000000,False,,False,True
2026,12,Dutch Grand Prix,R,7884.112000,HUL,27,hulkenberg,audi,77.244000,33.000000,3.000000,,,26.214000,27.960000,23.070000,7834.686000,7862.646000,7885.716000,269.000000,271.000000,319.000000,304.000000,True,SOFT,14.000000,True,Audi,7806.868000,,1,9.000000,False,,False,True
2026,12,Dutch Grand Prix,R,7962.029000,HUL,27,hulkenberg,audi,77.917000,34.000000,3.000000,,,26.309000,28.286000,23.322000,7912.025000,7940.311000,7963.633000,270.000000,273.000000,312.000000,304.000000,False,SOFT,15.000000,True,Audi,7884.112000,,1,8.000000,False,,False,True
2026,12,Dutch Grand Prix,R,8039.425000,HUL,27,hulkenberg,audi,77.396000,35.000000,3.000000,,,26.250000,27.903000,23.243000,7989.883000,8017.786000,8041.029000,273.000000,276.000000,315.000000,295.000000,False,SOFT,16.000000,True,Audi,7962.029000,,1,8.000000,False,,False,True
2026,12,Dutch Grand Prix,R,8117.092000,HUL,27,hulkenberg,audi,77.667000,36.000000,3.000000,,,26.349000,28.153000,23.165000,8067.378000,8095.531000,8118.696000,271.000000,272.000000,306.000000,302.000000,False,SOFT,17.000000,True,Audi,8039.425000,,1,8.000000,False,,False,True
2026,12,Dutch Grand Prix,R,8194.755000,HUL,27,hulkenberg,audi,77.663000,37.000000,3.000000,,,26.332000,28.134000,23.197000,8145.028000,8173.162000,8196.359000,272.000000,274.000000,317.000000,295.000000,False,SOFT,18.000000,True,Audi,8117.092000,,1,8.000000,False,,False,True
2026,12,Dutch Grand Prix,R,8272.440000,HUL,27,hulkenberg,audi,77.685000,38.000000,3.000000,,,26.230000,28.163000,23.292000,8222.589000,8250.752000,8274.044000,269.000000,269.000000,317.000000,305.000000,False,SOFT,19.000000,True,Audi,8194.755000,,1,8.000000,False,,False,True
2026,12,Dutch Grand Prix,R,8349.873000,HUL,27,hulkenberg,audi,77.433000,39.000000,3.000000,,,26.214000,28.156000,23.063000,8300.258000,8328.414000,8351.477000,269.000000,269.000000,316.000000,300.000000,False,SOFT,20.000000,True,Audi,8272.440000,,1,8.000000,False,,False,True
2026,12,Dutch Grand Prix,R,8427.833000,HUL,27,hulkenberg,audi,77.960000,40.000000,3.000000,,,26.483000,28.222000,23.255000,8377.960000,8406.182000,8429.437000,267.000000,270.000000,304.000000,302.000000,False,SOFT,21.000000,True,Audi,8349.873000,,1,8.000000,True,TRACK LIMITS AT TURN 3 LAP 40 ,False,True
2026,12,Dutch Grand Prix,R,8505.730000,HUL,27,hulkenberg,audi,77.897000,41.000000,3.000000,,,26.462000,28.137000,23.298000,8455.899000,8484.036000,8507.334000,271.000000,272.000000,305.000000,293.000000,False,SOFT,22.000000,True,Audi,8427.833000,,1,8.000000,False,,False,True
2026,12,Dutch Grand Prix,R,8583.522000,HUL,27,hulkenberg,audi,77.792000,42.000000,3.000000,,,26.355000,28.296000,23.141000,8533.689000,8561.985000,8585.126000,272.000000,272.000000,306.000000,294.000000,False,SOFT,23.000000,True,Audi,8505.730000,,1,8.000000,False,,False,True
2026,12,Dutch Grand Prix,R,8661.413000,HUL,27,hulkenberg,audi,77.891000,43.000000,3.000000,,,26.346000,28.299000,23.246000,8611.472000,8639.771000,8663.017000,272.000000,273.000000,307.000000,296.000000,False,SOFT,24.000000,True,Audi,8583.522000,,1,8.000000,False,,False,True
2026,12,Dutch Grand Prix,R,8739.381000,HUL,27,hulkenberg,audi,77.968000,44.000000,3.000000,,,26.479000,28.216000,23.273000,8689.496000,8717.712000,8740.985000,273.000000,272.000000,310.000000,296.000000,False,SOFT,25.000000,True,Audi,8661.413000,,1,8.000000,False,,False,True
2026,12,Dutch Grand Prix,R,8817.170000,HUL,27,hulkenberg,audi,77.789000,45.000000,3.000000,,,26.458000,28.115000,23.216000,8767.443000,8795.558000,8818.774000,277.000000,276.000000,308.000000,298.000000,False,SOFT,26.000000,True,Audi,8739.381000,,1,8.000000,False,,False,True
2026,12,Dutch Grand Prix,R,8894.996000,HUL,27,hulkenberg,audi,77.826000,46.000000,3.000000,,,26.325000,28.258000,23.243000,8845.099000,8873.357000,8896.600000,276.000000,274.000000,307.000000,296.000000,False,SOFT,27.000000,True,Audi,8817.170000,,1,8.000000,False,,False,True
2026,12,Dutch Grand Prix,R,8973.127000,HUL,27,hulkenberg,audi,78.131000,47.000000,3.000000,,,26.441000,28.321000,23.369000,8923.041000,8951.362000,8974.731000,278.000000,273.000000,307.000000,295.000000,False,SOFT,28.000000,True,Audi,8894.996000,,1,8.000000,False,,False,True
2026,12,Dutch Grand Prix,R,9054.163000,HUL,27,hulkenberg,audi,81.036000,48.000000,3.000000,,9054.552000,26.344000,28.442000,26.250000,9001.075000,9029.517000,9055.767000,276.000000,276.000000,,297.000000,False,SOFT,29.000000,True,Audi,8973.127000,,1,8.000000,False,,False,False
2026,12,Dutch Grand Prix,R,9147.527000,HUL,27,hulkenberg,audi,93.364000,49.000000,4.000000,9072.252000,,42.609000,27.785000,22.970000,9098.376000,9126.161000,9149.131000,286.000000,283.000000,312.000000,297.000000,False,HARD,1.000000,True,Audi,9054.163000,,1,8.000000,False,,False,False
2026,12,Dutch Grand Prix,R,9224.409000,HUL,27,hulkenberg,audi,76.882000,50.000000,4.000000,,,26.132000,27.730000,23.020000,9175.263000,9202.993000,9226.013000,275.000000,276.000000,309.000000,300.000000,True,HARD,2.000000,True,Audi,9147.527000,,1,8.000000,False,,False,True
2026,12,Dutch Grand Prix,R,9302.872000,HUL,27,hulkenberg,audi,78.463000,51.000000,4.000000,,,26.082000,28.703000,23.678000,9252.095000,9280.798000,9304.476000,275.000000,221.000000,327.000000,296.000000,False,HARD,3.000000,True,Audi,9224.409000,,1,8.000000,False,,False,True
2026,12,Dutch Grand Prix,R,9381.112000,HUL,27,hulkenberg,audi,78.240000,52.000000,4.000000,,,26.144000,29.005000,23.091000,9330.620000,9359.625000,9382.716000,282.000000,286.000000,315.000000,306.000000,False,HARD,4.000000,True,Audi,9302.872000,,1,8.000000,False,,False,True
2026,12,Dutch Grand Prix,R,9458.052000,HUL,27,hulkenberg,audi,76.940000,53.000000,4.000000,,,26.167000,27.883000,22.890000,9408.883000,9436.766000,9459.656000,278.000000,277.000000,312.000000,302.000000,False,HARD,5.000000,True,Audi,9381.112000,,12,8.000000,False,,False,True
2026,12,Dutch Grand Prix,R,9558.991000,HUL,27,hulkenberg,audi,100.939000,54.000000,4.000000,,,31.994000,37.513000,31.432000,9491.650000,9529.163000,9560.595000,209.000000,168.000000,269.000000,301.000000,False,HARD,6.000000,True,Audi,9458.052000,,26,8.000000,False,,False,False
2026,12,Dutch Grand Prix,R,9661.550000,HUL,27,hulkenberg,audi,102.559000,55.000000,4.000000,,,35.241000,35.215000,32.103000,9595.836000,9631.051000,9663.154000,214.000000,227.000000,212.000000,233.000000,False,HARD,7.000000,True,Audi,9558.991000,,6,8.000000,False,,False,False
2026,12,Dutch Grand Prix,R,9755.675000,HUL,27,hulkenberg,audi,94.125000,56.000000,4.000000,,,33.793000,37.102000,23.230000,9696.947000,9734.049000,9757.279000,249.000000,266.000000,316.000000,266.000000,False,HARD,8.000000,True,Audi,9661.550000,,671,8.000000,False,,False,False
2026,12,Dutch Grand Prix,R,9834.664000,HUL,27,hulkenberg,audi,78.989000,57.000000,4.000000,,,26.277000,29.199000,23.513000,9783.556000,9812.755000,9836.268000,238.000000,247.000000,325.000000,301.000000,False,HARD,9.000000,True,Audi,9755.675000,,1,8.000000,False,,False,True
2026,12,Dutch Grand Prix,R,9911.025000,HUL,27,hulkenberg,audi,76.361000,58.000000,4.000000,,,26.001000,27.450000,22.910000,9862.269000,9889.719000,9912.629000,283.000000,281.000000,311.000000,308.000000,True,HARD,10.000000,True,Audi,9834.664000,,1,8.000000,False,,False,True
2026,12,Dutch Grand Prix,R,9987.437000,HUL,27,hulkenberg,audi,76.412000,59.000000,4.000000,,,26.018000,27.441000,22.953000,9938.647000,9966.088000,9989.041000,278.000000,278.000000,311.000000,300.000000,False,HARD,11.000000,True,Audi,9911.025000,,1,8.000000,False,,False,True
2026,12,Dutch Grand Prix,R,10065.571000,HUL,27,hulkenberg,audi,78.134000,60.000000,4.000000,,,26.365000,28.612000,23.157000,10015.406000,10044.018000,10067.175000,249.000000,283.000000,310.000000,302.000000,False,HARD,12.000000,True,Audi,9987.437000,,1,8.000000,False,,False,True
2026,12,Dutch Grand Prix,R,10141.636000,HUL,27,hulkenberg,audi,76.065000,61.000000,4.000000,,,26.077000,27.273000,22.715000,10093.252000,10120.525000,10143.240000,276.000000,278.000000,308.000000,300.000000,True,HARD,13.000000,True,Audi,10065.571000,,1,8.000000,False,,False,True
2026,12,Dutch Grand Prix,R,10217.684000,HUL,27,hulkenberg,audi,76.048000,62.000000,4.000000,,,25.983000,27.319000,22.746000,10169.223000,10196.542000,10219.288000,275.000000,277.000000,308.000000,298.000000,True,HARD,14.000000,True,Audi,10141.636000,,1,8.000000,False,,False,True
2026,12,Dutch Grand Prix,R,10293.736000,HUL,27,hulkenberg,audi,76.052000,63.000000,4.000000,,,25.920000,27.382000,22.750000,10245.208000,10272.590000,10295.340000,274.000000,276.000000,309.000000,298.000000,False,HARD,15.000000,True,Audi,10217.684000,,1,8.000000,False,,False,True
2026,12,Dutch Grand Prix,R,10369.931000,HUL,27,hulkenberg,audi,76.195000,64.000000,4.000000,,,26.009000,27.356000,22.830000,10321.349000,10348.705000,10371.535000,277.000000,277.000000,311.000000,298.000000,False,HARD,16.000000,True,Audi,10293.736000,,1,8.000000,False,,False,True
2026,12,Dutch Grand Prix,R,10446.065000,HUL,27,hulkenberg,audi,76.134000,65.000000,4.000000,,,25.993000,27.236000,22.905000,10397.528000,10424.764000,10447.669000,278.000000,277.000000,311.000000,300.000000,False,HARD,17.000000,True,Audi,10369.931000,,1,8.000000,False,,False,True
2026,12,Dutch Grand Prix,R,10522.666000,HUL,27,hulkenberg,audi,76.601000,66.000000,4.000000,,,26.123000,27.520000,22.958000,10473.792000,10501.312000,10524.270000,278.000000,277.000000,311.000000,298.000000,False,HARD,18.000000,True,Audi,10446.065000,,1,8.000000,False,,False,True
2026,12,Dutch Grand Prix,R,10599.439000,HUL,27,hulkenberg,audi,76.773000,67.000000,4.000000,,,26.185000,27.669000,22.919000,10550.455000,10578.124000,10601.043000,278.000000,277.000000,310.000000,300.000000,False,HARD,19.000000,True,Audi,10522.666000,,1,8.000000,False,,False,True
2026,12,Dutch Grand Prix,R,10683.619000,HUL,27,hulkenberg,audi,84.180000,68.000000,4.000000,,,25.987000,27.501000,30.692000,10627.030000,10654.531000,10685.223000,279.000000,276.000000,270.000000,299.000000,False,HARD,20.000000,True,Audi,10599.439000,,16,8.000000,False,,False,False
2026,12,Dutch Grand Prix,R,10770.748000,HUL,27,hulkenberg,audi,87.129000,69.000000,4.000000,,,35.544000,28.477000,23.108000,10720.767000,10749.244000,10772.352000,229.000000,281.000000,289.000000,243.000000,False,HARD,21.000000,True,Audi,10683.619000,,671,8.000000,False,,False,False
2026,12,Dutch Grand Prix,R,10849.045000,HUL,27,hulkenberg,audi,78.297000,70.000000,4.000000,,,27.720000,27.649000,22.928000,10800.072000,10827.721000,10850.649000,292.000000,284.000000,317.000000,218.000000,False,HARD,22.000000,True,Audi,10770.748000,,1,8.000000,False,,False,True
2026,12,Dutch Grand Prix,R,10925.362000,HUL,27,hulkenberg,audi,76.317000,71.000000,4.000000,,,25.921000,27.451000,22.945000,10876.570000,10904.021000,10926.966000,280.000000,279.000000,294.000000,300.000000,False,HARD,23.000000,True,Audi,10849.045000,,1,8.000000,False,,False,True
2026,12,Dutch Grand Prix,R,3488.742000,VER,3,max_verstappen,red_bull,,1.000000,1.000000,,,,,,,,,,,,,False,SOFT,1.000000,True,Red Bull Racing,3405.791000,,1,,False,,True,False
2026,12,Dutch Grand Prix,R,3495.021000,LAW,30,lawson,red_bull,90.598000,1.000000,1.000000,,,,28.808000,27.475000,,3469.368000,3496.647000,281.000000,278.000000,305.000000,205.000000,False,SOFT,4.000000,False,Red Bull Racing,3405.791000,,12,7.000000,False,,False,False
2026,12,Dutch Grand Prix,R,3628.195000,LAW,30,lawson,red_bull,133.174000,2.000000,1.000000,,3628.072000,27.953000,46.317000,58.904000,3524.600000,3570.917000,3629.821000,285.000000,136.000000,,256.000000,False,SOFT,5.000000,False,Red Bull Racing,3495.021000,,25,7.000000,False,,False,False
2026,12,Dutch Grand Prix,R,5386.650000,LAW,30,lawson,red_bull,,3.000000,2.000000,5204.951000,,,30.075000,,,5269.919000,,235.000000,212.000000,1.000000,256.000000,False,SOFT,1.000000,False,Red Bull Racing,5177.312000,,12,7.000000,False,,False,False
2026,12,Dutch Grand Prix,R,5568.241000,LAW,30,lawson,red_bull,,4.000000,2.000000,,,57.466000,31.970000,92.535000,5445.417000,5477.435000,5570.300000,241.000000,190.000000,2.000000,111.000000,False,SOFT,2.000000,False,Red Bull Racing,5386.650000,,21,7.000000,False,,False,False
2026,12,Dutch Grand Prix,R,5661.893000,LAW,30,lawson,red_bull,93.652000,5.000000,2.000000,,,40.858000,28.869000,23.925000,5610.725000,5639.594000,5663.519000,281.000000,276.000000,304.000000,229.000000,True,SOFT,3.000000,False,Red Bull Racing,5568.241000,,12,7.000000,False,,False,True
2026,12,Dutch Grand Prix,R,5740.540000,LAW,30,lawson,red_bull,78.647000,6.000000,2.000000,,,26.918000,28.239000,23.490000,5690.437000,5718.676000,5742.166000,280.000000,274.000000,319.000000,290.000000,True,SOFT,4.000000,False,Red Bull Racing,5661.893000,,1,7.000000,False,,False,True
2026,12,Dutch Grand Prix,R,5818.628000,LAW,30,lawson,red_bull,78.088000,7.000000,2.000000,,,26.604000,28.103000,23.381000,5768.770000,5796.873000,5820.254000,281.000000,273.000000,319.000000,291.000000,True,SOFT,5.000000,False,Red Bull Racing,5740.540000,,1,7.000000,False,,False,True
2026,12,Dutch Grand Prix,R,5896.389000,LAW,30,lawson,red_bull,77.761000,8.000000,2.000000,,,26.414000,28.063000,23.284000,5846.668000,5874.731000,5898.015000,284.000000,273.000000,321.000000,295.000000,True,SOFT,6.000000,False,Red Bull Racing,5818.628000,,1,7.000000,False,,False,True
2026,12,Dutch Grand Prix,R,5974.015000,LAW,30,lawson,red_bull,77.626000,9.000000,2.000000,,,26.274000,28.085000,23.267000,5924.289000,5952.374000,5975.641000,282.000000,273.000000,316.000000,299.000000,True,SOFT,7.000000,False,Red Bull Racing,5896.389000,,1,7.000000,False,,False,True
2026,12,Dutch Grand Prix,R,6051.803000,LAW,30,lawson,red_bull,77.788000,10.000000,2.000000,,,26.432000,28.097000,23.259000,6002.073000,6030.170000,6053.429000,285.000000,273.000000,322.000000,297.000000,False,SOFT,8.000000,False,Red Bull Racing,5974.015000,,1,7.000000,False,,False,True
2026,12,Dutch Grand Prix,R,6129.708000,LAW,30,lawson,red_bull,77.905000,11.000000,2.000000,,,26.372000,28.204000,23.329000,6079.801000,6108.005000,6131.334000,284.000000,272.000000,315.000000,303.000000,False,SOFT,9.000000,False,Red Bull Racing,6051.803000,,1,7.000000,False,,False,True
2026,12,Dutch Grand Prix,R,6207.693000,LAW,30,lawson,red_bull,77.985000,12.000000,2.000000,,,26.425000,28.240000,23.320000,6157.759000,6185.999000,6209.319000,283.000000,271.000000,320.000000,293.000000,False,SOFT,10.000000,False,Red Bull Racing,6129.708000,,1,7.000000,False,,False,True
2026,12,Dutch Grand Prix,R,6285.582000,LAW,30,lawson,red_bull,77.889000,13.000000,2.000000,,,26.395000,28.260000,23.234000,6235.714000,6263.974000,6287.208000,284.000000,272.000000,319.000000,304.000000,False,SOFT,11.000000,False,Red Bull Racing,6207.693000,,1,7.000000,False,,False,True
2026,12,Dutch Grand Prix,R,6363.934000,LAW,30,lawson,red_bull,78.352000,14.000000,2.000000,,,26.553000,28.285000,23.514000,6313.761000,6342.046000,6365.560000,282.000000,270.000000,318.000000,300.000000,False,SOFT,12.000000,False,Red Bull Racing,6285.582000,,1,7.000000,False,,False,True
2026,12,Dutch Grand Prix,R,6441.901000,LAW,30,lawson,red_bull,77.967000,15.000000,2.000000,,,26.332000,28.191000,23.444000,6391.892000,6420.083000,6443.527000,284.000000,272.000000,313.000000,294.000000,False,SOFT,13.000000,False,Red Bull Racing,6363.934000,,1,7.000000,False,,False,True
2026,12,Dutch Grand Prix,R,6520.272000,LAW,30,lawson,red_bull,78.371000,16.000000,2.000000,,,26.596000,28.325000,23.450000,6470.123000,6498.448000,6521.898000,285.000000,272.000000,318.000000,295.000000,False,SOFT,14.000000,False,Red Bull Racing,6441.901000,,1,7.000000,False,,False,True
2026,12,Dutch Grand Prix,R,6598.506000,LAW,30,lawson,red_bull,78.234000,17.000000,2.000000,,,26.430000,28.336000,23.468000,6548.328000,6576.664000,6600.132000,283.000000,273.000000,313.000000,298.000000,False,SOFT,15.000000,False,Red Bull Racing,6520.272000,,1,7.000000,False,,False,True
2026,12,Dutch Grand Prix,R,6677.256000,LAW,30,lawson,red_bull,78.750000,18.000000,2.000000,,,26.612000,28.532000,23.606000,6626.744000,6655.276000,6678.882000,283.000000,272.000000,319.000000,297.000000,False,SOFT,16.000000,False,Red Bull Racing,6598.506000,,1,6.000000,False,,False,True
2026,12,Dutch Grand Prix,R,6756.256000,LAW,30,lawson,red_bull,79.000000,19.000000,2.000000,,,26.751000,28.571000,23.678000,6705.633000,6734.204000,6757.882000,284.000000,270.000000,313.000000,297.000000,False,SOFT,17.000000,False,Red Bull Racing,6677.256000,,1,5.000000,False,,False,True
2026,12,Dutch Grand Prix,R,6834.993000,LAW,30,lawson,red_bull,78.737000,20.000000,2.000000,,,26.673000,28.516000,23.548000,6784.555000,6813.071000,6836.619000,284.000000,271.000000,314.000000,298.000000,False,SOFT,18.000000,False,Red Bull Racing,6756.256000,,1,5.000000,False,,False,True
2026,12,Dutch Grand Prix,R,6916.983000,LAW,30,lawson,red_bull,81.990000,21.000000,2.000000,,6917.501000,26.755000,28.384000,26.851000,6863.374000,6891.758000,6918.609000,283.000000,288.000000,,298.000000,False,SOFT,19.000000,False,Red Bull Racing,6834.993000,,1,7.000000,False,,False,False
2026,12,Dutch Grand Prix,R,7011.740000,LAW,30,lawson,red_bull,94.757000,22.000000,3.000000,6935.955000,,43.555000,27.856000,23.346000,6962.164000,6990.020000,7013.366000,282.000000,274.000000,337.000000,298.000000,False,MEDIUM,1.000000,True,Red Bull Racing,6916.983000,,1,9.000000,False,,False,False
2026,12,Dutch Grand Prix,R,7089.989000,LAW,30,lawson,red_bull,78.249000,23.000000,3.000000,,,26.308000,28.038000,23.903000,7039.674000,7067.712000,7091.615000,284.000000,263.000000,331.000000,293.000000,False,MEDIUM,2.000000,True,Red Bull Racing,7011.740000,,1,8.000000,False,,False,True
2026,12,Dutch Grand Prix,R,7167.223000,LAW,30,lawson,red_bull,77.234000,24.000000,3.000000,,,26.445000,27.603000,23.186000,7118.060000,7145.663000,7168.849000,277.000000,272.000000,318.000000,307.000000,True,MEDIUM,3.000000,True,Red Bull Racing,7089.989000,,1,7.000000,False,,False,True
2026,12,Dutch Grand Prix,R,7244.017000,LAW,30,lawson,red_bull,76.794000,25.000000,3.000000,,,26.116000,27.624000,23.054000,7194.965000,7222.589000,7245.643000,280.000000,270.000000,310.000000,300.000000,True,MEDIUM,4.000000,True,Red Bull Racing,7167.223000,,1,7.000000,False,,False,True
2026,12,Dutch Grand Prix,R,7320.872000,LAW,30,lawson,red_bull,76.855000,26.000000,3.000000,,,26.217000,27.636000,23.002000,7271.860000,7299.496000,7322.498000,284.000000,271.000000,313.000000,295.000000,False,MEDIUM,5.000000,True,Red Bull Racing,7244.017000,,1,7.000000,False,,False,True
2026,12,Dutch Grand Prix,R,7397.724000,LAW,30,lawson,red_bull,76.852000,27.000000,3.000000,,,26.290000,27.540000,23.022000,7348.788000,7376.328000,7399.350000,282.000000,271.000000,312.000000,292.000000,False,MEDIUM,6.000000,True,Red Bull Racing,7320.872000,,1,7.000000,False,,False,True
2026,12,Dutch Grand Prix,R,7474.651000,LAW,30,lawson,red_bull,76.927000,28.000000,3.000000,,,26.329000,27.564000,23.034000,7425.679000,7453.243000,7476.277000,282.000000,272.000000,313.000000,296.000000,False,MEDIUM,7.000000,True,Red Bull Racing,7397.724000,,1,7.000000,False,,False,True
2026,12,Dutch Grand Prix,R,7551.732000,LAW,30,lawson,red_bull,77.081000,29.000000,3.000000,,,26.267000,27.730000,23.084000,7502.544000,7530.274000,7553.358000,283.000000,270.000000,313.000000,298.000000,False,MEDIUM,8.000000,True,Red Bull Racing,7474.651000,,1,7.000000,False,,False,True
2026,12,Dutch Grand Prix,R,7628.858000,LAW,30,lawson,red_bull,77.126000,30.000000,3.000000,,,26.282000,27.839000,23.005000,7579.640000,7607.479000,7630.484000,284.000000,273.000000,313.000000,295.000000,False,MEDIUM,9.000000,True,Red Bull Racing,7551.732000,,1,7.000000,False,,False,True
2026,12,Dutch Grand Prix,R,7706.035000,LAW,30,lawson,red_bull,77.177000,31.000000,3.000000,,,26.246000,27.841000,23.090000,7656.730000,7684.571000,7707.661000,284.000000,273.000000,313.000000,295.000000,False,MEDIUM,10.000000,True,Red Bull Racing,7628.858000,,1,7.000000,False,,False,True
2026,12,Dutch Grand Prix,R,7782.876000,LAW,30,lawson,red_bull,76.841000,32.000000,3.000000,,,26.198000,27.730000,22.913000,7733.859000,7761.589000,7784.502000,284.000000,274.000000,317.000000,300.000000,False,MEDIUM,11.000000,True,Red Bull Racing,7706.035000,,1,7.000000,False,,False,True
2026,12,Dutch Grand Prix,R,7859.860000,LAW,30,lawson,red_bull,76.984000,33.000000,3.000000,,,26.171000,27.750000,23.063000,7810.673000,7838.423000,7861.486000,284.000000,273.000000,318.000000,300.000000,False,MEDIUM,12.000000,True,Red Bull Racing,7782.876000,,1,7.000000,False,,False,True
2026,12,Dutch Grand Prix,R,7936.853000,LAW,30,lawson,red_bull,76.993000,34.000000,3.000000,,,26.255000,27.809000,22.929000,7887.741000,7915.550000,7938.479000,284.000000,274.000000,317.000000,302.000000,False,MEDIUM,13.000000,True,Red Bull Racing,7859.860000,,1,7.000000,False,,False,True
2026,12,Dutch Grand Prix,R,8014.388000,LAW,30,lawson,red_bull,77.535000,35.000000,3.000000,,,26.414000,27.908000,23.213000,7964.893000,7992.801000,8016.014000,285.000000,273.000000,320.000000,298.000000,False,MEDIUM,14.000000,True,Red Bull Racing,7936.853000,,1,7.000000,False,,False,True
2026,12,Dutch Grand Prix,R,8091.978000,LAW,30,lawson,red_bull,77.590000,36.000000,3.000000,,,26.390000,27.996000,23.204000,8042.404000,8070.400000,8093.604000,285.000000,275.000000,321.000000,298.000000,False,MEDIUM,15.000000,True,Red Bull Racing,8014.388000,,1,7.000000,False,,False,True
2026,12,Dutch Grand Prix,R,8169.498000,LAW,30,lawson,red_bull,77.520000,37.000000,3.000000,,,26.408000,27.982000,23.130000,8120.012000,8147.994000,8171.124000,286.000000,274.000000,319.000000,301.000000,False,MEDIUM,16.000000,True,Red Bull Racing,8091.978000,,1,7.000000,False,,False,True
2026,12,Dutch Grand Prix,R,8246.870000,LAW,30,lawson,red_bull,77.372000,38.000000,3.000000,,,26.215000,27.930000,23.227000,8197.339000,8225.269000,8248.496000,287.000000,274.000000,319.000000,301.000000,False,MEDIUM,17.000000,True,Red Bull Racing,8169.498000,,1,7.000000,False,,False,True
2026,12,Dutch Grand Prix,R,8324.456000,LAW,30,lawson,red_bull,77.586000,39.000000,3.000000,,,26.402000,27.897000,23.287000,8274.898000,8302.795000,8326.082000,286.000000,274.000000,321.000000,299.000000,False,MEDIUM,18.000000,True,Red Bull Racing,8246.870000,,1,7.000000,False,,False,True
2026,12,Dutch Grand Prix,R,8401.801000,LAW,30,lawson,red_bull,77.345000,40.000000,3.000000,,,26.184000,27.894000,23.267000,8352.266000,8380.160000,8403.427000,287.000000,274.000000,322.000000,302.000000,False,MEDIUM,19.000000,True,Red Bull Racing,8324.456000,,1,7.000000,False,,False,True
2026,12,Dutch Grand Prix,R,8479.345000,LAW,30,lawson,red_bull,77.544000,41.000000,3.000000,,,26.517000,27.894000,23.133000,8429.944000,8457.838000,8480.971000,286.000000,275.000000,321.000000,308.000000,False,MEDIUM,20.000000,True,Red Bull Racing,8401.801000,,1,7.000000,False,,False,True
2026,12,Dutch Grand Prix,R,8556.685000,LAW,30,lawson,red_bull,77.340000,42.000000,3.000000,,,26.172000,27.920000,23.248000,8507.143000,8535.063000,8558.311000,286.000000,276.000000,320.000000,303.000000,False,MEDIUM,21.000000,True,Red Bull Racing,8479.345000,,1,7.000000,False,,False,True
2026,12,Dutch Grand Prix,R,8634.354000,LAW,30,lawson,red_bull,77.669000,43.000000,3.000000,,,26.281000,28.053000,23.335000,8584.592000,8612.645000,8635.980000,288.000000,275.000000,320.000000,302.000000,False,MEDIUM,22.000000,True,Red Bull Racing,8556.685000,,1,7.000000,False,,False,True
2026,12,Dutch Grand Prix,R,8712.012000,LAW,30,lawson,red_bull,77.658000,44.000000,3.000000,,,26.215000,28.030000,23.413000,8662.195000,8690.225000,8713.638000,286.000000,276.000000,322.000000,307.000000,False,MEDIUM,23.000000,True,Red Bull Racing,8634.354000,,1,7.000000,False,,False,True
2026,12,Dutch Grand Prix,R,8789.989000,LAW,30,lawson,red_bull,77.977000,45.000000,3.000000,,,26.374000,28.219000,23.384000,8740.012000,8768.231000,8791.615000,286.000000,276.000000,323.000000,304.000000,False,MEDIUM,24.000000,True,Red Bull Racing,8712.012000,,1,6.000000,False,,False,True
2026,12,Dutch Grand Prix,R,8868.683000,LAW,30,lawson,red_bull,78.694000,46.000000,3.000000,,,26.923000,28.410000,23.361000,8818.538000,8846.948000,8870.309000,290.000000,277.000000,319.000000,294.000000,False,MEDIUM,25.000000,True,Red Bull Racing,8789.989000,,1,7.000000,False,,False,True
2026,12,Dutch Grand Prix,R,8949.955000,LAW,30,lawson,red_bull,81.272000,47.000000,3.000000,,8950.396000,26.433000,28.280000,26.559000,8896.742000,8925.022000,8951.581000,288.000000,286.000000,,302.000000,False,MEDIUM,26.000000,True,Red Bull Racing,8868.683000,,1,7.000000,False,,False,False
2026,12,Dutch Grand Prix,R,9043.356000,LAW,30,lawson,red_bull,93.401000,48.000000,4.000000,8968.574000,,43.029000,27.340000,23.032000,8994.610000,9021.950000,9044.982000,282.000000,271.000000,312.000000,302.000000,False,MEDIUM,1.000000,True,Red Bull Racing,8949.955000,,1,7.000000,False,,False,False
2026,12,Dutch Grand Prix,R,9119.157000,LAW,30,lawson,red_bull,75.801000,49.000000,4.000000,,,25.815000,27.245000,22.741000,9070.797000,9098.042000,9120.783000,287.000000,274.000000,319.000000,298.000000,True,MEDIUM,2.000000,True,Red Bull Racing,9043.356000,,1,7.000000,False,,False,True
2026,12,Dutch Grand Prix,R,9194.735000,LAW,30,lawson,red_bull,75.578000,50.000000,4.000000,,,25.761000,27.153000,22.664000,9146.544000,9173.697000,9196.361000,286.000000,276.000000,320.000000,304.000000,True,MEDIUM,3.000000,True,Red Bull Racing,9119.157000,,1,7.000000,False,,False,True
2026,12,Dutch Grand Prix,R,9271.648000,LAW,30,lawson,red_bull,76.913000,51.000000,4.000000,,,25.987000,27.911000,23.015000,9222.348000,9250.259000,9273.274000,287.000000,276.000000,320.000000,300.000000,False,MEDIUM,4.000000,True,Red Bull Racing,9194.735000,,1,7.000000,False,,False,True
2026,12,Dutch Grand Prix,R,9347.697000,LAW,30,lawson,red_bull,76.049000,52.000000,4.000000,,,25.881000,27.325000,22.843000,9299.155000,9326.480000,9349.323000,286.000000,277.000000,323.000000,301.000000,False,MEDIUM,5.000000,True,Red Bull Racing,9271.648000,,1,7.000000,False,,False,True
2026,12,Dutch Grand Prix,R,9424.145000,LAW,30,lawson,red_bull,76.448000,53.000000,4.000000,,,25.927000,27.662000,22.859000,9375.250000,9402.912000,9425.771000,288.000000,277.000000,319.000000,304.000000,False,MEDIUM,6.000000,True,Red Bull Racing,9347.697000,,1,7.000000,False,,False,True
2026,12,Dutch Grand Prix,R,9514.495000,LAW,30,lawson,red_bull,90.350000,54.000000,4.000000,,,25.911000,31.811000,32.628000,9451.682000,9483.493000,9516.121000,285.000000,212.000000,257.000000,300.000000,False,MEDIUM,7.000000,True,Red Bull Racing,9424.145000,,126,7.000000,False,,False,False
2026,12,Dutch Grand Prix,R,9617.732000,LAW,30,lawson,red_bull,103.237000,55.000000,4.000000,,,35.742000,34.735000,32.760000,9551.863000,9586.598000,9619.358000,278.000000,216.000000,247.000000,256.000000,False,MEDIUM,8.000000,True,Red Bull Racing,9514.495000,,6,7.000000,False,,False,False
2026,12,Dutch Grand Prix,R,9720.129000,LAW,30,lawson,red_bull,102.397000,56.000000,4.000000,,,36.067000,34.670000,31.660000,9655.425000,9690.095000,9721.755000,257.000000,184.000000,239.000000,266.000000,False,MEDIUM,9.000000,True,Red Bull Racing,9617.732000,,67,7.000000,False,,False,False
2026,12,Dutch Grand Prix,R,9797.908000,LAW,30,lawson,red_bull,77.779000,57.000000,4.000000,,,28.288000,26.913000,22.578000,9750.043000,9776.956000,9799.534000,294.000000,284.000000,324.000000,239.000000,False,MEDIUM,10.000000,True,Red Bull Racing,9720.129000,,71,7.000000,False,,False,False
2026,12,Dutch Grand Prix,R,9874.098000,LAW,30,lawson,red_bull,76.190000,58.000000,4.000000,,,25.738000,27.451000,23.001000,9825.272000,9852.723000,9875.724000,283.000000,277.000000,319.000000,312.000000,False,MEDIUM,11.000000,True,Red Bull Racing,9797.908000,,1,7.000000,False,,False,True
2026,12,Dutch Grand Prix,R,9950.173000,LAW,30,lawson,red_bull,76.075000,59.000000,4.000000,,,26.126000,27.204000,22.745000,9901.850000,9929.054000,9951.799000,291.000000,277.000000,323.000000,273.000000,False,MEDIUM,12.000000,True,Red Bull Racing,9874.098000,,1,7.000000,False,,False,True
2026,12,Dutch Grand Prix,R,10026.669000,LAW,30,lawson,red_bull,76.496000,60.000000,4.000000,,,25.648000,28.044000,22.804000,9977.447000,10005.491000,10028.295000,291.000000,274.000000,319.000000,311.000000,False,MEDIUM,13.000000,True,Red Bull Racing,9950.173000,,1,7.000000,False,,False,True
2026,12,Dutch Grand Prix,R,10102.104000,LAW,30,lawson,red_bull,75.435000,61.000000,4.000000,,,25.654000,27.096000,22.685000,10053.949000,10081.045000,10103.730000,288.000000,276.000000,318.000000,304.000000,True,MEDIUM,14.000000,True,Red Bull Racing,10026.669000,,1,7.000000,False,,False,True
2026,12,Dutch Grand Prix,R,10178.362000,LAW,30,lawson,red_bull,76.258000,62.000000,4.000000,,,26.055000,27.366000,22.837000,10129.785000,10157.151000,10179.988000,289.000000,276.000000,320.000000,301.000000,False,MEDIUM,15.000000,True,Red Bull Racing,10102.104000,,1,7.000000,False,,False,True
2026,12,Dutch Grand Prix,R,10254.708000,LAW,30,lawson,red_bull,76.346000,63.000000,4.000000,,,26.010000,27.342000,22.994000,10205.998000,10233.340000,10256.334000,288.000000,276.000000,319.000000,299.000000,False,MEDIUM,16.000000,True,Red Bull Racing,10178.362000,,1,7.000000,False,,False,True
2026,12,Dutch Grand Prix,R,10330.744000,LAW,30,lawson,red_bull,76.036000,64.000000,4.000000,,,25.795000,27.350000,22.891000,10282.129000,10309.479000,10332.370000,287.000000,276.000000,318.000000,302.000000,False,MEDIUM,17.000000,True,Red Bull Racing,10254.708000,,1,7.000000,False,,False,True
2026,12,Dutch Grand Prix,R,10407.039000,LAW,30,lawson,red_bull,76.295000,65.000000,4.000000,,,25.939000,27.424000,22.932000,10358.309000,10385.733000,10408.665000,286.000000,274.000000,317.000000,300.000000,False,MEDIUM,18.000000,True,Red Bull Racing,10330.744000,,1,7.000000,False,,False,True
2026,12,Dutch Grand Prix,R,10483.230000,LAW,30,lawson,red_bull,76.191000,66.000000,4.000000,,,25.739000,27.394000,23.058000,10434.404000,10461.798000,10484.856000,288.000000,275.000000,320.000000,302.000000,False,MEDIUM,19.000000,True,Red Bull Racing,10407.039000,,1,7.000000,False,,False,True
2026,12,Dutch Grand Prix,R,10559.443000,LAW,30,lawson,red_bull,76.213000,67.000000,4.000000,,,25.896000,27.437000,22.880000,10510.752000,10538.189000,10561.069000,289.000000,276.000000,320.000000,299.000000,False,MEDIUM,20.000000,True,Red Bull Racing,10483.230000,,1,7.000000,False,,False,True
2026,12,Dutch Grand Prix,R,10635.640000,LAW,30,lawson,red_bull,76.197000,68.000000,4.000000,,,25.803000,27.502000,22.892000,10586.872000,10614.374000,10637.266000,288.000000,276.000000,321.000000,307.000000,False,MEDIUM,21.000000,True,Red Bull Racing,10559.443000,,1,7.000000,False,,False,True
2026,12,Dutch Grand Prix,R,10730.160000,LAW,30,lawson,red_bull,94.520000,69.000000,4.000000,,,28.792000,38.320000,27.408000,10666.058000,10704.378000,10731.786000,80.000000,187.000000,312.000000,297.000000,False,MEDIUM,22.000000,True,Red Bull Racing,10635.640000,,167,7.000000,False,,False,False
2026,12,Dutch Grand Prix,R,10806.463000,LAW,30,lawson,red_bull,76.303000,70.000000,4.000000,,,26.041000,27.389000,22.873000,10757.827000,10785.216000,10808.089000,276.000000,276.000000,320.000000,302.000000,False,MEDIUM,23.000000,True,Red Bull Racing,10730.160000,,1,7.000000,False,,False,True
2026,12,Dutch Grand Prix,R,10882.685000,LAW,30,lawson,red_bull,76.222000,71.000000,4.000000,,,25.827000,27.538000,22.857000,10833.916000,10861.454000,10884.311000,284.000000,275.000000,313.000000,303.000000,False,MEDIUM,24.000000,True,Red Bull Racing,10806.463000,,1,7.000000,False,,False,True
2026,12,Dutch Grand Prix,R,10959.228000,LAW,30,lawson,red_bull,76.543000,72.000000,4.000000,,,25.931000,27.603000,23.009000,10910.242000,10937.845000,10960.854000,289.000000,277.000000,297.000000,299.000000,False,MEDIUM,25.000000,True,Red Bull Racing,10882.685000,,1,7.000000,False,,False,True
2026,12,Dutch Grand Prix,R,3501.088000,OCO,31,ocon,haas,96.553000,1.000000,1.000000,,,,29.977000,30.057000,,3472.711000,3502.778000,273.000000,266.000000,276.000000,189.000000,False,MEDIUM,1.000000,True,Haas F1 Team,3405.791000,,12,14.000000,False,,False,False
2026,12,Dutch Grand Prix,R,3647.710000,OCO,31,ocon,haas,146.622000,2.000000,1.000000,,3646.878000,32.639000,45.273000,68.710000,3535.324000,3580.597000,3649.307000,116.000000,145.000000,,252.000000,False,MEDIUM,2.000000,True,Haas F1 Team,3501.088000,,25,13.000000,False,,False,False
2026,12,Dutch Grand Prix,R,5416.738000,OCO,31,ocon,haas,,3.000000,2.000000,5231.692000,,,30.244000,,,5293.659000,,263.000000,211.000000,48.000000,252.000000,False,SOFT,4.000000,False,Haas F1 Team,5177.312000,,12,13.000000,False,,False,False
2026,12,Dutch Grand Prix,R,5580.061000,OCO,31,ocon,haas,,4.000000,2.000000,,,41.477000,30.560000,91.399000,5459.795000,5490.341000,5581.995000,268.000000,201.000000,98.000000,111.000000,False,SOFT,5.000000,False,Haas F1 Team,5416.738000,,1,13.000000,False,,False,False
2026,12,Dutch Grand Prix,R,5665.355000,OCO,31,ocon,haas,85.294000,5.000000,2.000000,,,31.094000,29.646000,24.554000,5612.752000,5642.398000,5666.952000,270.000000,287.000000,332.000000,206.000000,True,SOFT,6.000000,False,Haas F1 Team,5580.061000,,12,15.000000,False,,False,True
2026,12,Dutch Grand Prix,R,5745.012000,OCO,31,ocon,haas,79.657000,6.000000,2.000000,,,27.272000,28.649000,23.736000,5694.224000,5722.873000,5746.609000,273.000000,266.000000,331.000000,297.000000,True,SOFT,7.000000,False,Haas F1 Team,5665.355000,,1,13.000000,False,,False,True
2026,12,Dutch Grand Prix,R,5824.213000,OCO,31,ocon,haas,79.201000,7.000000,2.000000,,,26.966000,28.763000,23.472000,5773.575000,5802.338000,5825.810000,274.000000,266.000000,330.000000,291.000000,True,SOFT,8.000000,False,Haas F1 Team,5745.012000,,1,13.000000,False,,False,True
2026,12,Dutch Grand Prix,R,5903.237000,OCO,31,ocon,haas,79.024000,8.000000,2.000000,,,26.841000,28.659000,23.524000,5852.651000,5881.310000,5904.834000,276.000000,272.000000,328.000000,297.000000,True,SOFT,9.000000,False,Haas F1 Team,5824.213000,,1,12.000000,False,,False,True
2026,12,Dutch Grand Prix,R,5982.031000,OCO,31,ocon,haas,78.794000,9.000000,2.000000,,,26.704000,28.701000,23.389000,5931.538000,5960.239000,5983.628000,278.000000,271.000000,326.000000,304.000000,True,SOFT,10.000000,False,Haas F1 Team,5903.237000,,1,12.000000,False,,False,True
2026,12,Dutch Grand Prix,R,6061.064000,OCO,31,ocon,haas,79.033000,10.000000,2.000000,,,26.726000,28.860000,23.447000,6010.354000,6039.214000,6062.661000,278.000000,271.000000,330.000000,306.000000,False,SOFT,11.000000,False,Haas F1 Team,5982.031000,,1,12.000000,False,,False,True
2026,12,Dutch Grand Prix,R,6140.209000,OCO,31,ocon,haas,79.145000,11.000000,2.000000,,,26.806000,28.796000,23.543000,6089.467000,6118.263000,6141.806000,278.000000,270.000000,327.000000,299.000000,False,SOFT,12.000000,False,Haas F1 Team,6061.064000,,1,12.000000,False,,False,True
2026,12,Dutch Grand Prix,R,6219.515000,OCO,31,ocon,haas,79.306000,12.000000,2.000000,,,26.802000,28.847000,23.657000,6168.608000,6197.455000,6221.112000,281.000000,271.000000,326.000000,291.000000,False,SOFT,13.000000,False,Haas F1 Team,6140.209000,,1,12.000000,False,,False,True
2026,12,Dutch Grand Prix,R,6298.923000,OCO,31,ocon,haas,79.408000,13.000000,2.000000,,,26.825000,28.958000,23.625000,6247.937000,6276.895000,6300.520000,280.000000,267.000000,319.000000,298.000000,False,SOFT,14.000000,False,Haas F1 Team,6219.515000,,1,12.000000,False,,False,True
2026,12,Dutch Grand Prix,R,6378.180000,OCO,31,ocon,haas,79.257000,14.000000,2.000000,,,26.725000,28.878000,23.654000,6327.245000,6356.123000,6379.777000,279.000000,269.000000,315.000000,298.000000,False,SOFT,15.000000,False,Haas F1 Team,6298.923000,,1,12.000000,False,,False,True
2026,12,Dutch Grand Prix,R,6457.424000,OCO,31,ocon,haas,79.244000,15.000000,2.000000,,,26.758000,28.946000,23.540000,6406.535000,6435.481000,6459.021000,271.000000,279.000000,324.000000,295.000000,False,SOFT,16.000000,False,Haas F1 Team,6378.180000,,1,12.000000,False,,False,True
2026,12,Dutch Grand Prix,R,6540.151000,OCO,31,ocon,haas,82.727000,16.000000,2.000000,,6540.596000,26.934000,28.979000,26.814000,6485.955000,6514.934000,6541.748000,272.000000,278.000000,,297.000000,False,SOFT,17.000000,False,Haas F1 Team,6457.424000,,1,13.000000,False,,False,False
2026,12,Dutch Grand Prix,R,6635.024000,OCO,31,ocon,haas,94.873000,17.000000,3.000000,6559.180000,,43.555000,27.899000,23.419000,6585.303000,6613.202000,6636.621000,281.000000,270.000000,317.000000,297.000000,False,HARD,1.000000,True,Haas F1 Team,6540.151000,,1,19.000000,False,,False,False
2026,12,Dutch Grand Prix,R,6713.478000,OCO,31,ocon,haas,78.454000,18.000000,3.000000,,,26.520000,28.271000,23.663000,6663.141000,6691.412000,6715.075000,270.000000,271.000000,318.000000,304.000000,True,HARD,2.000000,True,Haas F1 Team,6635.024000,,1,19.000000,False,,False,True
2026,12,Dutch Grand Prix,R,6792.845000,OCO,31,ocon,haas,79.367000,19.000000,3.000000,,,26.835000,28.811000,23.721000,6741.910000,6770.721000,6794.442000,270.000000,277.000000,336.000000,298.000000,False,HARD,3.000000,True,Haas F1 Team,6713.478000,,1,19.000000,False,,False,True
2026,12,Dutch Grand Prix,R,6873.695000,OCO,31,ocon,haas,80.850000,20.000000,3.000000,,,26.966000,29.405000,24.479000,6821.408000,6850.813000,6875.292000,274.000000,286.000000,319.000000,293.000000,False,HARD,4.000000,True,Haas F1 Team,6792.845000,,1,19.000000,False,,False,True
2026,12,Dutch Grand Prix,R,6953.770000,OCO,31,ocon,haas,80.075000,21.000000,3.000000,,,27.082000,29.184000,23.809000,6902.374000,6931.558000,6955.367000,278.000000,264.000000,322.000000,298.000000,False,HARD,5.000000,True,Haas F1 Team,6873.695000,,1,18.000000,False,,False,True
2026,12,Dutch Grand Prix,R,7033.471000,OCO,31,ocon,haas,79.701000,22.000000,3.000000,,,27.047000,28.910000,23.744000,6982.414000,7011.324000,7035.068000,278.000000,268.000000,334.000000,299.000000,False,HARD,6.000000,True,Haas F1 Team,6953.770000,,1,18.000000,False,,False,True
2026,12,Dutch Grand Prix,R,7113.846000,OCO,31,ocon,haas,80.375000,23.000000,3.000000,,,27.521000,28.938000,23.916000,7062.589000,7091.527000,7115.443000,270.000000,274.000000,332.000000,295.000000,False,HARD,7.000000,True,Haas F1 Team,7033.471000,,1,18.000000,False,,False,True
2026,12,Dutch Grand Prix,R,7193.021000,OCO,31,ocon,haas,79.175000,24.000000,3.000000,,,26.802000,28.640000,23.733000,7142.245000,7170.885000,7194.618000,275.000000,262.000000,318.000000,299.000000,False,HARD,8.000000,True,Haas F1 Team,7113.846000,,1,17.000000,False,,False,True
2026,12,Dutch Grand Prix,R,7272.305000,OCO,31,ocon,haas,79.284000,25.000000,3.000000,,,26.946000,28.779000,23.559000,7221.564000,7250.343000,7273.902000,279.000000,289.000000,313.000000,299.000000,False,HARD,9.000000,True,Haas F1 Team,7193.021000,,1,16.000000,False,,False,True
2026,12,Dutch Grand Prix,R,7350.705000,OCO,31,ocon,haas,78.400000,26.000000,3.000000,,,26.751000,28.228000,23.421000,7300.653000,7328.881000,7352.302000,271.000000,262.000000,310.000000,299.000000,True,HARD,10.000000,True,Haas F1 Team,7272.305000,,1,16.000000,False,,False,True
2026,12,Dutch Grand Prix,R,7429.337000,OCO,31,ocon,haas,78.632000,27.000000,3.000000,,,26.653000,28.478000,23.501000,7378.955000,7407.433000,7430.934000,271.000000,260.000000,316.000000,295.000000,False,HARD,11.000000,True,Haas F1 Team,7350.705000,,1,16.000000,False,,False,True
2026,12,Dutch Grand Prix,R,7507.610000,OCO,31,ocon,haas,78.273000,28.000000,3.000000,,,26.462000,28.333000,23.478000,7457.396000,7485.729000,7509.207000,271.000000,263.000000,313.000000,305.000000,True,HARD,12.000000,True,Haas F1 Team,7429.337000,,1,16.000000,False,,False,True
2026,12,Dutch Grand Prix,R,7585.941000,OCO,31,ocon,haas,78.331000,29.000000,3.000000,,,26.541000,28.344000,23.446000,7535.748000,7564.092000,7587.538000,276.000000,263.000000,313.000000,298.000000,False,HARD,13.000000,True,Haas F1 Team,7507.610000,,1,16.000000,False,,False,True
2026,12,Dutch Grand Prix,R,7664.562000,OCO,31,ocon,haas,78.621000,30.000000,3.000000,,,26.630000,28.428000,23.563000,7614.168000,7642.596000,7666.159000,278.000000,267.000000,316.000000,300.000000,False,HARD,14.000000,True,Haas F1 Team,7585.941000,,1,16.000000,False,,False,True
2026,12,Dutch Grand Prix,R,7743.275000,OCO,31,ocon,haas,78.713000,31.000000,3.000000,,,26.554000,28.654000,23.505000,7692.713000,7721.367000,7744.872000,279.000000,267.000000,314.000000,298.000000,False,HARD,15.000000,True,Haas F1 Team,7664.562000,,1,15.000000,False,,False,True
2026,12,Dutch Grand Prix,R,7822.103000,OCO,31,ocon,haas,78.828000,32.000000,3.000000,,,26.668000,28.594000,23.566000,7771.540000,7800.134000,7823.700000,278.000000,268.000000,317.000000,299.000000,False,HARD,16.000000,True,Haas F1 Team,7743.275000,,1,15.000000,False,,False,True
2026,12,Dutch Grand Prix,R,7900.549000,OCO,31,ocon,haas,78.446000,33.000000,3.000000,,,26.443000,28.522000,23.481000,7850.143000,7878.665000,7902.146000,281.000000,267.000000,315.000000,304.000000,False,HARD,17.000000,True,Haas F1 Team,7822.103000,,1,15.000000,False,,False,True
2026,12,Dutch Grand Prix,R,7981.362000,OCO,31,ocon,haas,80.813000,34.000000,3.000000,,,26.598000,29.424000,24.791000,7928.744000,7958.168000,7982.959000,280.000000,186.000000,328.000000,297.000000,False,HARD,18.000000,True,Haas F1 Team,7900.549000,,1,15.000000,False,,False,True
2026,12,Dutch Grand Prix,R,8060.861000,OCO,31,ocon,haas,79.499000,35.000000,3.000000,,,26.906000,29.015000,23.578000,8009.865000,8038.880000,8062.458000,286.000000,273.000000,319.000000,304.000000,False,HARD,19.000000,True,Haas F1 Team,7981.362000,,1,14.000000,False,,False,True
2026,12,Dutch Grand Prix,R,8143.563000,OCO,31,ocon,haas,82.702000,36.000000,3.000000,,8144.019000,26.708000,28.899000,27.095000,8089.166000,8118.065000,8145.160000,287.000000,271.000000,,296.000000,False,HARD,20.000000,True,Haas F1 Team,8060.861000,,1,14.000000,False,,False,False
2026,12,Dutch Grand Prix,R,8237.412000,OCO,31,ocon,haas,93.849000,37.000000,4.000000,8161.872000,,42.749000,27.854000,23.246000,8187.909000,8215.763000,8239.009000,284.000000,269.000000,316.000000,296.000000,False,HARD,1.000000,True,Haas F1 Team,8143.563000,,1,17.000000,False,,False,False
2026,12,Dutch Grand Prix,R,8315.166000,OCO,31,ocon,haas,77.754000,38.000000,4.000000,,,26.277000,28.078000,23.399000,8265.286000,8293.364000,8316.763000,280.000000,268.000000,314.000000,305.000000,True,HARD,2.000000,True,Haas F1 Team,8237.412000,,1,17.000000,False,,False,True
2026,12,Dutch Grand Prix,R,8392.944000,OCO,31,ocon,haas,77.778000,39.000000,4.000000,,,26.415000,28.004000,23.359000,8343.178000,8371.182000,8394.541000,280.000000,269.000000,321.000000,303.000000,False,HARD,3.000000,True,Haas F1 Team,8315.166000,,1,17.000000,False,,False,True
2026,12,Dutch Grand Prix,R,8472.102000,OCO,31,ocon,haas,79.158000,40.000000,4.000000,,,26.714000,28.718000,23.726000,8421.255000,8449.973000,8473.699000,274.000000,295.000000,309.000000,311.000000,False,HARD,4.000000,True,Haas F1 Team,8392.944000,,1,16.000000,False,,False,True
2026,12,Dutch Grand Prix,R,8550.141000,OCO,31,ocon,haas,78.039000,41.000000,4.000000,,,26.559000,28.219000,23.261000,8500.258000,8528.477000,8551.738000,272.000000,264.000000,312.000000,302.000000,False,HARD,5.000000,True,Haas F1 Team,8472.102000,,1,16.000000,False,,False,True
2026,12,Dutch Grand Prix,R,8627.944000,OCO,31,ocon,haas,77.803000,42.000000,4.000000,,,26.399000,28.181000,23.223000,8578.137000,8606.318000,8629.541000,271.000000,268.000000,315.000000,303.000000,False,HARD,6.000000,True,Haas F1 Team,8550.141000,,1,16.000000,False,,False,True
2026,12,Dutch Grand Prix,R,8706.162000,OCO,31,ocon,haas,78.218000,43.000000,4.000000,,,26.541000,28.311000,23.366000,8656.082000,8684.393000,8707.759000,273.000000,280.000000,321.000000,300.000000,False,HARD,7.000000,True,Haas F1 Team,8627.944000,,1,15.000000,False,,False,True
2026,12,Dutch Grand Prix,R,8784.845000,OCO,31,ocon,haas,78.683000,44.000000,4.000000,,,26.603000,28.749000,23.331000,8734.362000,8763.111000,8786.442000,275.000000,283.000000,336.000000,308.000000,False,HARD,8.000000,True,Haas F1 Team,8706.162000,,1,15.000000,False,,False,True
2026,12,Dutch Grand Prix,R,8863.374000,OCO,31,ocon,haas,78.529000,45.000000,4.000000,,,26.670000,28.583000,23.276000,8813.112000,8841.695000,8864.971000,277.000000,276.000000,330.000000,298.000000,False,HARD,9.000000,True,Haas F1 Team,8784.845000,,1,15.000000,False,,False,True
2026,12,Dutch Grand Prix,R,8943.080000,OCO,31,ocon,haas,79.706000,46.000000,4.000000,,,26.583000,29.312000,23.811000,8891.554000,8920.866000,8944.677000,286.000000,207.000000,329.000000,309.000000,False,HARD,10.000000,True,Haas F1 Team,8863.374000,,1,15.000000,False,,False,True
2026,12,Dutch Grand Prix,R,9021.727000,OCO,31,ocon,haas,78.647000,47.000000,4.000000,,,26.475000,28.760000,23.412000,8971.152000,8999.912000,9023.324000,283.000000,267.000000,312.000000,297.000000,False,HARD,11.000000,True,Haas F1 Team,8943.080000,,1,15.000000,False,,False,True
2026,12,Dutch Grand Prix,R,9099.315000,OCO,31,ocon,haas,77.588000,48.000000,4.000000,,,26.327000,28.112000,23.149000,9049.651000,9077.763000,9100.912000,278.000000,267.000000,315.000000,304.000000,True,HARD,12.000000,True,Haas F1 Team,9021.727000,,1,15.000000,False,,False,True
2026,12,Dutch Grand Prix,R,9177.176000,OCO,31,ocon,haas,77.861000,49.000000,4.000000,,,26.307000,28.310000,23.244000,9127.219000,9155.529000,9178.773000,281.000000,267.000000,314.000000,301.000000,False,HARD,13.000000,True,Haas F1 Team,9099.315000,,1,15.000000,False,,False,True
2026,12,Dutch Grand Prix,R,9254.946000,OCO,31,ocon,haas,77.770000,50.000000,4.000000,,,26.488000,28.054000,23.228000,9205.261000,9233.315000,9256.543000,271.000000,274.000000,316.000000,303.000000,False,HARD,14.000000,True,Haas F1 Team,9177.176000,,1,14.000000,False,,False,True
2026,12,Dutch Grand Prix,R,9332.542000,OCO,31,ocon,haas,77.596000,51.000000,4.000000,,,26.211000,28.049000,23.336000,9282.754000,9310.803000,9334.139000,273.000000,271.000000,316.000000,304.000000,False,HARD,15.000000,True,Haas F1 Team,9254.946000,,1,14.000000,False,,False,True
2026,12,Dutch Grand Prix,R,9410.389000,OCO,31,ocon,haas,77.847000,52.000000,4.000000,,,26.431000,28.114000,23.302000,9360.570000,9388.684000,9411.986000,271.000000,271.000000,315.000000,305.000000,False,HARD,16.000000,True,Haas F1 Team,9332.542000,,1,14.000000,True,TRACK LIMITS AT TURN 3 LAP 52 ,False,True
2026,12,Dutch Grand Prix,R,9560.389000,OCO,31,ocon,haas,,53.000000,4.000000,,,,,,,,,,,,,,HARD,17.000000,True,Haas F1 Team,9410.389000,,126,,False,,True,False
2026,12,Dutch Grand Prix,R,3497.044000,LIN,41,arvid_lindblad,rb,92.531000,1.000000,1.000000,,,,28.905000,28.464000,,3470.180000,3498.746000,286.000000,283.000000,281.000000,200.000000,False,SOFT,4.000000,False,Racing Bulls,3405.791000,,12,9.000000,False,,False,False
2026,12,Dutch Grand Prix,R,3632.923000,LIN,41,arvid_lindblad,rb,135.879000,2.000000,1.000000,,3632.491000,27.589000,46.308000,61.982000,3526.233000,3572.541000,3634.523000,280.000000,141.000000,,293.000000,False,SOFT,5.000000,False,Racing Bulls,3497.044000,,25,8.000000,False,,False,False
2026,12,Dutch Grand Prix,R,5578.069000,LIN,41,arvid_lindblad,rb,,3.000000,2.000000,5210.732000,,,28.932000,,,5478.777000,,218.000000,194.000000,2.000000,152.000000,False,MEDIUM,1.000000,True,Racing Bulls,5177.312000,,12,20.000000,False,,False,False
2026,12,Dutch Grand Prix,R,5633.343000,LIN,41,arvid_lindblad,rb,,4.000000,2.000000,,,31.802000,,,5611.168000,,,284.000000,194.000000,2.000000,223.000000,False,MEDIUM,2.000000,True,Racing Bulls,5578.069000,,12,20.000000,False,,False,False
2026,12,Dutch Grand Prix,R,5664.984000,LIN,41,arvid_lindblad,rb,87.335000,5.000000,2.000000,,5665.247000,31.802000,28.998000,26.535000,,5640.230000,5666.653000,284.000000,281.000000,,223.000000,False,MEDIUM,3.000000,True,Racing Bulls,5633.343000,,1,13.000000,False,,False,False
2026,12,Dutch Grand Prix,R,5754.756000,LIN,41,arvid_lindblad,rb,89.772000,6.000000,3.000000,5677.435000,,38.029000,28.117000,23.626000,5704.613000,5732.730000,5756.356000,271.000000,285.000000,314.000000,223.000000,False,MEDIUM,1.000000,False,Racing Bulls,5664.984000,,1,20.000000,True,TRACK LIMITS AT TURN 3 LAP 6 ,False,False
2026,12,Dutch Grand Prix,R,5833.200000,LIN,41,arvid_lindblad,rb,78.444000,7.000000,3.000000,,,26.958000,28.079000,23.407000,5783.314000,5811.393000,5834.800000,270.000000,270.000000,314.000000,300.000000,True,MEDIUM,2.000000,False,Racing Bulls,5754.756000,,1,20.000000,False,,False,True
2026,12,Dutch Grand Prix,R,5911.814000,LIN,41,arvid_lindblad,rb,78.614000,8.000000,3.000000,,,26.897000,28.215000,23.502000,5861.697000,5889.912000,5913.414000,274.000000,272.000000,322.000000,299.000000,False,MEDIUM,3.000000,False,Racing Bulls,5833.200000,,1,20.000000,False,,False,True
2026,12,Dutch Grand Prix,R,5990.627000,LIN,41,arvid_lindblad,rb,78.813000,9.000000,3.000000,,,26.826000,28.527000,23.460000,5940.240000,5968.767000,5992.227000,274.000000,272.000000,322.000000,306.000000,False,MEDIUM,4.000000,False,Racing Bulls,5911.814000,,1,19.000000,False,,False,True
2026,12,Dutch Grand Prix,R,6069.524000,LIN,41,arvid_lindblad,rb,78.897000,10.000000,3.000000,,,26.667000,28.743000,23.487000,6018.894000,6047.637000,6071.124000,274.000000,273.000000,326.000000,306.000000,False,MEDIUM,5.000000,False,Racing Bulls,5990.627000,,1,19.000000,False,,False,True
2026,12,Dutch Grand Prix,R,6149.073000,LIN,41,arvid_lindblad,rb,79.549000,11.000000,3.000000,,,26.949000,28.859000,23.741000,6098.073000,6126.932000,6150.673000,281.000000,275.000000,336.000000,301.000000,False,MEDIUM,6.000000,False,Racing Bulls,6069.524000,,1,19.000000,False,,False,True
2026,12,Dutch Grand Prix,R,6228.749000,LIN,41,arvid_lindblad,rb,79.676000,12.000000,3.000000,,,26.685000,29.347000,23.644000,6177.358000,6206.705000,6230.349000,289.000000,272.000000,334.000000,283.000000,False,MEDIUM,7.000000,False,Racing Bulls,6149.073000,,1,18.000000,False,,False,True
2026,12,Dutch Grand Prix,R,6308.014000,LIN,41,arvid_lindblad,rb,79.265000,13.000000,3.000000,,,26.812000,28.841000,23.612000,6257.161000,6286.002000,6309.614000,274.000000,273.000000,323.000000,310.000000,False,MEDIUM,8.000000,False,Racing Bulls,6228.749000,,1,17.000000,False,,False,True
2026,12,Dutch Grand Prix,R,6387.303000,LIN,41,arvid_lindblad,rb,79.289000,14.000000,3.000000,,,26.684000,28.935000,23.670000,6336.298000,6365.233000,6388.903000,276.000000,272.000000,337.000000,309.000000,False,MEDIUM,9.000000,False,Racing Bulls,6308.014000,,1,17.000000,False,,False,True
2026,12,Dutch Grand Prix,R,6466.575000,LIN,41,arvid_lindblad,rb,79.272000,15.000000,3.000000,,,26.934000,28.783000,23.555000,6415.837000,6444.620000,6468.175000,274.000000,271.000000,320.000000,309.000000,False,MEDIUM,10.000000,False,Racing Bulls,6387.303000,,1,16.000000,False,,False,True
2026,12,Dutch Grand Prix,R,6545.507000,LIN,41,arvid_lindblad,rb,78.932000,16.000000,3.000000,,,26.735000,28.680000,23.517000,6494.910000,6523.590000,6547.107000,273.000000,271.000000,319.000000,304.000000,False,MEDIUM,11.000000,False,Racing Bulls,6466.575000,,1,15.000000,False,,False,True
2026,12,Dutch Grand Prix,R,6624.709000,LIN,41,arvid_lindblad,rb,79.202000,17.000000,3.000000,,,26.737000,28.882000,23.583000,6573.844000,6602.726000,6626.309000,275.000000,271.000000,320.000000,302.000000,False,MEDIUM,12.000000,False,Racing Bulls,6545.507000,,1,14.000000,False,,False,True
2026,12,Dutch Grand Prix,R,6703.601000,LIN,41,arvid_lindblad,rb,78.892000,18.000000,3.000000,,,26.719000,28.728000,23.445000,6653.028000,6681.756000,6705.201000,274.000000,272.000000,321.000000,305.000000,False,MEDIUM,13.000000,False,Racing Bulls,6624.709000,,1,14.000000,False,,False,True
2026,12,Dutch Grand Prix,R,6782.697000,LIN,41,arvid_lindblad,rb,79.096000,19.000000,3.000000,,,26.632000,28.922000,23.542000,6731.833000,6760.755000,6784.297000,273.000000,270.000000,314.000000,315.000000,False,MEDIUM,14.000000,False,Racing Bulls,6703.601000,,1,12.000000,False,,False,True
2026,12,Dutch Grand Prix,R,6861.770000,LIN,41,arvid_lindblad,rb,79.073000,20.000000,3.000000,,,26.668000,28.914000,23.491000,6810.965000,6839.879000,6863.370000,276.000000,273.000000,322.000000,302.000000,False,MEDIUM,15.000000,False,Racing Bulls,6782.697000,,1,11.000000,False,,False,True
2026,12,Dutch Grand Prix,R,6940.781000,LIN,41,arvid_lindblad,rb,79.011000,21.000000,3.000000,,,26.574000,28.866000,23.571000,6889.944000,6918.810000,6942.381000,274.000000,273.000000,321.000000,306.000000,False,MEDIUM,16.000000,False,Racing Bulls,6861.770000,,1,11.000000,False,,False,True
2026,12,Dutch Grand Prix,R,7019.744000,LIN,41,arvid_lindblad,rb,78.963000,22.000000,3.000000,,,26.648000,28.885000,23.430000,6969.029000,6997.914000,7021.344000,276.000000,273.000000,323.000000,304.000000,False,MEDIUM,17.000000,False,Racing Bulls,6940.781000,,1,10.000000,False,,False,True
2026,12,Dutch Grand Prix,R,7099.315000,LIN,41,arvid_lindblad,rb,79.571000,23.000000,3.000000,,,26.652000,29.106000,23.813000,7047.996000,7077.102000,7100.915000,276.000000,288.000000,321.000000,311.000000,False,MEDIUM,18.000000,False,Racing Bulls,7019.744000,,1,10.000000,False,,False,True
2026,12,Dutch Grand Prix,R,7178.605000,LIN,41,arvid_lindblad,rb,79.290000,24.000000,3.000000,,,26.827000,28.806000,23.657000,7127.742000,7156.548000,7180.205000,273.000000,284.000000,321.000000,311.000000,False,MEDIUM,19.000000,False,Racing Bulls,7099.315000,,1,10.000000,False,,False,True
2026,12,Dutch Grand Prix,R,7257.908000,LIN,41,arvid_lindblad,rb,79.303000,25.000000,3.000000,,,26.690000,29.095000,23.518000,7206.895000,7235.990000,7259.508000,276.000000,275.000000,336.000000,308.000000,False,MEDIUM,20.000000,False,Racing Bulls,7178.605000,,1,10.000000,False,,False,True
2026,12,Dutch Grand Prix,R,7338.287000,LIN,41,arvid_lindblad,rb,80.379000,26.000000,3.000000,,,27.068000,29.223000,24.088000,7286.576000,7315.799000,7339.887000,278.000000,292.000000,327.000000,295.000000,False,MEDIUM,21.000000,False,Racing Bulls,7257.908000,,1,10.000000,False,,False,True
2026,12,Dutch Grand Prix,R,7418.619000,LIN,41,arvid_lindblad,rb,80.332000,27.000000,3.000000,,,27.100000,29.513000,23.719000,7366.987000,7396.500000,7420.219000,261.000000,282.000000,330.000000,299.000000,False,MEDIUM,22.000000,False,Racing Bulls,7338.287000,,1,10.000000,False,,False,True
2026,12,Dutch Grand Prix,R,7498.470000,LIN,41,arvid_lindblad,rb,79.851000,28.000000,3.000000,,,27.058000,29.119000,23.674000,7447.277000,7476.396000,7500.070000,275.000000,273.000000,323.000000,316.000000,False,MEDIUM,23.000000,False,Racing Bulls,7418.619000,,1,10.000000,False,,False,True
2026,12,Dutch Grand Prix,R,7579.443000,LIN,41,arvid_lindblad,rb,80.973000,29.000000,3.000000,,,28.089000,29.273000,23.611000,7528.159000,7557.432000,7581.043000,277.000000,274.000000,323.000000,245.000000,False,MEDIUM,24.000000,False,Racing Bulls,7498.470000,,1,12.000000,False,,False,True
2026,12,Dutch Grand Prix,R,7659.289000,LIN,41,arvid_lindblad,rb,79.846000,30.000000,3.000000,,,26.756000,29.174000,23.916000,7607.799000,7636.973000,7660.889000,274.000000,275.000000,328.000000,316.000000,False,MEDIUM,25.000000,False,Racing Bulls,7579.443000,,1,11.000000,False,,False,True
2026,12,Dutch Grand Prix,R,7738.008000,LIN,41,arvid_lindblad,rb,78.719000,31.000000,3.000000,,,26.552000,28.776000,23.391000,7687.441000,7716.217000,7739.608000,274.000000,272.000000,320.000000,315.000000,False,MEDIUM,26.000000,False,Racing Bulls,7659.289000,,1,11.000000,False,,False,True
2026,12,Dutch Grand Prix,R,7817.015000,LIN,41,arvid_lindblad,rb,79.007000,32.000000,3.000000,,,26.744000,28.786000,23.477000,7766.352000,7795.138000,7818.615000,273.000000,271.000000,317.000000,307.000000,False,MEDIUM,27.000000,False,Racing Bulls,7738.008000,,1,11.000000,False,,False,True
2026,12,Dutch Grand Prix,R,7895.960000,LIN,41,arvid_lindblad,rb,78.945000,33.000000,3.000000,,,26.795000,28.733000,23.417000,7845.410000,7874.143000,7897.560000,276.000000,272.000000,318.000000,305.000000,False,MEDIUM,28.000000,False,Racing Bulls,7817.015000,,1,11.000000,False,,False,True
2026,12,Dutch Grand Prix,R,7975.054000,LIN,41,arvid_lindblad,rb,79.094000,34.000000,3.000000,,,26.632000,28.785000,23.677000,7924.192000,7952.977000,7976.654000,274.000000,271.000000,318.000000,309.000000,False,MEDIUM,29.000000,False,Racing Bulls,7895.960000,,1,11.000000,False,,False,True
2026,12,Dutch Grand Prix,R,8054.973000,LIN,41,arvid_lindblad,rb,79.919000,35.000000,3.000000,,,27.229000,28.955000,23.735000,8003.883000,8032.838000,8056.573000,275.000000,271.000000,313.000000,317.000000,False,MEDIUM,30.000000,False,Racing Bulls,7975.054000,,1,11.000000,False,,False,True
2026,12,Dutch Grand Prix,R,8139.371000,LIN,41,arvid_lindblad,rb,84.398000,36.000000,3.000000,,8139.823000,26.831000,30.441000,27.126000,8083.404000,8113.845000,8140.971000,275.000000,257.000000,,296.000000,False,MEDIUM,31.000000,False,Racing Bulls,8054.973000,,1,13.000000,False,,False,False
2026,12,Dutch Grand Prix,R,8234.019000,LIN,41,arvid_lindblad,rb,94.648000,37.000000,4.000000,8158.341000,,43.560000,28.136000,22.952000,8184.531000,8212.667000,8235.619000,281.000000,281.000000,341.000000,296.000000,False,HARD,1.000000,True,Racing Bulls,8139.371000,,1,15.000000,False,,False,False
2026,12,Dutch Grand Prix,R,8312.769000,LIN,41,arvid_lindblad,rb,78.750000,38.000000,4.000000,,,26.638000,28.121000,23.991000,8262.257000,8290.378000,8314.369000,280.000000,296.000000,330.000000,336.000000,False,HARD,2.000000,True,Racing Bulls,8234.019000,,1,16.000000,False,,False,True
2026,12,Dutch Grand Prix,R,8391.081000,LIN,41,arvid_lindblad,rb,78.312000,39.000000,4.000000,,,26.433000,28.428000,23.451000,8340.802000,8369.230000,8392.681000,280.000000,275.000000,340.000000,315.000000,True,HARD,3.000000,True,Racing Bulls,8312.769000,,1,16.000000,False,,False,True
2026,12,Dutch Grand Prix,R,8469.518000,LIN,41,arvid_lindblad,rb,78.437000,40.000000,4.000000,,,26.287000,27.994000,24.156000,8418.968000,8446.962000,8471.118000,271.000000,277.000000,334.000000,335.000000,False,HARD,4.000000,True,Racing Bulls,8391.081000,,1,15.000000,False,,False,True
2026,12,Dutch Grand Prix,R,8546.976000,LIN,41,arvid_lindblad,rb,77.458000,41.000000,4.000000,,,26.356000,28.060000,23.042000,8497.474000,8525.534000,8548.576000,277.000000,277.000000,341.000000,319.000000,True,HARD,5.000000,True,Racing Bulls,8469.518000,,1,14.000000,False,,False,True
2026,12,Dutch Grand Prix,R,8625.350000,LIN,41,arvid_lindblad,rb,78.374000,42.000000,4.000000,,,26.742000,28.583000,23.049000,8575.318000,8603.901000,8626.950000,280.000000,277.000000,340.000000,332.000000,False,HARD,6.000000,True,Racing Bulls,8546.976000,,1,14.000000,False,,False,True
2026,12,Dutch Grand Prix,R,8704.942000,LIN,41,arvid_lindblad,rb,79.592000,43.000000,4.000000,,,26.752000,29.527000,23.313000,8653.702000,8683.229000,8706.542000,276.000000,279.000000,342.000000,326.000000,False,HARD,7.000000,True,Racing Bulls,8625.350000,,1,14.000000,False,,False,True
2026,12,Dutch Grand Prix,R,8782.602000,LIN,41,arvid_lindblad,rb,77.660000,44.000000,4.000000,,,26.305000,28.175000,23.180000,8732.847000,8761.022000,8784.202000,275.000000,272.000000,320.000000,320.000000,False,HARD,8.000000,True,Racing Bulls,8704.942000,,1,14.000000,False,,False,True
2026,12,Dutch Grand Prix,R,8860.091000,LIN,41,arvid_lindblad,rb,77.489000,45.000000,4.000000,,,26.215000,28.071000,23.203000,8810.417000,8838.488000,8861.691000,275.000000,272.000000,320.000000,304.000000,False,HARD,9.000000,True,Racing Bulls,8782.602000,,1,14.000000,False,,False,True
2026,12,Dutch Grand Prix,R,8937.389000,LIN,41,arvid_lindblad,rb,77.298000,46.000000,4.000000,,,26.170000,28.050000,23.078000,8887.861000,8915.911000,8938.989000,277.000000,274.000000,321.000000,304.000000,True,HARD,10.000000,True,Racing Bulls,8860.091000,,1,14.000000,False,,False,True
2026,12,Dutch Grand Prix,R,9014.829000,LIN,41,arvid_lindblad,rb,77.440000,47.000000,4.000000,,,26.275000,28.033000,23.132000,8965.264000,8993.297000,9016.429000,277.000000,276.000000,322.000000,305.000000,False,HARD,11.000000,True,Racing Bulls,8937.389000,,1,14.000000,False,,False,True
2026,12,Dutch Grand Prix,R,9093.580000,LIN,41,arvid_lindblad,rb,78.751000,48.000000,4.000000,,,26.203000,28.264000,24.284000,9042.632000,9070.896000,9095.180000,278.000000,276.000000,332.000000,312.000000,False,HARD,12.000000,True,Racing Bulls,9014.829000,,1,14.000000,False,,False,True
2026,12,Dutch Grand Prix,R,9170.954000,LIN,41,arvid_lindblad,rb,77.374000,49.000000,4.000000,,,26.286000,28.010000,23.078000,9121.466000,9149.476000,9172.554000,281.000000,280.000000,328.000000,312.000000,False,HARD,13.000000,True,Racing Bulls,9093.580000,,1,13.000000,False,,False,True
2026,12,Dutch Grand Prix,R,9248.309000,LIN,41,arvid_lindblad,rb,77.355000,50.000000,4.000000,,,26.138000,28.032000,23.185000,9198.692000,9226.724000,9249.909000,279.000000,275.000000,321.000000,311.000000,False,HARD,14.000000,True,Racing Bulls,9170.954000,,1,13.000000,False,,False,True
2026,12,Dutch Grand Prix,R,9325.964000,LIN,41,arvid_lindblad,rb,77.655000,51.000000,4.000000,,,26.265000,28.157000,23.233000,9276.174000,9304.331000,9327.564000,276.000000,272.000000,319.000000,310.000000,False,HARD,15.000000,True,Racing Bulls,9248.309000,,1,13.000000,False,,False,True
2026,12,Dutch Grand Prix,R,9403.541000,LIN,41,arvid_lindblad,rb,77.577000,52.000000,4.000000,,,26.187000,28.120000,23.270000,9353.751000,9381.871000,9405.141000,277.000000,275.000000,319.000000,302.000000,False,HARD,16.000000,True,Racing Bulls,9325.964000,,1,13.000000,False,,False,True
2026,12,Dutch Grand Prix,R,9488.216000,LIN,41,arvid_lindblad,rb,84.675000,53.000000,4.000000,,,26.256000,28.103000,30.316000,9431.397000,9459.500000,9489.816000,276.000000,273.000000,219.000000,303.000000,False,HARD,17.000000,True,Racing Bulls,9403.541000,,126,13.000000,False,,False,False
2026,12,Dutch Grand Prix,R,9589.591000,LIN,41,arvid_lindblad,rb,101.375000,54.000000,4.000000,,,36.499000,33.399000,31.477000,9526.315000,9559.714000,9591.191000,201.000000,168.000000,220.000000,243.000000,False,HARD,18.000000,True,Racing Bulls,9488.216000,,6,12.000000,False,,False,False
2026,12,Dutch Grand Prix,R,9693.458000,LIN,41,arvid_lindblad,rb,103.867000,55.000000,4.000000,,,34.914000,37.477000,31.476000,9626.105000,9663.582000,9695.058000,266.000000,186.000000,245.000000,242.000000,False,HARD,19.000000,True,Racing Bulls,9589.591000,,6,12.000000,False,,False,False
2026,12,Dutch Grand Prix,R,9779.808000,LIN,41,arvid_lindblad,rb,86.350000,56.000000,4.000000,,,34.139000,28.332000,23.879000,9729.197000,9757.529000,9781.408000,193.000000,286.000000,334.000000,257.000000,False,HARD,20.000000,True,Racing Bulls,9693.458000,,671,12.000000,False,,False,False
2026,12,Dutch Grand Prix,R,9857.032000,LIN,41,arvid_lindblad,rb,77.224000,57.000000,4.000000,,,26.309000,27.721000,23.194000,9807.717000,9835.438000,9858.632000,278.000000,275.000000,322.000000,311.000000,True,HARD,21.000000,True,Racing Bulls,9779.808000,,1,12.000000,False,,False,True
2026,12,Dutch Grand Prix,R,9934.214000,LIN,41,arvid_lindblad,rb,77.182000,58.000000,4.000000,,,26.079000,27.925000,23.178000,9884.711000,9912.636000,9935.814000,279.000000,276.000000,318.000000,312.000000,True,HARD,22.000000,True,Racing Bulls,9857.032000,,1,12.000000,False,,False,True
2026,12,Dutch Grand Prix,R,10011.200000,LIN,41,arvid_lindblad,rb,76.986000,59.000000,4.000000,,,26.168000,27.687000,23.131000,9961.982000,9989.669000,10012.800000,278.000000,274.000000,319.000000,300.000000,True,HARD,23.000000,True,Racing Bulls,9934.214000,,1,12.000000,False,,False,True
2026,12,Dutch Grand Prix,R,10087.853000,LIN,41,arvid_lindblad,rb,76.653000,60.000000,4.000000,,,25.968000,27.634000,23.051000,10038.768000,10066.402000,10089.453000,278.000000,275.000000,319.000000,303.000000,True,HARD,24.000000,True,Racing Bulls,10011.200000,,1,12.000000,False,,False,True
2026,12,Dutch Grand Prix,R,10164.643000,LIN,41,arvid_lindblad,rb,76.790000,61.000000,4.000000,,,26.062000,27.665000,23.063000,10115.515000,10143.180000,10166.243000,277.000000,275.000000,320.000000,303.000000,False,HARD,25.000000,True,Racing Bulls,10087.853000,,1,12.000000,False,,False,True
2026,12,Dutch Grand Prix,R,10241.774000,LIN,41,arvid_lindblad,rb,77.131000,62.000000,4.000000,,,26.068000,27.911000,23.152000,10192.311000,10220.222000,10243.374000,277.000000,274.000000,319.000000,303.000000,False,HARD,26.000000,True,Racing Bulls,10164.643000,,1,12.000000,False,,False,True
2026,12,Dutch Grand Prix,R,10318.835000,LIN,41,arvid_lindblad,rb,77.061000,63.000000,4.000000,,,26.044000,27.876000,23.141000,10269.418000,10297.294000,10320.435000,274.000000,272.000000,319.000000,320.000000,False,HARD,27.000000,True,Racing Bulls,10241.774000,,1,12.000000,False,,False,True
2026,12,Dutch Grand Prix,R,10396.410000,LIN,41,arvid_lindblad,rb,77.575000,64.000000,4.000000,,,26.549000,27.922000,23.104000,10346.984000,10374.906000,10398.010000,274.000000,271.000000,312.000000,308.000000,False,HARD,28.000000,True,Racing Bulls,10318.835000,,1,12.000000,False,,False,True
2026,12,Dutch Grand Prix,R,10474.006000,LIN,41,arvid_lindblad,rb,77.596000,65.000000,4.000000,,,26.248000,28.172000,23.176000,10424.258000,10452.430000,10475.606000,276.000000,273.000000,318.000000,300.000000,False,HARD,29.000000,True,Racing Bulls,10396.410000,,1,12.000000,False,,False,True
2026,12,Dutch Grand Prix,R,10551.419000,LIN,41,arvid_lindblad,rb,77.413000,66.000000,4.000000,,,26.242000,27.951000,23.220000,10501.848000,10529.799000,10553.019000,279.000000,275.000000,320.000000,300.000000,False,HARD,30.000000,True,Racing Bulls,10474.006000,,1,12.000000,False,,False,True
2026,12,Dutch Grand Prix,R,10628.934000,LIN,41,arvid_lindblad,rb,77.515000,67.000000,4.000000,,,26.344000,28.090000,23.081000,10579.363000,10607.453000,10630.534000,279.000000,276.000000,320.000000,302.000000,False,HARD,31.000000,True,Racing Bulls,10551.419000,,1,12.000000,False,,False,True
2026,12,Dutch Grand Prix,R,10722.857000,LIN,41,arvid_lindblad,rb,93.923000,68.000000,4.000000,,,26.229000,37.241000,30.453000,10656.763000,10694.004000,10724.457000,278.000000,211.000000,244.000000,305.000000,False,HARD,32.000000,True,Racing Bulls,10628.934000,,167,12.000000,False,,False,False
2026,12,Dutch Grand Prix,R,10800.688000,LIN,41,arvid_lindblad,rb,77.831000,69.000000,4.000000,,,26.800000,27.913000,23.118000,10751.257000,10779.170000,10802.288000,276.000000,275.000000,318.000000,289.000000,False,HARD,33.000000,True,Racing Bulls,10722.857000,,1,12.000000,False,,False,True
2026,12,Dutch Grand Prix,R,10877.942000,LIN,41,arvid_lindblad,rb,77.254000,70.000000,4.000000,,,26.175000,27.942000,23.137000,10828.463000,10856.405000,10879.542000,278.000000,275.000000,321.000000,301.000000,False,HARD,34.000000,True,Racing Bulls,10800.688000,,1,12.000000,False,,False,True
2026,12,Dutch Grand Prix,R,10954.993000,LIN,41,arvid_lindblad,rb,77.051000,71.000000,4.000000,,,26.098000,27.828000,23.125000,10905.640000,10933.468000,10956.593000,276.000000,291.000000,319.000000,321.000000,False,HARD,35.000000,True,Racing Bulls,10877.942000,,1,12.000000,False,,False,True
2026,12,Dutch Grand Prix,R,3497.505000,COL,43,colapinto,alpine,93.003000,1.000000,1.000000,,,,29.250000,28.184000,,3471.040000,3499.169000,276.000000,267.000000,293.000000,192.000000,False,MEDIUM,1.000000,True,Alpine,3405.791000,,12,10.000000,False,,False,False
2026,12,Dutch Grand Prix,R,3639.135000,COL,43,colapinto,alpine,141.630000,2.000000,1.000000,,3638.378000,28.255000,47.706000,65.669000,3527.366000,3575.072000,3640.741000,252.000000,112.000000,,265.000000,False,MEDIUM,2.000000,True,Alpine,3497.505000,,25,10.000000,False,,False,False
2026,12,Dutch Grand Prix,R,5409.483000,COL,43,colapinto,alpine,,3.000000,2.000000,5217.187000,,,28.801000,,,5277.367000,,262.000000,246.000000,1.000000,265.000000,False,MEDIUM,1.000000,True,Alpine,5177.312000,,12,9.000000,False,,False,False
2026,12,Dutch Grand Prix,R,5578.723000,COL,43,colapinto,alpine,,4.000000,2.000000,,,41.472000,30.593000,97.193000,5452.597000,5483.186000,5580.369000,249.000000,248.000000,2.000000,147.000000,False,MEDIUM,2.000000,True,Alpine,5409.483000,,1,9.000000,False,,False,False
2026,12,Dutch Grand Prix,R,5663.500000,COL,43,colapinto,alpine,84.777000,5.000000,2.000000,,,31.349000,29.270000,24.158000,5611.678000,5640.948000,5665.106000,282.000000,272.000000,332.000000,210.000000,True,MEDIUM,3.000000,True,Alpine,5578.723000,,12,10.000000,False,,False,True
2026,12,Dutch Grand Prix,R,5742.724000,COL,43,colapinto,alpine,79.224000,6.000000,2.000000,,,27.314000,28.359000,23.551000,5692.420000,5720.779000,5744.330000,284.000000,283.000000,336.000000,277.000000,True,MEDIUM,4.000000,True,Alpine,5663.500000,,1,10.000000,False,,False,True
2026,12,Dutch Grand Prix,R,5821.887000,COL,43,colapinto,alpine,79.163000,7.000000,2.000000,,,27.015000,28.471000,23.677000,5771.345000,5799.816000,5823.493000,278.000000,276.000000,327.000000,295.000000,True,MEDIUM,5.000000,True,Alpine,5742.724000,,1,10.000000,False,,False,True
2026,12,Dutch Grand Prix,R,5903.611000,COL,43,colapinto,alpine,81.724000,8.000000,2.000000,,5904.040000,26.896000,28.349000,26.479000,5850.389000,5878.738000,5905.217000,286.000000,281.000000,,294.000000,False,MEDIUM,6.000000,True,Alpine,5821.887000,,1,13.000000,False,,False,False
2026,12,Dutch Grand Prix,R,5993.325000,COL,43,colapinto,alpine,89.714000,9.000000,3.000000,5916.118000,,37.496000,28.436000,23.782000,5942.713000,5971.149000,5994.931000,273.000000,280.000000,323.000000,294.000000,False,MEDIUM,7.000000,False,Alpine,5903.611000,,1,20.000000,False,,False,False
2026,12,Dutch Grand Prix,R,6072.206000,COL,43,colapinto,alpine,78.881000,10.000000,3.000000,,,26.715000,28.603000,23.563000,6021.646000,6050.249000,6073.812000,277.000000,273.000000,324.000000,303.000000,True,MEDIUM,8.000000,False,Alpine,5993.325000,,1,20.000000,False,,False,True
2026,12,Dutch Grand Prix,R,6151.729000,COL,43,colapinto,alpine,79.523000,11.000000,3.000000,,,26.688000,28.931000,23.904000,6100.500000,6129.431000,6153.335000,276.000000,273.000000,323.000000,299.000000,False,MEDIUM,9.000000,False,Alpine,6072.206000,,1,20.000000,False,,False,True
2026,12,Dutch Grand Prix,R,6231.485000,COL,43,colapinto,alpine,79.756000,12.000000,3.000000,,,27.090000,28.943000,23.723000,6180.425000,6209.368000,6233.091000,279.000000,276.000000,323.000000,295.000000,False,MEDIUM,10.000000,False,Alpine,6151.729000,,1,19.000000,False,,False,True
2026,12,Dutch Grand Prix,R,6310.801000,COL,43,colapinto,alpine,79.316000,13.000000,3.000000,,,26.709000,28.954000,23.653000,6259.800000,6288.754000,6312.407000,278.000000,277.000000,325.000000,302.000000,False,MEDIUM,11.000000,False,Alpine,6231.485000,,1,19.000000,False,,False,True
2026,12,Dutch Grand Prix,R,6390.002000,COL,43,colapinto,alpine,79.201000,14.000000,3.000000,,,26.571000,29.026000,23.604000,6338.978000,6368.004000,6391.608000,277.000000,279.000000,334.000000,304.000000,False,MEDIUM,12.000000,False,Alpine,6310.801000,,1,19.000000,False,,False,True
2026,12,Dutch Grand Prix,R,6470.252000,COL,43,colapinto,alpine,80.250000,15.000000,3.000000,,,27.010000,29.317000,23.923000,6418.618000,6447.935000,6471.858000,281.000000,276.000000,338.000000,289.000000,False,MEDIUM,13.000000,False,Alpine,6390.002000,,1,19.000000,False,,False,True
2026,12,Dutch Grand Prix,R,6551.028000,COL,43,colapinto,alpine,80.776000,16.000000,3.000000,,,26.913000,29.470000,24.393000,6498.771000,6528.241000,6552.634000,283.000000,278.000000,339.000000,285.000000,False,MEDIUM,14.000000,False,Alpine,6470.252000,,1,19.000000,False,,False,True
2026,12,Dutch Grand Prix,R,6631.747000,COL,43,colapinto,alpine,80.719000,17.000000,3.000000,,,27.030000,29.566000,24.123000,6579.664000,6609.230000,6633.353000,283.000000,278.000000,326.000000,303.000000,False,MEDIUM,15.000000,False,Alpine,6551.028000,,1,18.000000,False,,False,True
2026,12,Dutch Grand Prix,R,6711.933000,COL,43,colapinto,alpine,80.186000,18.000000,3.000000,,,26.876000,29.199000,24.111000,6660.229000,6689.428000,6713.539000,289.000000,278.000000,332.000000,303.000000,False,MEDIUM,16.000000,False,Alpine,6631.747000,,1,18.000000,False,,False,True
2026,12,Dutch Grand Prix,R,6792.441000,COL,43,colapinto,alpine,80.508000,19.000000,3.000000,,,27.062000,29.597000,23.849000,6740.601000,6770.198000,6794.047000,281.000000,278.000000,340.000000,294.000000,False,MEDIUM,17.000000,False,Alpine,6711.933000,,1,18.000000,False,,False,True
2026,12,Dutch Grand Prix,R,6873.082000,COL,43,colapinto,alpine,80.641000,20.000000,3.000000,,,26.816000,29.892000,23.933000,6820.863000,6850.755000,6874.688000,286.000000,280.000000,338.000000,300.000000,False,MEDIUM,18.000000,False,Alpine,6792.441000,,1,18.000000,False,,False,True
2026,12,Dutch Grand Prix,R,6957.451000,COL,43,colapinto,alpine,84.369000,21.000000,3.000000,,6957.860000,27.058000,29.968000,27.343000,6901.746000,6931.714000,6959.057000,286.000000,265.000000,,295.000000,False,MEDIUM,19.000000,False,Alpine,6873.082000,,1,20.000000,False,,False,False
2026,12,Dutch Grand Prix,R,7054.249000,COL,43,colapinto,alpine,96.798000,22.000000,4.000000,6977.321000,,44.818000,28.466000,23.514000,7003.875000,7032.341000,7055.855000,287.000000,278.000000,319.000000,295.000000,False,HARD,1.000000,True,Alpine,6957.451000,,1,20.000000,False,,False,False
2026,12,Dutch Grand Prix,R,7132.495000,COL,43,colapinto,alpine,78.246000,23.000000,4.000000,,,26.684000,28.147000,23.415000,7082.539000,7110.686000,7134.101000,274.000000,273.000000,318.000000,295.000000,True,HARD,2.000000,True,Alpine,7054.249000,,1,20.000000,False,,False,True
2026,12,Dutch Grand Prix,R,7209.983000,COL,43,colapinto,alpine,77.488000,24.000000,4.000000,,,26.236000,27.961000,23.291000,7160.337000,7188.298000,7211.589000,272.000000,265.000000,320.000000,315.000000,True,HARD,3.000000,True,Alpine,7132.495000,,1,20.000000,False,,False,True
2026,12,Dutch Grand Prix,R,7287.437000,COL,43,colapinto,alpine,77.454000,25.000000,4.000000,,,26.160000,27.954000,23.340000,7237.749000,7265.703000,7289.043000,278.000000,274.000000,304.000000,304.000000,True,HARD,4.000000,True,Alpine,7209.983000,,1,20.000000,False,,False,True
2026,12,Dutch Grand Prix,R,7364.670000,COL,43,colapinto,alpine,77.233000,26.000000,4.000000,,,26.172000,27.887000,23.174000,7315.215000,7343.102000,7366.276000,288.000000,276.000000,309.000000,292.000000,True,HARD,5.000000,True,Alpine,7287.437000,,1,20.000000,False,,False,True
2026,12,Dutch Grand Prix,R,7442.439000,COL,43,colapinto,alpine,77.769000,27.000000,4.000000,,,26.346000,28.089000,23.334000,7392.622000,7420.711000,7444.045000,288.000000,277.000000,306.000000,295.000000,False,HARD,6.000000,True,Alpine,7364.670000,,1,20.000000,False,,False,True
2026,12,Dutch Grand Prix,R,7520.872000,COL,43,colapinto,alpine,78.433000,28.000000,4.000000,,,26.168000,27.844000,24.421000,7470.213000,7498.057000,7522.478000,289.000000,277.000000,250.000000,298.000000,False,HARD,7.000000,True,Alpine,7442.439000,,1,20.000000,False,,False,True
2026,12,Dutch Grand Prix,R,7600.906000,COL,43,colapinto,alpine,80.034000,29.000000,4.000000,,,27.747000,28.539000,23.748000,7550.225000,7578.764000,7602.512000,293.000000,284.000000,307.000000,248.000000,False,HARD,8.000000,True,Alpine,7520.872000,,1,19.000000,False,,False,True
2026,12,Dutch Grand Prix,R,7678.723000,COL,43,colapinto,alpine,77.817000,30.000000,4.000000,,,26.410000,28.144000,23.263000,7628.922000,7657.066000,7680.329000,288.000000,280.000000,323.000000,299.000000,False,HARD,9.000000,True,Alpine,7600.906000,,1,18.000000,False,,False,True
2026,12,Dutch Grand Prix,R,7758.551000,COL,43,colapinto,alpine,79.828000,31.000000,4.000000,,,26.583000,28.907000,24.338000,7706.912000,7735.819000,7760.157000,279.000000,276.000000,307.000000,307.000000,False,HARD,10.000000,True,Alpine,7678.723000,,1,18.000000,False,,False,True
2026,12,Dutch Grand Prix,R,7839.581000,COL,43,colapinto,alpine,81.030000,32.000000,4.000000,,,26.582000,28.757000,25.691000,7786.739000,7815.496000,7841.187000,293.000000,274.000000,282.000000,293.000000,False,HARD,11.000000,True,Alpine,7758.551000,,1,18.000000,False,,False,True
2026,12,Dutch Grand Prix,R,7919.527000,COL,43,colapinto,alpine,79.946000,33.000000,4.000000,,,27.018000,28.867000,24.061000,7868.205000,7897.072000,7921.133000,295.000000,288.000000,306.000000,281.000000,False,HARD,12.000000,True,Alpine,7839.581000,,1,18.000000,False,,False,True
2026,12,Dutch Grand Prix,R,7998.252000,COL,43,colapinto,alpine,78.725000,34.000000,4.000000,,,26.455000,28.602000,23.668000,7947.588000,7976.190000,7999.858000,292.000000,285.000000,308.000000,294.000000,False,HARD,13.000000,True,Alpine,7919.527000,,1,18.000000,False,,False,True
2026,12,Dutch Grand Prix,R,8077.113000,COL,43,colapinto,alpine,78.861000,35.000000,4.000000,,,26.651000,28.690000,23.520000,8026.509000,8055.199000,8078.719000,292.000000,285.000000,311.000000,297.000000,False,HARD,14.000000,True,Alpine,7998.252000,,1,17.000000,False,,False,True
2026,12,Dutch Grand Prix,R,8155.530000,COL,43,colapinto,alpine,78.417000,36.000000,4.000000,,,26.514000,28.430000,23.473000,8105.233000,8133.663000,8157.136000,290.000000,284.000000,325.000000,303.000000,False,HARD,15.000000,True,Alpine,8077.113000,,1,16.000000,False,,False,True
2026,12,Dutch Grand Prix,R,8233.721000,COL,43,colapinto,alpine,78.191000,37.000000,4.000000,,,26.311000,28.417000,23.463000,8183.447000,8211.864000,8235.327000,283.000000,289.000000,323.000000,314.000000,False,HARD,16.000000,True,Alpine,8155.530000,,1,14.000000,False,,False,True
2026,12,Dutch Grand Prix,R,8312.442000,COL,43,colapinto,alpine,78.721000,38.000000,4.000000,,,26.481000,28.516000,23.724000,8261.808000,8290.324000,8314.048000,278.000000,290.000000,325.000000,319.000000,False,HARD,17.000000,True,Alpine,8233.721000,,1,14.000000,False,,False,True
2026,12,Dutch Grand Prix,R,8390.781000,COL,43,colapinto,alpine,78.339000,39.000000,4.000000,,,26.387000,28.505000,23.447000,8340.435000,8368.940000,8392.387000,276.000000,275.000000,325.000000,317.000000,False,HARD,18.000000,True,Alpine,8312.442000,,1,15.000000,False,,False,True
2026,12,Dutch Grand Prix,R,8472.586000,COL,43,colapinto,alpine,81.805000,40.000000,4.000000,,,28.301000,29.276000,24.228000,8420.688000,8449.964000,8474.192000,285.000000,288.000000,332.000000,324.000000,False,HARD,19.000000,True,Alpine,8390.781000,,1,17.000000,False,,False,True
2026,12,Dutch Grand Prix,R,8551.834000,COL,43,colapinto,alpine,79.248000,41.000000,4.000000,,,26.866000,28.727000,23.655000,8501.058000,8529.785000,8553.440000,291.000000,280.000000,325.000000,286.000000,False,HARD,20.000000,True,Alpine,8472.586000,,1,17.000000,False,,False,True
2026,12,Dutch Grand Prix,R,8630.093000,COL,43,colapinto,alpine,78.259000,42.000000,4.000000,,,26.430000,28.530000,23.299000,8579.870000,8608.400000,8631.699000,284.000000,280.000000,324.000000,314.000000,False,HARD,21.000000,True,Alpine,8551.834000,,1,17.000000,False,,False,True
2026,12,Dutch Grand Prix,R,8708.728000,COL,43,colapinto,alpine,78.635000,43.000000,4.000000,,,26.398000,28.591000,23.646000,8658.097000,8686.688000,8710.334000,280.000000,276.000000,319.000000,309.000000,False,HARD,22.000000,True,Alpine,8630.093000,,1,17.000000,False,,False,True
2026,12,Dutch Grand Prix,R,8787.387000,COL,43,colapinto,alpine,78.659000,44.000000,4.000000,,,26.636000,28.555000,23.468000,8736.970000,8765.525000,8788.993000,277.000000,280.000000,324.000000,309.000000,False,HARD,23.000000,True,Alpine,8708.728000,,1,17.000000,False,,False,True
2026,12,Dutch Grand Prix,R,8868.332000,COL,43,colapinto,alpine,80.945000,45.000000,4.000000,,8868.718000,26.440000,28.577000,25.928000,8815.433000,8844.010000,8869.938000,282.000000,281.000000,,311.000000,False,HARD,24.000000,True,Alpine,8787.387000,,1,17.000000,False,,False,False
2026,12,Dutch Grand Prix,R,8961.636000,COL,43,colapinto,alpine,93.304000,46.000000,5.000000,8887.044000,,42.845000,27.329000,23.130000,8912.783000,8940.112000,8963.242000,295.000000,283.000000,321.000000,311.000000,False,SOFT,1.000000,True,Alpine,8868.332000,,1,18.000000,False,,False,False
2026,12,Dutch Grand Prix,R,9039.094000,COL,43,colapinto,alpine,77.458000,47.000000,5.000000,,,26.106000,28.051000,23.301000,8989.348000,9017.399000,9040.700000,275.000000,271.000000,304.000000,310.000000,False,SOFT,2.000000,True,Alpine,8961.636000,,1,18.000000,False,,False,True
2026,12,Dutch Grand Prix,R,9114.672000,COL,43,colapinto,alpine,75.578000,48.000000,5.000000,,,25.672000,27.112000,22.794000,9066.372000,9093.484000,9116.278000,291.000000,281.000000,310.000000,300.000000,True,SOFT,3.000000,True,Alpine,9039.094000,,1,18.000000,False,,False,True
2026,12,Dutch Grand Prix,R,9191.550000,COL,43,colapinto,alpine,76.878000,49.000000,5.000000,,,26.204000,27.783000,22.891000,9142.482000,9170.265000,9193.156000,293.000000,293.000000,321.000000,301.000000,False,SOFT,4.000000,True,Alpine,9114.672000,,1,17.000000,False,,False,True
2026,12,Dutch Grand Prix,R,9269.369000,COL,43,colapinto,alpine,77.819000,50.000000,5.000000,,,26.200000,28.317000,23.302000,9219.356000,9247.673000,9270.975000,277.000000,276.000000,323.000000,308.000000,False,SOFT,5.000000,True,Alpine,9191.550000,,1,17.000000,False,,False,True
2026,12,Dutch Grand Prix,R,9346.446000,COL,43,colapinto,alpine,77.077000,51.000000,5.000000,,,25.922000,28.074000,23.081000,9296.897000,9324.971000,9348.052000,282.000000,279.000000,324.000000,316.000000,False,SOFT,6.000000,True,Alpine,9269.369000,,1,17.000000,False,,False,True
2026,12,Dutch Grand Prix,R,9424.901000,COL,43,colapinto,alpine,78.455000,52.000000,5.000000,,,25.955000,28.926000,23.574000,9374.007000,9402.933000,9426.507000,280.000000,240.000000,335.000000,317.000000,False,SOFT,7.000000,True,Alpine,9346.446000,,1,17.000000,False,,False,True
2026,12,Dutch Grand Prix,R,9515.210000,COL,43,colapinto,alpine,90.309000,53.000000,5.000000,,,25.973000,34.410000,29.926000,9452.480000,9486.890000,9516.816000,288.000000,207.000000,235.000000,311.000000,False,SOFT,8.000000,True,Alpine,9424.901000,,126,16.000000,False,,False,False
2026,12,Dutch Grand Prix,R,9618.252000,COL,43,colapinto,alpine,103.042000,54.000000,5.000000,,,36.175000,35.808000,31.059000,9552.991000,9588.799000,9619.858000,246.000000,124.000000,225.000000,229.000000,False,SOFT,9.000000,True,Alpine,9515.210000,,6,16.000000,False,,False,False
2026,12,Dutch Grand Prix,R,9720.500000,COL,43,colapinto,alpine,102.248000,55.000000,5.000000,,,36.494000,35.144000,30.610000,9656.352000,9691.496000,9722.106000,246.000000,127.000000,246.000000,242.000000,False,SOFT,10.000000,True,Alpine,9618.252000,,67,16.000000,False,,False,False
2026,12,Dutch Grand Prix,R,9800.013000,COL,43,colapinto,alpine,79.513000,56.000000,5.000000,,,28.674000,27.758000,23.081000,9750.780000,9778.538000,9801.619000,303.000000,295.000000,325.000000,173.000000,False,SOFT,11.000000,True,Alpine,9720.500000,,71,16.000000,False,,False,False
2026,12,Dutch Grand Prix,R,9876.639000,COL,43,colapinto,alpine,76.626000,57.000000,5.000000,,,25.884000,27.735000,23.007000,9827.503000,9855.238000,9878.245000,280.000000,282.000000,324.000000,314.000000,False,SOFT,12.000000,True,Alpine,9800.013000,,1,16.000000,False,,False,True
2026,12,Dutch Grand Prix,R,9953.531000,COL,43,colapinto,alpine,76.892000,58.000000,5.000000,,,25.936000,27.926000,23.030000,9904.181000,9932.107000,9955.137000,280.000000,283.000000,327.000000,320.000000,False,SOFT,13.000000,True,Alpine,9876.639000,,1,16.000000,False,,False,True
2026,12,Dutch Grand Prix,R,10030.535000,COL,43,colapinto,alpine,77.004000,59.000000,5.000000,,,25.942000,27.957000,23.105000,9981.079000,10009.036000,10032.141000,286.000000,281.000000,327.000000,321.000000,False,SOFT,14.000000,True,Alpine,9953.531000,,1,16.000000,False,,False,True
2026,12,Dutch Grand Prix,R,10108.016000,COL,43,colapinto,alpine,77.481000,60.000000,5.000000,,,25.934000,28.319000,23.228000,10058.075000,10086.394000,10109.622000,285.000000,283.000000,327.000000,324.000000,False,SOFT,15.000000,True,Alpine,10030.535000,,1,16.000000,False,,False,True
2026,12,Dutch Grand Prix,R,10185.892000,COL,43,colapinto,alpine,77.876000,61.000000,5.000000,,,26.052000,28.426000,23.398000,10135.674000,10164.100000,10187.498000,284.000000,285.000000,338.000000,315.000000,False,SOFT,16.000000,True,Alpine,10108.016000,,1,15.000000,False,,False,True
2026,12,Dutch Grand Prix,R,10264.221000,COL,43,colapinto,alpine,78.329000,62.000000,5.000000,,,26.157000,28.652000,23.520000,10213.655000,10242.307000,10265.827000,291.000000,284.000000,339.000000,323.000000,False,SOFT,17.000000,True,Alpine,10185.892000,,1,15.000000,False,,False,True
2026,12,Dutch Grand Prix,R,10343.389000,COL,43,colapinto,alpine,79.168000,63.000000,5.000000,,,26.279000,28.572000,24.317000,10292.106000,10320.678000,10344.995000,293.000000,287.000000,284.000000,315.000000,False,SOFT,18.000000,True,Alpine,10264.221000,,1,15.000000,False,,False,True
2026,12,Dutch Grand Prix,R,10422.638000,COL,43,colapinto,alpine,79.249000,64.000000,5.000000,,,26.868000,29.036000,23.345000,10371.863000,10400.899000,10424.244000,297.000000,290.000000,336.000000,262.000000,False,SOFT,19.000000,True,Alpine,10343.389000,,1,15.000000,False,,False,True
2026,12,Dutch Grand Prix,R,10499.805000,COL,43,colapinto,alpine,77.167000,65.000000,5.000000,,,26.262000,27.861000,23.044000,10450.506000,10478.367000,10501.411000,293.000000,282.000000,323.000000,313.000000,False,SOFT,20.000000,True,Alpine,10422.638000,,1,14.000000,False,,False,True
2026,12,Dutch Grand Prix,R,10576.781000,COL,43,colapinto,alpine,76.976000,66.000000,5.000000,,,25.906000,27.908000,23.162000,10527.317000,10555.225000,10578.387000,285.000000,280.000000,323.000000,311.000000,False,SOFT,21.000000,True,Alpine,10499.805000,,1,14.000000,False,,False,True
2026,12,Dutch Grand Prix,R,10653.708000,COL,43,colapinto,alpine,76.927000,67.000000,5.000000,,,25.954000,27.925000,23.048000,10604.341000,10632.266000,10655.314000,284.000000,279.000000,323.000000,318.000000,False,SOFT,22.000000,True,Alpine,10576.781000,,1,14.000000,False,,False,True
2026,12,Dutch Grand Prix,R,10746.851000,COL,43,colapinto,alpine,93.143000,68.000000,5.000000,,,37.284000,32.533000,23.326000,10692.598000,10725.131000,10748.457000,182.000000,242.000000,322.000000,319.000000,False,SOFT,23.000000,True,Alpine,10653.708000,,167,14.000000,False,,False,False
2026,12,Dutch Grand Prix,R,10823.177000,COL,43,colapinto,alpine,76.326000,69.000000,5.000000,,,25.626000,27.742000,22.958000,10774.083000,10801.825000,10824.783000,284.000000,279.000000,322.000000,322.000000,False,SOFT,24.000000,True,Alpine,10746.851000,,1,14.000000,False,,False,True
2026,12,Dutch Grand Prix,R,10899.847000,COL,43,colapinto,alpine,76.670000,70.000000,5.000000,,,25.637000,27.961000,23.072000,10850.420000,10878.381000,10901.453000,289.000000,293.000000,319.000000,319.000000,False,SOFT,25.000000,True,Alpine,10823.177000,,1,14.000000,False,,False,True
2026,12,Dutch Grand Prix,R,3493.405000,HAM,44,hamilton,ferrari,88.878000,1.000000,1.000000,,,,28.108000,26.902000,,3468.118000,3495.096000,285.000000,285.000000,314.000000,208.000000,False,SOFT,1.000000,True,Ferrari,3405.791000,,1,6.000000,False,,False,False
2026,12,Dutch Grand Prix,R,3625.377000,HAM,44,hamilton,ferrari,131.972000,2.000000,1.000000,,3625.507000,27.499000,46.430000,58.043000,3522.519000,3568.949000,3626.992000,290.000000,129.000000,,270.000000,False,SOFT,2.000000,True,Ferrari,3493.405000,,125,6.000000,False,,False,False
2026,12,Dutch Grand Prix,R,5327.160000,HAM,44,hamilton,ferrari,,3.000000,2.000000,5202.232000,,,28.499000,64.125000,,5264.695000,5328.775000,275.000000,238.000000,53.000000,270.000000,False,SOFT,4.000000,False,Ferrari,5177.312000,,12,6.000000,False,,False,False
2026,12,Dutch Grand Prix,R,5526.098000,HAM,44,hamilton,ferrari,,4.000000,2.000000,,,,29.922000,53.420000,,5474.360000,5527.812000,245.000000,223.000000,59.000000,104.000000,False,SOFT,5.000000,False,Ferrari,5327.160000,,21,6.000000,False,,False,False
2026,12,Dutch Grand Prix,R,5661.047000,HAM,44,hamilton,ferrari,134.949000,5.000000,2.000000,,,82.487000,28.673000,23.789000,5610.200000,5638.873000,5662.662000,284.000000,282.000000,326.000000,219.000000,True,SOFT,6.000000,False,Ferrari,5526.098000,,12,6.000000,False,,False,True
2026,12,Dutch Grand Prix,R,5739.272000,HAM,44,hamilton,ferrari,78.225000,6.000000,2.000000,,,26.790000,28.153000,23.282000,5689.452000,5717.605000,5740.887000,278.000000,270.000000,331.000000,299.000000,True,SOFT,7.000000,False,Ferrari,5661.047000,,1,6.000000,False,,False,True
2026,12,Dutch Grand Prix,R,5817.068000,HAM,44,hamilton,ferrari,77.796000,7.000000,2.000000,,,26.578000,27.966000,23.252000,5767.465000,5795.431000,5818.683000,277.000000,270.000000,328.000000,301.000000,True,SOFT,8.000000,False,Ferrari,5739.272000,,1,6.000000,False,,False,True
2026,12,Dutch Grand Prix,R,5894.396000,HAM,44,hamilton,ferrari,77.328000,8.000000,2.000000,,,26.380000,27.858000,23.090000,5845.063000,5872.921000,5896.011000,276.000000,273.000000,327.000000,304.000000,True,SOFT,9.000000,False,Ferrari,5817.068000,,1,6.000000,False,,False,True
2026,12,Dutch Grand Prix,R,5971.364000,HAM,44,hamilton,ferrari,76.968000,9.000000,2.000000,,,26.295000,27.765000,22.908000,5922.306000,5950.071000,5972.979000,277.000000,272.000000,328.000000,292.000000,True,SOFT,10.000000,False,Ferrari,5894.396000,,1,6.000000,False,,False,True
2026,12,Dutch Grand Prix,R,6048.863000,HAM,44,hamilton,ferrari,77.499000,10.000000,2.000000,,,26.247000,28.141000,23.111000,5999.226000,6027.367000,6050.478000,278.000000,268.000000,319.000000,305.000000,False,SOFT,11.000000,False,Ferrari,5971.364000,,1,6.000000,False,,False,True
2026,12,Dutch Grand Prix,R,6126.165000,HAM,44,hamilton,ferrari,77.302000,11.000000,2.000000,,,26.297000,27.948000,23.057000,6076.775000,6104.723000,6127.780000,278.000000,273.000000,331.000000,306.000000,False,SOFT,12.000000,False,Ferrari,6048.863000,,1,6.000000,False,,False,True
2026,12,Dutch Grand Prix,R,6203.726000,HAM,44,hamilton,ferrari,77.561000,12.000000,2.000000,,,26.262000,28.161000,23.138000,6154.042000,6182.203000,6205.341000,276.000000,269.000000,327.000000,312.000000,False,SOFT,13.000000,False,Ferrari,6126.165000,,1,6.000000,False,,False,True
2026,12,Dutch Grand Prix,R,6281.012000,HAM,44,hamilton,ferrari,77.286000,13.000000,2.000000,,,26.098000,28.196000,22.992000,6231.439000,6259.635000,6282.627000,278.000000,271.000000,326.000000,308.000000,False,SOFT,14.000000,False,Ferrari,6203.726000,,1,6.000000,False,,False,True
2026,12,Dutch Grand Prix,R,6358.520000,HAM,44,hamilton,ferrari,77.508000,14.000000,2.000000,,,26.090000,28.182000,23.236000,6308.717000,6336.899000,6360.135000,280.000000,269.000000,327.000000,311.000000,False,SOFT,15.000000,False,Ferrari,6281.012000,,1,6.000000,False,,False,True
2026,12,Dutch Grand Prix,R,6436.429000,HAM,44,hamilton,ferrari,77.909000,15.000000,2.000000,,,26.173000,28.365000,23.371000,6386.308000,6414.673000,6438.044000,283.000000,269.000000,328.000000,315.000000,False,SOFT,16.000000,False,Ferrari,6358.520000,,1,6.000000,False,,False,True
2026,12,Dutch Grand Prix,R,6514.180000,HAM,44,hamilton,ferrari,77.751000,16.000000,2.000000,,,26.260000,28.208000,23.283000,6464.304000,6492.512000,6515.795000,280.000000,276.000000,318.000000,308.000000,False,SOFT,17.000000,False,Ferrari,6436.429000,,1,6.000000,False,,False,True
2026,12,Dutch Grand Prix,R,6591.986000,HAM,44,hamilton,ferrari,77.806000,17.000000,2.000000,,,26.362000,28.155000,23.289000,6542.157000,6570.312000,6593.601000,285.000000,273.000000,322.000000,298.000000,False,SOFT,18.000000,False,Ferrari,6514.180000,,1,5.000000,False,,False,True
2026,12,Dutch Grand Prix,R,6669.476000,HAM,44,hamilton,ferrari,77.490000,18.000000,2.000000,,,26.219000,28.122000,23.149000,6619.820000,6647.942000,6671.091000,281.000000,270.000000,320.000000,306.000000,False,SOFT,19.000000,False,Ferrari,6591.986000,,1,5.000000,False,,False,True
2026,12,Dutch Grand Prix,R,6746.896000,HAM,44,hamilton,ferrari,77.420000,19.000000,2.000000,,,26.092000,28.113000,23.215000,6697.183000,6725.296000,6748.511000,280.000000,268.000000,320.000000,311.000000,False,SOFT,20.000000,False,Ferrari,6669.476000,,1,4.000000,False,,False,True
2026,12,Dutch Grand Prix,R,6824.617000,HAM,44,hamilton,ferrari,77.721000,20.000000,2.000000,,,26.220000,28.240000,23.261000,6774.731000,6802.971000,6826.232000,281.000000,267.000000,318.000000,309.000000,False,SOFT,21.000000,False,Ferrari,6746.896000,,1,4.000000,False,,False,True
2026,12,Dutch Grand Prix,R,6902.369000,HAM,44,hamilton,ferrari,77.752000,21.000000,2.000000,,,26.217000,28.147000,23.388000,6852.449000,6880.596000,6903.984000,281.000000,273.000000,315.000000,305.000000,False,SOFT,22.000000,False,Ferrari,6824.617000,,1,3.000000,False,,False,True
2026,12,Dutch Grand Prix,R,6979.817000,HAM,44,hamilton,ferrari,77.448000,22.000000,2.000000,,,26.074000,28.034000,23.340000,6930.058000,6958.092000,6981.432000,280.000000,261.000000,310.000000,309.000000,False,SOFT,23.000000,False,Ferrari,6902.369000,,1,1.000000,False,,False,True
2026,12,Dutch Grand Prix,R,7057.688000,HAM,44,hamilton,ferrari,77.871000,23.000000,2.000000,,,26.389000,28.183000,23.299000,7007.821000,7036.004000,7059.303000,283.000000,270.000000,317.000000,304.000000,False,SOFT,24.000000,False,Ferrari,6979.817000,,1,1.000000,False,,False,True
2026,12,Dutch Grand Prix,R,7135.403000,HAM,44,hamilton,ferrari,77.715000,24.000000,2.000000,,,26.228000,28.069000,23.418000,7085.531000,7113.600000,7137.018000,281.000000,265.000000,315.000000,309.000000,False,SOFT,25.000000,False,Ferrari,7057.688000,,1,1.000000,False,,False,True
2026,12,Dutch Grand Prix,R,7216.382000,HAM,44,hamilton,ferrari,80.979000,25.000000,2.000000,,7216.710000,26.392000,28.251000,26.336000,7163.410000,7191.661000,7217.997000,282.000000,271.000000,,308.000000,False,SOFT,26.000000,False,Ferrari,7135.403000,,1,2.000000,False,,False,False
2026,12,Dutch Grand Prix,R,7309.296000,HAM,44,hamilton,ferrari,92.914000,26.000000,3.000000,7234.716000,,42.979000,27.174000,22.761000,7260.976000,7288.150000,7310.911000,281.000000,270.000000,314.000000,308.000000,False,HARD,1.000000,True,Ferrari,7216.382000,,1,6.000000,False,,False,False
2026,12,Dutch Grand Prix,R,7385.278000,HAM,44,hamilton,ferrari,75.982000,27.000000,3.000000,,,25.898000,27.392000,22.692000,7336.809000,7364.201000,7386.893000,278.000000,268.000000,313.000000,299.000000,True,HARD,2.000000,True,Ferrari,7309.296000,,1,6.000000,False,,False,True
2026,12,Dutch Grand Prix,R,7460.844000,HAM,44,hamilton,ferrari,75.566000,28.000000,3.000000,,,25.720000,27.112000,22.734000,7412.613000,7439.725000,7462.459000,277.000000,267.000000,315.000000,306.000000,True,HARD,3.000000,True,Ferrari,7385.278000,,1,6.000000,False,,False,True
2026,12,Dutch Grand Prix,R,7536.358000,HAM,44,hamilton,ferrari,75.514000,29.000000,3.000000,,,25.683000,27.060000,22.771000,7488.142000,7515.202000,7537.973000,277.000000,268.000000,316.000000,308.000000,True,HARD,4.000000,True,Ferrari,7460.844000,,1,6.000000,False,,False,True
2026,12,Dutch Grand Prix,R,7612.365000,HAM,44,hamilton,ferrari,76.007000,30.000000,3.000000,,,25.868000,27.285000,22.854000,7563.841000,7591.126000,7613.980000,277.000000,267.000000,316.000000,307.000000,False,HARD,5.000000,True,Ferrari,7536.358000,,1,6.000000,False,,False,True
2026,12,Dutch Grand Prix,R,7688.031000,HAM,44,hamilton,ferrari,75.666000,31.000000,3.000000,,,25.838000,27.140000,22.688000,7639.818000,7666.958000,7689.646000,279.000000,269.000000,318.000000,304.000000,False,HARD,6.000000,True,Ferrari,7612.365000,,1,6.000000,False,,False,True
2026,12,Dutch Grand Prix,R,7763.603000,HAM,44,hamilton,ferrari,75.572000,32.000000,3.000000,,,25.734000,27.021000,22.817000,7715.380000,7742.401000,7765.218000,279.000000,270.000000,318.000000,308.000000,False,HARD,7.000000,True,Ferrari,7688.031000,,1,6.000000,False,,False,True
2026,12,Dutch Grand Prix,R,7839.528000,HAM,44,hamilton,ferrari,75.925000,33.000000,3.000000,,,25.797000,27.263000,22.865000,7791.015000,7818.278000,7841.143000,283.000000,273.000000,329.000000,310.000000,False,HARD,8.000000,True,Ferrari,7763.603000,,1,6.000000,False,,False,True
2026,12,Dutch Grand Prix,R,7917.475000,HAM,44,hamilton,ferrari,77.947000,34.000000,3.000000,,,26.314000,28.074000,23.559000,7867.457000,7895.531000,7919.090000,281.000000,277.000000,340.000000,315.000000,False,HARD,9.000000,True,Ferrari,7839.528000,,1,6.000000,False,,False,True
2026,12,Dutch Grand Prix,R,7994.891000,HAM,44,hamilton,ferrari,77.416000,35.000000,3.000000,,,26.751000,27.677000,22.988000,7945.841000,7973.518000,7996.506000,278.000000,268.000000,330.000000,308.000000,False,HARD,10.000000,True,Ferrari,7917.475000,,1,5.000000,False,,False,True
2026,12,Dutch Grand Prix,R,8071.318000,HAM,44,hamilton,ferrari,76.427000,36.000000,3.000000,,,26.445000,27.177000,22.805000,8022.951000,8050.128000,8072.933000,284.000000,275.000000,316.000000,288.000000,False,HARD,11.000000,True,Ferrari,7994.891000,,1,5.000000,False,,False,True
2026,12,Dutch Grand Prix,R,8147.283000,HAM,44,hamilton,ferrari,75.965000,37.000000,3.000000,,,25.788000,27.235000,22.942000,8098.721000,8125.956000,8148.898000,284.000000,273.000000,319.000000,309.000000,False,HARD,12.000000,True,Ferrari,8071.318000,,1,5.000000,False,,False,True
2026,12,Dutch Grand Prix,R,8223.387000,HAM,44,hamilton,ferrari,76.104000,38.000000,3.000000,,,25.797000,27.270000,23.037000,8174.695000,8201.965000,8225.002000,282.000000,271.000000,318.000000,312.000000,False,HARD,13.000000,True,Ferrari,8147.283000,,1,5.000000,False,,False,True
2026,12,Dutch Grand Prix,R,8299.700000,HAM,44,hamilton,ferrari,76.313000,39.000000,3.000000,,,25.866000,27.417000,23.030000,8250.868000,8278.285000,8301.315000,285.000000,271.000000,338.000000,310.000000,False,HARD,14.000000,True,Ferrari,8223.387000,,1,5.000000,False,,False,True
2026,12,Dutch Grand Prix,R,8376.203000,HAM,44,hamilton,ferrari,76.503000,40.000000,3.000000,,,26.127000,27.406000,22.970000,8327.442000,8354.848000,8377.818000,283.000000,271.000000,318.000000,301.000000,False,HARD,15.000000,True,Ferrari,8299.700000,,1,4.000000,False,,False,True
2026,12,Dutch Grand Prix,R,8452.247000,HAM,44,hamilton,ferrari,76.044000,41.000000,3.000000,,,25.827000,27.326000,22.891000,8403.645000,8430.971000,8453.862000,288.000000,281.000000,335.000000,313.000000,False,HARD,16.000000,True,Ferrari,8376.203000,,1,3.000000,False,,False,True
2026,12,Dutch Grand Prix,R,8529.082000,HAM,44,hamilton,ferrari,76.835000,42.000000,3.000000,,,26.105000,27.747000,22.983000,8479.967000,8507.714000,8530.697000,279.000000,267.000000,337.000000,314.000000,False,HARD,17.000000,True,Ferrari,8452.247000,,1,3.000000,False,,False,True
2026,12,Dutch Grand Prix,R,8606.495000,HAM,44,hamilton,ferrari,77.413000,43.000000,3.000000,,,25.946000,28.108000,23.359000,8556.643000,8584.751000,8608.110000,280.000000,269.000000,327.000000,313.000000,False,HARD,18.000000,True,Ferrari,8529.082000,,1,2.000000,False,,False,True
2026,12,Dutch Grand Prix,R,8682.648000,HAM,44,hamilton,ferrari,76.153000,44.000000,3.000000,,,25.729000,27.438000,22.986000,8633.839000,8661.277000,8684.263000,274.000000,265.000000,312.000000,322.000000,False,HARD,19.000000,True,Ferrari,8606.495000,,1,2.000000,False,,False,True
2026,12,Dutch Grand Prix,R,8758.850000,HAM,44,hamilton,ferrari,76.202000,45.000000,3.000000,,,25.963000,27.342000,22.897000,8710.226000,8737.568000,8760.465000,286.000000,275.000000,317.000000,304.000000,False,HARD,20.000000,True,Ferrari,8682.648000,,1,2.000000,False,,False,True
2026,12,Dutch Grand Prix,R,8835.407000,HAM,44,hamilton,ferrari,76.557000,46.000000,3.000000,,,26.105000,27.450000,23.002000,8786.570000,8814.020000,8837.022000,284.000000,270.000000,317.000000,302.000000,False,HARD,21.000000,True,Ferrari,8758.850000,,1,2.000000,False,,False,True
2026,12,Dutch Grand Prix,R,8911.936000,HAM,44,hamilton,ferrari,76.529000,47.000000,3.000000,,,25.900000,27.452000,23.177000,8862.922000,8890.374000,8913.551000,284.000000,272.000000,324.000000,310.000000,False,HARD,22.000000,True,Ferrari,8835.407000,,1,2.000000,False,,False,True
2026,12,Dutch Grand Prix,R,8988.241000,HAM,44,hamilton,ferrari,76.305000,48.000000,3.000000,,,25.797000,27.418000,23.090000,8939.348000,8966.766000,8989.856000,278.000000,262.000000,312.000000,311.000000,False,HARD,23.000000,True,Ferrari,8911.936000,,1,1.000000,False,,False,True
2026,12,Dutch Grand Prix,R,9064.515000,HAM,44,hamilton,ferrari,76.274000,49.000000,3.000000,,,26.022000,27.302000,22.950000,9015.878000,9043.180000,9066.130000,287.000000,278.000000,315.000000,304.000000,False,HARD,24.000000,True,Ferrari,8988.241000,,1,1.000000,False,,False,True
2026,12,Dutch Grand Prix,R,9140.685000,HAM,44,hamilton,ferrari,76.170000,50.000000,3.000000,,,25.924000,27.296000,22.950000,9092.054000,9119.350000,9142.300000,280.000000,264.000000,313.000000,308.000000,False,HARD,25.000000,True,Ferrari,9064.515000,,1,1.000000,False,,False,True
2026,12,Dutch Grand Prix,R,9216.796000,HAM,44,hamilton,ferrari,76.111000,51.000000,3.000000,,,25.971000,27.250000,22.890000,9168.271000,9195.521000,9218.411000,283.000000,269.000000,316.000000,303.000000,False,HARD,26.000000,True,Ferrari,9140.685000,,1,1.000000,False,,False,True
2026,12,Dutch Grand Prix,R,9293.123000,HAM,44,hamilton,ferrari,76.327000,52.000000,3.000000,,,25.983000,27.329000,23.015000,9244.394000,9271.723000,9294.738000,281.000000,268.000000,315.000000,306.000000,False,HARD,27.000000,True,Ferrari,9216.796000,,1,1.000000,False,,False,True
2026,12,Dutch Grand Prix,R,9369.845000,HAM,44,hamilton,ferrari,76.722000,53.000000,3.000000,,,26.012000,27.638000,23.072000,9320.750000,9348.388000,9371.460000,285.000000,269.000000,316.000000,307.000000,False,HARD,28.000000,True,Ferrari,9293.123000,,1,1.000000,False,,False,True
2026,12,Dutch Grand Prix,R,9447.856000,HAM,44,hamilton,ferrari,78.011000,54.000000,3.000000,,,26.250000,27.871000,23.890000,9397.710000,9425.581000,9449.471000,280.000000,281.000000,314.000000,317.000000,False,HARD,29.000000,True,Ferrari,9369.845000,,12,2.000000,False,,False,True
2026,12,Dutch Grand Prix,R,9548.336000,HAM,44,hamilton,ferrari,100.480000,55.000000,3.000000,,9548.675000,30.631000,37.342000,32.507000,9480.102000,9517.444000,9549.951000,131.000000,203.000000,,293.000000,False,HARD,30.000000,True,Ferrari,9447.856000,,26,3.000000,False,,False,False
2026,12,Dutch Grand Prix,R,9665.772000,HAM,44,hamilton,ferrari,117.436000,56.000000,4.000000,9567.501000,,52.047000,35.531000,29.858000,9601.998000,9637.529000,9667.387000,230.000000,182.000000,245.000000,293.000000,False,SOFT,8.000000,False,Ferrari,9548.336000,,6,4.000000,False,,False,False
2026,12,Dutch Grand Prix,R,9758.284000,HAM,44,hamilton,ferrari,92.512000,57.000000,4.000000,,,39.036000,30.746000,22.730000,9706.423000,9737.169000,9759.899000,266.000000,286.000000,322.000000,232.000000,False,SOFT,9.000000,False,Ferrari,9665.772000,,671,4.000000,False,,False,False
2026,12,Dutch Grand Prix,R,9833.726000,HAM,44,hamilton,ferrari,75.442000,58.000000,4.000000,,,25.649000,27.188000,22.605000,9785.548000,9812.736000,9835.341000,280.000000,271.000000,314.000000,313.000000,True,SOFT,10.000000,False,Ferrari,9758.284000,,1,4.000000,False,,False,True
2026,12,Dutch Grand Prix,R,9908.608000,HAM,44,hamilton,ferrari,74.882000,59.000000,4.000000,,,25.740000,26.610000,22.532000,9861.081000,9887.691000,9910.223000,280.000000,271.000000,317.000000,308.000000,True,SOFT,11.000000,False,Ferrari,9833.726000,,1,4.000000,False,,False,True
2026,12,Dutch Grand Prix,R,9983.729000,HAM,44,hamilton,ferrari,75.121000,60.000000,4.000000,,,25.558000,26.978000,22.585000,9935.781000,9962.759000,9985.344000,282.000000,269.000000,317.000000,308.000000,False,SOFT,12.000000,False,Ferrari,9908.608000,,1,4.000000,False,,False,True
2026,12,Dutch Grand Prix,R,10058.295000,HAM,44,hamilton,ferrari,74.566000,61.000000,4.000000,,,25.410000,26.655000,22.501000,10010.754000,10037.409000,10059.910000,281.000000,272.000000,318.000000,307.000000,True,SOFT,13.000000,False,Ferrari,9983.729000,,1,4.000000,False,,False,True
2026,12,Dutch Grand Prix,R,10132.947000,HAM,44,hamilton,ferrari,74.652000,62.000000,4.000000,,,25.459000,26.650000,22.543000,10085.369000,10112.019000,10134.562000,282.000000,273.000000,317.000000,309.000000,False,SOFT,14.000000,False,Ferrari,10058.295000,,1,4.000000,False,,False,True
2026,12,Dutch Grand Prix,R,10207.656000,HAM,44,hamilton,ferrari,74.709000,63.000000,4.000000,,,25.562000,26.636000,22.511000,10160.124000,10186.760000,10209.271000,281.000000,275.000000,318.000000,303.000000,False,SOFT,15.000000,False,Ferrari,10132.947000,,1,4.000000,False,,False,True
2026,12,Dutch Grand Prix,R,10282.640000,HAM,44,hamilton,ferrari,74.984000,64.000000,4.000000,,,25.508000,26.900000,22.576000,10234.779000,10261.679000,10284.255000,282.000000,270.000000,317.000000,305.000000,False,SOFT,16.000000,False,Ferrari,10207.656000,,1,4.000000,False,,False,True
2026,12,Dutch Grand Prix,R,10357.474000,HAM,44,hamilton,ferrari,74.834000,65.000000,4.000000,,,25.476000,26.768000,22.590000,10309.731000,10336.499000,10359.089000,285.000000,275.000000,321.000000,303.000000,False,SOFT,17.000000,False,Ferrari,10282.640000,,1,4.000000,False,,False,True
2026,12,Dutch Grand Prix,R,10432.785000,HAM,44,hamilton,ferrari,75.311000,66.000000,4.000000,,,25.539000,27.142000,22.630000,10384.628000,10411.770000,10434.400000,286.000000,277.000000,340.000000,305.000000,False,SOFT,18.000000,False,Ferrari,10357.474000,,1,4.000000,False,,False,True
2026,12,Dutch Grand Prix,R,10509.154000,HAM,44,hamilton,ferrari,76.369000,67.000000,4.000000,,,26.064000,27.594000,22.711000,10460.464000,10488.058000,10510.769000,277.000000,272.000000,340.000000,316.000000,False,SOFT,19.000000,False,Ferrari,10432.785000,,1,4.000000,False,,False,True
2026,12,Dutch Grand Prix,R,10585.138000,HAM,44,hamilton,ferrari,75.984000,68.000000,4.000000,,,25.850000,27.454000,22.680000,10536.619000,10564.073000,10586.753000,276.000000,271.000000,341.000000,316.000000,False,SOFT,20.000000,False,Ferrari,10509.154000,,1,4.000000,False,,False,True
2026,12,Dutch Grand Prix,R,10662.891000,HAM,44,hamilton,ferrari,77.753000,69.000000,4.000000,,,25.862000,27.174000,24.717000,10612.615000,10639.789000,10664.506000,276.000000,294.000000,113.000000,333.000000,False,SOFT,21.000000,False,Ferrari,10585.138000,,16,4.000000,False,,False,False
2026,12,Dutch Grand Prix,R,10754.565000,HAM,44,hamilton,ferrari,91.674000,70.000000,4.000000,,,37.419000,31.640000,22.615000,10701.925000,10733.565000,10756.180000,199.000000,289.000000,337.000000,155.000000,False,SOFT,22.000000,False,Ferrari,10662.891000,,671,4.000000,False,,False,False
2026,12,Dutch Grand Prix,R,10829.803000,HAM,44,hamilton,ferrari,75.238000,71.000000,4.000000,,,25.460000,27.200000,22.578000,10781.640000,10808.840000,10831.418000,282.000000,269.000000,340.000000,330.000000,False,SOFT,23.000000,False,Ferrari,10754.565000,,1,4.000000,False,,False,True
2026,12,Dutch Grand Prix,R,10906.068000,HAM,44,hamilton,ferrari,76.265000,72.000000,4.000000,,,25.963000,27.267000,23.035000,10857.381000,10884.648000,10907.683000,279.000000,287.000000,324.000000,329.000000,False,SOFT,24.000000,False,Ferrari,10829.803000,,1,4.000000,False,,False,True
2026,12,Dutch Grand Prix,R,3502.253000,BOR,5,bortoleto,audi,97.716000,1.000000,1.000000,,,,29.511000,32.255000,,3471.665000,3503.860000,275.000000,266.000000,250.000000,190.000000,False,SOFT,4.000000,False,Audi,3405.791000,,12,16.000000,False,,False,False
2026,12,Dutch Grand Prix,R,3660.621000,BOR,5,bortoleto,audi,,2.000000,1.000000,,3659.141000,37.458000,45.230000,75.677000,3541.324000,3586.551000,3662.289000,116.000000,155.000000,,227.000000,False,SOFT,5.000000,False,Audi,3502.253000,,25,18.000000,False,,False,False
2026,12,Dutch Grand Prix,R,5423.597000,BOR,5,bortoleto,audi,,3.000000,2.000000,5242.793000,,,34.095000,,,5308.289000,,264.000000,196.000000,56.000000,227.000000,False,SOFT,4.000000,False,Audi,5177.312000,,12,15.000000,False,,False,False
2026,12,Dutch Grand Prix,R,5580.776000,BOR,5,bortoleto,audi,,4.000000,2.000000,,,41.640000,30.258000,85.427000,5466.850000,5497.013000,5582.612000,259.000000,193.000000,126.000000,163.000000,False,SOFT,5.000000,False,Audi,5423.597000,,1,15.000000,False,,False,False
2026,12,Dutch Grand Prix,R,5665.657000,BOR,5,bortoleto,audi,84.881000,5.000000,2.000000,,,30.582000,29.926000,24.373000,5612.965000,5642.891000,5667.264000,264.000000,275.000000,326.000000,224.000000,True,SOFT,6.000000,False,Audi,5580.776000,,12,16.000000,False,,False,True
2026,12,Dutch Grand Prix,R,5745.930000,BOR,5,bortoleto,audi,80.273000,6.000000,2.000000,,,27.485000,28.968000,23.820000,5694.749000,5723.717000,5747.537000,282.000000,278.000000,331.000000,272.000000,True,SOFT,7.000000,False,Audi,5665.657000,,1,15.000000,False,,False,True
2026,12,Dutch Grand Prix,R,5824.700000,BOR,5,bortoleto,audi,78.770000,7.000000,2.000000,,,26.932000,28.303000,23.535000,5774.469000,5802.772000,5826.307000,275.000000,278.000000,325.000000,283.000000,True,SOFT,8.000000,False,Audi,5745.930000,,1,14.000000,False,,False,True
2026,12,Dutch Grand Prix,R,5903.717000,BOR,5,bortoleto,audi,79.017000,8.000000,2.000000,,,26.767000,28.715000,23.535000,5853.074000,5881.789000,5905.324000,270.000000,281.000000,322.000000,298.000000,False,SOFT,9.000000,False,Audi,5824.700000,,1,14.000000,False,,False,True
2026,12,Dutch Grand Prix,R,5982.510000,BOR,5,bortoleto,audi,78.793000,9.000000,2.000000,,,26.553000,28.818000,23.422000,5931.877000,5960.695000,5984.117000,278.000000,269.000000,321.000000,287.000000,False,SOFT,10.000000,False,Audi,5903.717000,,1,13.000000,False,,False,True
2026,12,Dutch Grand Prix,R,6061.590000,BOR,5,bortoleto,audi,79.080000,10.000000,2.000000,,,26.691000,28.862000,23.527000,6010.808000,6039.670000,6063.197000,278.000000,274.000000,321.000000,294.000000,False,SOFT,11.000000,False,Audi,5982.510000,,1,13.000000,False,,False,True
2026,12,Dutch Grand Prix,R,6143.633000,BOR,5,bortoleto,audi,82.043000,11.000000,2.000000,,6144.114000,26.696000,28.680000,26.667000,6089.893000,6118.573000,6145.240000,278.000000,280.000000,,301.000000,False,SOFT,12.000000,False,Audi,6061.590000,,1,15.000000,False,,False,False
2026,12,Dutch Grand Prix,R,6236.889000,BOR,5,bortoleto,audi,93.256000,12.000000,3.000000,6162.103000,,42.870000,27.247000,23.139000,6188.110000,6215.357000,6238.496000,275.000000,272.000000,302.000000,301.000000,False,MEDIUM,1.000000,True,Audi,6143.633000,,1,20.000000,False,,False,False
2026,12,Dutch Grand Prix,R,6314.041000,BOR,5,bortoleto,audi,77.152000,13.000000,3.000000,,,26.487000,27.529000,23.136000,6264.983000,6292.512000,6315.648000,271.000000,268.000000,306.000000,287.000000,True,MEDIUM,2.000000,True,Audi,6236.889000,,1,20.000000,False,,False,True
2026,12,Dutch Grand Prix,R,6391.629000,BOR,5,bortoleto,audi,77.588000,14.000000,3.000000,,,26.440000,27.847000,23.301000,6342.088000,6369.935000,6393.236000,271.000000,273.000000,310.000000,293.000000,False,MEDIUM,3.000000,True,Audi,6314.041000,,1,20.000000,False,,False,True
2026,12,Dutch Grand Prix,R,6470.732000,BOR,5,bortoleto,audi,79.103000,15.000000,3.000000,,,26.538000,28.446000,24.119000,6419.774000,6448.220000,6472.339000,275.000000,279.000000,325.000000,298.000000,False,MEDIUM,4.000000,True,Audi,6391.629000,,1,20.000000,False,,False,True
2026,12,Dutch Grand Prix,R,6550.242000,BOR,5,bortoleto,audi,79.510000,16.000000,3.000000,,,26.755000,29.179000,23.576000,6499.094000,6528.273000,6551.849000,280.000000,286.000000,333.000000,290.000000,False,MEDIUM,5.000000,True,Audi,6470.732000,,1,18.000000,False,,False,True
2026,12,Dutch Grand Prix,R,6629.896000,BOR,5,bortoleto,audi,79.654000,17.000000,3.000000,,,27.162000,28.946000,23.546000,6579.011000,6607.957000,6631.503000,278.000000,285.000000,310.000000,281.000000,False,MEDIUM,6.000000,True,Audi,6550.242000,,1,16.000000,False,,False,True
2026,12,Dutch Grand Prix,R,6710.079000,BOR,5,bortoleto,audi,80.183000,18.000000,3.000000,,,26.850000,29.190000,24.143000,6658.353000,6687.543000,6711.686000,276.000000,274.000000,331.000000,286.000000,False,MEDIUM,7.000000,True,Audi,6629.896000,,1,16.000000,False,,False,True
2026,12,Dutch Grand Prix,R,6788.832000,BOR,5,bortoleto,audi,78.753000,19.000000,3.000000,,,26.862000,28.533000,23.358000,6738.548000,6767.081000,6790.439000,274.000000,278.000000,308.000000,285.000000,False,MEDIUM,8.000000,True,Audi,6710.079000,,1,15.000000,False,,False,True
2026,12,Dutch Grand Prix,R,6867.235000,BOR,5,bortoleto,audi,78.403000,20.000000,3.000000,,,26.540000,28.387000,23.476000,6816.979000,6845.366000,6868.842000,272.000000,273.000000,310.000000,294.000000,False,MEDIUM,9.000000,True,Audi,6788.832000,,1,15.000000,False,,False,True
2026,12,Dutch Grand Prix,R,6945.877000,BOR,5,bortoleto,audi,78.642000,21.000000,3.000000,,,26.715000,28.398000,23.529000,6895.557000,6923.955000,6947.484000,275.000000,273.000000,310.000000,290.000000,False,MEDIUM,10.000000,True,Audi,6867.235000,,1,15.000000,False,,False,True
2026,12,Dutch Grand Prix,R,7024.535000,BOR,5,bortoleto,audi,78.658000,22.000000,3.000000,,,26.715000,28.445000,23.498000,,7002.644000,7026.142000,275.000000,276.000000,309.000000,292.000000,False,MEDIUM,11.000000,True,Audi,6945.877000,,1,15.000000,False,,False,True
2026,12,Dutch Grand Prix,R,7103.520000,BOR,5,bortoleto,audi,78.985000,23.000000,3.000000,,,26.837000,28.631000,23.517000,7052.979000,7081.610000,7105.127000,274.000000,274.000000,308.000000,291.000000,False,MEDIUM,12.000000,True,Audi,7024.535000,,1,15.000000,False,,False,True
2026,12,Dutch Grand Prix,R,7182.395000,BOR,5,bortoleto,audi,78.875000,24.000000,3.000000,,,26.747000,28.533000,23.595000,7131.874000,7160.407000,7184.002000,274.000000,275.000000,311.000000,293.000000,False,MEDIUM,13.000000,True,Audi,7103.520000,,1,15.000000,False,,False,True
2026,12,Dutch Grand Prix,R,7261.413000,BOR,5,bortoleto,audi,79.018000,25.000000,3.000000,,,26.740000,28.570000,23.708000,7210.742000,7239.312000,7263.020000,275.000000,275.000000,310.000000,293.000000,False,MEDIUM,14.000000,True,Audi,7182.395000,,1,15.000000,False,,False,True
2026,12,Dutch Grand Prix,R,7340.644000,BOR,5,bortoleto,audi,79.231000,26.000000,3.000000,,,26.900000,28.541000,23.790000,7289.920000,7318.461000,7342.251000,275.000000,275.000000,310.000000,293.000000,False,MEDIUM,15.000000,True,Audi,7261.413000,,1,15.000000,False,,False,True
2026,12,Dutch Grand Prix,R,7420.267000,BOR,5,bortoleto,audi,79.623000,27.000000,3.000000,,,26.940000,28.822000,23.861000,7369.191000,7398.013000,7421.874000,276.000000,278.000000,323.000000,285.000000,False,MEDIUM,16.000000,True,Audi,7340.644000,,1,14.000000,False,,False,True
2026,12,Dutch Grand Prix,R,7500.299000,BOR,5,bortoleto,audi,80.032000,28.000000,3.000000,,,26.771000,29.291000,23.970000,7448.645000,7477.936000,7501.906000,281.000000,282.000000,323.000000,292.000000,False,MEDIUM,17.000000,True,Audi,7420.267000,,1,14.000000,False,,False,True
2026,12,Dutch Grand Prix,R,7580.516000,BOR,5,bortoleto,audi,80.217000,29.000000,3.000000,,,27.057000,29.353000,23.807000,7528.963000,7558.316000,7582.123000,281.000000,283.000000,322.000000,293.000000,False,MEDIUM,18.000000,True,Audi,7500.299000,,1,14.000000,False,,False,True
2026,12,Dutch Grand Prix,R,7660.300000,BOR,5,bortoleto,audi,79.784000,30.000000,3.000000,,,26.773000,28.961000,24.050000,7608.896000,7637.857000,7661.907000,279.000000,282.000000,322.000000,296.000000,False,MEDIUM,19.000000,True,Audi,7580.516000,,1,13.000000,False,,False,True
2026,12,Dutch Grand Prix,R,7739.445000,BOR,5,bortoleto,audi,79.145000,31.000000,3.000000,,,27.022000,28.624000,23.499000,7688.929000,7717.553000,7741.052000,277.000000,281.000000,322.000000,293.000000,False,MEDIUM,20.000000,True,Audi,7660.300000,,1,13.000000,False,,False,True
2026,12,Dutch Grand Prix,R,7818.435000,BOR,5,bortoleto,audi,78.990000,32.000000,3.000000,,,26.796000,28.657000,23.537000,7767.848000,7796.505000,7820.042000,279.000000,280.000000,321.000000,294.000000,False,MEDIUM,21.000000,True,Audi,7739.445000,,1,13.000000,False,,False,True
2026,12,Dutch Grand Prix,R,7897.340000,BOR,5,bortoleto,audi,78.905000,33.000000,3.000000,,,26.747000,28.688000,23.470000,7846.789000,7875.477000,7898.947000,280.000000,281.000000,320.000000,301.000000,False,MEDIUM,22.000000,True,Audi,7818.435000,,1,13.000000,False,,False,True
2026,12,Dutch Grand Prix,R,7979.153000,BOR,5,bortoleto,audi,81.813000,34.000000,3.000000,,7979.608000,26.531000,28.715000,26.567000,7925.478000,7954.193000,7980.760000,279.000000,280.000000,,298.000000,False,MEDIUM,23.000000,True,Audi,7897.340000,,1,14.000000,False,,False,False
2026,12,Dutch Grand Prix,R,8072.777000,BOR,5,bortoleto,audi,93.624000,35.000000,4.000000,7997.059000,,42.371000,28.055000,23.198000,8023.131000,8051.186000,8074.384000,272.000000,283.000000,310.000000,298.000000,False,HARD,1.000000,True,Audi,7979.153000,,1,16.000000,False,,False,False
2026,12,Dutch Grand Prix,R,8150.202000,BOR,5,bortoleto,audi,77.425000,36.000000,4.000000,,,26.507000,27.694000,23.224000,8100.891000,8128.585000,8151.809000,274.000000,272.000000,308.000000,297.000000,False,HARD,2.000000,True,Audi,8072.777000,,1,15.000000,False,,False,True
2026,12,Dutch Grand Prix,R,8227.536000,BOR,5,bortoleto,audi,77.334000,37.000000,4.000000,,,26.409000,27.692000,23.233000,8178.218000,8205.910000,8229.143000,273.000000,274.000000,308.000000,296.000000,False,HARD,3.000000,True,Audi,8150.202000,,1,13.000000,False,,False,True
2026,12,Dutch Grand Prix,R,8304.604000,BOR,5,bortoleto,audi,77.068000,38.000000,4.000000,,,26.467000,27.625000,22.976000,8255.610000,8283.235000,8306.211000,274.000000,289.000000,302.000000,291.000000,True,HARD,4.000000,True,Audi,8227.536000,,1,13.000000,False,,False,True
2026,12,Dutch Grand Prix,R,8382.081000,BOR,5,bortoleto,audi,77.477000,39.000000,4.000000,,,26.571000,27.707000,23.199000,8332.782000,8360.489000,8383.688000,273.000000,273.000000,308.000000,277.000000,False,HARD,5.000000,True,Audi,8304.604000,,1,13.000000,False,,False,True
2026,12,Dutch Grand Prix,R,8462.629000,BOR,5,bortoleto,audi,80.548000,40.000000,4.000000,,,26.825000,30.248000,23.475000,8410.513000,8440.761000,8464.236000,243.000000,280.000000,322.000000,293.000000,False,HARD,6.000000,True,Audi,8382.081000,,1,13.000000,False,,False,True
2026,12,Dutch Grand Prix,R,8540.357000,BOR,5,bortoleto,audi,77.728000,41.000000,4.000000,,,26.508000,28.027000,23.193000,8490.744000,8518.771000,8541.964000,279.000000,280.000000,314.000000,294.000000,False,HARD,7.000000,True,Audi,8462.629000,,1,13.000000,False,,False,True
2026,12,Dutch Grand Prix,R,8617.797000,BOR,5,bortoleto,audi,77.440000,42.000000,4.000000,,,26.369000,27.891000,23.180000,8568.333000,8596.224000,8619.404000,276.000000,278.000000,340.000000,296.000000,False,HARD,8.000000,True,Audi,8540.357000,,1,13.000000,False,,False,True
2026,12,Dutch Grand Prix,R,8697.766000,BOR,5,bortoleto,audi,79.969000,43.000000,4.000000,,,26.656000,29.866000,23.447000,8646.060000,8675.926000,8699.373000,286.000000,282.000000,309.000000,288.000000,False,HARD,9.000000,True,Audi,8617.797000,,1,13.000000,False,,False,True
2026,12,Dutch Grand Prix,R,8775.964000,BOR,5,bortoleto,audi,78.198000,44.000000,4.000000,,,26.597000,28.404000,23.197000,8725.970000,8754.374000,8777.571000,278.000000,282.000000,339.000000,295.000000,False,HARD,10.000000,True,Audi,8697.766000,,1,13.000000,False,,False,True
2026,12,Dutch Grand Prix,R,8853.669000,BOR,5,bortoleto,audi,77.705000,45.000000,4.000000,,,26.273000,27.942000,23.490000,8803.844000,8831.786000,8855.276000,273.000000,275.000000,279.000000,317.000000,False,HARD,11.000000,True,Audi,8775.964000,,1,12.000000,False,,False,True
2026,12,Dutch Grand Prix,R,8932.146000,BOR,5,bortoleto,audi,78.477000,46.000000,4.000000,,,27.332000,27.978000,23.167000,8882.608000,8910.586000,8933.753000,275.000000,275.000000,319.000000,246.000000,False,HARD,12.000000,True,Audi,8853.669000,,1,12.000000,False,,False,True
2026,12,Dutch Grand Prix,R,9009.802000,BOR,5,bortoleto,audi,77.656000,47.000000,4.000000,,,26.547000,27.981000,23.128000,8960.300000,8988.281000,9011.409000,274.000000,273.000000,308.000000,300.000000,False,HARD,13.000000,True,Audi,8932.146000,,1,12.000000,False,,False,True
2026,12,Dutch Grand Prix,R,9087.380000,BOR,5,bortoleto,audi,77.578000,48.000000,4.000000,,,26.410000,27.889000,23.279000,9037.819000,9065.708000,9088.987000,275.000000,275.000000,310.000000,290.000000,False,HARD,14.000000,True,Audi,9009.802000,,1,12.000000,False,,False,True
2026,12,Dutch Grand Prix,R,9164.816000,BOR,5,bortoleto,audi,77.436000,49.000000,4.000000,,,26.463000,27.799000,23.174000,9115.450000,9143.249000,9166.423000,275.000000,277.000000,310.000000,294.000000,False,HARD,15.000000,True,Audi,9087.380000,,1,12.000000,False,,False,True
2026,12,Dutch Grand Prix,R,9242.329000,BOR,5,bortoleto,audi,77.513000,50.000000,4.000000,,,26.492000,27.882000,23.139000,9192.915000,9220.797000,9243.936000,274.000000,275.000000,311.000000,292.000000,False,HARD,16.000000,True,Audi,9164.816000,,1,12.000000,False,,False,True
2026,12,Dutch Grand Prix,R,9321.379000,BOR,5,bortoleto,audi,79.050000,51.000000,4.000000,,,26.381000,28.703000,23.966000,9270.317000,9299.020000,9322.986000,276.000000,192.000000,319.000000,293.000000,False,HARD,17.000000,True,Audi,9242.329000,,1,12.000000,False,,False,True
2026,12,Dutch Grand Prix,R,9398.774000,BOR,5,bortoleto,audi,77.395000,52.000000,4.000000,,,26.372000,27.960000,23.063000,9349.358000,9377.318000,9400.381000,276.000000,274.000000,307.000000,298.000000,False,HARD,18.000000,True,Audi,9321.379000,,1,12.000000,False,,False,True
2026,12,Dutch Grand Prix,R,9480.367000,BOR,5,bortoleto,audi,81.593000,53.000000,4.000000,,9480.786000,26.385000,28.144000,27.064000,9426.766000,9454.910000,9481.974000,276.000000,276.000000,,294.000000,False,HARD,19.000000,True,Audi,9398.774000,,126,12.000000,False,,False,False
2026,12,Dutch Grand Prix,R,9599.822000,BOR,5,bortoleto,audi,119.455000,54.000000,5.000000,9499.850000,,51.996000,36.523000,30.936000,9533.970000,9570.493000,9601.429000,198.000000,162.000000,212.000000,294.000000,False,SOFT,4.000000,False,Audi,9480.367000,,6,13.000000,False,,False,False
2026,12,Dutch Grand Prix,R,9703.267000,BOR,5,bortoleto,audi,103.445000,55.000000,5.000000,,,36.274000,36.332000,30.839000,9637.703000,9674.035000,9704.874000,236.000000,167.000000,248.000000,235.000000,False,SOFT,5.000000,False,Audi,9599.822000,,6,13.000000,False,,False,False
2026,12,Dutch Grand Prix,R,9785.149000,BOR,5,bortoleto,audi,81.882000,56.000000,5.000000,,,32.397000,26.870000,22.615000,9737.271000,9764.141000,9786.756000,287.000000,276.000000,309.000000,212.000000,False,SOFT,6.000000,False,Audi,9703.267000,,671,13.000000,False,,False,False
2026,12,Dutch Grand Prix,R,9860.664000,BOR,5,bortoleto,audi,75.515000,57.000000,5.000000,,,25.849000,26.924000,22.742000,9812.605000,9839.529000,9862.271000,275.000000,275.000000,311.000000,298.000000,True,SOFT,7.000000,False,Audi,9785.149000,,1,13.000000,False,,False,True
2026,12,Dutch Grand Prix,R,9936.712000,BOR,5,bortoleto,audi,76.048000,58.000000,5.000000,,,25.852000,27.390000,22.806000,9888.123000,9915.513000,9938.319000,276.000000,276.000000,310.000000,298.000000,False,SOFT,8.000000,False,Audi,9860.664000,,1,13.000000,False,,False,True
2026,12,Dutch Grand Prix,R,10013.103000,BOR,5,bortoleto,audi,76.391000,59.000000,5.000000,,,26.066000,27.495000,22.830000,9964.385000,9991.880000,10014.710000,277.000000,275.000000,310.000000,295.000000,False,SOFT,9.000000,False,Audi,9936.712000,,1,13.000000,False,,False,True
2026,12,Dutch Grand Prix,R,10088.958000,BOR,5,bortoleto,audi,75.855000,60.000000,5.000000,,,25.740000,27.331000,22.784000,10040.450000,10067.781000,10090.565000,276.000000,279.000000,312.000000,297.000000,False,SOFT,10.000000,False,Audi,10013.103000,,1,13.000000,False,,False,True
2026,12,Dutch Grand Prix,R,10165.306000,BOR,5,bortoleto,audi,76.348000,61.000000,5.000000,,,26.053000,27.432000,22.863000,10116.618000,10144.050000,10166.913000,278.000000,282.000000,323.000000,297.000000,False,SOFT,11.000000,False,Audi,10088.958000,,1,13.000000,False,,False,True
2026,12,Dutch Grand Prix,R,10242.037000,BOR,5,bortoleto,audi,76.731000,62.000000,5.000000,,,25.933000,27.923000,22.875000,10192.846000,10220.769000,10243.644000,280.000000,283.000000,336.000000,302.000000,False,SOFT,12.000000,False,Audi,10165.306000,,1,13.000000,False,,False,True
2026,12,Dutch Grand Prix,R,10319.104000,BOR,5,bortoleto,audi,77.067000,63.000000,5.000000,,,26.475000,27.708000,22.884000,10270.119000,10297.827000,10320.711000,261.000000,285.000000,337.000000,303.000000,False,SOFT,13.000000,False,Audi,10242.037000,,1,13.000000,False,,False,True
2026,12,Dutch Grand Prix,R,10396.987000,BOR,5,bortoleto,audi,77.883000,64.000000,5.000000,,,26.838000,27.930000,23.115000,10347.549000,10375.479000,10398.594000,277.000000,281.000000,317.000000,298.000000,False,SOFT,14.000000,False,Audi,10319.104000,,1,13.000000,False,,False,True
2026,12,Dutch Grand Prix,R,10474.430000,BOR,5,bortoleto,audi,77.443000,65.000000,5.000000,,,26.284000,28.123000,23.036000,10424.878000,10453.001000,10476.037000,281.000000,280.000000,322.000000,298.000000,False,SOFT,15.000000,False,Audi,10396.987000,,1,13.000000,False,,False,True
2026,12,Dutch Grand Prix,R,10551.949000,BOR,5,bortoleto,audi,77.519000,66.000000,5.000000,,,26.303000,28.133000,23.083000,10502.340000,10530.473000,10553.556000,281.000000,281.000000,324.000000,294.000000,False,SOFT,16.000000,False,Audi,10474.430000,,1,13.000000,False,,False,True
2026,12,Dutch Grand Prix,R,10629.547000,BOR,5,bortoleto,audi,77.598000,67.000000,5.000000,,,26.358000,28.295000,22.945000,10579.914000,10608.209000,10631.154000,282.000000,283.000000,322.000000,299.000000,False,SOFT,17.000000,False,Audi,10551.949000,,1,13.000000,False,,False,True
2026,12,Dutch Grand Prix,R,10723.501000,BOR,5,bortoleto,audi,93.954000,68.000000,5.000000,,,26.383000,37.420000,30.151000,10657.537000,10694.957000,10725.108000,282.000000,170.000000,213.000000,299.000000,False,SOFT,18.000000,False,Audi,10629.547000,,167,13.000000,False,,False,False
2026,12,Dutch Grand Prix,R,10801.412000,BOR,5,bortoleto,audi,77.911000,69.000000,5.000000,,,27.126000,27.705000,23.080000,10752.234000,10779.939000,10803.019000,285.000000,285.000000,327.000000,261.000000,False,SOFT,19.000000,False,Audi,10723.501000,,1,13.000000,False,,False,True
2026,12,Dutch Grand Prix,R,10878.296000,BOR,5,bortoleto,audi,76.884000,70.000000,5.000000,,,26.133000,27.978000,22.773000,10829.152000,10857.130000,10879.903000,284.000000,285.000000,334.000000,298.000000,False,SOFT,20.000000,False,Audi,10801.412000,,1,13.000000,False,,False,True
2026,12,Dutch Grand Prix,R,10955.548000,BOR,5,bortoleto,audi,77.252000,71.000000,5.000000,,,26.136000,28.045000,23.071000,10906.039000,10934.084000,10957.155000,282.000000,283.000000,305.000000,294.000000,False,SOFT,21.000000,False,Audi,10878.296000,,1,13.000000,False,,False,True
2026,12,Dutch Grand Prix,R,3504.083000,SAI,55,sainz,williams,97.966000,1.000000,1.000000,,,,30.035000,30.340000,,3473.743000,3504.094000,262.000000,260.000000,275.000000,184.000000,False,SOFT,1.000000,True,Williams,3405.791000,,12,19.000000,False,,False,False
2026,12,Dutch Grand Prix,R,3664.391000,SAI,55,sainz,williams,,2.000000,1.000000,,3661.348000,39.136000,45.754000,75.425000,3543.261000,3588.973000,3664.391000,111.000000,142.000000,,258.000000,False,SOFT,2.000000,True,Williams,3504.083000,,25,19.000000,False,,False,False
2026,12,Dutch Grand Prix,R,5429.510000,SAI,55,sainz,williams,,3.000000,2.000000,5278.844000,,,29.242000,90.386000,,5339.124000,5429.549000,246.000000,236.000000,66.000000,258.000000,False,SOFT,1.000000,True,Williams,5177.312000,,12,18.000000,False,,False,False
2026,12,Dutch Grand Prix,R,5582.538000,SAI,55,sainz,williams,,4.000000,2.000000,,,41.986000,29.529000,81.630000,5471.459000,5501.103000,5582.612000,275.000000,240.000000,153.000000,133.000000,False,SOFT,2.000000,True,Williams,5429.510000,,1,19.000000,False,,False,False
2026,12,Dutch Grand Prix,R,5668.458000,SAI,55,sainz,williams,85.920000,5.000000,2.000000,,,30.935000,29.863000,25.122000,5613.473000,5643.336000,5668.458000,269.000000,290.000000,327.000000,210.000000,True,SOFT,3.000000,True,Williams,5582.538000,,12,20.000000,False,,False,True
2026,12,Dutch Grand Prix,R,5748.906000,SAI,55,sainz,williams,80.448000,6.000000,2.000000,,,27.653000,28.992000,23.803000,5696.111000,5725.103000,5748.906000,283.000000,279.000000,330.000000,261.000000,True,SOFT,4.000000,True,Williams,5668.458000,,1,19.000000,False,,False,True
2026,12,Dutch Grand Prix,R,5828.967000,SAI,55,sainz,williams,80.061000,7.000000,2.000000,,,27.421000,28.746000,23.894000,5776.327000,5805.073000,5828.967000,289.000000,280.000000,320.000000,282.000000,True,SOFT,5.000000,True,Williams,5748.906000,,1,19.000000,False,,False,True
2026,12,Dutch Grand Prix,R,5908.482000,SAI,55,sainz,williams,79.515000,8.000000,2.000000,,,27.107000,28.764000,23.644000,5856.074000,5884.838000,5908.482000,279.000000,276.000000,318.000000,293.000000,True,SOFT,6.000000,True,Williams,5828.967000,,1,18.000000,False,,False,True
2026,12,Dutch Grand Prix,R,5987.677000,SAI,55,sainz,williams,79.195000,9.000000,2.000000,,,26.912000,28.806000,23.477000,5935.394000,5964.200000,5987.677000,280.000000,274.000000,320.000000,308.000000,True,SOFT,7.000000,True,Williams,5908.482000,,1,16.000000,False,,False,True
2026,12,Dutch Grand Prix,R,6066.901000,SAI,55,sainz,williams,79.224000,10.000000,2.000000,,,26.693000,28.977000,23.554000,6014.370000,6043.347000,6066.901000,283.000000,275.000000,320.000000,300.000000,False,SOFT,8.000000,True,Williams,5987.677000,,1,16.000000,False,,False,True
2026,12,Dutch Grand Prix,R,6146.090000,SAI,55,sainz,williams,79.189000,11.000000,2.000000,,,26.757000,28.888000,23.544000,6093.658000,6122.546000,6146.090000,286.000000,278.000000,325.000000,298.000000,True,SOFT,9.000000,True,Williams,6066.901000,,1,16.000000,False,,False,True
2026,12,Dutch Grand Prix,R,6225.740000,SAI,55,sainz,williams,79.650000,12.000000,2.000000,,,26.781000,28.906000,23.963000,6172.871000,6201.777000,6225.740000,286.000000,276.000000,308.000000,302.000000,False,SOFT,10.000000,True,Williams,6146.090000,,1,15.000000,False,,False,True
2026,12,Dutch Grand Prix,R,6305.196000,SAI,55,sainz,williams,79.456000,13.000000,2.000000,,,26.921000,28.953000,23.582000,6252.661000,6281.614000,6305.196000,285.000000,273.000000,322.000000,299.000000,False,SOFT,11.000000,True,Williams,6225.740000,,1,15.000000,False,,False,True
2026,12,Dutch Grand Prix,R,6384.752000,SAI,55,sainz,williams,79.556000,14.000000,2.000000,,,26.747000,29.155000,23.654000,6331.943000,6361.098000,6384.752000,281.000000,272.000000,318.000000,308.000000,False,SOFT,12.000000,True,Williams,6305.196000,,1,15.000000,False,,False,True
2026,12,Dutch Grand Prix,R,6464.288000,SAI,55,sainz,williams,79.536000,15.000000,2.000000,,,26.738000,29.079000,23.719000,6411.490000,6440.569000,6464.288000,284.000000,272.000000,317.000000,311.000000,False,SOFT,13.000000,True,Williams,6384.752000,,1,15.000000,False,,False,True
2026,12,Dutch Grand Prix,R,6543.626000,SAI,55,sainz,williams,79.338000,16.000000,2.000000,,,26.667000,29.080000,23.591000,6490.955000,6520.035000,6543.626000,283.000000,273.000000,318.000000,303.000000,False,SOFT,14.000000,True,Williams,6464.288000,,1,14.000000,False,,False,True
2026,12,Dutch Grand Prix,R,6622.853000,SAI,55,sainz,williams,79.227000,17.000000,2.000000,,,26.582000,29.068000,23.577000,6570.208000,6599.276000,6622.853000,286.000000,272.000000,314.000000,308.000000,False,SOFT,15.000000,True,Williams,6543.626000,,1,13.000000,False,,False,True
2026,12,Dutch Grand Prix,R,6702.371000,SAI,55,sainz,williams,79.518000,18.000000,2.000000,,,26.718000,29.159000,23.641000,6649.571000,6678.730000,6702.371000,285.000000,272.000000,316.000000,306.000000,False,SOFT,16.000000,True,Williams,6622.853000,,1,13.000000,False,,False,True
2026,12,Dutch Grand Prix,R,6781.787000,SAI,55,sainz,williams,79.416000,19.000000,2.000000,,,26.692000,29.084000,23.640000,6729.063000,6758.147000,6781.787000,285.000000,274.000000,318.000000,307.000000,False,SOFT,17.000000,True,Williams,6702.371000,,1,11.000000,False,,False,True
2026,12,Dutch Grand Prix,R,6861.107000,SAI,55,sainz,williams,79.320000,20.000000,2.000000,,,26.741000,29.040000,23.539000,6808.528000,6837.568000,6861.107000,285.000000,274.000000,318.000000,309.000000,False,SOFT,18.000000,True,Williams,6781.787000,,1,10.000000,False,,False,True
2026,12,Dutch Grand Prix,R,6940.645000,SAI,55,sainz,williams,79.538000,21.000000,2.000000,,,26.659000,29.209000,23.670000,6887.766000,6916.975000,6940.645000,285.000000,275.000000,315.000000,309.000000,False,SOFT,19.000000,True,Williams,6861.107000,,1,10.000000,False,,False,True
2026,12,Dutch Grand Prix,R,7020.026000,SAI,55,sainz,williams,79.381000,22.000000,2.000000,,,26.632000,29.083000,23.666000,6967.277000,6996.360000,7020.026000,287.000000,274.000000,316.000000,308.000000,False,SOFT,20.000000,True,Williams,6940.645000,,1,11.000000,False,,False,True
2026,12,Dutch Grand Prix,R,7099.713000,SAI,55,sainz,williams,79.687000,23.000000,2.000000,,,26.643000,29.347000,23.697000,7046.669000,7076.016000,7099.713000,288.000000,276.000000,318.000000,306.000000,False,SOFT,21.000000,True,Williams,7020.026000,,1,12.000000,False,,False,True
2026,12,Dutch Grand Prix,R,7179.429000,SAI,55,sainz,williams,79.716000,24.000000,2.000000,,,26.762000,29.158000,23.796000,7126.475000,7155.633000,7179.429000,277.000000,275.000000,319.000000,306.000000,False,SOFT,22.000000,True,Williams,7099.713000,,1,12.000000,False,,False,True
2026,12,Dutch Grand Prix,R,7259.056000,SAI,55,sainz,williams,79.627000,25.000000,2.000000,,,26.690000,29.231000,23.706000,7206.119000,7235.350000,7259.056000,279.000000,272.000000,315.000000,311.000000,False,SOFT,23.000000,True,Williams,7179.429000,,1,13.000000,False,,False,True
2026,12,Dutch Grand Prix,R,7339.036000,SAI,55,sainz,williams,79.980000,26.000000,2.000000,,,26.931000,29.283000,23.766000,7285.987000,7315.270000,7339.036000,280.000000,271.000000,317.000000,302.000000,False,SOFT,24.000000,True,Williams,7259.056000,,1,13.000000,False,,False,True
2026,12,Dutch Grand Prix,R,7418.715000,SAI,55,sainz,williams,79.679000,27.000000,2.000000,,,26.726000,29.237000,23.716000,7365.762000,7394.999000,7418.715000,279.000000,275.000000,319.000000,306.000000,False,SOFT,25.000000,True,Williams,7339.036000,,1,11.000000,False,,False,True
2026,12,Dutch Grand Prix,R,7498.658000,SAI,55,sainz,williams,79.943000,28.000000,2.000000,,,26.818000,29.232000,23.893000,7445.533000,7474.765000,7498.658000,273.000000,290.000000,313.000000,311.000000,False,SOFT,26.000000,True,Williams,7418.715000,,1,11.000000,False,,False,True
2026,12,Dutch Grand Prix,R,7579.364000,SAI,55,sainz,williams,80.706000,29.000000,2.000000,,,27.678000,29.282000,23.746000,7526.336000,7555.618000,7579.364000,276.000000,273.000000,321.000000,279.000000,False,SOFT,27.000000,True,Williams,7498.658000,,1,11.000000,False,,False,True
2026,12,Dutch Grand Prix,R,7663.068000,SAI,55,sainz,williams,83.704000,30.000000,2.000000,,7662.082000,27.520000,29.516000,26.668000,7606.884000,7636.400000,7663.068000,278.000000,276.000000,,304.000000,False,SOFT,28.000000,True,Williams,7579.364000,,1,15.000000,False,,False,False
2026,12,Dutch Grand Prix,R,7757.858000,SAI,55,sainz,williams,94.790000,31.000000,3.000000,7679.802000,,43.445000,28.022000,23.323000,7706.513000,7734.535000,7757.858000,279.000000,273.000000,309.000000,304.000000,False,HARD,1.000000,True,Williams,7663.068000,,1,17.000000,False,,False,False
2026,12,Dutch Grand Prix,R,7837.467000,SAI,55,sainz,williams,79.609000,32.000000,3.000000,,,26.630000,28.129000,24.850000,7784.488000,7812.617000,7837.467000,283.000000,275.000000,321.000000,301.000000,False,HARD,2.000000,True,Williams,7757.858000,,1,17.000000,False,,False,True
2026,12,Dutch Grand Prix,R,7915.667000,SAI,55,sainz,williams,78.200000,33.000000,3.000000,,,26.740000,28.132000,23.328000,7864.207000,7892.339000,7915.667000,292.000000,279.000000,320.000000,298.000000,True,HARD,3.000000,True,Williams,7837.467000,,1,17.000000,False,,False,True
2026,12,Dutch Grand Prix,R,7995.907000,SAI,55,sainz,williams,80.240000,34.000000,3.000000,,,28.351000,28.354000,23.535000,7944.018000,7972.372000,7995.907000,284.000000,277.000000,314.000000,277.000000,False,HARD,4.000000,True,Williams,7915.667000,,1,17.000000,False,,False,True
2026,12,Dutch Grand Prix,R,8077.280000,SAI,55,sainz,williams,81.373000,35.000000,3.000000,,,27.736000,29.888000,23.749000,8023.643000,8053.531000,8077.280000,292.000000,281.000000,315.000000,219.000000,False,HARD,5.000000,True,Williams,7995.907000,,1,18.000000,False,,False,True
2026,12,Dutch Grand Prix,R,8155.680000,SAI,55,sainz,williams,78.400000,36.000000,3.000000,,,26.476000,28.492000,23.432000,8103.756000,8132.248000,8155.680000,291.000000,278.000000,323.000000,302.000000,False,HARD,6.000000,True,Williams,8077.280000,,1,17.000000,False,,False,True
2026,12,Dutch Grand Prix,R,8234.026000,SAI,55,sainz,williams,78.346000,37.000000,3.000000,,,26.531000,28.428000,23.387000,8182.211000,8210.639000,8234.026000,283.000000,276.000000,320.000000,310.000000,False,HARD,7.000000,True,Williams,8155.680000,,1,16.000000,False,,False,True
2026,12,Dutch Grand Prix,R,8312.510000,SAI,55,sainz,williams,78.484000,38.000000,3.000000,,,26.529000,28.622000,23.333000,8260.555000,8289.177000,8312.510000,284.000000,275.000000,320.000000,309.000000,False,HARD,8.000000,True,Williams,8234.026000,,1,15.000000,False,,False,True
2026,12,Dutch Grand Prix,R,8390.607000,SAI,55,sainz,williams,78.097000,39.000000,3.000000,,,26.326000,28.449000,23.322000,8338.836000,8367.285000,8390.607000,286.000000,275.000000,321.000000,312.000000,True,HARD,9.000000,True,Williams,8312.510000,,1,14.000000,False,,False,True
2026,12,Dutch Grand Prix,R,8468.838000,SAI,55,sainz,williams,78.231000,40.000000,3.000000,,,26.399000,28.496000,23.336000,8417.006000,8445.502000,8468.838000,287.000000,275.000000,320.000000,314.000000,False,HARD,10.000000,True,Williams,8390.607000,,1,14.000000,False,,False,True
2026,12,Dutch Grand Prix,R,8548.199000,SAI,55,sainz,williams,79.361000,41.000000,3.000000,,,26.562000,29.187000,23.612000,8495.400000,8524.587000,8548.199000,288.000000,278.000000,323.000000,310.000000,False,HARD,11.000000,True,Williams,8468.838000,,1,15.000000,False,,False,True
2026,12,Dutch Grand Prix,R,8626.620000,SAI,55,sainz,williams,78.421000,42.000000,3.000000,,,26.674000,28.544000,23.203000,8574.873000,8603.417000,8626.620000,282.000000,275.000000,319.000000,317.000000,False,HARD,12.000000,True,Williams,8548.199000,,1,15.000000,False,,False,True
2026,12,Dutch Grand Prix,R,8706.232000,SAI,55,sainz,williams,79.612000,43.000000,3.000000,,,26.873000,29.226000,23.513000,8653.493000,8682.719000,8706.232000,279.000000,280.000000,321.000000,305.000000,False,HARD,13.000000,True,Williams,8626.620000,,1,16.000000,False,,False,True
2026,12,Dutch Grand Prix,R,8785.990000,SAI,55,sainz,williams,79.758000,44.000000,3.000000,,,27.502000,28.896000,23.360000,8733.734000,8762.630000,8785.990000,283.000000,277.000000,318.000000,316.000000,False,HARD,14.000000,True,Williams,8706.232000,,1,16.000000,False,,False,True
2026,12,Dutch Grand Prix,R,8864.393000,SAI,55,sainz,williams,78.403000,45.000000,3.000000,,,26.534000,28.572000,23.297000,8812.524000,8841.096000,8864.393000,291.000000,278.000000,321.000000,312.000000,False,HARD,15.000000,True,Williams,8785.990000,,1,16.000000,False,,False,True
2026,12,Dutch Grand Prix,R,8943.277000,SAI,55,sainz,williams,78.884000,46.000000,3.000000,,,26.586000,28.644000,23.654000,8890.979000,8919.623000,8943.277000,291.000000,279.000000,317.000000,312.000000,False,HARD,16.000000,True,Williams,8864.393000,,1,16.000000,False,,False,True
2026,12,Dutch Grand Prix,R,9024.879000,SAI,55,sainz,williams,81.602000,47.000000,3.000000,,,27.354000,30.168000,24.080000,8970.631000,9000.799000,9024.879000,291.000000,278.000000,319.000000,266.000000,False,HARD,17.000000,True,Williams,8943.277000,,1,16.000000,True,TRACK LIMITS AT TURN 3 LAP 47 ,False,True
2026,12,Dutch Grand Prix,R,9103.824000,SAI,55,sainz,williams,78.945000,48.000000,3.000000,,,26.747000,28.726000,23.472000,9051.626000,9080.352000,9103.824000,289.000000,279.000000,322.000000,311.000000,False,HARD,18.000000,True,Williams,9024.879000,,1,16.000000,False,,False,True
2026,12,Dutch Grand Prix,R,9182.144000,SAI,55,sainz,williams,78.320000,49.000000,3.000000,,,26.489000,28.506000,23.325000,9130.313000,9158.819000,9182.144000,288.000000,279.000000,319.000000,315.000000,False,HARD,19.000000,True,Williams,9103.824000,,1,16.000000,False,,False,True
2026,12,Dutch Grand Prix,R,9260.673000,SAI,55,sainz,williams,78.529000,50.000000,3.000000,,,26.570000,28.625000,23.334000,9208.714000,9237.339000,9260.673000,288.000000,276.000000,320.000000,310.000000,False,HARD,20.000000,True,Williams,9182.144000,,1,15.000000,False,,False,True
2026,12,Dutch Grand Prix,R,9339.199000,SAI,55,sainz,williams,78.526000,51.000000,3.000000,,,26.483000,28.582000,23.461000,9287.156000,9315.738000,9339.199000,290.000000,277.000000,320.000000,311.000000,False,HARD,21.000000,True,Williams,9260.673000,,1,15.000000,False,,False,True
2026,12,Dutch Grand Prix,R,9417.517000,SAI,55,sainz,williams,78.318000,52.000000,3.000000,,,26.494000,28.430000,23.394000,9365.693000,9394.123000,9417.517000,289.000000,278.000000,319.000000,310.000000,False,HARD,22.000000,True,Williams,9339.199000,,1,15.000000,False,,False,True
2026,12,Dutch Grand Prix,R,9504.143000,SAI,55,sainz,williams,86.626000,53.000000,3.000000,,,26.543000,28.679000,31.404000,9444.060000,9472.739000,9504.143000,289.000000,276.000000,223.000000,312.000000,False,HARD,23.000000,True,Williams,9417.517000,,126,14.000000,False,,False,False
2026,12,Dutch Grand Prix,R,9608.392000,SAI,55,sainz,williams,104.249000,54.000000,3.000000,,,37.074000,36.720000,30.455000,9541.217000,9577.937000,9608.392000,284.000000,211.000000,222.000000,190.000000,False,HARD,24.000000,True,Williams,9504.143000,,6,14.000000,False,,False,False
2026,12,Dutch Grand Prix,R,9710.878000,SAI,55,sainz,williams,102.486000,55.000000,3.000000,,,36.721000,34.438000,31.327000,9645.113000,9679.551000,9710.878000,270.000000,204.000000,238.000000,250.000000,False,HARD,25.000000,True,Williams,9608.392000,,6,14.000000,False,,False,False
2026,12,Dutch Grand Prix,R,9793.744000,SAI,55,sainz,williams,82.866000,56.000000,3.000000,,,31.485000,28.067000,23.314000,9742.363000,9770.430000,9793.744000,298.000000,290.000000,321.000000,164.000000,False,HARD,26.000000,True,Williams,9710.878000,,671,14.000000,False,,False,False
2026,12,Dutch Grand Prix,R,9871.711000,SAI,55,sainz,williams,77.967000,57.000000,3.000000,,,26.268000,28.350000,23.349000,9820.012000,9848.362000,9871.711000,294.000000,279.000000,320.000000,317.000000,True,HARD,27.000000,True,Williams,9793.744000,,1,14.000000,False,,False,True
2026,12,Dutch Grand Prix,R,9949.956000,SAI,55,sainz,williams,78.245000,58.000000,3.000000,,,26.466000,28.427000,23.352000,9898.177000,9926.604000,9949.956000,282.000000,277.000000,321.000000,314.000000,False,HARD,28.000000,True,Williams,9871.711000,,1,14.000000,False,,False,True
2026,12,Dutch Grand Prix,R,10029.526000,SAI,55,sainz,williams,79.570000,59.000000,3.000000,,,26.426000,29.407000,23.737000,9976.382000,10005.789000,10029.526000,282.000000,285.000000,328.000000,317.000000,False,HARD,29.000000,True,Williams,9949.956000,,1,15.000000,False,,False,True
2026,12,Dutch Grand Prix,R,10107.929000,SAI,55,sainz,williams,78.403000,60.000000,3.000000,,,26.439000,28.640000,23.324000,10055.965000,10084.605000,10107.929000,283.000000,276.000000,322.000000,320.000000,False,HARD,30.000000,True,Williams,10029.526000,,1,15.000000,False,,False,True
2026,12,Dutch Grand Prix,R,10186.230000,SAI,55,sainz,williams,78.301000,61.000000,3.000000,,,26.546000,28.534000,23.221000,10134.475000,10163.009000,10186.230000,291.000000,282.000000,321.000000,313.000000,False,HARD,31.000000,True,Williams,10107.929000,,1,16.000000,False,,False,True
2026,12,Dutch Grand Prix,R,10264.660000,SAI,55,sainz,williams,78.430000,62.000000,3.000000,,,26.444000,28.563000,23.423000,10212.674000,10241.237000,10264.660000,281.000000,279.000000,321.000000,316.000000,False,HARD,32.000000,True,Williams,10186.230000,,1,16.000000,False,,False,True
2026,12,Dutch Grand Prix,R,10343.504000,SAI,55,sainz,williams,78.844000,63.000000,3.000000,,,26.666000,28.666000,23.512000,10291.326000,10319.992000,10343.504000,285.000000,277.000000,320.000000,312.000000,False,HARD,33.000000,True,Williams,10264.660000,,1,16.000000,False,,False,True
2026,12,Dutch Grand Prix,R,10423.236000,SAI,55,sainz,williams,79.732000,64.000000,3.000000,,,26.752000,29.344000,23.636000,10370.256000,10399.600000,10423.236000,283.000000,281.000000,322.000000,301.000000,False,HARD,34.000000,True,Williams,10343.504000,,1,16.000000,False,,False,True
2026,12,Dutch Grand Prix,R,10528.460000,SAI,55,sainz,williams,105.224000,65.000000,3.000000,,10527.324000,41.810000,32.920000,30.494000,10465.046000,10497.966000,10528.460000,155.000000,236.000000,,315.000000,False,HARD,35.000000,True,Williams,10423.236000,,1,16.000000,False,,False,False
2026,12,Dutch Grand Prix,R,10624.274000,SAI,55,sainz,williams,95.814000,66.000000,4.000000,10545.388000,,44.309000,28.299000,23.206000,10572.769000,10601.068000,10624.274000,285.000000,287.000000,322.000000,315.000000,False,SOFT,3.000000,False,Williams,10528.460000,,1,17.000000,False,,False,False
2026,12,Dutch Grand Prix,R,10717.384000,SAI,55,sainz,williams,93.110000,67.000000,4.000000,,,26.138000,36.829000,30.143000,10650.412000,10687.241000,10717.384000,292.000000,208.000000,290.000000,310.000000,False,SOFT,4.000000,False,Williams,10624.274000,,167,16.000000,False,,False,False
2026,12,Dutch Grand Prix,R,10795.513000,SAI,55,sainz,williams,78.129000,68.000000,4.000000,,,27.310000,27.764000,23.055000,10744.694000,10772.458000,10795.513000,301.000000,293.000000,324.000000,243.000000,False,SOFT,5.000000,False,Williams,10717.384000,,71,16.000000,False,,False,False
2026,12,Dutch Grand Prix,R,10872.841000,SAI,55,sainz,williams,77.328000,69.000000,4.000000,,,26.289000,27.829000,23.210000,10821.802000,10849.631000,10872.841000,291.000000,280.000000,325.000000,298.000000,True,SOFT,6.000000,False,Williams,10795.513000,,1,16.000000,False,,False,True
2026,12,Dutch Grand Prix,R,10951.148000,SAI,55,sainz,williams,78.307000,70.000000,4.000000,,,26.403000,28.257000,23.647000,10899.244000,10927.501000,10951.148000,296.000000,281.000000,312.000000,304.000000,False,SOFT,7.000000,False,Williams,10872.841000,,1,16.000000,False,,False,True
2026,12,Dutch Grand Prix,R,3490.459000,RUS,63,russell,mercedes,85.937000,1.000000,1.000000,,,,27.717000,25.891000,,3466.271000,3492.096000,284.000000,278.000000,318.000000,212.000000,False,MEDIUM,1.000000,True,Mercedes,3405.791000,,1,3.000000,False,,False,False
2026,12,Dutch Grand Prix,R,3616.695000,RUS,63,russell,mercedes,126.236000,2.000000,1.000000,,3615.872000,26.817000,40.909000,58.510000,3518.899000,3559.808000,3618.318000,285.000000,136.000000,,262.000000,False,MEDIUM,2.000000,True,Mercedes,3490.459000,,125,3.000000,False,,False,False
2026,12,Dutch Grand Prix,R,5319.132000,RUS,63,russell,mercedes,,3.000000,2.000000,5189.569000,,,35.135000,62.378000,,5258.448000,5320.755000,251.000000,224.000000,51.000000,262.000000,False,MEDIUM,3.000000,False,Mercedes,5177.312000,,1,3.000000,False,,False,False
2026,12,Dutch Grand Prix,R,5518.339000,RUS,63,russell,mercedes,,4.000000,2.000000,,,,28.967000,57.762000,,5462.356000,5520.258000,242.000000,246.000000,54.000000,147.000000,False,MEDIUM,4.000000,False,Mercedes,5319.132000,,12,3.000000,False,,False,False
2026,12,Dutch Grand Prix,R,5660.148000,RUS,63,russell,mercedes,141.809000,5.000000,2.000000,,,89.781000,28.590000,23.438000,5609.743000,5638.333000,5661.771000,264.000000,265.000000,328.000000,220.000000,True,MEDIUM,5.000000,False,Mercedes,5518.339000,,12,4.000000,False,,False,True
2026,12,Dutch Grand Prix,R,5738.106000,RUS,63,russell,mercedes,77.958000,6.000000,2.000000,,,26.774000,27.981000,23.203000,5688.545000,5716.526000,5739.729000,285.000000,266.000000,332.000000,282.000000,True,MEDIUM,6.000000,False,Mercedes,5660.148000,,1,4.000000,False,,False,True
2026,12,Dutch Grand Prix,R,5815.650000,RUS,63,russell,mercedes,77.544000,7.000000,2.000000,,,26.498000,27.877000,23.169000,5766.227000,5794.104000,5817.273000,278.000000,275.000000,325.000000,289.000000,True,MEDIUM,7.000000,False,Mercedes,5738.106000,,1,4.000000,False,,False,True
2026,12,Dutch Grand Prix,R,5892.964000,RUS,63,russell,mercedes,77.314000,8.000000,2.000000,,,26.277000,27.940000,23.097000,5843.550000,5871.490000,5894.587000,277.000000,271.000000,324.000000,299.000000,True,MEDIUM,8.000000,False,Mercedes,5815.650000,,1,4.000000,False,,False,True
2026,12,Dutch Grand Prix,R,5969.945000,RUS,63,russell,mercedes,76.981000,9.000000,2.000000,,,26.033000,27.832000,23.116000,5920.620000,5948.452000,5971.568000,281.000000,274.000000,324.000000,308.000000,True,MEDIUM,9.000000,False,Mercedes,5892.964000,,1,4.000000,False,,False,True
2026,12,Dutch Grand Prix,R,6047.294000,RUS,63,russell,mercedes,77.349000,10.000000,2.000000,,,26.125000,28.121000,23.103000,5997.693000,6025.814000,6048.917000,278.000000,269.000000,324.000000,312.000000,False,MEDIUM,10.000000,False,Mercedes,5969.945000,,1,4.000000,False,,False,True
2026,12,Dutch Grand Prix,R,6124.828000,RUS,63,russell,mercedes,77.534000,11.000000,2.000000,,,26.175000,28.261000,23.098000,6075.092000,6103.353000,6126.451000,276.000000,270.000000,324.000000,309.000000,False,MEDIUM,11.000000,False,Mercedes,6047.294000,,1,4.000000,False,,False,True
2026,12,Dutch Grand Prix,R,6202.117000,RUS,63,russell,mercedes,77.289000,12.000000,2.000000,,,26.128000,28.076000,23.085000,6152.579000,6180.655000,6203.740000,278.000000,269.000000,324.000000,311.000000,False,MEDIUM,12.000000,False,Mercedes,6124.828000,,1,4.000000,False,,False,True
2026,12,Dutch Grand Prix,R,6279.539000,RUS,63,russell,mercedes,77.422000,13.000000,2.000000,,,26.092000,28.184000,23.146000,6229.832000,6258.016000,6281.162000,279.000000,272.000000,323.000000,313.000000,False,MEDIUM,13.000000,False,Mercedes,6202.117000,,1,4.000000,False,,False,True
2026,12,Dutch Grand Prix,R,6357.160000,RUS,63,russell,mercedes,77.621000,14.000000,2.000000,,,26.050000,28.417000,23.154000,6307.212000,6335.629000,6358.783000,278.000000,270.000000,323.000000,316.000000,False,MEDIUM,14.000000,False,Mercedes,6279.539000,,1,4.000000,False,,False,True
2026,12,Dutch Grand Prix,R,6434.952000,RUS,63,russell,mercedes,77.792000,15.000000,2.000000,,,26.086000,28.426000,23.280000,6384.869000,6413.295000,6436.575000,279.000000,270.000000,322.000000,310.000000,False,MEDIUM,15.000000,False,Mercedes,6357.160000,,1,4.000000,False,,False,True
2026,12,Dutch Grand Prix,R,6512.608000,RUS,63,russell,mercedes,77.656000,16.000000,2.000000,,,26.127000,28.346000,23.183000,6462.702000,6491.048000,6514.231000,280.000000,272.000000,322.000000,311.000000,False,MEDIUM,16.000000,False,Mercedes,6434.952000,,1,4.000000,False,,False,True
2026,12,Dutch Grand Prix,R,6592.743000,RUS,63,russell,mercedes,80.135000,17.000000,2.000000,,6593.121000,26.208000,28.156000,25.771000,6540.439000,6568.595000,6594.366000,277.000000,274.000000,,314.000000,False,MEDIUM,17.000000,False,Mercedes,6512.608000,,1,6.000000,False,,False,False
2026,12,Dutch Grand Prix,R,6686.415000,RUS,63,russell,mercedes,93.672000,18.000000,3.000000,6611.221000,,42.558000,27.890000,23.224000,6636.924000,6664.814000,6688.038000,289.000000,278.000000,324.000000,314.000000,False,HARD,1.000000,True,Mercedes,6592.743000,,1,7.000000,False,,False,False
2026,12,Dutch Grand Prix,R,6762.597000,RUS,63,russell,mercedes,76.182000,19.000000,3.000000,,,25.785000,27.463000,22.934000,6713.823000,6741.286000,6764.220000,274.000000,269.000000,321.000000,312.000000,True,HARD,2.000000,True,Mercedes,6686.415000,,1,6.000000,False,,False,True
2026,12,Dutch Grand Prix,R,6839.166000,RUS,63,russell,mercedes,76.569000,20.000000,3.000000,,,25.907000,27.726000,22.936000,6790.127000,6817.853000,6840.789000,281.000000,275.000000,321.000000,310.000000,False,HARD,3.000000,True,Mercedes,6762.597000,,1,6.000000,False,,False,True
2026,12,Dutch Grand Prix,R,6915.711000,RUS,63,russell,mercedes,76.545000,21.000000,3.000000,,,25.822000,27.862000,22.861000,6866.611000,6894.473000,6917.334000,280.000000,275.000000,320.000000,307.000000,False,HARD,4.000000,True,Mercedes,6839.166000,,1,5.000000,False,,False,True
2026,12,Dutch Grand Prix,R,6992.128000,RUS,63,russell,mercedes,76.417000,22.000000,3.000000,,,25.922000,27.667000,22.828000,6943.256000,6970.923000,6993.751000,281.000000,274.000000,322.000000,309.000000,False,HARD,5.000000,True,Mercedes,6915.711000,,1,4.000000,False,,False,True
2026,12,Dutch Grand Prix,R,7068.423000,RUS,63,russell,mercedes,76.295000,23.000000,3.000000,,,25.779000,27.721000,22.795000,7019.530000,7047.251000,7070.046000,279.000000,275.000000,322.000000,312.000000,False,HARD,6.000000,True,Mercedes,6992.128000,,1,4.000000,False,,False,True
2026,12,Dutch Grand Prix,R,7145.038000,RUS,63,russell,mercedes,76.615000,24.000000,3.000000,,,25.800000,27.875000,22.940000,7095.846000,7123.721000,7146.661000,280.000000,272.000000,322.000000,310.000000,False,HARD,7.000000,True,Mercedes,7068.423000,,1,4.000000,False,,False,True
2026,12,Dutch Grand Prix,R,7221.701000,RUS,63,russell,mercedes,76.663000,25.000000,3.000000,,,25.946000,27.786000,22.931000,7172.607000,7200.393000,7223.324000,279.000000,272.000000,321.000000,312.000000,False,HARD,8.000000,True,Mercedes,7145.038000,,1,4.000000,False,,False,True
2026,12,Dutch Grand Prix,R,7298.390000,RUS,63,russell,mercedes,76.689000,26.000000,3.000000,,,25.913000,27.893000,22.883000,7249.237000,7277.130000,7300.013000,279.000000,275.000000,321.000000,313.000000,False,HARD,9.000000,True,Mercedes,7221.701000,,1,3.000000,False,,False,True
2026,12,Dutch Grand Prix,R,7374.907000,RUS,63,russell,mercedes,76.517000,27.000000,3.000000,,,25.826000,27.870000,22.821000,7325.839000,7353.709000,7376.530000,280.000000,273.000000,321.000000,314.000000,False,HARD,10.000000,True,Mercedes,7298.390000,,1,3.000000,False,,False,True
2026,12,Dutch Grand Prix,R,7451.610000,RUS,63,russell,mercedes,76.703000,28.000000,3.000000,,,25.928000,27.876000,22.899000,7402.458000,7430.334000,7453.233000,278.000000,271.000000,321.000000,312.000000,False,HARD,11.000000,True,Mercedes,7374.907000,,1,3.000000,False,,False,True
2026,12,Dutch Grand Prix,R,7528.209000,RUS,63,russell,mercedes,76.599000,29.000000,3.000000,,,25.899000,27.804000,22.896000,7479.132000,7506.936000,7529.832000,279.000000,273.000000,321.000000,315.000000,False,HARD,12.000000,True,Mercedes,7451.610000,,1,3.000000,False,,False,True
2026,12,Dutch Grand Prix,R,7604.804000,RUS,63,russell,mercedes,76.595000,30.000000,3.000000,,,25.842000,27.743000,23.010000,7555.674000,7583.417000,7606.427000,279.000000,275.000000,323.000000,313.000000,False,HARD,13.000000,True,Mercedes,7528.209000,,1,3.000000,False,,False,True
2026,12,Dutch Grand Prix,R,7681.334000,RUS,63,russell,mercedes,76.530000,31.000000,3.000000,,,25.895000,27.846000,22.789000,7632.322000,7660.168000,7682.957000,280.000000,275.000000,323.000000,311.000000,False,HARD,14.000000,True,Mercedes,7604.804000,,1,3.000000,False,,False,True
2026,12,Dutch Grand Prix,R,7758.292000,RUS,63,russell,mercedes,76.958000,32.000000,3.000000,,,25.853000,27.948000,23.157000,7708.810000,7736.758000,7759.915000,280.000000,277.000000,329.000000,318.000000,False,HARD,15.000000,True,Mercedes,7681.334000,,1,3.000000,False,,False,True
2026,12,Dutch Grand Prix,R,7835.133000,RUS,63,russell,mercedes,76.841000,33.000000,3.000000,,,26.015000,27.901000,22.925000,7785.930000,7813.831000,7836.756000,285.000000,276.000000,321.000000,312.000000,False,HARD,16.000000,True,Mercedes,7758.292000,,1,3.000000,False,,False,True
2026,12,Dutch Grand Prix,R,7911.990000,RUS,63,russell,mercedes,76.857000,34.000000,3.000000,,,25.899000,27.830000,23.128000,7862.655000,7890.485000,7913.613000,283.000000,274.000000,321.000000,313.000000,False,HARD,17.000000,True,Mercedes,7835.133000,,1,3.000000,False,,False,True
2026,12,Dutch Grand Prix,R,7988.934000,RUS,63,russell,mercedes,76.944000,35.000000,3.000000,,,25.937000,27.926000,23.081000,7939.550000,7967.476000,7990.557000,281.000000,274.000000,324.000000,311.000000,False,HARD,18.000000,True,Mercedes,7911.990000,,1,3.000000,False,,False,True
2026,12,Dutch Grand Prix,R,8066.110000,RUS,63,russell,mercedes,77.176000,36.000000,3.000000,,,25.995000,27.964000,23.217000,8016.552000,8044.516000,8067.733000,283.000000,278.000000,327.000000,314.000000,False,HARD,19.000000,True,Mercedes,7988.934000,,1,3.000000,False,,False,True
2026,12,Dutch Grand Prix,R,8143.028000,RUS,63,russell,mercedes,76.918000,37.000000,3.000000,,,26.021000,27.805000,23.092000,8093.754000,8121.559000,8144.651000,283.000000,276.000000,322.000000,306.000000,False,HARD,20.000000,True,Mercedes,8066.110000,,1,3.000000,False,,False,True
2026,12,Dutch Grand Prix,R,8219.790000,RUS,63,russell,mercedes,76.762000,38.000000,3.000000,,,25.924000,27.843000,22.995000,8170.575000,8198.418000,8221.413000,284.000000,278.000000,323.000000,314.000000,False,HARD,21.000000,True,Mercedes,8143.028000,,1,3.000000,False,,False,True
2026,12,Dutch Grand Prix,R,8297.192000,RUS,63,russell,mercedes,77.402000,39.000000,3.000000,,,26.148000,28.174000,23.080000,8247.561000,8275.735000,8298.815000,283.000000,277.000000,323.000000,305.000000,False,HARD,22.000000,True,Mercedes,8219.790000,,1,3.000000,False,,False,True
2026,12,Dutch Grand Prix,R,8376.685000,RUS,63,russell,mercedes,79.493000,40.000000,3.000000,,8377.092000,25.918000,27.892000,25.683000,8324.733000,8352.625000,8378.308000,281.000000,277.000000,,315.000000,False,HARD,23.000000,True,Mercedes,8297.192000,,1,5.000000,False,,False,False
2026,12,Dutch Grand Prix,R,8468.792000,RUS,63,russell,mercedes,92.107000,41.000000,4.000000,8394.548000,,42.112000,27.248000,22.747000,8420.420000,8447.668000,8470.415000,285.000000,281.000000,324.000000,315.000000,False,HARD,1.000000,True,Mercedes,8376.685000,,1,6.000000,False,,False,False
2026,12,Dutch Grand Prix,R,8544.616000,RUS,63,russell,mercedes,75.824000,42.000000,4.000000,,,25.763000,27.477000,22.584000,8496.178000,8523.655000,8546.239000,280.000000,272.000000,322.000000,312.000000,True,HARD,2.000000,True,Mercedes,8468.792000,,1,6.000000,False,,False,True
2026,12,Dutch Grand Prix,R,8620.031000,RUS,63,russell,mercedes,75.415000,43.000000,4.000000,,,25.627000,27.152000,22.636000,8571.866000,8599.018000,8621.654000,279.000000,279.000000,324.000000,313.000000,True,HARD,3.000000,True,Mercedes,8544.616000,,1,6.000000,False,,False,True
2026,12,Dutch Grand Prix,R,8696.728000,RUS,63,russell,mercedes,76.697000,44.000000,4.000000,,,25.686000,28.039000,22.972000,8647.340000,8675.379000,8698.351000,281.000000,281.000000,331.000000,310.000000,False,HARD,4.000000,True,Mercedes,8620.031000,,1,4.000000,False,,False,True
2026,12,Dutch Grand Prix,R,8772.675000,RUS,63,russell,mercedes,75.947000,45.000000,4.000000,,,25.979000,27.282000,22.686000,8724.330000,8751.612000,8774.298000,283.000000,276.000000,320.000000,300.000000,False,HARD,5.000000,True,Mercedes,8696.728000,,1,4.000000,False,,False,True
2026,12,Dutch Grand Prix,R,8848.068000,RUS,63,russell,mercedes,75.393000,46.000000,4.000000,,,25.548000,27.238000,22.607000,8799.846000,8827.084000,8849.691000,282.000000,278.000000,321.000000,314.000000,True,HARD,6.000000,True,Mercedes,8772.675000,,1,4.000000,False,,False,True
2026,12,Dutch Grand Prix,R,8923.651000,RUS,63,russell,mercedes,75.583000,47.000000,4.000000,,,25.620000,27.291000,22.672000,8875.311000,8902.602000,8925.274000,282.000000,275.000000,320.000000,315.000000,False,HARD,7.000000,True,Mercedes,8848.068000,,1,4.000000,False,,False,True
2026,12,Dutch Grand Prix,R,8999.476000,RUS,63,russell,mercedes,75.825000,48.000000,4.000000,,,25.702000,27.385000,22.738000,8950.976000,8978.361000,9001.099000,290.000000,274.000000,318.000000,309.000000,False,HARD,8.000000,True,Mercedes,8923.651000,,1,4.000000,False,,False,True
2026,12,Dutch Grand Prix,R,9075.009000,RUS,63,russell,mercedes,75.533000,49.000000,4.000000,,,25.564000,27.278000,22.691000,9026.663000,9053.941000,9076.632000,286.000000,277.000000,322.000000,304.000000,False,HARD,9.000000,True,Mercedes,8999.476000,,1,4.000000,False,,False,True
2026,12,Dutch Grand Prix,R,9150.580000,RUS,63,russell,mercedes,75.571000,50.000000,4.000000,,,25.507000,27.416000,22.648000,9102.139000,9129.555000,9152.203000,287.000000,279.000000,333.000000,310.000000,False,HARD,10.000000,True,Mercedes,9075.009000,,1,4.000000,False,,False,True
2026,12,Dutch Grand Prix,R,9226.203000,RUS,63,russell,mercedes,75.623000,51.000000,4.000000,,,25.750000,27.273000,22.600000,9177.953000,9205.226000,9227.826000,293.000000,283.000000,323.000000,300.000000,False,HARD,11.000000,True,Mercedes,9150.580000,,1,4.000000,False,,False,True
2026,12,Dutch Grand Prix,R,9301.865000,RUS,63,russell,mercedes,75.662000,52.000000,4.000000,,,25.630000,27.416000,22.616000,9253.456000,9280.872000,9303.488000,289.000000,278.000000,320.000000,305.000000,False,HARD,12.000000,True,Mercedes,9226.203000,,1,4.000000,False,,False,True
2026,12,Dutch Grand Prix,R,9377.411000,RUS,63,russell,mercedes,75.546000,53.000000,4.000000,,,25.637000,27.229000,22.680000,9329.125000,9356.354000,9379.034000,287.000000,278.000000,321.000000,304.000000,False,HARD,13.000000,True,Mercedes,9301.865000,,1,4.000000,False,,False,True
2026,12,Dutch Grand Prix,R,9453.065000,RUS,63,russell,mercedes,75.654000,54.000000,4.000000,,,25.599000,27.308000,22.747000,9404.633000,9431.941000,9454.688000,286.000000,276.000000,320.000000,308.000000,False,HARD,14.000000,True,Mercedes,9377.411000,,12,4.000000,False,,False,True
2026,12,Dutch Grand Prix,R,9552.418000,RUS,63,russell,mercedes,99.353000,55.000000,4.000000,,,31.399000,35.749000,32.205000,9486.087000,9521.836000,9554.041000,224.000000,180.000000,235.000000,301.000000,False,HARD,15.000000,True,Mercedes,9453.065000,,26,4.000000,False,,False,False
2026,12,Dutch Grand Prix,R,9656.450000,RUS,63,russell,mercedes,104.032000,56.000000,4.000000,,,35.960000,36.123000,31.949000,9590.001000,9626.124000,9658.073000,240.000000,223.000000,242.000000,209.000000,False,HARD,16.000000,True,Mercedes,9552.418000,,6,3.000000,False,,False,False
2026,12,Dutch Grand Prix,R,9750.621000,RUS,63,russell,mercedes,94.171000,57.000000,4.000000,,,35.924000,34.454000,23.793000,9693.997000,9728.451000,9752.244000,243.000000,255.000000,322.000000,251.000000,False,HARD,17.000000,True,Mercedes,9656.450000,,671,2.000000,False,,False,False
2026,12,Dutch Grand Prix,R,9826.202000,RUS,63,russell,mercedes,75.581000,58.000000,4.000000,,,25.755000,27.210000,22.616000,9777.999000,9805.209000,9827.825000,284.000000,278.000000,318.000000,309.000000,False,HARD,18.000000,True,Mercedes,9750.621000,,1,2.000000,False,,False,True
2026,12,Dutch Grand Prix,R,9901.676000,RUS,63,russell,mercedes,75.474000,59.000000,4.000000,,,25.580000,27.299000,22.595000,9853.405000,9880.704000,9903.299000,287.000000,276.000000,318.000000,306.000000,False,HARD,19.000000,True,Mercedes,9826.202000,,1,2.000000,False,,False,True
2026,12,Dutch Grand Prix,R,9977.095000,RUS,63,russell,mercedes,75.419000,60.000000,4.000000,,,25.605000,27.246000,22.568000,9928.904000,9956.150000,9978.718000,286.000000,277.000000,321.000000,304.000000,False,HARD,20.000000,True,Mercedes,9901.676000,,1,2.000000,False,,False,True
2026,12,Dutch Grand Prix,R,10052.531000,RUS,63,russell,mercedes,75.436000,61.000000,4.000000,,,25.492000,27.245000,22.699000,10004.210000,10031.455000,10054.154000,285.000000,278.000000,319.000000,305.000000,False,HARD,21.000000,True,Mercedes,9977.095000,,1,2.000000,False,,False,True
2026,12,Dutch Grand Prix,R,10128.015000,RUS,63,russell,mercedes,75.484000,62.000000,4.000000,,,25.641000,27.283000,22.560000,10079.795000,10107.078000,10129.638000,286.000000,278.000000,319.000000,300.000000,False,HARD,22.000000,True,Mercedes,10052.531000,,1,2.000000,False,,False,True
2026,12,Dutch Grand Prix,R,10203.648000,RUS,63,russell,mercedes,75.633000,63.000000,4.000000,,,25.622000,27.434000,22.577000,10155.260000,10182.694000,10205.271000,285.000000,278.000000,321.000000,302.000000,False,HARD,23.000000,True,Mercedes,10128.015000,,1,2.000000,False,,False,True
2026,12,Dutch Grand Prix,R,10279.313000,RUS,63,russell,mercedes,75.665000,64.000000,4.000000,,,25.691000,27.329000,22.645000,10230.962000,10258.291000,10280.936000,283.000000,278.000000,321.000000,308.000000,False,HARD,24.000000,True,Mercedes,10203.648000,,1,2.000000,False,,False,True
2026,12,Dutch Grand Prix,R,10354.774000,RUS,63,russell,mercedes,75.461000,65.000000,4.000000,,,25.540000,27.205000,22.716000,10306.476000,10333.681000,10356.397000,285.000000,278.000000,321.000000,311.000000,False,HARD,25.000000,True,Mercedes,10279.313000,,1,2.000000,False,,False,True
2026,12,Dutch Grand Prix,R,10432.356000,RUS,63,russell,mercedes,77.582000,66.000000,4.000000,,,27.086000,27.666000,22.830000,10383.483000,10411.149000,10433.979000,287.000000,275.000000,325.000000,235.000000,False,HARD,26.000000,True,Mercedes,10354.774000,,1,3.000000,False,,False,True
2026,12,Dutch Grand Prix,R,10508.753000,RUS,63,russell,mercedes,76.397000,67.000000,4.000000,,,25.902000,27.682000,22.813000,10459.881000,10487.563000,10510.376000,282.000000,279.000000,323.000000,318.000000,False,HARD,27.000000,True,Mercedes,10432.356000,,1,3.000000,False,,False,True
2026,12,Dutch Grand Prix,R,10584.752000,RUS,63,russell,mercedes,75.999000,68.000000,4.000000,,,25.772000,27.469000,22.758000,10536.148000,10563.617000,10586.375000,281.000000,279.000000,323.000000,317.000000,False,HARD,28.000000,True,Mercedes,10508.753000,,1,3.000000,False,,False,True
2026,12,Dutch Grand Prix,R,10661.828000,RUS,63,russell,mercedes,77.076000,69.000000,4.000000,,,25.704000,27.632000,23.740000,10612.079000,10639.711000,10663.451000,280.000000,287.000000,166.000000,310.000000,False,HARD,29.000000,True,Mercedes,10584.752000,,16,3.000000,False,,False,False
2026,12,Dutch Grand Prix,R,10753.869000,RUS,63,russell,mercedes,92.041000,70.000000,4.000000,,,38.148000,31.182000,22.711000,10701.599000,10732.781000,10755.492000,201.000000,288.000000,322.000000,187.000000,False,HARD,30.000000,True,Mercedes,10661.828000,,671,3.000000,False,,False,False
2026,12,Dutch Grand Prix,R,10829.441000,RUS,63,russell,mercedes,75.572000,71.000000,4.000000,,,25.678000,27.235000,22.659000,10781.170000,10808.405000,10831.064000,282.000000,289.000000,322.000000,320.000000,False,HARD,31.000000,True,Mercedes,10753.869000,,1,3.000000,False,,False,True
2026,12,Dutch Grand Prix,R,10905.219000,RUS,63,russell,mercedes,75.778000,72.000000,4.000000,,,25.719000,27.301000,22.758000,10856.783000,10884.084000,10906.842000,287.000000,284.000000,312.000000,322.000000,False,HARD,32.000000,True,Mercedes,10829.441000,,1,3.000000,False,,False,True
2026,12,Dutch Grand Prix,R,3505.577000,BOT,77,bottas,cadillac,101.015000,1.000000,1.000000,,,,30.198000,32.647000,,3474.508000,3507.152000,260.000000,265.000000,248.000000,200.000000,False,HARD,1.000000,True,Cadillac,3405.791000,,12,20.000000,False,,False,False
2026,12,Dutch Grand Prix,R,3674.003000,BOT,77,bottas,cadillac,,2.000000,1.000000,,3669.252000,42.734000,45.911000,79.806000,3549.933000,3595.772000,3675.957000,104.000000,132.000000,,234.000000,False,HARD,2.000000,True,Cadillac,3505.577000,,25,21.000000,False,,False,False
2026,12,Dutch Grand Prix,R,5427.192000,BOT,77,bottas,cadillac,,3.000000,2.000000,5281.313000,,,31.352000,85.798000,,5343.045000,5428.767000,257.000000,158.000000,56.000000,234.000000,False,HARD,1.000000,True,Cadillac,5177.312000,,12,17.000000,False,,False,False
2026,12,Dutch Grand Prix,R,5581.213000,BOT,77,bottas,cadillac,,4.000000,2.000000,,,44.168000,30.644000,79.327000,5472.928000,5503.556000,5582.977000,255.000000,171.000000,158.000000,96.000000,False,HARD,2.000000,True,Cadillac,5427.192000,,1,17.000000,False,,False,False
2026,12,Dutch Grand Prix,R,5667.173000,BOT,77,bottas,cadillac,85.960000,5.000000,2.000000,,,31.032000,30.127000,24.801000,5613.820000,5643.947000,5668.748000,266.000000,283.000000,327.000000,213.000000,True,HARD,3.000000,True,Cadillac,5581.213000,,12,18.000000,False,,False,True
2026,12,Dutch Grand Prix,R,5747.959000,BOT,77,bottas,cadillac,80.786000,6.000000,2.000000,,,27.770000,29.034000,23.982000,5696.518000,5725.552000,5749.534000,285.000000,277.000000,332.000000,252.000000,True,HARD,4.000000,True,Cadillac,5667.173000,,1,17.000000,False,,False,True
2026,12,Dutch Grand Prix,R,5828.052000,BOT,77,bottas,cadillac,80.093000,7.000000,2.000000,,,27.507000,28.922000,23.664000,5777.041000,5805.963000,5829.627000,280.000000,272.000000,331.000000,274.000000,True,HARD,5.000000,True,Cadillac,5747.959000,,1,17.000000,False,,False,True
2026,12,Dutch Grand Prix,R,5907.954000,BOT,77,bottas,cadillac,79.902000,8.000000,2.000000,,,27.247000,28.956000,23.699000,5856.874000,5885.830000,5909.529000,282.000000,265.000000,327.000000,280.000000,True,HARD,6.000000,True,Cadillac,5828.052000,,1,17.000000,False,,False,True
2026,12,Dutch Grand Prix,R,5987.698000,BOT,77,bottas,cadillac,79.744000,9.000000,2.000000,,,27.068000,29.004000,23.672000,5936.597000,5965.601000,5989.273000,279.000000,262.000000,317.000000,286.000000,True,HARD,7.000000,True,Cadillac,5907.954000,,1,17.000000,False,,False,True
2026,12,Dutch Grand Prix,R,6067.471000,BOT,77,bottas,cadillac,79.773000,10.000000,2.000000,,,27.085000,28.984000,23.704000,6016.358000,6045.342000,6069.046000,279.000000,269.000000,317.000000,295.000000,False,HARD,8.000000,True,Cadillac,5987.698000,,1,17.000000,False,,False,True
2026,12,Dutch Grand Prix,R,6147.188000,BOT,77,bottas,cadillac,79.717000,11.000000,2.000000,,,27.146000,28.948000,23.623000,6096.192000,6125.140000,6148.763000,281.000000,265.000000,314.000000,289.000000,True,HARD,9.000000,True,Cadillac,6067.471000,,1,17.000000,False,,False,True
2026,12,Dutch Grand Prix,R,6226.890000,BOT,77,bottas,cadillac,79.702000,12.000000,2.000000,,,27.063000,29.001000,23.638000,6175.826000,6204.827000,6228.465000,281.000000,263.000000,314.000000,291.000000,True,HARD,10.000000,True,Cadillac,6147.188000,,1,16.000000,False,,False,True
2026,12,Dutch Grand Prix,R,6306.759000,BOT,77,bottas,cadillac,79.869000,13.000000,2.000000,,,27.058000,29.123000,23.688000,6255.523000,6284.646000,6308.334000,278.000000,263.000000,311.000000,293.000000,False,HARD,11.000000,True,Cadillac,6226.890000,,1,16.000000,False,,False,True
2026,12,Dutch Grand Prix,R,6387.097000,BOT,77,bottas,cadillac,80.338000,14.000000,2.000000,,,27.121000,29.297000,23.920000,6335.455000,6364.752000,6388.672000,281.000000,263.000000,315.000000,291.000000,False,HARD,12.000000,True,Cadillac,6306.759000,,1,16.000000,False,,False,True
2026,12,Dutch Grand Prix,R,6468.549000,BOT,77,bottas,cadillac,81.452000,15.000000,2.000000,,,27.954000,29.447000,24.051000,6416.626000,6446.073000,6470.124000,276.000000,260.000000,310.000000,302.000000,False,HARD,13.000000,True,Cadillac,6387.097000,,1,17.000000,False,,False,True
2026,12,Dutch Grand Prix,R,6548.947000,BOT,77,bottas,cadillac,80.398000,16.000000,2.000000,,,27.157000,29.258000,23.983000,6497.281000,6526.539000,6550.522000,274.000000,259.000000,311.000000,295.000000,False,HARD,14.000000,True,Cadillac,6468.549000,,1,16.000000,False,,False,True
2026,12,Dutch Grand Prix,R,6629.153000,BOT,77,bottas,cadillac,80.206000,17.000000,2.000000,,,27.089000,29.179000,23.938000,6577.611000,6606.790000,6630.728000,278.000000,261.000000,310.000000,294.000000,False,HARD,15.000000,True,Cadillac,6548.947000,,1,15.000000,False,,False,True
2026,12,Dutch Grand Prix,R,6710.017000,BOT,77,bottas,cadillac,80.864000,18.000000,2.000000,,,27.218000,29.424000,24.222000,6657.946000,6687.370000,6711.592000,279.000000,266.000000,312.000000,297.000000,False,HARD,16.000000,True,Cadillac,6629.153000,,1,15.000000,False,,False,True
2026,12,Dutch Grand Prix,R,6791.166000,BOT,77,bottas,cadillac,81.149000,19.000000,2.000000,,,27.806000,29.406000,23.937000,6739.398000,6768.804000,6792.741000,280.000000,266.000000,313.000000,248.000000,False,HARD,17.000000,True,Cadillac,6710.017000,,1,16.000000,False,,False,True
2026,12,Dutch Grand Prix,R,6871.395000,BOT,77,bottas,cadillac,80.229000,20.000000,2.000000,,,27.079000,29.298000,23.852000,6819.820000,6849.118000,6872.970000,279.000000,266.000000,313.000000,293.000000,False,HARD,18.000000,True,Cadillac,6791.166000,,1,16.000000,False,,False,True
2026,12,Dutch Grand Prix,R,6951.488000,BOT,77,bottas,cadillac,80.093000,21.000000,2.000000,,,26.974000,29.352000,23.767000,6899.944000,6929.296000,6953.063000,278.000000,264.000000,312.000000,295.000000,False,HARD,19.000000,True,Cadillac,6871.395000,,1,16.000000,False,,False,True
2026,12,Dutch Grand Prix,R,7031.854000,BOT,77,bottas,cadillac,80.366000,22.000000,2.000000,,,27.115000,29.398000,23.853000,6980.178000,7009.576000,7033.429000,278.000000,261.000000,311.000000,286.000000,False,HARD,20.000000,True,Cadillac,6951.488000,,1,16.000000,False,,False,True
2026,12,Dutch Grand Prix,R,7112.256000,BOT,77,bottas,cadillac,80.402000,23.000000,2.000000,,,27.122000,29.356000,23.924000,7060.551000,7089.907000,7113.831000,279.000000,261.000000,310.000000,287.000000,False,HARD,21.000000,True,Cadillac,7031.854000,,1,16.000000,False,,False,True
2026,12,Dutch Grand Prix,R,7192.465000,BOT,77,bottas,cadillac,80.209000,24.000000,2.000000,,,27.160000,29.081000,23.968000,7140.991000,7170.072000,7194.040000,281.000000,263.000000,311.000000,288.000000,False,HARD,22.000000,True,Cadillac,7112.256000,,1,16.000000,False,,False,True
2026,12,Dutch Grand Prix,R,7273.265000,BOT,77,bottas,cadillac,80.800000,25.000000,2.000000,,,26.941000,29.363000,24.496000,7220.981000,7250.344000,7274.840000,278.000000,262.000000,322.000000,296.000000,False,HARD,23.000000,True,Cadillac,7192.465000,,1,17.000000,False,,False,True
2026,12,Dutch Grand Prix,R,7354.314000,BOT,77,bottas,cadillac,81.049000,26.000000,2.000000,,,27.116000,29.335000,24.598000,7301.956000,7331.291000,7355.889000,282.000000,268.000000,327.000000,297.000000,False,HARD,24.000000,True,Cadillac,7273.265000,,1,18.000000,False,,False,True
2026,12,Dutch Grand Prix,R,7434.852000,BOT,77,bottas,cadillac,80.538000,27.000000,2.000000,,,27.119000,29.439000,23.980000,7383.008000,7412.447000,7436.427000,283.000000,265.000000,315.000000,288.000000,False,HARD,25.000000,True,Cadillac,7354.314000,,1,18.000000,False,,False,True
2026,12,Dutch Grand Prix,R,7518.886000,BOT,77,bottas,cadillac,84.034000,28.000000,2.000000,,7519.372000,27.230000,29.340000,27.464000,7463.657000,7492.997000,7520.461000,278.000000,262.000000,,293.000000,False,HARD,26.000000,True,Cadillac,7434.852000,,1,19.000000,False,,False,False
2026,12,Dutch Grand Prix,R,7617.105000,BOT,77,bottas,cadillac,98.219000,29.000000,3.000000,7539.349000,,46.071000,28.455000,23.693000,7566.532000,7594.987000,7618.680000,279.000000,268.000000,313.000000,293.000000,False,HARD,3.000000,False,Cadillac,7518.886000,,1,20.000000,False,,False,False
2026,12,Dutch Grand Prix,R,7696.471000,BOT,77,bottas,cadillac,79.366000,30.000000,3.000000,,,27.314000,28.475000,23.577000,7645.994000,7674.469000,7698.046000,282.000000,281.000000,317.000000,291.000000,True,HARD,4.000000,False,Cadillac,7617.105000,,1,20.000000,False,,False,True
2026,12,Dutch Grand Prix,R,7775.259000,BOT,77,bottas,cadillac,78.788000,31.000000,3.000000,,,26.802000,28.525000,23.461000,7724.848000,7753.373000,7776.834000,271.000000,263.000000,309.000000,290.000000,True,HARD,5.000000,False,Cadillac,7696.471000,,1,20.000000,False,,False,True
2026,12,Dutch Grand Prix,R,7854.102000,BOT,77,bottas,cadillac,78.843000,32.000000,3.000000,,,26.784000,28.456000,23.603000,7803.618000,7832.074000,7855.677000,279.000000,265.000000,311.000000,291.000000,False,HARD,6.000000,False,Cadillac,7775.259000,,1,20.000000,False,,False,True
2026,12,Dutch Grand Prix,R,7932.734000,BOT,77,bottas,cadillac,78.632000,33.000000,3.000000,,,26.644000,28.454000,23.534000,7882.321000,7910.775000,7934.309000,281.000000,264.000000,310.000000,293.000000,True,HARD,7.000000,False,Cadillac,7854.102000,,1,20.000000,False,,False,True
2026,12,Dutch Grand Prix,R,8011.771000,BOT,77,bottas,cadillac,79.037000,34.000000,3.000000,,,26.945000,28.566000,23.526000,7961.254000,7989.820000,8013.346000,282.000000,264.000000,313.000000,289.000000,False,HARD,8.000000,False,Cadillac,7932.734000,,1,20.000000,False,,False,True
2026,12,Dutch Grand Prix,R,8090.898000,BOT,77,bottas,cadillac,79.127000,35.000000,3.000000,,,26.900000,28.621000,23.606000,8040.246000,8068.867000,8092.473000,280.000000,265.000000,311.000000,283.000000,False,HARD,9.000000,False,Cadillac,8011.771000,,1,20.000000,False,,False,True
2026,12,Dutch Grand Prix,R,8172.024000,BOT,77,bottas,cadillac,81.126000,36.000000,3.000000,,,28.709000,28.599000,23.818000,8121.182000,8149.781000,8173.599000,286.000000,274.000000,315.000000,292.000000,False,HARD,10.000000,False,Cadillac,8090.898000,,1,20.000000,False,,False,True
2026,12,Dutch Grand Prix,R,8251.173000,BOT,77,bottas,cadillac,79.149000,37.000000,3.000000,,,26.774000,28.813000,23.562000,8200.373000,8229.186000,8252.748000,282.000000,267.000000,313.000000,292.000000,False,HARD,11.000000,False,Cadillac,8172.024000,,1,20.000000,False,,False,True
2026,12,Dutch Grand Prix,R,8330.534000,BOT,77,bottas,cadillac,79.361000,38.000000,3.000000,,,26.980000,28.718000,23.663000,8279.728000,8308.446000,8332.109000,284.000000,270.000000,313.000000,290.000000,False,HARD,12.000000,False,Cadillac,8251.173000,,1,20.000000,False,,False,True
2026,12,Dutch Grand Prix,R,8409.963000,BOT,77,bottas,cadillac,79.429000,39.000000,3.000000,,,26.948000,28.767000,23.714000,8359.057000,8387.824000,8411.538000,280.000000,264.000000,310.000000,299.000000,False,HARD,13.000000,False,Cadillac,8330.534000,,1,20.000000,False,,False,True
2026,12,Dutch Grand Prix,R,8489.450000,BOT,77,bottas,cadillac,79.487000,40.000000,3.000000,,,26.884000,28.839000,23.764000,8438.422000,8467.261000,8491.025000,282.000000,266.000000,312.000000,294.000000,False,HARD,14.000000,False,Cadillac,8409.963000,,1,20.000000,False,,False,True
2026,12,Dutch Grand Prix,R,8569.441000,BOT,77,bottas,cadillac,79.991000,41.000000,3.000000,,,27.014000,29.057000,23.920000,8518.039000,8547.096000,8571.016000,280.000000,266.000000,311.000000,288.000000,False,HARD,15.000000,False,Cadillac,8489.450000,,1,20.000000,False,,False,True
2026,12,Dutch Grand Prix,R,8649.157000,BOT,77,bottas,cadillac,79.716000,42.000000,3.000000,,,26.898000,29.046000,23.772000,8597.914000,8626.960000,8650.732000,282.000000,263.000000,311.000000,286.000000,False,HARD,16.000000,False,Cadillac,8569.441000,,1,20.000000,False,,False,True
2026,12,Dutch Grand Prix,R,8729.283000,BOT,77,bottas,cadillac,80.126000,43.000000,3.000000,,,27.165000,29.119000,23.842000,8677.897000,8707.016000,8730.858000,282.000000,269.000000,312.000000,288.000000,False,HARD,17.000000,False,Cadillac,8649.157000,,1,20.000000,False,,False,True
2026,12,Dutch Grand Prix,R,8809.268000,BOT,77,bottas,cadillac,79.985000,44.000000,3.000000,,,27.140000,28.960000,23.885000,8757.998000,8786.958000,8810.843000,281.000000,268.000000,312.000000,285.000000,False,HARD,18.000000,False,Cadillac,8729.283000,,1,20.000000,False,,False,True
2026,12,Dutch Grand Prix,R,8889.690000,BOT,77,bottas,cadillac,80.422000,45.000000,3.000000,,,27.215000,29.164000,24.043000,8838.058000,8867.222000,8891.265000,282.000000,265.000000,310.000000,279.000000,False,HARD,19.000000,False,Cadillac,8809.268000,,1,20.000000,False,,False,True
2026,12,Dutch Grand Prix,R,8969.652000,BOT,77,bottas,cadillac,79.962000,46.000000,3.000000,,,27.188000,28.968000,23.806000,8918.453000,8947.421000,8971.227000,283.000000,266.000000,311.000000,282.000000,False,HARD,20.000000,False,Cadillac,8889.690000,,1,19.000000,False,,False,True
2026,12,Dutch Grand Prix,R,9049.867000,BOT,77,bottas,cadillac,80.215000,47.000000,3.000000,,,27.187000,29.102000,23.926000,8998.414000,9027.516000,9051.442000,286.000000,267.000000,313.000000,281.000000,False,HARD,21.000000,False,Cadillac,8969.652000,,1,19.000000,False,,False,True
2026,12,Dutch Grand Prix,R,9129.670000,BOT,77,bottas,cadillac,79.803000,48.000000,3.000000,,,26.959000,29.036000,23.808000,9078.401000,9107.437000,9131.245000,282.000000,267.000000,312.000000,290.000000,False,HARD,22.000000,False,Cadillac,9049.867000,,1,19.000000,False,,False,True
2026,12,Dutch Grand Prix,R,9209.847000,BOT,77,bottas,cadillac,80.177000,49.000000,3.000000,,,27.008000,29.063000,24.106000,9158.253000,9187.316000,9211.422000,285.000000,267.000000,312.000000,289.000000,False,HARD,23.000000,False,Cadillac,9129.670000,,1,19.000000,False,,False,True
2026,12,Dutch Grand Prix,R,9290.130000,BOT,77,bottas,cadillac,80.283000,50.000000,3.000000,,,27.483000,29.049000,23.751000,9238.905000,9267.954000,9291.705000,286.000000,272.000000,313.000000,286.000000,False,HARD,24.000000,False,Cadillac,9209.847000,,1,19.000000,False,,False,True
2026,12,Dutch Grand Prix,R,9376.799000,BOT,77,bottas,cadillac,86.669000,51.000000,3.000000,,9377.262000,27.283000,31.434000,27.952000,9318.988000,9350.422000,9378.374000,282.000000,270.000000,,292.000000,False,HARD,25.000000,False,Cadillac,9290.130000,,1,19.000000,False,,False,False
2026,12,Dutch Grand Prix,R,9482.251000,BOT,77,bottas,cadillac,105.452000,52.000000,4.000000,9396.922000,,47.459000,29.625000,28.368000,9425.833000,9455.458000,9483.826000,285.000000,286.000000,187.000000,292.000000,False,SOFT,1.000000,True,Cadillac,9376.799000,,126,19.000000,False,,False,False
2026,12,Dutch Grand Prix,R,9585.307000,BOT,77,bottas,cadillac,103.056000,53.000000,4.000000,,,40.399000,32.372000,30.285000,9524.225000,9556.597000,9586.882000,156.000000,238.000000,240.000000,210.000000,False,SOFT,2.000000,True,Cadillac,9482.251000,,6,18.000000,False,,False,False
2026,12,Dutch Grand Prix,R,9690.534000,BOT,77,bottas,cadillac,105.227000,54.000000,4.000000,,,35.261000,36.890000,33.076000,9622.143000,9659.033000,9692.109000,272.000000,188.000000,269.000000,206.000000,False,SOFT,3.000000,True,Cadillac,9585.307000,,6,18.000000,False,,False,False
2026,12,Dutch Grand Prix,R,9776.433000,BOT,77,bottas,cadillac,85.899000,55.000000,4.000000,,,33.425000,29.070000,23.404000,9725.534000,9754.604000,9778.008000,272.000000,283.000000,314.000000,255.000000,False,SOFT,4.000000,True,Cadillac,9690.534000,,671,18.000000,False,,False,False
2026,12,Dutch Grand Prix,R,9855.244000,BOT,77,bottas,cadillac,78.811000,56.000000,4.000000,,,26.408000,28.180000,24.223000,9804.416000,9832.596000,9856.819000,279.000000,219.000000,313.000000,298.000000,False,SOFT,5.000000,True,Cadillac,9776.433000,,1,18.000000,False,,False,True
2026,12,Dutch Grand Prix,R,9934.929000,BOT,77,bottas,cadillac,79.685000,57.000000,4.000000,,,26.474000,28.565000,24.646000,9883.293000,9911.858000,9936.504000,283.000000,268.000000,325.000000,300.000000,False,SOFT,6.000000,True,Cadillac,9855.244000,,1,18.000000,False,,False,True
2026,12,Dutch Grand Prix,R,10015.125000,BOT,77,bottas,cadillac,80.196000,58.000000,4.000000,,,26.629000,29.910000,23.657000,9963.133000,9993.043000,10016.700000,287.000000,278.000000,316.000000,286.000000,False,SOFT,7.000000,True,Cadillac,9934.929000,,1,18.000000,False,,False,True
2026,12,Dutch Grand Prix,R,10093.208000,BOT,77,bottas,cadillac,78.083000,59.000000,4.000000,,,26.416000,28.298000,23.369000,10043.116000,10071.414000,10094.783000,283.000000,267.000000,312.000000,303.000000,True,SOFT,8.000000,True,Cadillac,10015.125000,,1,18.000000,False,,False,True
2026,12,Dutch Grand Prix,R,10171.030000,BOT,77,bottas,cadillac,77.822000,60.000000,4.000000,,,26.551000,28.011000,23.260000,10121.334000,10149.345000,10172.605000,286.000000,272.000000,313.000000,288.000000,True,SOFT,9.000000,True,Cadillac,10093.208000,,1,18.000000,False,,False,True
2026,12,Dutch Grand Prix,R,10263.132000,BOT,77,bottas,cadillac,92.102000,61.000000,4.000000,,10263.534000,28.488000,32.253000,31.361000,10201.093000,10233.346000,10264.707000,229.000000,233.000000,,300.000000,False,SOFT,10.000000,True,Cadillac,10171.030000,,1,18.000000,False,,False,False
2026,12,Dutch Grand Prix,R,3492.858000,PIA,81,piastri,mclaren,88.314000,1.000000,1.000000,,,,28.288000,26.796000,,3467.773000,3494.472000,293.000000,282.000000,316.000000,203.000000,False,MEDIUM,1.000000,True,McLaren,3405.791000,,1,5.000000,False,,False,False
2026,12,Dutch Grand Prix,R,3622.317000,PIA,81,piastri,mclaren,129.459000,2.000000,1.000000,,3622.117000,27.278000,44.549000,57.632000,3521.711000,3566.260000,3623.892000,287.000000,143.000000,,250.000000,False,MEDIUM,2.000000,True,McLaren,3492.858000,,125,5.000000,False,,False,False
2026,12,Dutch Grand Prix,R,5324.026000,PIA,81,piastri,mclaren,,3.000000,2.000000,5196.950000,,,33.011000,64.263000,,5261.338000,5325.778000,247.000000,225.000000,62.000000,250.000000,False,HARD,1.000000,True,McLaren,5177.312000,,1,5.000000,False,,False,False
2026,12,Dutch Grand Prix,R,5523.111000,PIA,81,piastri,mclaren,,4.000000,2.000000,,,,29.255000,58.193000,,5466.694000,5524.837000,254.000000,250.000000,65.000000,148.000000,False,HARD,2.000000,True,McLaren,5324.026000,,12,5.000000,False,,False,False
2026,12,Dutch Grand Prix,R,5659.776000,PIA,81,piastri,mclaren,136.665000,5.000000,2.000000,,,85.116000,27.978000,23.571000,5609.802000,5637.780000,5661.351000,283.000000,262.000000,312.000000,218.000000,True,HARD,3.000000,True,McLaren,5523.111000,,12,3.000000,False,,False,True
2026,12,Dutch Grand Prix,R,5737.622000,PIA,81,piastri,mclaren,77.846000,6.000000,2.000000,,,26.745000,27.710000,23.391000,5688.096000,5715.806000,5739.197000,265.000000,267.000000,315.000000,301.000000,True,HARD,4.000000,True,McLaren,5659.776000,,1,3.000000,False,,False,True
2026,12,Dutch Grand Prix,R,5814.627000,PIA,81,piastri,mclaren,77.005000,7.000000,2.000000,,,26.384000,27.567000,23.054000,5765.581000,5793.148000,5816.202000,272.000000,271.000000,309.000000,297.000000,True,HARD,5.000000,True,McLaren,5737.622000,,1,3.000000,False,,False,True
2026,12,Dutch Grand Prix,R,5891.657000,PIA,81,piastri,mclaren,77.030000,8.000000,2.000000,,,26.214000,27.608000,23.208000,5842.416000,5870.024000,5893.232000,279.000000,274.000000,314.000000,301.000000,False,HARD,6.000000,True,McLaren,5814.627000,,1,3.000000,False,,False,True
2026,12,Dutch Grand Prix,R,5968.915000,PIA,81,piastri,mclaren,77.258000,9.000000,2.000000,,,26.288000,27.649000,23.321000,5919.520000,5947.169000,5970.490000,276.000000,274.000000,315.000000,303.000000,False,HARD,7.000000,True,McLaren,5891.657000,,1,3.000000,False,,False,True
2026,12,Dutch Grand Prix,R,6046.259000,PIA,81,piastri,mclaren,77.344000,10.000000,2.000000,,,26.045000,27.861000,23.438000,5996.535000,6024.396000,6047.834000,277.000000,272.000000,312.000000,307.000000,False,HARD,8.000000,True,McLaren,5968.915000,,1,3.000000,False,,False,True
2026,12,Dutch Grand Prix,R,6123.544000,PIA,81,piastri,mclaren,77.285000,11.000000,2.000000,,,26.188000,27.837000,23.260000,6074.022000,6101.859000,6125.119000,277.000000,271.000000,313.000000,303.000000,False,HARD,9.000000,True,McLaren,6046.259000,,1,3.000000,False,,False,True
2026,12,Dutch Grand Prix,R,6200.765000,PIA,81,piastri,mclaren,77.221000,12.000000,2.000000,,,26.155000,27.867000,23.199000,6151.274000,6179.141000,6202.340000,278.000000,274.000000,313.000000,305.000000,False,HARD,10.000000,True,McLaren,6123.544000,,1,3.000000,False,,False,True
2026,12,Dutch Grand Prix,R,6277.942000,PIA,81,piastri,mclaren,77.177000,13.000000,2.000000,,,26.109000,27.826000,23.242000,6228.449000,6256.275000,6279.517000,279.000000,276.000000,315.000000,305.000000,False,HARD,11.000000,True,McLaren,6200.765000,,1,3.000000,False,,False,True
2026,12,Dutch Grand Prix,R,6355.182000,PIA,81,piastri,mclaren,77.240000,14.000000,2.000000,,,26.066000,27.847000,23.327000,6305.583000,6333.430000,6356.757000,281.000000,272.000000,315.000000,306.000000,False,HARD,12.000000,True,McLaren,6277.942000,,1,3.000000,False,,False,True
2026,12,Dutch Grand Prix,R,6432.624000,PIA,81,piastri,mclaren,77.442000,15.000000,2.000000,,,26.140000,27.886000,23.416000,6382.897000,6410.783000,6434.199000,279.000000,273.000000,314.000000,307.000000,False,HARD,13.000000,True,McLaren,6355.182000,,1,3.000000,False,,False,True
2026,12,Dutch Grand Prix,R,6510.130000,PIA,81,piastri,mclaren,77.506000,16.000000,2.000000,,,26.241000,27.919000,23.346000,6460.440000,6488.359000,6511.705000,280.000000,272.000000,314.000000,306.000000,False,HARD,14.000000,True,McLaren,6432.624000,,1,3.000000,False,,False,True
2026,12,Dutch Grand Prix,R,6587.595000,PIA,81,piastri,mclaren,77.465000,17.000000,2.000000,,,26.105000,27.968000,23.392000,6537.810000,6565.778000,6589.170000,282.000000,272.000000,314.000000,308.000000,False,HARD,15.000000,True,McLaren,6510.130000,,1,3.000000,False,,False,True
2026,12,Dutch Grand Prix,R,6668.233000,PIA,81,piastri,mclaren,80.638000,18.000000,2.000000,,6668.637000,26.262000,27.976000,26.400000,6615.432000,6643.408000,6669.808000,278.000000,271.000000,,308.000000,False,HARD,16.000000,True,McLaren,6587.595000,,1,4.000000,False,,False,False
2026,12,Dutch Grand Prix,R,6764.022000,PIA,81,piastri,mclaren,95.789000,19.000000,3.000000,6688.881000,,45.083000,27.508000,23.198000,6714.891000,6742.399000,6765.597000,279.000000,276.000000,316.000000,308.000000,False,HARD,1.000000,True,McLaren,6668.233000,,1,7.000000,False,,False,False
2026,12,Dutch Grand Prix,R,6840.232000,PIA,81,piastri,mclaren,76.210000,20.000000,3.000000,,,25.817000,27.419000,22.974000,6791.414000,6818.833000,6841.807000,280.000000,278.000000,321.000000,310.000000,True,HARD,2.000000,True,McLaren,6764.022000,,1,7.000000,False,,False,True
2026,12,Dutch Grand Prix,R,6916.583000,PIA,81,piastri,mclaren,76.351000,21.000000,3.000000,,,25.774000,27.544000,23.033000,6867.581000,6895.125000,6918.158000,280.000000,281.000000,321.000000,311.000000,False,HARD,3.000000,True,McLaren,6840.232000,,1,6.000000,False,,False,True
2026,12,Dutch Grand Prix,R,6992.960000,PIA,81,piastri,mclaren,76.377000,22.000000,3.000000,,,25.809000,27.597000,22.971000,6943.967000,6971.564000,6994.535000,290.000000,284.000000,324.000000,315.000000,False,HARD,4.000000,True,McLaren,6916.583000,,1,5.000000,False,,False,True
2026,12,Dutch Grand Prix,R,7069.663000,PIA,81,piastri,mclaren,76.703000,23.000000,3.000000,,,25.917000,27.640000,23.146000,7020.452000,7048.092000,7071.238000,289.000000,279.000000,321.000000,315.000000,False,HARD,5.000000,True,McLaren,6992.960000,,1,5.000000,False,,False,True
2026,12,Dutch Grand Prix,R,7146.442000,PIA,81,piastri,mclaren,76.779000,24.000000,3.000000,,,25.929000,27.703000,23.147000,7097.167000,7124.870000,7148.017000,281.000000,277.000000,318.000000,312.000000,False,HARD,6.000000,True,McLaren,7069.663000,,1,5.000000,False,,False,True
2026,12,Dutch Grand Prix,R,7223.227000,PIA,81,piastri,mclaren,76.785000,25.000000,3.000000,,,26.011000,27.705000,23.069000,7174.028000,7201.733000,7224.802000,281.000000,276.000000,318.000000,312.000000,False,HARD,7.000000,True,McLaren,7146.442000,,1,5.000000,False,,False,True
2026,12,Dutch Grand Prix,R,7299.844000,PIA,81,piastri,mclaren,76.617000,26.000000,3.000000,,,25.804000,27.742000,23.071000,7250.606000,7278.348000,7301.419000,281.000000,277.000000,318.000000,311.000000,False,HARD,8.000000,True,McLaren,7223.227000,,1,4.000000,False,,False,True
2026,12,Dutch Grand Prix,R,7376.803000,PIA,81,piastri,mclaren,76.959000,27.000000,3.000000,,,25.906000,27.851000,23.202000,7327.325000,7355.176000,7378.378000,278.000000,276.000000,317.000000,312.000000,False,HARD,9.000000,True,McLaren,7299.844000,,1,4.000000,False,,False,True
2026,12,Dutch Grand Prix,R,7453.499000,PIA,81,piastri,mclaren,76.696000,28.000000,3.000000,,,25.948000,27.606000,23.142000,7404.326000,7431.932000,7455.074000,280.000000,276.000000,318.000000,310.000000,False,HARD,10.000000,True,McLaren,7376.803000,,1,4.000000,False,,False,True
2026,12,Dutch Grand Prix,R,7529.937000,PIA,81,piastri,mclaren,76.438000,29.000000,3.000000,,,25.881000,27.532000,23.025000,7480.955000,7508.487000,7531.512000,280.000000,278.000000,320.000000,311.000000,False,HARD,11.000000,True,McLaren,7453.499000,,1,4.000000,False,,False,True
2026,12,Dutch Grand Prix,R,7606.664000,PIA,81,piastri,mclaren,76.727000,30.000000,3.000000,,,25.864000,27.707000,23.156000,7557.376000,7585.083000,7608.239000,279.000000,275.000000,322.000000,313.000000,False,HARD,12.000000,True,McLaren,7529.937000,,1,4.000000,False,,False,True
2026,12,Dutch Grand Prix,R,7683.619000,PIA,81,piastri,mclaren,76.955000,31.000000,3.000000,,,25.958000,27.873000,23.124000,7634.197000,7662.070000,7685.194000,274.000000,271.000000,321.000000,322.000000,False,HARD,13.000000,True,McLaren,7606.664000,,1,4.000000,False,,False,True
2026,12,Dutch Grand Prix,R,7760.519000,PIA,81,piastri,mclaren,76.900000,32.000000,3.000000,,,25.967000,27.826000,23.107000,7711.161000,7738.987000,7762.094000,272.000000,272.000000,322.000000,319.000000,False,HARD,14.000000,True,McLaren,7683.619000,,1,4.000000,False,,False,True
2026,12,Dutch Grand Prix,R,7838.016000,PIA,81,piastri,mclaren,77.497000,33.000000,3.000000,,,26.041000,28.139000,23.317000,7788.135000,7816.274000,7839.591000,273.000000,272.000000,321.000000,321.000000,False,HARD,15.000000,True,McLaren,7760.519000,,1,4.000000,False,,False,True
2026,12,Dutch Grand Prix,R,7917.328000,PIA,81,piastri,mclaren,79.312000,34.000000,3.000000,,,27.354000,28.384000,23.574000,7866.945000,7895.329000,7918.903000,275.000000,287.000000,316.000000,321.000000,False,HARD,16.000000,True,McLaren,7838.016000,,1,5.000000,False,,False,True
2026,12,Dutch Grand Prix,R,7996.527000,PIA,81,piastri,mclaren,79.199000,35.000000,3.000000,,,27.004000,28.787000,23.408000,7945.907000,7974.694000,7998.102000,282.000000,272.000000,312.000000,306.000000,False,HARD,17.000000,True,McLaren,7917.328000,,1,6.000000,False,,False,True
2026,12,Dutch Grand Prix,R,8074.490000,PIA,81,piastri,mclaren,77.963000,36.000000,3.000000,,,26.286000,28.452000,23.225000,8024.388000,8052.840000,8076.065000,279.000000,276.000000,320.000000,306.000000,False,HARD,18.000000,True,McLaren,7996.527000,,1,6.000000,False,,False,True
2026,12,Dutch Grand Prix,R,8152.243000,PIA,81,piastri,mclaren,77.753000,37.000000,3.000000,,,26.005000,28.034000,23.714000,8102.070000,8130.104000,8153.818000,276.000000,279.000000,315.000000,313.000000,False,HARD,19.000000,True,McLaren,8074.490000,,1,6.000000,True,TRACK LIMITS AT TURN 11 LAP 37 ,False,True
2026,12,Dutch Grand Prix,R,8229.580000,PIA,81,piastri,mclaren,77.337000,38.000000,3.000000,,,26.097000,28.031000,23.209000,8179.915000,8207.946000,8231.155000,279.000000,277.000000,317.000000,307.000000,False,HARD,20.000000,True,McLaren,8152.243000,,1,6.000000,False,,False,True
2026,12,Dutch Grand Prix,R,8306.693000,PIA,81,piastri,mclaren,77.113000,39.000000,3.000000,,,25.960000,28.012000,23.141000,8257.115000,8285.127000,8308.268000,279.000000,276.000000,318.000000,311.000000,False,HARD,21.000000,True,McLaren,8229.580000,,1,6.000000,False,,False,True
2026,12,Dutch Grand Prix,R,8383.997000,PIA,81,piastri,mclaren,77.304000,40.000000,3.000000,,,26.018000,27.933000,23.353000,8334.286000,8362.219000,8385.572000,280.000000,276.000000,319.000000,308.000000,False,HARD,22.000000,True,McLaren,8306.693000,,1,6.000000,False,,False,True
2026,12,Dutch Grand Prix,R,8461.633000,PIA,81,piastri,mclaren,77.636000,41.000000,3.000000,,,26.037000,28.460000,23.139000,8411.609000,8440.069000,8463.208000,280.000000,277.000000,320.000000,312.000000,False,HARD,23.000000,True,McLaren,8383.997000,,1,5.000000,False,,False,True
2026,12,Dutch Grand Prix,R,8539.001000,PIA,81,piastri,mclaren,77.368000,42.000000,3.000000,,,25.969000,28.091000,23.308000,8489.177000,8517.268000,8540.576000,280.000000,279.000000,319.000000,312.000000,False,HARD,24.000000,True,McLaren,8461.633000,,1,5.000000,False,,False,True
2026,12,Dutch Grand Prix,R,8616.581000,PIA,81,piastri,mclaren,77.580000,43.000000,3.000000,,,26.008000,28.366000,23.206000,8566.584000,8594.950000,8618.156000,280.000000,278.000000,315.000000,312.000000,False,HARD,25.000000,True,McLaren,8539.001000,,1,5.000000,False,,False,True
2026,12,Dutch Grand Prix,R,8696.844000,PIA,81,piastri,mclaren,80.263000,44.000000,3.000000,,8697.244000,26.074000,28.124000,26.065000,8644.230000,8672.354000,8698.419000,279.000000,277.000000,,307.000000,False,HARD,26.000000,True,McLaren,8616.581000,,1,5.000000,False,,False,False
2026,12,Dutch Grand Prix,R,8790.041000,PIA,81,piastri,mclaren,93.197000,45.000000,4.000000,8715.282000,,42.668000,27.299000,23.230000,8741.087000,8768.386000,8791.616000,285.000000,289.000000,342.000000,307.000000,False,SOFT,4.000000,False,McLaren,8696.844000,,1,7.000000,False,,False,False
2026,12,Dutch Grand Prix,R,8865.954000,PIA,81,piastri,mclaren,75.913000,46.000000,4.000000,,,25.592000,27.280000,23.041000,8817.208000,8844.488000,8867.529000,278.000000,278.000000,321.000000,322.000000,True,SOFT,5.000000,False,McLaren,8790.041000,,1,6.000000,False,,False,True
2026,12,Dutch Grand Prix,R,8941.894000,PIA,81,piastri,mclaren,75.940000,47.000000,4.000000,,,25.769000,27.367000,22.804000,8893.298000,8920.665000,8943.469000,291.000000,286.000000,330.000000,311.000000,False,SOFT,6.000000,False,McLaren,8865.954000,,1,6.000000,False,,False,True
2026,12,Dutch Grand Prix,R,9016.968000,PIA,81,piastri,mclaren,75.074000,48.000000,4.000000,,,25.569000,26.937000,22.568000,8969.038000,8995.975000,9018.543000,289.000000,285.000000,318.000000,316.000000,True,SOFT,7.000000,False,McLaren,8941.894000,,1,6.000000,False,,False,True
2026,12,Dutch Grand Prix,R,9092.921000,PIA,81,piastri,mclaren,75.953000,49.000000,4.000000,,,25.542000,27.342000,23.069000,9044.085000,9071.427000,9094.496000,282.000000,285.000000,320.000000,312.000000,False,SOFT,8.000000,False,McLaren,9016.968000,,1,6.000000,False,,False,True
2026,12,Dutch Grand Prix,R,9168.722000,PIA,81,piastri,mclaren,75.801000,50.000000,4.000000,,,25.534000,27.533000,22.734000,9120.030000,9147.563000,9170.297000,284.000000,277.000000,317.000000,314.000000,False,SOFT,9.000000,False,McLaren,9092.921000,,1,6.000000,False,,False,True
2026,12,Dutch Grand Prix,R,9244.399000,PIA,81,piastri,mclaren,75.677000,51.000000,4.000000,,,25.518000,27.423000,22.736000,9195.815000,9223.238000,9245.974000,281.000000,280.000000,322.000000,308.000000,False,SOFT,10.000000,False,McLaren,9168.722000,,1,6.000000,False,,False,True
2026,12,Dutch Grand Prix,R,9320.238000,PIA,81,piastri,mclaren,75.839000,52.000000,4.000000,,,25.568000,27.499000,22.772000,9271.542000,9299.041000,9321.813000,283.000000,277.000000,314.000000,313.000000,False,SOFT,11.000000,False,McLaren,9244.399000,,1,6.000000,False,,False,True
2026,12,Dutch Grand Prix,R,9395.828000,PIA,81,piastri,mclaren,75.590000,53.000000,4.000000,,,25.518000,27.258000,22.814000,9347.331000,9374.589000,9397.403000,280.000000,282.000000,315.000000,305.000000,False,SOFT,12.000000,False,McLaren,9320.238000,,1,6.000000,False,,False,True
2026,12,Dutch Grand Prix,R,9471.656000,PIA,81,piastri,mclaren,75.828000,54.000000,4.000000,,,25.574000,27.286000,22.968000,9422.977000,9450.263000,9473.231000,281.000000,278.000000,316.000000,307.000000,False,SOFT,13.000000,False,McLaren,9395.828000,,12,6.000000,False,,False,True
2026,12,Dutch Grand Prix,R,9578.029000,PIA,81,piastri,mclaren,106.373000,55.000000,4.000000,,9578.326000,39.053000,34.936000,32.384000,9512.284000,9547.220000,9579.604000,245.000000,177.000000,,151.000000,False,SOFT,14.000000,False,McLaren,9471.656000,,26,6.000000,False,,False,False
2026,12,Dutch Grand Prix,R,9695.138000,PIA,81,piastri,mclaren,117.109000,56.000000,5.000000,9596.356000,,49.774000,35.703000,31.632000,9629.378000,9665.081000,9696.713000,245.000000,177.000000,226.000000,151.000000,False,SOFT,4.000000,False,McLaren,9578.029000,,6,6.000000,False,,False,False
2026,12,Dutch Grand Prix,R,9779.164000,PIA,81,piastri,mclaren,84.026000,57.000000,5.000000,,,34.703000,26.634000,22.689000,9731.416000,9758.050000,9780.739000,288.000000,291.000000,315.000000,244.000000,False,SOFT,5.000000,False,McLaren,9695.138000,,671,6.000000,False,,False,False
2026,12,Dutch Grand Prix,R,9853.701000,PIA,81,piastri,mclaren,74.537000,58.000000,5.000000,,,25.283000,26.801000,22.453000,9806.022000,9832.823000,9855.276000,282.000000,282.000000,312.000000,307.000000,True,SOFT,6.000000,False,McLaren,9779.164000,,1,6.000000,False,,False,True
2026,12,Dutch Grand Prix,R,9928.022000,PIA,81,piastri,mclaren,74.321000,59.000000,5.000000,,,25.232000,26.674000,22.415000,9880.508000,9907.182000,9929.597000,282.000000,278.000000,310.000000,305.000000,True,SOFT,7.000000,False,McLaren,9853.701000,,1,6.000000,False,,False,True
2026,12,Dutch Grand Prix,R,10002.633000,PIA,81,piastri,mclaren,74.611000,60.000000,5.000000,,,25.348000,26.707000,22.556000,9954.945000,9981.652000,10004.208000,283.000000,281.000000,315.000000,304.000000,False,SOFT,8.000000,False,McLaren,9928.022000,,1,6.000000,False,,False,True
2026,12,Dutch Grand Prix,R,10076.936000,PIA,81,piastri,mclaren,74.303000,61.000000,5.000000,,,25.230000,26.634000,22.439000,10029.438000,10056.072000,10078.511000,282.000000,281.000000,318.000000,307.000000,True,SOFT,9.000000,False,McLaren,10002.633000,,1,6.000000,False,,False,True
2026,12,Dutch Grand Prix,R,10152.183000,PIA,81,piastri,mclaren,75.247000,62.000000,5.000000,,,25.314000,27.014000,22.919000,10103.825000,10130.839000,10153.758000,281.000000,282.000000,322.000000,309.000000,False,SOFT,10.000000,False,McLaren,10076.936000,,1,6.000000,False,,False,True
2026,12,Dutch Grand Prix,R,10227.018000,PIA,81,piastri,mclaren,74.835000,63.000000,5.000000,,,25.455000,26.828000,22.552000,10179.213000,10206.041000,10228.593000,291.000000,282.000000,323.000000,309.000000,False,SOFT,11.000000,False,McLaren,10152.183000,,1,6.000000,False,,False,True
2026,12,Dutch Grand Prix,R,10302.762000,PIA,81,piastri,mclaren,75.744000,64.000000,5.000000,,,25.371000,27.515000,22.858000,10253.964000,10281.479000,10304.337000,282.000000,280.000000,321.000000,307.000000,False,SOFT,12.000000,False,McLaren,10227.018000,,1,6.000000,False,,False,True
2026,12,Dutch Grand Prix,R,10378.197000,PIA,81,piastri,mclaren,75.435000,65.000000,5.000000,,,25.549000,27.215000,22.671000,10329.886000,10357.101000,10379.772000,287.000000,273.000000,309.000000,315.000000,False,SOFT,13.000000,False,McLaren,10302.762000,,1,6.000000,False,,False,True
2026,12,Dutch Grand Prix,R,10453.086000,PIA,81,piastri,mclaren,74.889000,66.000000,5.000000,,,25.431000,26.853000,22.605000,10405.203000,10432.056000,10454.661000,279.000000,280.000000,313.000000,304.000000,False,SOFT,14.000000,False,McLaren,10378.197000,,1,6.000000,False,,False,True
2026,12,Dutch Grand Prix,R,10527.949000,PIA,81,piastri,mclaren,74.863000,67.000000,5.000000,,,25.448000,26.891000,22.524000,10480.109000,10507.000000,10529.524000,282.000000,281.000000,318.000000,306.000000,False,SOFT,15.000000,False,McLaren,10453.086000,,1,6.000000,False,,False,True
2026,12,Dutch Grand Prix,R,10603.103000,PIA,81,piastri,mclaren,75.154000,68.000000,5.000000,,,25.331000,27.032000,22.791000,10554.855000,10581.887000,10604.678000,287.000000,274.000000,312.000000,309.000000,False,SOFT,16.000000,False,McLaren,10527.949000,,1,6.000000,False,,False,True
2026,12,Dutch Grand Prix,R,10687.825000,PIA,81,piastri,mclaren,84.722000,69.000000,5.000000,,,25.490000,27.003000,32.229000,10630.168000,10657.171000,10689.400000,282.000000,279.000000,242.000000,302.000000,False,SOFT,17.000000,False,McLaren,10603.103000,,16,6.000000,False,,False,False
2026,12,Dutch Grand Prix,R,10771.594000,PIA,81,piastri,mclaren,83.769000,70.000000,5.000000,,,33.171000,27.778000,22.820000,10722.571000,10750.349000,10773.169000,212.000000,284.000000,322.000000,219.000000,False,SOFT,18.000000,False,McLaren,10687.825000,,671,6.000000,False,,False,False
2026,12,Dutch Grand Prix,R,10846.472000,PIA,81,piastri,mclaren,74.878000,71.000000,5.000000,,,25.369000,26.815000,22.694000,10798.538000,10825.353000,10848.047000,282.000000,277.000000,316.000000,309.000000,False,SOFT,19.000000,False,McLaren,10771.594000,,1,6.000000,False,,False,True
2026,12,Dutch Grand Prix,R,10921.645000,PIA,81,piastri,mclaren,75.173000,72.000000,5.000000,,,25.433000,27.023000,22.717000,10873.480000,10900.503000,10923.220000,281.000000,279.000000,317.000000,304.000000,False,SOFT,20.000000,False,McLaren,10846.472000,,1,6.000000,False,,False,True
2026,12,Dutch Grand Prix,R,3503.313000,BEA,87,bearman,haas,97.235000,1.000000,1.000000,,,,30.012000,30.081000,,3473.352000,3503.313000,267.000000,272.000000,281.000000,191.000000,False,SOFT,1.000000,True,Haas F1 Team,3405.791000,,12,18.000000,False,,False,False
2026,12,Dutch Grand Prix,R,3657.668000,BEA,87,bearman,haas,,2.000000,1.000000,,3655.119000,36.084000,45.171000,73.001000,3539.496000,3584.707000,3657.749000,108.000000,134.000000,,243.000000,False,SOFT,2.000000,True,Haas F1 Team,3503.313000,,25,16.000000,False,,False,False
