season,round,event_name,session_type,Time_s,Driver,DriverNumber,DriverId,TeamId,LapTime_s,LapNumber,Stint,PitOutTime_s,PitInTime_s,Sector1Time_s,Sector2Time_s,Sector3Time_s,Sector1SessionTime_s,Sector2SessionTime_s,Sector3SessionTime_s,SpeedI1,SpeedI2,SpeedFL,SpeedST,IsPersonalBest,Compound,TyreLife,FreshTyre,Team,LapStartTime_s,LapStartDate,TrackStatus,Position,Deleted,DeletedReason,FastF1Generated,IsAccurate
2026,12,Dutch Grand Prix,S,2786.161000,RUS,63,russell,mercedes,,1.000000,1.000000,,,,26.476000,22.836000,,2763.428000,2786.307000,282.000000,278.000000,309.000000,214.000000,False,MEDIUM,5.000000,False,Mercedes,2706.466000,,1,1.000000,False,,False,False
2026,12,Dutch Grand Prix,S,2861.810000,RUS,63,russell,mercedes,75.649000,2.000000,1.000000,,,26.147000,26.736000,22.766000,2812.331000,2839.067000,2861.833000,279.000000,279.000000,308.000000,294.000000,True,MEDIUM,6.000000,False,Mercedes,2786.161000,,1,1.000000,False,,False,True
2026,12,Dutch Grand Prix,S,2937.089000,RUS,63,russell,mercedes,75.279000,3.000000,1.000000,,,25.811000,26.811000,22.657000,2887.644000,2914.455000,2937.112000,280.000000,275.000000,311.000000,299.000000,True,MEDIUM,7.000000,False,Mercedes,2861.810000,,1,1.000000,False,,False,True
2026,12,Dutch Grand Prix,S,3012.537000,RUS,63,russell,mercedes,75.448000,4.000000,1.000000,,,25.882000,26.830000,22.736000,2962.994000,2989.824000,3012.560000,285.000000,277.000000,315.000000,301.000000,False,MEDIUM,8.000000,False,Mercedes,2937.089000,,1,1.000000,False,,False,True
2026,12,Dutch Grand Prix,S,3087.473000,RUS,63,russell,mercedes,74.936000,5.000000,1.000000,,,25.565000,26.739000,22.632000,3038.125000,3064.864000,3087.496000,290.000000,275.000000,319.000000,305.000000,True,MEDIUM,9.000000,False,Mercedes,3012.537000,,1,1.000000,False,,False,True
2026,12,Dutch Grand Prix,S,3162.589000,RUS,63,russell,mercedes,75.116000,6.000000,1.000000,,,25.566000,26.916000,22.634000,3113.062000,3139.978000,3162.612000,281.000000,278.000000,320.000000,306.000000,False,MEDIUM,10.000000,False,Mercedes,3087.473000,,1,1.000000,False,,False,True
2026,12,Dutch Grand Prix,S,3238.247000,RUS,63,russell,mercedes,75.658000,7.000000,1.000000,,,25.805000,27.071000,22.782000,3188.417000,3215.488000,3238.270000,280.000000,278.000000,320.000000,307.000000,False,MEDIUM,11.000000,False,Mercedes,3162.589000,,1,1.000000,False,,False,True
2026,12,Dutch Grand Prix,S,3313.544000,RUS,63,russell,mercedes,75.297000,8.000000,1.000000,,,25.729000,26.921000,22.647000,3263.999000,3290.920000,3313.567000,282.000000,276.000000,321.000000,305.000000,False,MEDIUM,12.000000,False,Mercedes,3238.247000,,1,1.000000,False,,False,True
2026,12,Dutch Grand Prix,S,3389.197000,RUS,63,russell,mercedes,75.653000,9.000000,1.000000,,,25.697000,27.202000,22.754000,3339.264000,3366.466000,3389.220000,281.000000,276.000000,321.000000,309.000000,False,MEDIUM,13.000000,False,Mercedes,3313.544000,,1,1.000000,False,,False,True
2026,12,Dutch Grand Prix,S,3464.908000,RUS,63,russell,mercedes,75.711000,10.000000,1.000000,,,25.824000,27.172000,22.715000,3415.044000,3442.216000,3464.931000,283.000000,275.000000,319.000000,311.000000,False,MEDIUM,14.000000,False,Mercedes,3389.197000,,1,1.000000,False,,False,True
2026,12,Dutch Grand Prix,S,3541.007000,RUS,63,russell,mercedes,76.099000,11.000000,1.000000,,,25.807000,27.356000,22.936000,3490.738000,3518.094000,3541.030000,281.000000,276.000000,318.000000,308.000000,False,MEDIUM,15.000000,False,Mercedes,3464.908000,,1,1.000000,False,,False,True
2026,12,Dutch Grand Prix,S,3617.035000,RUS,63,russell,mercedes,76.028000,12.000000,1.000000,,,25.812000,27.185000,23.031000,3566.842000,3594.027000,3617.058000,281.000000,277.000000,316.000000,311.000000,False,MEDIUM,16.000000,False,Mercedes,3541.007000,,1,1.000000,False,,False,True
2026,12,Dutch Grand Prix,S,3692.912000,RUS,63,russell,mercedes,75.877000,13.000000,1.000000,,,25.905000,27.208000,22.764000,3642.963000,3670.171000,3692.935000,287.000000,277.000000,316.000000,301.000000,False,MEDIUM,17.000000,False,Mercedes,3617.035000,,1,1.000000,False,,False,True
2026,12,Dutch Grand Prix,S,3768.839000,RUS,63,russell,mercedes,75.927000,14.000000,1.000000,,,25.822000,27.202000,22.903000,3718.757000,3745.959000,3768.862000,288.000000,277.000000,318.000000,299.000000,False,MEDIUM,18.000000,False,Mercedes,3692.912000,,1,1.000000,False,,False,True
2026,12,Dutch Grand Prix,S,3845.163000,RUS,63,russell,mercedes,76.324000,15.000000,1.000000,,,26.084000,27.311000,22.929000,3794.946000,3822.257000,3845.186000,285.000000,277.000000,317.000000,299.000000,False,MEDIUM,19.000000,False,Mercedes,3768.839000,,1,1.000000,False,,False,True
2026,12,Dutch Grand Prix,S,3921.344000,RUS,63,russell,mercedes,76.181000,16.000000,1.000000,,,25.981000,27.264000,22.936000,3871.167000,3898.431000,3921.367000,282.000000,279.000000,320.000000,305.000000,False,MEDIUM,20.000000,False,Mercedes,3845.163000,,1,1.000000,False,,False,True
2026,12,Dutch Grand Prix,S,3997.717000,RUS,63,russell,mercedes,76.373000,17.000000,1.000000,,,25.863000,27.528000,22.982000,3947.230000,3974.758000,3997.740000,282.000000,277.000000,319.000000,313.000000,False,MEDIUM,21.000000,False,Mercedes,3921.344000,,1,1.000000,False,,False,True
2026,12,Dutch Grand Prix,S,4073.978000,RUS,63,russell,mercedes,76.261000,18.000000,1.000000,,,25.968000,27.348000,22.945000,4023.708000,4051.056000,4074.001000,283.000000,278.000000,320.000000,308.000000,False,MEDIUM,22.000000,False,Mercedes,3997.717000,,1,1.000000,False,,False,True
2026,12,Dutch Grand Prix,S,4150.010000,RUS,63,russell,mercedes,76.032000,19.000000,1.000000,,,25.774000,27.412000,22.846000,4099.775000,4127.187000,4150.033000,284.000000,277.000000,320.000000,316.000000,False,MEDIUM,23.000000,False,Mercedes,4073.978000,,1,1.000000,False,,False,True
2026,12,Dutch Grand Prix,S,4226.274000,RUS,63,russell,mercedes,76.264000,20.000000,1.000000,,,25.890000,27.486000,22.888000,4175.923000,4203.409000,4226.297000,280.000000,277.000000,320.000000,313.000000,False,MEDIUM,24.000000,False,Mercedes,4150.010000,,1,1.000000,False,,False,True
2026,12,Dutch Grand Prix,S,4302.532000,RUS,63,russell,mercedes,76.258000,21.000000,1.000000,,,25.885000,27.487000,22.886000,4252.182000,4279.669000,4302.555000,281.000000,279.000000,321.000000,312.000000,False,MEDIUM,25.000000,False,Mercedes,4226.274000,,1,1.000000,False,,False,True
2026,12,Dutch Grand Prix,S,4378.785000,RUS,63,russell,mercedes,76.253000,22.000000,1.000000,,,25.799000,27.547000,22.907000,4328.354000,4355.901000,4378.808000,284.000000,276.000000,321.000000,313.000000,False,MEDIUM,26.000000,False,Mercedes,4302.532000,,1,1.000000,False,,False,True
2026,12,Dutch Grand Prix,S,4455.228000,RUS,63,russell,mercedes,76.443000,23.000000,1.000000,,,25.970000,27.558000,22.915000,4404.778000,4432.336000,4455.251000,282.000000,278.000000,321.000000,313.000000,False,MEDIUM,27.000000,False,Mercedes,4378.785000,,1,1.000000,False,,False,True
2026,12,Dutch Grand Prix,S,4532.070000,RUS,63,russell,mercedes,76.842000,24.000000,1.000000,,,25.966000,27.764000,23.112000,4481.217000,4508.981000,4532.093000,294.000000,286.000000,308.000000,310.000000,False,MEDIUM,28.000000,False,Mercedes,4455.228000,,1,1.000000,False,,False,True
2026,12,Dutch Grand Prix,S,2787.883000,LEC,16,leclerc,ferrari,,1.000000,1.000000,,,,27.486000,22.753000,,2765.178000,2787.976000,298.000000,292.000000,331.000000,219.000000,False,SOFT,5.000000,False,Ferrari,2706.466000,,1,3.000000,False,,False,False
2026,12,Dutch Grand Prix,S,2863.728000,LEC,16,leclerc,ferrari,75.845000,2.000000,1.000000,,,26.360000,26.929000,22.556000,2814.263000,2841.192000,2863.748000,276.000000,278.000000,326.000000,288.000000,True,SOFT,6.000000,False,Ferrari,2787.883000,,1,3.000000,False,,False,True
2026,12,Dutch Grand Prix,S,2939.025000,LEC,16,leclerc,ferrari,75.297000,3.000000,1.000000,,,25.898000,26.786000,22.613000,2889.646000,2916.432000,2939.045000,282.000000,278.000000,326.000000,293.000000,True,SOFT,7.000000,False,Ferrari,2863.728000,,1,3.000000,False,,False,True
2026,12,Dutch Grand Prix,S,3014.144000,LEC,16,leclerc,ferrari,75.119000,4.000000,1.000000,,,25.820000,26.712000,22.587000,2964.865000,2991.577000,3014.164000,287.000000,282.000000,328.000000,301.000000,True,SOFT,8.000000,False,Ferrari,2939.025000,,1,3.000000,False,,False,True
2026,12,Dutch Grand Prix,S,3089.193000,LEC,16,leclerc,ferrari,75.049000,5.000000,1.000000,,,25.766000,26.772000,22.511000,3039.930000,3066.702000,3089.213000,289.000000,280.000000,329.000000,306.000000,True,SOFT,9.000000,False,Ferrari,3014.144000,,1,3.000000,False,,False,True
2026,12,Dutch Grand Prix,S,3164.793000,LEC,16,leclerc,ferrari,75.600000,6.000000,1.000000,,,25.693000,27.148000,22.759000,3114.906000,3142.054000,3164.813000,285.000000,274.000000,318.000000,312.000000,False,SOFT,10.000000,False,Ferrari,3089.193000,,1,3.000000,False,,False,True
2026,12,Dutch Grand Prix,S,3240.229000,LEC,16,leclerc,ferrari,75.436000,7.000000,1.000000,,,25.783000,26.989000,22.664000,3190.596000,3217.585000,3240.249000,286.000000,285.000000,323.000000,302.000000,False,SOFT,11.000000,False,Ferrari,3164.793000,,1,3.000000,False,,False,True
2026,12,Dutch Grand Prix,S,3315.591000,LEC,16,leclerc,ferrari,75.362000,8.000000,1.000000,,,25.729000,26.948000,22.685000,3265.978000,3292.926000,3315.611000,287.000000,274.000000,322.000000,311.000000,False,SOFT,12.000000,False,Ferrari,3240.229000,,1,3.000000,False,,False,True
2026,12,Dutch Grand Prix,S,3391.234000,LEC,16,leclerc,ferrari,75.643000,9.000000,1.000000,,,25.784000,27.137000,22.722000,3341.395000,3368.532000,3391.254000,286.000000,275.000000,329.000000,309.000000,False,SOFT,13.000000,False,Ferrari,3315.591000,,1,3.000000,False,,False,True
2026,12,Dutch Grand Prix,S,3467.252000,LEC,16,leclerc,ferrari,76.018000,10.000000,1.000000,,,26.051000,27.216000,22.751000,3417.305000,3444.521000,3467.272000,282.000000,275.000000,332.000000,313.000000,False,SOFT,14.000000,False,Ferrari,3391.234000,,1,3.000000,False,,False,True
2026,12,Dutch Grand Prix,S,3543.206000,LEC,16,leclerc,ferrari,75.954000,11.000000,1.000000,,,25.888000,27.201000,22.865000,3493.160000,3520.361000,3543.226000,287.000000,276.000000,328.000000,308.000000,False,SOFT,15.000000,False,Ferrari,3467.252000,,1,3.000000,False,,False,True
2026,12,Dutch Grand Prix,S,3618.987000,LEC,16,leclerc,ferrari,75.781000,12.000000,1.000000,,,25.923000,27.118000,22.740000,3569.149000,3596.267000,3619.007000,289.000000,277.000000,329.000000,306.000000,False,SOFT,16.000000,False,Ferrari,3543.206000,,1,3.000000,False,,False,True
2026,12,Dutch Grand Prix,S,3694.990000,LEC,16,leclerc,ferrari,76.003000,13.000000,1.000000,,,25.989000,27.267000,22.747000,3644.996000,3672.263000,3695.010000,290.000000,284.000000,331.000000,312.000000,False,SOFT,17.000000,False,Ferrari,3618.987000,,1,3.000000,False,,False,True
2026,12,Dutch Grand Prix,S,3771.082000,LEC,16,leclerc,ferrari,76.092000,14.000000,1.000000,,,26.075000,27.248000,22.769000,3721.085000,3748.333000,3771.102000,284.000000,278.000000,328.000000,308.000000,False,SOFT,18.000000,False,Ferrari,3694.990000,,1,3.000000,False,,False,True
2026,12,Dutch Grand Prix,S,3847.003000,LEC,16,leclerc,ferrari,75.921000,15.000000,1.000000,,,25.875000,27.245000,22.801000,3796.977000,3824.222000,3847.023000,287.000000,281.000000,330.000000,313.000000,False,SOFT,19.000000,False,Ferrari,3771.082000,,1,3.000000,False,,False,True
2026,12,Dutch Grand Prix,S,3923.041000,LEC,16,leclerc,ferrari,76.038000,16.000000,1.000000,,,25.903000,27.383000,22.752000,3872.926000,3900.309000,3923.061000,289.000000,277.000000,338.000000,313.000000,False,SOFT,20.000000,False,Ferrari,3847.003000,,1,3.000000,False,,False,True
2026,12,Dutch Grand Prix,S,3999.116000,LEC,16,leclerc,ferrari,76.075000,17.000000,1.000000,,,25.842000,27.373000,22.860000,3948.903000,3976.276000,3999.136000,283.000000,278.000000,341.000000,303.000000,False,SOFT,21.000000,False,Ferrari,3923.041000,,1,3.000000,False,,False,True
2026,12,Dutch Grand Prix,S,4075.371000,LEC,16,leclerc,ferrari,76.255000,18.000000,1.000000,,,26.113000,27.359000,22.783000,4025.249000,4052.608000,4075.391000,280.000000,271.000000,316.000000,301.000000,False,SOFT,22.000000,False,Ferrari,3999.116000,,1,2.000000,False,,False,True
2026,12,Dutch Grand Prix,S,4151.332000,LEC,16,leclerc,ferrari,75.961000,19.000000,1.000000,,,25.813000,27.333000,22.815000,4101.204000,4128.537000,4151.352000,290.000000,282.000000,320.000000,306.000000,False,SOFT,23.000000,False,Ferrari,4075.371000,,1,2.000000,False,,False,True
2026,12,Dutch Grand Prix,S,4227.674000,LEC,16,leclerc,ferrari,76.342000,20.000000,1.000000,,,25.918000,27.549000,22.875000,4177.270000,4204.819000,4227.694000,284.000000,274.000000,319.000000,308.000000,False,SOFT,24.000000,False,Ferrari,4151.332000,,1,2.000000,False,,False,True
2026,12,Dutch Grand Prix,S,4303.866000,LEC,16,leclerc,ferrari,76.192000,21.000000,1.000000,,,25.972000,27.471000,22.749000,4253.666000,4281.137000,4303.886000,286.000000,283.000000,320.000000,306.000000,False,SOFT,25.000000,False,Ferrari,4227.674000,,1,2.000000,False,,False,True
2026,12,Dutch Grand Prix,S,4380.237000,LEC,16,leclerc,ferrari,76.371000,22.000000,1.000000,,,26.018000,27.462000,22.891000,4329.904000,4357.366000,4380.257000,285.000000,276.000000,319.000000,311.000000,False,SOFT,26.000000,False,Ferrari,4303.866000,,1,2.000000,False,,False,True
2026,12,Dutch Grand Prix,S,4456.462000,LEC,16,leclerc,ferrari,76.225000,23.000000,1.000000,,,25.850000,27.490000,22.885000,4406.107000,4433.597000,4456.482000,286.000000,278.000000,321.000000,308.000000,False,SOFT,27.000000,False,Ferrari,4380.237000,,1,2.000000,False,,False,True
2026,12,Dutch Grand Prix,S,4533.430000,LEC,16,leclerc,ferrari,76.968000,24.000000,1.000000,,,26.161000,27.592000,23.215000,4482.643000,4510.235000,4533.450000,286.000000,277.000000,318.000000,306.000000,False,SOFT,28.000000,False,Ferrari,4456.462000,,1,2.000000,False,,False,True
2026,12,Dutch Grand Prix,S,2787.273000,NOR,1,norris,mclaren,,1.000000,1.000000,,,,26.976000,22.808000,,2764.568000,2787.448000,296.000000,291.000000,319.000000,220.000000,False,MEDIUM,5.000000,False,McLaren,2706.466000,,1,2.000000,False,,False,False
2026,12,Dutch Grand Prix,S,2863.038000,NOR,1,norris,mclaren,75.765000,2.000000,1.000000,,,26.305000,26.645000,22.815000,2813.616000,2840.261000,2863.076000,270.000000,271.000000,306.000000,286.000000,True,MEDIUM,6.000000,False,McLaren,2787.273000,,1,2.000000,False,,False,True
2026,12,Dutch Grand Prix,S,2938.154000,NOR,1,norris,mclaren,75.116000,3.000000,1.000000,,,25.855000,26.651000,22.610000,2888.931000,2915.582000,2938.192000,279.000000,280.000000,314.000000,299.000000,True,MEDIUM,7.000000,False,McLaren,2863.038000,,1,2.000000,False,,False,True
2026,12,Dutch Grand Prix,S,3013.411000,NOR,1,norris,mclaren,75.257000,4.000000,1.000000,,,25.838000,26.768000,22.651000,2964.030000,2990.798000,3013.449000,281.000000,280.000000,317.000000,303.000000,False,MEDIUM,8.000000,False,McLaren,2938.154000,,1,2.000000,False,,False,True
2026,12,Dutch Grand Prix,S,3088.292000,NOR,1,norris,mclaren,74.881000,5.000000,1.000000,,,25.662000,26.613000,22.606000,3039.111000,3065.724000,3088.330000,291.000000,284.000000,323.000000,302.000000,True,MEDIUM,9.000000,False,McLaren,3013.411000,,1,2.000000,False,,False,True
2026,12,Dutch Grand Prix,S,3163.635000,NOR,1,norris,mclaren,75.343000,6.000000,1.000000,,,25.572000,26.947000,22.824000,3113.902000,3140.849000,3163.673000,288.000000,280.000000,321.000000,308.000000,False,MEDIUM,10.000000,False,McLaren,3088.292000,,1,2.000000,False,,False,True
2026,12,Dutch Grand Prix,S,3239.211000,NOR,1,norris,mclaren,75.576000,7.000000,1.000000,,,25.730000,27.032000,22.814000,3189.403000,3216.435000,3239.249000,290.000000,281.000000,320.000000,305.000000,False,MEDIUM,11.000000,False,McLaren,3163.635000,,1,2.000000,False,,False,True
2026,12,Dutch Grand Prix,S,3314.650000,NOR,1,norris,mclaren,75.439000,8.000000,1.000000,,,25.729000,26.881000,22.829000,3264.978000,3291.859000,3314.688000,291.000000,282.000000,321.000000,306.000000,False,MEDIUM,12.000000,False,McLaren,3239.211000,,1,2.000000,False,,False,True
2026,12,Dutch Grand Prix,S,3390.474000,NOR,1,norris,mclaren,75.824000,9.000000,1.000000,,,25.628000,27.213000,22.983000,3340.316000,3367.529000,3390.512000,285.000000,279.000000,317.000000,308.000000,False,MEDIUM,13.000000,False,McLaren,3314.650000,,1,2.000000,False,,False,True
2026,12,Dutch Grand Prix,S,3466.631000,NOR,1,norris,mclaren,76.157000,10.000000,1.000000,,,26.166000,27.048000,22.943000,3416.678000,3443.726000,3466.669000,283.000000,278.000000,316.000000,300.000000,False,MEDIUM,14.000000,False,McLaren,3390.474000,,1,2.000000,False,,False,True
2026,12,Dutch Grand Prix,S,3542.700000,NOR,1,norris,mclaren,76.069000,11.000000,1.000000,,,25.782000,27.183000,23.104000,3492.451000,3519.634000,3542.738000,282.000000,279.000000,315.000000,305.000000,False,MEDIUM,15.000000,False,McLaren,3466.631000,,1,2.000000,False,,False,True
2026,12,Dutch Grand Prix,S,3618.475000,NOR,1,norris,mclaren,75.775000,12.000000,1.000000,,,25.766000,26.968000,23.041000,3568.504000,3595.472000,3618.513000,285.000000,278.000000,314.000000,305.000000,False,MEDIUM,16.000000,False,McLaren,3542.700000,,1,2.000000,False,,False,True
2026,12,Dutch Grand Prix,S,3694.479000,NOR,1,norris,mclaren,76.004000,13.000000,1.000000,,,25.943000,27.045000,23.016000,3644.456000,3671.501000,3694.517000,282.000000,278.000000,315.000000,305.000000,False,MEDIUM,17.000000,False,McLaren,3618.475000,,1,2.000000,False,,False,True
2026,12,Dutch Grand Prix,S,3770.304000,NOR,1,norris,mclaren,75.825000,14.000000,1.000000,,,25.824000,26.963000,23.038000,3720.341000,3747.304000,3770.342000,283.000000,278.000000,316.000000,305.000000,False,MEDIUM,18.000000,False,McLaren,3694.479000,,1,2.000000,False,,False,True
2026,12,Dutch Grand Prix,S,3846.369000,NOR,1,norris,mclaren,76.065000,15.000000,1.000000,,,25.865000,27.146000,23.054000,3796.207000,3823.353000,3846.407000,283.000000,281.000000,319.000000,307.000000,False,MEDIUM,19.000000,False,McLaren,3770.304000,,1,2.000000,False,,False,True
2026,12,Dutch Grand Prix,S,3922.592000,NOR,1,norris,mclaren,76.223000,16.000000,1.000000,,,25.859000,27.247000,23.117000,3872.266000,3899.513000,3922.630000,284.000000,279.000000,319.000000,310.000000,False,MEDIUM,20.000000,False,McLaren,3846.369000,,1,2.000000,False,,False,True
2026,12,Dutch Grand Prix,S,3998.874000,NOR,1,norris,mclaren,76.282000,17.000000,1.000000,,,25.722000,27.392000,23.168000,3948.352000,3975.744000,3998.912000,282.000000,278.000000,317.000000,309.000000,False,MEDIUM,21.000000,False,McLaren,3922.592000,,1,2.000000,False,,False,True
2026,12,Dutch Grand Prix,S,4076.783000,NOR,1,norris,mclaren,77.909000,18.000000,1.000000,,,26.908000,27.808000,23.193000,4025.820000,4053.628000,4076.821000,285.000000,281.000000,320.000000,300.000000,False,MEDIUM,22.000000,False,McLaren,3998.874000,,1,3.000000,False,,False,True
2026,12,Dutch Grand Prix,S,4152.932000,NOR,1,norris,mclaren,76.149000,19.000000,1.000000,,,25.798000,27.468000,22.883000,4102.619000,4130.087000,4152.970000,290.000000,287.000000,322.000000,309.000000,False,MEDIUM,23.000000,False,McLaren,4076.783000,,1,3.000000,False,,False,True
2026,12,Dutch Grand Prix,S,4229.460000,NOR,1,norris,mclaren,76.528000,20.000000,1.000000,,,25.873000,27.549000,23.106000,4178.843000,4206.392000,4229.498000,278.000000,281.000000,322.000000,316.000000,False,MEDIUM,24.000000,False,McLaren,4152.932000,,1,3.000000,False,,False,True
2026,12,Dutch Grand Prix,S,4305.894000,NOR,1,norris,mclaren,76.434000,21.000000,1.000000,,,25.801000,27.572000,23.061000,4255.299000,4282.871000,4305.932000,277.000000,281.000000,321.000000,318.000000,False,MEDIUM,25.000000,False,McLaren,4229.460000,,1,3.000000,False,,False,True
2026,12,Dutch Grand Prix,S,4382.441000,NOR,1,norris,mclaren,76.547000,22.000000,1.000000,,,25.944000,27.603000,23.000000,4331.876000,4359.479000,4382.479000,275.000000,281.000000,321.000000,311.000000,False,MEDIUM,26.000000,False,McLaren,4305.894000,,1,3.000000,False,,False,True
2026,12,Dutch Grand Prix,S,4459.429000,NOR,1,norris,mclaren,76.988000,23.000000,1.000000,,,25.897000,27.882000,23.209000,4408.376000,4436.258000,4459.467000,277.000000,281.000000,319.000000,314.000000,False,MEDIUM,27.000000,False,McLaren,4382.441000,,1,3.000000,False,,False,True
2026,12,Dutch Grand Prix,S,4537.266000,NOR,1,norris,mclaren,77.837000,24.000000,1.000000,,,26.570000,27.997000,23.270000,4486.037000,4514.034000,4537.304000,281.000000,277.000000,322.000000,309.000000,False,MEDIUM,28.000000,False,McLaren,4459.429000,,1,3.000000,False,,False,True
2026,12,Dutch Grand Prix,S,2788.564000,ANT,12,antonelli,mercedes,,1.000000,1.000000,,,,27.491000,22.929000,,2765.818000,2788.699000,287.000000,287.000000,324.000000,229.000000,False,MEDIUM,5.000000,False,Mercedes,2706.466000,,1,4.000000,False,,False,False
2026,12,Dutch Grand Prix,S,2864.541000,ANT,12,antonelli,mercedes,75.977000,2.000000,1.000000,,,25.995000,27.137000,22.845000,2814.579000,2841.716000,2864.561000,292.000000,287.000000,323.000000,299.000000,True,MEDIUM,6.000000,False,Mercedes,2788.564000,,1,4.000000,False,,False,True
2026,12,Dutch Grand Prix,S,2939.764000,ANT,12,antonelli,mercedes,75.223000,3.000000,1.000000,,,25.676000,26.866000,22.681000,2890.237000,2917.103000,2939.784000,291.000000,288.000000,323.000000,302.000000,True,MEDIUM,7.000000,False,Mercedes,2864.541000,,1,4.000000,False,,False,True
2026,12,Dutch Grand Prix,S,3014.754000,ANT,12,antonelli,mercedes,74.990000,4.000000,1.000000,,,25.499000,26.952000,22.539000,2965.283000,2992.235000,3014.774000,294.000000,289.000000,327.000000,309.000000,True,MEDIUM,8.000000,False,Mercedes,2939.764000,,1,4.000000,False,,False,True
2026,12,Dutch Grand Prix,S,3089.787000,ANT,12,antonelli,mercedes,75.033000,5.000000,1.000000,,,25.476000,26.960000,22.597000,3040.250000,3067.210000,3089.807000,295.000000,289.000000,331.000000,315.000000,False,MEDIUM,9.000000,False,Mercedes,3014.754000,,1,4.000000,False,,False,True
2026,12,Dutch Grand Prix,S,3165.369000,ANT,12,antonelli,mercedes,75.582000,6.000000,1.000000,,,25.652000,27.282000,22.648000,3115.459000,3142.741000,3165.389000,293.000000,287.000000,332.000000,308.000000,False,MEDIUM,10.000000,False,Mercedes,3089.787000,,1,4.000000,False,,False,True
2026,12,Dutch Grand Prix,S,3241.031000,ANT,12,antonelli,mercedes,75.662000,7.000000,1.000000,,,25.759000,27.266000,22.637000,3191.148000,3218.414000,3241.051000,295.000000,287.000000,331.000000,301.000000,False,MEDIUM,11.000000,False,Mercedes,3165.369000,,1,4.000000,False,,False,True
2026,12,Dutch Grand Prix,S,3316.198000,ANT,12,antonelli,mercedes,75.167000,8.000000,1.000000,,,25.500000,27.143000,22.524000,3266.551000,3293.694000,3316.218000,294.000000,285.000000,329.000000,311.000000,False,MEDIUM,12.000000,False,Mercedes,3241.031000,,1,4.000000,False,,False,True
2026,12,Dutch Grand Prix,S,3392.121000,ANT,12,antonelli,mercedes,75.923000,9.000000,1.000000,,,25.796000,27.328000,22.799000,3342.014000,3369.342000,3392.141000,286.000000,284.000000,323.000000,317.000000,False,MEDIUM,13.000000,False,Mercedes,3316.198000,,1,4.000000,False,,False,True
2026,12,Dutch Grand Prix,S,3468.089000,ANT,12,antonelli,mercedes,75.968000,10.000000,1.000000,,,25.619000,27.566000,22.783000,3417.760000,3445.326000,3468.109000,294.000000,287.000000,329.000000,306.000000,False,MEDIUM,14.000000,False,Mercedes,3392.121000,,1,4.000000,False,,False,True
2026,12,Dutch Grand Prix,S,3543.914000,ANT,12,antonelli,mercedes,75.825000,11.000000,1.000000,,,25.645000,27.413000,22.767000,3493.754000,3521.167000,3543.934000,293.000000,288.000000,330.000000,307.000000,False,MEDIUM,15.000000,False,Mercedes,3468.089000,,1,4.000000,False,,False,True
2026,12,Dutch Grand Prix,S,3619.867000,ANT,12,antonelli,mercedes,75.953000,12.000000,1.000000,,,25.825000,27.407000,22.721000,3569.759000,3597.166000,3619.887000,293.000000,286.000000,327.000000,310.000000,False,MEDIUM,16.000000,False,Mercedes,3543.914000,,1,4.000000,False,,False,True
2026,12,Dutch Grand Prix,S,3695.848000,ANT,12,antonelli,mercedes,75.981000,13.000000,1.000000,,,25.722000,27.440000,22.819000,3645.609000,3673.049000,3695.868000,294.000000,287.000000,329.000000,309.000000,False,MEDIUM,17.000000,False,Mercedes,3619.867000,,1,4.000000,False,,False,True
2026,12,Dutch Grand Prix,S,3771.822000,ANT,12,antonelli,mercedes,75.974000,14.000000,1.000000,,,25.775000,27.395000,22.804000,3721.643000,3749.038000,3771.842000,295.000000,286.000000,330.000000,310.000000,False,MEDIUM,18.000000,False,Mercedes,3695.848000,,1,4.000000,False,,False,True
2026,12,Dutch Grand Prix,S,3847.816000,ANT,12,antonelli,mercedes,75.994000,15.000000,1.000000,,,25.833000,27.441000,22.720000,3797.675000,3825.116000,3847.836000,294.000000,288.000000,331.000000,311.000000,False,MEDIUM,19.000000,False,Mercedes,3771.822000,,1,4.000000,False,,False,True
2026,12,Dutch Grand Prix,S,3924.084000,ANT,12,antonelli,mercedes,76.268000,16.000000,1.000000,,,25.723000,27.555000,22.990000,3873.559000,3901.114000,3924.104000,295.000000,288.000000,329.000000,315.000000,False,MEDIUM,20.000000,False,Mercedes,3847.816000,,1,4.000000,False,,False,True
2026,12,Dutch Grand Prix,S,4000.226000,ANT,12,antonelli,mercedes,76.142000,17.000000,1.000000,,,25.736000,27.560000,22.846000,3949.840000,3977.400000,4000.246000,294.000000,287.000000,327.000000,310.000000,False,MEDIUM,21.000000,False,Mercedes,3924.084000,,1,4.000000,False,,False,True
2026,12,Dutch Grand Prix,S,4077.305000,ANT,12,antonelli,mercedes,77.079000,18.000000,1.000000,,,25.964000,28.045000,23.070000,4026.210000,4054.255000,4077.325000,295.000000,288.000000,340.000000,310.000000,False,MEDIUM,22.000000,False,Mercedes,4000.226000,,1,4.000000,False,,False,True
2026,12,Dutch Grand Prix,S,4153.841000,ANT,12,antonelli,mercedes,76.536000,19.000000,1.000000,,,25.955000,27.739000,22.842000,4103.280000,4131.019000,4153.861000,285.000000,284.000000,338.000000,308.000000,False,MEDIUM,23.000000,False,Mercedes,4077.305000,,1,4.000000,False,,False,True
2026,12,Dutch Grand Prix,S,4230.199000,ANT,12,antonelli,mercedes,76.358000,20.000000,1.000000,,,25.734000,27.761000,22.863000,4179.595000,4207.356000,4230.219000,286.000000,284.000000,326.000000,314.000000,False,MEDIUM,24.000000,False,Mercedes,4153.841000,,1,4.000000,False,,False,True
2026,12,Dutch Grand Prix,S,4306.434000,ANT,12,antonelli,mercedes,76.235000,21.000000,1.000000,,,25.693000,27.780000,22.762000,4255.912000,4283.692000,4306.454000,294.000000,287.000000,332.000000,309.000000,False,MEDIUM,25.000000,False,Mercedes,4230.199000,,1,4.000000,False,,False,True
2026,12,Dutch Grand Prix,S,4383.175000,ANT,12,antonelli,mercedes,76.741000,22.000000,1.000000,,,25.895000,27.888000,22.958000,4332.349000,4360.237000,4383.195000,293.000000,283.000000,328.000000,314.000000,False,MEDIUM,26.000000,False,Mercedes,4306.434000,,1,4.000000,False,,False,True
2026,12,Dutch Grand Prix,S,4459.759000,ANT,12,antonelli,mercedes,76.584000,23.000000,1.000000,,,25.732000,27.747000,23.105000,4408.927000,4436.674000,4459.779000,293.000000,289.000000,340.000000,312.000000,False,MEDIUM,27.000000,False,Mercedes,4383.175000,,1,4.000000,False,,False,True
2026,12,Dutch Grand Prix,S,4537.651000,ANT,12,antonelli,mercedes,77.892000,24.000000,1.000000,,,26.681000,28.102000,23.109000,4486.460000,4514.562000,4537.671000,283.000000,278.000000,340.000000,298.000000,False,MEDIUM,28.000000,False,Mercedes,4459.759000,,1,4.000000,False,,False,True
2026,12,Dutch Grand Prix,S,2789.143000,PIA,81,piastri,mclaren,,1.000000,1.000000,,,,27.619000,23.123000,,2766.178000,2789.282000,298.000000,298.000000,331.000000,219.000000,False,MEDIUM,5.000000,False,McLaren,2706.466000,,1,5.000000,False,,False,False
2026,12,Dutch Grand Prix,S,2865.359000,PIA,81,piastri,mclaren,76.216000,2.000000,1.000000,,,26.171000,27.154000,22.891000,2815.339000,2842.493000,2865.384000,279.000000,280.000000,321.000000,295.000000,True,MEDIUM,6.000000,False,McLaren,2789.143000,,1,5.000000,False,,False,True
2026,12,Dutch Grand Prix,S,2940.683000,PIA,81,piastri,mclaren,75.324000,3.000000,1.000000,,,25.677000,26.798000,22.849000,2891.061000,2917.859000,2940.708000,290.000000,284.000000,323.000000,306.000000,True,MEDIUM,7.000000,False,McLaren,2865.359000,,1,5.000000,False,,False,True
2026,12,Dutch Grand Prix,S,3016.047000,PIA,81,piastri,mclaren,75.364000,4.000000,1.000000,,,25.641000,26.884000,22.839000,2966.349000,2993.233000,3016.072000,288.000000,281.000000,317.000000,308.000000,False,MEDIUM,8.000000,False,McLaren,2940.683000,,1,5.000000,False,,False,True
2026,12,Dutch Grand Prix,S,3091.493000,PIA,81,piastri,mclaren,75.446000,5.000000,1.000000,,,25.732000,26.882000,22.832000,3041.804000,3068.686000,3091.518000,277.000000,282.000000,319.000000,308.000000,False,MEDIUM,9.000000,False,McLaren,3016.047000,,1,5.000000,False,,False,True
2026,12,Dutch Grand Prix,S,3167.181000,PIA,81,piastri,mclaren,75.688000,6.000000,1.000000,,,25.673000,26.927000,23.088000,3117.191000,3144.118000,3167.206000,277.000000,280.000000,317.000000,310.000000,False,MEDIUM,10.000000,False,McLaren,3091.493000,,1,5.000000,False,,False,True
2026,12,Dutch Grand Prix,S,3243.361000,PIA,81,piastri,mclaren,76.180000,7.000000,1.000000,,,26.150000,27.108000,22.922000,3193.356000,3220.464000,3243.386000,281.000000,280.000000,314.000000,309.000000,False,MEDIUM,11.000000,False,McLaren,3167.181000,,1,5.000000,False,,False,True
2026,12,Dutch Grand Prix,S,3318.919000,PIA,81,piastri,mclaren,75.558000,8.000000,1.000000,,,25.765000,26.883000,22.910000,3269.151000,3296.034000,3318.944000,279.000000,279.000000,311.000000,306.000000,False,MEDIUM,12.000000,False,McLaren,3243.361000,,1,5.000000,False,,False,True
2026,12,Dutch Grand Prix,S,3394.922000,PIA,81,piastri,mclaren,76.003000,9.000000,1.000000,,,25.847000,27.109000,23.047000,3344.791000,3371.900000,3394.947000,279.000000,280.000000,313.000000,304.000000,False,MEDIUM,13.000000,False,McLaren,3318.919000,,1,5.000000,False,,False,True
2026,12,Dutch Grand Prix,S,3470.880000,PIA,81,piastri,mclaren,75.958000,10.000000,1.000000,,,25.871000,27.072000,23.015000,3420.818000,3447.890000,3470.905000,279.000000,278.000000,316.000000,306.000000,False,MEDIUM,14.000000,False,McLaren,3394.922000,,1,5.000000,False,,False,True
2026,12,Dutch Grand Prix,S,3547.164000,PIA,81,piastri,mclaren,76.284000,11.000000,1.000000,,,26.037000,27.281000,22.966000,3496.942000,3524.223000,3547.189000,279.000000,279.000000,313.000000,306.000000,False,MEDIUM,15.000000,False,McLaren,3470.880000,,1,5.000000,False,,False,True
2026,12,Dutch Grand Prix,S,3623.865000,PIA,81,piastri,mclaren,76.701000,12.000000,1.000000,,,26.196000,27.311000,23.194000,3573.385000,3600.696000,3623.890000,280.000000,276.000000,312.000000,306.000000,False,MEDIUM,16.000000,False,McLaren,3547.164000,,1,5.000000,False,,False,True
2026,12,Dutch Grand Prix,S,3700.164000,PIA,81,piastri,mclaren,76.299000,13.000000,1.000000,,,26.104000,27.240000,22.955000,3649.994000,3677.234000,3700.189000,278.000000,280.000000,313.000000,302.000000,False,MEDIUM,17.000000,False,McLaren,3623.865000,,1,5.000000,False,,False,True
2026,12,Dutch Grand Prix,S,3776.280000,PIA,81,piastri,mclaren,76.116000,14.000000,1.000000,,,25.912000,27.111000,23.093000,3726.101000,3753.212000,3776.305000,280.000000,280.000000,315.000000,304.000000,False,MEDIUM,18.000000,False,McLaren,3700.164000,,1,5.000000,False,,False,True
2026,12,Dutch Grand Prix,S,3852.622000,PIA,81,piastri,mclaren,76.342000,15.000000,1.000000,,,25.998000,27.380000,22.964000,3802.303000,3829.683000,3852.647000,280.000000,279.000000,314.000000,305.000000,False,MEDIUM,19.000000,False,McLaren,3776.280000,,1,5.000000,False,,False,True
2026,12,Dutch Grand Prix,S,3928.695000,PIA,81,piastri,mclaren,76.073000,16.000000,1.000000,,,25.870000,27.094000,23.109000,3878.517000,3905.611000,3928.720000,281.000000,288.000000,309.000000,306.000000,False,MEDIUM,20.000000,False,McLaren,3852.622000,,1,5.000000,False,,False,True
2026,12,Dutch Grand Prix,S,4005.293000,PIA,81,piastri,mclaren,76.598000,17.000000,1.000000,,,26.129000,27.362000,23.107000,3954.849000,3982.211000,4005.318000,279.000000,279.000000,316.000000,301.000000,False,MEDIUM,21.000000,False,McLaren,3928.695000,,1,5.000000,False,,False,True
2026,12,Dutch Grand Prix,S,4081.731000,PIA,81,piastri,mclaren,76.438000,18.000000,1.000000,,,25.847000,27.479000,23.112000,4031.165000,4058.644000,4081.756000,280.000000,280.000000,316.000000,307.000000,False,MEDIUM,22.000000,False,McLaren,4005.293000,,1,5.000000,False,,False,True
2026,12,Dutch Grand Prix,S,4158.331000,PIA,81,piastri,mclaren,76.600000,19.000000,1.000000,,,25.983000,27.533000,23.084000,4107.739000,4135.272000,4158.356000,282.000000,279.000000,317.000000,306.000000,False,MEDIUM,23.000000,False,McLaren,4081.731000,,1,5.000000,False,,False,True
2026,12,Dutch Grand Prix,S,4234.913000,PIA,81,piastri,mclaren,76.582000,20.000000,1.000000,,,25.998000,27.477000,23.107000,4184.354000,4211.831000,4234.938000,279.000000,280.000000,316.000000,307.000000,False,MEDIUM,24.000000,False,McLaren,4158.331000,,1,5.000000,False,,False,True
2026,12,Dutch Grand Prix,S,4311.532000,PIA,81,piastri,mclaren,76.619000,21.000000,1.000000,,,25.928000,27.592000,23.099000,4260.866000,4288.458000,4311.557000,278.000000,281.000000,314.000000,306.000000,False,MEDIUM,25.000000,False,McLaren,4234.913000,,1,5.000000,False,,False,True
2026,12,Dutch Grand Prix,S,4388.172000,PIA,81,piastri,mclaren,76.640000,22.000000,1.000000,,,25.932000,27.493000,23.215000,4337.489000,4364.982000,4388.197000,279.000000,280.000000,315.000000,306.000000,False,MEDIUM,26.000000,False,McLaren,4311.532000,,1,5.000000,False,,False,True
2026,12,Dutch Grand Prix,S,4465.021000,PIA,81,piastri,mclaren,76.849000,23.000000,1.000000,,,26.044000,27.630000,23.175000,4414.241000,4441.871000,4465.046000,280.000000,280.000000,314.000000,305.000000,False,MEDIUM,27.000000,False,McLaren,4388.172000,,1,5.000000,False,,False,True
2026,12,Dutch Grand Prix,S,4542.255000,PIA,81,piastri,mclaren,77.234000,24.000000,1.000000,,,26.352000,27.567000,23.315000,4491.398000,4518.965000,4542.280000,283.000000,291.000000,320.000000,304.000000,False,MEDIUM,28.000000,False,McLaren,4465.021000,,1,5.000000,False,,False,True
2026,12,Dutch Grand Prix,S,2789.628000,VER,3,max_verstappen,red_bull,,1.000000,1.000000,,,,27.421000,23.420000,,2766.287000,2789.719000,290.000000,301.000000,327.000000,226.000000,False,MEDIUM,5.000000,False,Red Bull Racing,2706.466000,,1,6.000000,False,,False,False
2026,12,Dutch Grand Prix,S,2866.422000,VER,3,max_verstappen,red_bull,76.794000,2.000000,1.000000,,,26.230000,27.331000,23.233000,2815.890000,2843.221000,2866.454000,288.000000,283.000000,317.000000,276.000000,True,MEDIUM,6.000000,False,Red Bull Racing,2789.628000,,1,6.000000,False,,False,True
2026,12,Dutch Grand Prix,S,2942.298000,VER,3,max_verstappen,red_bull,75.876000,3.000000,1.000000,,,26.130000,26.968000,22.778000,2892.584000,2919.552000,2942.330000,273.000000,279.000000,315.000000,286.000000,True,MEDIUM,7.000000,False,Red Bull Racing,2866.422000,,1,6.000000,False,,False,True
2026,12,Dutch Grand Prix,S,3018.205000,VER,3,max_verstappen,red_bull,75.907000,4.000000,1.000000,,,25.898000,27.055000,22.954000,2968.228000,2995.283000,3018.237000,277.000000,274.000000,303.000000,296.000000,False,MEDIUM,8.000000,False,Red Bull Racing,2942.298000,,1,6.000000,False,,False,True
2026,12,Dutch Grand Prix,S,3093.953000,VER,3,max_verstappen,red_bull,75.748000,5.000000,1.000000,,,25.998000,26.940000,22.810000,3044.235000,3071.175000,3093.985000,276.000000,273.000000,303.000000,290.000000,True,MEDIUM,9.000000,False,Red Bull Racing,3018.205000,,1,6.000000,False,,False,True
2026,12,Dutch Grand Prix,S,3169.654000,VER,3,max_verstappen,red_bull,75.701000,6.000000,1.000000,,,25.926000,26.954000,22.821000,3119.911000,3146.865000,3169.686000,281.000000,275.000000,307.000000,301.000000,True,MEDIUM,10.000000,False,Red Bull Racing,3093.953000,,1,6.000000,False,,False,True
2026,12,Dutch Grand Prix,S,3245.527000,VER,3,max_verstappen,red_bull,75.873000,7.000000,1.000000,,,26.013000,27.059000,22.801000,3195.699000,3222.758000,3245.559000,281.000000,275.000000,308.000000,295.000000,False,MEDIUM,11.000000,False,Red Bull Racing,3169.654000,,1,6.000000,False,,False,True
2026,12,Dutch Grand Prix,S,3320.970000,VER,3,max_verstappen,red_bull,75.443000,8.000000,1.000000,,,25.774000,26.966000,22.703000,3271.333000,3298.299000,3321.002000,281.000000,275.000000,307.000000,297.000000,True,MEDIUM,12.000000,False,Red Bull Racing,3245.527000,,1,6.000000,False,,False,True
2026,12,Dutch Grand Prix,S,3396.873000,VER,3,max_verstappen,red_bull,75.903000,9.000000,1.000000,,,25.830000,27.168000,22.905000,3346.832000,3374.000000,3396.905000,281.000000,274.000000,306.000000,294.000000,False,MEDIUM,13.000000,False,Red Bull Racing,3320.970000,,1,6.000000,False,,False,True
2026,12,Dutch Grand Prix,S,3472.744000,VER,3,max_verstappen,red_bull,75.871000,10.000000,1.000000,,,25.781000,27.141000,22.949000,3422.686000,3449.827000,3472.776000,281.000000,273.000000,306.000000,292.000000,False,MEDIUM,14.000000,False,Red Bull Racing,3396.873000,,1,6.000000,False,,False,True
2026,12,Dutch Grand Prix,S,3548.663000,VER,3,max_verstappen,red_bull,75.919000,11.000000,1.000000,,,25.874000,27.210000,22.835000,3498.650000,3525.860000,3548.695000,281.000000,276.000000,307.000000,294.000000,False,MEDIUM,15.000000,False,Red Bull Racing,3472.744000,,1,6.000000,False,,False,True
2026,12,Dutch Grand Prix,S,3624.670000,VER,3,max_verstappen,red_bull,76.007000,12.000000,1.000000,,,25.923000,27.193000,22.891000,3574.618000,3601.811000,3624.702000,282.000000,295.000000,312.000000,298.000000,False,MEDIUM,16.000000,False,Red Bull Racing,3548.663000,,1,6.000000,False,,False,True
2026,12,Dutch Grand Prix,S,3700.963000,VER,3,max_verstappen,red_bull,76.293000,13.000000,1.000000,,,25.985000,27.378000,22.930000,3650.687000,3678.065000,3700.995000,285.000000,277.000000,312.000000,300.000000,False,MEDIUM,17.000000,False,Red Bull Racing,3624.670000,,1,6.000000,False,,False,True
2026,12,Dutch Grand Prix,S,3777.375000,VER,3,max_verstappen,red_bull,76.412000,14.000000,1.000000,,,25.944000,27.403000,23.065000,3726.939000,3754.342000,3777.407000,288.000000,277.000000,313.000000,302.000000,False,MEDIUM,18.000000,False,Red Bull Racing,3700.963000,,1,6.000000,False,,False,True
2026,12,Dutch Grand Prix,S,3853.995000,VER,3,max_verstappen,red_bull,76.620000,15.000000,1.000000,,,26.169000,27.460000,22.991000,3803.576000,3831.036000,3854.027000,284.000000,275.000000,308.000000,297.000000,False,MEDIUM,19.000000,False,Red Bull Racing,3777.375000,,1,6.000000,False,,False,True
2026,12,Dutch Grand Prix,S,3930.170000,VER,3,max_verstappen,red_bull,76.175000,16.000000,1.000000,,,25.970000,27.218000,22.987000,3879.997000,3907.215000,3930.202000,284.000000,276.000000,311.000000,296.000000,False,MEDIUM,20.000000,False,Red Bull Racing,3853.995000,,1,6.000000,False,,False,True
2026,12,Dutch Grand Prix,S,4006.654000,VER,3,max_verstappen,red_bull,76.484000,17.000000,1.000000,,,26.061000,27.469000,22.954000,3956.263000,3983.732000,4006.686000,285.000000,276.000000,310.000000,297.000000,False,MEDIUM,21.000000,False,Red Bull Racing,3930.170000,,1,6.000000,False,,False,True
2026,12,Dutch Grand Prix,S,4083.001000,VER,3,max_verstappen,red_bull,76.347000,18.000000,1.000000,,,25.845000,27.489000,23.013000,4032.531000,4060.020000,4083.033000,287.000000,275.000000,311.000000,299.000000,False,MEDIUM,22.000000,False,Red Bull Racing,4006.654000,,1,6.000000,False,,False,True
2026,12,Dutch Grand Prix,S,4159.303000,VER,3,max_verstappen,red_bull,76.302000,19.000000,1.000000,,,25.883000,27.459000,22.960000,4108.916000,4136.375000,4159.335000,285.000000,277.000000,313.000000,299.000000,False,MEDIUM,23.000000,False,Red Bull Racing,4083.001000,,1,6.000000,False,,False,True
2026,12,Dutch Grand Prix,S,4235.630000,VER,3,max_verstappen,red_bull,76.327000,20.000000,1.000000,,,26.104000,27.374000,22.849000,4185.439000,4212.813000,4235.662000,286.000000,297.000000,315.000000,300.000000,False,MEDIUM,24.000000,False,Red Bull Racing,4159.303000,,1,6.000000,False,,False,True
2026,12,Dutch Grand Prix,S,4312.379000,VER,3,max_verstappen,red_bull,76.749000,21.000000,1.000000,,,25.901000,27.703000,23.145000,4261.563000,4289.266000,4312.411000,287.000000,279.000000,313.000000,306.000000,False,MEDIUM,25.000000,False,Red Bull Racing,4235.630000,,1,6.000000,False,,False,True
2026,12,Dutch Grand Prix,S,4388.978000,VER,3,max_verstappen,red_bull,76.599000,22.000000,1.000000,,,25.979000,27.521000,23.099000,4338.390000,4365.911000,4389.010000,288.000000,296.000000,314.000000,303.000000,False,MEDIUM,26.000000,False,Red Bull Racing,4312.379000,,1,6.000000,False,,False,True
2026,12,Dutch Grand Prix,S,4465.569000,VER,3,max_verstappen,red_bull,76.591000,23.000000,1.000000,,,25.932000,27.524000,23.135000,4414.942000,4442.466000,4465.601000,289.000000,297.000000,322.000000,304.000000,False,MEDIUM,27.000000,False,Red Bull Racing,4388.978000,,1,6.000000,False,,False,True
2026,12,Dutch Grand Prix,S,4542.599000,VER,3,max_verstappen,red_bull,77.030000,24.000000,1.000000,,,26.130000,27.711000,23.189000,4491.731000,4519.442000,4542.631000,285.000000,298.000000,322.000000,309.000000,False,MEDIUM,28.000000,False,Red Bull Racing,4465.569000,,1,6.000000,False,,False,True
2026,12,Dutch Grand Prix,S,2790.182000,HAM,44,hamilton,ferrari,,1.000000,1.000000,,,,27.649000,23.229000,,2766.983000,2790.300000,287.000000,291.000000,336.000000,229.000000,False,MEDIUM,8.000000,False,Ferrari,2706.466000,,1,7.000000,False,,False,False
2026,12,Dutch Grand Prix,S,2867.202000,HAM,44,hamilton,ferrari,77.020000,2.000000,1.000000,,,26.631000,27.354000,23.035000,2816.836000,2844.190000,2867.225000,274.000000,275.000000,327.000000,281.000000,True,MEDIUM,9.000000,False,Ferrari,2790.182000,,1,7.000000,False,,False,True
2026,12,Dutch Grand Prix,S,2942.891000,HAM,44,hamilton,ferrari,75.689000,3.000000,1.000000,,,26.068000,26.937000,22.684000,2893.293000,2920.230000,2942.914000,281.000000,280.000000,336.000000,296.000000,True,MEDIUM,10.000000,False,Ferrari,2867.202000,,1,7.000000,False,,False,True
2026,12,Dutch Grand Prix,S,3018.908000,HAM,44,hamilton,ferrari,76.017000,4.000000,1.000000,,,26.019000,27.182000,22.816000,2968.933000,2996.115000,3018.931000,276.000000,274.000000,327.000000,302.000000,False,MEDIUM,11.000000,False,Ferrari,2942.891000,,1,7.000000,False,,False,True
2026,12,Dutch Grand Prix,S,3094.465000,HAM,44,hamilton,ferrari,75.557000,5.000000,1.000000,,,25.836000,27.038000,22.683000,3044.767000,3071.805000,3094.488000,286.000000,283.000000,336.000000,310.000000,True,MEDIUM,12.000000,False,Ferrari,3018.908000,,1,7.000000,False,,False,True
2026,12,Dutch Grand Prix,S,3170.793000,HAM,44,hamilton,ferrari,76.328000,6.000000,1.000000,,,26.064000,27.261000,23.003000,3120.552000,3147.813000,3170.816000,279.000000,270.000000,318.000000,303.000000,False,MEDIUM,13.000000,False,Ferrari,3094.465000,,1,7.000000,False,,False,True
2026,12,Dutch Grand Prix,S,3246.833000,HAM,44,hamilton,ferrari,76.040000,7.000000,1.000000,,,25.905000,27.241000,22.894000,3196.721000,3223.962000,3246.856000,285.000000,280.000000,321.000000,304.000000,False,MEDIUM,14.000000,False,Ferrari,3170.793000,,1,7.000000,False,,False,True
2026,12,Dutch Grand Prix,S,3323.077000,HAM,44,hamilton,ferrari,76.244000,8.000000,1.000000,,,25.998000,27.352000,22.894000,3272.854000,3300.206000,3323.100000,281.000000,275.000000,317.000000,311.000000,False,MEDIUM,15.000000,False,Ferrari,3246.833000,,1,7.000000,False,,False,True
2026,12,Dutch Grand Prix,S,3399.024000,HAM,44,hamilton,ferrari,75.947000,9.000000,1.000000,,,25.934000,27.153000,22.860000,3349.034000,3376.187000,3399.047000,283.000000,272.000000,317.000000,308.000000,False,MEDIUM,16.000000,False,Ferrari,3323.077000,,1,7.000000,False,,False,True
2026,12,Dutch Grand Prix,S,3475.061000,HAM,44,hamilton,ferrari,76.037000,10.000000,1.000000,,,26.000000,27.156000,22.881000,3425.047000,3452.203000,3475.084000,283.000000,273.000000,318.000000,308.000000,False,MEDIUM,17.000000,False,Ferrari,3399.024000,,1,7.000000,False,,False,True
2026,12,Dutch Grand Prix,S,3550.909000,HAM,44,hamilton,ferrari,75.848000,11.000000,1.000000,,,25.943000,27.105000,22.800000,3501.027000,3528.132000,3550.932000,281.000000,275.000000,317.000000,307.000000,False,MEDIUM,18.000000,False,Ferrari,3475.061000,,1,7.000000,False,,False,True
2026,12,Dutch Grand Prix,S,3626.821000,HAM,44,hamilton,ferrari,75.912000,12.000000,1.000000,,,25.909000,27.124000,22.879000,3576.841000,3603.965000,3626.844000,285.000000,275.000000,318.000000,308.000000,False,MEDIUM,19.000000,False,Ferrari,3550.909000,,1,7.000000,False,,False,True
2026,12,Dutch Grand Prix,S,3702.604000,HAM,44,hamilton,ferrari,75.783000,13.000000,1.000000,,,25.797000,27.067000,22.919000,3652.641000,3679.708000,3702.627000,286.000000,275.000000,318.000000,310.000000,False,MEDIUM,20.000000,False,Ferrari,3626.821000,,1,7.000000,False,,False,True
2026,12,Dutch Grand Prix,S,3778.519000,HAM,44,hamilton,ferrari,75.915000,14.000000,1.000000,,,25.936000,27.075000,22.904000,3728.563000,3755.638000,3778.542000,285.000000,275.000000,320.000000,305.000000,False,MEDIUM,21.000000,False,Ferrari,3702.604000,,1,7.000000,False,,False,True
2026,12,Dutch Grand Prix,S,3854.714000,HAM,44,hamilton,ferrari,76.195000,15.000000,1.000000,,,25.879000,27.429000,22.887000,3804.421000,3831.850000,3854.737000,287.000000,277.000000,334.000000,306.000000,False,MEDIUM,22.000000,False,Ferrari,3778.519000,,1,7.000000,False,,False,True
2026,12,Dutch Grand Prix,S,3931.181000,HAM,44,hamilton,ferrari,76.467000,16.000000,1.000000,,,25.944000,27.549000,22.974000,3880.681000,3908.230000,3931.204000,282.000000,270.000000,324.000000,312.000000,False,MEDIUM,23.000000,False,Ferrari,3854.714000,,1,7.000000,False,,False,True
2026,12,Dutch Grand Prix,S,4007.263000,HAM,44,hamilton,ferrari,76.082000,17.000000,1.000000,,,25.818000,27.439000,22.825000,3957.022000,3984.461000,4007.286000,284.000000,274.000000,335.000000,320.000000,False,MEDIUM,24.000000,False,Ferrari,3931.181000,,1,7.000000,False,,False,True
2026,12,Dutch Grand Prix,S,4083.837000,HAM,44,hamilton,ferrari,76.574000,18.000000,1.000000,,,26.071000,27.594000,22.909000,4033.357000,4060.951000,4083.860000,281.000000,272.000000,336.000000,298.000000,False,MEDIUM,25.000000,False,Ferrari,4007.263000,,1,7.000000,False,,False,True
2026,12,Dutch Grand Prix,S,4160.515000,HAM,44,hamilton,ferrari,76.678000,19.000000,1.000000,,,25.717000,27.820000,23.141000,4109.577000,4137.397000,4160.538000,283.000000,274.000000,323.000000,320.000000,False,MEDIUM,26.000000,False,Ferrari,4083.837000,,1,7.000000,False,,False,True
2026,12,Dutch Grand Prix,S,4237.282000,HAM,44,hamilton,ferrari,76.767000,20.000000,1.000000,,,26.062000,27.746000,22.959000,4186.600000,4214.346000,4237.305000,290.000000,287.000000,321.000000,311.000000,False,MEDIUM,27.000000,False,Ferrari,4160.515000,,1,7.000000,False,,False,True
2026,12,Dutch Grand Prix,S,4313.759000,HAM,44,hamilton,ferrari,76.477000,21.000000,1.000000,,,25.970000,27.620000,22.887000,4263.275000,4290.895000,4313.782000,286.000000,282.000000,321.000000,313.000000,False,MEDIUM,28.000000,False,Ferrari,4237.282000,,1,7.000000,False,,False,True
2026,12,Dutch Grand Prix,S,4390.482000,HAM,44,hamilton,ferrari,76.723000,22.000000,1.000000,,,25.938000,27.731000,23.054000,4339.720000,4367.451000,4390.505000,286.000000,274.000000,320.000000,313.000000,False,MEDIUM,29.000000,False,Ferrari,4313.759000,,1,7.000000,False,,False,True
2026,12,Dutch Grand Prix,S,4467.297000,HAM,44,hamilton,ferrari,76.815000,23.000000,1.000000,,,26.116000,27.630000,23.069000,4416.621000,4444.251000,4467.320000,288.000000,276.000000,318.000000,302.000000,False,MEDIUM,30.000000,False,Ferrari,4390.482000,,1,7.000000,False,,False,True
2026,12,Dutch Grand Prix,S,4544.258000,HAM,44,hamilton,ferrari,76.961000,24.000000,1.000000,,,26.108000,27.727000,23.126000,4493.428000,4521.155000,4544.281000,286.000000,273.000000,316.000000,307.000000,False,MEDIUM,31.000000,False,Ferrari,4467.297000,,1,7.000000,False,,False,True
2026,12,Dutch Grand Prix,S,2790.917000,GAS,10,gasly,alpine,,1.000000,1.000000,,,,27.941000,23.305000,,2767.741000,2791.070000,282.000000,294.000000,338.000000,198.000000,False,MEDIUM,1.000000,True,Alpine,2706.466000,,1,8.000000,False,,False,False
2026,12,Dutch Grand Prix,S,2868.874000,GAS,10,gasly,alpine,77.957000,2.000000,1.000000,,,27.124000,27.645000,23.188000,2818.058000,2845.703000,2868.891000,277.000000,281.000000,324.000000,281.000000,True,MEDIUM,2.000000,True,Alpine,2790.917000,,1,8.000000,False,,False,True
2026,12,Dutch Grand Prix,S,2945.769000,GAS,10,gasly,alpine,76.895000,3.000000,1.000000,,,26.488000,27.341000,23.066000,2895.379000,2922.720000,2945.786000,283.000000,281.000000,323.000000,286.000000,True,MEDIUM,3.000000,True,Alpine,2868.874000,,1,8.000000,False,,False,True
2026,12,Dutch Grand Prix,S,3022.724000,GAS,10,gasly,alpine,76.955000,4.000000,1.000000,,,26.379000,27.573000,23.003000,2972.165000,2999.738000,3022.741000,279.000000,280.000000,323.000000,296.000000,False,MEDIUM,4.000000,True,Alpine,2945.769000,,1,8.000000,False,,False,True
2026,12,Dutch Grand Prix,S,3099.648000,GAS,10,gasly,alpine,76.924000,5.000000,1.000000,,,26.294000,27.648000,22.982000,3049.035000,3076.683000,3099.665000,281.000000,278.000000,320.000000,298.000000,False,MEDIUM,5.000000,True,Alpine,3022.724000,,1,8.000000,False,,False,True
2026,12,Dutch Grand Prix,S,3176.675000,GAS,10,gasly,alpine,77.027000,6.000000,1.000000,,,26.310000,27.582000,23.135000,3125.975000,3153.557000,3176.692000,277.000000,278.000000,320.000000,302.000000,False,MEDIUM,6.000000,True,Alpine,3099.648000,,1,8.000000,False,,False,True
2026,12,Dutch Grand Prix,S,3253.730000,GAS,10,gasly,alpine,77.055000,7.000000,1.000000,,,26.366000,27.563000,23.126000,3203.058000,3230.621000,3253.747000,278.000000,276.000000,320.000000,308.000000,False,MEDIUM,7.000000,True,Alpine,3176.675000,,1,8.000000,False,,False,True
2026,12,Dutch Grand Prix,S,3331.303000,GAS,10,gasly,alpine,77.573000,8.000000,1.000000,,,26.549000,27.968000,23.056000,3280.296000,3308.264000,3331.320000,275.000000,272.000000,320.000000,278.000000,False,MEDIUM,8.000000,True,Alpine,3253.730000,,1,8.000000,False,,False,True
2026,12,Dutch Grand Prix,S,3408.423000,GAS,10,gasly,alpine,77.120000,9.000000,1.000000,,,26.243000,27.787000,23.090000,3357.563000,3385.350000,3408.440000,279.000000,277.000000,320.000000,299.000000,False,MEDIUM,9.000000,True,Alpine,3331.303000,,1,8.000000,False,,False,True
2026,12,Dutch Grand Prix,S,3485.527000,GAS,10,gasly,alpine,77.104000,10.000000,1.000000,,,26.318000,27.729000,23.057000,3434.758000,3462.487000,3485.544000,280.000000,278.000000,321.000000,305.000000,False,MEDIUM,10.000000,True,Alpine,3408.423000,,1,8.000000,False,,False,True
2026,12,Dutch Grand Prix,S,3562.628000,GAS,10,gasly,alpine,77.101000,11.000000,1.000000,,,26.347000,27.699000,23.055000,3511.891000,3539.590000,3562.645000,278.000000,276.000000,320.000000,302.000000,False,MEDIUM,11.000000,True,Alpine,3485.527000,,1,8.000000,False,,False,True
2026,12,Dutch Grand Prix,S,3639.727000,GAS,10,gasly,alpine,77.099000,12.000000,1.000000,,,26.222000,27.779000,23.098000,3588.867000,3616.646000,3639.744000,278.000000,276.000000,319.000000,303.000000,False,MEDIUM,12.000000,True,Alpine,3562.628000,,1,8.000000,False,,False,True
2026,12,Dutch Grand Prix,S,3717.239000,GAS,10,gasly,alpine,77.512000,13.000000,1.000000,,,26.428000,27.828000,23.256000,3666.172000,3694.000000,3717.256000,279.000000,276.000000,320.000000,302.000000,False,MEDIUM,13.000000,True,Alpine,3639.727000,,1,8.000000,False,,False,True
2026,12,Dutch Grand Prix,S,3794.732000,GAS,10,gasly,alpine,77.493000,14.000000,1.000000,,,26.421000,27.870000,23.202000,3743.677000,3771.547000,3794.749000,277.000000,275.000000,321.000000,304.000000,False,MEDIUM,14.000000,True,Alpine,3717.239000,,1,8.000000,False,,False,True
2026,12,Dutch Grand Prix,S,3872.352000,GAS,10,gasly,alpine,77.620000,15.000000,1.000000,,,26.327000,27.969000,23.324000,3821.076000,3849.045000,3872.369000,280.000000,277.000000,321.000000,299.000000,False,MEDIUM,15.000000,True,Alpine,3794.732000,,1,8.000000,False,,False,True
2026,12,Dutch Grand Prix,S,3949.878000,GAS,10,gasly,alpine,77.526000,16.000000,1.000000,,,26.324000,27.990000,23.212000,3898.693000,3926.683000,3949.895000,279.000000,277.000000,322.000000,303.000000,False,MEDIUM,16.000000,True,Alpine,3872.352000,,1,8.000000,False,,False,True
2026,12,Dutch Grand Prix,S,4027.667000,GAS,10,gasly,alpine,77.789000,17.000000,1.000000,,,26.631000,27.847000,23.311000,3976.526000,4004.373000,4027.684000,280.000000,278.000000,322.000000,301.000000,False,MEDIUM,17.000000,True,Alpine,3949.878000,,1,8.000000,True,TRACK LIMITS AT TURN 3 LAP 17 ,False,True
2026,12,Dutch Grand Prix,S,4105.484000,GAS,10,gasly,alpine,77.817000,18.000000,1.000000,,,26.432000,28.022000,23.363000,4054.116000,4082.138000,4105.501000,284.000000,279.000000,320.000000,303.000000,False,MEDIUM,18.000000,True,Alpine,4027.667000,,1,8.000000,False,,False,True
2026,12,Dutch Grand Prix,S,4182.459000,GAS,10,gasly,alpine,76.975000,19.000000,1.000000,,,26.211000,27.714000,23.050000,4131.712000,4159.426000,4182.476000,280.000000,279.000000,320.000000,309.000000,False,MEDIUM,19.000000,True,Alpine,4105.484000,,1,8.000000,False,,False,True
2026,12,Dutch Grand Prix,S,4259.917000,GAS,10,gasly,alpine,77.458000,20.000000,1.000000,,,26.391000,27.933000,23.134000,4208.867000,4236.800000,4259.934000,279.000000,275.000000,319.000000,303.000000,False,MEDIUM,20.000000,True,Alpine,4182.459000,,1,8.000000,False,,False,True
2026,12,Dutch Grand Prix,S,4337.549000,GAS,10,gasly,alpine,77.632000,21.000000,1.000000,,,26.450000,27.914000,23.268000,4286.384000,4314.298000,4337.566000,280.000000,275.000000,319.000000,298.000000,False,MEDIUM,21.000000,True,Alpine,4259.917000,,1,8.000000,False,,False,True
2026,12,Dutch Grand Prix,S,4415.032000,GAS,10,gasly,alpine,77.483000,22.000000,1.000000,,,26.383000,27.848000,23.252000,4363.949000,4391.797000,4415.049000,278.000000,277.000000,320.000000,301.000000,False,MEDIUM,22.000000,True,Alpine,4337.549000,,1,8.000000,False,,False,True
2026,12,Dutch Grand Prix,S,4492.888000,GAS,10,gasly,alpine,77.856000,23.000000,1.000000,,,26.484000,27.917000,23.455000,4441.533000,4469.450000,4492.905000,277.000000,277.000000,320.000000,299.000000,False,MEDIUM,23.000000,True,Alpine,4415.032000,,1,8.000000,False,,False,True
2026,12,Dutch Grand Prix,S,4574.580000,GAS,10,gasly,alpine,81.692000,24.000000,1.000000,,,28.025000,28.236000,25.431000,4520.930000,4549.166000,4574.597000,280.000000,270.000000,316.000000,276.000000,False,MEDIUM,24.000000,True,Alpine,4492.888000,,1,8.000000,False,,False,True
2026,12,Dutch Grand Prix,S,2791.475000,BOR,5,bortoleto,audi,,1.000000,1.000000,,,,28.270000,23.289000,,2768.233000,2791.560000,300.000000,287.000000,324.000000,203.000000,False,MEDIUM,7.000000,False,Audi,2706.466000,,1,9.000000,False,,False,False
2026,12,Dutch Grand Prix,S,2869.416000,BOR,5,bortoleto,audi,77.941000,2.000000,1.000000,,,26.899000,27.974000,23.068000,2818.398000,2846.372000,2869.440000,283.000000,286.000000,320.000000,286.000000,True,MEDIUM,8.000000,False,Audi,2791.475000,,1,9.000000,False,,False,True
2026,12,Dutch Grand Prix,S,2946.406000,BOR,5,bortoleto,audi,76.990000,3.000000,1.000000,,,26.452000,27.459000,23.079000,2895.892000,2923.351000,2946.430000,287.000000,278.000000,312.000000,287.000000,True,MEDIUM,9.000000,False,Audi,2869.416000,,1,9.000000,False,,False,True
2026,12,Dutch Grand Prix,S,3023.529000,BOR,5,bortoleto,audi,77.123000,4.000000,1.000000,,,26.445000,27.614000,23.064000,2972.875000,3000.489000,3023.553000,277.000000,280.000000,319.000000,291.000000,False,MEDIUM,10.000000,False,Audi,2946.406000,,1,9.000000,False,,False,True
2026,12,Dutch Grand Prix,S,3100.451000,BOR,5,bortoleto,audi,76.922000,5.000000,1.000000,,,26.239000,27.630000,23.053000,3049.792000,3077.422000,3100.475000,279.000000,283.000000,318.000000,298.000000,True,MEDIUM,11.000000,False,Audi,3023.529000,,1,9.000000,False,,False,True
2026,12,Dutch Grand Prix,S,3177.425000,BOR,5,bortoleto,audi,76.974000,6.000000,1.000000,,,26.201000,27.687000,23.086000,3126.676000,3154.363000,3177.449000,279.000000,283.000000,317.000000,296.000000,False,MEDIUM,12.000000,False,Audi,3100.451000,,1,9.000000,False,,False,True
2026,12,Dutch Grand Prix,S,3254.690000,BOR,5,bortoleto,audi,77.265000,7.000000,1.000000,,,26.335000,27.794000,23.136000,3203.784000,3231.578000,3254.714000,278.000000,282.000000,315.000000,298.000000,False,MEDIUM,13.000000,False,Audi,3177.425000,,1,9.000000,False,,False,True
2026,12,Dutch Grand Prix,S,3332.053000,BOR,5,bortoleto,audi,77.363000,8.000000,1.000000,,,26.354000,27.867000,23.142000,3281.068000,3308.935000,3332.077000,278.000000,281.000000,314.000000,296.000000,False,MEDIUM,14.000000,False,Audi,3254.690000,,1,9.000000,False,,False,True
2026,12,Dutch Grand Prix,S,3409.350000,BOR,5,bortoleto,audi,77.297000,9.000000,1.000000,,,26.434000,27.723000,23.140000,3358.511000,3386.234000,3409.374000,280.000000,281.000000,316.000000,295.000000,False,MEDIUM,15.000000,False,Audi,3332.053000,,1,9.000000,False,,False,True
2026,12,Dutch Grand Prix,S,3486.541000,BOR,5,bortoleto,audi,77.191000,10.000000,1.000000,,,26.383000,27.677000,23.131000,3435.757000,3463.434000,3486.565000,280.000000,282.000000,317.000000,297.000000,False,MEDIUM,16.000000,False,Audi,3409.350000,,1,9.000000,False,,False,True
2026,12,Dutch Grand Prix,S,3563.853000,BOR,5,bortoleto,audi,77.312000,11.000000,1.000000,,,26.384000,27.822000,23.106000,3512.949000,3540.771000,3563.877000,279.000000,283.000000,308.000000,295.000000,False,MEDIUM,17.000000,False,Audi,3486.541000,,1,9.000000,False,,False,True
2026,12,Dutch Grand Prix,S,3641.280000,BOR,5,bortoleto,audi,77.427000,12.000000,1.000000,,,26.431000,27.786000,23.210000,3590.308000,3618.094000,3641.304000,277.000000,276.000000,309.000000,293.000000,False,MEDIUM,18.000000,False,Audi,3563.853000,,1,9.000000,False,,False,True
2026,12,Dutch Grand Prix,S,3718.839000,BOR,5,bortoleto,audi,77.559000,13.000000,1.000000,,,26.508000,27.782000,23.269000,3667.812000,3695.594000,3718.863000,278.000000,278.000000,307.000000,294.000000,False,MEDIUM,19.000000,False,Audi,3641.280000,,1,9.000000,False,,False,True
2026,12,Dutch Grand Prix,S,3796.209000,BOR,5,bortoleto,audi,77.370000,14.000000,1.000000,,,26.518000,27.644000,23.208000,3745.381000,3773.025000,3796.233000,277.000000,277.000000,309.000000,292.000000,False,MEDIUM,20.000000,False,Audi,3718.839000,,1,9.000000,False,,False,True
2026,12,Dutch Grand Prix,S,3873.447000,BOR,5,bortoleto,audi,77.238000,15.000000,1.000000,,,26.348000,27.676000,23.214000,3822.581000,3850.257000,3873.471000,278.000000,278.000000,311.000000,294.000000,False,MEDIUM,21.000000,False,Audi,3796.209000,,1,9.000000,False,,False,True
2026,12,Dutch Grand Prix,S,3950.918000,BOR,5,bortoleto,audi,77.471000,16.000000,1.000000,,,26.429000,27.854000,23.188000,3899.900000,3927.754000,3950.942000,277.000000,279.000000,319.000000,298.000000,False,MEDIUM,22.000000,False,Audi,3873.447000,,1,9.000000,False,,False,True
2026,12,Dutch Grand Prix,S,4028.671000,BOR,5,bortoleto,audi,77.753000,17.000000,1.000000,,,26.571000,27.913000,23.269000,3977.513000,4005.426000,4028.695000,281.000000,281.000000,318.000000,298.000000,False,MEDIUM,23.000000,False,Audi,3950.918000,,1,9.000000,False,,False,True
2026,12,Dutch Grand Prix,S,4106.488000,BOR,5,bortoleto,audi,77.817000,18.000000,1.000000,,,26.435000,28.042000,23.340000,4055.130000,4083.172000,4106.512000,283.000000,282.000000,319.000000,298.000000,False,MEDIUM,24.000000,False,Audi,4028.671000,,1,9.000000,False,,False,True
2026,12,Dutch Grand Prix,S,4184.068000,BOR,5,bortoleto,audi,77.580000,19.000000,1.000000,,,26.380000,27.884000,23.316000,4132.892000,4160.776000,4184.092000,280.000000,281.000000,311.000000,299.000000,False,MEDIUM,25.000000,False,Audi,4106.488000,,1,9.000000,False,,False,True
2026,12,Dutch Grand Prix,S,4261.653000,BOR,5,bortoleto,audi,77.585000,20.000000,1.000000,,,26.480000,27.857000,23.248000,4210.572000,4238.429000,4261.677000,277.000000,278.000000,309.000000,292.000000,False,MEDIUM,26.000000,False,Audi,4184.068000,,1,9.000000,False,,False,True
2026,12,Dutch Grand Prix,S,4339.439000,BOR,5,bortoleto,audi,77.786000,21.000000,1.000000,,,26.547000,27.887000,23.352000,4288.224000,4316.111000,4339.463000,278.000000,276.000000,308.000000,294.000000,False,MEDIUM,27.000000,False,Audi,4261.653000,,1,9.000000,False,,False,True
2026,12,Dutch Grand Prix,S,4417.271000,BOR,5,bortoleto,audi,77.832000,22.000000,1.000000,,,26.427000,28.047000,23.358000,4365.890000,4393.937000,4417.295000,277.000000,276.000000,313.000000,291.000000,False,MEDIUM,28.000000,False,Audi,4339.439000,,1,9.000000,False,,False,True
2026,12,Dutch Grand Prix,S,4495.225000,BOR,5,bortoleto,audi,77.954000,23.000000,1.000000,,,26.524000,28.055000,23.375000,4443.819000,4471.874000,4495.249000,276.000000,276.000000,308.000000,296.000000,False,MEDIUM,29.000000,False,Audi,4417.271000,,1,9.000000,False,,False,True
2026,12,Dutch Grand Prix,S,4576.507000,BOR,5,bortoleto,audi,81.282000,24.000000,1.000000,,,27.817000,28.166000,25.299000,4523.066000,4551.232000,4576.531000,282.000000,272.000000,309.000000,284.000000,False,MEDIUM,30.000000,False,Audi,4495.225000,,1,9.000000,False,,False,True
2026,12,Dutch Grand Prix,S,2792.419000,LIN,41,arvid_lindblad,rb,,1.000000,1.000000,,,,28.451000,23.692000,,2768.786000,2792.585000,297.000000,301.000000,326.000000,209.000000,False,MEDIUM,5.000000,False,Racing Bulls,2706.466000,,1,10.000000,False,,False,False
2026,12,Dutch Grand Prix,S,2870.435000,LIN,41,arvid_lindblad,rb,78.016000,2.000000,1.000000,,,26.821000,27.816000,23.379000,2819.270000,2847.086000,2870.465000,283.000000,280.000000,326.000000,294.000000,True,MEDIUM,6.000000,False,Racing Bulls,2792.419000,,1,10.000000,False,,False,True
2026,12,Dutch Grand Prix,S,2947.537000,LIN,41,arvid_lindblad,rb,77.102000,3.000000,1.000000,,,26.381000,27.488000,23.233000,2896.846000,2924.334000,2947.567000,283.000000,278.000000,324.000000,303.000000,True,MEDIUM,7.000000,False,Racing Bulls,2870.435000,,1,10.000000,False,,False,True
2026,12,Dutch Grand Prix,S,3024.583000,LIN,41,arvid_lindblad,rb,77.046000,4.000000,1.000000,,,26.266000,27.660000,23.120000,2973.833000,3001.493000,3024.613000,277.000000,281.000000,317.000000,304.000000,True,MEDIUM,8.000000,False,Racing Bulls,2947.537000,,1,10.000000,False,,False,True
2026,12,Dutch Grand Prix,S,3101.469000,LIN,41,arvid_lindblad,rb,76.886000,5.000000,1.000000,,,26.224000,27.646000,23.016000,3050.837000,3078.483000,3101.499000,276.000000,276.000000,325.000000,300.000000,True,MEDIUM,9.000000,False,Racing Bulls,3024.583000,,1,10.000000,False,,False,True
2026,12,Dutch Grand Prix,S,3178.527000,LIN,41,arvid_lindblad,rb,77.058000,6.000000,1.000000,,,26.156000,27.749000,23.153000,3127.655000,3155.404000,3178.557000,282.000000,278.000000,316.000000,309.000000,False,MEDIUM,10.000000,False,Racing Bulls,3101.469000,,1,10.000000,False,,False,True
2026,12,Dutch Grand Prix,S,3255.666000,LIN,41,arvid_lindblad,rb,77.139000,7.000000,1.000000,,,26.318000,27.784000,23.037000,3204.875000,3232.659000,3255.696000,273.000000,282.000000,324.000000,303.000000,False,MEDIUM,11.000000,False,Racing Bulls,3178.527000,,1,10.000000,False,,False,True
2026,12,Dutch Grand Prix,S,3332.976000,LIN,41,arvid_lindblad,rb,77.310000,8.000000,1.000000,,,26.273000,27.887000,23.150000,3281.969000,3309.856000,3333.006000,284.000000,276.000000,317.000000,306.000000,False,MEDIUM,12.000000,False,Racing Bulls,3255.666000,,1,10.000000,False,,False,True
2026,12,Dutch Grand Prix,S,3410.122000,LIN,41,arvid_lindblad,rb,77.146000,9.000000,1.000000,,,26.293000,27.783000,23.070000,3359.299000,3387.082000,3410.152000,280.000000,282.000000,332.000000,305.000000,False,MEDIUM,13.000000,False,Racing Bulls,3332.976000,,1,10.000000,False,,False,True
2026,12,Dutch Grand Prix,S,3487.593000,LIN,41,arvid_lindblad,rb,77.471000,10.000000,1.000000,,,26.286000,27.965000,23.220000,3436.438000,3464.403000,3487.623000,284.000000,276.000000,324.000000,315.000000,False,MEDIUM,14.000000,False,Racing Bulls,3410.122000,,1,10.000000,False,,False,True
2026,12,Dutch Grand Prix,S,3565.081000,LIN,41,arvid_lindblad,rb,77.488000,11.000000,1.000000,,,26.304000,27.981000,23.203000,3513.927000,3541.908000,3565.111000,283.000000,281.000000,314.000000,300.000000,False,MEDIUM,15.000000,False,Racing Bulls,3487.593000,,1,10.000000,False,,False,True
2026,12,Dutch Grand Prix,S,3642.591000,LIN,41,arvid_lindblad,rb,77.510000,12.000000,1.000000,,,26.365000,27.949000,23.196000,3591.476000,3619.425000,3642.621000,285.000000,278.000000,314.000000,296.000000,False,MEDIUM,16.000000,False,Racing Bulls,3565.081000,,1,10.000000,False,,False,True
2026,12,Dutch Grand Prix,S,3719.925000,LIN,41,arvid_lindblad,rb,77.334000,13.000000,1.000000,,,26.347000,27.884000,23.103000,3668.968000,3696.852000,3719.955000,284.000000,279.000000,316.000000,300.000000,False,MEDIUM,17.000000,False,Racing Bulls,3642.591000,,1,10.000000,False,,False,True
2026,12,Dutch Grand Prix,S,3797.563000,LIN,41,arvid_lindblad,rb,77.638000,14.000000,1.000000,,,26.377000,27.894000,23.367000,3746.332000,3774.226000,3797.593000,278.000000,281.000000,321.000000,299.000000,False,MEDIUM,18.000000,False,Racing Bulls,3719.925000,,1,10.000000,False,,False,True
2026,12,Dutch Grand Prix,S,3875.252000,LIN,41,arvid_lindblad,rb,77.689000,15.000000,1.000000,,,26.395000,28.098000,23.196000,3823.988000,3852.086000,3875.282000,286.000000,277.000000,315.000000,299.000000,False,MEDIUM,19.000000,False,Racing Bulls,3797.563000,,1,10.000000,False,,False,True
2026,12,Dutch Grand Prix,S,3952.724000,LIN,41,arvid_lindblad,rb,77.472000,16.000000,1.000000,,,26.412000,27.915000,23.145000,3901.694000,3929.609000,3952.754000,281.000000,279.000000,320.000000,300.000000,False,MEDIUM,20.000000,False,Racing Bulls,3875.252000,,1,10.000000,False,,False,True
2026,12,Dutch Grand Prix,S,4030.141000,LIN,41,arvid_lindblad,rb,77.417000,17.000000,1.000000,,,26.385000,27.900000,23.132000,3979.139000,4007.039000,4030.171000,276.000000,280.000000,321.000000,298.000000,False,MEDIUM,21.000000,False,Racing Bulls,3952.724000,,1,10.000000,False,,False,True
2026,12,Dutch Grand Prix,S,4108.000000,LIN,41,arvid_lindblad,rb,77.859000,18.000000,1.000000,,,26.182000,28.261000,23.416000,4056.353000,4084.614000,4108.030000,283.000000,280.000000,316.000000,303.000000,False,MEDIUM,22.000000,False,Racing Bulls,4030.141000,,1,10.000000,False,,False,True
2026,12,Dutch Grand Prix,S,4185.455000,LIN,41,arvid_lindblad,rb,77.455000,19.000000,1.000000,,,26.378000,27.998000,23.079000,4134.408000,4162.406000,4185.485000,277.000000,279.000000,322.000000,300.000000,False,MEDIUM,23.000000,False,Racing Bulls,4108.000000,,1,10.000000,False,,False,True
2026,12,Dutch Grand Prix,S,4263.036000,LIN,41,arvid_lindblad,rb,77.581000,20.000000,1.000000,,,26.348000,27.992000,23.241000,4211.833000,4239.825000,4263.066000,285.000000,280.000000,315.000000,302.000000,False,MEDIUM,24.000000,False,Racing Bulls,4185.455000,,1,10.000000,False,,False,True
2026,12,Dutch Grand Prix,S,4340.928000,LIN,41,arvid_lindblad,rb,77.892000,21.000000,1.000000,,,26.348000,28.185000,23.359000,,4317.599000,4340.958000,279.000000,282.000000,320.000000,298.000000,False,MEDIUM,25.000000,False,Racing Bulls,4263.036000,,1,10.000000,False,,False,True
2026,12,Dutch Grand Prix,S,4418.561000,LIN,41,arvid_lindblad,rb,77.633000,22.000000,1.000000,,,26.297000,28.037000,23.299000,4367.255000,4395.292000,4418.591000,289.000000,280.000000,317.000000,301.000000,False,MEDIUM,26.000000,False,Racing Bulls,4340.928000,,1,10.000000,False,,False,True
2026,12,Dutch Grand Prix,S,4496.335000,LIN,41,arvid_lindblad,rb,77.774000,23.000000,1.000000,,,26.377000,28.136000,23.261000,4444.968000,4473.104000,4496.365000,290.000000,281.000000,315.000000,299.000000,False,MEDIUM,27.000000,False,Racing Bulls,4418.561000,,1,10.000000,False,,False,True
2026,12,Dutch Grand Prix,S,4577.041000,LIN,41,arvid_lindblad,rb,80.706000,24.000000,1.000000,,,27.351000,28.235000,25.120000,4523.716000,4551.951000,4577.071000,294.000000,281.000000,321.000000,297.000000,False,MEDIUM,28.000000,False,Racing Bulls,4496.335000,,1,10.000000,False,,False,True
2026,12,Dutch Grand Prix,S,2792.993000,LAW,30,lawson,red_bull,,1.000000,1.000000,,,,28.418000,24.153000,,2768.967000,2793.141000,282.000000,292.000000,306.000000,211.000000,False,MEDIUM,7.000000,False,Red Bull Racing,2706.466000,,1,11.000000,False,,False,False
2026,12,Dutch Grand Prix,S,2871.310000,LAW,30,lawson,red_bull,78.317000,2.000000,1.000000,,,26.982000,27.846000,23.489000,2820.004000,2847.850000,2871.339000,286.000000,278.000000,314.000000,299.000000,True,MEDIUM,8.000000,False,Red Bull Racing,2792.993000,,1,11.000000,False,,False,True
2026,12,Dutch Grand Prix,S,2948.350000,LAW,30,lawson,red_bull,77.040000,3.000000,1.000000,,,26.507000,27.336000,23.197000,2897.846000,2925.182000,2948.379000,288.000000,281.000000,319.000000,291.000000,True,MEDIUM,9.000000,False,Red Bull Racing,2871.310000,,1,11.000000,False,,False,True
2026,12,Dutch Grand Prix,S,3025.407000,LAW,30,lawson,red_bull,77.057000,4.000000,1.000000,,,26.224000,27.695000,23.138000,2974.603000,3002.298000,3025.436000,288.000000,283.000000,318.000000,300.000000,False,MEDIUM,10.000000,False,Red Bull Racing,2948.350000,,1,11.000000,False,,False,True
2026,12,Dutch Grand Prix,S,3102.430000,LAW,30,lawson,red_bull,77.023000,5.000000,1.000000,,,26.342000,27.544000,23.137000,3051.778000,3079.322000,3102.459000,288.000000,281.000000,318.000000,298.000000,True,MEDIUM,11.000000,False,Red Bull Racing,3025.407000,,1,11.000000,False,,False,True
2026,12,Dutch Grand Prix,S,3179.339000,LAW,30,lawson,red_bull,76.909000,6.000000,1.000000,,,26.186000,27.656000,23.067000,3128.645000,3156.301000,3179.368000,288.000000,280.000000,319.000000,302.000000,True,MEDIUM,12.000000,False,Red Bull Racing,3102.430000,,1,11.000000,False,,False,True
2026,12,Dutch Grand Prix,S,3256.494000,LAW,30,lawson,red_bull,77.155000,7.000000,1.000000,,,26.201000,27.823000,23.131000,3205.569000,3233.392000,3256.523000,289.000000,280.000000,319.000000,299.000000,False,MEDIUM,13.000000,False,Red Bull Racing,3179.339000,,1,11.000000,False,,False,True
2026,12,Dutch Grand Prix,S,3333.887000,LAW,30,lawson,red_bull,77.393000,8.000000,1.000000,,,26.283000,27.878000,23.232000,3282.806000,3310.684000,3333.916000,290.000000,281.000000,316.000000,299.000000,False,MEDIUM,14.000000,False,Red Bull Racing,3256.494000,,1,11.000000,False,,False,True
2026,12,Dutch Grand Prix,S,3411.002000,LAW,30,lawson,red_bull,77.115000,9.000000,1.000000,,,26.171000,27.766000,23.178000,3360.087000,3387.853000,3411.031000,289.000000,282.000000,320.000000,296.000000,False,MEDIUM,15.000000,False,Red Bull Racing,3333.887000,,1,11.000000,False,,False,True
2026,12,Dutch Grand Prix,S,3488.216000,LAW,30,lawson,red_bull,77.214000,10.000000,1.000000,,,26.148000,27.839000,23.227000,3437.179000,3465.018000,3488.245000,289.000000,281.000000,320.000000,303.000000,False,MEDIUM,16.000000,False,Red Bull Racing,3411.002000,,1,11.000000,False,,False,True
2026,12,Dutch Grand Prix,S,3565.715000,LAW,30,lawson,red_bull,77.499000,11.000000,1.000000,,,26.241000,28.074000,23.184000,3514.486000,3542.560000,3565.744000,291.000000,282.000000,321.000000,300.000000,False,MEDIUM,17.000000,False,Red Bull Racing,3488.216000,,1,11.000000,False,,False,True
2026,12,Dutch Grand Prix,S,3643.233000,LAW,30,lawson,red_bull,77.518000,12.000000,1.000000,,,26.492000,27.761000,23.265000,3592.236000,3619.997000,3643.262000,290.000000,281.000000,319.000000,295.000000,False,MEDIUM,18.000000,False,Red Bull Racing,3565.715000,,1,11.000000,False,,False,True
2026,12,Dutch Grand Prix,S,3720.655000,LAW,30,lawson,red_bull,77.422000,13.000000,1.000000,,,26.386000,27.833000,23.203000,3669.648000,3697.481000,3720.684000,292.000000,283.000000,319.000000,299.000000,False,MEDIUM,19.000000,False,Red Bull Racing,3643.233000,,1,11.000000,False,,False,True
2026,12,Dutch Grand Prix,S,3798.092000,LAW,30,lawson,red_bull,77.437000,14.000000,1.000000,,,26.399000,27.820000,23.218000,3747.083000,3774.903000,3798.121000,291.000000,283.000000,323.000000,299.000000,False,MEDIUM,20.000000,False,Red Bull Racing,3720.655000,,1,11.000000,False,,False,True
2026,12,Dutch Grand Prix,S,3876.071000,LAW,30,lawson,red_bull,77.979000,15.000000,1.000000,,,26.541000,28.103000,23.335000,3824.662000,3852.765000,3876.100000,291.000000,281.000000,318.000000,295.000000,False,MEDIUM,21.000000,False,Red Bull Racing,3798.092000,,1,11.000000,False,,False,True
2026,12,Dutch Grand Prix,S,3953.810000,LAW,30,lawson,red_bull,77.739000,16.000000,1.000000,,,26.513000,27.962000,23.264000,3902.613000,3930.575000,3953.839000,291.000000,280.000000,316.000000,295.000000,False,MEDIUM,22.000000,False,Red Bull Racing,3876.071000,,1,11.000000,False,,False,True
2026,12,Dutch Grand Prix,S,4031.504000,LAW,30,lawson,red_bull,77.694000,17.000000,1.000000,,,26.462000,27.931000,23.301000,3980.301000,4008.232000,4031.533000,286.000000,280.000000,311.000000,295.000000,False,MEDIUM,23.000000,False,Red Bull Racing,3953.810000,,1,11.000000,False,,False,True
2026,12,Dutch Grand Prix,S,4109.363000,LAW,30,lawson,red_bull,77.859000,18.000000,1.000000,,,26.458000,27.873000,23.528000,4057.991000,4085.864000,4109.392000,288.000000,279.000000,313.000000,292.000000,False,MEDIUM,24.000000,False,Red Bull Racing,4031.504000,,1,11.000000,False,,False,True
2026,12,Dutch Grand Prix,S,4186.916000,LAW,30,lawson,red_bull,77.553000,19.000000,1.000000,,,26.534000,27.753000,23.266000,4135.926000,4163.679000,4186.945000,290.000000,282.000000,316.000000,297.000000,False,MEDIUM,25.000000,False,Red Bull Racing,4109.363000,,1,11.000000,False,,False,True
2026,12,Dutch Grand Prix,S,4264.507000,LAW,30,lawson,red_bull,77.591000,20.000000,1.000000,,,26.486000,27.729000,23.376000,4213.431000,4241.160000,4264.536000,288.000000,295.000000,310.000000,293.000000,False,MEDIUM,26.000000,False,Red Bull Racing,4186.916000,,1,11.000000,False,,False,True
2026,12,Dutch Grand Prix,S,4342.240000,LAW,30,lawson,red_bull,77.733000,21.000000,1.000000,,,26.677000,27.758000,23.298000,4291.213000,4318.971000,4342.269000,282.000000,279.000000,308.000000,294.000000,False,MEDIUM,27.000000,False,Red Bull Racing,4264.507000,,1,11.000000,False,,False,True
2026,12,Dutch Grand Prix,S,4419.933000,LAW,30,lawson,red_bull,77.693000,22.000000,1.000000,,,26.600000,27.746000,23.347000,4368.869000,4396.615000,4419.962000,287.000000,280.000000,313.000000,293.000000,False,MEDIUM,28.000000,False,Red Bull Racing,4342.240000,,1,11.000000,False,,False,True
2026,12,Dutch Grand Prix,S,4497.541000,LAW,30,lawson,red_bull,77.608000,23.000000,1.000000,,,26.438000,27.863000,23.307000,4446.400000,4474.263000,4497.570000,288.000000,280.000000,313.000000,296.000000,False,MEDIUM,29.000000,False,Red Bull Racing,4419.933000,,1,11.000000,False,,False,True
2026,12,Dutch Grand Prix,S,4579.541000,LAW,30,lawson,red_bull,82.000000,24.000000,1.000000,,,28.213000,27.902000,25.885000,4525.783000,4553.685000,4579.570000,291.000000,272.000000,308.000000,287.000000,False,MEDIUM,30.000000,False,Red Bull Racing,4497.541000,,1,11.000000,False,,False,True
2026,12,Dutch Grand Prix,S,2793.303000,COL,43,colapinto,alpine,,1.000000,1.000000,,,,28.864000,23.775000,,2769.659000,2793.417000,278.000000,289.000000,343.000000,201.000000,False,MEDIUM,4.000000,False,Alpine,2706.466000,,1,12.000000,False,,False,False
2026,12,Dutch Grand Prix,S,2871.813000,COL,43,colapinto,alpine,78.510000,2.000000,1.000000,,,27.350000,27.868000,23.292000,2820.689000,2848.557000,2871.849000,283.000000,283.000000,342.000000,266.000000,True,MEDIUM,5.000000,False,Alpine,2793.303000,,1,12.000000,False,,False,True
2026,12,Dutch Grand Prix,S,2949.429000,COL,43,colapinto,alpine,77.616000,3.000000,1.000000,,,26.708000,27.665000,23.243000,2898.557000,2926.222000,2949.465000,285.000000,283.000000,327.000000,291.000000,True,MEDIUM,6.000000,False,Alpine,2871.813000,,1,12.000000,False,,False,True
2026,12,Dutch Grand Prix,S,3026.147000,COL,43,colapinto,alpine,76.718000,4.000000,1.000000,,,26.148000,27.600000,22.970000,2975.613000,3003.213000,3026.183000,293.000000,297.000000,329.000000,297.000000,True,MEDIUM,7.000000,False,Alpine,2949.429000,,1,12.000000,False,,False,True
2026,12,Dutch Grand Prix,S,3102.947000,COL,43,colapinto,alpine,76.800000,5.000000,1.000000,,,26.208000,27.634000,22.958000,3052.391000,3080.025000,3102.983000,282.000000,285.000000,342.000000,295.000000,False,MEDIUM,8.000000,False,Alpine,3026.147000,,1,12.000000,False,,False,True
2026,12,Dutch Grand Prix,S,3180.550000,COL,43,colapinto,alpine,77.603000,6.000000,1.000000,,,26.162000,28.033000,23.408000,3129.145000,3157.178000,3180.586000,286.000000,282.000000,327.000000,297.000000,False,MEDIUM,9.000000,False,Alpine,3102.947000,,1,12.000000,False,,False,True
2026,12,Dutch Grand Prix,S,3257.649000,COL,43,colapinto,alpine,77.099000,7.000000,1.000000,,,26.177000,27.857000,23.065000,3206.763000,3234.620000,3257.685000,293.000000,286.000000,326.000000,313.000000,False,MEDIUM,10.000000,False,Alpine,3180.550000,,1,12.000000,False,,False,True
2026,12,Dutch Grand Prix,S,3335.138000,COL,43,colapinto,alpine,77.489000,8.000000,1.000000,,,26.330000,27.977000,23.182000,3284.015000,3311.992000,3335.174000,282.000000,283.000000,326.000000,308.000000,False,MEDIUM,11.000000,False,Alpine,3257.649000,,1,12.000000,False,,False,True
2026,12,Dutch Grand Prix,S,3412.499000,COL,43,colapinto,alpine,77.361000,9.000000,1.000000,,,26.338000,27.912000,23.111000,3361.512000,3389.424000,3412.535000,281.000000,281.000000,325.000000,310.000000,False,MEDIUM,12.000000,False,Alpine,3335.138000,,1,12.000000,False,,False,True
2026,12,Dutch Grand Prix,S,3490.316000,COL,43,colapinto,alpine,77.817000,10.000000,1.000000,,,26.599000,28.014000,23.204000,3439.134000,3467.148000,3490.352000,278.000000,279.000000,325.000000,301.000000,False,MEDIUM,13.000000,False,Alpine,3412.499000,,1,12.000000,False,,False,True
2026,12,Dutch Grand Prix,S,3567.893000,COL,43,colapinto,alpine,77.577000,11.000000,1.000000,,,26.293000,28.040000,23.244000,3516.645000,3544.685000,3567.929000,277.000000,279.000000,324.000000,300.000000,False,MEDIUM,14.000000,False,Alpine,3490.316000,,1,12.000000,False,,False,True
2026,12,Dutch Grand Prix,S,3645.422000,COL,43,colapinto,alpine,77.529000,12.000000,1.000000,,,26.318000,28.053000,23.158000,3594.247000,3622.300000,3645.458000,279.000000,280.000000,324.000000,319.000000,False,MEDIUM,15.000000,False,Alpine,3567.893000,,1,12.000000,False,,False,True
2026,12,Dutch Grand Prix,S,3723.340000,COL,43,colapinto,alpine,77.918000,13.000000,1.000000,,,26.486000,28.162000,23.270000,3671.944000,3700.106000,3723.376000,280.000000,281.000000,323.000000,312.000000,False,MEDIUM,16.000000,False,Alpine,3645.422000,,1,12.000000,False,,False,True
2026,12,Dutch Grand Prix,S,3800.989000,COL,43,colapinto,alpine,77.649000,14.000000,1.000000,,,26.220000,28.116000,23.313000,3749.596000,3777.712000,3801.025000,280.000000,279.000000,323.000000,314.000000,False,MEDIUM,17.000000,False,Alpine,3723.340000,,1,12.000000,False,,False,True
2026,12,Dutch Grand Prix,S,3878.636000,COL,43,colapinto,alpine,77.647000,15.000000,1.000000,,,26.321000,28.141000,23.185000,3827.346000,3855.487000,3878.672000,281.000000,281.000000,324.000000,312.000000,False,MEDIUM,18.000000,False,Alpine,3800.989000,,1,12.000000,False,,False,True
2026,12,Dutch Grand Prix,S,3956.400000,COL,43,colapinto,alpine,77.764000,16.000000,1.000000,,,26.372000,28.194000,23.198000,3905.044000,3933.238000,3956.436000,280.000000,281.000000,324.000000,314.000000,False,MEDIUM,19.000000,False,Alpine,3878.636000,,1,12.000000,False,,False,True
2026,12,Dutch Grand Prix,S,4034.497000,COL,43,colapinto,alpine,78.097000,17.000000,1.000000,,,26.488000,28.314000,23.295000,3982.924000,4011.238000,4034.533000,280.000000,278.000000,323.000000,317.000000,False,MEDIUM,20.000000,False,Alpine,3956.400000,,1,12.000000,False,,False,True
2026,12,Dutch Grand Prix,S,4112.442000,COL,43,colapinto,alpine,77.945000,18.000000,1.000000,,,26.366000,28.237000,23.342000,4060.899000,4089.136000,4112.478000,282.000000,282.000000,325.000000,317.000000,False,MEDIUM,21.000000,False,Alpine,4034.497000,,1,12.000000,False,,False,True
2026,12,Dutch Grand Prix,S,4190.347000,COL,43,colapinto,alpine,77.905000,19.000000,1.000000,,,26.258000,28.281000,23.366000,4138.736000,4167.017000,4190.383000,281.000000,284.000000,326.000000,316.000000,False,MEDIUM,22.000000,False,Alpine,4112.442000,,1,12.000000,False,,False,True
2026,12,Dutch Grand Prix,S,4268.418000,COL,43,colapinto,alpine,78.071000,20.000000,1.000000,,,26.421000,28.236000,23.414000,4216.804000,4245.040000,4268.454000,284.000000,282.000000,323.000000,315.000000,False,MEDIUM,23.000000,False,Alpine,4190.347000,,1,12.000000,False,,False,True
2026,12,Dutch Grand Prix,S,4346.400000,COL,43,colapinto,alpine,77.982000,21.000000,1.000000,,,26.341000,28.228000,23.413000,4294.795000,4323.023000,4346.436000,282.000000,282.000000,322.000000,315.000000,False,MEDIUM,24.000000,False,Alpine,4268.418000,,1,12.000000,False,,False,True
2026,12,Dutch Grand Prix,S,4424.568000,COL,43,colapinto,alpine,78.168000,22.000000,1.000000,,,26.363000,28.362000,23.443000,4372.799000,4401.161000,4424.604000,281.000000,291.000000,322.000000,315.000000,False,MEDIUM,25.000000,False,Alpine,4346.400000,,1,12.000000,False,,False,True
2026,12,Dutch Grand Prix,S,4503.227000,COL,43,colapinto,alpine,78.659000,23.000000,1.000000,,,26.867000,28.247000,23.545000,4451.471000,4479.718000,4503.263000,281.000000,281.000000,322.000000,309.000000,False,MEDIUM,26.000000,False,Alpine,4424.568000,,1,12.000000,False,,False,True
2026,12,Dutch Grand Prix,S,4586.536000,COL,43,colapinto,alpine,83.309000,24.000000,1.000000,,,29.019000,28.630000,25.660000,4532.282000,4560.912000,4586.572000,285.000000,280.000000,319.000000,272.000000,False,MEDIUM,27.000000,False,Alpine,4503.227000,,1,12.000000,False,,False,True
2026,12,Dutch Grand Prix,S,2793.826000,TSU,22,tsunoda,rb,,1.000000,1.000000,,,,28.966000,23.896000,,2769.961000,2793.916000,285.000000,270.000000,309.000000,205.000000,False,MEDIUM,5.000000,False,Racing Bulls,2706.466000,,1,13.000000,False,,False,False
2026,12,Dutch Grand Prix,S,2872.468000,TSU,22,tsunoda,rb,78.642000,2.000000,1.000000,,,27.056000,28.219000,23.367000,2820.898000,2849.117000,2872.484000,293.000000,282.000000,331.000000,278.000000,True,MEDIUM,6.000000,False,Racing Bulls,2793.826000,,1,13.000000,False,,False,True
2026,12,Dutch Grand Prix,S,2950.052000,TSU,22,tsunoda,rb,77.584000,3.000000,1.000000,,,26.602000,27.835000,23.147000,2899.086000,2926.921000,2950.068000,289.000000,278.000000,330.000000,284.000000,True,MEDIUM,7.000000,False,Racing Bulls,2872.468000,,1,13.000000,False,,False,True
2026,12,Dutch Grand Prix,S,3026.977000,TSU,22,tsunoda,rb,76.925000,4.000000,1.000000,,,26.185000,27.712000,23.028000,2976.253000,3003.965000,3026.993000,287.000000,280.000000,330.000000,291.000000,True,MEDIUM,8.000000,False,Racing Bulls,2950.052000,,1,13.000000,False,,False,True
2026,12,Dutch Grand Prix,S,3103.934000,TSU,22,tsunoda,rb,76.957000,5.000000,1.000000,,,26.063000,27.666000,23.228000,3053.056000,3080.722000,3103.950000,287.000000,279.000000,326.000000,300.000000,False,MEDIUM,9.000000,False,Racing Bulls,3026.977000,,1,13.000000,False,,False,True
2026,12,Dutch Grand Prix,S,3180.883000,TSU,22,tsunoda,rb,76.949000,6.000000,1.000000,,,26.002000,27.766000,23.181000,3129.952000,3157.718000,3180.899000,288.000000,283.000000,342.000000,303.000000,False,MEDIUM,10.000000,False,Racing Bulls,3103.934000,,1,13.000000,False,,False,True
2026,12,Dutch Grand Prix,S,3258.457000,TSU,22,tsunoda,rb,77.574000,7.000000,1.000000,,,26.295000,28.037000,23.242000,3207.194000,3235.231000,3258.473000,286.000000,277.000000,329.000000,280.000000,False,MEDIUM,11.000000,False,Racing Bulls,3180.883000,,1,13.000000,False,,False,True
2026,12,Dutch Grand Prix,S,3335.850000,TSU,22,tsunoda,rb,77.393000,8.000000,1.000000,,,26.263000,27.906000,23.224000,3284.736000,3312.642000,3335.866000,289.000000,285.000000,323.000000,295.000000,False,MEDIUM,12.000000,False,Racing Bulls,3258.457000,,1,13.000000,False,,False,True
2026,12,Dutch Grand Prix,S,3413.237000,TSU,22,tsunoda,rb,77.387000,9.000000,1.000000,,,26.252000,27.882000,23.253000,3362.118000,3390.000000,3413.253000,291.000000,286.000000,323.000000,297.000000,False,MEDIUM,13.000000,False,Racing Bulls,3335.850000,,1,13.000000,False,,False,True
2026,12,Dutch Grand Prix,S,3490.965000,TSU,22,tsunoda,rb,77.728000,10.000000,1.000000,,,26.446000,28.063000,23.219000,3439.699000,3467.762000,3490.981000,292.000000,287.000000,332.000000,302.000000,False,MEDIUM,14.000000,False,Racing Bulls,3413.237000,,1,13.000000,False,,False,True
2026,12,Dutch Grand Prix,S,3568.868000,TSU,22,tsunoda,rb,77.903000,11.000000,1.000000,,,26.367000,28.130000,23.406000,3517.348000,3545.478000,3568.884000,288.000000,281.000000,310.000000,296.000000,False,MEDIUM,15.000000,False,Racing Bulls,3490.965000,,1,13.000000,False,,False,True
2026,12,Dutch Grand Prix,S,3646.333000,TSU,22,tsunoda,rb,77.465000,12.000000,1.000000,,,26.411000,27.924000,23.130000,3595.295000,3623.219000,3646.349000,288.000000,283.000000,318.000000,293.000000,False,MEDIUM,16.000000,False,Racing Bulls,3568.868000,,1,13.000000,False,,False,True
2026,12,Dutch Grand Prix,S,3724.341000,TSU,22,tsunoda,rb,78.008000,13.000000,1.000000,,,26.564000,28.052000,23.392000,3672.913000,3700.965000,3724.357000,288.000000,282.000000,317.000000,304.000000,False,MEDIUM,17.000000,False,Racing Bulls,3646.333000,,1,13.000000,False,,False,True
2026,12,Dutch Grand Prix,S,3802.052000,TSU,22,tsunoda,rb,77.711000,14.000000,1.000000,,,26.371000,27.926000,23.414000,3750.728000,3778.654000,3802.068000,289.000000,281.000000,317.000000,301.000000,False,MEDIUM,18.000000,False,Racing Bulls,3724.341000,,1,13.000000,False,,False,True
2026,12,Dutch Grand Prix,S,3879.944000,TSU,22,tsunoda,rb,77.892000,15.000000,1.000000,,,26.422000,28.091000,23.379000,3828.490000,3856.581000,3879.960000,288.000000,282.000000,318.000000,303.000000,False,MEDIUM,19.000000,False,Racing Bulls,3802.052000,,1,13.000000,False,,False,True
2026,12,Dutch Grand Prix,S,3957.598000,TSU,22,tsunoda,rb,77.654000,16.000000,1.000000,,,26.373000,27.974000,23.307000,3906.333000,3934.307000,3957.614000,282.000000,286.000000,321.000000,304.000000,False,MEDIUM,20.000000,False,Racing Bulls,3879.944000,,1,13.000000,False,,False,True
2026,12,Dutch Grand Prix,S,4035.395000,TSU,22,tsunoda,rb,77.797000,17.000000,1.000000,,,26.183000,28.115000,23.499000,3983.797000,4011.912000,4035.411000,288.000000,283.000000,326.000000,307.000000,False,MEDIUM,21.000000,False,Racing Bulls,3957.598000,,1,13.000000,False,,False,True
2026,12,Dutch Grand Prix,S,4113.385000,TSU,22,tsunoda,rb,77.990000,18.000000,1.000000,,,26.371000,28.178000,23.441000,4061.782000,4089.960000,4113.401000,290.000000,284.000000,317.000000,306.000000,False,MEDIUM,22.000000,False,Racing Bulls,4035.395000,,1,13.000000,False,,False,True
2026,12,Dutch Grand Prix,S,4191.327000,TSU,22,tsunoda,rb,77.942000,19.000000,1.000000,,,26.232000,28.285000,23.425000,4139.633000,4167.918000,4191.343000,288.000000,278.000000,326.000000,306.000000,False,MEDIUM,23.000000,False,Racing Bulls,4113.385000,,1,13.000000,False,,False,True
2026,12,Dutch Grand Prix,S,4269.376000,TSU,22,tsunoda,rb,78.049000,20.000000,1.000000,,,26.397000,28.247000,23.405000,4217.740000,4245.987000,4269.392000,288.000000,279.000000,318.000000,315.000000,False,MEDIUM,24.000000,False,Racing Bulls,4191.327000,,1,13.000000,False,,False,True
2026,12,Dutch Grand Prix,S,4347.584000,TSU,22,tsunoda,rb,78.208000,21.000000,1.000000,,,26.450000,28.297000,23.461000,4295.842000,4324.139000,4347.600000,290.000000,281.000000,320.000000,304.000000,False,MEDIUM,25.000000,False,Racing Bulls,4269.376000,,1,13.000000,False,,False,True
2026,12,Dutch Grand Prix,S,4425.490000,TSU,22,tsunoda,rb,77.906000,22.000000,1.000000,,,26.262000,28.286000,23.358000,4373.862000,4402.148000,4425.506000,287.000000,277.000000,319.000000,314.000000,False,MEDIUM,26.000000,False,Racing Bulls,4347.584000,,1,13.000000,False,,False,True
2026,12,Dutch Grand Prix,S,4503.878000,TSU,22,tsunoda,rb,78.388000,23.000000,1.000000,,,26.398000,28.467000,23.523000,4451.904000,4480.371000,4503.894000,294.000000,279.000000,336.000000,306.000000,False,MEDIUM,27.000000,False,Racing Bulls,4425.490000,,1,13.000000,False,,False,True
2026,12,Dutch Grand Prix,S,4588.553000,TSU,22,tsunoda,rb,84.675000,24.000000,1.000000,,,29.284000,28.718000,26.673000,4533.178000,4561.896000,4588.569000,278.000000,235.000000,291.000000,271.000000,False,MEDIUM,28.000000,False,Racing Bulls,4503.878000,,1,13.000000,False,,False,True
2026,12,Dutch Grand Prix,S,2794.279000,OCO,31,ocon,haas,,1.000000,1.000000,,,,28.995000,24.002000,,2770.398000,2794.353000,275.000000,263.000000,330.000000,226.000000,False,MEDIUM,7.000000,False,Haas F1 Team,2706.466000,,1,14.000000,False,,False,False
2026,12,Dutch Grand Prix,S,2873.226000,OCO,31,ocon,haas,78.947000,2.000000,1.000000,,,27.444000,28.095000,23.408000,2821.753000,2849.848000,2873.256000,277.000000,278.000000,331.000000,250.000000,True,MEDIUM,8.000000,False,Haas F1 Team,2794.279000,,1,14.000000,False,,False,True
2026,12,Dutch Grand Prix,S,2951.087000,OCO,31,ocon,haas,77.861000,3.000000,1.000000,,,26.783000,27.935000,23.143000,2900.039000,2927.974000,2951.117000,273.000000,277.000000,330.000000,273.000000,True,MEDIUM,9.000000,False,Haas F1 Team,2873.226000,,1,14.000000,False,,False,True
2026,12,Dutch Grand Prix,S,3028.225000,OCO,31,ocon,haas,77.138000,4.000000,1.000000,,,26.328000,27.770000,23.040000,2977.445000,3005.215000,3028.255000,269.000000,274.000000,322.000000,289.000000,True,MEDIUM,10.000000,False,Haas F1 Team,2951.087000,,1,14.000000,False,,False,True
2026,12,Dutch Grand Prix,S,3105.436000,OCO,31,ocon,haas,77.211000,5.000000,1.000000,,,26.252000,27.746000,23.213000,3054.507000,3082.253000,3105.466000,272.000000,270.000000,319.000000,297.000000,False,MEDIUM,11.000000,False,Haas F1 Team,3028.225000,,1,14.000000,False,,False,True
2026,12,Dutch Grand Prix,S,3182.710000,OCO,31,ocon,haas,77.274000,6.000000,1.000000,,,26.355000,27.810000,23.109000,3131.821000,3159.631000,3182.740000,274.000000,270.000000,316.000000,296.000000,False,MEDIUM,12.000000,False,Haas F1 Team,3105.436000,,1,14.000000,False,,False,True
2026,12,Dutch Grand Prix,S,3260.154000,OCO,31,ocon,haas,77.444000,7.000000,1.000000,,,26.382000,27.930000,23.132000,3209.122000,3237.052000,3260.184000,276.000000,272.000000,315.000000,301.000000,False,MEDIUM,13.000000,False,Haas F1 Team,3182.710000,,1,14.000000,False,,False,True
2026,12,Dutch Grand Prix,S,3337.807000,OCO,31,ocon,haas,77.653000,8.000000,1.000000,,,26.473000,27.896000,23.284000,3286.657000,3314.553000,3337.837000,277.000000,270.000000,314.000000,302.000000,False,MEDIUM,14.000000,False,Haas F1 Team,3260.154000,,1,14.000000,False,,False,True
2026,12,Dutch Grand Prix,S,3415.296000,OCO,31,ocon,haas,77.489000,9.000000,1.000000,,,26.243000,27.994000,23.252000,3364.080000,3392.074000,3415.326000,280.000000,270.000000,314.000000,292.000000,False,MEDIUM,15.000000,False,Haas F1 Team,3337.807000,,1,14.000000,False,,False,True
2026,12,Dutch Grand Prix,S,3492.973000,OCO,31,ocon,haas,77.677000,10.000000,1.000000,,,26.337000,27.999000,23.341000,3441.663000,3469.662000,3493.003000,277.000000,270.000000,313.000000,301.000000,False,MEDIUM,16.000000,False,Haas F1 Team,3415.296000,,1,14.000000,False,,False,True
2026,12,Dutch Grand Prix,S,3570.891000,OCO,31,ocon,haas,77.918000,11.000000,1.000000,,,26.501000,28.016000,23.401000,3519.504000,3547.520000,3570.921000,276.000000,269.000000,314.000000,299.000000,False,MEDIUM,17.000000,False,Haas F1 Team,3492.973000,,1,14.000000,False,,False,True
2026,12,Dutch Grand Prix,S,3648.791000,OCO,31,ocon,haas,77.900000,12.000000,1.000000,,,26.581000,28.064000,23.255000,3597.502000,3625.566000,3648.821000,280.000000,270.000000,315.000000,294.000000,False,MEDIUM,18.000000,False,Haas F1 Team,3570.891000,,1,14.000000,False,,False,True
2026,12,Dutch Grand Prix,S,3726.878000,OCO,31,ocon,haas,78.087000,13.000000,1.000000,,,26.465000,28.143000,23.479000,3675.286000,3703.429000,3726.908000,277.000000,271.000000,313.000000,300.000000,False,MEDIUM,19.000000,False,Haas F1 Team,3648.791000,,1,14.000000,False,,False,True
2026,12,Dutch Grand Prix,S,3804.625000,OCO,31,ocon,haas,77.747000,14.000000,1.000000,,,26.401000,28.027000,23.319000,3753.309000,3781.336000,3804.655000,277.000000,271.000000,313.000000,300.000000,False,MEDIUM,20.000000,False,Haas F1 Team,3726.878000,,1,14.000000,False,,False,True
2026,12,Dutch Grand Prix,S,3882.581000,OCO,31,ocon,haas,77.956000,15.000000,1.000000,,,26.464000,28.190000,23.302000,3831.119000,3859.309000,3882.611000,277.000000,272.000000,313.000000,300.000000,False,MEDIUM,21.000000,False,Haas F1 Team,3804.625000,,1,14.000000,False,,False,True
2026,12,Dutch Grand Prix,S,3960.528000,OCO,31,ocon,haas,77.947000,16.000000,1.000000,,,26.403000,28.199000,23.345000,3909.014000,3937.213000,3960.558000,278.000000,271.000000,315.000000,299.000000,False,MEDIUM,22.000000,False,Haas F1 Team,3882.581000,,1,14.000000,False,,False,True
2026,12,Dutch Grand Prix,S,4038.877000,OCO,31,ocon,haas,78.349000,17.000000,1.000000,,,26.490000,28.366000,23.493000,3987.048000,4015.414000,4038.907000,278.000000,274.000000,315.000000,299.000000,False,MEDIUM,23.000000,False,Haas F1 Team,3960.528000,,1,14.000000,False,,False,True
2026,12,Dutch Grand Prix,S,4117.281000,OCO,31,ocon,haas,78.404000,18.000000,1.000000,,,26.608000,28.301000,23.495000,4065.515000,4093.816000,4117.311000,278.000000,273.000000,311.000000,301.000000,False,MEDIUM,24.000000,False,Haas F1 Team,4038.877000,,1,14.000000,False,,False,True
2026,12,Dutch Grand Prix,S,4195.492000,OCO,31,ocon,haas,78.211000,19.000000,1.000000,,,26.476000,28.329000,23.406000,4143.787000,4172.116000,4195.522000,280.000000,272.000000,315.000000,298.000000,False,MEDIUM,25.000000,False,Haas F1 Team,4117.281000,,1,14.000000,False,,False,True
2026,12,Dutch Grand Prix,S,4274.166000,OCO,31,ocon,haas,78.674000,20.000000,1.000000,,,26.585000,28.457000,23.632000,4222.107000,4250.564000,4274.196000,277.000000,271.000000,315.000000,300.000000,False,MEDIUM,26.000000,False,Haas F1 Team,4195.492000,,1,14.000000,False,,False,True
2026,12,Dutch Grand Prix,S,4353.010000,OCO,31,ocon,haas,78.844000,21.000000,1.000000,,,26.794000,28.538000,23.512000,4300.990000,4329.528000,4353.040000,280.000000,270.000000,315.000000,298.000000,False,MEDIUM,27.000000,False,Haas F1 Team,4274.166000,,1,14.000000,False,,False,True
2026,12,Dutch Grand Prix,S,4431.616000,OCO,31,ocon,haas,78.606000,22.000000,1.000000,,,26.624000,28.547000,23.435000,4379.664000,4408.211000,4431.646000,281.000000,272.000000,313.000000,297.000000,False,MEDIUM,28.000000,False,Haas F1 Team,4353.010000,,1,14.000000,False,,False,True
2026,12,Dutch Grand Prix,S,4510.323000,OCO,31,ocon,haas,78.707000,23.000000,1.000000,,,26.773000,28.388000,23.546000,4458.419000,4486.807000,4510.353000,281.000000,272.000000,314.000000,302.000000,False,MEDIUM,29.000000,False,Haas F1 Team,4431.616000,,1,14.000000,False,,False,True
2026,12,Dutch Grand Prix,S,4598.168000,OCO,31,ocon,haas,87.845000,24.000000,1.000000,,,31.400000,29.803000,26.642000,4541.753000,4571.556000,4598.198000,269.000000,213.000000,314.000000,213.000000,False,MEDIUM,30.000000,False,Haas F1 Team,4510.323000,,1,14.000000,False,,False,True
2026,12,Dutch Grand Prix,S,2794.828000,BEA,87,bearman,haas,,1.000000,1.000000,,,,29.188000,24.201000,,2770.789000,2794.943000,276.000000,266.000000,333.000000,203.000000,False,SOFT,1.000000,True,Haas F1 Team,2706.466000,,1,15.000000,False,,False,False
2026,12,Dutch Grand Prix,S,2873.809000,BEA,87,bearman,haas,78.981000,2.000000,1.000000,,,27.082000,28.445000,23.454000,2821.927000,2850.372000,2873.826000,286.000000,274.000000,330.000000,249.000000,True,SOFT,2.000000,True,Haas F1 Team,2794.828000,,1,15.000000,False,,False,True
2026,12,Dutch Grand Prix,S,2951.722000,BEA,87,bearman,haas,77.913000,3.000000,1.000000,,,26.405000,28.155000,23.353000,2900.231000,2928.386000,2951.739000,288.000000,279.000000,332.000000,271.000000,True,SOFT,3.000000,True,Haas F1 Team,2873.809000,,1,15.000000,False,,False,True
2026,12,Dutch Grand Prix,S,3029.124000,BEA,87,bearman,haas,77.402000,4.000000,1.000000,,,26.360000,27.872000,23.170000,2978.099000,3005.971000,3029.141000,280.000000,276.000000,332.000000,278.000000,True,SOFT,4.000000,True,Haas F1 Team,2951.722000,,1,15.000000,False,,False,True
2026,12,Dutch Grand Prix,S,3106.261000,BEA,87,bearman,haas,77.137000,5.000000,1.000000,,,26.115000,27.890000,23.132000,3055.256000,3083.146000,3106.278000,276.000000,272.000000,332.000000,298.000000,True,SOFT,5.000000,True,Haas F1 Team,3029.124000,,1,15.000000,False,,False,True
2026,12,Dutch Grand Prix,S,3183.785000,BEA,87,bearman,haas,77.524000,6.000000,1.000000,,,26.231000,28.023000,23.270000,3132.509000,3160.532000,3183.802000,279.000000,274.000000,322.000000,291.000000,False,SOFT,6.000000,True,Haas F1 Team,3106.261000,,1,15.000000,False,,False,True
2026,12,Dutch Grand Prix,S,3261.334000,BEA,87,bearman,haas,77.549000,7.000000,1.000000,,,26.416000,27.932000,23.201000,3210.218000,3238.150000,3261.351000,278.000000,272.000000,319.000000,291.000000,False,SOFT,7.000000,True,Haas F1 Team,3183.785000,,1,15.000000,False,,False,True
2026,12,Dutch Grand Prix,S,3338.823000,BEA,87,bearman,haas,77.489000,8.000000,1.000000,,,26.370000,27.965000,23.154000,3287.721000,3315.686000,3338.840000,279.000000,276.000000,319.000000,297.000000,False,SOFT,8.000000,True,Haas F1 Team,3261.334000,,1,15.000000,False,,False,True
2026,12,Dutch Grand Prix,S,3416.450000,BEA,87,bearman,haas,77.627000,9.000000,1.000000,,,26.334000,28.107000,23.186000,3365.174000,3393.281000,3416.467000,280.000000,270.000000,316.000000,289.000000,False,SOFT,9.000000,True,Haas F1 Team,3338.823000,,1,15.000000,False,,False,True
2026,12,Dutch Grand Prix,S,3493.932000,BEA,87,bearman,haas,77.482000,10.000000,1.000000,,,26.334000,27.922000,23.226000,,3470.723000,3493.949000,281.000000,274.000000,318.000000,299.000000,False,SOFT,10.000000,True,Haas F1 Team,3416.450000,,1,15.000000,False,,False,True
2026,12,Dutch Grand Prix,S,3572.003000,BEA,87,bearman,haas,78.071000,11.000000,1.000000,,,26.553000,28.289000,23.229000,3520.502000,3548.791000,3572.020000,277.000000,274.000000,318.000000,300.000000,False,SOFT,11.000000,True,Haas F1 Team,3493.932000,,1,15.000000,False,,False,True
2026,12,Dutch Grand Prix,S,3649.852000,BEA,87,bearman,haas,77.849000,12.000000,1.000000,,,26.487000,28.117000,23.245000,3598.507000,3626.624000,3649.869000,282.000000,274.000000,319.000000,299.000000,False,SOFT,12.000000,True,Haas F1 Team,3572.003000,,1,15.000000,False,,False,True
2026,12,Dutch Grand Prix,S,3727.837000,BEA,87,bearman,haas,77.985000,13.000000,1.000000,,,26.484000,28.114000,23.387000,3676.353000,3704.467000,3727.854000,281.000000,277.000000,319.000000,298.000000,False,SOFT,13.000000,True,Haas F1 Team,3649.852000,,1,15.000000,False,,False,True
2026,12,Dutch Grand Prix,S,3805.608000,BEA,87,bearman,haas,77.771000,14.000000,1.000000,,,26.378000,28.175000,23.218000,3754.232000,3782.407000,3805.625000,282.000000,274.000000,321.000000,300.000000,False,SOFT,14.000000,True,Haas F1 Team,3727.837000,,1,15.000000,False,,False,True
2026,12,Dutch Grand Prix,S,3883.819000,BEA,87,bearman,haas,78.211000,15.000000,1.000000,,,26.626000,28.278000,23.307000,3832.251000,3860.529000,3883.836000,281.000000,275.000000,319.000000,304.000000,False,SOFT,15.000000,True,Haas F1 Team,3805.608000,,1,15.000000,False,,False,True
2026,12,Dutch Grand Prix,S,3961.737000,BEA,87,bearman,haas,77.918000,16.000000,1.000000,,,26.635000,28.070000,23.213000,3910.471000,3938.541000,3961.754000,268.000000,292.000000,318.000000,305.000000,False,SOFT,16.000000,True,Haas F1 Team,3883.819000,,1,15.000000,False,,False,True
2026,12,Dutch Grand Prix,S,4040.018000,BEA,87,bearman,haas,78.281000,17.000000,1.000000,,,26.667000,28.185000,23.429000,3988.421000,4016.606000,4040.035000,270.000000,294.000000,317.000000,302.000000,False,SOFT,17.000000,True,Haas F1 Team,3961.737000,,1,15.000000,False,,False,True
2026,12,Dutch Grand Prix,S,4118.012000,BEA,87,bearman,haas,77.994000,18.000000,1.000000,,,26.398000,28.190000,23.406000,4066.433000,4094.623000,4118.029000,286.000000,274.000000,330.000000,307.000000,False,SOFT,18.000000,True,Haas F1 Team,4040.018000,,1,15.000000,False,,False,True
2026,12,Dutch Grand Prix,S,4196.437000,BEA,87,bearman,haas,78.425000,19.000000,1.000000,,,26.526000,28.417000,23.482000,4144.555000,4172.972000,4196.454000,280.000000,262.000000,317.000000,305.000000,False,SOFT,19.000000,True,Haas F1 Team,4118.012000,,1,15.000000,False,,False,True
2026,12,Dutch Grand Prix,S,4274.835000,BEA,87,bearman,haas,78.398000,20.000000,1.000000,,,26.569000,28.377000,23.452000,4223.023000,4251.400000,4274.852000,288.000000,285.000000,330.000000,281.000000,False,SOFT,20.000000,True,Haas F1 Team,4196.437000,,1,15.000000,False,,False,True
2026,12,Dutch Grand Prix,S,4353.648000,BEA,87,bearman,haas,78.813000,21.000000,1.000000,,,26.566000,28.609000,23.638000,4301.418000,4330.027000,4353.665000,279.000000,261.000000,329.000000,298.000000,False,SOFT,21.000000,True,Haas F1 Team,4274.835000,,1,15.000000,False,,False,True
2026,12,Dutch Grand Prix,S,4432.169000,BEA,87,bearman,haas,78.521000,22.000000,1.000000,,,26.607000,28.567000,23.347000,4380.272000,4408.839000,4432.186000,286.000000,280.000000,329.000000,295.000000,False,SOFT,22.000000,True,Haas F1 Team,4353.648000,,1,15.000000,False,,False,True
2026,12,Dutch Grand Prix,S,4510.801000,BEA,87,bearman,haas,78.632000,23.000000,1.000000,,,26.507000,28.505000,23.620000,4458.693000,4487.198000,4510.818000,283.000000,261.000000,329.000000,299.000000,False,SOFT,23.000000,True,Haas F1 Team,4432.169000,,1,15.000000,False,,False,True
2026,12,Dutch Grand Prix,S,4598.658000,BEA,87,bearman,haas,87.857000,24.000000,1.000000,,,31.865000,29.600000,26.392000,4542.683000,4572.283000,4598.675000,254.000000,227.000000,328.000000,217.000000,False,SOFT,24.000000,True,Haas F1 Team,4510.801000,,1,15.000000,False,,False,True
2026,12,Dutch Grand Prix,S,2795.323000,ALB,23,albon,williams,,1.000000,1.000000,,,,29.499000,24.173000,,2771.273000,2795.388000,276.000000,277.000000,329.000000,209.000000,False,MEDIUM,6.000000,False,Williams,2706.466000,,1,16.000000,False,,False,False
2026,12,Dutch Grand Prix,S,2874.640000,ALB,23,albon,williams,79.317000,2.000000,1.000000,,,27.289000,28.412000,23.616000,2822.612000,2851.024000,2874.640000,292.000000,285.000000,321.000000,254.000000,True,MEDIUM,7.000000,False,Williams,2795.323000,,1,16.000000,False,,False,True
2026,12,Dutch Grand Prix,S,2952.782000,ALB,23,albon,williams,78.142000,3.000000,1.000000,,,26.776000,28.084000,23.282000,2901.416000,2929.500000,2952.782000,285.000000,284.000000,327.000000,285.000000,True,MEDIUM,8.000000,False,Williams,2874.640000,,1,16.000000,False,,False,True
2026,12,Dutch Grand Prix,S,3030.638000,ALB,23,albon,williams,77.856000,4.000000,1.000000,,,26.598000,28.090000,23.168000,2979.380000,3007.470000,3030.638000,278.000000,280.000000,318.000000,298.000000,True,MEDIUM,9.000000,False,Williams,2952.782000,,1,16.000000,False,,False,True
2026,12,Dutch Grand Prix,S,3108.348000,ALB,23,albon,williams,77.710000,5.000000,1.000000,,,26.473000,28.129000,23.108000,3057.111000,3085.240000,3108.348000,280.000000,279.000000,322.000000,292.000000,True,MEDIUM,10.000000,False,Williams,3030.638000,,1,16.000000,False,,False,True
2026,12,Dutch Grand Prix,S,3186.203000,ALB,23,albon,williams,77.855000,6.000000,1.000000,,,26.469000,28.215000,23.171000,3134.817000,3163.032000,3186.203000,281.000000,277.000000,320.000000,304.000000,False,MEDIUM,11.000000,False,Williams,3108.348000,,1,16.000000,False,,False,True
2026,12,Dutch Grand Prix,S,3263.876000,ALB,23,albon,williams,77.673000,7.000000,1.000000,,,26.445000,28.145000,23.083000,3212.648000,3240.793000,3263.876000,280.000000,276.000000,321.000000,308.000000,True,MEDIUM,12.000000,False,Williams,3186.203000,,1,16.000000,False,,False,True
2026,12,Dutch Grand Prix,S,3341.753000,ALB,23,albon,williams,77.877000,8.000000,1.000000,,,26.653000,28.146000,23.078000,3290.529000,3318.675000,3341.753000,281.000000,277.000000,320.000000,310.000000,False,MEDIUM,13.000000,False,Williams,3263.876000,,1,16.000000,False,,False,True
2026,12,Dutch Grand Prix,S,3419.580000,ALB,23,albon,williams,77.827000,9.000000,1.000000,,,26.715000,27.952000,23.160000,3368.468000,3396.420000,3419.580000,281.000000,276.000000,320.000000,303.000000,False,MEDIUM,14.000000,False,Williams,3341.753000,,1,16.000000,False,,False,True
2026,12,Dutch Grand Prix,S,3497.503000,ALB,23,albon,williams,77.923000,10.000000,1.000000,,,26.564000,28.079000,23.280000,3446.144000,3474.223000,3497.503000,281.000000,278.000000,319.000000,310.000000,False,MEDIUM,15.000000,False,Williams,3419.580000,,1,16.000000,False,,False,True
2026,12,Dutch Grand Prix,S,3575.697000,ALB,23,albon,williams,78.194000,11.000000,1.000000,,,26.675000,28.191000,23.328000,3524.178000,3552.369000,3575.697000,280.000000,278.000000,320.000000,304.000000,False,MEDIUM,16.000000,False,Williams,3497.503000,,1,16.000000,False,,False,True
2026,12,Dutch Grand Prix,S,3654.221000,ALB,23,albon,williams,78.524000,12.000000,1.000000,,,26.702000,28.416000,23.406000,3602.399000,3630.815000,3654.221000,282.000000,277.000000,320.000000,310.000000,False,MEDIUM,17.000000,False,Williams,3575.697000,,1,16.000000,False,,False,True
2026,12,Dutch Grand Prix,S,3732.796000,ALB,23,albon,williams,78.575000,13.000000,1.000000,,,26.737000,28.444000,23.394000,3680.958000,3709.402000,3732.796000,281.000000,277.000000,319.000000,305.000000,False,MEDIUM,18.000000,False,Williams,3654.221000,,1,16.000000,False,,False,True
2026,12,Dutch Grand Prix,S,3811.251000,ALB,23,albon,williams,78.455000,14.000000,1.000000,,,26.594000,28.580000,23.281000,3759.390000,3787.970000,3811.251000,282.000000,276.000000,317.000000,307.000000,False,MEDIUM,19.000000,False,Williams,3732.796000,,1,16.000000,False,,False,True
2026,12,Dutch Grand Prix,S,3889.811000,ALB,23,albon,williams,78.560000,15.000000,1.000000,,,26.793000,28.330000,23.437000,3838.044000,3866.374000,3889.811000,283.000000,276.000000,319.000000,306.000000,False,MEDIUM,20.000000,False,Williams,3811.251000,,1,16.000000,False,,False,True
2026,12,Dutch Grand Prix,S,3968.457000,ALB,23,albon,williams,78.646000,16.000000,1.000000,,,26.659000,28.629000,23.358000,3916.470000,3945.099000,3968.457000,282.000000,275.000000,318.000000,309.000000,False,MEDIUM,21.000000,False,Williams,3889.811000,,1,16.000000,False,,False,True
2026,12,Dutch Grand Prix,S,4047.312000,ALB,23,albon,williams,78.855000,17.000000,1.000000,,,26.719000,28.732000,23.404000,3995.176000,4023.908000,4047.312000,281.000000,277.000000,316.000000,309.000000,False,MEDIUM,22.000000,False,Williams,3968.457000,,1,16.000000,False,,False,True
2026,12,Dutch Grand Prix,S,4125.987000,ALB,23,albon,williams,78.675000,18.000000,1.000000,,,26.700000,28.525000,23.450000,4074.012000,4102.537000,4125.987000,281.000000,276.000000,317.000000,307.000000,False,MEDIUM,23.000000,False,Williams,4047.312000,,1,16.000000,False,,False,True
2026,12,Dutch Grand Prix,S,4204.396000,ALB,23,albon,williams,78.409000,19.000000,1.000000,,,26.668000,28.328000,23.413000,4152.655000,4180.983000,4204.396000,284.000000,278.000000,318.000000,308.000000,False,MEDIUM,24.000000,False,Williams,4125.987000,,1,16.000000,False,,False,True
2026,12,Dutch Grand Prix,S,4283.040000,ALB,23,albon,williams,78.644000,20.000000,1.000000,,,26.649000,28.521000,23.474000,4231.045000,4259.566000,4283.040000,280.000000,277.000000,317.000000,309.000000,False,MEDIUM,25.000000,False,Williams,4204.396000,,1,16.000000,False,,False,True
2026,12,Dutch Grand Prix,S,4361.854000,ALB,23,albon,williams,78.814000,21.000000,1.000000,,,26.656000,28.644000,23.514000,4309.696000,4338.340000,4361.854000,281.000000,276.000000,318.000000,308.000000,False,MEDIUM,26.000000,False,Williams,4283.040000,,1,16.000000,False,,False,True
2026,12,Dutch Grand Prix,S,4440.799000,ALB,23,albon,williams,78.945000,22.000000,1.000000,,,26.865000,28.586000,23.494000,4388.719000,4417.305000,4440.799000,283.000000,277.000000,315.000000,307.000000,False,MEDIUM,27.000000,False,Williams,4361.854000,,1,16.000000,False,,False,True
2026,12,Dutch Grand Prix,S,4519.494000,ALB,23,albon,williams,78.695000,23.000000,1.000000,,,26.667000,28.525000,23.503000,4467.466000,4495.991000,4519.494000,282.000000,276.000000,316.000000,305.000000,False,MEDIUM,28.000000,False,Williams,4440.799000,,1,16.000000,False,,False,True
2026,12,Dutch Grand Prix,S,4606.702000,ALB,23,albon,williams,87.208000,24.000000,1.000000,,,31.517000,29.374000,26.317000,4551.011000,4580.385000,4606.702000,261.000000,259.000000,314.000000,255.000000,False,MEDIUM,29.000000,False,Williams,4519.494000,,1,16.000000,False,,False,True
2026,12,Dutch Grand Prix,S,2796.093000,STR,18,stroll,aston_martin,,1.000000,1.000000,,,,29.668000,24.241000,,2771.898000,2796.153000,271.000000,261.000000,336.000000,202.000000,False,MEDIUM,1.000000,True,Aston Martin,2706.466000,,1,18.000000,False,,False,False
2026,12,Dutch Grand Prix,S,2874.937000,STR,18,stroll,aston_martin,78.844000,2.000000,1.000000,,,27.100000,28.286000,23.458000,2823.210000,2851.496000,2874.954000,274.000000,276.000000,337.000000,276.000000,True,MEDIUM,2.000000,True,Aston Martin,2796.093000,,1,17.000000,False,,False,True
2026,12,Dutch Grand Prix,S,2953.301000,STR,18,stroll,aston_martin,78.364000,3.000000,1.000000,,,26.901000,28.122000,23.341000,2901.855000,2929.977000,2953.318000,277.000000,275.000000,331.000000,265.000000,True,MEDIUM,3.000000,True,Aston Martin,2874.937000,,1,17.000000,False,,False,True
2026,12,Dutch Grand Prix,S,3031.180000,STR,18,stroll,aston_martin,77.879000,4.000000,1.000000,,,26.577000,27.841000,23.461000,2979.895000,3007.736000,3031.197000,276.000000,281.000000,327.000000,292.000000,True,MEDIUM,4.000000,True,Aston Martin,2953.301000,,1,17.000000,False,,False,True
2026,12,Dutch Grand Prix,S,3109.234000,STR,18,stroll,aston_martin,78.054000,5.000000,1.000000,,,26.571000,28.055000,23.428000,3057.768000,3085.823000,3109.251000,273.000000,273.000000,324.000000,292.000000,False,MEDIUM,5.000000,True,Aston Martin,3031.180000,,1,17.000000,False,,False,True
2026,12,Dutch Grand Prix,S,3187.025000,STR,18,stroll,aston_martin,77.791000,6.000000,1.000000,,,26.627000,27.813000,23.351000,3135.878000,3163.691000,3187.042000,273.000000,270.000000,323.000000,296.000000,True,MEDIUM,6.000000,True,Aston Martin,3109.234000,,1,17.000000,False,,False,True
2026,12,Dutch Grand Prix,S,3264.745000,STR,18,stroll,aston_martin,77.720000,7.000000,1.000000,,,26.534000,27.948000,23.238000,3213.576000,3241.524000,3264.762000,274.000000,272.000000,323.000000,299.000000,True,MEDIUM,7.000000,True,Aston Martin,3187.025000,,1,17.000000,False,,False,True
2026,12,Dutch Grand Prix,S,3342.458000,STR,18,stroll,aston_martin,77.713000,8.000000,1.000000,,,26.527000,27.863000,23.323000,3291.289000,3319.152000,3342.475000,274.000000,286.000000,314.000000,305.000000,True,MEDIUM,8.000000,True,Aston Martin,3264.745000,,1,17.000000,False,,False,True
2026,12,Dutch Grand Prix,S,3420.401000,STR,18,stroll,aston_martin,77.943000,9.000000,1.000000,,,26.555000,28.012000,23.376000,3369.030000,3397.042000,3420.418000,274.000000,270.000000,320.000000,297.000000,False,MEDIUM,9.000000,True,Aston Martin,3342.458000,,1,17.000000,False,,False,True
2026,12,Dutch Grand Prix,S,3498.209000,STR,18,stroll,aston_martin,77.808000,10.000000,1.000000,,,26.464000,27.907000,23.437000,3446.882000,3474.789000,3498.226000,275.000000,271.000000,317.000000,300.000000,False,MEDIUM,10.000000,True,Aston Martin,3420.401000,,1,17.000000,False,,False,True
2026,12,Dutch Grand Prix,S,3576.296000,STR,18,stroll,aston_martin,78.087000,11.000000,1.000000,,,26.692000,27.967000,23.428000,3524.918000,3552.885000,3576.313000,274.000000,270.000000,320.000000,299.000000,False,MEDIUM,11.000000,True,Aston Martin,3498.209000,,1,17.000000,False,,False,True
2026,12,Dutch Grand Prix,S,3654.920000,STR,18,stroll,aston_martin,78.624000,12.000000,1.000000,,,26.645000,28.244000,23.735000,3602.958000,3631.202000,3654.937000,278.000000,280.000000,322.000000,300.000000,False,MEDIUM,12.000000,True,Aston Martin,3576.296000,,1,17.000000,False,,False,True
2026,12,Dutch Grand Prix,S,3733.490000,STR,18,stroll,aston_martin,78.570000,13.000000,1.000000,,,26.631000,28.389000,23.550000,3681.568000,3709.957000,3733.507000,276.000000,273.000000,321.000000,300.000000,False,MEDIUM,13.000000,True,Aston Martin,3654.920000,,1,17.000000,False,,False,True
2026,12,Dutch Grand Prix,S,3811.941000,STR,18,stroll,aston_martin,78.451000,14.000000,1.000000,,,26.780000,28.192000,23.479000,3760.287000,3788.479000,3811.958000,273.000000,271.000000,327.000000,286.000000,False,MEDIUM,14.000000,True,Aston Martin,3733.490000,,1,17.000000,False,,False,True
2026,12,Dutch Grand Prix,S,3890.600000,STR,18,stroll,aston_martin,78.659000,15.000000,1.000000,,,26.560000,28.355000,23.744000,3838.518000,3866.873000,3890.617000,274.000000,274.000000,323.000000,301.000000,False,MEDIUM,15.000000,True,Aston Martin,3811.941000,,1,17.000000,False,,False,True
2026,12,Dutch Grand Prix,S,3969.122000,STR,18,stroll,aston_martin,78.522000,16.000000,1.000000,,,26.694000,28.212000,23.616000,3917.311000,3945.523000,3969.139000,273.000000,274.000000,327.000000,300.000000,False,MEDIUM,16.000000,True,Aston Martin,3890.600000,,1,17.000000,False,,False,True
2026,12,Dutch Grand Prix,S,4047.839000,STR,18,stroll,aston_martin,78.717000,17.000000,1.000000,,,26.445000,28.495000,23.777000,3995.584000,4024.079000,4047.856000,277.000000,279.000000,320.000000,303.000000,False,MEDIUM,17.000000,True,Aston Martin,3969.122000,,1,17.000000,False,,False,True
2026,12,Dutch Grand Prix,S,4126.421000,STR,18,stroll,aston_martin,78.582000,18.000000,1.000000,,,26.784000,28.293000,23.505000,4074.640000,4102.933000,4126.438000,272.000000,275.000000,332.000000,280.000000,False,MEDIUM,18.000000,True,Aston Martin,4047.839000,,1,17.000000,False,,False,True
2026,12,Dutch Grand Prix,S,4204.811000,STR,18,stroll,aston_martin,78.390000,19.000000,1.000000,,,26.672000,28.266000,23.452000,4153.110000,4181.376000,4204.828000,280.000000,281.000000,327.000000,284.000000,False,MEDIUM,19.000000,True,Aston Martin,4126.421000,,1,17.000000,False,,False,True
2026,12,Dutch Grand Prix,S,4283.558000,STR,18,stroll,aston_martin,78.747000,20.000000,1.000000,,,26.749000,28.351000,23.647000,4231.577000,4259.928000,4283.575000,276.000000,278.000000,327.000000,282.000000,False,MEDIUM,20.000000,True,Aston Martin,4204.811000,,1,17.000000,False,,False,True
2026,12,Dutch Grand Prix,S,4362.312000,STR,18,stroll,aston_martin,78.754000,21.000000,1.000000,,,26.765000,28.445000,23.544000,4310.340000,4338.785000,4362.329000,276.000000,269.000000,328.000000,304.000000,False,MEDIUM,21.000000,True,Aston Martin,4283.558000,,1,17.000000,False,,False,True
2026,12,Dutch Grand Prix,S,4441.272000,STR,18,stroll,aston_martin,78.960000,22.000000,1.000000,,,26.877000,28.458000,23.625000,4389.206000,4417.664000,4441.289000,276.000000,281.000000,326.000000,287.000000,False,MEDIUM,22.000000,True,Aston Martin,4362.312000,,1,17.000000,False,,False,True
2026,12,Dutch Grand Prix,S,4520.127000,STR,18,stroll,aston_martin,78.855000,23.000000,1.000000,,,26.703000,28.395000,23.757000,4467.992000,4496.387000,4520.144000,279.000000,279.000000,322.000000,293.000000,False,MEDIUM,23.000000,True,Aston Martin,4441.272000,,1,17.000000,False,,False,True
2026,12,Dutch Grand Prix,S,4606.720000,STR,18,stroll,aston_martin,86.593000,24.000000,1.000000,,,31.299000,29.283000,26.011000,4551.443000,4580.726000,4606.737000,273.000000,262.000000,319.000000,256.000000,False,MEDIUM,24.000000,True,Aston Martin,4520.127000,,1,17.000000,False,,False,True
2026,12,Dutch Grand Prix,S,2799.141000,ALO,14,alonso,aston_martin,,1.000000,1.000000,2720.991000,,,27.625000,23.238000,,2775.951000,2799.308000,279.000000,280.000000,328.000000,,False,MEDIUM,1.000000,True,Aston Martin,2706.466000,,1,21.000000,False,,False,False
2026,12,Dutch Grand Prix,S,2877.685000,ALO,14,alonso,aston_martin,78.544000,2.000000,1.000000,,,26.689000,27.921000,23.934000,2825.852000,2853.773000,2877.707000,278.000000,267.000000,324.000000,277.000000,True,MEDIUM,2.000000,True,Aston Martin,2799.141000,,1,20.000000,False,,False,True
2026,12,Dutch Grand Prix,S,2955.920000,ALO,14,alonso,aston_martin,78.235000,3.000000,1.000000,,,27.282000,27.554000,23.399000,2904.989000,2932.543000,2955.942000,284.000000,274.000000,318.000000,291.000000,True,MEDIUM,3.000000,True,Aston Martin,2877.685000,,1,19.000000,False,,False,True
2026,12,Dutch Grand Prix,S,3033.369000,ALO,14,alonso,aston_martin,77.449000,4.000000,1.000000,,,26.559000,27.624000,23.266000,2982.501000,3010.125000,3033.391000,274.000000,275.000000,326.000000,288.000000,True,MEDIUM,4.000000,True,Aston Martin,2955.920000,,1,19.000000,False,,False,True
2026,12,Dutch Grand Prix,S,3110.946000,ALO,14,alonso,aston_martin,77.577000,5.000000,1.000000,,,26.308000,27.986000,23.283000,3059.699000,3087.685000,3110.968000,276.000000,276.000000,327.000000,297.000000,False,MEDIUM,5.000000,True,Aston Martin,3033.369000,,1,19.000000,False,,False,True
2026,12,Dutch Grand Prix,S,3188.827000,ALO,14,alonso,aston_martin,77.881000,6.000000,1.000000,,,26.294000,28.061000,23.526000,3137.262000,3165.323000,3188.849000,275.000000,279.000000,330.000000,302.000000,False,MEDIUM,6.000000,True,Aston Martin,3110.946000,,1,19.000000,False,,False,True
2026,12,Dutch Grand Prix,S,3267.296000,ALO,14,alonso,aston_martin,78.469000,7.000000,1.000000,,,26.512000,28.257000,23.700000,3215.361000,3243.618000,3267.318000,278.000000,278.000000,332.000000,302.000000,False,MEDIUM,7.000000,True,Aston Martin,3188.827000,,1,19.000000,False,,False,True
2026,12,Dutch Grand Prix,S,3345.790000,ALO,14,alonso,aston_martin,78.494000,8.000000,1.000000,,,26.740000,28.253000,23.501000,3294.058000,3322.311000,3345.812000,279.000000,266.000000,324.000000,274.000000,False,MEDIUM,8.000000,True,Aston Martin,3267.296000,,1,19.000000,False,,False,True
2026,12,Dutch Grand Prix,S,3424.177000,ALO,14,alonso,aston_martin,78.387000,9.000000,1.000000,,,26.581000,27.852000,23.954000,3372.393000,3400.245000,3424.199000,273.000000,291.000000,300.000000,295.000000,False,MEDIUM,9.000000,True,Aston Martin,3345.790000,,1,18.000000,False,,False,True
2026,12,Dutch Grand Prix,S,3501.824000,ALO,14,alonso,aston_martin,77.647000,10.000000,1.000000,,,26.547000,27.698000,23.402000,3450.746000,3478.444000,3501.846000,273.000000,269.000000,303.000000,287.000000,False,MEDIUM,10.000000,True,Aston Martin,3424.177000,,1,18.000000,False,,False,True
2026,12,Dutch Grand Prix,S,3579.672000,ALO,14,alonso,aston_martin,77.848000,11.000000,1.000000,,,26.692000,27.785000,23.371000,3528.538000,3556.323000,3579.694000,263.000000,269.000000,302.000000,293.000000,False,MEDIUM,11.000000,True,Aston Martin,3501.824000,,1,18.000000,False,,False,True
2026,12,Dutch Grand Prix,S,3657.140000,ALO,14,alonso,aston_martin,77.468000,12.000000,1.000000,,,26.408000,27.727000,23.333000,3606.102000,3633.829000,3657.162000,274.000000,270.000000,306.000000,294.000000,False,MEDIUM,12.000000,True,Aston Martin,3579.672000,,1,18.000000,False,,False,True
2026,12,Dutch Grand Prix,S,3734.925000,ALO,14,alonso,aston_martin,77.785000,13.000000,1.000000,,,26.408000,27.940000,23.437000,,3711.510000,3734.947000,275.000000,269.000000,305.000000,293.000000,False,MEDIUM,13.000000,True,Aston Martin,3657.140000,,1,18.000000,False,,False,True
2026,12,Dutch Grand Prix,S,3812.806000,ALO,14,alonso,aston_martin,77.881000,14.000000,1.000000,,,26.423000,27.967000,23.491000,3761.370000,3789.337000,3812.828000,275.000000,272.000000,322.000000,294.000000,False,MEDIUM,14.000000,True,Aston Martin,3734.925000,,1,18.000000,False,,False,True
2026,12,Dutch Grand Prix,S,3890.803000,ALO,14,alonso,aston_martin,77.997000,15.000000,1.000000,,,26.582000,27.992000,23.423000,3839.410000,3867.402000,3890.825000,266.000000,275.000000,341.000000,305.000000,False,MEDIUM,15.000000,True,Aston Martin,3812.806000,,1,18.000000,False,,False,True
2026,12,Dutch Grand Prix,S,3969.540000,ALO,14,alonso,aston_martin,78.737000,16.000000,1.000000,,,27.023000,28.226000,23.488000,3917.848000,3946.074000,3969.562000,268.000000,275.000000,331.000000,301.000000,False,MEDIUM,16.000000,True,Aston Martin,3890.803000,,1,18.000000,False,,False,True
2026,12,Dutch Grand Prix,S,4048.658000,ALO,14,alonso,aston_martin,79.118000,17.000000,1.000000,,,26.654000,28.488000,23.976000,3996.216000,4024.704000,4048.680000,270.000000,274.000000,325.000000,298.000000,False,MEDIUM,17.000000,True,Aston Martin,3969.540000,,1,18.000000,False,,False,True
2026,12,Dutch Grand Prix,S,4127.023000,ALO,14,alonso,aston_martin,78.365000,18.000000,1.000000,,,26.557000,28.261000,23.547000,4075.237000,4103.498000,4127.045000,281.000000,279.000000,326.000000,305.000000,False,MEDIUM,18.000000,True,Aston Martin,4048.658000,,1,18.000000,False,,False,True
2026,12,Dutch Grand Prix,S,4205.323000,ALO,14,alonso,aston_martin,78.300000,19.000000,1.000000,,,26.566000,28.199000,23.535000,4153.611000,4181.810000,4205.345000,277.000000,278.000000,330.000000,310.000000,False,MEDIUM,19.000000,True,Aston Martin,4127.023000,,1,18.000000,False,,False,True
2026,12,Dutch Grand Prix,S,4284.006000,ALO,14,alonso,aston_martin,78.683000,20.000000,1.000000,,,26.637000,28.337000,23.709000,4231.982000,4260.319000,4284.028000,276.000000,281.000000,330.000000,295.000000,False,MEDIUM,20.000000,True,Aston Martin,4205.323000,,1,18.000000,False,,False,True
2026,12,Dutch Grand Prix,S,4363.801000,ALO,14,alonso,aston_martin,79.795000,21.000000,1.000000,,,26.691000,29.324000,23.780000,4310.719000,4340.043000,4363.823000,281.000000,276.000000,309.000000,300.000000,False,MEDIUM,21.000000,True,Aston Martin,4284.006000,,1,18.000000,False,,False,True
2026,12,Dutch Grand Prix,S,4441.919000,ALO,14,alonso,aston_martin,78.118000,22.000000,1.000000,,,26.502000,28.138000,23.478000,4390.325000,4418.463000,4441.941000,277.000000,275.000000,326.000000,301.000000,False,MEDIUM,22.000000,True,Aston Martin,4363.801000,,1,18.000000,False,,False,True
2026,12,Dutch Grand Prix,S,4520.667000,ALO,14,alonso,aston_martin,78.748000,23.000000,1.000000,,,26.535000,28.341000,23.872000,4468.476000,4496.817000,4520.689000,280.000000,278.000000,326.000000,307.000000,False,MEDIUM,23.000000,True,Aston Martin,4441.919000,,1,18.000000,False,,False,True
2026,12,Dutch Grand Prix,S,4607.354000,ALO,14,alonso,aston_martin,86.687000,24.000000,1.000000,,,31.070000,29.581000,26.036000,4551.759000,4581.340000,4607.376000,262.000000,244.000000,323.000000,275.000000,False,MEDIUM,24.000000,True,Aston Martin,4520.667000,,1,18.000000,False,,False,True
2026,12,Dutch Grand Prix,S,2796.553000,BOT,77,bottas,cadillac,,1.000000,1.000000,,,,29.632000,24.161000,,2772.532000,2796.643000,282.000000,281.000000,338.000000,218.000000,False,MEDIUM,1.000000,True,Cadillac,2706.466000,,1,19.000000,False,,False,False
2026,12,Dutch Grand Prix,S,2876.780000,BOT,77,bottas,cadillac,80.227000,2.000000,1.000000,,,27.812000,28.931000,23.484000,2824.410000,2853.341000,2876.825000,263.000000,275.000000,333.000000,256.000000,True,MEDIUM,2.000000,True,Cadillac,2796.553000,,1,19.000000,False,,False,True
2026,12,Dutch Grand Prix,S,2954.769000,BOT,77,bottas,cadillac,77.989000,3.000000,1.000000,,,26.884000,27.904000,23.201000,2903.709000,2931.613000,2954.814000,277.000000,274.000000,318.000000,276.000000,True,MEDIUM,3.000000,True,Cadillac,2876.780000,,1,18.000000,False,,False,True
2026,12,Dutch Grand Prix,S,3032.589000,BOT,77,bottas,cadillac,77.820000,4.000000,1.000000,,,26.755000,27.889000,23.176000,2981.569000,3009.458000,3032.634000,280.000000,277.000000,319.000000,272.000000,True,MEDIUM,4.000000,True,Cadillac,2954.769000,,1,18.000000,False,,False,True
2026,12,Dutch Grand Prix,S,3110.299000,BOT,77,bottas,cadillac,77.710000,5.000000,1.000000,,,26.609000,28.010000,23.091000,3059.243000,3087.253000,3110.344000,283.000000,277.000000,322.000000,288.000000,True,MEDIUM,5.000000,True,Cadillac,3032.589000,,1,18.000000,False,,False,True
2026,12,Dutch Grand Prix,S,3188.401000,BOT,77,bottas,cadillac,78.102000,6.000000,1.000000,,,26.484000,28.354000,23.264000,3136.828000,3165.182000,3188.446000,282.000000,282.000000,321.000000,299.000000,False,MEDIUM,6.000000,True,Cadillac,3110.299000,,1,18.000000,False,,False,True
2026,12,Dutch Grand Prix,S,3266.912000,BOT,77,bottas,cadillac,78.511000,7.000000,1.000000,,,26.652000,28.394000,23.465000,3215.098000,3243.492000,3266.957000,274.000000,268.000000,311.000000,298.000000,False,MEDIUM,7.000000,True,Cadillac,3188.401000,,1,18.000000,False,,False,True
2026,12,Dutch Grand Prix,S,3345.239000,BOT,77,bottas,cadillac,78.327000,8.000000,1.000000,,,26.755000,28.332000,23.240000,3293.712000,3322.044000,3345.284000,277.000000,270.000000,313.000000,297.000000,False,MEDIUM,8.000000,True,Cadillac,3266.912000,,1,18.000000,False,,False,True
2026,12,Dutch Grand Prix,S,3424.540000,BOT,77,bottas,cadillac,79.301000,9.000000,1.000000,,,26.735000,28.250000,24.316000,3372.019000,3400.269000,3424.585000,281.000000,281.000000,322.000000,300.000000,False,MEDIUM,9.000000,True,Cadillac,3345.239000,,1,19.000000,False,,False,True
2026,12,Dutch Grand Prix,S,3503.741000,BOT,77,bottas,cadillac,79.201000,10.000000,1.000000,,,27.259000,28.452000,23.490000,3451.844000,3480.296000,3503.786000,278.000000,271.000000,316.000000,269.000000,False,MEDIUM,10.000000,True,Cadillac,3424.540000,,1,19.000000,False,,False,True
2026,12,Dutch Grand Prix,S,3582.552000,BOT,77,bottas,cadillac,78.811000,11.000000,1.000000,,,26.916000,28.386000,23.509000,3530.702000,3559.088000,3582.597000,279.000000,271.000000,315.000000,295.000000,False,MEDIUM,11.000000,True,Cadillac,3503.741000,,1,19.000000,False,,False,True
2026,12,Dutch Grand Prix,S,3661.363000,BOT,77,bottas,cadillac,78.811000,12.000000,1.000000,,,26.885000,28.411000,23.515000,3609.482000,3637.893000,3661.408000,281.000000,271.000000,312.000000,293.000000,False,MEDIUM,12.000000,True,Cadillac,3582.552000,,1,19.000000,False,,False,True
2026,12,Dutch Grand Prix,S,3740.376000,BOT,77,bottas,cadillac,79.013000,13.000000,1.000000,,,26.928000,28.554000,23.531000,3688.336000,3716.890000,3740.421000,282.000000,269.000000,312.000000,285.000000,False,MEDIUM,13.000000,True,Cadillac,3661.363000,,1,19.000000,False,,False,True
2026,12,Dutch Grand Prix,S,3819.223000,BOT,77,bottas,cadillac,78.847000,14.000000,1.000000,,,26.915000,28.352000,23.580000,3767.336000,3795.688000,3819.268000,280.000000,270.000000,313.000000,288.000000,False,MEDIUM,14.000000,True,Cadillac,3740.376000,,1,19.000000,False,,False,True
2026,12,Dutch Grand Prix,S,3898.339000,BOT,77,bottas,cadillac,79.116000,15.000000,1.000000,,,27.039000,28.490000,23.587000,3846.307000,3874.797000,3898.384000,273.000000,271.000000,315.000000,283.000000,False,MEDIUM,15.000000,True,Cadillac,3819.223000,,1,19.000000,False,,False,True
2026,12,Dutch Grand Prix,S,3977.408000,BOT,77,bottas,cadillac,79.069000,16.000000,1.000000,,,26.986000,28.552000,23.531000,3925.370000,3953.922000,3977.453000,272.000000,268.000000,315.000000,294.000000,False,MEDIUM,16.000000,True,Cadillac,3898.339000,,1,19.000000,False,,False,True
2026,12,Dutch Grand Prix,S,4056.574000,BOT,77,bottas,cadillac,79.166000,17.000000,1.000000,,,27.017000,28.586000,23.563000,4004.470000,4033.056000,4056.619000,272.000000,267.000000,315.000000,299.000000,False,MEDIUM,17.000000,True,Cadillac,3977.408000,,1,19.000000,False,,False,True
2026,12,Dutch Grand Prix,S,4135.810000,BOT,77,bottas,cadillac,79.236000,18.000000,1.000000,,,26.920000,28.633000,23.683000,4083.539000,4112.172000,4135.855000,273.000000,268.000000,315.000000,301.000000,False,MEDIUM,18.000000,True,Cadillac,4056.574000,,1,19.000000,False,,False,True
2026,12,Dutch Grand Prix,S,4215.032000,BOT,77,bottas,cadillac,79.222000,19.000000,1.000000,,,27.028000,28.559000,23.635000,4162.883000,4191.442000,4215.077000,272.000000,265.000000,315.000000,298.000000,False,MEDIUM,19.000000,True,Cadillac,4135.810000,,1,19.000000,False,,False,True
2026,12,Dutch Grand Prix,S,4294.067000,BOT,77,bottas,cadillac,79.035000,20.000000,1.000000,,,26.769000,28.587000,23.679000,4241.846000,4270.433000,4294.112000,272.000000,270.000000,315.000000,302.000000,False,MEDIUM,20.000000,True,Cadillac,4215.032000,,1,19.000000,False,,False,True
2026,12,Dutch Grand Prix,S,4373.145000,BOT,77,bottas,cadillac,79.078000,21.000000,1.000000,,,26.824000,28.558000,23.696000,4320.936000,4349.494000,4373.190000,272.000000,268.000000,314.000000,300.000000,False,MEDIUM,21.000000,True,Cadillac,4294.067000,,1,19.000000,False,,False,True
2026,12,Dutch Grand Prix,S,4452.297000,BOT,77,bottas,cadillac,79.152000,22.000000,1.000000,,,26.969000,28.526000,23.657000,4400.159000,4428.685000,4452.342000,272.000000,265.000000,314.000000,298.000000,False,MEDIUM,22.000000,True,Cadillac,4373.145000,,1,19.000000,False,,False,True
2026,12,Dutch Grand Prix,S,4535.979000,BOT,77,bottas,cadillac,83.682000,23.000000,1.000000,,,27.034000,29.695000,26.953000,4479.376000,4509.071000,4536.024000,272.000000,174.000000,309.000000,295.000000,False,MEDIUM,23.000000,True,Cadillac,4452.297000,,1,19.000000,False,,False,True
2026,12,Dutch Grand Prix,S,2798.668000,SAI,55,sainz,williams,,1.000000,1.000000,2719.942000,,,27.745000,23.290000,,2775.417000,2798.776000,289.000000,285.000000,319.000000,,False,MEDIUM,8.000000,False,Williams,2706.466000,,1,20.000000,False,,False,False
2026,12,Dutch Grand Prix,S,2878.223000,SAI,55,sainz,williams,79.555000,2.000000,1.000000,,,26.604000,28.391000,24.560000,2825.288000,2853.679000,2878.239000,288.000000,286.000000,330.000000,287.000000,True,MEDIUM,9.000000,False,Williams,2798.668000,,1,21.000000,False,,False,True
2026,12,Dutch Grand Prix,S,2957.521000,SAI,55,sainz,williams,79.298000,3.000000,1.000000,,,27.224000,28.638000,23.436000,2905.463000,2934.101000,2957.537000,261.000000,289.000000,342.000000,288.000000,True,MEDIUM,10.000000,False,Williams,2878.223000,,1,21.000000,False,,False,True
2026,12,Dutch Grand Prix,S,3035.233000,SAI,55,sainz,williams,77.712000,4.000000,1.000000,,,26.468000,27.985000,23.259000,2984.005000,3011.990000,3035.249000,280.000000,283.000000,324.000000,297.000000,True,MEDIUM,11.000000,False,Williams,2957.521000,,1,20.000000,False,,False,True
2026,12,Dutch Grand Prix,S,3112.664000,SAI,55,sainz,williams,77.431000,5.000000,1.000000,,,26.237000,28.010000,23.184000,3061.486000,3089.496000,3112.680000,283.000000,283.000000,324.000000,310.000000,True,MEDIUM,12.000000,False,Williams,3035.233000,,1,20.000000,False,,False,True
2026,12,Dutch Grand Prix,S,3190.406000,SAI,55,sainz,williams,77.742000,6.000000,1.000000,,,26.392000,28.076000,23.274000,3139.072000,3167.148000,3190.422000,286.000000,278.000000,323.000000,311.000000,False,MEDIUM,13.000000,False,Williams,3112.664000,,1,20.000000,False,,False,True
2026,12,Dutch Grand Prix,S,3268.679000,SAI,55,sainz,williams,78.273000,7.000000,1.000000,,,26.427000,28.442000,23.404000,3216.849000,3245.291000,3268.695000,285.000000,270.000000,325.000000,307.000000,False,MEDIUM,14.000000,False,Williams,3190.406000,,1,20.000000,False,,False,True
2026,12,Dutch Grand Prix,S,3346.888000,SAI,55,sainz,williams,78.209000,8.000000,1.000000,,,26.388000,28.519000,23.302000,3295.083000,3323.602000,3346.904000,289.000000,273.000000,326.000000,309.000000,False,MEDIUM,15.000000,False,Williams,3268.679000,,1,20.000000,False,,False,True
2026,12,Dutch Grand Prix,S,3425.262000,SAI,55,sainz,williams,78.374000,9.000000,1.000000,,,26.424000,28.441000,23.509000,3373.328000,3401.769000,3425.278000,290.000000,282.000000,329.000000,311.000000,False,MEDIUM,16.000000,False,Williams,3346.888000,,1,20.000000,False,,False,True
2026,12,Dutch Grand Prix,S,3504.703000,SAI,55,sainz,williams,79.441000,10.000000,1.000000,,,27.020000,28.914000,23.507000,3452.298000,3481.212000,3504.719000,295.000000,283.000000,326.000000,297.000000,False,MEDIUM,17.000000,False,Williams,3425.262000,,1,20.000000,False,,False,True
2026,12,Dutch Grand Prix,S,3583.681000,SAI,55,sainz,williams,78.978000,11.000000,1.000000,,,26.651000,28.841000,23.486000,3531.370000,3560.211000,3583.697000,293.000000,285.000000,316.000000,313.000000,False,MEDIUM,18.000000,False,Williams,3504.703000,,1,20.000000,False,,False,True
2026,12,Dutch Grand Prix,S,3666.589000,SAI,55,sainz,williams,82.908000,12.000000,1.000000,,,30.442000,28.981000,23.485000,3614.139000,3643.120000,3666.605000,275.000000,288.000000,316.000000,224.000000,False,MEDIUM,19.000000,False,Williams,3583.681000,,1,20.000000,False,,False,True
2026,12,Dutch Grand Prix,S,3744.998000,SAI,55,sainz,williams,78.409000,13.000000,1.000000,,,26.511000,28.371000,23.527000,3693.116000,3721.487000,3745.014000,282.000000,282.000000,312.000000,305.000000,False,MEDIUM,20.000000,False,Williams,3666.589000,,1,20.000000,False,,False,True
2026,12,Dutch Grand Prix,S,3823.738000,SAI,55,sainz,williams,78.740000,14.000000,1.000000,,,26.827000,28.409000,23.504000,3771.841000,3800.250000,3823.754000,286.000000,282.000000,313.000000,302.000000,False,MEDIUM,21.000000,False,Williams,3744.998000,,1,20.000000,False,,False,True
2026,12,Dutch Grand Prix,S,3902.532000,SAI,55,sainz,williams,78.794000,15.000000,1.000000,,,26.706000,28.519000,23.569000,3850.460000,3878.979000,3902.548000,289.000000,281.000000,304.000000,303.000000,False,MEDIUM,22.000000,False,Williams,3823.738000,,1,20.000000,False,,False,True
2026,12,Dutch Grand Prix,S,3985.741000,SAI,55,sainz,williams,83.209000,16.000000,1.000000,,3984.636000,26.789000,28.723000,27.697000,3929.337000,3958.060000,3985.757000,285.000000,284.000000,,300.000000,False,MEDIUM,23.000000,False,Williams,3902.532000,,1,20.000000,False,,False,False
2026,12,Dutch Grand Prix,S,4089.311000,SAI,55,sainz,williams,103.570000,17.000000,2.000000,4008.624000,,50.759000,29.200000,23.611000,4036.516000,4065.716000,4089.327000,287.000000,277.000000,320.000000,300.000000,False,MEDIUM,24.000000,False,Williams,3985.741000,,1,20.000000,False,,False,False
2026,12,Dutch Grand Prix,S,4168.028000,SAI,55,sainz,williams,78.717000,18.000000,2.000000,,,26.673000,28.570000,23.474000,4116.000000,4144.570000,4168.044000,288.000000,278.000000,318.000000,308.000000,False,MEDIUM,25.000000,False,Williams,4089.311000,,1,20.000000,False,,False,True
2026,12,Dutch Grand Prix,S,4247.129000,SAI,55,sainz,williams,79.101000,19.000000,2.000000,,,26.709000,28.747000,23.645000,4194.753000,4223.500000,4247.145000,289.000000,278.000000,318.000000,305.000000,False,MEDIUM,26.000000,False,Williams,4168.028000,,1,20.000000,False,,False,True
2026,12,Dutch Grand Prix,S,4326.204000,SAI,55,sainz,williams,79.075000,20.000000,2.000000,,,26.759000,28.771000,23.545000,4273.904000,4302.675000,4326.220000,290.000000,279.000000,318.000000,307.000000,False,MEDIUM,27.000000,False,Williams,4247.129000,,1,20.000000,False,,False,True
2026,12,Dutch Grand Prix,S,4405.540000,SAI,55,sainz,williams,79.336000,21.000000,2.000000,,,26.875000,28.884000,23.577000,4353.095000,4381.979000,4405.556000,287.000000,278.000000,317.000000,302.000000,False,MEDIUM,28.000000,False,Williams,4326.204000,,1,20.000000,False,,False,True
2026,12,Dutch Grand Prix,S,4485.016000,SAI,55,sainz,williams,79.476000,22.000000,2.000000,,,27.008000,28.828000,23.640000,4432.564000,4461.392000,4485.032000,288.000000,279.000000,318.000000,303.000000,False,MEDIUM,29.000000,False,Williams,4405.540000,,1,20.000000,False,,False,True
2026,12,Dutch Grand Prix,S,4569.793000,SAI,55,sainz,williams,84.777000,23.000000,2.000000,,,27.848000,29.118000,27.811000,4512.880000,4541.998000,4569.809000,290.000000,262.000000,294.000000,280.000000,False,MEDIUM,30.000000,False,Williams,4485.016000,,1,20.000000,False,,False,True
2026,12,Dutch Grand Prix,S,2997.065000,PER,11,perez,cadillac,,1.000000,1.000000,2908.530000,,,29.365000,28.238000,,2968.903000,2997.099000,240.000000,245.000000,185.000000,,False,MEDIUM,1.000000,True,Cadillac,2706.466000,,1,22.000000,False,,False,False
2026,12,Dutch Grand Prix,S,3075.790000,PER,11,perez,cadillac,78.725000,2.000000,1.000000,,,27.773000,27.621000,23.331000,3024.838000,3052.459000,3075.790000,291.000000,284.000000,313.000000,244.000000,True,MEDIUM,2.000000,True,Cadillac,2997.065000,,1,22.000000,False,,False,True
2026,12,Dutch Grand Prix,S,3153.252000,PER,11,perez,cadillac,77.462000,3.000000,1.000000,,,26.467000,27.685000,23.310000,3102.257000,3129.942000,3153.252000,275.000000,268.000000,307.000000,276.000000,True,MEDIUM,3.000000,True,Cadillac,3075.790000,,1,22.000000,False,,False,True
2026,12,Dutch Grand Prix,S,3231.170000,PER,11,perez,cadillac,77.918000,4.000000,1.000000,,,26.784000,27.764000,23.370000,3180.036000,3207.800000,3231.170000,277.000000,268.000000,307.000000,284.000000,False,MEDIUM,4.000000,True,Cadillac,3153.252000,,1,22.000000,False,,False,True
2026,12,Dutch Grand Prix,S,3308.991000,PER,11,perez,cadillac,77.821000,5.000000,1.000000,,,26.554000,27.908000,23.359000,3257.724000,3285.632000,3308.991000,276.000000,266.000000,308.000000,286.000000,False,MEDIUM,5.000000,True,Cadillac,3231.170000,,1,22.000000,False,,False,True
2026,12,Dutch Grand Prix,S,3387.023000,PER,11,perez,cadillac,78.032000,6.000000,1.000000,,,26.649000,28.008000,23.375000,3335.640000,3363.648000,3387.023000,276.000000,266.000000,310.000000,291.000000,False,MEDIUM,6.000000,True,Cadillac,3308.991000,,1,21.000000,False,,False,True
2026,12,Dutch Grand Prix,S,3477.084000,PER,11,perez,cadillac,90.061000,7.000000,1.000000,,,26.762000,38.325000,24.974000,3413.785000,3452.110000,3477.084000,276.000000,157.000000,317.000000,292.000000,False,MEDIUM,7.000000,True,Cadillac,3387.023000,,1,21.000000,False,,False,True
2026,12,Dutch Grand Prix,S,3555.476000,PER,11,perez,cadillac,78.392000,8.000000,1.000000,,,26.761000,28.204000,23.427000,3503.845000,3532.049000,3555.476000,279.000000,268.000000,311.000000,285.000000,False,MEDIUM,8.000000,True,Cadillac,3477.084000,,1,21.000000,False,,False,True
2026,12,Dutch Grand Prix,S,3633.653000,PER,11,perez,cadillac,78.177000,9.000000,1.000000,,,26.621000,28.123000,23.433000,3582.097000,3610.220000,3633.653000,279.000000,268.000000,312.000000,298.000000,False,MEDIUM,9.000000,True,Cadillac,3555.476000,,1,21.000000,False,,False,True
2026,12,Dutch Grand Prix,S,3712.041000,PER,11,perez,cadillac,78.388000,10.000000,1.000000,,,26.759000,28.084000,23.545000,3660.412000,3688.496000,3712.041000,279.000000,266.000000,310.000000,298.000000,False,MEDIUM,10.000000,True,Cadillac,3633.653000,,1,21.000000,False,,False,True
2026,12,Dutch Grand Prix,S,3790.682000,PER,11,perez,cadillac,78.641000,11.000000,1.000000,,,26.658000,28.523000,23.460000,3738.699000,3767.222000,3790.682000,276.000000,266.000000,315.000000,293.000000,False,MEDIUM,11.000000,True,Cadillac,3712.041000,,1,21.000000,False,,False,True
2026,12,Dutch Grand Prix,S,3869.031000,PER,11,perez,cadillac,78.349000,12.000000,1.000000,,,26.582000,28.272000,23.495000,3817.264000,3845.536000,3869.031000,272.000000,266.000000,314.000000,304.000000,False,MEDIUM,12.000000,True,Cadillac,3790.682000,,1,21.000000,False,,False,True
2026,12,Dutch Grand Prix,S,3947.478000,PER,11,perez,cadillac,78.447000,13.000000,1.000000,,,26.652000,28.171000,23.624000,3895.683000,3923.854000,3947.478000,271.000000,259.000000,315.000000,310.000000,False,MEDIUM,13.000000,True,Cadillac,3869.031000,,1,21.000000,False,,False,True
2026,12,Dutch Grand Prix,S,4025.966000,PER,11,perez,cadillac,78.488000,14.000000,1.000000,,,26.615000,28.306000,23.567000,3974.093000,4002.399000,4025.966000,272.000000,264.000000,314.000000,308.000000,False,MEDIUM,14.000000,True,Cadillac,3947.478000,,1,21.000000,False,,False,True
2026,12,Dutch Grand Prix,S,4110.264000,PER,11,perez,cadillac,84.298000,15.000000,1.000000,,,26.746000,28.395000,29.157000,4052.712000,4081.107000,4110.264000,270.000000,266.000000,329.000000,308.000000,False,MEDIUM,15.000000,True,Cadillac,4025.966000,,1,21.000000,False,,False,True
2026,12,Dutch Grand Prix,S,4189.036000,PER,11,perez,cadillac,78.772000,16.000000,1.000000,,,26.721000,28.531000,23.520000,4136.985000,4165.516000,4189.036000,273.000000,268.000000,318.000000,291.000000,False,MEDIUM,16.000000,True,Cadillac,4110.264000,,1,21.000000,False,,False,True
2026,12,Dutch Grand Prix,S,4271.129000,PER,11,perez,cadillac,82.093000,17.000000,1.000000,,,29.706000,28.614000,23.773000,4218.742000,4247.356000,4271.129000,272.000000,285.000000,318.000000,304.000000,False,MEDIUM,17.000000,True,Cadillac,4189.036000,,1,21.000000,False,,False,True
2026,12,Dutch Grand Prix,S,4350.014000,PER,11,perez,cadillac,78.885000,18.000000,1.000000,,,26.709000,28.491000,23.685000,4297.838000,4326.329000,4350.014000,272.000000,270.000000,317.000000,303.000000,False,MEDIUM,18.000000,True,Cadillac,4271.129000,,1,21.000000,False,,False,True
2026,12,Dutch Grand Prix,S,4429.112000,PER,11,perez,cadillac,79.098000,19.000000,1.000000,,,26.842000,28.663000,23.593000,4376.856000,4405.519000,4429.112000,272.000000,266.000000,316.000000,310.000000,False,MEDIUM,19.000000,True,Cadillac,4350.014000,,1,21.000000,False,,False,True
2026,12,Dutch Grand Prix,S,4508.212000,PER,11,perez,cadillac,79.100000,20.000000,1.000000,,,26.753000,28.519000,23.828000,4455.865000,4484.384000,4508.212000,276.000000,267.000000,308.000000,307.000000,False,MEDIUM,20.000000,True,Cadillac,4429.112000,,1,21.000000,False,,False,True
2026,12,Dutch Grand Prix,S,4594.571000,PER,11,perez,cadillac,86.359000,21.000000,1.000000,,,30.767000,29.028000,26.564000,4538.979000,4568.007000,4594.571000,265.000000,251.000000,311.000000,236.000000,False,MEDIUM,21.000000,True,Cadillac,4508.212000,,1,21.000000,False,,False,True
2026,12,Dutch Grand Prix,S,2795.941000,HUL,27,hulkenberg,audi,,1.000000,1.000000,,,,29.639000,24.383000,,2771.742000,2796.080000,283.000000,273.000000,323.000000,201.000000,False,MEDIUM,8.000000,False,Audi,2706.466000,,1,17.000000,False,,False,False
2026,12,Dutch Grand Prix,S,2876.731000,HUL,27,hulkenberg,audi,80.790000,2.000000,1.000000,,,28.201000,28.652000,23.937000,2824.197000,2852.849000,2876.786000,258.000000,276.000000,285.000000,284.000000,True,MEDIUM,9.000000,False,Audi,2795.941000,,1,18.000000,False,,False,True
2026,12,Dutch Grand Prix,S,2957.297000,HUL,27,hulkenberg,audi,80.566000,3.000000,1.000000,,,28.562000,28.203000,23.801000,2905.348000,2933.551000,2957.352000,258.000000,261.000000,290.000000,255.000000,True,MEDIUM,10.000000,False,Audi,2876.731000,,1,20.000000,False,,False,True
2026,12,Dutch Grand Prix,S,3036.334000,HUL,27,hulkenberg,audi,79.037000,4.000000,1.000000,,,27.809000,27.844000,23.384000,2985.161000,3013.005000,3036.389000,253.000000,259.000000,296.000000,270.000000,True,MEDIUM,11.000000,False,Audi,2957.297000,,1,21.000000,False,,False,True
2026,12,Dutch Grand Prix,S,3120.762000,HUL,27,hulkenberg,audi,84.428000,5.000000,1.000000,,3119.504000,27.207000,27.705000,29.516000,3063.596000,3091.301000,3120.817000,254.000000,262.000000,,280.000000,False,MEDIUM,12.000000,False,Audi,3036.334000,,1,21.000000,False,,False,False
2026,12,Dutch Grand Prix,S,4472.666000,HUL,27,hulkenberg,audi,,6.000000,2.000000,4389.959000,,,28.565000,23.944000,,4448.852000,4472.842000,272.000000,281.000000,305.000000,280.000000,False,MEDIUM,1.000000,False,Audi,3120.762000,,1,22.000000,False,,False,False
2026,12,Dutch Grand Prix,S,4550.372000,HUL,27,hulkenberg,audi,77.706000,7.000000,2.000000,,,27.193000,27.251000,23.262000,4499.914000,4527.165000,4550.427000,278.000000,277.000000,307.000000,271.000000,True,MEDIUM,2.000000,False,Audi,4472.666000,,1,22.000000,False,,False,True
