season,round,event_name,session_type,Time_s,Driver,DriverNumber,DriverId,TeamId,LapTime_s,LapNumber,Stint,PitOutTime_s,PitInTime_s,Sector1Time_s,Sector2Time_s,Sector3Time_s,Sector1SessionTime_s,Sector2SessionTime_s,Sector3SessionTime_s,SpeedI1,SpeedI2,SpeedFL,SpeedST,IsPersonalBest,Compound,TyreLife,FreshTyre,Team,LapStartTime_s,LapStartDate,TrackStatus,Position,Deleted,DeletedReason,FastF1Generated,IsAccurate
2026,3,Japanese Grand Prix,R,3922.170000,NOR,1,norris,mclaren,97.206000,1.000000,1.000000,,,,42.011000,18.104000,,3904.210000,3922.349000,289.000000,323.000000,279.000000,283.000000,False,MEDIUM,1.000000,True,McLaren,3824.711000,,1,3.000000,False,,False,False
2026,3,Japanese Grand Prix,R,4017.075000,NOR,1,norris,mclaren,94.905000,2.000000,1.000000,,,34.856000,42.120000,17.929000,3957.080000,3999.200000,4017.129000,260.000000,337.000000,269.000000,294.000000,True,MEDIUM,2.000000,True,McLaren,3922.170000,,1,3.000000,False,,False,True
2026,3,Japanese Grand Prix,R,4113.376000,NOR,1,norris,mclaren,96.301000,3.000000,1.000000,,,36.026000,42.108000,18.167000,4053.155000,4095.263000,4113.430000,261.000000,323.000000,280.000000,286.000000,False,MEDIUM,3.000000,True,McLaren,4017.075000,,1,4.000000,False,,False,True
2026,3,Japanese Grand Prix,R,4208.827000,NOR,1,norris,mclaren,95.451000,4.000000,1.000000,,,35.147000,42.190000,18.114000,4148.577000,4190.767000,4208.881000,255.000000,319.000000,280.000000,284.000000,False,MEDIUM,4.000000,True,McLaren,4113.376000,,1,4.000000,False,,False,True
2026,3,Japanese Grand Prix,R,4303.997000,NOR,1,norris,mclaren,95.170000,5.000000,1.000000,,,34.925000,42.206000,18.039000,4243.806000,4286.012000,4304.051000,258.000000,322.000000,278.000000,286.000000,False,MEDIUM,5.000000,True,McLaren,4208.827000,,1,4.000000,False,,False,True
2026,3,Japanese Grand Prix,R,4399.048000,NOR,1,norris,mclaren,95.051000,6.000000,1.000000,,,34.901000,42.063000,18.087000,4338.952000,4381.015000,4399.102000,260.000000,325.000000,281.000000,288.000000,False,MEDIUM,6.000000,True,McLaren,4303.997000,,1,4.000000,False,,False,True
2026,3,Japanese Grand Prix,R,4494.093000,NOR,1,norris,mclaren,95.045000,7.000000,1.000000,,,34.741000,42.156000,18.148000,4433.843000,4475.999000,4494.147000,258.000000,324.000000,279.000000,288.000000,False,MEDIUM,7.000000,True,McLaren,4399.048000,,1,4.000000,False,,False,True
2026,3,Japanese Grand Prix,R,4589.340000,NOR,1,norris,mclaren,95.247000,8.000000,1.000000,,,34.769000,42.234000,18.244000,4528.916000,4571.150000,4589.394000,259.000000,326.000000,282.000000,290.000000,False,MEDIUM,8.000000,True,McLaren,4494.093000,,1,4.000000,False,,False,True
2026,3,Japanese Grand Prix,R,4685.012000,NOR,1,norris,mclaren,95.672000,9.000000,1.000000,,,35.184000,42.166000,18.322000,4624.578000,4666.744000,4685.066000,258.000000,325.000000,281.000000,290.000000,False,MEDIUM,9.000000,True,McLaren,4589.340000,,1,4.000000,False,,False,True
2026,3,Japanese Grand Prix,R,4780.240000,NOR,1,norris,mclaren,95.228000,10.000000,1.000000,,,34.968000,42.231000,18.029000,4720.034000,4762.265000,4780.294000,258.000000,326.000000,281.000000,289.000000,False,MEDIUM,10.000000,True,McLaren,4685.012000,,1,4.000000,False,,False,True
2026,3,Japanese Grand Prix,R,4876.459000,NOR,1,norris,mclaren,96.219000,11.000000,1.000000,,,35.055000,42.309000,18.855000,4815.349000,4857.658000,4876.513000,258.000000,323.000000,280.000000,286.000000,False,MEDIUM,11.000000,True,McLaren,4780.240000,,1,5.000000,False,,False,True
2026,3,Japanese Grand Prix,R,4971.916000,NOR,1,norris,mclaren,95.457000,12.000000,1.000000,,,35.369000,42.136000,17.952000,4911.882000,4954.018000,4971.970000,258.000000,327.000000,279.000000,288.000000,False,MEDIUM,12.000000,True,McLaren,4876.459000,,1,5.000000,False,,False,True
2026,3,Japanese Grand Prix,R,5066.995000,NOR,1,norris,mclaren,95.079000,13.000000,1.000000,,,35.000000,42.106000,17.973000,5006.970000,5049.076000,5067.049000,261.000000,326.000000,279.000000,287.000000,False,MEDIUM,13.000000,True,McLaren,4971.916000,,1,5.000000,False,,False,True
2026,3,Japanese Grand Prix,R,5162.334000,NOR,1,norris,mclaren,95.339000,14.000000,1.000000,,,35.006000,42.320000,18.013000,5102.055000,5144.375000,5162.388000,256.000000,319.000000,280.000000,284.000000,False,MEDIUM,14.000000,True,McLaren,5066.995000,,1,5.000000,False,,False,True
2026,3,Japanese Grand Prix,R,5257.649000,NOR,1,norris,mclaren,95.315000,15.000000,1.000000,,,34.906000,42.361000,18.048000,5197.294000,5239.655000,5257.703000,258.000000,318.000000,279.000000,286.000000,False,MEDIUM,15.000000,True,McLaren,5162.334000,,1,5.000000,False,,False,True
2026,3,Japanese Grand Prix,R,5355.871000,NOR,1,norris,mclaren,98.222000,16.000000,1.000000,,5354.566000,35.499000,42.303000,20.420000,5293.202000,5335.505000,5355.925000,265.000000,327.000000,,289.000000,False,MEDIUM,16.000000,True,McLaren,5257.649000,,1,6.000000,False,,False,False
2026,3,Japanese Grand Prix,R,5470.352000,NOR,1,norris,mclaren,114.481000,17.000000,2.000000,5378.056000,,54.657000,42.005000,17.819000,5410.582000,5452.587000,5470.406000,283.000000,318.000000,275.000000,294.000000,False,HARD,1.000000,True,McLaren,5355.871000,,1,8.000000,False,,False,False
2026,3,Japanese Grand Prix,R,5565.268000,NOR,1,norris,mclaren,94.916000,18.000000,2.000000,,,34.876000,41.988000,18.052000,5505.282000,5547.270000,5565.322000,257.000000,316.000000,281.000000,282.000000,False,HARD,2.000000,True,McLaren,5470.352000,,1,8.000000,False,,False,True
2026,3,Japanese Grand Prix,R,5659.553000,NOR,1,norris,mclaren,94.285000,19.000000,2.000000,,,34.516000,41.804000,17.965000,5599.838000,5641.642000,5659.607000,259.000000,320.000000,281.000000,284.000000,True,HARD,3.000000,True,McLaren,5565.268000,,1,8.000000,False,,False,True
2026,3,Japanese Grand Prix,R,5753.324000,NOR,1,norris,mclaren,93.771000,20.000000,2.000000,,,34.258000,41.670000,17.843000,5693.865000,5735.535000,5753.378000,259.000000,321.000000,283.000000,286.000000,True,HARD,4.000000,True,McLaren,5659.553000,,1,8.000000,False,,False,True
2026,3,Japanese Grand Prix,R,5847.485000,NOR,1,norris,mclaren,94.161000,21.000000,2.000000,,,34.402000,41.856000,17.903000,5787.780000,5829.636000,5847.539000,263.000000,327.000000,281.000000,289.000000,False,HARD,5.000000,True,McLaren,5753.324000,,1,8.000000,False,,False,True
2026,3,Japanese Grand Prix,R,5968.025000,NOR,1,norris,mclaren,120.540000,22.000000,2.000000,,,38.974000,56.456000,25.110000,5886.513000,5942.969000,5968.079000,156.000000,245.000000,200.000000,216.000000,False,HARD,6.000000,True,McLaren,5847.485000,,124,8.000000,False,,False,False
2026,3,Japanese Grand Prix,R,6107.611000,NOR,1,norris,mclaren,139.586000,23.000000,2.000000,,,45.885000,62.354000,31.347000,6013.964000,6076.318000,6107.665000,224.000000,202.000000,215.000000,212.000000,False,HARD,7.000000,True,McLaren,5968.025000,,4,6.000000,False,,False,False
2026,3,Japanese Grand Prix,R,6254.739000,NOR,1,norris,mclaren,147.128000,24.000000,2.000000,,,49.400000,70.887000,26.841000,6157.065000,6227.952000,6254.793000,189.000000,195.000000,218.000000,268.000000,False,HARD,8.000000,True,McLaren,6107.611000,,4,6.000000,False,,False,False
2026,3,Japanese Grand Prix,R,6405.624000,NOR,1,norris,mclaren,,25.000000,2.000000,,,50.322000,72.179000,28.388000,6305.159000,6377.407000,6405.851000,123.000000,266.000000,190.000000,209.000000,False,HARD,9.000000,True,McLaren,6254.739000,,4,6.000000,False,,False,False
2026,3,Japanese Grand Prix,R,6552.581000,NOR,1,norris,mclaren,146.957000,26.000000,2.000000,,,53.810000,63.654000,29.493000,6459.488000,6523.142000,6552.635000,211.000000,269.000000,202.000000,152.000000,False,HARD,10.000000,True,McLaren,6405.624000,,4,6.000000,False,,False,False
2026,3,Japanese Grand Prix,R,6692.883000,NOR,1,norris,mclaren,140.302000,27.000000,2.000000,,,47.814000,64.332000,28.156000,6600.449000,6664.781000,6692.937000,234.000000,150.000000,278.000000,131.000000,False,HARD,11.000000,True,McLaren,6552.581000,,41,6.000000,False,,False,False
2026,3,Japanese Grand Prix,R,6788.131000,NOR,1,norris,mclaren,95.248000,28.000000,2.000000,,,35.273000,42.048000,17.927000,6728.210000,6770.258000,6788.185000,261.000000,325.000000,285.000000,287.000000,False,HARD,12.000000,True,McLaren,6692.883000,,1,6.000000,False,,False,True
2026,3,Japanese Grand Prix,R,6882.214000,NOR,1,norris,mclaren,94.083000,29.000000,2.000000,,,34.396000,41.948000,17.739000,6822.581000,6864.529000,6882.268000,261.000000,325.000000,283.000000,286.000000,False,HARD,13.000000,True,McLaren,6788.131000,,1,6.000000,False,,False,True
2026,3,Japanese Grand Prix,R,6976.065000,NOR,1,norris,mclaren,93.851000,30.000000,2.000000,,,34.362000,41.618000,17.871000,6916.630000,6958.248000,6976.119000,263.000000,326.000000,282.000000,287.000000,False,HARD,14.000000,True,McLaren,6882.214000,,1,6.000000,False,,False,True
2026,3,Japanese Grand Prix,R,7070.196000,NOR,1,norris,mclaren,94.131000,31.000000,2.000000,,,34.461000,41.767000,17.903000,7010.580000,7052.347000,7070.250000,258.000000,323.000000,282.000000,285.000000,False,HARD,15.000000,True,McLaren,6976.065000,,1,6.000000,False,,False,True
2026,3,Japanese Grand Prix,R,7164.615000,NOR,1,norris,mclaren,94.419000,32.000000,2.000000,,,34.650000,41.795000,17.974000,7104.900000,7146.695000,7164.669000,260.000000,317.000000,282.000000,282.000000,False,HARD,16.000000,True,McLaren,7070.196000,,1,6.000000,False,,False,True
2026,3,Japanese Grand Prix,R,7258.402000,NOR,1,norris,mclaren,93.787000,33.000000,2.000000,,,34.252000,41.655000,17.880000,7198.921000,7240.576000,7258.456000,260.000000,319.000000,282.000000,283.000000,False,HARD,17.000000,True,McLaren,7164.615000,,1,6.000000,False,,False,True
2026,3,Japanese Grand Prix,R,7351.896000,NOR,1,norris,mclaren,93.494000,34.000000,2.000000,,,34.050000,41.548000,17.896000,7292.506000,7334.054000,7351.950000,259.000000,320.000000,281.000000,285.000000,True,HARD,18.000000,True,McLaren,7258.402000,,1,6.000000,False,,False,True
2026,3,Japanese Grand Prix,R,7445.476000,NOR,1,norris,mclaren,93.580000,35.000000,2.000000,,,34.059000,41.642000,17.879000,7386.009000,7427.651000,7445.530000,259.000000,317.000000,281.000000,282.000000,False,HARD,19.000000,True,McLaren,7351.896000,,1,6.000000,False,,False,True
2026,3,Japanese Grand Prix,R,7538.835000,NOR,1,norris,mclaren,93.359000,36.000000,2.000000,,,34.073000,41.466000,17.820000,7479.603000,7521.069000,7538.889000,259.000000,322.000000,282.000000,284.000000,True,HARD,20.000000,True,McLaren,7445.476000,,1,6.000000,False,,False,True
2026,3,Japanese Grand Prix,R,7632.437000,NOR,1,norris,mclaren,93.602000,37.000000,2.000000,,,34.074000,41.651000,17.877000,7572.963000,7614.614000,7632.491000,259.000000,323.000000,282.000000,284.000000,False,HARD,21.000000,True,McLaren,7538.835000,,1,6.000000,False,,False,True
2026,3,Japanese Grand Prix,R,7725.892000,NOR,1,norris,mclaren,93.455000,38.000000,2.000000,,,34.042000,41.593000,17.820000,7666.533000,7708.126000,7725.946000,259.000000,322.000000,282.000000,284.000000,False,HARD,22.000000,True,McLaren,7632.437000,,1,6.000000,False,,False,True
2026,3,Japanese Grand Prix,R,7819.571000,NOR,1,norris,mclaren,93.679000,39.000000,2.000000,,,34.167000,41.669000,17.843000,7760.113000,7801.782000,7819.625000,260.000000,322.000000,283.000000,285.000000,False,HARD,23.000000,True,McLaren,7725.892000,,1,6.000000,False,,False,True
2026,3,Japanese Grand Prix,R,7912.918000,NOR,1,norris,mclaren,93.347000,40.000000,2.000000,,,34.076000,41.448000,17.823000,7853.701000,7895.149000,7912.972000,259.000000,324.000000,283.000000,285.000000,True,HARD,24.000000,True,McLaren,7819.571000,,1,6.000000,False,,False,True
2026,3,Japanese Grand Prix,R,8006.316000,NOR,1,norris,mclaren,93.398000,41.000000,2.000000,,,34.089000,41.503000,17.806000,7947.061000,7988.564000,8006.370000,261.000000,328.000000,283.000000,289.000000,False,HARD,25.000000,True,McLaren,7912.918000,,1,6.000000,False,,False,True
2026,3,Japanese Grand Prix,R,8100.018000,NOR,1,norris,mclaren,93.702000,42.000000,2.000000,,,34.250000,41.574000,17.878000,8040.620000,8082.194000,8100.072000,260.000000,330.000000,284.000000,290.000000,False,HARD,26.000000,True,McLaren,8006.316000,,1,6.000000,False,,False,True
2026,3,Japanese Grand Prix,R,8193.945000,NOR,1,norris,mclaren,93.927000,43.000000,2.000000,,,34.427000,41.619000,17.881000,8134.499000,8176.118000,8193.999000,264.000000,333.000000,284.000000,290.000000,False,HARD,27.000000,True,McLaren,8100.018000,,1,6.000000,False,,False,True
2026,3,Japanese Grand Prix,R,8287.307000,NOR,1,norris,mclaren,93.362000,44.000000,2.000000,,,34.167000,41.373000,17.822000,8228.166000,8269.539000,8287.361000,261.000000,331.000000,287.000000,290.000000,False,HARD,28.000000,True,McLaren,8193.945000,,1,6.000000,False,,False,True
2026,3,Japanese Grand Prix,R,8380.828000,NOR,1,norris,mclaren,93.521000,45.000000,2.000000,,,34.254000,41.441000,17.826000,8321.615000,8363.056000,8380.882000,259.000000,326.000000,284.000000,288.000000,False,HARD,29.000000,True,McLaren,8287.307000,,1,6.000000,False,,False,True
2026,3,Japanese Grand Prix,R,8474.265000,NOR,1,norris,mclaren,93.437000,46.000000,2.000000,,,34.254000,41.281000,17.902000,,8456.417000,8474.319000,265.000000,333.000000,284.000000,291.000000,False,HARD,30.000000,True,McLaren,8380.828000,,1,6.000000,False,,False,True
2026,3,Japanese Grand Prix,R,8567.889000,NOR,1,norris,mclaren,93.624000,47.000000,2.000000,,,34.233000,41.296000,18.095000,8508.552000,8549.848000,8567.943000,262.000000,346.000000,272.000000,304.000000,False,HARD,31.000000,True,McLaren,8474.265000,,1,5.000000,False,,False,True
2026,3,Japanese Grand Prix,R,8662.497000,NOR,1,norris,mclaren,94.608000,48.000000,2.000000,,,35.091000,41.699000,17.818000,8603.034000,8644.733000,8662.551000,259.000000,325.000000,283.000000,287.000000,False,HARD,32.000000,True,McLaren,8567.889000,,1,6.000000,False,,False,True
2026,3,Japanese Grand Prix,R,8755.980000,NOR,1,norris,mclaren,93.483000,49.000000,2.000000,,,34.299000,41.375000,17.809000,8696.850000,8738.225000,8756.034000,260.000000,326.000000,283.000000,286.000000,False,HARD,33.000000,True,McLaren,8662.497000,,1,6.000000,False,,False,True
2026,3,Japanese Grand Prix,R,8850.067000,NOR,1,norris,mclaren,94.087000,50.000000,2.000000,,,34.320000,41.589000,18.178000,8790.354000,8831.943000,8850.121000,260.000000,326.000000,281.000000,283.000000,False,HARD,34.000000,True,McLaren,8755.980000,,1,5.000000,False,,False,True
2026,3,Japanese Grand Prix,R,8945.074000,NOR,1,norris,mclaren,95.007000,51.000000,2.000000,,,35.080000,41.660000,18.267000,8885.201000,8926.861000,8945.128000,255.000000,320.000000,285.000000,286.000000,False,HARD,35.000000,True,McLaren,8850.067000,,1,5.000000,False,,False,True
2026,3,Japanese Grand Prix,R,9038.282000,NOR,1,norris,mclaren,93.208000,52.000000,2.000000,,,33.929000,41.363000,17.916000,8979.057000,9020.420000,9038.336000,258.000000,316.000000,285.000000,282.000000,True,HARD,36.000000,True,McLaren,8945.074000,,1,5.000000,False,,False,True
2026,3,Japanese Grand Prix,R,9131.842000,NOR,1,norris,mclaren,93.560000,53.000000,2.000000,,,34.131000,41.674000,17.755000,9072.467000,9114.141000,9131.896000,265.000000,325.000000,280.000000,288.000000,False,HARD,37.000000,True,McLaren,9038.282000,,1,5.000000,False,,False,True
2026,3,Japanese Grand Prix,R,3924.615000,GAS,10,gasly,alpine,99.651000,1.000000,1.000000,,,,42.579000,18.221000,,3906.496000,3924.801000,276.000000,331.000000,280.000000,291.000000,False,MEDIUM,1.000000,True,Alpine,3824.711000,,1,7.000000,False,,False,False
2026,3,Japanese Grand Prix,R,4020.051000,GAS,10,gasly,alpine,95.436000,2.000000,1.000000,,,34.955000,42.458000,18.023000,3959.607000,4002.065000,4020.088000,260.000000,327.000000,281.000000,288.000000,True,MEDIUM,2.000000,True,Alpine,3924.615000,,1,7.000000,False,,False,True
2026,3,Japanese Grand Prix,R,4115.860000,GAS,10,gasly,alpine,95.809000,3.000000,1.000000,,,35.072000,42.628000,18.109000,4055.160000,4097.788000,4115.897000,258.000000,321.000000,281.000000,285.000000,False,MEDIUM,3.000000,True,Alpine,4020.051000,,1,7.000000,False,,False,True
2026,3,Japanese Grand Prix,R,4211.759000,GAS,10,gasly,alpine,95.899000,4.000000,1.000000,,,35.070000,42.607000,18.222000,4150.967000,4193.574000,4211.796000,260.000000,320.000000,280.000000,284.000000,False,MEDIUM,4.000000,True,Alpine,4115.860000,,1,7.000000,False,,False,True
2026,3,Japanese Grand Prix,R,4307.631000,GAS,10,gasly,alpine,95.872000,5.000000,1.000000,,,35.026000,42.698000,18.148000,4246.822000,4289.520000,4307.668000,260.000000,316.000000,279.000000,283.000000,False,MEDIUM,5.000000,True,Alpine,4211.759000,,1,7.000000,False,,False,True
2026,3,Japanese Grand Prix,R,4403.774000,GAS,10,gasly,alpine,96.143000,6.000000,1.000000,,,35.201000,42.653000,18.289000,4342.869000,4385.522000,4403.811000,260.000000,317.000000,279.000000,283.000000,False,MEDIUM,6.000000,True,Alpine,4307.631000,,1,7.000000,False,,False,True
2026,3,Japanese Grand Prix,R,4499.718000,GAS,10,gasly,alpine,95.944000,7.000000,1.000000,,,35.069000,42.587000,18.288000,4438.880000,4481.467000,4499.755000,258.000000,316.000000,279.000000,282.000000,False,MEDIUM,7.000000,True,Alpine,4403.774000,,1,7.000000,False,,False,True
2026,3,Japanese Grand Prix,R,4595.284000,GAS,10,gasly,alpine,95.566000,8.000000,1.000000,,,34.939000,42.419000,18.208000,4534.694000,4577.113000,4595.321000,261.000000,315.000000,279.000000,282.000000,False,MEDIUM,8.000000,True,Alpine,4499.718000,,1,7.000000,False,,False,True
2026,3,Japanese Grand Prix,R,4690.900000,GAS,10,gasly,alpine,95.616000,9.000000,1.000000,,,35.047000,42.303000,18.266000,4630.368000,4672.671000,4690.937000,260.000000,317.000000,279.000000,282.000000,False,MEDIUM,9.000000,True,Alpine,4595.284000,,1,7.000000,False,,False,True
2026,3,Japanese Grand Prix,R,4786.771000,GAS,10,gasly,alpine,95.871000,10.000000,1.000000,,,35.156000,42.396000,18.319000,4726.093000,4768.489000,4786.808000,259.000000,315.000000,280.000000,281.000000,False,MEDIUM,10.000000,True,Alpine,4690.900000,,1,7.000000,False,,False,True
2026,3,Japanese Grand Prix,R,4882.488000,GAS,10,gasly,alpine,95.717000,11.000000,1.000000,,,35.157000,42.378000,18.182000,4821.965000,4864.343000,4882.525000,258.000000,314.000000,280.000000,281.000000,False,MEDIUM,11.000000,True,Alpine,4786.771000,,1,7.000000,False,,False,True
2026,3,Japanese Grand Prix,R,4978.012000,GAS,10,gasly,alpine,95.524000,12.000000,1.000000,,,35.118000,42.273000,18.133000,4917.643000,4959.916000,4978.049000,259.000000,316.000000,280.000000,281.000000,False,MEDIUM,12.000000,True,Alpine,4882.488000,,1,7.000000,False,,False,True
2026,3,Japanese Grand Prix,R,5073.940000,GAS,10,gasly,alpine,95.928000,13.000000,1.000000,,,35.264000,42.342000,18.322000,5013.313000,5055.655000,5073.977000,259.000000,315.000000,279.000000,279.000000,False,MEDIUM,13.000000,True,Alpine,4978.012000,,1,7.000000,False,,False,True
2026,3,Japanese Grand Prix,R,5170.050000,GAS,10,gasly,alpine,96.110000,14.000000,1.000000,,,35.318000,42.518000,18.274000,5109.295000,5151.813000,5170.087000,261.000000,315.000000,279.000000,281.000000,False,MEDIUM,14.000000,True,Alpine,5073.940000,,1,7.000000,False,,False,True
2026,3,Japanese Grand Prix,R,5265.990000,GAS,10,gasly,alpine,95.940000,15.000000,1.000000,,,35.247000,42.452000,18.241000,5205.334000,5247.786000,5266.027000,259.000000,315.000000,279.000000,282.000000,False,MEDIUM,15.000000,True,Alpine,5170.050000,,1,7.000000,False,,False,True
2026,3,Japanese Grand Prix,R,5361.827000,GAS,10,gasly,alpine,95.837000,16.000000,1.000000,,,35.189000,42.507000,18.141000,5301.216000,5343.723000,5361.864000,260.000000,314.000000,280.000000,278.000000,False,MEDIUM,16.000000,True,Alpine,5265.990000,,1,7.000000,False,,False,True
2026,3,Japanese Grand Prix,R,5457.733000,GAS,10,gasly,alpine,95.906000,17.000000,1.000000,,,35.323000,42.368000,18.215000,5397.187000,5439.555000,5457.770000,262.000000,313.000000,280.000000,278.000000,False,MEDIUM,17.000000,True,Alpine,5361.827000,,1,6.000000,False,,False,True
2026,3,Japanese Grand Prix,R,5553.558000,GAS,10,gasly,alpine,95.825000,18.000000,1.000000,,,35.247000,42.279000,18.299000,5493.017000,5535.296000,5553.595000,261.000000,314.000000,280.000000,279.000000,False,MEDIUM,18.000000,True,Alpine,5457.733000,,1,5.000000,False,,False,True
2026,3,Japanese Grand Prix,R,5649.360000,GAS,10,gasly,alpine,95.802000,19.000000,1.000000,,,35.219000,42.350000,18.233000,5588.814000,5631.164000,5649.397000,261.000000,314.000000,280.000000,278.000000,False,MEDIUM,19.000000,True,Alpine,5553.558000,,1,4.000000,False,,False,True
2026,3,Japanese Grand Prix,R,5744.888000,GAS,10,gasly,alpine,95.528000,20.000000,1.000000,,,35.239000,42.121000,18.168000,5684.636000,5726.757000,5744.925000,261.000000,315.000000,281.000000,279.000000,False,MEDIUM,20.000000,True,Alpine,5649.360000,,1,4.000000,False,,False,True
2026,3,Japanese Grand Prix,R,5840.543000,GAS,10,gasly,alpine,95.655000,21.000000,1.000000,,,35.198000,42.361000,18.096000,5780.123000,5822.484000,5840.580000,261.000000,318.000000,281.000000,283.000000,False,MEDIUM,21.000000,True,Alpine,5744.888000,,1,4.000000,False,,False,True
2026,3,Japanese Grand Prix,R,5961.503000,GAS,10,gasly,alpine,120.960000,22.000000,1.000000,,5960.142000,35.019000,60.601000,25.340000,5875.599000,5936.200000,5961.540000,260.000000,273.000000,,250.000000,False,MEDIUM,22.000000,True,Alpine,5840.543000,,124,4.000000,False,,False,False
2026,3,Japanese Grand Prix,R,6110.224000,GAS,10,gasly,alpine,148.721000,23.000000,2.000000,5984.451000,,62.639000,61.561000,24.521000,6024.179000,6085.740000,6110.261000,268.000000,287.000000,186.000000,260.000000,False,HARD,1.000000,True,Alpine,5961.503000,,4,7.000000,False,,False,False
2026,3,Japanese Grand Prix,R,6256.474000,GAS,10,gasly,alpine,146.250000,24.000000,2.000000,,,48.414000,71.354000,26.482000,6158.675000,6230.029000,6256.511000,171.000000,197.000000,198.000000,270.000000,False,HARD,2.000000,True,Alpine,6110.224000,,4,7.000000,False,,False,False
2026,3,Japanese Grand Prix,R,6406.968000,GAS,10,gasly,alpine,,25.000000,2.000000,,,50.269000,72.706000,27.526000,6306.878000,6379.559000,6407.164000,147.000000,298.000000,152.000000,168.000000,False,HARD,3.000000,True,Alpine,6256.474000,,4,7.000000,False,,False,False
2026,3,Japanese Grand Prix,R,6553.864000,GAS,10,gasly,alpine,146.896000,26.000000,2.000000,,,53.862000,63.767000,29.267000,6460.867000,6524.634000,6553.901000,160.000000,289.000000,169.000000,195.000000,False,HARD,4.000000,True,Alpine,6406.968000,,4,7.000000,False,,False,False
2026,3,Japanese Grand Prix,R,6693.718000,GAS,10,gasly,alpine,139.854000,27.000000,2.000000,,,47.909000,63.690000,28.255000,6601.810000,6665.500000,6693.755000,216.000000,154.000000,274.000000,132.000000,False,HARD,5.000000,True,Alpine,6553.864000,,41,7.000000,False,,False,False
2026,3,Japanese Grand Prix,R,6789.530000,GAS,10,gasly,alpine,95.812000,28.000000,2.000000,,,35.697000,41.911000,18.204000,6729.452000,6771.363000,6789.567000,260.000000,321.000000,285.000000,285.000000,False,HARD,6.000000,True,Alpine,6693.718000,,1,7.000000,False,,False,True
2026,3,Japanese Grand Prix,R,6883.626000,GAS,10,gasly,alpine,94.096000,29.000000,2.000000,,,34.416000,41.756000,17.924000,6823.983000,6865.739000,6883.663000,258.000000,326.000000,284.000000,289.000000,True,HARD,7.000000,True,Alpine,6789.530000,,1,7.000000,False,,False,True
2026,3,Japanese Grand Prix,R,6978.418000,GAS,10,gasly,alpine,94.792000,30.000000,2.000000,,,34.645000,42.094000,18.053000,6918.308000,6960.402000,6978.455000,258.000000,326.000000,285.000000,287.000000,False,HARD,8.000000,True,Alpine,6883.626000,,1,7.000000,False,,False,True
2026,3,Japanese Grand Prix,R,7072.417000,GAS,10,gasly,alpine,93.999000,31.000000,2.000000,,,34.337000,41.674000,17.988000,7012.792000,7054.466000,7072.454000,259.000000,320.000000,285.000000,284.000000,True,HARD,9.000000,True,Alpine,6978.418000,,1,7.000000,False,,False,True
2026,3,Japanese Grand Prix,R,7166.483000,GAS,10,gasly,alpine,94.066000,32.000000,2.000000,,,34.359000,41.766000,17.941000,7106.813000,7148.579000,7166.520000,261.000000,321.000000,284.000000,284.000000,False,HARD,10.000000,True,Alpine,7072.417000,,1,7.000000,False,,False,True
2026,3,Japanese Grand Prix,R,7260.306000,GAS,10,gasly,alpine,93.823000,33.000000,2.000000,,,34.249000,41.634000,17.940000,7200.769000,7242.403000,7260.343000,265.000000,324.000000,283.000000,288.000000,True,HARD,11.000000,True,Alpine,7166.483000,,1,7.000000,False,,False,True
2026,3,Japanese Grand Prix,R,7354.327000,GAS,10,gasly,alpine,94.021000,34.000000,2.000000,,,34.314000,41.776000,17.931000,7294.657000,7336.433000,7354.364000,262.000000,320.000000,284.000000,285.000000,False,HARD,12.000000,True,Alpine,7260.306000,,1,7.000000,False,,False,True
2026,3,Japanese Grand Prix,R,7448.191000,GAS,10,gasly,alpine,93.864000,35.000000,2.000000,,,34.249000,41.693000,17.922000,7388.613000,7430.306000,7448.228000,260.000000,321.000000,284.000000,284.000000,False,HARD,13.000000,True,Alpine,7354.327000,,1,7.000000,False,,False,True
2026,3,Japanese Grand Prix,R,7542.220000,GAS,10,gasly,alpine,94.029000,36.000000,2.000000,,,34.372000,41.701000,17.956000,7482.600000,7524.301000,7542.257000,261.000000,320.000000,284.000000,284.000000,False,HARD,14.000000,True,Alpine,7448.191000,,1,7.000000,False,,False,True
2026,3,Japanese Grand Prix,R,7636.059000,GAS,10,gasly,alpine,93.839000,37.000000,2.000000,,,34.337000,41.552000,17.950000,7576.594000,7618.146000,7636.096000,262.000000,320.000000,284.000000,283.000000,False,HARD,15.000000,True,Alpine,7542.220000,,1,7.000000,False,,False,True
2026,3,Japanese Grand Prix,R,7730.110000,GAS,10,gasly,alpine,94.051000,38.000000,2.000000,,,34.354000,41.676000,18.021000,7670.450000,7712.126000,7730.147000,261.000000,320.000000,284.000000,283.000000,False,HARD,16.000000,True,Alpine,7636.059000,,1,7.000000,False,,False,True
2026,3,Japanese Grand Prix,R,7823.801000,GAS,10,gasly,alpine,93.691000,39.000000,2.000000,,,34.194000,41.592000,17.905000,7764.341000,7805.933000,7823.838000,264.000000,319.000000,284.000000,283.000000,True,HARD,17.000000,True,Alpine,7730.110000,,1,7.000000,False,,False,True
2026,3,Japanese Grand Prix,R,7917.577000,GAS,10,gasly,alpine,93.776000,40.000000,2.000000,,,34.195000,41.632000,17.949000,7858.033000,7899.665000,7917.614000,262.000000,321.000000,284.000000,282.000000,False,HARD,18.000000,True,Alpine,7823.801000,,1,7.000000,False,,False,True
2026,3,Japanese Grand Prix,R,8011.270000,GAS,10,gasly,alpine,93.693000,41.000000,2.000000,,,34.312000,41.484000,17.897000,7951.926000,7993.410000,8011.307000,262.000000,320.000000,284.000000,283.000000,False,HARD,19.000000,True,Alpine,7917.577000,,1,7.000000,False,,False,True
2026,3,Japanese Grand Prix,R,8105.161000,GAS,10,gasly,alpine,93.891000,42.000000,2.000000,,,34.331000,41.586000,17.974000,8045.638000,8087.224000,8105.198000,261.000000,321.000000,284.000000,283.000000,False,HARD,20.000000,True,Alpine,8011.270000,,1,7.000000,False,,False,True
2026,3,Japanese Grand Prix,R,8199.490000,GAS,10,gasly,alpine,94.329000,43.000000,2.000000,,,34.558000,41.749000,18.022000,8139.756000,8181.505000,8199.527000,260.000000,320.000000,284.000000,280.000000,False,HARD,21.000000,True,Alpine,8105.161000,,1,7.000000,False,,False,True
2026,3,Japanese Grand Prix,R,8293.947000,GAS,10,gasly,alpine,94.457000,44.000000,2.000000,,,34.577000,41.663000,18.217000,8234.104000,8275.767000,8293.984000,260.000000,318.000000,284.000000,281.000000,False,HARD,22.000000,True,Alpine,8199.490000,,1,7.000000,False,,False,True
2026,3,Japanese Grand Prix,R,8388.018000,GAS,10,gasly,alpine,94.071000,45.000000,2.000000,,,34.511000,41.555000,18.005000,8328.495000,8370.050000,8388.055000,260.000000,320.000000,284.000000,280.000000,False,HARD,23.000000,True,Alpine,8293.947000,,1,7.000000,False,,False,True
2026,3,Japanese Grand Prix,R,8481.879000,GAS,10,gasly,alpine,93.861000,46.000000,2.000000,,,34.452000,41.536000,17.873000,8422.507000,8464.043000,8481.916000,261.000000,319.000000,284.000000,281.000000,False,HARD,24.000000,True,Alpine,8388.018000,,1,7.000000,False,,False,True
2026,3,Japanese Grand Prix,R,8575.942000,GAS,10,gasly,alpine,94.063000,47.000000,2.000000,,,34.450000,41.664000,17.949000,8516.366000,8558.030000,8575.979000,261.000000,321.000000,285.000000,282.000000,False,HARD,25.000000,True,Alpine,8481.879000,,1,7.000000,False,,False,True
2026,3,Japanese Grand Prix,R,8670.561000,GAS,10,gasly,alpine,94.619000,48.000000,2.000000,,,34.412000,41.557000,18.650000,8610.391000,8651.948000,8670.598000,260.000000,319.000000,284.000000,280.000000,False,HARD,26.000000,True,Alpine,8575.942000,,1,8.000000,False,,False,True
2026,3,Japanese Grand Prix,R,8764.385000,GAS,10,gasly,alpine,93.824000,49.000000,2.000000,,,34.447000,41.432000,17.945000,8705.045000,8746.477000,8764.422000,262.000000,324.000000,285.000000,283.000000,False,HARD,27.000000,True,Alpine,8670.561000,,1,7.000000,False,,False,True
2026,3,Japanese Grand Prix,R,8858.607000,GAS,10,gasly,alpine,94.222000,50.000000,2.000000,,,34.559000,41.689000,17.974000,8798.981000,8840.670000,8858.644000,262.000000,317.000000,284.000000,281.000000,False,HARD,28.000000,True,Alpine,8764.385000,,1,7.000000,False,,False,True
2026,3,Japanese Grand Prix,R,8952.434000,GAS,10,gasly,alpine,93.827000,51.000000,2.000000,,,34.429000,41.530000,17.868000,8893.073000,8934.603000,8952.471000,262.000000,318.000000,285.000000,279.000000,False,HARD,29.000000,True,Alpine,8858.607000,,1,7.000000,False,,False,True
2026,3,Japanese Grand Prix,R,9046.531000,GAS,10,gasly,alpine,94.097000,52.000000,2.000000,,,34.415000,41.523000,18.159000,8986.886000,9028.409000,9046.568000,260.000000,317.000000,286.000000,281.000000,False,HARD,30.000000,True,Alpine,8952.434000,,1,7.000000,False,,False,True
2026,3,Japanese Grand Prix,R,9140.700000,GAS,10,gasly,alpine,94.169000,53.000000,2.000000,,,34.433000,41.705000,18.031000,9081.001000,9122.706000,9140.737000,262.000000,326.000000,283.000000,294.000000,False,HARD,31.000000,True,Alpine,9046.531000,,1,7.000000,False,,False,True
2026,3,Japanese Grand Prix,R,3930.694000,PER,11,perez,cadillac,105.730000,1.000000,1.000000,,,,44.598000,18.524000,,3912.407000,3930.906000,263.000000,332.000000,276.000000,288.000000,False,MEDIUM,1.000000,True,Cadillac,3824.711000,,1,18.000000,False,,False,False
2026,3,Japanese Grand Prix,R,4028.641000,PER,11,perez,cadillac,97.947000,2.000000,1.000000,,,36.405000,43.100000,18.442000,3967.130000,4010.230000,4028.672000,255.000000,337.000000,261.000000,293.000000,True,MEDIUM,2.000000,True,Cadillac,3930.694000,,1,18.000000,False,,False,True
2026,3,Japanese Grand Prix,R,4126.933000,PER,11,perez,cadillac,98.292000,3.000000,1.000000,,,36.754000,43.188000,18.350000,4065.426000,4108.614000,4126.964000,256.000000,336.000000,267.000000,294.000000,False,MEDIUM,3.000000,True,Cadillac,4028.641000,,1,19.000000,False,,False,True
2026,3,Japanese Grand Prix,R,4224.867000,PER,11,perez,cadillac,97.934000,4.000000,1.000000,,,36.360000,42.981000,18.593000,4163.324000,4206.305000,4224.898000,254.000000,322.000000,268.000000,286.000000,True,MEDIUM,4.000000,True,Cadillac,4126.933000,,1,19.000000,False,,False,True
2026,3,Japanese Grand Prix,R,4322.472000,PER,11,perez,cadillac,97.605000,5.000000,1.000000,,,36.101000,42.969000,18.535000,4260.999000,4303.968000,4322.503000,256.000000,318.000000,271.000000,284.000000,True,MEDIUM,5.000000,True,Cadillac,4224.867000,,1,19.000000,False,,False,True
2026,3,Japanese Grand Prix,R,4420.509000,PER,11,perez,cadillac,98.037000,6.000000,1.000000,,,35.966000,43.315000,18.756000,4358.469000,4401.784000,4420.540000,257.000000,314.000000,274.000000,281.000000,False,MEDIUM,6.000000,True,Cadillac,4322.472000,,1,19.000000,False,,False,True
2026,3,Japanese Grand Prix,R,4518.716000,PER,11,perez,cadillac,98.207000,7.000000,1.000000,,,36.068000,43.483000,18.656000,4456.608000,4500.091000,4518.747000,255.000000,314.000000,272.000000,280.000000,False,MEDIUM,7.000000,True,Cadillac,4420.509000,,1,19.000000,False,,False,True
2026,3,Japanese Grand Prix,R,4616.842000,PER,11,perez,cadillac,98.126000,8.000000,1.000000,,,36.159000,43.263000,18.704000,4554.906000,4598.169000,4616.873000,253.000000,315.000000,274.000000,279.000000,False,MEDIUM,8.000000,True,Cadillac,4518.716000,,1,19.000000,False,,False,True
2026,3,Japanese Grand Prix,R,4714.841000,PER,11,perez,cadillac,97.999000,9.000000,1.000000,,,36.081000,43.287000,18.631000,4652.954000,4696.241000,4714.872000,251.000000,313.000000,275.000000,277.000000,False,MEDIUM,9.000000,True,Cadillac,4616.842000,,1,19.000000,False,,False,True
2026,3,Japanese Grand Prix,R,4813.099000,PER,11,perez,cadillac,98.258000,10.000000,1.000000,,,36.238000,43.399000,18.621000,4751.110000,4794.509000,4813.130000,255.000000,313.000000,275.000000,277.000000,False,MEDIUM,10.000000,True,Cadillac,4714.841000,,1,19.000000,False,,False,True
2026,3,Japanese Grand Prix,R,4910.963000,PER,11,perez,cadillac,97.864000,11.000000,1.000000,,,36.157000,42.972000,18.735000,4849.287000,4892.259000,4910.994000,256.000000,313.000000,274.000000,278.000000,False,MEDIUM,11.000000,True,Cadillac,4813.099000,,1,19.000000,False,,False,True
2026,3,Japanese Grand Prix,R,5008.915000,PER,11,perez,cadillac,97.952000,12.000000,1.000000,,,36.209000,43.078000,18.665000,4947.203000,4990.281000,5008.946000,253.000000,313.000000,274.000000,277.000000,False,MEDIUM,12.000000,True,Cadillac,4910.963000,,1,19.000000,False,,False,True
2026,3,Japanese Grand Prix,R,5106.857000,PER,11,perez,cadillac,97.942000,13.000000,1.000000,,,36.257000,42.953000,18.732000,5045.203000,5088.156000,5106.888000,253.000000,314.000000,274.000000,278.000000,False,MEDIUM,13.000000,True,Cadillac,5008.915000,,1,19.000000,False,,False,True
2026,3,Japanese Grand Prix,R,5204.759000,PER,11,perez,cadillac,97.902000,14.000000,1.000000,,,36.108000,43.045000,18.749000,5142.996000,5186.041000,5204.790000,254.000000,314.000000,275.000000,277.000000,False,MEDIUM,14.000000,True,Cadillac,5106.857000,,1,19.000000,False,,False,True
2026,3,Japanese Grand Prix,R,5302.835000,PER,11,perez,cadillac,98.076000,15.000000,1.000000,,,36.110000,43.216000,18.750000,5240.900000,5284.116000,5302.866000,254.000000,312.000000,275.000000,276.000000,False,MEDIUM,15.000000,True,Cadillac,5204.759000,,1,19.000000,False,,False,True
2026,3,Japanese Grand Prix,R,5400.624000,PER,11,perez,cadillac,97.789000,16.000000,1.000000,,,36.157000,43.066000,18.566000,5339.023000,5382.089000,5400.655000,255.000000,312.000000,273.000000,275.000000,False,MEDIUM,16.000000,True,Cadillac,5302.835000,,1,19.000000,False,,False,True
2026,3,Japanese Grand Prix,R,5498.534000,PER,11,perez,cadillac,97.910000,17.000000,1.000000,,,36.142000,43.019000,18.749000,5436.797000,5479.816000,5498.565000,253.000000,312.000000,274.000000,274.000000,False,MEDIUM,17.000000,True,Cadillac,5400.624000,,1,18.000000,False,,False,True
2026,3,Japanese Grand Prix,R,5597.622000,PER,11,perez,cadillac,99.088000,18.000000,1.000000,,,36.279000,43.995000,18.814000,5534.844000,5578.839000,5597.653000,254.000000,319.000000,274.000000,280.000000,False,MEDIUM,18.000000,True,Cadillac,5498.534000,,1,18.000000,False,,False,True
2026,3,Japanese Grand Prix,R,5695.583000,PER,11,perez,cadillac,97.961000,19.000000,1.000000,,,36.679000,42.756000,18.526000,5634.332000,5677.088000,5695.614000,253.000000,323.000000,277.000000,284.000000,False,MEDIUM,19.000000,True,Cadillac,5597.622000,,1,19.000000,False,,False,True
2026,3,Japanese Grand Prix,R,5794.318000,PER,11,perez,cadillac,98.735000,20.000000,1.000000,,,35.961000,44.018000,18.756000,5731.575000,5775.593000,5794.349000,253.000000,315.000000,275.000000,278.000000,False,MEDIUM,20.000000,True,Cadillac,5695.583000,,1,19.000000,True,TRACK LIMITS AT TURN 13 LAP 20 ,False,True
2026,3,Japanese Grand Prix,R,5902.464000,PER,11,perez,cadillac,108.146000,21.000000,1.000000,,5901.054000,36.104000,43.496000,28.546000,5830.453000,5873.949000,5902.495000,253.000000,317.000000,,171.000000,False,MEDIUM,21.000000,True,Cadillac,5794.318000,,124,18.000000,False,,False,False
2026,3,Japanese Grand Prix,R,6048.739000,PER,11,perez,cadillac,146.275000,22.000000,2.000000,5928.436000,,65.515000,57.054000,23.706000,5968.010000,6025.064000,6048.770000,201.000000,215.000000,217.000000,210.000000,False,HARD,1.000000,True,Cadillac,5902.464000,,4,18.000000,False,,False,False
2026,3,Japanese Grand Prix,R,6156.579000,PER,11,perez,cadillac,107.840000,23.000000,2.000000,,,36.245000,51.609000,19.986000,6085.015000,6136.624000,6156.610000,273.000000,266.000000,272.000000,259.000000,False,HARD,2.000000,True,Cadillac,6048.739000,,4,18.000000,False,,False,False
2026,3,Japanese Grand Prix,R,6270.092000,PER,11,perez,cadillac,113.513000,24.000000,2.000000,,,36.058000,56.553000,20.902000,6192.668000,6249.221000,6270.123000,266.000000,262.000000,267.000000,259.000000,False,HARD,3.000000,True,Cadillac,6156.579000,,4,18.000000,False,,False,False
2026,3,Japanese Grand Prix,R,6418.881000,PER,11,perez,cadillac,148.789000,25.000000,2.000000,,,46.870000,76.666000,25.253000,6316.993000,6393.659000,6418.912000,142.000000,266.000000,191.000000,232.000000,False,HARD,4.000000,True,Cadillac,6270.092000,,4,18.000000,False,,False,False
2026,3,Japanese Grand Prix,R,6566.597000,PER,11,perez,cadillac,147.716000,26.000000,2.000000,,,52.839000,64.646000,30.231000,6471.751000,6536.397000,6566.628000,126.000000,166.000000,133.000000,247.000000,False,HARD,5.000000,True,Cadillac,6418.881000,,4,18.000000,False,,False,False
2026,3,Japanese Grand Prix,R,6698.619000,PER,11,perez,cadillac,132.022000,27.000000,2.000000,,,46.077000,60.446000,25.499000,6612.705000,6673.151000,6698.650000,182.000000,152.000000,275.000000,161.000000,False,HARD,6.000000,True,Cadillac,6566.597000,,41,18.000000,False,,False,False
2026,3,Japanese Grand Prix,R,6795.607000,PER,11,perez,cadillac,96.988000,28.000000,2.000000,,,35.861000,42.705000,18.422000,6734.511000,6777.216000,6795.638000,258.000000,331.000000,280.000000,293.000000,True,HARD,7.000000,True,Cadillac,6698.619000,,1,18.000000,False,,False,True
2026,3,Japanese Grand Prix,R,6891.900000,PER,11,perez,cadillac,96.293000,29.000000,2.000000,,,35.675000,42.401000,18.217000,6831.313000,6873.714000,6891.931000,254.000000,338.000000,278.000000,296.000000,True,HARD,8.000000,True,Cadillac,6795.607000,,1,18.000000,False,,False,True
2026,3,Japanese Grand Prix,R,6988.760000,PER,11,perez,cadillac,96.860000,30.000000,2.000000,,,35.791000,42.817000,18.252000,6927.722000,6970.539000,6988.791000,260.000000,335.000000,280.000000,293.000000,False,HARD,9.000000,True,Cadillac,6891.900000,,1,18.000000,False,,False,True
2026,3,Japanese Grand Prix,R,7084.952000,PER,11,perez,cadillac,96.192000,31.000000,2.000000,,,35.452000,42.496000,18.244000,7024.243000,7066.739000,7084.983000,255.000000,333.000000,277.000000,290.000000,True,HARD,10.000000,True,Cadillac,6988.760000,,1,18.000000,False,,False,True
2026,3,Japanese Grand Prix,R,7181.516000,PER,11,perez,cadillac,96.564000,32.000000,2.000000,,,35.572000,42.567000,18.425000,7120.555000,7163.122000,7181.547000,263.000000,319.000000,277.000000,284.000000,False,HARD,11.000000,True,Cadillac,7084.952000,,1,18.000000,False,,False,True
2026,3,Japanese Grand Prix,R,7277.882000,PER,11,perez,cadillac,96.366000,33.000000,2.000000,,,35.467000,42.635000,18.264000,7217.014000,7259.649000,7277.913000,255.000000,318.000000,278.000000,283.000000,False,HARD,12.000000,True,Cadillac,7181.516000,,1,18.000000,False,,False,True
2026,3,Japanese Grand Prix,R,7374.252000,PER,11,perez,cadillac,96.370000,34.000000,2.000000,,,35.418000,42.607000,18.345000,7313.331000,7355.938000,7374.283000,258.000000,316.000000,277.000000,282.000000,False,HARD,13.000000,True,Cadillac,7277.882000,,1,18.000000,False,,False,True
2026,3,Japanese Grand Prix,R,7470.322000,PER,11,perez,cadillac,96.070000,35.000000,2.000000,,,35.293000,42.422000,18.355000,7409.576000,7451.998000,7470.353000,256.000000,316.000000,279.000000,281.000000,True,HARD,14.000000,True,Cadillac,7374.252000,,1,18.000000,False,,False,True
2026,3,Japanese Grand Prix,R,7566.560000,PER,11,perez,cadillac,96.238000,36.000000,2.000000,,,35.308000,42.528000,18.402000,7505.661000,7548.189000,7566.591000,255.000000,315.000000,280.000000,278.000000,False,HARD,15.000000,True,Cadillac,7470.322000,,1,18.000000,False,,False,True
2026,3,Japanese Grand Prix,R,7662.809000,PER,11,perez,cadillac,96.249000,37.000000,2.000000,,,35.456000,42.342000,18.451000,7602.047000,7644.389000,7662.840000,254.000000,316.000000,277.000000,280.000000,False,HARD,16.000000,True,Cadillac,7566.560000,,1,18.000000,False,,False,True
2026,3,Japanese Grand Prix,R,7759.174000,PER,11,perez,cadillac,96.365000,38.000000,2.000000,,,35.413000,42.431000,18.521000,7698.253000,7740.684000,7759.205000,254.000000,317.000000,279.000000,280.000000,False,HARD,17.000000,True,Cadillac,7662.809000,,1,18.000000,False,,False,True
2026,3,Japanese Grand Prix,R,7855.233000,PER,11,perez,cadillac,96.059000,39.000000,2.000000,,,35.067000,42.511000,18.481000,7794.272000,7836.783000,7855.264000,260.000000,314.000000,278.000000,278.000000,True,HARD,18.000000,True,Cadillac,7759.174000,,1,18.000000,False,,False,True
2026,3,Japanese Grand Prix,R,7951.493000,PER,11,perez,cadillac,96.260000,40.000000,2.000000,,,35.202000,42.536000,18.522000,7890.466000,7933.002000,7951.524000,255.000000,314.000000,278.000000,277.000000,False,HARD,19.000000,True,Cadillac,7855.233000,,1,18.000000,False,,False,True
2026,3,Japanese Grand Prix,R,8048.114000,PER,11,perez,cadillac,96.621000,41.000000,2.000000,,,35.258000,42.888000,18.475000,7986.782000,8029.670000,8048.145000,258.000000,312.000000,279.000000,276.000000,False,HARD,20.000000,True,Cadillac,7951.493000,,1,18.000000,False,,False,True
2026,3,Japanese Grand Prix,R,8144.340000,PER,11,perez,cadillac,96.226000,42.000000,2.000000,,,35.361000,42.323000,18.542000,8083.506000,8125.829000,8144.371000,255.000000,315.000000,279.000000,276.000000,False,HARD,21.000000,True,Cadillac,8048.114000,,1,18.000000,False,,False,True
2026,3,Japanese Grand Prix,R,8240.694000,PER,11,perez,cadillac,96.354000,43.000000,2.000000,,,35.386000,42.415000,18.553000,8179.757000,8222.172000,8240.725000,255.000000,314.000000,279.000000,276.000000,False,HARD,22.000000,True,Cadillac,8144.340000,,1,18.000000,False,,False,True
2026,3,Japanese Grand Prix,R,8336.923000,PER,11,perez,cadillac,96.229000,44.000000,2.000000,,,35.373000,42.342000,18.514000,8276.098000,8318.440000,8336.954000,254.000000,315.000000,279.000000,276.000000,False,HARD,23.000000,True,Cadillac,8240.694000,,1,18.000000,False,,False,True
2026,3,Japanese Grand Prix,R,8433.084000,PER,11,perez,cadillac,96.161000,45.000000,2.000000,,,35.299000,42.393000,18.469000,8372.253000,8414.646000,8433.115000,254.000000,313.000000,279.000000,275.000000,False,HARD,24.000000,True,Cadillac,8336.923000,,1,18.000000,False,,False,True
2026,3,Japanese Grand Prix,R,8529.172000,PER,11,perez,cadillac,96.088000,46.000000,2.000000,,,35.315000,42.305000,18.468000,8468.430000,8510.735000,8529.203000,257.000000,314.000000,280.000000,276.000000,False,HARD,25.000000,True,Cadillac,8433.084000,,1,17.000000,False,,False,True
2026,3,Japanese Grand Prix,R,8625.276000,PER,11,perez,cadillac,96.104000,47.000000,2.000000,,,35.261000,42.331000,18.512000,8564.464000,8606.795000,8625.307000,256.000000,312.000000,280.000000,274.000000,False,HARD,26.000000,True,Cadillac,8529.172000,,1,17.000000,False,,False,True
2026,3,Japanese Grand Prix,R,8721.236000,PER,11,perez,cadillac,95.960000,48.000000,2.000000,,,35.222000,42.185000,18.553000,8660.529000,8702.714000,8721.267000,255.000000,314.000000,280.000000,275.000000,True,HARD,27.000000,True,Cadillac,8625.276000,,1,17.000000,False,,False,True
2026,3,Japanese Grand Prix,R,8817.416000,PER,11,perez,cadillac,96.180000,49.000000,2.000000,,,35.300000,42.372000,18.508000,8756.567000,8798.939000,8817.447000,255.000000,314.000000,280.000000,276.000000,False,HARD,28.000000,True,Cadillac,8721.236000,,1,17.000000,False,,False,True
2026,3,Japanese Grand Prix,R,8913.485000,PER,11,perez,cadillac,96.069000,50.000000,2.000000,,,35.360000,42.250000,18.459000,8852.807000,8895.057000,8913.516000,256.000000,313.000000,281.000000,275.000000,False,HARD,29.000000,True,Cadillac,8817.416000,,1,17.000000,False,,False,True
2026,3,Japanese Grand Prix,R,9009.479000,PER,11,perez,cadillac,95.994000,51.000000,2.000000,,,35.164000,42.324000,18.506000,8948.680000,8991.004000,9009.510000,255.000000,317.000000,281.000000,277.000000,False,HARD,30.000000,True,Cadillac,8913.485000,,1,17.000000,False,,False,True
2026,3,Japanese Grand Prix,R,9105.183000,PER,11,perez,cadillac,95.704000,52.000000,2.000000,,,35.165000,42.243000,18.296000,9044.675000,9086.918000,9105.214000,261.000000,313.000000,281.000000,276.000000,True,HARD,31.000000,True,Cadillac,9009.479000,,1,17.000000,False,,False,True
2026,3,Japanese Grand Prix,R,9200.820000,PER,11,perez,cadillac,95.637000,53.000000,2.000000,,,35.104000,42.095000,18.438000,9140.318000,9182.413000,9200.851000,257.000000,315.000000,281.000000,277.000000,True,HARD,32.000000,True,Cadillac,9105.183000,,1,17.000000,False,,False,True
2026,3,Japanese Grand Prix,R,3923.748000,ANT,12,antonelli,mercedes,98.784000,1.000000,1.000000,,,,42.420000,17.942000,,3905.970000,3923.925000,285.000000,332.000000,278.000000,293.000000,False,MEDIUM,1.000000,True,Mercedes,3824.711000,,1,6.000000,False,,False,False
2026,3,Japanese Grand Prix,R,4018.223000,ANT,12,antonelli,mercedes,94.475000,2.000000,1.000000,,,34.437000,42.202000,17.836000,3958.220000,4000.422000,4018.258000,261.000000,333.000000,279.000000,291.000000,True,MEDIUM,2.000000,True,Mercedes,3923.748000,,1,5.000000,False,,False,True
2026,3,Japanese Grand Prix,R,4113.759000,ANT,12,antonelli,mercedes,95.536000,3.000000,1.000000,,,35.282000,42.109000,18.145000,4053.540000,4095.649000,4113.794000,262.000000,335.000000,280.000000,294.000000,False,MEDIUM,3.000000,True,Mercedes,4018.223000,,1,5.000000,False,,False,True
2026,3,Japanese Grand Prix,R,4209.282000,ANT,12,antonelli,mercedes,95.523000,4.000000,1.000000,,,34.978000,42.457000,18.088000,4148.772000,4191.229000,4209.317000,269.000000,329.000000,280.000000,289.000000,False,MEDIUM,4.000000,True,Mercedes,4113.759000,,1,5.000000,False,,False,True
2026,3,Japanese Grand Prix,R,4304.522000,ANT,12,antonelli,mercedes,95.240000,5.000000,1.000000,,,34.818000,42.395000,18.027000,4244.135000,4286.530000,4304.557000,271.000000,326.000000,281.000000,290.000000,False,MEDIUM,5.000000,True,Mercedes,4209.282000,,1,5.000000,False,,False,True
2026,3,Japanese Grand Prix,R,4399.484000,ANT,12,antonelli,mercedes,94.962000,6.000000,1.000000,,,34.771000,42.134000,18.057000,4339.328000,4381.462000,4399.519000,268.000000,329.000000,282.000000,293.000000,False,MEDIUM,6.000000,True,Mercedes,4304.522000,,1,5.000000,False,,False,True
2026,3,Japanese Grand Prix,R,4494.560000,ANT,12,antonelli,mercedes,95.076000,7.000000,1.000000,,,34.821000,42.201000,18.054000,4434.340000,4476.541000,4494.595000,263.000000,331.000000,281.000000,292.000000,False,MEDIUM,7.000000,True,Mercedes,4399.484000,,1,5.000000,False,,False,True
2026,3,Japanese Grand Prix,R,4589.763000,ANT,12,antonelli,mercedes,95.203000,8.000000,1.000000,,,34.865000,42.112000,18.226000,4529.460000,4571.572000,4589.798000,263.000000,333.000000,282.000000,294.000000,False,MEDIUM,8.000000,True,Mercedes,4494.560000,,1,5.000000,False,,False,True
2026,3,Japanese Grand Prix,R,4685.297000,ANT,12,antonelli,mercedes,95.534000,9.000000,1.000000,,,35.232000,42.073000,18.229000,4625.030000,4667.103000,4685.332000,262.000000,336.000000,283.000000,296.000000,False,MEDIUM,9.000000,True,Mercedes,4589.763000,,1,5.000000,False,,False,True
2026,3,Japanese Grand Prix,R,4780.707000,ANT,12,antonelli,mercedes,95.410000,10.000000,1.000000,,,35.153000,42.226000,18.031000,4720.485000,4762.711000,4780.742000,272.000000,330.000000,282.000000,292.000000,False,MEDIUM,10.000000,True,Mercedes,4685.297000,,1,5.000000,False,,False,True
2026,3,Japanese Grand Prix,R,4875.822000,ANT,12,antonelli,mercedes,95.115000,11.000000,1.000000,,,35.153000,42.079000,17.883000,,4857.974000,4875.857000,266.000000,336.000000,280.000000,297.000000,False,MEDIUM,11.000000,True,Mercedes,4780.707000,,1,4.000000,False,,False,True
2026,3,Japanese Grand Prix,R,4970.849000,ANT,12,antonelli,mercedes,95.027000,12.000000,1.000000,,,35.013000,42.010000,18.004000,4910.870000,4952.880000,4970.884000,261.000000,321.000000,280.000000,285.000000,False,MEDIUM,12.000000,True,Mercedes,4875.822000,,1,4.000000,False,,False,True
2026,3,Japanese Grand Prix,R,5065.793000,ANT,12,antonelli,mercedes,94.944000,13.000000,1.000000,,,34.770000,42.068000,18.106000,5005.654000,5047.722000,5065.828000,273.000000,324.000000,281.000000,288.000000,False,MEDIUM,13.000000,True,Mercedes,4970.849000,,1,4.000000,False,,False,True
2026,3,Japanese Grand Prix,R,5161.054000,ANT,12,antonelli,mercedes,95.261000,14.000000,1.000000,,,34.902000,42.315000,18.044000,5100.730000,5143.045000,5161.089000,274.000000,324.000000,279.000000,289.000000,False,MEDIUM,14.000000,True,Mercedes,5065.793000,,1,4.000000,False,,False,True
2026,3,Japanese Grand Prix,R,5256.431000,ANT,12,antonelli,mercedes,95.377000,15.000000,1.000000,,,34.944000,42.109000,18.324000,5196.033000,5238.142000,5256.466000,269.000000,330.000000,267.000000,289.000000,False,MEDIUM,15.000000,True,Mercedes,5161.054000,,1,3.000000,False,,False,True
2026,3,Japanese Grand Prix,R,5352.595000,ANT,12,antonelli,mercedes,96.164000,16.000000,1.000000,,,36.072000,42.106000,17.986000,5292.538000,5334.644000,5352.630000,256.000000,320.000000,281.000000,284.000000,False,MEDIUM,16.000000,True,Mercedes,5256.431000,,1,4.000000,False,,False,True
2026,3,Japanese Grand Prix,R,5447.281000,ANT,12,antonelli,mercedes,94.686000,17.000000,1.000000,,,34.843000,41.875000,17.968000,5387.473000,5429.348000,5447.316000,270.000000,329.000000,280.000000,291.000000,False,MEDIUM,17.000000,True,Mercedes,5352.595000,,1,3.000000,False,,False,True
2026,3,Japanese Grand Prix,R,5541.376000,ANT,12,antonelli,mercedes,94.095000,18.000000,1.000000,,,34.399000,41.758000,17.938000,5481.715000,5523.473000,5541.411000,259.000000,325.000000,280.000000,283.000000,True,MEDIUM,18.000000,True,Mercedes,5447.281000,,1,3.000000,False,,False,True
2026,3,Japanese Grand Prix,R,5635.719000,ANT,12,antonelli,mercedes,94.343000,19.000000,1.000000,,,34.476000,41.879000,17.988000,5575.887000,5617.766000,5635.754000,258.000000,318.000000,278.000000,281.000000,False,MEDIUM,19.000000,True,Mercedes,5541.376000,,1,2.000000,False,,False,True
2026,3,Japanese Grand Prix,R,5729.960000,ANT,12,antonelli,mercedes,94.241000,20.000000,1.000000,,,34.504000,41.791000,17.946000,5670.258000,5712.049000,5729.995000,261.000000,321.000000,279.000000,283.000000,False,MEDIUM,20.000000,True,Mercedes,5635.719000,,1,2.000000,False,,False,True
2026,3,Japanese Grand Prix,R,5823.908000,ANT,12,antonelli,mercedes,93.948000,21.000000,1.000000,,,34.329000,41.686000,17.933000,5764.324000,5806.010000,5823.943000,261.000000,318.000000,280.000000,282.000000,True,MEDIUM,21.000000,True,Mercedes,5729.960000,,1,1.000000,False,,False,True
2026,3,Japanese Grand Prix,R,5937.284000,ANT,12,antonelli,mercedes,113.376000,22.000000,1.000000,,5935.866000,34.353000,53.479000,25.544000,5858.296000,5911.775000,5937.319000,261.000000,205.000000,,204.000000,False,MEDIUM,22.000000,True,Mercedes,5823.908000,,124,1.000000,False,,False,False
2026,3,Japanese Grand Prix,R,6097.205000,ANT,12,antonelli,mercedes,,23.000000,2.000000,5959.138000,,63.960000,66.163000,29.704000,6001.373000,6067.654000,6097.301000,263.000000,151.000000,222.000000,166.000000,False,HARD,1.000000,True,Mercedes,5937.284000,,4,1.000000,False,,False,False
2026,3,Japanese Grand Prix,R,6247.409000,ANT,12,antonelli,mercedes,,24.000000,2.000000,,,52.194000,71.277000,26.795000,6149.373000,6220.649000,6247.498000,172.000000,210.000000,206.000000,184.000000,False,HARD,2.000000,True,Mercedes,6097.205000,,4,1.000000,False,,False,False
2026,3,Japanese Grand Prix,R,6398.050000,ANT,12,antonelli,mercedes,,25.000000,2.000000,,,51.530000,72.146000,26.958000,6299.018000,6371.186000,6398.142000,215.000000,206.000000,218.000000,170.000000,False,HARD,3.000000,True,Mercedes,6247.409000,,4,1.000000,False,,False,False
2026,3,Japanese Grand Prix,R,6544.080000,ANT,12,antonelli,mercedes,146.030000,26.000000,2.000000,,,55.289000,63.602000,27.139000,6453.374000,6516.976000,6544.115000,193.000000,245.000000,231.000000,175.000000,False,HARD,4.000000,True,Mercedes,6398.050000,,4,1.000000,False,,False,False
2026,3,Japanese Grand Prix,R,6690.317000,ANT,12,antonelli,mercedes,146.237000,27.000000,2.000000,,,49.968000,67.880000,28.389000,6594.083000,6661.963000,6690.352000,202.000000,117.000000,278.000000,118.000000,False,HARD,5.000000,True,Mercedes,6544.080000,,41,1.000000,False,,False,False
2026,3,Japanese Grand Prix,R,6783.966000,ANT,12,antonelli,mercedes,93.649000,28.000000,2.000000,,,33.933000,41.745000,17.971000,6724.285000,6766.030000,6784.001000,264.000000,310.000000,281.000000,274.000000,True,HARD,6.000000,True,Mercedes,6690.317000,,1,1.000000,False,,False,True
2026,3,Japanese Grand Prix,R,6877.333000,ANT,12,antonelli,mercedes,93.367000,29.000000,2.000000,,,33.975000,41.396000,17.996000,6817.976000,6859.372000,6877.368000,260.000000,316.000000,280.000000,277.000000,True,HARD,7.000000,True,Mercedes,6783.966000,,1,1.000000,False,,False,True
2026,3,Japanese Grand Prix,R,6970.192000,ANT,12,antonelli,mercedes,92.859000,30.000000,2.000000,,,33.749000,41.267000,17.843000,6911.117000,6952.384000,6970.227000,258.000000,313.000000,281.000000,277.000000,True,HARD,8.000000,True,Mercedes,6877.333000,,1,1.000000,False,,False,True
2026,3,Japanese Grand Prix,R,7063.450000,ANT,12,antonelli,mercedes,93.258000,31.000000,2.000000,,,33.989000,41.365000,17.904000,7004.216000,7045.581000,7063.485000,260.000000,315.000000,281.000000,278.000000,False,HARD,9.000000,True,Mercedes,6970.192000,,1,1.000000,False,,False,True
2026,3,Japanese Grand Prix,R,7156.318000,ANT,12,antonelli,mercedes,92.868000,32.000000,2.000000,,,33.795000,41.232000,17.841000,7097.280000,7138.512000,7156.353000,260.000000,315.000000,282.000000,278.000000,False,HARD,10.000000,True,Mercedes,7063.450000,,1,1.000000,False,,False,True
2026,3,Japanese Grand Prix,R,7249.317000,ANT,12,antonelli,mercedes,92.999000,33.000000,2.000000,,,33.848000,41.293000,17.858000,7190.201000,7231.494000,7249.352000,260.000000,315.000000,282.000000,278.000000,False,HARD,11.000000,True,Mercedes,7156.318000,,1,1.000000,False,,False,True
2026,3,Japanese Grand Prix,R,7342.226000,ANT,12,antonelli,mercedes,92.909000,34.000000,2.000000,,,33.690000,41.436000,17.783000,7283.042000,7324.478000,7342.261000,260.000000,318.000000,281.000000,279.000000,False,HARD,12.000000,True,Mercedes,7249.317000,,1,1.000000,False,,False,True
2026,3,Japanese Grand Prix,R,7435.138000,ANT,12,antonelli,mercedes,92.912000,35.000000,2.000000,,,33.821000,41.282000,17.809000,7376.082000,7417.364000,7435.173000,260.000000,316.000000,282.000000,278.000000,False,HARD,13.000000,True,Mercedes,7342.226000,,1,1.000000,False,,False,True
2026,3,Japanese Grand Prix,R,7528.071000,ANT,12,antonelli,mercedes,92.933000,36.000000,2.000000,,,33.733000,41.316000,17.884000,7468.906000,7510.222000,7528.106000,261.000000,317.000000,281.000000,279.000000,False,HARD,14.000000,True,Mercedes,7435.138000,,1,1.000000,False,,False,True
2026,3,Japanese Grand Prix,R,7621.055000,ANT,12,antonelli,mercedes,92.984000,37.000000,2.000000,,,33.857000,41.266000,17.861000,7561.963000,7603.229000,7621.090000,260.000000,316.000000,281.000000,277.000000,False,HARD,15.000000,True,Mercedes,7528.071000,,1,1.000000,False,,False,True
2026,3,Japanese Grand Prix,R,7714.010000,ANT,12,antonelli,mercedes,92.955000,38.000000,2.000000,,,33.944000,41.180000,17.831000,7655.034000,7696.214000,7714.045000,259.000000,316.000000,281.000000,279.000000,False,HARD,16.000000,True,Mercedes,7621.055000,,1,1.000000,False,,False,True
2026,3,Japanese Grand Prix,R,7806.741000,ANT,12,antonelli,mercedes,92.731000,39.000000,2.000000,,,33.705000,41.240000,17.786000,7747.750000,7788.990000,7806.776000,261.000000,319.000000,282.000000,279.000000,True,HARD,17.000000,True,Mercedes,7714.010000,,1,1.000000,False,,False,True
2026,3,Japanese Grand Prix,R,7899.734000,ANT,12,antonelli,mercedes,92.993000,40.000000,2.000000,,,33.921000,41.229000,17.843000,7840.697000,7881.926000,7899.769000,260.000000,319.000000,281.000000,280.000000,False,HARD,18.000000,True,Mercedes,7806.741000,,1,1.000000,False,,False,True
2026,3,Japanese Grand Prix,R,7992.470000,ANT,12,antonelli,mercedes,92.736000,41.000000,2.000000,,,33.844000,41.110000,17.782000,7933.613000,7974.723000,7992.505000,260.000000,320.000000,281.000000,281.000000,False,HARD,19.000000,True,Mercedes,7899.734000,,1,1.000000,False,,False,True
2026,3,Japanese Grand Prix,R,8085.296000,ANT,12,antonelli,mercedes,92.826000,42.000000,2.000000,,,33.844000,41.192000,17.790000,,8067.541000,8085.331000,261.000000,320.000000,282.000000,280.000000,False,HARD,20.000000,True,Mercedes,7992.470000,,1,1.000000,False,,False,True
2026,3,Japanese Grand Prix,R,8177.834000,ANT,12,antonelli,mercedes,92.538000,43.000000,2.000000,,,33.739000,41.104000,17.695000,8119.070000,8160.174000,8177.869000,261.000000,322.000000,282.000000,281.000000,True,HARD,21.000000,True,Mercedes,8085.296000,,1,1.000000,False,,False,True
2026,3,Japanese Grand Prix,R,8270.404000,ANT,12,antonelli,mercedes,92.570000,44.000000,2.000000,,,33.662000,41.192000,17.716000,8211.531000,8252.723000,8270.439000,260.000000,321.000000,282.000000,282.000000,False,HARD,22.000000,True,Mercedes,8177.834000,,1,1.000000,False,,False,True
2026,3,Japanese Grand Prix,R,8363.223000,ANT,12,antonelli,mercedes,92.819000,45.000000,2.000000,,,33.897000,41.132000,17.790000,8304.336000,8345.468000,8363.258000,262.000000,326.000000,283.000000,286.000000,False,HARD,23.000000,True,Mercedes,8270.404000,,1,1.000000,False,,False,True
2026,3,Japanese Grand Prix,R,8455.945000,ANT,12,antonelli,mercedes,92.722000,46.000000,2.000000,,,33.822000,41.130000,17.770000,8397.080000,8438.210000,8455.980000,261.000000,322.000000,283.000000,281.000000,False,HARD,24.000000,True,Mercedes,8363.223000,,1,1.000000,False,,False,True
2026,3,Japanese Grand Prix,R,8549.156000,ANT,12,antonelli,mercedes,93.211000,47.000000,2.000000,,,33.929000,41.504000,17.778000,8489.909000,8531.413000,8549.191000,263.000000,325.000000,280.000000,281.000000,False,HARD,25.000000,True,Mercedes,8455.945000,,1,1.000000,False,,False,True
2026,3,Japanese Grand Prix,R,8642.745000,ANT,12,antonelli,mercedes,93.589000,48.000000,2.000000,,,34.228000,41.473000,17.888000,8583.419000,8624.892000,8642.780000,257.000000,311.000000,283.000000,276.000000,False,HARD,26.000000,True,Mercedes,8549.156000,,1,1.000000,False,,False,True
2026,3,Japanese Grand Prix,R,8735.177000,ANT,12,antonelli,mercedes,92.432000,49.000000,2.000000,,,33.720000,40.986000,17.726000,8676.500000,8717.486000,8735.212000,264.000000,320.000000,283.000000,280.000000,True,HARD,27.000000,True,Mercedes,8642.745000,,1,1.000000,False,,False,True
2026,3,Japanese Grand Prix,R,8828.529000,ANT,12,antonelli,mercedes,93.352000,50.000000,2.000000,,,34.012000,41.430000,17.910000,8769.224000,8810.654000,8828.564000,262.000000,319.000000,282.000000,280.000000,False,HARD,28.000000,True,Mercedes,8735.177000,,1,1.000000,False,,False,True
2026,3,Japanese Grand Prix,R,8921.418000,ANT,12,antonelli,mercedes,92.889000,51.000000,2.000000,,,33.833000,41.302000,17.754000,8862.397000,8903.699000,8921.453000,262.000000,320.000000,283.000000,280.000000,False,HARD,29.000000,True,Mercedes,8828.529000,,1,1.000000,False,,False,True
2026,3,Japanese Grand Prix,R,9014.343000,ANT,12,antonelli,mercedes,92.925000,52.000000,2.000000,,,33.927000,41.281000,17.717000,8955.380000,8996.661000,9014.378000,261.000000,321.000000,283.000000,281.000000,False,HARD,30.000000,True,Mercedes,8921.418000,,1,1.000000,False,,False,True
2026,3,Japanese Grand Prix,R,9108.406000,ANT,12,antonelli,mercedes,94.063000,53.000000,2.000000,,,33.907000,41.548000,18.608000,9048.285000,9089.833000,9108.441000,260.000000,322.000000,176.000000,283.000000,False,HARD,31.000000,True,Mercedes,9014.343000,,1,1.000000,False,,False,True
2026,3,Japanese Grand Prix,R,3932.008000,ALO,14,alonso,aston_martin,107.044000,1.000000,1.000000,,,,45.219000,18.453000,,3913.738000,3932.234000,238.000000,318.000000,272.000000,282.000000,False,MEDIUM,1.000000,True,Aston Martin,3824.711000,,1,20.000000,False,,False,False
2026,3,Japanese Grand Prix,R,4030.597000,ALO,14,alonso,aston_martin,98.589000,2.000000,1.000000,,,36.281000,43.758000,18.550000,3968.350000,4012.108000,4030.658000,245.000000,316.000000,266.000000,279.000000,True,MEDIUM,2.000000,True,Aston Martin,3932.008000,,1,20.000000,False,,False,True
2026,3,Japanese Grand Prix,R,4129.098000,ALO,14,alonso,aston_martin,98.501000,3.000000,1.000000,,,36.233000,43.723000,18.545000,4066.891000,4110.614000,4129.159000,248.000000,312.000000,268.000000,277.000000,True,MEDIUM,3.000000,True,Aston Martin,4030.597000,,1,20.000000,False,,False,True
2026,3,Japanese Grand Prix,R,4227.615000,ALO,14,alonso,aston_martin,98.517000,4.000000,1.000000,,,36.319000,43.615000,18.583000,4165.478000,4209.093000,4227.676000,249.000000,312.000000,268.000000,275.000000,False,MEDIUM,4.000000,True,Aston Martin,4129.098000,,1,20.000000,False,,False,True
2026,3,Japanese Grand Prix,R,4326.143000,ALO,14,alonso,aston_martin,98.528000,5.000000,1.000000,,,36.303000,43.517000,18.708000,4263.979000,4307.496000,4326.204000,249.000000,309.000000,268.000000,274.000000,False,MEDIUM,5.000000,True,Aston Martin,4227.615000,,1,20.000000,False,,False,True
2026,3,Japanese Grand Prix,R,4424.795000,ALO,14,alonso,aston_martin,98.652000,6.000000,1.000000,,,36.383000,43.539000,18.730000,4362.587000,4406.126000,4424.856000,249.000000,306.000000,268.000000,271.000000,False,MEDIUM,6.000000,True,Aston Martin,4326.143000,,1,20.000000,False,,False,True
2026,3,Japanese Grand Prix,R,4523.387000,ALO,14,alonso,aston_martin,98.592000,7.000000,1.000000,,,36.369000,43.554000,18.669000,4461.225000,4504.779000,4523.448000,250.000000,308.000000,267.000000,270.000000,False,MEDIUM,7.000000,True,Aston Martin,4424.795000,,1,20.000000,False,,False,True
2026,3,Japanese Grand Prix,R,4622.276000,ALO,14,alonso,aston_martin,98.889000,8.000000,1.000000,,,37.000000,43.352000,18.537000,4560.448000,4603.800000,4622.337000,249.000000,313.000000,272.000000,277.000000,False,MEDIUM,8.000000,True,Aston Martin,4523.387000,,1,21.000000,False,,False,True
2026,3,Japanese Grand Prix,R,4720.572000,ALO,14,alonso,aston_martin,98.296000,9.000000,1.000000,,,36.350000,43.434000,18.512000,4658.687000,4702.121000,4720.633000,249.000000,315.000000,271.000000,277.000000,True,MEDIUM,9.000000,True,Aston Martin,4622.276000,,1,21.000000,False,,False,True
2026,3,Japanese Grand Prix,R,4819.059000,ALO,14,alonso,aston_martin,98.487000,10.000000,1.000000,,,36.303000,43.608000,18.576000,4756.936000,4800.544000,4819.120000,251.000000,314.000000,271.000000,276.000000,False,MEDIUM,10.000000,True,Aston Martin,4720.572000,,1,21.000000,False,,False,True
2026,3,Japanese Grand Prix,R,4916.925000,ALO,14,alonso,aston_martin,97.866000,11.000000,1.000000,,,36.198000,43.351000,18.317000,4855.318000,4898.669000,4916.986000,250.000000,326.000000,272.000000,281.000000,True,MEDIUM,11.000000,True,Aston Martin,4819.059000,,1,21.000000,False,,False,True
2026,3,Japanese Grand Prix,R,5015.160000,ALO,14,alonso,aston_martin,98.235000,12.000000,1.000000,,,36.473000,43.371000,18.391000,4953.459000,4996.830000,5015.221000,250.000000,327.000000,275.000000,283.000000,False,MEDIUM,12.000000,True,Aston Martin,4916.925000,,1,21.000000,False,,False,True
2026,3,Japanese Grand Prix,R,5113.751000,ALO,14,alonso,aston_martin,98.591000,13.000000,1.000000,,,36.445000,43.582000,18.564000,5051.666000,5095.248000,5113.812000,254.000000,316.000000,271.000000,278.000000,False,MEDIUM,13.000000,True,Aston Martin,5015.160000,,1,21.000000,False,,False,True
2026,3,Japanese Grand Prix,R,5211.973000,ALO,14,alonso,aston_martin,98.222000,14.000000,1.000000,,,36.458000,43.249000,18.515000,5150.270000,5193.519000,5212.034000,256.000000,326.000000,265.000000,282.000000,False,MEDIUM,14.000000,True,Aston Martin,5113.751000,,1,21.000000,False,,False,True
2026,3,Japanese Grand Prix,R,5310.614000,ALO,14,alonso,aston_martin,98.641000,15.000000,1.000000,,,36.621000,43.240000,18.780000,5248.655000,5291.895000,5310.675000,255.000000,328.000000,267.000000,283.000000,False,MEDIUM,15.000000,True,Aston Martin,5211.973000,,1,21.000000,False,,False,True
2026,3,Japanese Grand Prix,R,5409.345000,ALO,14,alonso,aston_martin,98.731000,16.000000,1.000000,,,36.699000,43.456000,18.576000,5347.374000,5390.830000,5409.406000,257.000000,315.000000,271.000000,277.000000,False,MEDIUM,16.000000,True,Aston Martin,5310.614000,,1,21.000000,False,,False,True
2026,3,Japanese Grand Prix,R,5507.648000,ALO,14,alonso,aston_martin,98.303000,17.000000,1.000000,,,36.461000,43.351000,18.491000,5445.867000,5489.218000,5507.709000,255.000000,318.000000,276.000000,279.000000,False,MEDIUM,17.000000,True,Aston Martin,5409.345000,,1,21.000000,False,,False,True
2026,3,Japanese Grand Prix,R,5606.152000,ALO,14,alonso,aston_martin,98.504000,18.000000,1.000000,,,36.377000,43.338000,18.789000,5544.086000,5587.424000,5606.213000,255.000000,329.000000,265.000000,282.000000,False,MEDIUM,18.000000,True,Aston Martin,5507.648000,,1,21.000000,False,,False,True
2026,3,Japanese Grand Prix,R,5704.754000,ALO,14,alonso,aston_martin,98.602000,19.000000,1.000000,,,36.674000,43.290000,18.638000,5642.887000,5686.177000,5704.815000,255.000000,322.000000,267.000000,279.000000,False,MEDIUM,19.000000,True,Aston Martin,5606.152000,,1,21.000000,False,,False,True
2026,3,Japanese Grand Prix,R,5802.934000,ALO,14,alonso,aston_martin,98.180000,20.000000,1.000000,,,36.376000,43.166000,18.638000,5741.191000,5784.357000,5802.995000,263.000000,323.000000,259.000000,282.000000,False,MEDIUM,20.000000,True,Aston Martin,5704.754000,,1,21.000000,False,,False,True
2026,3,Japanese Grand Prix,R,5921.955000,ALO,14,alonso,aston_martin,119.021000,21.000000,1.000000,,5920.390000,36.528000,50.917000,31.576000,5839.523000,5890.440000,5922.016000,263.000000,264.000000,,182.000000,False,MEDIUM,21.000000,True,Aston Martin,5802.934000,,124,20.000000,False,,False,False
2026,3,Japanese Grand Prix,R,6066.523000,ALO,14,alonso,aston_martin,144.568000,22.000000,2.000000,5946.862000,,61.987000,60.954000,21.627000,5984.003000,6044.957000,6066.584000,247.000000,262.000000,259.000000,237.000000,False,HARD,1.000000,True,Aston Martin,5921.955000,,4,20.000000,False,,False,False
2026,3,Japanese Grand Prix,R,6179.611000,ALO,14,alonso,aston_martin,113.088000,23.000000,2.000000,,6178.231000,39.519000,51.323000,22.246000,6106.103000,6157.426000,6179.672000,251.000000,293.000000,,260.000000,False,HARD,2.000000,True,Aston Martin,6066.523000,,4,20.000000,False,,False,False
2026,3,Japanese Grand Prix,R,6304.918000,ALO,14,alonso,aston_martin,125.307000,24.000000,3.000000,6202.289000,,58.126000,47.873000,19.308000,6237.798000,6285.671000,6304.979000,251.000000,295.000000,265.000000,261.000000,False,MEDIUM,1.000000,True,Aston Martin,6179.611000,,4,20.000000,False,,False,False
2026,3,Japanese Grand Prix,R,6423.835000,ALO,14,alonso,aston_martin,118.917000,25.000000,3.000000,,,40.594000,54.319000,24.004000,6345.573000,6399.892000,6423.896000,252.000000,268.000000,226.000000,208.000000,False,MEDIUM,2.000000,True,Aston Martin,6304.918000,,4,20.000000,False,,False,False
2026,3,Japanese Grand Prix,R,6569.850000,ALO,14,alonso,aston_martin,146.015000,26.000000,3.000000,,,49.813000,65.194000,31.008000,6473.709000,6538.903000,6569.911000,161.000000,168.000000,106.000000,211.000000,False,MEDIUM,3.000000,True,Aston Martin,6423.835000,,4,20.000000,False,,False,False
2026,3,Japanese Grand Prix,R,6699.636000,ALO,14,alonso,aston_martin,129.786000,27.000000,3.000000,,,45.686000,59.978000,24.122000,6615.597000,6675.575000,6699.697000,173.000000,138.000000,271.000000,196.000000,False,MEDIUM,4.000000,True,Aston Martin,6569.850000,,41,20.000000,False,,False,False
2026,3,Japanese Grand Prix,R,6797.545000,ALO,14,alonso,aston_martin,97.909000,28.000000,3.000000,,,35.995000,43.629000,18.285000,6735.692000,6779.321000,6797.606000,247.000000,317.000000,268.000000,280.000000,False,MEDIUM,5.000000,True,Aston Martin,6699.636000,,1,20.000000,False,,False,True
2026,3,Japanese Grand Prix,R,6894.624000,ALO,14,alonso,aston_martin,97.079000,29.000000,3.000000,,,35.666000,43.089000,18.324000,6833.272000,6876.361000,6894.685000,258.000000,313.000000,269.000000,279.000000,True,MEDIUM,6.000000,True,Aston Martin,6797.545000,,1,20.000000,False,,False,True
2026,3,Japanese Grand Prix,R,6992.035000,ALO,14,alonso,aston_martin,97.411000,30.000000,3.000000,,,35.685000,43.153000,18.573000,6930.370000,6973.523000,6992.096000,258.000000,314.000000,266.000000,278.000000,False,MEDIUM,7.000000,True,Aston Martin,6894.624000,,1,19.000000,False,,False,True
2026,3,Japanese Grand Prix,R,7089.899000,ALO,14,alonso,aston_martin,97.864000,31.000000,3.000000,,,36.137000,43.271000,18.456000,7028.233000,7071.504000,7089.960000,257.000000,320.000000,269.000000,277.000000,False,MEDIUM,8.000000,True,Aston Martin,6992.035000,,1,19.000000,False,,False,True
2026,3,Japanese Grand Prix,R,7187.961000,ALO,14,alonso,aston_martin,98.062000,32.000000,3.000000,,,35.972000,43.382000,18.708000,7125.932000,7169.314000,7188.022000,250.000000,306.000000,270.000000,270.000000,False,MEDIUM,9.000000,True,Aston Martin,7089.899000,,1,19.000000,False,,False,True
2026,3,Japanese Grand Prix,R,7285.663000,ALO,14,alonso,aston_martin,97.702000,33.000000,3.000000,,,35.856000,43.216000,18.630000,7223.878000,7267.094000,7285.724000,254.000000,309.000000,269.000000,270.000000,False,MEDIUM,10.000000,True,Aston Martin,7187.961000,,1,19.000000,False,,False,True
2026,3,Japanese Grand Prix,R,7383.314000,ALO,14,alonso,aston_martin,97.651000,34.000000,3.000000,,,35.963000,43.051000,18.637000,7321.687000,7364.738000,7383.375000,252.000000,307.000000,270.000000,269.000000,False,MEDIUM,11.000000,True,Aston Martin,7285.663000,,1,19.000000,False,,False,True
2026,3,Japanese Grand Prix,R,7481.068000,ALO,14,alonso,aston_martin,97.754000,35.000000,3.000000,,,35.872000,43.159000,18.723000,7419.247000,7462.406000,7481.129000,253.000000,306.000000,270.000000,269.000000,False,MEDIUM,12.000000,True,Aston Martin,7383.314000,,1,19.000000,False,,False,True
2026,3,Japanese Grand Prix,R,7578.854000,ALO,14,alonso,aston_martin,97.786000,36.000000,3.000000,,,35.929000,43.075000,18.782000,7517.058000,7560.133000,7578.915000,252.000000,306.000000,270.000000,268.000000,False,MEDIUM,13.000000,True,Aston Martin,7481.068000,,1,19.000000,False,,False,True
2026,3,Japanese Grand Prix,R,7676.312000,ALO,14,alonso,aston_martin,97.458000,37.000000,3.000000,,,35.826000,42.895000,18.737000,7614.741000,7657.636000,7676.373000,251.000000,307.000000,270.000000,269.000000,False,MEDIUM,14.000000,True,Aston Martin,7578.854000,,1,19.000000,False,,False,True
2026,3,Japanese Grand Prix,R,7773.553000,ALO,14,alonso,aston_martin,97.241000,38.000000,3.000000,,,35.756000,42.817000,18.668000,7712.129000,7754.946000,7773.614000,252.000000,306.000000,271.000000,269.000000,False,MEDIUM,15.000000,True,Aston Martin,7676.312000,,1,19.000000,False,,False,True
2026,3,Japanese Grand Prix,R,7870.677000,ALO,14,alonso,aston_martin,97.124000,39.000000,3.000000,,,35.648000,42.930000,18.546000,7809.262000,7852.192000,7870.738000,253.000000,306.000000,271.000000,268.000000,False,MEDIUM,16.000000,True,Aston Martin,7773.553000,,1,19.000000,False,,False,True
2026,3,Japanese Grand Prix,R,7967.775000,ALO,14,alonso,aston_martin,97.098000,40.000000,3.000000,,,35.682000,42.719000,18.697000,7906.420000,7949.139000,7967.836000,250.000000,307.000000,271.000000,268.000000,False,MEDIUM,17.000000,True,Aston Martin,7870.677000,,1,19.000000,False,,False,True
2026,3,Japanese Grand Prix,R,8064.603000,ALO,14,alonso,aston_martin,96.828000,41.000000,3.000000,,,35.569000,42.661000,18.598000,8003.405000,8046.066000,8064.664000,253.000000,307.000000,271.000000,268.000000,True,MEDIUM,18.000000,True,Aston Martin,7967.775000,,1,19.000000,False,,False,True
2026,3,Japanese Grand Prix,R,8161.560000,ALO,14,alonso,aston_martin,96.957000,42.000000,3.000000,,,35.672000,42.689000,18.596000,8100.336000,8143.025000,8161.621000,252.000000,304.000000,271.000000,266.000000,False,MEDIUM,19.000000,True,Aston Martin,8064.603000,,1,19.000000,False,,False,True
2026,3,Japanese Grand Prix,R,8258.897000,ALO,14,alonso,aston_martin,97.337000,43.000000,3.000000,,,35.800000,42.923000,18.614000,8197.421000,8240.344000,8258.958000,251.000000,303.000000,271.000000,266.000000,False,MEDIUM,20.000000,True,Aston Martin,8161.560000,,1,19.000000,False,,False,True
2026,3,Japanese Grand Prix,R,8355.668000,ALO,14,alonso,aston_martin,96.771000,44.000000,3.000000,,,35.597000,42.575000,18.599000,8294.555000,8337.130000,8355.729000,254.000000,306.000000,275.000000,268.000000,True,MEDIUM,21.000000,True,Aston Martin,8258.897000,,1,19.000000,False,,False,True
2026,3,Japanese Grand Prix,R,8452.345000,ALO,14,alonso,aston_martin,96.677000,45.000000,3.000000,,,35.249000,42.815000,18.613000,8390.978000,8433.793000,8452.406000,254.000000,305.000000,271.000000,267.000000,True,MEDIUM,22.000000,True,Aston Martin,8355.668000,,1,19.000000,False,,False,True
2026,3,Japanese Grand Prix,R,8549.934000,ALO,14,alonso,aston_martin,97.589000,46.000000,3.000000,,,35.643000,42.881000,19.065000,8488.049000,8530.930000,8549.995000,252.000000,308.000000,271.000000,269.000000,False,MEDIUM,23.000000,True,Aston Martin,8452.345000,,1,19.000000,False,,False,True
2026,3,Japanese Grand Prix,R,8646.155000,ALO,14,alonso,aston_martin,96.221000,47.000000,3.000000,,,35.495000,42.453000,18.273000,8585.490000,8627.943000,8646.216000,255.000000,324.000000,272.000000,276.000000,True,MEDIUM,24.000000,True,Aston Martin,8549.934000,,1,18.000000,False,,False,True
2026,3,Japanese Grand Prix,R,8742.992000,ALO,14,alonso,aston_martin,96.837000,48.000000,3.000000,,,35.508000,42.716000,18.613000,8681.724000,8724.440000,8743.053000,252.000000,307.000000,271.000000,267.000000,False,MEDIUM,25.000000,True,Aston Martin,8646.155000,,1,18.000000,False,,False,True
2026,3,Japanese Grand Prix,R,8840.104000,ALO,14,alonso,aston_martin,97.112000,49.000000,3.000000,,,35.718000,42.818000,18.576000,8778.771000,8821.589000,8840.165000,252.000000,307.000000,269.000000,269.000000,False,MEDIUM,26.000000,True,Aston Martin,8742.992000,,1,18.000000,True,TRACK LIMITS AT TURN 17 LAP 49 ,False,True
2026,3,Japanese Grand Prix,R,8939.211000,ALO,14,alonso,aston_martin,99.107000,50.000000,3.000000,,,35.710000,43.766000,19.631000,8875.875000,8919.641000,8939.272000,252.000000,313.000000,275.000000,271.000000,False,MEDIUM,27.000000,True,Aston Martin,8840.104000,,1,18.000000,False,,False,True
2026,3,Japanese Grand Prix,R,9035.962000,ALO,14,alonso,aston_martin,96.751000,51.000000,3.000000,,,35.575000,42.743000,18.433000,8974.847000,9017.590000,9036.023000,252.000000,313.000000,273.000000,272.000000,False,MEDIUM,28.000000,True,Aston Martin,8939.211000,,1,18.000000,False,,False,True
2026,3,Japanese Grand Prix,R,9134.915000,ALO,14,alonso,aston_martin,98.953000,52.000000,3.000000,,,35.522000,45.098000,18.333000,9071.545000,9116.643000,9134.976000,253.000000,324.000000,273.000000,280.000000,False,MEDIUM,29.000000,True,Aston Martin,9035.962000,,1,18.000000,False,,False,True
2026,3,Japanese Grand Prix,R,3921.324000,LEC,16,leclerc,ferrari,96.360000,1.000000,1.000000,,,,41.648000,18.305000,,3903.103000,3921.563000,267.000000,320.000000,265.000000,283.000000,False,MEDIUM,1.000000,True,Ferrari,3824.711000,,1,2.000000,False,,False,False
2026,3,Japanese Grand Prix,R,4016.450000,LEC,16,leclerc,ferrari,95.126000,2.000000,1.000000,,,34.987000,42.055000,18.084000,3956.348000,3998.403000,4016.487000,258.000000,325.000000,261.000000,285.000000,True,MEDIUM,2.000000,True,Ferrari,3921.324000,,1,2.000000,False,,False,True
2026,3,Japanese Grand Prix,R,4111.555000,LEC,16,leclerc,ferrari,95.105000,3.000000,1.000000,,,35.159000,41.807000,18.139000,4051.646000,4093.453000,4111.592000,260.000000,319.000000,263.000000,282.000000,True,MEDIUM,3.000000,True,Ferrari,4016.450000,,1,2.000000,False,,False,True
2026,3,Japanese Grand Prix,R,4207.986000,LEC,16,leclerc,ferrari,96.431000,4.000000,1.000000,,,35.751000,42.366000,18.314000,4147.343000,4189.709000,4208.023000,258.000000,317.000000,274.000000,283.000000,False,MEDIUM,4.000000,True,Ferrari,4111.555000,,1,3.000000,False,,False,True
2026,3,Japanese Grand Prix,R,4303.195000,LEC,16,leclerc,ferrari,95.209000,5.000000,1.000000,,,34.819000,42.188000,18.202000,4242.842000,4285.030000,4303.232000,257.000000,319.000000,274.000000,284.000000,False,MEDIUM,5.000000,True,Ferrari,4207.986000,,1,3.000000,False,,False,True
2026,3,Japanese Grand Prix,R,4398.482000,LEC,16,leclerc,ferrari,95.287000,6.000000,1.000000,,,34.924000,42.114000,18.249000,4338.156000,4380.270000,4398.519000,258.000000,315.000000,277.000000,282.000000,False,MEDIUM,6.000000,True,Ferrari,4303.195000,,1,3.000000,False,,False,True
2026,3,Japanese Grand Prix,R,4493.437000,LEC,16,leclerc,ferrari,94.955000,7.000000,1.000000,,,34.580000,42.098000,18.277000,4433.099000,4475.197000,4493.474000,253.000000,311.000000,276.000000,279.000000,True,MEDIUM,7.000000,True,Ferrari,4398.482000,,1,3.000000,False,,False,True
2026,3,Japanese Grand Prix,R,4588.895000,LEC,16,leclerc,ferrari,95.458000,8.000000,1.000000,,,34.685000,42.490000,18.283000,4528.159000,4570.649000,4588.932000,254.000000,310.000000,273.000000,278.000000,False,MEDIUM,8.000000,True,Ferrari,4493.437000,,1,3.000000,False,,False,True
2026,3,Japanese Grand Prix,R,4684.518000,LEC,16,leclerc,ferrari,95.623000,9.000000,1.000000,,,34.940000,42.173000,18.510000,4623.872000,4666.045000,4684.555000,255.000000,304.000000,276.000000,276.000000,False,MEDIUM,9.000000,True,Ferrari,4588.895000,,1,3.000000,False,,False,True
2026,3,Japanese Grand Prix,R,4779.664000,LEC,16,leclerc,ferrari,95.146000,10.000000,1.000000,,,34.721000,42.210000,18.215000,4719.276000,4761.486000,4779.701000,253.000000,319.000000,277.000000,283.000000,False,MEDIUM,10.000000,True,Ferrari,4684.518000,,1,3.000000,False,,False,True
2026,3,Japanese Grand Prix,R,4874.809000,LEC,16,leclerc,ferrari,95.145000,11.000000,1.000000,,,34.888000,42.046000,18.211000,4814.589000,4856.635000,4874.846000,261.000000,313.000000,276.000000,280.000000,False,MEDIUM,11.000000,True,Ferrari,4779.664000,,1,3.000000,False,,False,True
2026,3,Japanese Grand Prix,R,4970.010000,LEC,16,leclerc,ferrari,95.201000,12.000000,1.000000,,,34.963000,41.973000,18.265000,4909.809000,4951.782000,4970.047000,262.000000,316.000000,276.000000,281.000000,False,MEDIUM,12.000000,True,Ferrari,4874.809000,,1,3.000000,False,,False,True
2026,3,Japanese Grand Prix,R,5065.418000,LEC,16,leclerc,ferrari,95.408000,13.000000,1.000000,,,35.037000,42.103000,18.268000,5005.084000,5047.187000,5065.455000,261.000000,316.000000,277.000000,281.000000,False,MEDIUM,13.000000,True,Ferrari,4970.010000,,1,3.000000,False,,False,True
2026,3,Japanese Grand Prix,R,5160.723000,LEC,16,leclerc,ferrari,95.305000,14.000000,1.000000,,,34.916000,42.184000,18.205000,5100.371000,5142.555000,5160.760000,255.000000,313.000000,277.000000,279.000000,False,MEDIUM,14.000000,True,Ferrari,5065.418000,,1,3.000000,False,,False,True
2026,3,Japanese Grand Prix,R,5256.626000,LEC,16,leclerc,ferrari,95.903000,15.000000,1.000000,,,34.939000,42.157000,18.807000,5195.699000,5237.856000,5256.663000,252.000000,311.000000,279.000000,277.000000,False,MEDIUM,15.000000,True,Ferrari,5160.723000,,1,4.000000,False,,False,True
2026,3,Japanese Grand Prix,R,5351.933000,LEC,16,leclerc,ferrari,95.307000,16.000000,1.000000,,,35.102000,41.942000,18.263000,5291.765000,5333.707000,5351.970000,262.000000,326.000000,277.000000,281.000000,False,MEDIUM,16.000000,True,Ferrari,5256.626000,,1,3.000000,False,,False,True
2026,3,Japanese Grand Prix,R,5449.381000,LEC,16,leclerc,ferrari,97.448000,17.000000,1.000000,,5448.100000,34.980000,41.989000,20.479000,5386.950000,5428.939000,5449.418000,262.000000,314.000000,,288.000000,False,MEDIUM,17.000000,True,Ferrari,5351.933000,,1,5.000000,False,,False,False
2026,3,Japanese Grand Prix,R,5563.718000,LEC,16,leclerc,ferrari,114.337000,18.000000,2.000000,5471.082000,,54.283000,41.849000,18.205000,5503.701000,5545.550000,5563.755000,255.000000,310.000000,275.000000,276.000000,False,HARD,1.000000,True,Ferrari,5449.381000,,1,7.000000,False,,False,False
2026,3,Japanese Grand Prix,R,5658.144000,LEC,16,leclerc,ferrari,94.426000,19.000000,2.000000,,,34.787000,41.516000,18.123000,5598.542000,5640.058000,5658.181000,260.000000,316.000000,277.000000,280.000000,True,HARD,2.000000,True,Ferrari,5563.718000,,1,7.000000,False,,False,True
2026,3,Japanese Grand Prix,R,5752.410000,LEC,16,leclerc,ferrari,94.266000,20.000000,2.000000,,,34.695000,41.458000,18.113000,5692.876000,5734.334000,5752.447000,260.000000,316.000000,279.000000,281.000000,True,HARD,3.000000,True,Ferrari,5658.144000,,1,7.000000,False,,False,True
2026,3,Japanese Grand Prix,R,5846.542000,LEC,16,leclerc,ferrari,94.132000,21.000000,2.000000,,,34.478000,41.616000,18.038000,5786.925000,5828.541000,5846.579000,260.000000,318.000000,279.000000,284.000000,True,HARD,4.000000,True,Ferrari,5752.410000,,1,7.000000,False,,False,True
2026,3,Japanese Grand Prix,R,5966.848000,LEC,16,leclerc,ferrari,120.306000,22.000000,2.000000,,,38.643000,57.297000,24.366000,5885.222000,5942.519000,5966.885000,159.000000,258.000000,200.000000,253.000000,False,HARD,5.000000,True,Ferrari,5846.542000,,124,7.000000,False,,False,False
2026,3,Japanese Grand Prix,R,6104.922000,LEC,16,leclerc,ferrari,138.074000,23.000000,2.000000,,,45.154000,62.826000,30.094000,6012.039000,6074.865000,6104.959000,196.000000,164.000000,235.000000,234.000000,False,HARD,6.000000,True,Ferrari,5966.848000,,4,5.000000,False,,False,False
2026,3,Japanese Grand Prix,R,6252.022000,LEC,16,leclerc,ferrari,147.100000,24.000000,2.000000,,,51.070000,70.688000,25.342000,6156.029000,6226.717000,6252.059000,205.000000,128.000000,234.000000,234.000000,False,HARD,7.000000,True,Ferrari,6104.922000,,4,5.000000,False,,False,False
2026,3,Japanese Grand Prix,R,6403.472000,LEC,16,leclerc,ferrari,,25.000000,2.000000,,,52.556000,71.423000,27.495000,6304.744000,6376.106000,6403.687000,126.000000,230.000000,219.000000,202.000000,False,HARD,8.000000,True,Ferrari,6252.022000,,4,5.000000,False,,False,False
2026,3,Japanese Grand Prix,R,6550.134000,LEC,16,leclerc,ferrari,146.662000,26.000000,2.000000,,,54.354000,63.009000,29.299000,6457.863000,6520.872000,6550.171000,156.000000,183.000000,233.000000,120.000000,False,HARD,9.000000,True,Ferrari,6403.472000,,4,5.000000,False,,False,False
2026,3,Japanese Grand Prix,R,6692.282000,LEC,16,leclerc,ferrari,142.148000,27.000000,2.000000,,,48.459000,65.398000,28.291000,6598.630000,6664.028000,6692.319000,213.000000,131.000000,281.000000,121.000000,False,HARD,10.000000,True,Ferrari,6550.134000,,41,5.000000,False,,False,False
2026,3,Japanese Grand Prix,R,6787.569000,LEC,16,leclerc,ferrari,95.287000,28.000000,2.000000,,,35.331000,41.904000,18.052000,6727.650000,6769.554000,6787.606000,265.000000,318.000000,283.000000,286.000000,False,HARD,11.000000,True,Ferrari,6692.282000,,1,5.000000,False,,False,True
2026,3,Japanese Grand Prix,R,6881.235000,LEC,16,leclerc,ferrari,93.666000,29.000000,2.000000,,,34.302000,41.486000,17.878000,6821.908000,6863.394000,6881.272000,260.000000,331.000000,281.000000,291.000000,True,HARD,12.000000,True,Ferrari,6787.569000,,1,5.000000,False,,False,True
2026,3,Japanese Grand Prix,R,6974.931000,LEC,16,leclerc,ferrari,93.696000,30.000000,2.000000,,,34.331000,41.368000,17.997000,6915.603000,6956.971000,6974.968000,262.000000,329.000000,283.000000,290.000000,False,HARD,13.000000,True,Ferrari,6881.235000,,1,5.000000,False,,False,True
2026,3,Japanese Grand Prix,R,7068.846000,LEC,16,leclerc,ferrari,93.915000,31.000000,2.000000,,,34.399000,41.644000,17.872000,7009.367000,7051.011000,7068.883000,259.000000,327.000000,282.000000,289.000000,False,HARD,14.000000,True,Ferrari,6974.931000,,1,5.000000,False,,False,True
2026,3,Japanese Grand Prix,R,7162.340000,LEC,16,leclerc,ferrari,93.494000,32.000000,2.000000,,,34.121000,41.499000,17.874000,7103.004000,7144.503000,7162.377000,262.000000,328.000000,280.000000,289.000000,True,HARD,15.000000,True,Ferrari,7068.846000,,1,5.000000,False,,False,True
2026,3,Japanese Grand Prix,R,7255.784000,LEC,16,leclerc,ferrari,93.444000,33.000000,2.000000,,,34.154000,41.412000,17.878000,7196.531000,7237.943000,7255.821000,266.000000,334.000000,283.000000,293.000000,True,HARD,16.000000,True,Ferrari,7162.340000,,1,5.000000,False,,False,True
2026,3,Japanese Grand Prix,R,7349.292000,LEC,16,leclerc,ferrari,93.508000,34.000000,2.000000,,,34.361000,41.287000,17.860000,7290.182000,7331.469000,7349.329000,261.000000,336.000000,280.000000,293.000000,False,HARD,17.000000,True,Ferrari,7255.784000,,1,5.000000,False,,False,True
2026,3,Japanese Grand Prix,R,7442.544000,LEC,16,leclerc,ferrari,93.252000,35.000000,2.000000,,,34.170000,41.246000,17.836000,7383.499000,7424.745000,7442.581000,263.000000,337.000000,281.000000,296.000000,True,HARD,18.000000,True,Ferrari,7349.292000,,1,5.000000,False,,False,True
2026,3,Japanese Grand Prix,R,7536.207000,LEC,16,leclerc,ferrari,93.663000,36.000000,2.000000,,,34.397000,41.350000,17.916000,7476.978000,7518.328000,7536.244000,262.000000,337.000000,281.000000,294.000000,False,HARD,19.000000,True,Ferrari,7442.544000,,1,5.000000,False,,False,True
2026,3,Japanese Grand Prix,R,7629.951000,LEC,16,leclerc,ferrari,93.744000,37.000000,2.000000,,,34.335000,41.364000,18.045000,7570.579000,7611.943000,7629.988000,262.000000,334.000000,280.000000,290.000000,False,HARD,20.000000,True,Ferrari,7536.207000,,1,4.000000,False,,False,True
2026,3,Japanese Grand Prix,R,7723.079000,LEC,16,leclerc,ferrari,93.128000,38.000000,2.000000,,,34.033000,41.130000,17.965000,7664.021000,7705.151000,7723.116000,262.000000,332.000000,281.000000,292.000000,True,HARD,21.000000,True,Ferrari,7629.951000,,1,4.000000,False,,False,True
2026,3,Japanese Grand Prix,R,7816.536000,LEC,16,leclerc,ferrari,93.457000,39.000000,2.000000,,,34.273000,41.215000,17.969000,7757.389000,7798.604000,7816.573000,263.000000,330.000000,285.000000,291.000000,False,HARD,22.000000,True,Ferrari,7723.079000,,1,4.000000,False,,False,True
2026,3,Japanese Grand Prix,R,7910.241000,LEC,16,leclerc,ferrari,93.705000,40.000000,2.000000,,,34.127000,41.414000,18.164000,7850.700000,7892.114000,7910.278000,264.000000,333.000000,283.000000,295.000000,False,HARD,23.000000,True,Ferrari,7816.536000,,1,4.000000,False,,False,True
2026,3,Japanese Grand Prix,R,8004.395000,LEC,16,leclerc,ferrari,94.154000,41.000000,2.000000,,,34.659000,41.387000,18.108000,7944.937000,7986.324000,8004.432000,259.000000,337.000000,284.000000,298.000000,False,HARD,24.000000,True,Ferrari,7910.241000,,1,4.000000,False,,False,True
2026,3,Japanese Grand Prix,R,8097.813000,LEC,16,leclerc,ferrari,93.418000,42.000000,2.000000,,,34.046000,41.392000,17.980000,8038.478000,8079.870000,8097.850000,262.000000,319.000000,283.000000,283.000000,False,HARD,25.000000,True,Ferrari,8004.395000,,1,3.000000,False,,False,True
2026,3,Japanese Grand Prix,R,8191.018000,LEC,16,leclerc,ferrari,93.205000,43.000000,2.000000,,,34.035000,41.101000,18.069000,8131.885000,8172.986000,8191.055000,262.000000,317.000000,282.000000,281.000000,False,HARD,26.000000,True,Ferrari,8097.813000,,1,3.000000,False,,False,True
2026,3,Japanese Grand Prix,R,8284.322000,LEC,16,leclerc,ferrari,93.304000,44.000000,2.000000,,,34.186000,41.070000,18.048000,8225.241000,8266.311000,8284.359000,263.000000,317.000000,282.000000,282.000000,False,HARD,27.000000,True,Ferrari,8191.018000,,1,3.000000,False,,False,True
2026,3,Japanese Grand Prix,R,8377.929000,LEC,16,leclerc,ferrari,93.607000,45.000000,2.000000,,,34.179000,41.274000,18.154000,8318.538000,8359.812000,8377.966000,264.000000,309.000000,282.000000,280.000000,False,HARD,28.000000,True,Ferrari,8284.322000,,1,3.000000,False,,False,True
2026,3,Japanese Grand Prix,R,8471.089000,LEC,16,leclerc,ferrari,93.160000,46.000000,2.000000,,,33.994000,41.120000,18.046000,8411.960000,8453.080000,8471.126000,262.000000,314.000000,282.000000,281.000000,False,HARD,29.000000,True,Ferrari,8377.929000,,1,3.000000,False,,False,True
2026,3,Japanese Grand Prix,R,8564.211000,LEC,16,leclerc,ferrari,93.122000,47.000000,2.000000,,,33.936000,41.208000,17.978000,8505.062000,8546.270000,8564.248000,260.000000,315.000000,284.000000,283.000000,True,HARD,30.000000,True,Ferrari,8471.089000,,1,3.000000,False,,False,True
2026,3,Japanese Grand Prix,R,8657.222000,LEC,16,leclerc,ferrari,93.011000,48.000000,2.000000,,,33.676000,41.140000,18.195000,8597.924000,8639.064000,8657.259000,267.000000,320.000000,280.000000,286.000000,True,HARD,31.000000,True,Ferrari,8564.211000,,1,3.000000,False,,False,True
2026,3,Japanese Grand Prix,R,8750.708000,LEC,16,leclerc,ferrari,93.486000,49.000000,2.000000,,,34.157000,41.291000,18.038000,8691.416000,8732.707000,8750.745000,260.000000,315.000000,284.000000,282.000000,False,HARD,32.000000,True,Ferrari,8657.222000,,1,3.000000,False,,False,True
2026,3,Japanese Grand Prix,R,8844.881000,LEC,16,leclerc,ferrari,94.173000,50.000000,2.000000,,,34.173000,41.289000,18.711000,8784.918000,8826.207000,8844.918000,261.000000,315.000000,286.000000,282.000000,False,HARD,33.000000,True,Ferrari,8750.708000,,1,4.000000,False,,False,True
2026,3,Japanese Grand Prix,R,8937.778000,LEC,16,leclerc,ferrari,92.897000,51.000000,2.000000,,,33.813000,41.284000,17.800000,8878.731000,8920.015000,8937.815000,261.000000,331.000000,284.000000,291.000000,True,HARD,34.000000,True,Ferrari,8844.881000,,1,3.000000,False,,False,True
2026,3,Japanese Grand Prix,R,9030.979000,LEC,16,leclerc,ferrari,93.201000,52.000000,2.000000,,,34.047000,41.137000,18.017000,8971.862000,9012.999000,9031.016000,270.000000,314.000000,285.000000,280.000000,False,HARD,35.000000,True,Ferrari,8937.778000,,1,3.000000,False,,False,True
2026,3,Japanese Grand Prix,R,9123.613000,LEC,16,leclerc,ferrari,92.634000,53.000000,2.000000,,,33.905000,40.919000,17.810000,9064.921000,9105.840000,9123.650000,266.000000,325.000000,279.000000,289.000000,True,HARD,36.000000,True,Ferrari,9030.979000,,1,3.000000,False,,False,True
2026,3,Japanese Grand Prix,R,3933.198000,STR,18,stroll,aston_martin,108.234000,1.000000,1.000000,,,,45.723000,18.803000,,3914.585000,3933.404000,247.000000,329.000000,275.000000,278.000000,False,MEDIUM,1.000000,True,Aston Martin,3824.711000,,1,22.000000,False,,False,False
2026,3,Japanese Grand Prix,R,4031.567000,STR,18,stroll,aston_martin,98.369000,2.000000,1.000000,,,35.693000,44.130000,18.546000,3968.944000,4013.074000,4031.620000,251.000000,314.000000,273.000000,279.000000,True,MEDIUM,2.000000,True,Aston Martin,3933.198000,,1,21.000000,False,,False,True
2026,3,Japanese Grand Prix,R,4129.796000,STR,18,stroll,aston_martin,98.229000,3.000000,1.000000,,,36.126000,43.543000,18.560000,4067.746000,4111.289000,4129.849000,251.000000,317.000000,268.000000,281.000000,True,MEDIUM,3.000000,True,Aston Martin,4031.567000,,1,21.000000,False,,False,True
2026,3,Japanese Grand Prix,R,4228.383000,STR,18,stroll,aston_martin,98.587000,4.000000,1.000000,,,36.248000,43.686000,18.653000,4166.097000,4209.783000,4228.436000,252.000000,313.000000,270.000000,279.000000,False,MEDIUM,4.000000,True,Aston Martin,4129.796000,,1,21.000000,False,,False,True
2026,3,Japanese Grand Prix,R,4326.809000,STR,18,stroll,aston_martin,98.426000,5.000000,1.000000,,,36.258000,43.604000,18.564000,4264.694000,4308.298000,4326.862000,252.000000,311.000000,272.000000,278.000000,False,MEDIUM,5.000000,True,Aston Martin,4228.383000,,1,21.000000,False,,False,True
2026,3,Japanese Grand Prix,R,4425.426000,STR,18,stroll,aston_martin,98.617000,6.000000,1.000000,,,36.306000,43.703000,18.608000,4363.168000,4406.871000,4425.479000,256.000000,309.000000,273.000000,277.000000,False,MEDIUM,6.000000,True,Aston Martin,4326.809000,,1,21.000000,False,,False,True
2026,3,Japanese Grand Prix,R,4523.888000,STR,18,stroll,aston_martin,98.462000,7.000000,1.000000,,,36.301000,43.619000,18.542000,4461.780000,4505.399000,4523.941000,255.000000,311.000000,273.000000,277.000000,False,MEDIUM,7.000000,True,Aston Martin,4425.426000,,1,21.000000,False,,False,True
2026,3,Japanese Grand Prix,R,4621.571000,STR,18,stroll,aston_martin,97.683000,8.000000,1.000000,,,35.578000,43.500000,18.605000,4559.519000,4603.019000,4621.624000,255.000000,305.000000,271.000000,271.000000,True,MEDIUM,8.000000,True,Aston Martin,4523.888000,,1,20.000000,False,,False,True
2026,3,Japanese Grand Prix,R,4719.770000,STR,18,stroll,aston_martin,98.199000,9.000000,1.000000,,,36.017000,43.604000,18.578000,4657.641000,4701.245000,4719.823000,246.000000,307.000000,271.000000,271.000000,False,MEDIUM,9.000000,True,Aston Martin,4621.571000,,1,20.000000,False,,False,True
2026,3,Japanese Grand Prix,R,4818.063000,STR,18,stroll,aston_martin,98.293000,10.000000,1.000000,,,36.207000,43.553000,18.533000,4756.030000,4799.583000,4818.116000,246.000000,306.000000,272.000000,271.000000,False,MEDIUM,10.000000,True,Aston Martin,4719.770000,,1,20.000000,False,,False,True
2026,3,Japanese Grand Prix,R,4916.114000,STR,18,stroll,aston_martin,98.051000,11.000000,1.000000,,,36.153000,43.493000,18.405000,4854.269000,4897.762000,4916.167000,247.000000,316.000000,267.000000,277.000000,False,MEDIUM,11.000000,True,Aston Martin,4818.063000,,1,20.000000,False,,False,True
2026,3,Japanese Grand Prix,R,5014.736000,STR,18,stroll,aston_martin,98.622000,12.000000,1.000000,,,36.487000,43.520000,18.615000,4952.654000,4996.174000,5014.789000,247.000000,307.000000,271.000000,272.000000,False,MEDIUM,12.000000,True,Aston Martin,4916.114000,,1,20.000000,False,,False,True
2026,3,Japanese Grand Prix,R,5113.190000,STR,18,stroll,aston_martin,98.454000,13.000000,1.000000,,,36.333000,43.528000,18.593000,5051.122000,5094.650000,5113.243000,247.000000,306.000000,271.000000,271.000000,False,MEDIUM,13.000000,True,Aston Martin,5014.736000,,1,20.000000,False,,False,True
2026,3,Japanese Grand Prix,R,5211.377000,STR,18,stroll,aston_martin,98.187000,14.000000,1.000000,,,36.224000,43.407000,18.556000,5149.467000,5192.874000,5211.430000,247.000000,307.000000,272.000000,271.000000,False,MEDIUM,14.000000,True,Aston Martin,5113.190000,,1,20.000000,False,,False,True
2026,3,Japanese Grand Prix,R,5310.230000,STR,18,stroll,aston_martin,98.853000,15.000000,1.000000,,,36.307000,43.705000,18.841000,5247.737000,5291.442000,5310.283000,247.000000,305.000000,271.000000,270.000000,False,MEDIUM,15.000000,True,Aston Martin,5211.377000,,1,20.000000,False,,False,True
2026,3,Japanese Grand Prix,R,5408.657000,STR,18,stroll,aston_martin,98.427000,16.000000,1.000000,,,36.304000,43.531000,18.592000,5346.587000,5390.118000,5408.710000,249.000000,305.000000,271.000000,270.000000,False,MEDIUM,16.000000,True,Aston Martin,5310.230000,,1,20.000000,False,,False,True
2026,3,Japanese Grand Prix,R,5507.233000,STR,18,stroll,aston_martin,98.576000,17.000000,1.000000,,,36.566000,43.400000,18.610000,5445.276000,5488.676000,5507.286000,247.000000,309.000000,273.000000,272.000000,False,MEDIUM,17.000000,True,Aston Martin,5408.657000,,1,20.000000,False,,False,True
2026,3,Japanese Grand Prix,R,5605.687000,STR,18,stroll,aston_martin,98.454000,18.000000,1.000000,,,36.307000,43.350000,18.797000,5543.593000,5586.943000,5605.740000,249.000000,307.000000,272.000000,271.000000,False,MEDIUM,18.000000,True,Aston Martin,5507.233000,,1,20.000000,False,,False,True
2026,3,Japanese Grand Prix,R,5704.059000,STR,18,stroll,aston_martin,98.372000,19.000000,1.000000,,,36.404000,43.347000,18.621000,5642.144000,5685.491000,5704.112000,254.000000,307.000000,270.000000,271.000000,False,MEDIUM,19.000000,True,Aston Martin,5605.687000,,1,20.000000,False,,False,True
2026,3,Japanese Grand Prix,R,5802.465000,STR,18,stroll,aston_martin,98.406000,20.000000,1.000000,,,36.487000,43.281000,18.638000,5740.599000,5783.880000,5802.518000,249.000000,307.000000,272.000000,270.000000,False,MEDIUM,20.000000,True,Aston Martin,5704.059000,,1,20.000000,False,,False,True
2026,3,Japanese Grand Prix,R,5914.123000,STR,18,stroll,aston_martin,111.658000,21.000000,1.000000,,5912.830000,36.365000,49.537000,25.756000,5838.883000,5888.420000,5914.176000,246.000000,278.000000,,207.000000,False,MEDIUM,21.000000,True,Aston Martin,5802.465000,,124,19.000000,False,,False,False
2026,3,Japanese Grand Prix,R,6060.313000,STR,18,stroll,aston_martin,146.190000,22.000000,2.000000,5937.888000,,62.593000,59.078000,24.519000,5976.769000,6035.847000,6060.366000,234.000000,133.000000,201.000000,238.000000,False,HARD,1.000000,True,Aston Martin,5914.123000,,4,19.000000,False,,False,False
2026,3,Japanese Grand Prix,R,6165.854000,STR,18,stroll,aston_martin,105.541000,23.000000,2.000000,,,37.581000,47.986000,19.974000,6097.947000,6145.933000,6165.907000,249.000000,279.000000,270.000000,255.000000,False,HARD,2.000000,True,Aston Martin,6060.313000,,4,19.000000,False,,False,False
2026,3,Japanese Grand Prix,R,6273.729000,STR,18,stroll,aston_martin,107.875000,24.000000,2.000000,,6272.401000,37.047000,47.545000,23.283000,6202.954000,6250.499000,6273.782000,248.000000,278.000000,,249.000000,False,HARD,3.000000,True,Aston Martin,6165.854000,,4,19.000000,False,,False,False
2026,3,Japanese Grand Prix,R,6420.142000,STR,18,stroll,aston_martin,146.413000,25.000000,3.000000,6295.943000,,56.531000,65.609000,24.273000,6330.313000,6395.922000,6420.195000,246.000000,242.000000,127.000000,248.000000,False,MEDIUM,1.000000,True,Aston Martin,6273.729000,,4,19.000000,False,,False,False
2026,3,Japanese Grand Prix,R,6568.185000,STR,18,stroll,aston_martin,148.043000,26.000000,3.000000,,,52.610000,65.132000,30.301000,6472.805000,6537.937000,6568.238000,125.000000,185.000000,122.000000,215.000000,False,MEDIUM,2.000000,True,Aston Martin,6420.142000,,4,19.000000,False,,False,False
2026,3,Japanese Grand Prix,R,6699.031000,STR,18,stroll,aston_martin,130.846000,27.000000,3.000000,,,45.555000,60.600000,24.691000,6613.793000,6674.393000,6699.084000,194.000000,136.000000,274.000000,162.000000,False,MEDIUM,3.000000,True,Aston Martin,6568.185000,,41,19.000000,False,,False,False
2026,3,Japanese Grand Prix,R,6796.546000,STR,18,stroll,aston_martin,97.515000,28.000000,3.000000,,,36.015000,43.121000,18.379000,6735.099000,6778.220000,6796.599000,252.000000,319.000000,276.000000,282.000000,True,MEDIUM,4.000000,True,Aston Martin,6699.031000,,1,19.000000,False,,False,True
2026,3,Japanese Grand Prix,R,6893.763000,STR,18,stroll,aston_martin,97.217000,29.000000,3.000000,,,35.981000,42.879000,18.357000,6832.580000,6875.459000,6893.816000,247.000000,318.000000,275.000000,280.000000,True,MEDIUM,5.000000,True,Aston Martin,6796.546000,,1,19.000000,False,,False,True
2026,3,Japanese Grand Prix,R,6994.394000,STR,18,stroll,aston_martin,100.631000,30.000000,3.000000,,6993.070000,35.698000,43.267000,21.666000,6929.514000,6972.781000,6994.447000,249.000000,317.000000,,278.000000,False,MEDIUM,6.000000,True,Aston Martin,6893.763000,,1,20.000000,False,,False,False
2026,3,Japanese Grand Prix,R,3930.189000,ALB,23,albon,williams,105.225000,1.000000,1.000000,,,,44.394000,18.510000,,3911.857000,3930.398000,233.000000,333.000000,266.000000,287.000000,False,MEDIUM,1.000000,True,Williams,3824.711000,,1,17.000000,False,,False,False
2026,3,Japanese Grand Prix,R,4027.607000,ALB,23,albon,williams,97.418000,2.000000,1.000000,,,36.274000,42.995000,18.149000,3966.496000,4009.491000,4027.640000,259.000000,326.000000,276.000000,291.000000,True,MEDIUM,2.000000,True,Williams,3930.189000,,1,17.000000,False,,False,True
2026,3,Japanese Grand Prix,R,4125.071000,ALB,23,albon,williams,97.464000,3.000000,1.000000,,,35.871000,43.240000,18.353000,4063.511000,4106.751000,4125.104000,259.000000,335.000000,262.000000,304.000000,False,MEDIUM,3.000000,True,Williams,4027.607000,,1,17.000000,False,,False,True
2026,3,Japanese Grand Prix,R,4223.147000,ALB,23,albon,williams,98.076000,4.000000,1.000000,,,36.825000,43.011000,18.240000,4161.929000,4204.940000,4223.180000,260.000000,325.000000,280.000000,292.000000,False,MEDIUM,4.000000,True,Williams,4125.071000,,1,18.000000,False,,False,True
2026,3,Japanese Grand Prix,R,4319.943000,ALB,23,albon,williams,96.796000,5.000000,1.000000,,,35.721000,42.832000,18.243000,4258.901000,4301.733000,4319.976000,263.000000,327.000000,278.000000,296.000000,True,MEDIUM,5.000000,True,Williams,4223.147000,,1,18.000000,False,,False,True
2026,3,Japanese Grand Prix,R,4417.250000,ALB,23,albon,williams,97.307000,6.000000,1.000000,,,35.804000,43.070000,18.433000,4355.780000,4398.850000,4417.283000,265.000000,328.000000,280.000000,295.000000,False,MEDIUM,6.000000,True,Williams,4319.943000,,1,18.000000,False,,False,True
2026,3,Japanese Grand Prix,R,4514.795000,ALB,23,albon,williams,97.545000,7.000000,1.000000,,,36.081000,43.171000,18.293000,4453.364000,4496.535000,4514.828000,263.000000,330.000000,278.000000,296.000000,False,MEDIUM,7.000000,True,Williams,4417.250000,,1,18.000000,False,,False,True
2026,3,Japanese Grand Prix,R,4612.232000,ALB,23,albon,williams,97.437000,8.000000,1.000000,,,35.891000,43.078000,18.468000,4550.719000,4593.797000,4612.265000,270.000000,328.000000,278.000000,292.000000,False,MEDIUM,8.000000,True,Williams,4514.795000,,1,18.000000,False,,False,True
2026,3,Japanese Grand Prix,R,4709.444000,ALB,23,albon,williams,97.212000,9.000000,1.000000,,,35.852000,43.091000,18.269000,4648.117000,4691.208000,4709.477000,262.000000,320.000000,278.000000,287.000000,False,MEDIUM,9.000000,True,Williams,4612.232000,,1,18.000000,False,,False,True
2026,3,Japanese Grand Prix,R,4806.679000,ALB,23,albon,williams,97.235000,10.000000,1.000000,,,35.788000,43.127000,18.320000,4745.265000,4788.392000,4806.712000,259.000000,318.000000,278.000000,287.000000,False,MEDIUM,10.000000,True,Williams,4709.444000,,1,18.000000,False,,False,True
2026,3,Japanese Grand Prix,R,4903.707000,ALB,23,albon,williams,97.028000,11.000000,1.000000,,,35.970000,42.814000,18.244000,4842.682000,4885.496000,4903.740000,263.000000,315.000000,278.000000,285.000000,False,MEDIUM,11.000000,True,Williams,4806.679000,,1,18.000000,False,,False,True
2026,3,Japanese Grand Prix,R,5000.765000,ALB,23,albon,williams,97.058000,12.000000,1.000000,,,35.943000,42.878000,18.237000,4939.683000,4982.561000,5000.798000,258.000000,315.000000,280.000000,285.000000,False,MEDIUM,12.000000,True,Williams,4903.707000,,1,18.000000,False,,False,True
2026,3,Japanese Grand Prix,R,5097.498000,ALB,23,albon,williams,96.733000,13.000000,1.000000,,,35.851000,42.676000,18.206000,5036.649000,5079.325000,5097.531000,266.000000,318.000000,279.000000,287.000000,True,MEDIUM,13.000000,True,Williams,5000.765000,,1,18.000000,False,,False,True
2026,3,Japanese Grand Prix,R,5194.644000,ALB,23,albon,williams,97.146000,14.000000,1.000000,,,35.921000,42.896000,18.329000,5133.452000,5176.348000,5194.677000,264.000000,313.000000,279.000000,284.000000,False,MEDIUM,14.000000,True,Williams,5097.498000,,1,18.000000,False,,False,True
2026,3,Japanese Grand Prix,R,5291.592000,ALB,23,albon,williams,96.948000,15.000000,1.000000,,,35.916000,42.768000,18.264000,5230.593000,5273.361000,5291.625000,268.000000,314.000000,279.000000,286.000000,False,MEDIUM,15.000000,True,Williams,5194.644000,,1,18.000000,False,,False,True
2026,3,Japanese Grand Prix,R,5388.471000,ALB,23,albon,williams,96.879000,16.000000,1.000000,,,35.857000,42.795000,18.227000,5327.482000,5370.277000,5388.504000,266.000000,313.000000,280.000000,285.000000,False,MEDIUM,16.000000,True,Williams,5291.592000,,1,18.000000,False,,False,True
2026,3,Japanese Grand Prix,R,5485.251000,ALB,23,albon,williams,96.780000,17.000000,1.000000,,,35.894000,42.691000,18.195000,5424.398000,5467.089000,5485.284000,262.000000,315.000000,280.000000,284.000000,False,MEDIUM,17.000000,True,Williams,5388.471000,,1,17.000000,False,,False,True
2026,3,Japanese Grand Prix,R,5582.243000,ALB,23,albon,williams,96.992000,18.000000,1.000000,,,35.912000,42.701000,18.379000,5521.196000,5563.897000,5582.276000,266.000000,312.000000,278.000000,283.000000,False,MEDIUM,18.000000,True,Williams,5485.251000,,1,16.000000,False,,False,True
2026,3,Japanese Grand Prix,R,5678.835000,ALB,23,albon,williams,96.592000,19.000000,1.000000,,,35.810000,42.515000,18.267000,5618.086000,5660.601000,5678.868000,272.000000,316.000000,280.000000,284.000000,True,MEDIUM,19.000000,True,Williams,5582.243000,,1,15.000000,False,,False,True
2026,3,Japanese Grand Prix,R,5775.647000,ALB,23,albon,williams,96.812000,20.000000,1.000000,,,35.793000,42.772000,18.247000,5714.661000,5757.433000,5775.680000,261.000000,314.000000,280.000000,283.000000,False,MEDIUM,20.000000,True,Williams,5678.835000,,1,13.000000,False,,False,True
2026,3,Japanese Grand Prix,R,5872.064000,ALB,23,albon,williams,96.417000,21.000000,1.000000,,,35.615000,42.544000,18.258000,5811.295000,5853.839000,5872.097000,270.000000,312.000000,281.000000,282.000000,True,MEDIUM,21.000000,True,Williams,5775.647000,,12,13.000000,False,,False,True
2026,3,Japanese Grand Prix,R,6003.711000,ALB,23,albon,williams,131.647000,22.000000,1.000000,,6002.425000,46.562000,57.576000,27.509000,5918.659000,5976.235000,6003.744000,213.000000,293.000000,,185.000000,False,MEDIUM,22.000000,True,Williams,5872.064000,,24,13.000000,False,,False,False
2026,3,Japanese Grand Prix,R,6148.919000,ALB,23,albon,williams,145.208000,23.000000,2.000000,6027.020000,,59.217000,63.827000,22.164000,6062.961000,6126.788000,6148.952000,277.000000,301.000000,268.000000,275.000000,False,HARD,1.000000,True,Williams,6003.711000,,4,17.000000,False,,False,False
2026,3,Japanese Grand Prix,R,6269.211000,ALB,23,albon,williams,120.292000,24.000000,2.000000,,,37.861000,58.086000,24.345000,6186.813000,6244.899000,6269.244000,278.000000,278.000000,250.000000,268.000000,False,HARD,2.000000,True,Williams,6148.919000,,4,17.000000,False,,False,False
2026,3,Japanese Grand Prix,R,6417.876000,ALB,23,albon,williams,148.665000,25.000000,2.000000,,,46.827000,76.012000,25.826000,6316.071000,6392.083000,6417.909000,132.000000,270.000000,184.000000,256.000000,False,HARD,3.000000,True,Williams,6269.211000,,4,17.000000,False,,False,False
2026,3,Japanese Grand Prix,R,6565.656000,ALB,23,albon,williams,147.780000,26.000000,2.000000,,,52.919000,64.950000,29.911000,6470.828000,6535.778000,6565.689000,138.000000,152.000000,121.000000,249.000000,False,HARD,4.000000,True,Williams,6417.876000,,4,17.000000,False,,False,False
2026,3,Japanese Grand Prix,R,6698.025000,ALB,23,albon,williams,132.369000,27.000000,2.000000,,,46.393000,60.197000,25.779000,6612.082000,6672.279000,6698.058000,170.000000,171.000000,280.000000,143.000000,False,HARD,5.000000,True,Williams,6565.656000,,41,17.000000,False,,False,False
2026,3,Japanese Grand Prix,R,6794.885000,ALB,23,albon,williams,96.860000,28.000000,2.000000,,,35.823000,42.815000,18.222000,6733.881000,6776.696000,6794.918000,278.000000,321.000000,279.000000,292.000000,False,HARD,6.000000,True,Williams,6698.025000,,1,17.000000,False,,False,True
2026,3,Japanese Grand Prix,R,6890.977000,ALB,23,albon,williams,96.092000,29.000000,2.000000,,,35.552000,42.350000,18.190000,6830.470000,6872.820000,6891.010000,281.000000,330.000000,285.000000,298.000000,True,HARD,7.000000,True,Williams,6794.885000,,1,17.000000,False,,False,True
2026,3,Japanese Grand Prix,R,6987.739000,ALB,23,albon,williams,96.762000,30.000000,2.000000,,,36.217000,42.383000,18.162000,6927.227000,6969.610000,6987.772000,277.000000,326.000000,284.000000,291.000000,False,HARD,8.000000,True,Williams,6890.977000,,1,17.000000,False,,False,True
2026,3,Japanese Grand Prix,R,7083.459000,ALB,23,albon,williams,95.720000,31.000000,2.000000,,,35.422000,42.137000,18.161000,7023.194000,7065.331000,7083.492000,278.000000,329.000000,284.000000,293.000000,True,HARD,9.000000,True,Williams,6987.739000,,1,17.000000,False,,False,True
2026,3,Japanese Grand Prix,R,7179.368000,ALB,23,albon,williams,95.909000,32.000000,2.000000,,,35.605000,42.195000,18.109000,7119.097000,7161.292000,7179.401000,270.000000,325.000000,284.000000,293.000000,False,HARD,10.000000,True,Williams,7083.459000,,1,17.000000,False,,False,True
2026,3,Japanese Grand Prix,R,7275.135000,ALB,23,albon,williams,95.767000,33.000000,2.000000,,,35.463000,42.330000,17.974000,7214.864000,7257.194000,7275.168000,269.000000,323.000000,277.000000,292.000000,False,HARD,11.000000,True,Williams,7179.368000,,1,17.000000,False,,False,True
2026,3,Japanese Grand Prix,R,7370.733000,ALB,23,albon,williams,95.598000,34.000000,2.000000,,,35.411000,42.141000,18.046000,7310.579000,7352.720000,7370.766000,276.000000,317.000000,282.000000,288.000000,True,HARD,12.000000,True,Williams,7275.135000,,1,17.000000,False,,False,True
2026,3,Japanese Grand Prix,R,7465.940000,ALB,23,albon,williams,95.207000,35.000000,2.000000,,,34.992000,42.196000,18.019000,7405.758000,7447.954000,7465.973000,273.000000,316.000000,283.000000,287.000000,True,HARD,13.000000,True,Williams,7370.733000,,1,17.000000,False,,False,True
2026,3,Japanese Grand Prix,R,7561.078000,ALB,23,albon,williams,95.138000,36.000000,2.000000,,,35.008000,42.054000,18.076000,7500.981000,7543.035000,7561.111000,277.000000,319.000000,283.000000,286.000000,True,HARD,14.000000,True,Williams,7465.940000,,1,17.000000,False,,False,True
2026,3,Japanese Grand Prix,R,7656.542000,ALB,23,albon,williams,95.464000,37.000000,2.000000,,,35.158000,42.131000,18.175000,7596.269000,7638.400000,7656.575000,273.000000,319.000000,282.000000,288.000000,False,HARD,15.000000,True,Williams,7561.078000,,1,17.000000,False,,False,True
2026,3,Japanese Grand Prix,R,7751.628000,ALB,23,albon,williams,95.086000,38.000000,2.000000,,,34.896000,42.013000,18.177000,7691.471000,7733.484000,7751.661000,277.000000,315.000000,282.000000,286.000000,True,HARD,16.000000,True,Williams,7656.542000,,1,17.000000,False,,False,True
2026,3,Japanese Grand Prix,R,7846.664000,ALB,23,albon,williams,95.036000,39.000000,2.000000,,,34.822000,42.103000,18.111000,7786.483000,7828.586000,7846.697000,278.000000,315.000000,282.000000,286.000000,True,HARD,17.000000,True,Williams,7751.628000,,1,17.000000,False,,False,True
2026,3,Japanese Grand Prix,R,7941.633000,ALB,23,albon,williams,94.969000,40.000000,2.000000,,,34.929000,41.929000,18.111000,7881.626000,7923.555000,7941.666000,279.000000,316.000000,282.000000,285.000000,True,HARD,18.000000,True,Williams,7846.664000,,1,17.000000,False,,False,True
2026,3,Japanese Grand Prix,R,8036.606000,ALB,23,albon,williams,94.973000,41.000000,2.000000,,,34.936000,41.845000,18.192000,7976.602000,8018.447000,8036.639000,280.000000,318.000000,281.000000,287.000000,False,HARD,19.000000,True,Williams,7941.633000,,1,17.000000,False,,False,True
2026,3,Japanese Grand Prix,R,8132.306000,ALB,23,albon,williams,95.700000,42.000000,2.000000,,,35.227000,42.229000,18.244000,8071.866000,8114.095000,8132.339000,278.000000,312.000000,282.000000,283.000000,False,HARD,20.000000,True,Williams,8036.606000,,1,17.000000,False,,False,True
2026,3,Japanese Grand Prix,R,8227.501000,ALB,23,albon,williams,95.195000,43.000000,2.000000,,,35.070000,41.994000,18.131000,8167.409000,8209.403000,8227.534000,280.000000,315.000000,282.000000,283.000000,False,HARD,21.000000,True,Williams,8132.306000,,1,17.000000,False,,False,True
2026,3,Japanese Grand Prix,R,8322.764000,ALB,23,albon,williams,95.263000,44.000000,2.000000,,,34.970000,42.028000,18.265000,8262.504000,8304.532000,8322.797000,280.000000,312.000000,281.000000,281.000000,False,HARD,22.000000,True,Williams,8227.501000,,1,17.000000,False,,False,True
2026,3,Japanese Grand Prix,R,8420.368000,ALB,23,albon,williams,97.604000,45.000000,2.000000,,8419.074000,35.167000,41.922000,20.515000,8357.964000,8399.886000,8420.401000,280.000000,313.000000,,282.000000,False,HARD,23.000000,True,Williams,8322.764000,,1,17.000000,False,,False,False
2026,3,Japanese Grand Prix,R,8537.019000,ALB,23,albon,williams,116.651000,46.000000,3.000000,8442.087000,8535.709000,54.718000,41.642000,20.291000,8475.119000,8516.761000,8537.052000,278.000000,312.000000,,280.000000,False,SOFT,1.000000,True,Williams,8420.368000,,1,18.000000,False,,False,False
2026,3,Japanese Grand Prix,R,8654.519000,ALB,23,albon,williams,117.500000,47.000000,4.000000,8559.712000,8653.359000,55.384000,41.689000,20.427000,8592.436000,8634.125000,8654.552000,262.000000,313.000000,,280.000000,False,SOFT,2.000000,False,Williams,8537.019000,,1,19.000000,False,,False,False
2026,3,Japanese Grand Prix,R,8774.138000,ALB,23,albon,williams,119.619000,48.000000,5.000000,8679.312000,8772.839000,57.760000,41.527000,20.332000,8712.312000,8753.839000,8774.171000,267.000000,311.000000,,278.000000,False,SOFT,3.000000,False,Williams,8654.519000,,1,20.000000,False,,False,False
2026,3,Japanese Grand Prix,R,8901.357000,ALB,23,albon,williams,127.219000,49.000000,6.000000,8805.557000,8900.148000,64.956000,41.860000,20.403000,8839.127000,8880.987000,8901.390000,268.000000,310.000000,,277.000000,False,SOFT,4.000000,False,Williams,8774.138000,,1,20.000000,False,,False,False
2026,3,Japanese Grand Prix,R,9020.007000,ALB,23,albon,williams,118.650000,50.000000,7.000000,8924.321000,,57.605000,41.428000,19.617000,8958.995000,9000.423000,9020.040000,280.000000,327.000000,283.000000,286.000000,False,MEDIUM,1.000000,True,Williams,8901.357000,,1,20.000000,False,,False,False
2026,3,Japanese Grand Prix,R,9113.434000,ALB,23,albon,williams,93.427000,51.000000,7.000000,,,34.368000,41.228000,17.831000,9054.408000,9095.636000,9113.467000,262.000000,319.000000,283.000000,283.000000,True,MEDIUM,2.000000,True,Williams,9020.007000,,1,20.000000,False,,False,True
2026,3,Japanese Grand Prix,R,3931.113000,HUL,27,hulkenberg,audi,106.149000,1.000000,1.000000,,,,44.711000,18.748000,,3912.484000,3931.274000,274.000000,330.000000,251.000000,284.000000,False,MEDIUM,1.000000,True,Audi,3824.711000,,1,19.000000,False,,False,False
2026,3,Japanese Grand Prix,R,4029.132000,HUL,27,hulkenberg,audi,98.019000,2.000000,1.000000,,,36.377000,43.395000,18.247000,3967.532000,4010.927000,4029.174000,265.000000,314.000000,277.000000,290.000000,True,MEDIUM,2.000000,True,Audi,3931.113000,,1,19.000000,False,,False,True
2026,3,Japanese Grand Prix,R,4125.662000,HUL,27,hulkenberg,audi,96.530000,3.000000,1.000000,,,35.342000,43.085000,18.103000,4064.516000,4107.601000,4125.704000,263.000000,322.000000,275.000000,290.000000,True,MEDIUM,3.000000,True,Audi,4029.132000,,1,18.000000,False,,False,True
2026,3,Japanese Grand Prix,R,4222.294000,HUL,27,hulkenberg,audi,96.632000,4.000000,1.000000,,,35.458000,42.956000,18.218000,4161.162000,4204.118000,4222.336000,260.000000,329.000000,280.000000,296.000000,False,MEDIUM,4.000000,True,Audi,4125.662000,,1,17.000000,False,,False,True
2026,3,Japanese Grand Prix,R,4319.152000,HUL,27,hulkenberg,audi,96.858000,5.000000,1.000000,,,35.878000,42.815000,18.165000,4258.214000,4301.029000,4319.194000,265.000000,324.000000,279.000000,294.000000,False,MEDIUM,5.000000,True,Audi,4222.294000,,1,17.000000,False,,False,True
2026,3,Japanese Grand Prix,R,4416.674000,HUL,27,hulkenberg,audi,97.522000,6.000000,1.000000,,,35.810000,43.183000,18.529000,4355.004000,4398.187000,4416.716000,260.000000,326.000000,281.000000,294.000000,False,MEDIUM,6.000000,True,Audi,4319.152000,,1,17.000000,False,,False,True
2026,3,Japanese Grand Prix,R,4514.098000,HUL,27,hulkenberg,audi,97.424000,7.000000,1.000000,,,35.921000,43.264000,18.239000,4452.637000,4495.901000,4514.140000,259.000000,321.000000,280.000000,291.000000,False,MEDIUM,7.000000,True,Audi,4416.674000,,1,17.000000,False,,False,True
2026,3,Japanese Grand Prix,R,4611.247000,HUL,27,hulkenberg,audi,97.149000,8.000000,1.000000,,,35.857000,43.083000,18.209000,4549.997000,4593.080000,4611.289000,261.000000,318.000000,280.000000,290.000000,False,MEDIUM,8.000000,True,Audi,4514.098000,,1,17.000000,False,,False,True
2026,3,Japanese Grand Prix,R,4707.942000,HUL,27,hulkenberg,audi,96.695000,9.000000,1.000000,,,35.547000,42.961000,18.187000,4646.836000,4689.797000,4707.984000,259.000000,318.000000,280.000000,290.000000,False,MEDIUM,9.000000,True,Audi,4611.247000,,1,17.000000,False,,False,True
2026,3,Japanese Grand Prix,R,4804.885000,HUL,27,hulkenberg,audi,96.943000,10.000000,1.000000,,,35.919000,42.869000,18.155000,4743.903000,4786.772000,4804.927000,258.000000,314.000000,277.000000,288.000000,False,MEDIUM,10.000000,True,Audi,4707.942000,,1,17.000000,False,,False,True
2026,3,Japanese Grand Prix,R,4901.272000,HUL,27,hulkenberg,audi,96.387000,11.000000,1.000000,,,35.530000,42.718000,18.139000,4840.457000,4883.175000,4901.314000,260.000000,318.000000,282.000000,289.000000,True,MEDIUM,11.000000,True,Audi,4804.885000,,1,17.000000,False,,False,True
2026,3,Japanese Grand Prix,R,4998.669000,HUL,27,hulkenberg,audi,97.397000,12.000000,1.000000,,,35.449000,43.604000,18.344000,4936.763000,4980.367000,4998.711000,291.000000,306.000000,268.000000,286.000000,False,MEDIUM,12.000000,True,Audi,4901.272000,,1,17.000000,False,,False,True
2026,3,Japanese Grand Prix,R,5095.641000,HUL,27,hulkenberg,audi,96.972000,13.000000,1.000000,,,35.919000,42.797000,18.256000,5034.630000,5077.427000,5095.683000,257.000000,315.000000,276.000000,288.000000,False,MEDIUM,13.000000,True,Audi,4998.669000,,1,17.000000,False,,False,True
2026,3,Japanese Grand Prix,R,5192.131000,HUL,27,hulkenberg,audi,96.490000,14.000000,1.000000,,,35.422000,42.945000,18.123000,5131.105000,5174.050000,5192.173000,271.000000,317.000000,282.000000,289.000000,False,MEDIUM,14.000000,True,Audi,5095.641000,,1,17.000000,False,,False,True
2026,3,Japanese Grand Prix,R,5287.909000,HUL,27,hulkenberg,audi,95.778000,15.000000,1.000000,,,34.972000,42.559000,18.247000,5227.145000,5269.704000,5287.951000,259.000000,311.000000,277.000000,285.000000,True,MEDIUM,15.000000,True,Audi,5192.131000,,1,16.000000,False,,False,True
2026,3,Japanese Grand Prix,R,5384.186000,HUL,27,hulkenberg,audi,96.277000,16.000000,1.000000,,,35.508000,42.688000,18.081000,5323.459000,5366.147000,5384.228000,256.000000,319.000000,277.000000,287.000000,False,MEDIUM,16.000000,True,Audi,5287.909000,,1,15.000000,False,,False,True
2026,3,Japanese Grand Prix,R,5480.357000,HUL,27,hulkenberg,audi,96.171000,17.000000,1.000000,,,35.354000,42.760000,18.057000,5419.582000,5462.342000,5480.399000,259.000000,323.000000,279.000000,286.000000,False,MEDIUM,17.000000,True,Audi,5384.186000,,1,15.000000,False,,False,True
2026,3,Japanese Grand Prix,R,5576.394000,HUL,27,hulkenberg,audi,96.037000,18.000000,1.000000,,,35.423000,42.448000,18.166000,5515.822000,5558.270000,5576.436000,258.000000,325.000000,279.000000,289.000000,False,MEDIUM,18.000000,True,Audi,5480.357000,,1,14.000000,False,,False,True
2026,3,Japanese Grand Prix,R,5671.969000,HUL,27,hulkenberg,audi,95.575000,19.000000,1.000000,,,35.308000,42.305000,17.962000,5611.744000,5654.049000,5672.011000,261.000000,329.000000,280.000000,292.000000,True,MEDIUM,19.000000,True,Audi,5576.394000,,1,13.000000,False,,False,True
2026,3,Japanese Grand Prix,R,5767.624000,HUL,27,hulkenberg,audi,95.655000,20.000000,1.000000,,,35.318000,42.304000,18.033000,5707.329000,5749.633000,5767.666000,268.000000,327.000000,283.000000,292.000000,False,MEDIUM,20.000000,True,Audi,5671.969000,,1,11.000000,False,,False,True
2026,3,Japanese Grand Prix,R,5863.568000,HUL,27,hulkenberg,audi,95.944000,21.000000,1.000000,,,35.319000,42.622000,18.003000,5802.985000,5845.607000,5863.610000,266.000000,325.000000,281.000000,292.000000,False,MEDIUM,21.000000,True,Audi,5767.624000,,12,11.000000,False,,False,True
2026,3,Japanese Grand Prix,R,5988.167000,HUL,27,hulkenberg,audi,124.599000,22.000000,1.000000,,,42.684000,57.513000,24.402000,5906.294000,5963.807000,5988.209000,248.000000,204.000000,202.000000,215.000000,False,MEDIUM,22.000000,True,Audi,5863.568000,,24,9.000000,False,,False,False
2026,3,Japanese Grand Prix,R,6117.586000,HUL,27,hulkenberg,audi,129.419000,23.000000,1.000000,,6116.158000,44.305000,57.940000,27.174000,6032.514000,6090.454000,6117.628000,217.000000,214.000000,,209.000000,False,MEDIUM,23.000000,True,Audi,5988.167000,,4,9.000000,False,,False,False
2026,3,Japanese Grand Prix,R,6262.149000,HUL,27,hulkenberg,audi,144.563000,24.000000,2.000000,6140.192000,,60.006000,59.978000,24.579000,6177.634000,6237.612000,6262.191000,280.000000,201.000000,244.000000,259.000000,False,HARD,1.000000,True,Audi,6117.586000,,4,12.000000,False,,False,False
2026,3,Japanese Grand Prix,R,6412.610000,HUL,27,hulkenberg,audi,,25.000000,2.000000,,,48.372000,74.454000,27.625000,6310.650000,6385.027000,6412.700000,135.000000,232.000000,172.000000,169.000000,False,HARD,2.000000,True,Audi,6262.149000,,4,12.000000,False,,False,False
2026,3,Japanese Grand Prix,R,6560.157000,HUL,27,hulkenberg,audi,147.547000,26.000000,2.000000,,,53.085000,65.462000,29.000000,6465.737000,6531.199000,6560.199000,180.000000,215.000000,137.000000,247.000000,False,HARD,3.000000,True,Audi,6412.610000,,4,12.000000,False,,False,False
2026,3,Japanese Grand Prix,R,6695.854000,HUL,27,hulkenberg,audi,135.697000,27.000000,2.000000,,,46.380000,61.945000,27.372000,6606.579000,6668.524000,6695.896000,236.000000,152.000000,278.000000,160.000000,False,HARD,4.000000,True,Audi,6560.157000,,41,12.000000,False,,False,False
2026,3,Japanese Grand Prix,R,6792.229000,HUL,27,hulkenberg,audi,96.375000,28.000000,2.000000,,,35.452000,42.571000,18.352000,6731.348000,6773.919000,6792.271000,261.000000,338.000000,284.000000,292.000000,False,HARD,5.000000,True,Audi,6695.854000,,1,12.000000,False,,False,True
2026,3,Japanese Grand Prix,R,6889.049000,HUL,27,hulkenberg,audi,96.820000,29.000000,2.000000,,,35.128000,42.728000,18.964000,6827.399000,6870.127000,6889.091000,297.000000,332.000000,269.000000,287.000000,False,HARD,6.000000,True,Audi,6792.229000,,1,13.000000,False,,False,True
2026,3,Japanese Grand Prix,R,6985.291000,HUL,27,hulkenberg,audi,96.242000,30.000000,2.000000,,,36.353000,42.063000,17.826000,6925.444000,6967.507000,6985.333000,265.000000,329.000000,284.000000,295.000000,False,HARD,7.000000,True,Audi,6889.049000,,1,14.000000,False,,False,True
2026,3,Japanese Grand Prix,R,7079.928000,HUL,27,hulkenberg,audi,94.637000,31.000000,2.000000,,,34.783000,41.951000,17.903000,7020.116000,7062.067000,7079.970000,260.000000,330.000000,284.000000,294.000000,True,HARD,8.000000,True,Audi,6985.291000,,1,13.000000,False,,False,True
2026,3,Japanese Grand Prix,R,7174.833000,HUL,27,hulkenberg,audi,94.905000,32.000000,2.000000,,,34.861000,42.073000,17.971000,7114.831000,7156.904000,7174.875000,266.000000,330.000000,284.000000,295.000000,False,HARD,9.000000,True,Audi,7079.928000,,1,13.000000,False,,False,True
2026,3,Japanese Grand Prix,R,7269.653000,HUL,27,hulkenberg,audi,94.820000,33.000000,2.000000,,,34.925000,41.982000,17.913000,7209.800000,7251.782000,7269.695000,268.000000,328.000000,283.000000,294.000000,False,HARD,10.000000,True,Audi,7174.833000,,1,13.000000,False,,False,True
2026,3,Japanese Grand Prix,R,7364.680000,HUL,27,hulkenberg,audi,95.027000,34.000000,2.000000,,,35.006000,42.061000,17.960000,7304.701000,7346.762000,7364.722000,266.000000,329.000000,284.000000,294.000000,False,HARD,11.000000,True,Audi,7269.653000,,1,13.000000,False,,False,True
2026,3,Japanese Grand Prix,R,7460.227000,HUL,27,hulkenberg,audi,95.547000,35.000000,2.000000,,,35.070000,42.200000,18.277000,7399.792000,7441.992000,7460.269000,266.000000,331.000000,284.000000,296.000000,False,HARD,12.000000,True,Audi,7364.680000,,1,13.000000,False,,False,True
2026,3,Japanese Grand Prix,R,7555.613000,HUL,27,hulkenberg,audi,95.386000,36.000000,2.000000,,,35.193000,42.064000,18.129000,7495.462000,7537.526000,7555.655000,264.000000,327.000000,285.000000,290.000000,False,HARD,13.000000,True,Audi,7460.227000,,1,13.000000,False,,False,True
2026,3,Japanese Grand Prix,R,7650.631000,HUL,27,hulkenberg,audi,95.018000,37.000000,2.000000,,,35.057000,41.944000,18.017000,7590.712000,7632.656000,7650.673000,265.000000,329.000000,282.000000,295.000000,False,HARD,14.000000,True,Audi,7555.613000,,1,13.000000,False,,False,True
2026,3,Japanese Grand Prix,R,7745.462000,HUL,27,hulkenberg,audi,94.831000,38.000000,2.000000,,,34.717000,41.852000,18.262000,7685.390000,7727.242000,7745.504000,270.000000,324.000000,282.000000,295.000000,False,HARD,15.000000,True,Audi,7650.631000,,1,12.000000,False,,False,True
2026,3,Japanese Grand Prix,R,7839.684000,HUL,27,hulkenberg,audi,94.222000,39.000000,2.000000,,,34.446000,41.704000,18.072000,7779.950000,7821.654000,7839.726000,259.000000,320.000000,280.000000,287.000000,True,HARD,16.000000,True,Audi,7745.462000,,1,12.000000,False,,False,True
2026,3,Japanese Grand Prix,R,7933.816000,HUL,27,hulkenberg,audi,94.132000,40.000000,2.000000,,,34.639000,41.566000,17.927000,7874.365000,7915.931000,7933.858000,261.000000,320.000000,282.000000,287.000000,True,HARD,17.000000,True,Audi,7839.684000,,1,12.000000,False,,False,True
2026,3,Japanese Grand Prix,R,8027.827000,HUL,27,hulkenberg,audi,94.011000,41.000000,2.000000,,,34.589000,41.571000,17.851000,7968.447000,8010.018000,8027.869000,262.000000,329.000000,283.000000,292.000000,True,HARD,18.000000,True,Audi,7933.816000,,1,12.000000,False,,False,True
2026,3,Japanese Grand Prix,R,8122.039000,HUL,27,hulkenberg,audi,94.212000,42.000000,2.000000,,,34.694000,41.708000,17.810000,8062.563000,8104.271000,8122.081000,262.000000,331.000000,283.000000,293.000000,False,HARD,19.000000,True,Audi,8027.827000,,1,12.000000,False,,False,True
2026,3,Japanese Grand Prix,R,8216.207000,HUL,27,hulkenberg,audi,94.168000,43.000000,2.000000,,,34.614000,41.645000,17.909000,8156.695000,8198.340000,8216.249000,261.000000,334.000000,286.000000,298.000000,False,HARD,20.000000,True,Audi,8122.039000,,1,12.000000,False,,False,True
2026,3,Japanese Grand Prix,R,8310.633000,HUL,27,hulkenberg,audi,94.426000,44.000000,2.000000,,,34.621000,41.787000,18.018000,8250.870000,8292.657000,8310.675000,266.000000,327.000000,283.000000,308.000000,False,HARD,21.000000,True,Audi,8216.207000,,1,12.000000,False,,False,True
2026,3,Japanese Grand Prix,R,8406.311000,HUL,27,hulkenberg,audi,95.678000,45.000000,2.000000,,,35.015000,41.688000,18.975000,8345.690000,8387.378000,8406.353000,265.000000,301.000000,278.000000,280.000000,False,HARD,22.000000,True,Audi,8310.633000,,1,12.000000,False,,False,True
2026,3,Japanese Grand Prix,R,8502.690000,HUL,27,hulkenberg,audi,96.379000,46.000000,2.000000,,,36.004000,42.339000,18.036000,8442.357000,8484.696000,8502.732000,266.000000,317.000000,285.000000,289.000000,False,HARD,23.000000,True,Audi,8406.311000,,1,12.000000,False,,False,True
2026,3,Japanese Grand Prix,R,8596.422000,HUL,27,hulkenberg,audi,93.732000,47.000000,2.000000,,,33.840000,41.717000,18.175000,8536.572000,8578.289000,8596.464000,262.000000,315.000000,281.000000,281.000000,True,HARD,24.000000,True,Audi,8502.690000,,1,11.000000,False,,False,True
2026,3,Japanese Grand Prix,R,8690.559000,HUL,27,hulkenberg,audi,94.137000,48.000000,2.000000,,,34.615000,41.620000,17.902000,8631.079000,8672.699000,8690.601000,261.000000,324.000000,282.000000,286.000000,False,HARD,25.000000,True,Audi,8596.422000,,1,11.000000,False,,False,True
2026,3,Japanese Grand Prix,R,8784.730000,HUL,27,hulkenberg,audi,94.171000,49.000000,2.000000,,,34.680000,41.614000,17.877000,8725.281000,8766.895000,8784.772000,262.000000,327.000000,282.000000,288.000000,False,HARD,26.000000,True,Audi,8690.559000,,1,11.000000,False,,False,True
2026,3,Japanese Grand Prix,R,8878.907000,HUL,27,hulkenberg,audi,94.177000,50.000000,2.000000,,,34.538000,41.700000,17.939000,8819.310000,8861.010000,8878.949000,263.000000,327.000000,284.000000,288.000000,False,HARD,27.000000,True,Audi,8784.730000,,1,11.000000,False,,False,True
2026,3,Japanese Grand Prix,R,8973.008000,HUL,27,hulkenberg,audi,94.101000,51.000000,2.000000,,,34.521000,41.677000,17.903000,8913.470000,8955.147000,8973.050000,262.000000,327.000000,283.000000,289.000000,False,HARD,28.000000,True,Audi,8878.907000,,1,11.000000,False,,False,True
2026,3,Japanese Grand Prix,R,9066.861000,HUL,27,hulkenberg,audi,93.853000,52.000000,2.000000,,,34.555000,41.508000,17.790000,9007.605000,9049.113000,9066.903000,260.000000,329.000000,284.000000,291.000000,False,HARD,29.000000,True,Audi,8973.008000,,1,11.000000,False,,False,True
2026,3,Japanese Grand Prix,R,9160.657000,HUL,27,hulkenberg,audi,93.796000,53.000000,2.000000,,,34.583000,41.535000,17.678000,9101.486000,9143.021000,9160.699000,261.000000,330.000000,282.000000,296.000000,False,HARD,30.000000,True,Audi,9066.861000,,1,11.000000,False,,False,True
2026,3,Japanese Grand Prix,R,3926.237000,VER,3,max_verstappen,red_bull,101.273000,1.000000,1.000000,,,,43.038000,18.111000,,3908.268000,3926.378000,257.000000,325.000000,274.000000,289.000000,False,MEDIUM,1.000000,True,Red Bull Racing,3824.711000,,1,10.000000,False,,False,False
2026,3,Japanese Grand Prix,R,4022.865000,VER,3,max_verstappen,red_bull,96.628000,2.000000,1.000000,,,35.473000,42.663000,18.492000,3961.750000,4004.413000,4022.905000,261.000000,325.000000,261.000000,287.000000,True,MEDIUM,2.000000,True,Red Bull Racing,3926.237000,,1,9.000000,False,,False,True
2026,3,Japanese Grand Prix,R,4118.719000,VER,3,max_verstappen,red_bull,95.854000,3.000000,1.000000,,,35.305000,42.498000,18.051000,4058.210000,4100.708000,4118.759000,262.000000,322.000000,278.000000,286.000000,True,MEDIUM,3.000000,True,Red Bull Racing,4022.865000,,1,9.000000,False,,False,True
2026,3,Japanese Grand Prix,R,4214.586000,VER,3,max_verstappen,red_bull,95.867000,4.000000,1.000000,,,35.056000,42.810000,18.001000,4153.815000,4196.625000,4214.626000,268.000000,325.000000,280.000000,287.000000,False,MEDIUM,4.000000,True,Red Bull Racing,4118.719000,,1,9.000000,False,,False,True
2026,3,Japanese Grand Prix,R,4311.508000,VER,3,max_verstappen,red_bull,96.922000,5.000000,1.000000,,,35.458000,42.643000,18.821000,4250.084000,4292.727000,4311.548000,261.000000,293.000000,261.000000,272.000000,False,MEDIUM,5.000000,True,Red Bull Racing,4214.586000,,1,8.000000,False,,False,True
2026,3,Japanese Grand Prix,R,4408.059000,VER,3,max_verstappen,red_bull,96.551000,6.000000,1.000000,,,35.563000,42.653000,18.335000,4347.111000,4389.764000,4408.099000,258.000000,313.000000,269.000000,278.000000,False,MEDIUM,6.000000,True,Red Bull Racing,4311.508000,,1,8.000000,False,,False,True
2026,3,Japanese Grand Prix,R,4504.126000,VER,3,max_verstappen,red_bull,96.067000,7.000000,1.000000,,,35.268000,42.598000,18.201000,4443.367000,4485.965000,4504.166000,261.000000,314.000000,274.000000,280.000000,False,MEDIUM,7.000000,True,Red Bull Racing,4408.059000,,1,8.000000,False,,False,True
2026,3,Japanese Grand Prix,R,4599.851000,VER,3,max_verstappen,red_bull,95.725000,8.000000,1.000000,,,35.140000,42.393000,18.192000,4539.306000,4581.699000,4599.891000,264.000000,313.000000,273.000000,277.000000,True,MEDIUM,8.000000,True,Red Bull Racing,4504.126000,,1,8.000000,False,,False,True
2026,3,Japanese Grand Prix,R,4695.699000,VER,3,max_verstappen,red_bull,95.848000,9.000000,1.000000,,,35.198000,42.480000,18.170000,4635.089000,4677.569000,4695.739000,262.000000,314.000000,276.000000,278.000000,False,MEDIUM,9.000000,True,Red Bull Racing,4599.851000,,1,8.000000,False,,False,True
2026,3,Japanese Grand Prix,R,4791.426000,VER,3,max_verstappen,red_bull,95.727000,10.000000,1.000000,,,35.185000,42.363000,18.179000,4730.924000,4773.287000,4791.466000,264.000000,314.000000,277.000000,278.000000,False,MEDIUM,10.000000,True,Red Bull Racing,4695.699000,,1,8.000000,False,,False,True
2026,3,Japanese Grand Prix,R,4887.056000,VER,3,max_verstappen,red_bull,95.630000,11.000000,1.000000,,,35.108000,42.365000,18.157000,4826.574000,4868.939000,4887.096000,264.000000,315.000000,277.000000,279.000000,True,MEDIUM,11.000000,True,Red Bull Racing,4791.426000,,1,8.000000,False,,False,True
2026,3,Japanese Grand Prix,R,4982.755000,VER,3,max_verstappen,red_bull,95.699000,12.000000,1.000000,,,35.114000,42.493000,18.092000,4922.210000,4964.703000,4982.795000,263.000000,318.000000,277.000000,281.000000,False,MEDIUM,12.000000,True,Red Bull Racing,4887.056000,,1,8.000000,False,,False,True
2026,3,Japanese Grand Prix,R,5078.510000,VER,3,max_verstappen,red_bull,95.755000,13.000000,1.000000,,,35.148000,42.377000,18.230000,5017.943000,5060.320000,5078.550000,263.000000,317.000000,277.000000,279.000000,False,MEDIUM,13.000000,True,Red Bull Racing,4982.755000,,1,8.000000,False,,False,True
2026,3,Japanese Grand Prix,R,5174.283000,VER,3,max_verstappen,red_bull,95.773000,14.000000,1.000000,,,35.216000,42.330000,18.227000,5113.766000,5156.096000,5174.323000,263.000000,317.000000,278.000000,280.000000,False,MEDIUM,14.000000,True,Red Bull Racing,5078.510000,,1,8.000000,False,,False,True
2026,3,Japanese Grand Prix,R,5269.935000,VER,3,max_verstappen,red_bull,95.652000,15.000000,1.000000,,,35.161000,42.323000,18.168000,5209.484000,5251.807000,5269.975000,266.000000,316.000000,276.000000,280.000000,False,MEDIUM,15.000000,True,Red Bull Racing,5174.283000,,1,8.000000,False,,False,True
2026,3,Japanese Grand Prix,R,5365.522000,VER,3,max_verstappen,red_bull,95.587000,16.000000,1.000000,,,35.182000,42.293000,18.112000,5305.157000,5347.450000,5365.562000,266.000000,317.000000,277.000000,280.000000,True,MEDIUM,16.000000,True,Red Bull Racing,5269.935000,,1,8.000000,False,,False,True
2026,3,Japanese Grand Prix,R,5461.057000,VER,3,max_verstappen,red_bull,95.535000,17.000000,1.000000,,,35.183000,42.225000,18.127000,5400.745000,5442.970000,5461.097000,267.000000,317.000000,277.000000,279.000000,True,MEDIUM,17.000000,True,Red Bull Racing,5365.522000,,1,7.000000,False,,False,True
2026,3,Japanese Grand Prix,R,5556.665000,VER,3,max_verstappen,red_bull,95.608000,18.000000,1.000000,,,35.281000,42.174000,18.153000,5496.378000,5538.552000,5556.705000,263.000000,319.000000,278.000000,279.000000,False,MEDIUM,18.000000,True,Red Bull Racing,5461.057000,,1,6.000000,False,,False,True
2026,3,Japanese Grand Prix,R,5652.252000,VER,3,max_verstappen,red_bull,95.587000,19.000000,1.000000,,,35.158000,42.259000,18.170000,5591.863000,5634.122000,5652.292000,264.000000,318.000000,277.000000,281.000000,False,MEDIUM,19.000000,True,Red Bull Racing,5556.665000,,1,5.000000,False,,False,True
2026,3,Japanese Grand Prix,R,5747.852000,VER,3,max_verstappen,red_bull,95.600000,20.000000,1.000000,,,35.168000,42.207000,18.225000,5687.460000,5729.667000,5747.892000,266.000000,319.000000,278.000000,281.000000,False,MEDIUM,20.000000,True,Red Bull Racing,5652.252000,,1,5.000000,False,,False,True
2026,3,Japanese Grand Prix,R,5843.976000,VER,3,max_verstappen,red_bull,96.124000,21.000000,1.000000,,,35.756000,42.291000,18.077000,5783.648000,5825.939000,5844.016000,266.000000,324.000000,279.000000,286.000000,False,MEDIUM,21.000000,True,Red Bull Racing,5747.852000,,1,6.000000,False,,False,True
2026,3,Japanese Grand Prix,R,5965.732000,VER,3,max_verstappen,red_bull,121.756000,22.000000,1.000000,,5964.380000,38.435000,58.973000,24.348000,5882.451000,5941.424000,5965.772000,177.000000,292.000000,,239.000000,False,MEDIUM,22.000000,True,Red Bull Racing,5843.976000,,124,6.000000,False,,False,False
2026,3,Japanese Grand Prix,R,6111.294000,VER,3,max_verstappen,red_bull,145.562000,23.000000,2.000000,5988.789000,,63.647000,58.232000,23.683000,6029.419000,6087.651000,6111.334000,236.000000,252.000000,238.000000,253.000000,False,HARD,1.000000,True,Red Bull Racing,5965.732000,,4,8.000000,False,,False,False
2026,3,Japanese Grand Prix,R,6257.307000,VER,3,max_verstappen,red_bull,146.013000,24.000000,2.000000,,,48.199000,73.008000,24.806000,6159.533000,6232.541000,6257.347000,191.000000,247.000000,230.000000,257.000000,False,HARD,2.000000,True,Red Bull Racing,6111.294000,,4,8.000000,False,,False,False
2026,3,Japanese Grand Prix,R,6407.348000,VER,3,max_verstappen,red_bull,,25.000000,2.000000,,,50.008000,73.460000,26.577000,6307.487000,6380.836000,6407.542000,155.000000,249.000000,152.000000,145.000000,False,HARD,3.000000,True,Red Bull Racing,6257.307000,,4,8.000000,False,,False,False
2026,3,Japanese Grand Prix,R,6554.605000,VER,3,max_verstappen,red_bull,147.257000,26.000000,2.000000,,,54.122000,64.525000,28.610000,6461.510000,6526.035000,6554.645000,180.000000,243.000000,202.000000,173.000000,False,HARD,4.000000,True,Red Bull Racing,6407.348000,,4,8.000000,False,,False,False
2026,3,Japanese Grand Prix,R,6693.829000,VER,3,max_verstappen,red_bull,139.224000,27.000000,2.000000,,,47.819000,63.631000,27.774000,6602.464000,6666.095000,6693.869000,229.000000,138.000000,273.000000,146.000000,False,HARD,5.000000,True,Red Bull Racing,6554.605000,,41,8.000000,False,,False,False
2026,3,Japanese Grand Prix,R,6789.840000,VER,3,max_verstappen,red_bull,96.011000,28.000000,2.000000,,,35.822000,42.075000,18.114000,6729.691000,6771.766000,6789.880000,258.000000,332.000000,286.000000,293.000000,False,HARD,6.000000,True,Red Bull Racing,6693.829000,,1,8.000000,False,,False,True
2026,3,Japanese Grand Prix,R,6883.981000,VER,3,max_verstappen,red_bull,94.141000,29.000000,2.000000,,,34.434000,41.754000,17.953000,6824.314000,6866.068000,6884.021000,269.000000,334.000000,272.000000,305.000000,True,HARD,7.000000,True,Red Bull Racing,6789.840000,,1,8.000000,False,,False,True
2026,3,Japanese Grand Prix,R,6978.733000,VER,3,max_verstappen,red_bull,94.752000,30.000000,2.000000,,,34.815000,41.938000,17.999000,6918.836000,6960.774000,6978.773000,267.000000,335.000000,285.000000,295.000000,False,HARD,8.000000,True,Red Bull Racing,6883.981000,,1,8.000000,False,,False,True
2026,3,Japanese Grand Prix,R,7073.028000,VER,3,max_verstappen,red_bull,94.295000,31.000000,2.000000,,,34.448000,41.837000,18.010000,7013.221000,7055.058000,7073.068000,268.000000,330.000000,281.000000,290.000000,False,HARD,9.000000,True,Red Bull Racing,6978.733000,,1,8.000000,False,,False,True
2026,3,Japanese Grand Prix,R,7167.156000,VER,3,max_verstappen,red_bull,94.128000,32.000000,2.000000,,,34.441000,41.692000,17.995000,7107.509000,7149.201000,7167.196000,267.000000,329.000000,281.000000,290.000000,True,HARD,10.000000,True,Red Bull Racing,7073.028000,,1,8.000000,False,,False,True
2026,3,Japanese Grand Prix,R,7261.081000,VER,3,max_verstappen,red_bull,93.925000,33.000000,2.000000,,,34.545000,41.563000,17.817000,7201.741000,7243.304000,7261.121000,269.000000,331.000000,284.000000,291.000000,True,HARD,11.000000,True,Red Bull Racing,7167.156000,,1,8.000000,False,,False,True
2026,3,Japanese Grand Prix,R,7354.922000,VER,3,max_verstappen,red_bull,93.841000,34.000000,2.000000,,,34.330000,41.606000,17.905000,7295.451000,7337.057000,7354.962000,268.000000,332.000000,282.000000,293.000000,True,HARD,12.000000,True,Red Bull Racing,7261.081000,,1,8.000000,False,,False,True
2026,3,Japanese Grand Prix,R,7448.783000,VER,3,max_verstappen,red_bull,93.861000,35.000000,2.000000,,,34.372000,41.535000,17.954000,7389.334000,7430.869000,7448.823000,269.000000,332.000000,284.000000,292.000000,False,HARD,13.000000,True,Red Bull Racing,7354.922000,,1,8.000000,False,,False,True
2026,3,Japanese Grand Prix,R,7542.753000,VER,3,max_verstappen,red_bull,93.970000,36.000000,2.000000,,,34.352000,41.671000,17.947000,7483.175000,7524.846000,7542.793000,269.000000,332.000000,285.000000,292.000000,False,HARD,14.000000,True,Red Bull Racing,7448.783000,,1,8.000000,False,,False,True
2026,3,Japanese Grand Prix,R,7636.605000,VER,3,max_verstappen,red_bull,93.852000,37.000000,2.000000,,,34.399000,41.527000,17.926000,7577.192000,7618.719000,7636.645000,269.000000,332.000000,284.000000,292.000000,False,HARD,15.000000,True,Red Bull Racing,7542.753000,,1,8.000000,False,,False,True
2026,3,Japanese Grand Prix,R,7730.657000,VER,3,max_verstappen,red_bull,94.052000,38.000000,2.000000,,,34.373000,41.678000,18.001000,7671.018000,7712.696000,7730.697000,270.000000,333.000000,285.000000,292.000000,False,HARD,16.000000,True,Red Bull Racing,7636.605000,,1,8.000000,False,,False,True
2026,3,Japanese Grand Prix,R,7824.796000,VER,3,max_verstappen,red_bull,94.139000,39.000000,2.000000,,,34.307000,41.796000,18.036000,7765.004000,7806.800000,7824.836000,269.000000,318.000000,284.000000,284.000000,False,HARD,17.000000,True,Red Bull Racing,7730.657000,,1,8.000000,False,,False,True
2026,3,Japanese Grand Prix,R,7918.784000,VER,3,max_verstappen,red_bull,93.988000,40.000000,2.000000,,,34.119000,41.737000,18.132000,7858.955000,7900.692000,7918.824000,269.000000,311.000000,284.000000,281.000000,False,HARD,18.000000,True,Red Bull Racing,7824.796000,,1,8.000000,False,,False,True
2026,3,Japanese Grand Prix,R,8012.336000,VER,3,max_verstappen,red_bull,93.552000,41.000000,2.000000,,,34.037000,41.637000,17.878000,7952.861000,7994.498000,8012.376000,269.000000,327.000000,282.000000,289.000000,True,HARD,19.000000,True,Red Bull Racing,7918.784000,,1,8.000000,False,,False,True
2026,3,Japanese Grand Prix,R,8106.042000,VER,3,max_verstappen,red_bull,93.706000,42.000000,2.000000,,,34.322000,41.537000,17.847000,8046.698000,8088.235000,8106.082000,267.000000,328.000000,283.000000,288.000000,False,HARD,20.000000,True,Red Bull Racing,8012.336000,,1,8.000000,False,,False,True
2026,3,Japanese Grand Prix,R,8200.189000,VER,3,max_verstappen,red_bull,94.147000,43.000000,2.000000,,,34.453000,41.674000,18.020000,8140.535000,8182.209000,8200.229000,269.000000,332.000000,283.000000,290.000000,False,HARD,21.000000,True,Red Bull Racing,8106.042000,,1,8.000000,False,,False,True
2026,3,Japanese Grand Prix,R,8294.404000,VER,3,max_verstappen,red_bull,94.215000,44.000000,2.000000,,,34.380000,41.583000,18.252000,8234.609000,8276.192000,8294.444000,270.000000,334.000000,283.000000,293.000000,False,HARD,22.000000,True,Red Bull Racing,8200.189000,,1,8.000000,False,,False,True
2026,3,Japanese Grand Prix,R,8388.750000,VER,3,max_verstappen,red_bull,94.346000,45.000000,2.000000,,,34.581000,41.610000,18.155000,8329.025000,8370.635000,8388.790000,271.000000,332.000000,283.000000,290.000000,False,HARD,23.000000,True,Red Bull Racing,8294.404000,,1,8.000000,False,,False,True
2026,3,Japanese Grand Prix,R,8482.661000,VER,3,max_verstappen,red_bull,93.911000,46.000000,2.000000,,,34.288000,41.644000,17.979000,8423.078000,8464.722000,8482.701000,271.000000,331.000000,284.000000,290.000000,False,HARD,24.000000,True,Red Bull Racing,8388.750000,,1,8.000000,False,,False,True
2026,3,Japanese Grand Prix,R,8576.547000,VER,3,max_verstappen,red_bull,93.886000,47.000000,2.000000,,,34.460000,41.453000,17.973000,8517.161000,8558.614000,8576.587000,269.000000,332.000000,285.000000,291.000000,False,HARD,25.000000,True,Red Bull Racing,8482.661000,,1,8.000000,False,,False,True
2026,3,Japanese Grand Prix,R,8670.251000,VER,3,max_verstappen,red_bull,93.704000,48.000000,2.000000,,,34.278000,41.474000,17.952000,8610.865000,8652.339000,8670.291000,271.000000,346.000000,269.000000,298.000000,False,HARD,26.000000,True,Red Bull Racing,8576.547000,,1,7.000000,False,,False,True
2026,3,Japanese Grand Prix,R,8765.294000,VER,3,max_verstappen,red_bull,95.043000,49.000000,2.000000,,,35.253000,41.840000,17.950000,8705.544000,8747.384000,8765.334000,268.000000,328.000000,283.000000,288.000000,False,HARD,27.000000,True,Red Bull Racing,8670.251000,,1,8.000000,False,,False,True
2026,3,Japanese Grand Prix,R,8859.215000,VER,3,max_verstappen,red_bull,93.921000,50.000000,2.000000,,,34.453000,41.502000,17.966000,8799.787000,8841.289000,8859.255000,269.000000,329.000000,284.000000,290.000000,False,HARD,28.000000,True,Red Bull Racing,8765.294000,,1,8.000000,False,,False,True
2026,3,Japanese Grand Prix,R,8953.060000,VER,3,max_verstappen,red_bull,93.845000,51.000000,2.000000,,,34.374000,41.584000,17.887000,8893.629000,8935.213000,8953.100000,271.000000,332.000000,286.000000,291.000000,False,HARD,29.000000,True,Red Bull Racing,8859.215000,,1,8.000000,False,,False,True
2026,3,Japanese Grand Prix,R,9047.033000,VER,3,max_verstappen,red_bull,93.973000,52.000000,2.000000,,,34.319000,41.472000,18.182000,8987.419000,9028.891000,9047.073000,273.000000,334.000000,286.000000,292.000000,False,HARD,30.000000,True,Red Bull Racing,8953.060000,,1,8.000000,False,,False,True
2026,3,Japanese Grand Prix,R,9141.040000,VER,3,max_verstappen,red_bull,94.007000,53.000000,2.000000,,,34.430000,41.581000,17.996000,9081.503000,9123.084000,9141.080000,271.000000,344.000000,273.000000,300.000000,False,HARD,31.000000,True,Red Bull Racing,9047.033000,,1,8.000000,False,,False,True
2026,3,Japanese Grand Prix,R,3927.462000,LAW,30,lawson,rb,102.498000,1.000000,1.000000,,,,43.518000,18.242000,,3909.451000,3927.606000,270.000000,334.000000,277.000000,294.000000,False,MEDIUM,1.000000,True,Racing Bulls,3824.711000,,1,12.000000,False,,False,False
2026,3,Japanese Grand Prix,R,4024.491000,LAW,30,lawson,rb,97.029000,2.000000,1.000000,,,35.662000,43.287000,18.080000,3963.211000,4006.498000,4024.578000,263.000000,331.000000,280.000000,289.000000,True,MEDIUM,2.000000,True,Racing Bulls,3927.462000,,1,12.000000,False,,False,True
2026,3,Japanese Grand Prix,R,4121.521000,LAW,30,lawson,rb,97.030000,3.000000,1.000000,,,35.782000,43.152000,18.096000,4060.360000,4103.512000,4121.608000,266.000000,329.000000,277.000000,292.000000,False,MEDIUM,3.000000,True,Racing Bulls,4024.491000,,1,12.000000,False,,False,True
2026,3,Japanese Grand Prix,R,4218.043000,LAW,30,lawson,rb,96.522000,4.000000,1.000000,,,35.415000,42.828000,18.279000,4157.023000,4199.851000,4218.130000,266.000000,328.000000,277.000000,290.000000,True,MEDIUM,4.000000,True,Racing Bulls,4121.521000,,1,12.000000,False,,False,True
2026,3,Japanese Grand Prix,R,4314.423000,LAW,30,lawson,rb,96.380000,5.000000,1.000000,,,35.306000,42.817000,18.257000,4253.436000,4296.253000,4314.510000,263.000000,323.000000,276.000000,289.000000,True,MEDIUM,5.000000,True,Racing Bulls,4218.043000,,1,12.000000,False,,False,True
2026,3,Japanese Grand Prix,R,4411.629000,LAW,30,lawson,rb,97.206000,6.000000,1.000000,,,35.930000,43.046000,18.230000,4350.440000,4393.486000,4411.716000,262.000000,323.000000,278.000000,289.000000,False,MEDIUM,6.000000,True,Racing Bulls,4314.423000,,1,12.000000,False,,False,True
2026,3,Japanese Grand Prix,R,4508.201000,LAW,30,lawson,rb,96.572000,7.000000,1.000000,,,35.518000,42.804000,18.250000,4447.234000,4490.038000,4508.288000,262.000000,325.000000,276.000000,288.000000,False,MEDIUM,7.000000,True,Racing Bulls,4411.629000,,1,12.000000,False,,False,True
2026,3,Japanese Grand Prix,R,4604.633000,LAW,30,lawson,rb,96.432000,8.000000,1.000000,,,35.432000,42.745000,18.255000,4543.720000,4586.465000,4604.720000,266.000000,323.000000,277.000000,287.000000,False,MEDIUM,8.000000,True,Racing Bulls,4508.201000,,1,12.000000,False,,False,True
2026,3,Japanese Grand Prix,R,4701.262000,LAW,30,lawson,rb,96.629000,9.000000,1.000000,,,35.473000,42.876000,18.280000,4640.193000,4683.069000,4701.349000,262.000000,322.000000,277.000000,285.000000,False,MEDIUM,9.000000,True,Racing Bulls,4604.633000,,1,12.000000,False,,False,True
2026,3,Japanese Grand Prix,R,4797.880000,LAW,30,lawson,rb,96.618000,10.000000,1.000000,,,35.498000,42.823000,18.297000,4736.847000,4779.670000,4797.967000,265.000000,321.000000,275.000000,285.000000,False,MEDIUM,10.000000,True,Racing Bulls,4701.262000,,1,12.000000,False,,False,True
2026,3,Japanese Grand Prix,R,4894.430000,LAW,30,lawson,rb,96.550000,11.000000,1.000000,,,35.683000,42.706000,18.161000,4833.650000,4876.356000,4894.517000,266.000000,322.000000,279.000000,287.000000,False,MEDIUM,11.000000,True,Racing Bulls,4797.880000,,1,12.000000,False,,False,True
2026,3,Japanese Grand Prix,R,4991.688000,LAW,30,lawson,rb,97.258000,12.000000,1.000000,,,35.790000,43.118000,18.350000,4930.307000,4973.425000,4991.775000,262.000000,327.000000,280.000000,290.000000,False,MEDIUM,12.000000,True,Racing Bulls,4894.430000,,1,12.000000,False,,False,True
2026,3,Japanese Grand Prix,R,5088.737000,LAW,30,lawson,rb,97.049000,13.000000,1.000000,,,36.312000,42.621000,18.116000,5028.087000,5070.708000,5088.824000,265.000000,328.000000,280.000000,290.000000,False,MEDIUM,13.000000,True,Racing Bulls,4991.688000,,1,12.000000,False,,False,True
2026,3,Japanese Grand Prix,R,5185.750000,LAW,30,lawson,rb,97.013000,14.000000,1.000000,,,,42.781000,18.278000,,5167.722000,5185.959000,265.000000,325.000000,276.000000,288.000000,False,MEDIUM,14.000000,True,Racing Bulls,5088.737000,,1,12.000000,False,,False,False
2026,3,Japanese Grand Prix,R,5282.476000,LAW,30,lawson,rb,96.726000,15.000000,1.000000,,,35.735000,42.811000,18.180000,5221.572000,5264.383000,5282.563000,267.000000,322.000000,278.000000,287.000000,False,MEDIUM,15.000000,True,Racing Bulls,5185.750000,,1,12.000000,False,,False,True
2026,3,Japanese Grand Prix,R,5379.298000,LAW,30,lawson,rb,96.822000,16.000000,1.000000,,,35.828000,42.818000,18.176000,5318.391000,5361.209000,5379.385000,266.000000,325.000000,288.000000,289.000000,False,MEDIUM,16.000000,True,Racing Bulls,5282.476000,,1,12.000000,False,,False,True
2026,3,Japanese Grand Prix,R,5476.018000,LAW,30,lawson,rb,96.720000,17.000000,1.000000,,,35.843000,42.716000,18.161000,5415.228000,5457.944000,5476.105000,267.000000,326.000000,280.000000,288.000000,False,MEDIUM,17.000000,True,Racing Bulls,5379.298000,,1,12.000000,False,,False,True
2026,3,Japanese Grand Prix,R,5572.622000,LAW,30,lawson,rb,96.604000,18.000000,1.000000,,,35.879000,42.537000,18.188000,5511.984000,5554.521000,5572.709000,267.000000,328.000000,280.000000,289.000000,False,MEDIUM,18.000000,True,Racing Bulls,5476.018000,,1,11.000000,False,,False,True
2026,3,Japanese Grand Prix,R,5669.338000,LAW,30,lawson,rb,96.716000,19.000000,1.000000,,,35.815000,42.626000,18.275000,5608.524000,5651.150000,5669.425000,265.000000,320.000000,277.000000,285.000000,False,MEDIUM,19.000000,True,Racing Bulls,5572.622000,,1,11.000000,False,,False,True
2026,3,Japanese Grand Prix,R,5765.780000,LAW,30,lawson,rb,96.442000,20.000000,1.000000,,,35.660000,42.435000,18.347000,5705.085000,5747.520000,5765.867000,265.000000,317.000000,278.000000,280.000000,False,MEDIUM,20.000000,True,Racing Bulls,5669.338000,,1,9.000000,False,,False,True
2026,3,Japanese Grand Prix,R,5861.960000,LAW,30,lawson,rb,96.180000,21.000000,1.000000,,,35.509000,42.408000,18.263000,5801.376000,5843.784000,5862.047000,265.000000,317.000000,277.000000,280.000000,True,MEDIUM,21.000000,True,Racing Bulls,5765.780000,,12,9.000000,False,,False,True
2026,3,Japanese Grand Prix,R,5988.274000,LAW,30,lawson,rb,126.314000,22.000000,1.000000,,5986.870000,41.836000,58.157000,26.321000,5903.883000,5962.040000,5988.361000,230.000000,243.000000,,224.000000,False,MEDIUM,22.000000,True,Racing Bulls,5861.960000,,24,10.000000,False,,False,False
2026,3,Japanese Grand Prix,R,6133.250000,LAW,30,lawson,rb,144.976000,23.000000,2.000000,6011.137000,,63.403000,59.478000,22.095000,6051.764000,6111.242000,6133.337000,249.000000,252.000000,225.000000,253.000000,False,HARD,1.000000,True,Racing Bulls,5988.274000,,4,10.000000,False,,False,False
2026,3,Japanese Grand Prix,R,6258.746000,LAW,30,lawson,rb,125.496000,24.000000,2.000000,,,38.812000,60.958000,25.726000,6172.149000,6233.107000,6258.833000,247.000000,294.000000,220.000000,230.000000,False,HARD,2.000000,True,Racing Bulls,6133.250000,,4,9.000000,False,,False,False
2026,3,Japanese Grand Prix,R,6408.954000,LAW,30,lawson,rb,,25.000000,2.000000,,,49.682000,72.857000,27.694000,6308.665000,6381.422000,6409.367000,138.000000,274.000000,192.000000,129.000000,False,HARD,3.000000,True,Racing Bulls,6258.746000,,4,9.000000,False,,False,False
2026,3,Japanese Grand Prix,R,6556.050000,LAW,30,lawson,rb,147.096000,26.000000,2.000000,,,53.980000,64.820000,28.296000,6463.021000,6527.841000,6556.137000,134.000000,237.000000,189.000000,189.000000,False,HARD,4.000000,True,Racing Bulls,6408.954000,,4,9.000000,False,,False,False
2026,3,Japanese Grand Prix,R,6694.097000,LAW,30,lawson,rb,138.047000,27.000000,2.000000,,,47.777000,62.670000,27.600000,6603.914000,6666.584000,6694.184000,220.000000,146.000000,279.000000,139.000000,False,HARD,5.000000,True,Racing Bulls,6556.050000,,41,9.000000,False,,False,False
2026,3,Japanese Grand Prix,R,6790.473000,LAW,30,lawson,rb,96.376000,28.000000,2.000000,,,35.951000,42.587000,17.838000,6730.135000,6772.722000,6790.560000,267.000000,332.000000,283.000000,293.000000,False,HARD,6.000000,True,Racing Bulls,6694.097000,,1,9.000000,False,,False,True
2026,3,Japanese Grand Prix,R,6885.398000,LAW,30,lawson,rb,94.925000,29.000000,2.000000,,,34.933000,42.068000,17.924000,6825.493000,6867.561000,6885.485000,269.000000,327.000000,284.000000,288.000000,True,HARD,7.000000,True,Racing Bulls,6790.473000,,1,9.000000,False,,False,True
2026,3,Japanese Grand Prix,R,6980.258000,LAW,30,lawson,rb,94.860000,30.000000,2.000000,,,34.844000,42.041000,17.975000,6920.329000,6962.370000,6980.345000,268.000000,325.000000,281.000000,287.000000,True,HARD,8.000000,True,Racing Bulls,6885.398000,,1,9.000000,False,,False,True
2026,3,Japanese Grand Prix,R,7074.974000,LAW,30,lawson,rb,94.716000,31.000000,2.000000,,,34.750000,41.936000,18.030000,7015.095000,7057.031000,7075.061000,267.000000,322.000000,281.000000,286.000000,True,HARD,9.000000,True,Racing Bulls,6980.258000,,1,9.000000,False,,False,True
2026,3,Japanese Grand Prix,R,7169.621000,LAW,30,lawson,rb,94.647000,32.000000,2.000000,,,34.705000,41.903000,18.039000,7109.766000,7151.669000,7169.708000,271.000000,323.000000,281.000000,285.000000,True,HARD,10.000000,True,Racing Bulls,7074.974000,,1,9.000000,False,,False,True
2026,3,Japanese Grand Prix,R,7264.394000,LAW,30,lawson,rb,94.773000,33.000000,2.000000,,,34.796000,41.974000,18.003000,7204.504000,7246.478000,7264.481000,267.000000,325.000000,281.000000,287.000000,False,HARD,11.000000,True,Racing Bulls,7169.621000,,1,9.000000,False,,False,True
2026,3,Japanese Grand Prix,R,7359.244000,LAW,30,lawson,rb,94.850000,34.000000,2.000000,,,34.755000,42.038000,18.057000,7299.236000,7341.274000,7359.331000,268.000000,321.000000,280.000000,284.000000,False,HARD,12.000000,True,Racing Bulls,7264.394000,,1,9.000000,False,,False,True
2026,3,Japanese Grand Prix,R,7454.243000,LAW,30,lawson,rb,94.999000,35.000000,2.000000,,,34.732000,41.990000,18.277000,7394.063000,7436.053000,7454.330000,268.000000,319.000000,281.000000,283.000000,False,HARD,13.000000,True,Racing Bulls,7359.244000,,1,9.000000,False,,False,True
2026,3,Japanese Grand Prix,R,7548.824000,LAW,30,lawson,rb,94.581000,36.000000,2.000000,,,34.706000,41.784000,18.091000,7489.036000,7530.820000,7548.911000,270.000000,320.000000,281.000000,282.000000,True,HARD,14.000000,True,Racing Bulls,7454.243000,,1,9.000000,False,,False,True
2026,3,Japanese Grand Prix,R,7643.762000,LAW,30,lawson,rb,94.938000,37.000000,2.000000,,,34.715000,41.969000,18.254000,7583.626000,7625.595000,7643.849000,270.000000,321.000000,283.000000,283.000000,False,HARD,15.000000,True,Racing Bulls,7548.824000,,1,9.000000,False,,False,True
2026,3,Japanese Grand Prix,R,7738.198000,LAW,30,lawson,rb,94.436000,38.000000,2.000000,,,34.593000,41.826000,18.017000,7678.442000,7720.268000,7738.285000,270.000000,320.000000,281.000000,283.000000,True,HARD,16.000000,True,Racing Bulls,7643.762000,,1,9.000000,False,,False,True
2026,3,Japanese Grand Prix,R,7832.724000,LAW,30,lawson,rb,94.526000,39.000000,2.000000,,,34.592000,41.870000,18.064000,7772.877000,7814.747000,7832.811000,270.000000,319.000000,281.000000,283.000000,False,HARD,17.000000,True,Racing Bulls,7738.198000,,1,9.000000,False,,False,True
2026,3,Japanese Grand Prix,R,7927.603000,LAW,30,lawson,rb,94.879000,40.000000,2.000000,,,34.759000,41.921000,18.199000,7867.570000,7909.491000,7927.690000,270.000000,320.000000,281.000000,282.000000,False,HARD,18.000000,True,Racing Bulls,7832.724000,,1,9.000000,False,,False,True
2026,3,Japanese Grand Prix,R,8022.399000,LAW,30,lawson,rb,94.796000,41.000000,2.000000,,,34.761000,41.874000,18.161000,7962.451000,8004.325000,8022.486000,270.000000,321.000000,280.000000,283.000000,False,HARD,19.000000,True,Racing Bulls,7927.603000,,1,9.000000,False,,False,True
2026,3,Japanese Grand Prix,R,8117.325000,LAW,30,lawson,rb,94.926000,42.000000,2.000000,,,34.833000,41.941000,18.152000,8057.319000,8099.260000,8117.412000,269.000000,319.000000,283.000000,281.000000,False,HARD,20.000000,True,Racing Bulls,8022.399000,,1,9.000000,False,,False,True
2026,3,Japanese Grand Prix,R,8212.195000,LAW,30,lawson,rb,94.870000,43.000000,2.000000,,,34.826000,41.847000,18.197000,8152.238000,8194.085000,8212.282000,270.000000,320.000000,282.000000,281.000000,False,HARD,21.000000,True,Racing Bulls,8117.325000,,1,9.000000,False,,False,True
2026,3,Japanese Grand Prix,R,8307.077000,LAW,30,lawson,rb,94.882000,44.000000,2.000000,,,34.966000,41.779000,18.137000,8247.248000,8289.027000,8307.164000,270.000000,319.000000,281.000000,282.000000,False,HARD,22.000000,True,Racing Bulls,8212.195000,,1,9.000000,False,,False,True
2026,3,Japanese Grand Prix,R,8401.871000,LAW,30,lawson,rb,94.794000,45.000000,2.000000,,,34.847000,41.817000,18.130000,8342.011000,8383.828000,8401.958000,270.000000,318.000000,291.000000,280.000000,False,HARD,23.000000,True,Racing Bulls,8307.077000,,1,9.000000,False,,False,True
2026,3,Japanese Grand Prix,R,8496.698000,LAW,30,lawson,rb,94.827000,46.000000,2.000000,,,34.835000,41.832000,18.160000,8436.793000,8478.625000,8496.785000,271.000000,319.000000,281.000000,281.000000,False,HARD,24.000000,True,Racing Bulls,8401.871000,,1,9.000000,False,,False,True
2026,3,Japanese Grand Prix,R,8591.653000,LAW,30,lawson,rb,94.955000,47.000000,2.000000,,,34.978000,41.895000,18.082000,8531.763000,8573.658000,8591.740000,269.000000,319.000000,282.000000,281.000000,False,HARD,25.000000,True,Racing Bulls,8496.698000,,1,9.000000,False,,False,True
2026,3,Japanese Grand Prix,R,8686.321000,LAW,30,lawson,rb,94.668000,48.000000,2.000000,,,34.762000,41.778000,18.128000,8626.502000,8668.280000,8686.408000,269.000000,319.000000,281.000000,281.000000,False,HARD,26.000000,True,Racing Bulls,8591.653000,,1,9.000000,False,,False,True
2026,3,Japanese Grand Prix,R,8781.022000,LAW,30,lawson,rb,94.701000,49.000000,2.000000,,,34.886000,41.726000,18.089000,8721.294000,8763.020000,8781.109000,271.000000,319.000000,283.000000,281.000000,False,HARD,27.000000,True,Racing Bulls,8686.321000,,1,9.000000,False,,False,True
2026,3,Japanese Grand Prix,R,8875.656000,LAW,30,lawson,rb,94.634000,50.000000,2.000000,,,34.864000,41.727000,18.043000,8815.973000,8857.700000,8875.743000,271.000000,318.000000,283.000000,281.000000,False,HARD,28.000000,True,Racing Bulls,8781.022000,,1,9.000000,False,,False,True
2026,3,Japanese Grand Prix,R,8969.997000,LAW,30,lawson,rb,94.341000,51.000000,2.000000,,,34.717000,41.585000,18.039000,8910.460000,8952.045000,8970.084000,272.000000,320.000000,282.000000,281.000000,True,HARD,29.000000,True,Racing Bulls,8875.656000,,1,9.000000,False,,False,True
2026,3,Japanese Grand Prix,R,9064.292000,LAW,30,lawson,rb,94.295000,52.000000,2.000000,,,34.761000,41.545000,17.989000,9004.845000,9046.390000,9064.379000,273.000000,320.000000,284.000000,282.000000,True,HARD,30.000000,True,Racing Bulls,8969.997000,,1,9.000000,False,,False,True
2026,3,Japanese Grand Prix,R,9158.522000,LAW,30,lawson,rb,94.230000,53.000000,2.000000,,,34.632000,41.733000,17.865000,9099.011000,9140.744000,9158.609000,271.000000,326.000000,283.000000,289.000000,True,HARD,31.000000,True,Racing Bulls,9064.292000,,1,9.000000,False,,False,True
2026,3,Japanese Grand Prix,R,3926.877000,OCO,31,ocon,haas,101.913000,1.000000,1.000000,,,,43.267000,18.305000,,3908.635000,3927.160000,255.000000,332.000000,280.000000,291.000000,False,MEDIUM,1.000000,True,Haas F1 Team,3824.711000,,1,11.000000,False,,False,False
2026,3,Japanese Grand Prix,R,4023.531000,OCO,31,ocon,haas,96.654000,2.000000,1.000000,,,35.386000,42.561000,18.707000,3962.305000,4004.866000,4023.573000,259.000000,338.000000,276.000000,282.000000,True,MEDIUM,2.000000,True,Haas F1 Team,3926.877000,,1,11.000000,False,,False,True
2026,3,Japanese Grand Prix,R,4119.625000,OCO,31,ocon,haas,96.094000,3.000000,1.000000,,,35.745000,42.330000,18.019000,4059.318000,4101.648000,4119.667000,255.000000,334.000000,277.000000,293.000000,True,MEDIUM,3.000000,True,Haas F1 Team,4023.531000,,1,10.000000,False,,False,True
2026,3,Japanese Grand Prix,R,4215.581000,OCO,31,ocon,haas,95.956000,4.000000,1.000000,,,35.434000,42.395000,18.127000,4155.101000,4197.496000,4215.623000,256.000000,332.000000,276.000000,292.000000,True,MEDIUM,4.000000,True,Haas F1 Team,4119.625000,,1,10.000000,False,,False,True
2026,3,Japanese Grand Prix,R,4312.327000,OCO,31,ocon,haas,96.746000,5.000000,1.000000,,,35.492000,42.449000,18.805000,4251.115000,4293.564000,4312.369000,257.000000,333.000000,278.000000,284.000000,False,MEDIUM,5.000000,True,Haas F1 Team,4215.581000,,1,10.000000,False,,False,True
2026,3,Japanese Grand Prix,R,4408.877000,OCO,31,ocon,haas,96.550000,6.000000,1.000000,,,35.711000,42.569000,18.270000,4348.080000,4390.649000,4408.919000,258.000000,325.000000,276.000000,288.000000,False,MEDIUM,6.000000,True,Haas F1 Team,4312.327000,,1,9.000000,False,,False,True
2026,3,Japanese Grand Prix,R,4505.165000,OCO,31,ocon,haas,96.288000,7.000000,1.000000,,,35.524000,42.604000,18.160000,4444.443000,4487.047000,4505.207000,260.000000,325.000000,274.000000,288.000000,False,MEDIUM,7.000000,True,Haas F1 Team,4408.877000,,1,9.000000,False,,False,True
2026,3,Japanese Grand Prix,R,4600.987000,OCO,31,ocon,haas,95.822000,8.000000,1.000000,,,35.434000,42.322000,18.066000,4540.641000,4582.963000,4601.029000,259.000000,327.000000,276.000000,287.000000,True,MEDIUM,8.000000,True,Haas F1 Team,4505.165000,,1,9.000000,False,,False,True
2026,3,Japanese Grand Prix,R,4697.344000,OCO,31,ocon,haas,96.357000,9.000000,1.000000,,,35.423000,42.669000,18.265000,4636.452000,4679.121000,4697.386000,254.000000,316.000000,276.000000,282.000000,False,MEDIUM,9.000000,True,Haas F1 Team,4600.987000,,1,9.000000,False,,False,True
2026,3,Japanese Grand Prix,R,4793.774000,OCO,31,ocon,haas,96.430000,10.000000,1.000000,,,35.578000,42.565000,18.287000,4732.964000,4775.529000,4793.816000,252.000000,315.000000,276.000000,280.000000,False,MEDIUM,10.000000,True,Haas F1 Team,4697.344000,,1,9.000000,False,,False,True
2026,3,Japanese Grand Prix,R,4890.250000,OCO,31,ocon,haas,96.476000,11.000000,1.000000,,,35.581000,42.633000,18.262000,4829.397000,4872.030000,4890.292000,257.000000,313.000000,276.000000,279.000000,False,MEDIUM,11.000000,True,Haas F1 Team,4793.774000,,1,9.000000,False,,False,True
2026,3,Japanese Grand Prix,R,4986.843000,OCO,31,ocon,haas,96.593000,12.000000,1.000000,,,35.653000,42.664000,18.276000,4925.945000,4968.609000,4986.885000,253.000000,313.000000,274.000000,280.000000,False,MEDIUM,12.000000,True,Haas F1 Team,4890.250000,,1,9.000000,False,,False,True
2026,3,Japanese Grand Prix,R,5083.602000,OCO,31,ocon,haas,96.759000,13.000000,1.000000,,,35.759000,42.592000,18.408000,5022.644000,5065.236000,5083.644000,257.000000,312.000000,274.000000,278.000000,False,MEDIUM,13.000000,True,Haas F1 Team,4986.843000,,1,9.000000,False,,False,True
2026,3,Japanese Grand Prix,R,5180.308000,OCO,31,ocon,haas,96.706000,14.000000,1.000000,,,35.739000,42.639000,18.328000,5119.383000,5162.022000,5180.350000,258.000000,312.000000,275.000000,277.000000,False,MEDIUM,14.000000,True,Haas F1 Team,5083.602000,,1,9.000000,False,,False,True
2026,3,Japanese Grand Prix,R,5276.916000,OCO,31,ocon,haas,96.608000,15.000000,1.000000,,,35.693000,42.586000,18.329000,5216.043000,5258.629000,5276.958000,256.000000,311.000000,275.000000,277.000000,False,MEDIUM,15.000000,True,Haas F1 Team,5180.308000,,1,9.000000,False,,False,True
2026,3,Japanese Grand Prix,R,5373.695000,OCO,31,ocon,haas,96.779000,16.000000,1.000000,,,35.750000,42.699000,18.330000,5312.708000,5355.407000,5373.737000,257.000000,311.000000,276.000000,277.000000,False,MEDIUM,16.000000,True,Haas F1 Team,5276.916000,,1,9.000000,False,,False,True
2026,3,Japanese Grand Prix,R,5471.152000,OCO,31,ocon,haas,97.457000,17.000000,1.000000,,,35.687000,42.719000,19.051000,5409.424000,5452.143000,5471.194000,256.000000,311.000000,275.000000,274.000000,False,MEDIUM,17.000000,True,Haas F1 Team,5373.695000,,1,9.000000,False,,False,True
2026,3,Japanese Grand Prix,R,5567.608000,OCO,31,ocon,haas,96.456000,18.000000,1.000000,,,35.804000,42.384000,18.268000,5506.998000,5549.382000,5567.650000,258.000000,332.000000,277.000000,289.000000,False,MEDIUM,18.000000,True,Haas F1 Team,5471.152000,,1,9.000000,False,,False,True
2026,3,Japanese Grand Prix,R,5666.507000,OCO,31,ocon,haas,98.899000,19.000000,1.000000,,5665.165000,35.524000,42.361000,21.014000,5603.174000,5645.535000,5666.549000,253.000000,320.000000,,282.000000,False,MEDIUM,19.000000,True,Haas F1 Team,5567.608000,,1,9.000000,False,,False,False
2026,3,Japanese Grand Prix,R,5783.426000,OCO,31,ocon,haas,116.919000,20.000000,2.000000,5689.729000,,56.587000,41.917000,18.415000,5723.136000,5765.053000,5783.468000,264.000000,318.000000,280.000000,271.000000,False,HARD,1.000000,True,Haas F1 Team,5666.507000,,1,14.000000,False,,False,False
2026,3,Japanese Grand Prix,R,5882.498000,OCO,31,ocon,haas,99.072000,21.000000,2.000000,,,34.854000,42.212000,22.006000,5818.322000,5860.534000,5882.540000,258.000000,313.000000,102.000000,278.000000,False,HARD,2.000000,True,Haas F1 Team,5783.426000,,124,14.000000,False,,False,False
2026,3,Japanese Grand Prix,R,6008.180000,OCO,31,ocon,haas,125.682000,22.000000,2.000000,,,49.401000,53.717000,22.564000,5931.941000,5985.658000,6008.222000,265.000000,197.000000,258.000000,251.000000,False,HARD,3.000000,True,Haas F1 Team,5882.498000,,4,14.000000,False,,False,False
2026,3,Japanese Grand Prix,R,6136.168000,OCO,31,ocon,haas,127.988000,23.000000,2.000000,,,45.337000,59.938000,22.713000,6053.559000,6113.497000,6136.210000,232.000000,255.000000,258.000000,240.000000,False,HARD,4.000000,True,Haas F1 Team,6008.180000,,4,12.000000,False,,False,False
2026,3,Japanese Grand Prix,R,6260.605000,OCO,31,ocon,haas,124.437000,24.000000,2.000000,,,38.040000,62.059000,24.338000,6174.250000,6236.309000,6260.647000,266.000000,250.000000,223.000000,242.000000,False,HARD,5.000000,True,Haas F1 Team,6136.168000,,4,11.000000,False,,False,False
2026,3,Japanese Grand Prix,R,6411.233000,OCO,31,ocon,haas,,25.000000,2.000000,,,49.613000,73.530000,27.467000,6310.451000,6383.808000,6411.346000,116.000000,255.000000,212.000000,123.000000,False,HARD,6.000000,True,Haas F1 Team,6260.605000,,4,11.000000,False,,False,False
2026,3,Japanese Grand Prix,R,6559.322000,OCO,31,ocon,haas,148.089000,26.000000,2.000000,,,53.510000,65.081000,29.498000,6464.785000,6529.866000,6559.364000,142.000000,219.000000,159.000000,225.000000,False,HARD,7.000000,True,Haas F1 Team,6411.233000,,4,11.000000,False,,False,False
2026,3,Japanese Grand Prix,R,6695.194000,OCO,31,ocon,haas,135.872000,27.000000,2.000000,,,46.806000,61.886000,27.180000,6606.170000,6668.056000,6695.236000,200.000000,138.000000,283.000000,140.000000,False,HARD,8.000000,True,Haas F1 Team,6559.322000,,41,11.000000,False,,False,False
2026,3,Japanese Grand Prix,R,6791.834000,OCO,31,ocon,haas,96.640000,28.000000,2.000000,,,35.637000,42.438000,18.565000,6730.873000,6773.311000,6791.876000,263.000000,324.000000,284.000000,286.000000,False,HARD,9.000000,True,Haas F1 Team,6695.194000,,1,11.000000,False,,False,True
2026,3,Japanese Grand Prix,R,6886.262000,OCO,31,ocon,haas,94.428000,29.000000,2.000000,,,34.967000,41.652000,17.809000,6826.843000,6868.495000,6886.304000,257.000000,339.000000,280.000000,295.000000,True,HARD,10.000000,True,Haas F1 Team,6791.834000,,1,10.000000,False,,False,True
2026,3,Japanese Grand Prix,R,6981.134000,OCO,31,ocon,haas,94.872000,30.000000,2.000000,,,34.906000,42.002000,17.964000,6921.210000,6963.212000,6981.176000,260.000000,332.000000,280.000000,290.000000,False,HARD,11.000000,True,Haas F1 Team,6886.262000,,1,10.000000,False,,False,True
2026,3,Japanese Grand Prix,R,7075.765000,OCO,31,ocon,haas,94.631000,31.000000,2.000000,,,34.816000,41.835000,17.980000,7015.992000,7057.827000,7075.807000,260.000000,333.000000,281.000000,291.000000,False,HARD,12.000000,True,Haas F1 Team,6981.134000,,1,10.000000,False,,False,True
2026,3,Japanese Grand Prix,R,7170.430000,OCO,31,ocon,haas,94.665000,32.000000,2.000000,,,34.937000,41.793000,17.935000,7110.744000,7152.537000,7170.472000,259.000000,332.000000,281.000000,290.000000,False,HARD,13.000000,True,Haas F1 Team,7075.765000,,1,10.000000,False,,False,True
2026,3,Japanese Grand Prix,R,7265.127000,OCO,31,ocon,haas,94.697000,33.000000,2.000000,,,34.877000,41.879000,17.941000,7205.349000,7247.228000,7265.169000,264.000000,330.000000,282.000000,291.000000,False,HARD,14.000000,True,Haas F1 Team,7170.430000,,1,10.000000,False,,False,True
2026,3,Japanese Grand Prix,R,7359.900000,OCO,31,ocon,haas,94.773000,34.000000,2.000000,,,34.848000,41.837000,18.088000,7300.017000,7341.854000,7359.942000,261.000000,334.000000,281.000000,293.000000,False,HARD,15.000000,True,Haas F1 Team,7265.127000,,1,10.000000,False,,False,True
2026,3,Japanese Grand Prix,R,7454.781000,OCO,31,ocon,haas,94.881000,35.000000,2.000000,,,34.875000,41.765000,18.241000,7394.817000,7436.582000,7454.823000,260.000000,333.000000,282.000000,290.000000,False,HARD,16.000000,True,Haas F1 Team,7359.900000,,1,10.000000,False,,False,True
2026,3,Japanese Grand Prix,R,7549.498000,OCO,31,ocon,haas,94.717000,36.000000,2.000000,,,35.010000,41.690000,18.017000,7489.833000,7531.523000,7549.540000,261.000000,332.000000,282.000000,290.000000,False,HARD,17.000000,True,Haas F1 Team,7454.781000,,1,10.000000,False,,False,True
2026,3,Japanese Grand Prix,R,7644.356000,OCO,31,ocon,haas,94.858000,37.000000,2.000000,,,34.796000,41.713000,18.349000,7584.336000,7626.049000,7644.398000,261.000000,333.000000,271.000000,299.000000,False,HARD,18.000000,True,Haas F1 Team,7549.498000,,1,10.000000,False,,False,True
2026,3,Japanese Grand Prix,R,7739.234000,OCO,31,ocon,haas,94.878000,38.000000,2.000000,,,35.085000,41.782000,18.011000,7679.483000,7721.265000,7739.276000,260.000000,328.000000,279.000000,287.000000,False,HARD,19.000000,True,Haas F1 Team,7644.356000,,1,10.000000,False,,False,True
2026,3,Japanese Grand Prix,R,7833.582000,OCO,31,ocon,haas,94.348000,39.000000,2.000000,,,34.724000,41.705000,17.919000,7774.000000,7815.705000,7833.624000,262.000000,331.000000,281.000000,290.000000,True,HARD,20.000000,True,Haas F1 Team,7739.234000,,1,10.000000,False,,False,True
2026,3,Japanese Grand Prix,R,7928.371000,OCO,31,ocon,haas,94.789000,40.000000,2.000000,,,34.907000,41.793000,18.089000,7868.531000,7910.324000,7928.413000,261.000000,331.000000,281.000000,289.000000,False,HARD,21.000000,True,Haas F1 Team,7833.582000,,1,10.000000,False,,False,True
2026,3,Japanese Grand Prix,R,8023.158000,OCO,31,ocon,haas,94.787000,41.000000,2.000000,,,34.891000,41.848000,18.048000,7963.304000,8005.152000,8023.200000,263.000000,332.000000,281.000000,290.000000,False,HARD,22.000000,True,Haas F1 Team,7928.371000,,1,10.000000,False,,False,True
2026,3,Japanese Grand Prix,R,8118.061000,OCO,31,ocon,haas,94.903000,42.000000,2.000000,,,35.039000,41.700000,18.164000,8058.239000,8099.939000,8118.103000,261.000000,333.000000,280.000000,289.000000,False,HARD,23.000000,True,Haas F1 Team,8023.158000,,1,10.000000,False,,False,True
2026,3,Japanese Grand Prix,R,8212.924000,OCO,31,ocon,haas,94.863000,43.000000,2.000000,,,35.056000,41.752000,18.055000,8153.159000,8194.911000,8212.966000,262.000000,330.000000,281.000000,288.000000,False,HARD,24.000000,True,Haas F1 Team,8118.061000,,1,10.000000,False,,False,True
2026,3,Japanese Grand Prix,R,8307.892000,OCO,31,ocon,haas,94.968000,44.000000,2.000000,,,35.191000,41.683000,18.094000,8248.157000,8289.840000,8307.934000,262.000000,331.000000,281.000000,289.000000,False,HARD,25.000000,True,Haas F1 Team,8212.924000,,1,10.000000,False,,False,True
2026,3,Japanese Grand Prix,R,8402.859000,OCO,31,ocon,haas,94.967000,45.000000,2.000000,,,35.109000,41.755000,18.103000,8343.043000,8384.798000,8402.901000,261.000000,330.000000,281.000000,288.000000,False,HARD,26.000000,True,Haas F1 Team,8307.892000,,1,10.000000,False,,False,True
2026,3,Japanese Grand Prix,R,8497.644000,OCO,31,ocon,haas,94.785000,46.000000,2.000000,,,35.019000,41.713000,18.053000,8437.920000,8479.633000,8497.686000,263.000000,330.000000,281.000000,288.000000,False,HARD,27.000000,True,Haas F1 Team,8402.859000,,1,10.000000,False,,False,True
2026,3,Japanese Grand Prix,R,8592.561000,OCO,31,ocon,haas,94.917000,47.000000,2.000000,,,35.092000,41.752000,18.073000,8532.778000,8574.530000,8592.603000,263.000000,329.000000,281.000000,288.000000,False,HARD,28.000000,True,Haas F1 Team,8497.644000,,1,10.000000,False,,False,True
2026,3,Japanese Grand Prix,R,8687.253000,OCO,31,ocon,haas,94.692000,48.000000,2.000000,,,34.981000,41.620000,18.091000,8627.584000,8669.204000,8687.295000,263.000000,330.000000,282.000000,288.000000,False,HARD,29.000000,True,Haas F1 Team,8592.561000,,1,10.000000,False,,False,True
2026,3,Japanese Grand Prix,R,8782.019000,OCO,31,ocon,haas,94.766000,49.000000,2.000000,,,35.057000,41.698000,18.011000,8722.352000,8764.050000,8782.061000,263.000000,330.000000,281.000000,288.000000,False,HARD,30.000000,True,Haas F1 Team,8687.253000,,1,10.000000,False,,False,True
2026,3,Japanese Grand Prix,R,8876.688000,OCO,31,ocon,haas,94.669000,50.000000,2.000000,,,34.997000,41.675000,17.997000,8817.058000,8858.733000,8876.730000,264.000000,329.000000,282.000000,287.000000,False,HARD,31.000000,True,Haas F1 Team,8782.019000,,1,10.000000,False,,False,True
2026,3,Japanese Grand Prix,R,8971.077000,OCO,31,ocon,haas,94.389000,51.000000,2.000000,,,35.044000,41.452000,17.893000,8911.774000,8953.226000,8971.119000,262.000000,332.000000,283.000000,288.000000,False,HARD,32.000000,True,Haas F1 Team,8876.688000,,1,10.000000,False,,False,True
2026,3,Japanese Grand Prix,R,9065.345000,OCO,31,ocon,haas,94.268000,52.000000,2.000000,,,34.846000,41.504000,17.918000,9005.965000,9047.469000,9065.387000,262.000000,333.000000,284.000000,289.000000,True,HARD,33.000000,True,Haas F1 Team,8971.077000,,1,10.000000,False,,False,True
2026,3,Japanese Grand Prix,R,9159.601000,OCO,31,ocon,haas,94.256000,53.000000,2.000000,,,34.859000,41.560000,17.837000,9100.246000,9141.806000,9159.643000,263.000000,337.000000,280.000000,292.000000,True,HARD,34.000000,True,Haas F1 Team,9065.345000,,1,10.000000,False,,False,True
2026,3,Japanese Grand Prix,R,3925.624000,LIN,41,arvid_lindblad,rb,100.660000,1.000000,1.000000,,,,43.187000,18.012000,,3907.854000,3925.904000,270.000000,335.000000,282.000000,296.000000,False,MEDIUM,1.000000,True,Racing Bulls,3824.711000,,1,9.000000,False,,False,False
2026,3,Japanese Grand Prix,R,4021.798000,LIN,41,arvid_lindblad,rb,96.174000,2.000000,1.000000,,,35.265000,42.825000,18.084000,3960.945000,4003.770000,4021.854000,265.000000,324.000000,276.000000,287.000000,True,MEDIUM,2.000000,True,Racing Bulls,3925.624000,,1,8.000000,False,,False,True
2026,3,Japanese Grand Prix,R,4118.031000,LIN,41,arvid_lindblad,rb,96.233000,3.000000,1.000000,,,35.347000,42.792000,18.094000,4057.201000,4099.993000,4118.087000,263.000000,319.000000,277.000000,285.000000,False,MEDIUM,3.000000,True,Racing Bulls,4021.798000,,1,8.000000,False,,False,True
2026,3,Japanese Grand Prix,R,4214.070000,LIN,41,arvid_lindblad,rb,96.039000,4.000000,1.000000,,,35.296000,42.736000,18.007000,4153.383000,4196.119000,4214.126000,263.000000,323.000000,276.000000,286.000000,True,MEDIUM,4.000000,True,Racing Bulls,4118.031000,,1,8.000000,False,,False,True
2026,3,Japanese Grand Prix,R,4312.123000,LIN,41,arvid_lindblad,rb,98.053000,5.000000,1.000000,,,35.528000,43.293000,19.232000,4249.654000,4292.947000,4312.179000,264.000000,316.000000,257.000000,277.000000,False,MEDIUM,5.000000,True,Racing Bulls,4214.070000,,1,9.000000,False,,False,True
2026,3,Japanese Grand Prix,R,4409.612000,LIN,41,arvid_lindblad,rb,97.489000,6.000000,1.000000,,,36.770000,42.663000,18.056000,4348.949000,4391.612000,4409.668000,267.000000,329.000000,281.000000,291.000000,False,MEDIUM,6.000000,True,Racing Bulls,4312.123000,,1,10.000000,False,,False,True
2026,3,Japanese Grand Prix,R,4506.002000,LIN,41,arvid_lindblad,rb,96.390000,7.000000,1.000000,,,35.836000,42.575000,17.979000,4445.504000,4488.079000,4506.058000,266.000000,330.000000,281.000000,293.000000,False,MEDIUM,7.000000,True,Racing Bulls,4409.612000,,1,10.000000,False,,False,True
2026,3,Japanese Grand Prix,R,4602.085000,LIN,41,arvid_lindblad,rb,96.083000,8.000000,1.000000,,,35.615000,42.431000,18.037000,4541.673000,4584.104000,4602.141000,269.000000,328.000000,280.000000,291.000000,False,MEDIUM,8.000000,True,Racing Bulls,4506.002000,,1,10.000000,False,,False,True
2026,3,Japanese Grand Prix,R,4698.475000,LIN,41,arvid_lindblad,rb,96.390000,9.000000,1.000000,,,35.568000,42.811000,18.011000,4637.709000,4680.520000,4698.531000,266.000000,322.000000,279.000000,288.000000,False,MEDIUM,9.000000,True,Racing Bulls,4602.085000,,1,10.000000,False,,False,True
2026,3,Japanese Grand Prix,R,4794.966000,LIN,41,arvid_lindblad,rb,96.491000,10.000000,1.000000,,,35.732000,42.676000,18.083000,4734.263000,4776.939000,4795.022000,263.000000,321.000000,279.000000,287.000000,False,MEDIUM,10.000000,True,Racing Bulls,4698.475000,,1,10.000000,False,,False,True
2026,3,Japanese Grand Prix,R,4892.105000,LIN,41,arvid_lindblad,rb,97.139000,11.000000,1.000000,,,36.015000,42.750000,18.374000,4831.037000,4873.787000,4892.161000,265.000000,322.000000,280.000000,287.000000,False,MEDIUM,11.000000,True,Racing Bulls,4794.966000,,1,10.000000,False,,False,True
2026,3,Japanese Grand Prix,R,4990.814000,LIN,41,arvid_lindblad,rb,98.709000,12.000000,1.000000,,,36.170000,44.055000,18.484000,4928.331000,4972.386000,4990.870000,250.000000,325.000000,281.000000,288.000000,False,MEDIUM,12.000000,True,Racing Bulls,4892.105000,,1,10.000000,False,,False,True
2026,3,Japanese Grand Prix,R,5087.056000,LIN,41,arvid_lindblad,rb,96.242000,13.000000,1.000000,,,35.425000,42.630000,18.187000,5026.295000,5068.925000,5087.112000,266.000000,318.000000,277.000000,284.000000,False,MEDIUM,13.000000,True,Racing Bulls,4990.814000,,1,10.000000,False,,False,True
2026,3,Japanese Grand Prix,R,5183.590000,LIN,41,arvid_lindblad,rb,96.534000,14.000000,1.000000,,,35.720000,42.676000,18.138000,5122.832000,5165.508000,5183.646000,266.000000,320.000000,279.000000,285.000000,False,MEDIUM,14.000000,True,Racing Bulls,5087.056000,,1,10.000000,False,,False,True
2026,3,Japanese Grand Prix,R,5280.879000,LIN,41,arvid_lindblad,rb,97.289000,15.000000,1.000000,,,35.760000,42.641000,18.888000,5219.406000,5262.047000,5280.935000,268.000000,319.000000,278.000000,285.000000,False,MEDIUM,15.000000,True,Racing Bulls,5183.590000,,1,10.000000,False,,False,True
2026,3,Japanese Grand Prix,R,5377.702000,LIN,41,arvid_lindblad,rb,96.823000,16.000000,1.000000,,,35.876000,42.795000,18.152000,5316.811000,5359.606000,5377.758000,254.000000,316.000000,278.000000,283.000000,False,MEDIUM,16.000000,True,Racing Bulls,5280.879000,,1,10.000000,False,,False,True
2026,3,Japanese Grand Prix,R,5474.254000,LIN,41,arvid_lindblad,rb,96.552000,17.000000,1.000000,,,35.749000,42.723000,18.080000,5413.507000,5456.230000,5474.310000,269.000000,320.000000,279.000000,284.000000,False,MEDIUM,17.000000,True,Racing Bulls,5377.702000,,1,10.000000,False,,False,True
2026,3,Japanese Grand Prix,R,5573.450000,LIN,41,arvid_lindblad,rb,99.196000,18.000000,1.000000,,5571.911000,35.797000,42.533000,20.866000,5510.107000,5552.640000,5573.506000,266.000000,322.000000,,284.000000,False,MEDIUM,18.000000,True,Racing Bulls,5474.254000,,1,12.000000,False,,False,False
2026,3,Japanese Grand Prix,R,5692.200000,LIN,41,arvid_lindblad,rb,118.750000,19.000000,2.000000,5598.045000,,58.350000,42.327000,18.073000,5631.856000,5674.183000,5692.256000,267.000000,316.000000,278.000000,279.000000,False,HARD,1.000000,True,Racing Bulls,5573.450000,,1,16.000000,False,,False,False
2026,3,Japanese Grand Prix,R,5787.664000,LIN,41,arvid_lindblad,rb,95.464000,20.000000,2.000000,,,35.291000,42.231000,17.942000,5727.547000,5769.778000,5787.720000,266.000000,321.000000,280.000000,285.000000,True,HARD,2.000000,True,Racing Bulls,5692.200000,,1,16.000000,False,,False,True
2026,3,Japanese Grand Prix,R,5888.465000,LIN,41,arvid_lindblad,rb,100.801000,21.000000,2.000000,,,34.989000,42.281000,23.531000,5822.709000,5864.990000,5888.521000,268.000000,320.000000,127.000000,285.000000,False,HARD,3.000000,True,Racing Bulls,5787.664000,,124,16.000000,False,,False,False
2026,3,Japanese Grand Prix,R,6015.234000,LIN,41,arvid_lindblad,rb,126.769000,22.000000,2.000000,,,45.829000,56.145000,24.795000,5934.350000,5990.495000,6015.290000,243.000000,256.000000,219.000000,200.000000,False,HARD,4.000000,True,Racing Bulls,5888.465000,,4,16.000000,False,,False,False
2026,3,Japanese Grand Prix,R,6138.935000,LIN,41,arvid_lindblad,rb,123.701000,23.000000,2.000000,,,42.635000,59.087000,21.979000,6057.925000,6117.012000,6138.991000,247.000000,252.000000,227.000000,254.000000,False,HARD,5.000000,True,Racing Bulls,6015.234000,,4,14.000000,False,,False,False
2026,3,Japanese Grand Prix,R,6264.100000,LIN,41,arvid_lindblad,rb,125.165000,24.000000,2.000000,,,40.377000,59.903000,24.885000,6179.368000,6239.271000,6264.156000,257.000000,248.000000,233.000000,255.000000,False,HARD,6.000000,True,Racing Bulls,6138.935000,,4,14.000000,False,,False,False
2026,3,Japanese Grand Prix,R,6414.634000,LIN,41,arvid_lindblad,rb,,25.000000,2.000000,,,48.754000,75.450000,26.337000,6312.973000,6388.477000,6414.861000,188.000000,248.000000,150.000000,228.000000,False,HARD,7.000000,True,Racing Bulls,6264.100000,,4,14.000000,False,,False,False
2026,3,Japanese Grand Prix,R,6561.964000,LIN,41,arvid_lindblad,rb,147.330000,26.000000,2.000000,,,52.970000,65.684000,28.676000,6467.660000,6533.344000,6562.020000,163.000000,159.000000,139.000000,237.000000,False,HARD,8.000000,True,Racing Bulls,6414.634000,,4,14.000000,False,,False,False
2026,3,Japanese Grand Prix,R,6696.571000,LIN,41,arvid_lindblad,rb,134.607000,27.000000,2.000000,,,46.921000,60.601000,27.085000,6608.941000,6669.542000,6696.627000,204.000000,135.000000,281.000000,151.000000,False,HARD,9.000000,True,Racing Bulls,6561.964000,,41,14.000000,False,,False,False
2026,3,Japanese Grand Prix,R,6792.992000,LIN,41,arvid_lindblad,rb,96.421000,28.000000,2.000000,,,35.618000,42.743000,18.060000,6732.245000,6774.988000,6793.048000,258.000000,337.000000,286.000000,298.000000,False,HARD,10.000000,True,Racing Bulls,6696.571000,,1,14.000000,False,,False,True
2026,3,Japanese Grand Prix,R,6889.397000,LIN,41,arvid_lindblad,rb,96.405000,29.000000,2.000000,,,35.954000,42.283000,18.168000,6829.002000,6871.285000,6889.453000,271.000000,332.000000,284.000000,294.000000,False,HARD,11.000000,True,Racing Bulls,6792.992000,,1,14.000000,False,,False,True
2026,3,Japanese Grand Prix,R,6985.121000,LIN,41,arvid_lindblad,rb,95.724000,30.000000,2.000000,,,35.576000,41.947000,18.201000,6925.029000,6966.976000,6985.177000,269.000000,332.000000,279.000000,292.000000,False,HARD,12.000000,True,Racing Bulls,6889.397000,,1,13.000000,True,TRACK LIMITS AT TURN 17 LAP 30 ,False,True
2026,3,Japanese Grand Prix,R,7081.083000,LIN,41,arvid_lindblad,rb,95.962000,31.000000,2.000000,,,35.809000,42.126000,18.027000,7020.986000,7063.112000,7081.139000,271.000000,331.000000,282.000000,291.000000,False,HARD,13.000000,True,Racing Bulls,6985.121000,,1,14.000000,False,,False,True
2026,3,Japanese Grand Prix,R,7176.220000,LIN,41,arvid_lindblad,rb,95.137000,32.000000,2.000000,,,35.129000,41.998000,18.010000,7116.268000,7158.266000,7176.276000,269.000000,329.000000,283.000000,290.000000,True,HARD,14.000000,True,Racing Bulls,7081.083000,,1,14.000000,False,,False,True
2026,3,Japanese Grand Prix,R,7271.380000,LIN,41,arvid_lindblad,rb,95.160000,33.000000,2.000000,,,35.082000,42.064000,18.014000,7211.358000,7253.422000,7271.436000,268.000000,328.000000,281.000000,291.000000,False,HARD,15.000000,True,Racing Bulls,7176.220000,,1,14.000000,False,,False,True
2026,3,Japanese Grand Prix,R,7366.605000,LIN,41,arvid_lindblad,rb,95.225000,34.000000,2.000000,,,35.135000,42.058000,18.032000,7306.571000,7348.629000,7366.661000,271.000000,327.000000,282.000000,289.000000,False,HARD,16.000000,True,Racing Bulls,7271.380000,,1,14.000000,False,,False,True
2026,3,Japanese Grand Prix,R,7462.007000,LIN,41,arvid_lindblad,rb,95.402000,35.000000,2.000000,,,35.135000,42.177000,18.090000,,7443.973000,7462.063000,270.000000,325.000000,282.000000,289.000000,False,HARD,17.000000,True,Racing Bulls,7366.605000,,1,14.000000,False,,False,True
2026,3,Japanese Grand Prix,R,7556.967000,LIN,41,arvid_lindblad,rb,94.960000,36.000000,2.000000,,,35.085000,41.897000,17.978000,7497.148000,7539.045000,7557.023000,270.000000,327.000000,283.000000,288.000000,True,HARD,18.000000,True,Racing Bulls,7462.007000,,1,14.000000,False,,False,True
2026,3,Japanese Grand Prix,R,7651.827000,LIN,41,arvid_lindblad,rb,94.860000,37.000000,2.000000,,,34.979000,41.911000,17.970000,7592.002000,7633.913000,7651.883000,269.000000,330.000000,283.000000,291.000000,True,HARD,19.000000,True,Racing Bulls,7556.967000,,1,14.000000,False,,False,True
2026,3,Japanese Grand Prix,R,7746.550000,LIN,41,arvid_lindblad,rb,94.723000,38.000000,2.000000,,,34.810000,41.924000,17.989000,7686.693000,7728.617000,7746.606000,270.000000,329.000000,286.000000,292.000000,True,HARD,20.000000,True,Racing Bulls,7651.827000,,1,14.000000,False,,False,True
2026,3,Japanese Grand Prix,R,7841.646000,LIN,41,arvid_lindblad,rb,95.096000,39.000000,2.000000,,,35.136000,41.882000,18.078000,7781.742000,7823.624000,7841.702000,269.000000,333.000000,283.000000,294.000000,False,HARD,21.000000,True,Racing Bulls,7746.550000,,1,14.000000,False,,False,True
2026,3,Japanese Grand Prix,R,7936.167000,LIN,41,arvid_lindblad,rb,94.521000,40.000000,2.000000,,,34.906000,41.714000,17.901000,7876.608000,7918.322000,7936.223000,273.000000,333.000000,284.000000,293.000000,True,HARD,22.000000,True,Racing Bulls,7841.646000,,1,14.000000,False,,False,True
2026,3,Japanese Grand Prix,R,8031.020000,LIN,41,arvid_lindblad,rb,94.853000,41.000000,2.000000,,,35.025000,41.888000,17.940000,7971.248000,8013.136000,8031.076000,271.000000,328.000000,283.000000,291.000000,False,HARD,23.000000,True,Racing Bulls,7936.167000,,1,14.000000,False,,False,True
2026,3,Japanese Grand Prix,R,8125.984000,LIN,41,arvid_lindblad,rb,94.964000,42.000000,2.000000,,,35.040000,41.929000,17.995000,8066.116000,8108.045000,8126.040000,270.000000,327.000000,284.000000,289.000000,False,HARD,24.000000,True,Racing Bulls,8031.020000,,1,14.000000,False,,False,True
2026,3,Japanese Grand Prix,R,8220.869000,LIN,41,arvid_lindblad,rb,94.885000,43.000000,2.000000,,,34.963000,41.894000,18.028000,8161.003000,8202.897000,8220.925000,270.000000,328.000000,285.000000,290.000000,False,HARD,25.000000,True,Racing Bulls,8125.984000,,1,14.000000,False,,False,True
2026,3,Japanese Grand Prix,R,8315.638000,LIN,41,arvid_lindblad,rb,94.769000,44.000000,2.000000,,,34.864000,41.786000,18.119000,8255.789000,8297.575000,8315.694000,271.000000,330.000000,285.000000,292.000000,False,HARD,26.000000,True,Racing Bulls,8220.869000,,1,14.000000,False,,False,True
2026,3,Japanese Grand Prix,R,8410.371000,LIN,41,arvid_lindblad,rb,94.733000,45.000000,2.000000,,,34.901000,41.829000,18.003000,8350.595000,8392.424000,8410.427000,272.000000,333.000000,286.000000,293.000000,False,HARD,27.000000,True,Racing Bulls,8315.638000,,1,14.000000,False,,False,True
2026,3,Japanese Grand Prix,R,8505.047000,LIN,41,arvid_lindblad,rb,94.676000,46.000000,2.000000,,,34.943000,41.860000,17.873000,8445.370000,8487.230000,8505.103000,275.000000,339.000000,286.000000,296.000000,False,HARD,28.000000,True,Racing Bulls,8410.371000,,1,14.000000,False,,False,True
2026,3,Japanese Grand Prix,R,8599.763000,LIN,41,arvid_lindblad,rb,94.716000,47.000000,2.000000,,,35.031000,41.799000,17.886000,8540.134000,8581.933000,8599.819000,275.000000,336.000000,288.000000,294.000000,False,HARD,29.000000,True,Racing Bulls,8505.047000,,1,14.000000,False,,False,True
2026,3,Japanese Grand Prix,R,8694.635000,LIN,41,arvid_lindblad,rb,94.872000,48.000000,2.000000,,,34.954000,41.968000,17.950000,8634.773000,8676.741000,8694.691000,274.000000,333.000000,285.000000,292.000000,False,HARD,30.000000,True,Racing Bulls,8599.763000,,1,14.000000,False,,False,True
2026,3,Japanese Grand Prix,R,8789.864000,LIN,41,arvid_lindblad,rb,95.229000,49.000000,2.000000,,,35.134000,42.023000,18.072000,8729.825000,8771.848000,8789.920000,272.000000,328.000000,283.000000,289.000000,False,HARD,31.000000,True,Racing Bulls,8694.635000,,1,14.000000,False,,False,True
2026,3,Japanese Grand Prix,R,8884.709000,LIN,41,arvid_lindblad,rb,94.845000,50.000000,2.000000,,,34.920000,41.918000,18.007000,8824.840000,8866.758000,8884.765000,272.000000,328.000000,285.000000,289.000000,False,HARD,32.000000,True,Racing Bulls,8789.864000,,1,14.000000,False,,False,True
2026,3,Japanese Grand Prix,R,8979.309000,LIN,41,arvid_lindblad,rb,94.600000,51.000000,2.000000,,,34.881000,41.792000,17.927000,8919.646000,8961.438000,8979.365000,272.000000,327.000000,284.000000,289.000000,False,HARD,33.000000,True,Racing Bulls,8884.709000,,1,14.000000,False,,False,True
2026,3,Japanese Grand Prix,R,9073.894000,LIN,41,arvid_lindblad,rb,94.585000,52.000000,2.000000,,,34.959000,41.698000,17.928000,9014.324000,9056.022000,9073.950000,271.000000,327.000000,285.000000,289.000000,False,HARD,34.000000,True,Racing Bulls,8979.309000,,1,14.000000,False,,False,True
2026,3,Japanese Grand Prix,R,9168.208000,LIN,41,arvid_lindblad,rb,94.314000,53.000000,2.000000,,,34.946000,41.569000,17.799000,9108.896000,9150.465000,9168.264000,274.000000,332.000000,287.000000,292.000000,True,HARD,35.000000,True,Racing Bulls,9073.894000,,1,14.000000,False,,False,True
2026,3,Japanese Grand Prix,R,3928.124000,COL,43,colapinto,alpine,103.160000,1.000000,1.000000,,,,43.590000,18.238000,,3910.052000,3928.256000,257.000000,340.000000,284.000000,298.000000,False,MEDIUM,1.000000,True,Alpine,3824.711000,,1,14.000000,False,,False,False
2026,3,Japanese Grand Prix,R,4025.342000,COL,43,colapinto,alpine,97.218000,2.000000,1.000000,,,35.765000,43.056000,18.397000,3963.937000,4006.993000,4025.390000,264.000000,331.000000,277.000000,301.000000,True,MEDIUM,2.000000,True,Alpine,3928.124000,,1,14.000000,False,,False,True
2026,3,Japanese Grand Prix,R,4122.546000,COL,43,colapinto,alpine,97.204000,3.000000,1.000000,,,35.945000,42.899000,18.360000,4061.335000,4104.234000,4122.594000,264.000000,328.000000,278.000000,291.000000,True,MEDIUM,3.000000,True,Alpine,4025.342000,,1,13.000000,False,,False,True
2026,3,Japanese Grand Prix,R,4219.095000,COL,43,colapinto,alpine,96.549000,4.000000,1.000000,,,35.661000,42.701000,18.187000,4158.255000,4200.956000,4219.143000,258.000000,326.000000,280.000000,289.000000,True,MEDIUM,4.000000,True,Alpine,4122.546000,,1,13.000000,False,,False,True
2026,3,Japanese Grand Prix,R,4315.663000,COL,43,colapinto,alpine,96.568000,5.000000,1.000000,,,35.489000,42.743000,18.336000,4254.632000,4297.375000,4315.711000,258.000000,321.000000,279.000000,288.000000,False,MEDIUM,5.000000,True,Alpine,4219.095000,,1,13.000000,False,,False,True
2026,3,Japanese Grand Prix,R,4412.570000,COL,43,colapinto,alpine,96.907000,6.000000,1.000000,,,35.756000,42.815000,18.336000,4351.467000,4394.282000,4412.618000,259.000000,324.000000,281.000000,290.000000,False,MEDIUM,6.000000,True,Alpine,4315.663000,,1,13.000000,False,,False,True
2026,3,Japanese Grand Prix,R,4509.079000,COL,43,colapinto,alpine,96.509000,7.000000,1.000000,,,35.528000,42.864000,18.117000,4448.146000,4491.010000,4509.127000,263.000000,325.000000,278.000000,290.000000,True,MEDIUM,7.000000,True,Alpine,4412.570000,,1,13.000000,False,,False,True
2026,3,Japanese Grand Prix,R,4605.507000,COL,43,colapinto,alpine,96.428000,8.000000,1.000000,,,35.493000,42.809000,18.126000,4544.620000,4587.429000,4605.555000,272.000000,332.000000,280.000000,291.000000,True,MEDIUM,8.000000,True,Alpine,4509.079000,,1,13.000000,False,,False,True
2026,3,Japanese Grand Prix,R,4702.079000,COL,43,colapinto,alpine,96.572000,9.000000,1.000000,,,35.535000,42.813000,18.224000,4641.090000,4683.903000,4702.127000,265.000000,324.000000,278.000000,288.000000,False,MEDIUM,9.000000,True,Alpine,4605.507000,,1,13.000000,False,,False,True
2026,3,Japanese Grand Prix,R,4798.728000,COL,43,colapinto,alpine,96.649000,10.000000,1.000000,,,35.872000,42.534000,18.243000,4737.999000,4780.533000,4798.776000,268.000000,324.000000,280.000000,288.000000,False,MEDIUM,10.000000,True,Alpine,4702.079000,,1,13.000000,False,,False,True
2026,3,Japanese Grand Prix,R,4895.403000,COL,43,colapinto,alpine,96.675000,11.000000,1.000000,,,35.814000,42.630000,18.231000,4834.590000,4877.220000,4895.451000,264.000000,324.000000,279.000000,288.000000,False,MEDIUM,11.000000,True,Alpine,4798.728000,,1,13.000000,False,,False,True
2026,3,Japanese Grand Prix,R,4992.325000,COL,43,colapinto,alpine,96.922000,12.000000,1.000000,,,35.755000,42.746000,18.421000,4931.206000,4973.952000,4992.373000,263.000000,330.000000,281.000000,291.000000,False,MEDIUM,12.000000,True,Alpine,4895.403000,,1,13.000000,False,,False,True
2026,3,Japanese Grand Prix,R,5089.682000,COL,43,colapinto,alpine,97.357000,13.000000,1.000000,,,36.529000,42.606000,18.222000,5028.902000,5071.508000,5089.730000,262.000000,329.000000,280.000000,291.000000,False,MEDIUM,13.000000,True,Alpine,4992.325000,,1,13.000000,False,,False,True
2026,3,Japanese Grand Prix,R,5186.591000,COL,43,colapinto,alpine,96.909000,14.000000,1.000000,,,35.944000,42.694000,18.271000,5125.674000,5168.368000,5186.639000,266.000000,328.000000,277.000000,290.000000,False,MEDIUM,14.000000,True,Alpine,5089.682000,,1,13.000000,False,,False,True
2026,3,Japanese Grand Prix,R,5283.432000,COL,43,colapinto,alpine,96.841000,15.000000,1.000000,,,35.751000,42.909000,18.181000,5222.390000,5265.299000,5283.480000,262.000000,322.000000,281.000000,288.000000,False,MEDIUM,15.000000,True,Alpine,5186.591000,,1,13.000000,False,,False,True
2026,3,Japanese Grand Prix,R,5380.134000,COL,43,colapinto,alpine,96.702000,16.000000,1.000000,,,35.913000,42.660000,18.129000,5319.393000,5362.053000,5380.182000,263.000000,333.000000,280.000000,292.000000,False,MEDIUM,16.000000,True,Alpine,5283.432000,,1,13.000000,False,,False,True
2026,3,Japanese Grand Prix,R,5479.392000,COL,43,colapinto,alpine,99.258000,17.000000,1.000000,,5478.164000,35.857000,42.713000,20.688000,5416.039000,5458.752000,5479.440000,263.000000,333.000000,,291.000000,False,MEDIUM,17.000000,True,Alpine,5380.134000,,1,14.000000,False,,False,False
2026,3,Japanese Grand Prix,R,5596.277000,COL,43,colapinto,alpine,116.885000,18.000000,2.000000,5501.672000,,55.731000,42.861000,18.293000,5535.171000,5578.032000,5596.325000,273.000000,308.000000,275.000000,273.000000,False,HARD,1.000000,True,Alpine,5479.392000,,1,17.000000,False,,False,False
2026,3,Japanese Grand Prix,R,5693.162000,COL,43,colapinto,alpine,96.885000,19.000000,2.000000,,,36.229000,42.489000,18.167000,5632.554000,5675.043000,5693.210000,258.000000,316.000000,283.000000,283.000000,False,HARD,2.000000,True,Alpine,5596.277000,,1,17.000000,False,,False,True
2026,3,Japanese Grand Prix,R,5788.786000,COL,43,colapinto,alpine,95.624000,20.000000,2.000000,,,35.278000,42.354000,17.992000,5728.488000,5770.842000,5788.834000,261.000000,326.000000,283.000000,288.000000,True,HARD,3.000000,True,Alpine,5693.162000,,1,17.000000,False,,False,True
2026,3,Japanese Grand Prix,R,5891.951000,COL,43,colapinto,alpine,103.165000,21.000000,2.000000,,,35.030000,43.969000,24.166000,5823.864000,5867.833000,5891.999000,260.000000,325.000000,152.000000,285.000000,False,HARD,4.000000,True,Alpine,5788.786000,,124,17.000000,True,TRACK LIMITS AT TURN 13 LAP 21 ,False,False
2026,3,Japanese Grand Prix,R,6018.518000,COL,43,colapinto,alpine,126.567000,22.000000,2.000000,,,45.289000,56.565000,24.713000,5937.288000,5993.853000,6018.566000,202.000000,255.000000,252.000000,220.000000,False,HARD,5.000000,True,Alpine,5891.951000,,4,17.000000,False,,False,False
2026,3,Japanese Grand Prix,R,6142.870000,COL,43,colapinto,alpine,124.352000,23.000000,2.000000,,,42.385000,62.123000,19.844000,6060.951000,6123.074000,6142.918000,258.000000,246.000000,230.000000,286.000000,False,HARD,6.000000,True,Alpine,6018.518000,,4,16.000000,False,,False,False
2026,3,Japanese Grand Prix,R,6266.426000,COL,43,colapinto,alpine,123.556000,24.000000,2.000000,,,38.766000,60.008000,24.782000,6181.684000,6241.692000,6266.474000,270.000000,292.000000,231.000000,241.000000,False,HARD,7.000000,True,Alpine,6142.870000,,4,16.000000,False,,False,False
2026,3,Japanese Grand Prix,R,6416.603000,COL,43,colapinto,alpine,,25.000000,2.000000,,,47.963000,75.812000,26.415000,6314.424000,6390.337000,6416.726000,182.000000,225.000000,155.000000,252.000000,False,HARD,8.000000,True,Alpine,6266.426000,,4,16.000000,False,,False,False
2026,3,Japanese Grand Prix,R,6564.190000,COL,43,colapinto,alpine,147.587000,26.000000,2.000000,,,52.654000,65.258000,29.675000,6469.305000,6534.563000,6564.238000,157.000000,173.000000,141.000000,259.000000,False,HARD,9.000000,True,Alpine,6416.603000,,4,16.000000,False,,False,False
2026,3,Japanese Grand Prix,R,6697.560000,COL,43,colapinto,alpine,133.370000,27.000000,2.000000,,,46.779000,60.139000,26.452000,6611.017000,6671.156000,6697.608000,183.000000,180.000000,279.000000,153.000000,False,HARD,10.000000,True,Alpine,6564.190000,,41,16.000000,False,,False,False
2026,3,Japanese Grand Prix,R,6794.233000,COL,43,colapinto,alpine,96.673000,28.000000,2.000000,,,35.926000,42.587000,18.160000,6733.534000,6776.121000,6794.281000,271.000000,329.000000,284.000000,295.000000,False,HARD,11.000000,True,Alpine,6697.560000,,1,16.000000,False,,False,True
2026,3,Japanese Grand Prix,R,6890.405000,COL,43,colapinto,alpine,96.172000,29.000000,2.000000,,,35.587000,42.386000,18.199000,6829.868000,6872.254000,6890.453000,265.000000,340.000000,287.000000,303.000000,False,HARD,12.000000,True,Alpine,6794.233000,,1,16.000000,False,,False,True
2026,3,Japanese Grand Prix,R,6986.880000,COL,43,colapinto,alpine,96.475000,30.000000,2.000000,,,36.170000,42.260000,18.045000,6926.623000,6968.883000,6986.928000,263.000000,334.000000,286.000000,296.000000,False,HARD,13.000000,True,Alpine,6890.405000,,1,16.000000,False,,False,True
2026,3,Japanese Grand Prix,R,7082.802000,COL,43,colapinto,alpine,95.922000,31.000000,2.000000,,,35.415000,42.206000,18.301000,7022.343000,7064.549000,7082.850000,264.000000,339.000000,285.000000,298.000000,False,HARD,14.000000,True,Alpine,6986.880000,,1,16.000000,False,,False,True
2026,3,Japanese Grand Prix,R,7178.357000,COL,43,colapinto,alpine,95.555000,32.000000,2.000000,,,35.280000,42.079000,18.196000,7118.130000,7160.209000,7178.405000,264.000000,338.000000,287.000000,298.000000,True,HARD,15.000000,True,Alpine,7082.802000,,1,16.000000,False,,False,True
2026,3,Japanese Grand Prix,R,7274.029000,COL,43,colapinto,alpine,95.672000,33.000000,2.000000,,,35.322000,42.392000,17.958000,7213.727000,7256.119000,7274.077000,268.000000,333.000000,283.000000,292.000000,False,HARD,16.000000,True,Alpine,7178.357000,,1,16.000000,False,,False,True
2026,3,Japanese Grand Prix,R,7368.789000,COL,43,colapinto,alpine,94.760000,34.000000,2.000000,,,34.992000,41.887000,17.881000,7309.069000,7350.956000,7368.837000,263.000000,332.000000,284.000000,294.000000,True,HARD,17.000000,True,Alpine,7274.029000,,1,16.000000,False,,False,True
2026,3,Japanese Grand Prix,R,7463.947000,COL,43,colapinto,alpine,95.158000,35.000000,2.000000,,,34.962000,42.209000,17.987000,7403.799000,7446.008000,7463.995000,266.000000,332.000000,284.000000,294.000000,False,HARD,18.000000,True,Alpine,7368.789000,,1,16.000000,False,,False,True
2026,3,Japanese Grand Prix,R,7559.075000,COL,43,colapinto,alpine,95.128000,36.000000,2.000000,,,35.074000,42.220000,17.834000,7499.069000,7541.289000,7559.123000,267.000000,344.000000,284.000000,300.000000,False,HARD,19.000000,True,Alpine,7463.947000,,1,16.000000,False,,False,True
2026,3,Japanese Grand Prix,R,7654.027000,COL,43,colapinto,alpine,94.952000,37.000000,2.000000,,,35.119000,41.867000,17.966000,7594.242000,7636.109000,7654.075000,263.000000,340.000000,282.000000,296.000000,False,HARD,20.000000,True,Alpine,7559.075000,,1,16.000000,False,,False,True
2026,3,Japanese Grand Prix,R,7749.277000,COL,43,colapinto,alpine,95.250000,38.000000,2.000000,,,35.214000,42.071000,17.965000,7689.289000,7731.360000,7749.325000,266.000000,339.000000,281.000000,297.000000,False,HARD,21.000000,True,Alpine,7654.027000,,1,16.000000,False,,False,True
2026,3,Japanese Grand Prix,R,7844.410000,COL,43,colapinto,alpine,95.133000,39.000000,2.000000,,,35.077000,42.124000,17.932000,7784.402000,7826.526000,7844.458000,259.000000,330.000000,282.000000,294.000000,False,HARD,22.000000,True,Alpine,7749.277000,,1,16.000000,False,,False,True
2026,3,Japanese Grand Prix,R,7939.743000,COL,43,colapinto,alpine,95.333000,40.000000,2.000000,,,35.091000,42.109000,18.133000,7879.549000,7921.658000,7939.791000,262.000000,321.000000,284.000000,286.000000,False,HARD,23.000000,True,Alpine,7844.410000,,1,16.000000,False,,False,True
2026,3,Japanese Grand Prix,R,8034.255000,COL,43,colapinto,alpine,94.512000,41.000000,2.000000,,,34.744000,41.851000,17.917000,7974.535000,8016.386000,8034.303000,263.000000,323.000000,283.000000,288.000000,True,HARD,24.000000,True,Alpine,7939.743000,,1,16.000000,False,,False,True
2026,3,Japanese Grand Prix,R,8129.620000,COL,43,colapinto,alpine,95.365000,42.000000,2.000000,,,34.899000,42.485000,17.981000,8069.202000,8111.687000,8129.668000,264.000000,330.000000,283.000000,293.000000,False,HARD,25.000000,True,Alpine,8034.255000,,1,16.000000,False,,False,True
2026,3,Japanese Grand Prix,R,8224.366000,COL,43,colapinto,alpine,94.746000,43.000000,2.000000,,,34.735000,41.938000,18.073000,8164.403000,8206.341000,8224.414000,262.000000,323.000000,282.000000,288.000000,False,HARD,26.000000,True,Alpine,8129.620000,,1,16.000000,False,,False,True
2026,3,Japanese Grand Prix,R,8319.421000,COL,43,colapinto,alpine,95.055000,44.000000,2.000000,,,34.975000,41.930000,18.150000,8259.389000,8301.319000,8319.469000,260.000000,324.000000,282.000000,289.000000,False,HARD,27.000000,True,Alpine,8224.366000,,1,16.000000,False,,False,True
2026,3,Japanese Grand Prix,R,8414.779000,COL,43,colapinto,alpine,95.358000,45.000000,2.000000,,,35.190000,41.998000,18.170000,8354.659000,8396.657000,8414.827000,263.000000,322.000000,284.000000,287.000000,False,HARD,28.000000,True,Alpine,8319.421000,,1,16.000000,False,,False,True
2026,3,Japanese Grand Prix,R,8509.632000,COL,43,colapinto,alpine,94.853000,46.000000,2.000000,,,34.936000,41.906000,18.011000,8449.763000,8491.669000,8509.680000,261.000000,325.000000,284.000000,289.000000,False,HARD,29.000000,True,Alpine,8414.779000,,1,16.000000,False,,False,True
2026,3,Japanese Grand Prix,R,8604.432000,COL,43,colapinto,alpine,94.800000,47.000000,2.000000,,,34.917000,41.905000,17.978000,8544.597000,8586.502000,8604.480000,263.000000,326.000000,285.000000,289.000000,False,HARD,30.000000,True,Alpine,8509.632000,,1,16.000000,False,,False,True
2026,3,Japanese Grand Prix,R,8699.256000,COL,43,colapinto,alpine,94.824000,48.000000,2.000000,,,34.870000,42.015000,17.939000,8639.350000,8681.365000,8699.304000,270.000000,335.000000,285.000000,294.000000,False,HARD,31.000000,True,Alpine,8604.432000,,1,16.000000,False,,False,True
2026,3,Japanese Grand Prix,R,8794.299000,COL,43,colapinto,alpine,95.043000,49.000000,2.000000,,,34.987000,42.001000,18.055000,8734.291000,8776.292000,8794.347000,271.000000,328.000000,285.000000,288.000000,False,HARD,32.000000,True,Alpine,8699.256000,,1,16.000000,False,,False,True
2026,3,Japanese Grand Prix,R,8889.373000,COL,43,colapinto,alpine,95.074000,50.000000,2.000000,,,34.981000,42.151000,17.942000,8829.328000,8871.479000,8889.421000,269.000000,342.000000,287.000000,297.000000,False,HARD,33.000000,True,Alpine,8794.299000,,1,16.000000,False,,False,True
2026,3,Japanese Grand Prix,R,8984.658000,COL,43,colapinto,alpine,95.285000,51.000000,2.000000,,,35.231000,42.103000,17.951000,8924.652000,8966.755000,8984.706000,266.000000,345.000000,287.000000,301.000000,False,HARD,34.000000,True,Alpine,8889.373000,,1,16.000000,False,,False,True
2026,3,Japanese Grand Prix,R,9079.442000,COL,43,colapinto,alpine,94.784000,52.000000,2.000000,,,35.064000,41.982000,17.738000,9019.770000,9061.752000,9079.490000,271.000000,344.000000,287.000000,298.000000,False,HARD,35.000000,True,Alpine,8984.658000,,1,16.000000,False,,False,True
2026,3,Japanese Grand Prix,R,9174.127000,COL,43,colapinto,alpine,94.685000,53.000000,2.000000,,,35.012000,41.857000,17.816000,9114.502000,9156.359000,9174.175000,269.000000,346.000000,274.000000,302.000000,False,HARD,36.000000,True,Alpine,9079.442000,,1,16.000000,False,,False,True
2026,3,Japanese Grand Prix,R,3923.350000,HAM,44,hamilton,ferrari,98.386000,1.000000,1.000000,,,,42.171000,18.146000,,3905.286000,3923.573000,264.000000,328.000000,270.000000,289.000000,False,MEDIUM,1.000000,True,Ferrari,3824.711000,,1,5.000000,False,,False,False
2026,3,Japanese Grand Prix,R,4018.846000,HAM,44,hamilton,ferrari,95.496000,2.000000,1.000000,,,35.461000,42.160000,17.875000,3958.844000,4001.004000,4018.879000,258.000000,338.000000,271.000000,294.000000,True,MEDIUM,2.000000,True,Ferrari,3923.350000,,1,6.000000,False,,False,True
2026,3,Japanese Grand Prix,R,4114.240000,HAM,44,hamilton,ferrari,95.394000,3.000000,1.000000,,,35.125000,42.265000,18.004000,4054.004000,4096.269000,4114.273000,263.000000,339.000000,271.000000,296.000000,True,MEDIUM,3.000000,True,Ferrari,4018.846000,,1,6.000000,False,,False,True
2026,3,Japanese Grand Prix,R,4210.045000,HAM,44,hamilton,ferrari,95.805000,4.000000,1.000000,,,35.248000,42.422000,18.135000,4149.521000,4191.943000,4210.078000,260.000000,317.000000,279.000000,285.000000,False,MEDIUM,4.000000,True,Ferrari,4114.240000,,1,6.000000,False,,False,True
2026,3,Japanese Grand Prix,R,4305.498000,HAM,44,hamilton,ferrari,95.453000,5.000000,1.000000,,,35.025000,42.365000,18.063000,4245.103000,4287.468000,4305.531000,253.000000,325.000000,278.000000,288.000000,False,MEDIUM,5.000000,True,Ferrari,4210.045000,,1,6.000000,False,,False,True
2026,3,Japanese Grand Prix,R,4400.670000,HAM,44,hamilton,ferrari,95.172000,6.000000,1.000000,,,34.663000,42.370000,18.139000,4340.194000,4382.564000,4400.703000,262.000000,322.000000,279.000000,286.000000,True,MEDIUM,6.000000,True,Ferrari,4305.498000,,1,6.000000,False,,False,True
2026,3,Japanese Grand Prix,R,4496.118000,HAM,44,hamilton,ferrari,95.448000,7.000000,1.000000,,,34.837000,42.375000,18.236000,4435.540000,4477.915000,4496.151000,252.000000,315.000000,278.000000,283.000000,False,MEDIUM,7.000000,True,Ferrari,4400.670000,,1,6.000000,False,,False,True
2026,3,Japanese Grand Prix,R,4591.683000,HAM,44,hamilton,ferrari,95.565000,8.000000,1.000000,,,34.822000,42.573000,18.170000,4530.973000,4573.546000,4591.716000,253.000000,313.000000,278.000000,281.000000,False,MEDIUM,8.000000,True,Ferrari,4496.118000,,1,6.000000,False,,False,True
2026,3,Japanese Grand Prix,R,4687.448000,HAM,44,hamilton,ferrari,95.765000,9.000000,1.000000,,,34.786000,42.681000,18.298000,4626.502000,4669.183000,4687.481000,252.000000,313.000000,278.000000,281.000000,False,MEDIUM,9.000000,True,Ferrari,4591.683000,,1,6.000000,False,,False,True
2026,3,Japanese Grand Prix,R,4782.614000,HAM,44,hamilton,ferrari,95.166000,10.000000,1.000000,,,34.796000,42.194000,18.176000,4722.277000,4764.471000,4782.647000,258.000000,316.000000,276.000000,282.000000,True,MEDIUM,10.000000,True,Ferrari,4687.448000,,1,6.000000,False,,False,True
2026,3,Japanese Grand Prix,R,4878.048000,HAM,44,hamilton,ferrari,95.434000,11.000000,1.000000,,,34.990000,42.227000,18.217000,4817.637000,4859.864000,4878.081000,259.000000,317.000000,277.000000,282.000000,False,MEDIUM,11.000000,True,Ferrari,4782.614000,,1,6.000000,False,,False,True
2026,3,Japanese Grand Prix,R,4973.209000,HAM,44,hamilton,ferrari,95.161000,12.000000,1.000000,,,34.945000,42.205000,18.011000,4913.026000,4955.231000,4973.242000,259.000000,318.000000,276.000000,284.000000,True,MEDIUM,12.000000,True,Ferrari,4878.048000,,1,6.000000,False,,False,True
2026,3,Japanese Grand Prix,R,5068.606000,HAM,44,hamilton,ferrari,95.397000,13.000000,1.000000,,,34.974000,42.181000,18.242000,5008.216000,5050.397000,5068.639000,258.000000,318.000000,276.000000,283.000000,False,MEDIUM,13.000000,True,Ferrari,4973.209000,,1,6.000000,False,,False,True
2026,3,Japanese Grand Prix,R,5163.889000,HAM,44,hamilton,ferrari,95.283000,14.000000,1.000000,,,35.107000,42.019000,18.157000,5103.746000,5145.765000,5163.922000,259.000000,318.000000,279.000000,283.000000,False,MEDIUM,14.000000,True,Ferrari,5068.606000,,1,6.000000,False,,False,True
2026,3,Japanese Grand Prix,R,5258.943000,HAM,44,hamilton,ferrari,95.054000,15.000000,1.000000,,,34.878000,42.060000,18.116000,5198.800000,5240.860000,5258.976000,258.000000,319.000000,277.000000,285.000000,True,MEDIUM,15.000000,True,Ferrari,5163.889000,,1,6.000000,False,,False,True
2026,3,Japanese Grand Prix,R,5354.298000,HAM,44,hamilton,ferrari,95.355000,16.000000,1.000000,,,35.135000,42.151000,18.069000,5294.111000,5336.262000,5354.331000,262.000000,319.000000,279.000000,286.000000,False,MEDIUM,16.000000,True,Ferrari,5258.943000,,1,5.000000,False,,False,True
2026,3,Japanese Grand Prix,R,5449.174000,HAM,44,hamilton,ferrari,94.876000,17.000000,1.000000,,,34.818000,42.034000,18.024000,5389.149000,5431.183000,5449.207000,264.000000,324.000000,277.000000,285.000000,True,MEDIUM,17.000000,True,Ferrari,5354.298000,,1,4.000000,False,,False,True
2026,3,Japanese Grand Prix,R,5544.133000,HAM,44,hamilton,ferrari,94.959000,18.000000,1.000000,,,34.919000,41.921000,18.119000,5484.126000,5526.047000,5544.166000,261.000000,316.000000,277.000000,280.000000,False,MEDIUM,18.000000,True,Ferrari,5449.174000,,1,4.000000,False,,False,True
2026,3,Japanese Grand Prix,R,5639.113000,HAM,44,hamilton,ferrari,94.980000,19.000000,1.000000,,,34.878000,41.972000,18.130000,5579.044000,5621.016000,5639.146000,261.000000,313.000000,276.000000,278.000000,False,MEDIUM,19.000000,True,Ferrari,5544.133000,,1,3.000000,False,,False,True
2026,3,Japanese Grand Prix,R,5734.281000,HAM,44,hamilton,ferrari,95.168000,20.000000,1.000000,,,35.003000,41.989000,18.176000,5674.149000,5716.138000,5734.314000,260.000000,314.000000,277.000000,278.000000,False,MEDIUM,20.000000,True,Ferrari,5639.113000,,1,3.000000,False,,False,True
2026,3,Japanese Grand Prix,R,5829.291000,HAM,44,hamilton,ferrari,95.010000,21.000000,1.000000,,,34.972000,41.846000,18.192000,5769.286000,5811.132000,5829.324000,260.000000,314.000000,276.000000,278.000000,False,MEDIUM,21.000000,True,Ferrari,5734.281000,,1,3.000000,False,,False,True
2026,3,Japanese Grand Prix,R,5946.210000,HAM,44,hamilton,ferrari,116.919000,22.000000,1.000000,,5944.896000,34.993000,55.394000,26.532000,5864.317000,5919.711000,5946.243000,258.000000,206.000000,,223.000000,False,MEDIUM,22.000000,True,Ferrari,5829.291000,,124,2.000000,False,,False,False
2026,3,Japanese Grand Prix,R,6103.629000,HAM,44,hamilton,ferrari,,23.000000,2.000000,5967.806000,,64.944000,62.009000,30.437000,6011.322000,6073.345000,6103.697000,212.000000,129.000000,179.000000,185.000000,False,HARD,1.000000,True,Ferrari,5946.210000,,4,4.000000,False,,False,False
2026,3,Japanese Grand Prix,R,6251.188000,HAM,44,hamilton,ferrari,147.559000,24.000000,2.000000,,,51.017000,71.609000,24.933000,6154.679000,6226.288000,6251.221000,197.000000,114.000000,215.000000,232.000000,False,HARD,2.000000,True,Ferrari,6103.629000,,4,4.000000,False,,False,False
2026,3,Japanese Grand Prix,R,6402.536000,HAM,44,hamilton,ferrari,,25.000000,2.000000,,,52.871000,70.692000,27.782000,6304.187000,6374.870000,6402.692000,132.000000,204.000000,181.000000,218.000000,False,HARD,3.000000,True,Ferrari,6251.188000,,4,4.000000,False,,False,False
2026,3,Japanese Grand Prix,R,6548.262000,HAM,44,hamilton,ferrari,145.726000,26.000000,2.000000,,,54.221000,63.514000,27.991000,6456.790000,6520.304000,6548.295000,148.000000,201.000000,243.000000,149.000000,False,HARD,4.000000,True,Ferrari,6402.536000,,4,4.000000,False,,False,False
2026,3,Japanese Grand Prix,R,6692.018000,HAM,44,hamilton,ferrari,143.756000,27.000000,2.000000,,,49.740000,65.341000,28.675000,6598.035000,6663.376000,6692.051000,195.000000,116.000000,277.000000,122.000000,False,HARD,5.000000,True,Ferrari,6548.262000,,41,4.000000,False,,False,False
2026,3,Japanese Grand Prix,R,6786.085000,HAM,44,hamilton,ferrari,94.067000,28.000000,2.000000,,,34.464000,41.628000,17.975000,6726.515000,6768.143000,6786.118000,261.000000,319.000000,283.000000,284.000000,True,HARD,6.000000,True,Ferrari,6692.018000,,1,3.000000,False,,False,True
2026,3,Japanese Grand Prix,R,6879.827000,HAM,44,hamilton,ferrari,93.742000,29.000000,2.000000,,,34.268000,41.627000,17.847000,6820.386000,6862.013000,6879.860000,258.000000,319.000000,282.000000,284.000000,True,HARD,7.000000,True,Ferrari,6786.085000,,1,3.000000,False,,False,True
2026,3,Japanese Grand Prix,R,6973.702000,HAM,44,hamilton,ferrari,93.875000,30.000000,2.000000,,,34.238000,41.651000,17.986000,6914.098000,6955.749000,6973.735000,257.000000,318.000000,281.000000,283.000000,False,HARD,8.000000,True,Ferrari,6879.827000,,1,3.000000,False,,False,True
2026,3,Japanese Grand Prix,R,7067.372000,HAM,44,hamilton,ferrari,93.670000,31.000000,2.000000,,,34.176000,41.591000,17.903000,7007.911000,7049.502000,7067.405000,256.000000,328.000000,281.000000,287.000000,True,HARD,9.000000,True,Ferrari,6973.702000,,1,3.000000,False,,False,True
2026,3,Japanese Grand Prix,R,7160.873000,HAM,44,hamilton,ferrari,93.501000,32.000000,2.000000,,,34.037000,41.441000,18.023000,7101.442000,7142.883000,7160.906000,263.000000,312.000000,282.000000,279.000000,True,HARD,10.000000,True,Ferrari,7067.372000,,1,3.000000,False,,False,True
2026,3,Japanese Grand Prix,R,7254.397000,HAM,44,hamilton,ferrari,93.524000,33.000000,2.000000,,,33.991000,41.566000,17.967000,7194.897000,7236.463000,7254.430000,258.000000,331.000000,281.000000,289.000000,False,HARD,11.000000,True,Ferrari,7160.873000,,1,3.000000,False,,False,True
2026,3,Japanese Grand Prix,R,7347.698000,HAM,44,hamilton,ferrari,93.301000,34.000000,2.000000,,,34.092000,41.289000,17.920000,7288.522000,7329.811000,7347.731000,263.000000,327.000000,280.000000,287.000000,True,HARD,12.000000,True,Ferrari,7254.397000,,1,3.000000,False,,False,True
2026,3,Japanese Grand Prix,R,7441.394000,HAM,44,hamilton,ferrari,93.696000,35.000000,2.000000,,,34.127000,41.533000,18.036000,7381.858000,7423.391000,7441.427000,265.000000,328.000000,280.000000,283.000000,False,HARD,13.000000,True,Ferrari,7347.698000,,1,3.000000,False,,False,True
2026,3,Japanese Grand Prix,R,7535.052000,HAM,44,hamilton,ferrari,93.658000,36.000000,2.000000,,,34.201000,41.314000,18.143000,7475.628000,7516.942000,7535.085000,262.000000,309.000000,282.000000,279.000000,False,HARD,14.000000,True,Ferrari,7441.394000,,1,3.000000,False,,False,True
2026,3,Japanese Grand Prix,R,7628.986000,HAM,44,hamilton,ferrari,93.934000,37.000000,2.000000,,,34.165000,41.814000,17.955000,7569.250000,7611.064000,7629.019000,257.000000,313.000000,282.000000,280.000000,False,HARD,15.000000,True,Ferrari,7535.052000,,1,3.000000,False,,False,True
2026,3,Japanese Grand Prix,R,7722.422000,HAM,44,hamilton,ferrari,93.436000,38.000000,2.000000,,,33.994000,41.468000,17.974000,7663.013000,7704.481000,7722.455000,261.000000,316.000000,280.000000,282.000000,False,HARD,16.000000,True,Ferrari,7628.986000,,1,3.000000,False,,False,True
2026,3,Japanese Grand Prix,R,7815.998000,HAM,44,hamilton,ferrari,93.576000,39.000000,2.000000,,,34.167000,41.376000,18.033000,7756.622000,7797.998000,7816.031000,264.000000,319.000000,282.000000,284.000000,False,HARD,17.000000,True,Ferrari,7722.422000,,1,3.000000,False,,False,True
2026,3,Japanese Grand Prix,R,7909.867000,HAM,44,hamilton,ferrari,93.869000,40.000000,2.000000,,,34.110000,41.620000,18.139000,7850.141000,7891.761000,7909.900000,261.000000,314.000000,277.000000,280.000000,False,HARD,18.000000,True,Ferrari,7815.998000,,1,3.000000,False,,False,True
2026,3,Japanese Grand Prix,R,8004.044000,HAM,44,hamilton,ferrari,94.177000,41.000000,2.000000,,,34.440000,41.609000,18.128000,7944.340000,7985.949000,8004.077000,258.000000,314.000000,281.000000,281.000000,False,HARD,19.000000,True,Ferrari,7909.867000,,1,3.000000,False,,False,True
2026,3,Japanese Grand Prix,R,8098.706000,HAM,44,hamilton,ferrari,94.662000,42.000000,2.000000,,,35.177000,41.585000,17.900000,8039.254000,8080.839000,8098.739000,258.000000,317.000000,279.000000,284.000000,False,HARD,20.000000,True,Ferrari,8004.044000,,1,4.000000,False,,False,True
2026,3,Japanese Grand Prix,R,8193.065000,HAM,44,hamilton,ferrari,94.359000,43.000000,2.000000,,,35.047000,41.379000,17.933000,8133.786000,8175.165000,8193.098000,266.000000,332.000000,284.000000,290.000000,False,HARD,21.000000,True,Ferrari,8098.706000,,1,5.000000,False,,False,True
2026,3,Japanese Grand Prix,R,8286.701000,HAM,44,hamilton,ferrari,93.636000,44.000000,2.000000,,,34.266000,41.397000,17.973000,8227.364000,8268.761000,8286.734000,256.000000,326.000000,278.000000,286.000000,False,HARD,22.000000,True,Ferrari,8193.065000,,1,5.000000,True,TRACK LIMITS AT TURN 17 LAP 44 ,False,True
2026,3,Japanese Grand Prix,R,8380.196000,HAM,44,hamilton,ferrari,93.495000,45.000000,2.000000,,,34.167000,41.343000,17.985000,8320.901000,8362.244000,8380.229000,261.000000,328.000000,282.000000,289.000000,False,HARD,23.000000,True,Ferrari,8286.701000,,1,5.000000,False,,False,True
2026,3,Japanese Grand Prix,R,8473.638000,HAM,44,hamilton,ferrari,93.442000,46.000000,2.000000,,,34.231000,41.233000,17.978000,8414.460000,8455.693000,8473.671000,262.000000,320.000000,282.000000,284.000000,False,HARD,24.000000,True,Ferrari,8380.196000,,1,5.000000,False,,False,True
2026,3,Japanese Grand Prix,R,8568.314000,HAM,44,hamilton,ferrari,94.676000,47.000000,2.000000,,,34.378000,41.393000,18.905000,8508.049000,8549.442000,8568.347000,261.000000,315.000000,284.000000,282.000000,False,HARD,25.000000,True,Ferrari,8473.638000,,1,6.000000,False,,False,True
2026,3,Japanese Grand Prix,R,8661.091000,HAM,44,hamilton,ferrari,92.777000,48.000000,2.000000,,,33.962000,41.108000,17.707000,8602.309000,8643.417000,8661.124000,260.000000,331.000000,280.000000,291.000000,True,HARD,26.000000,True,Ferrari,8568.314000,,1,5.000000,False,,False,True
2026,3,Japanese Grand Prix,R,8754.958000,HAM,44,hamilton,ferrari,93.867000,49.000000,2.000000,,,34.368000,41.301000,18.198000,8695.492000,8736.793000,8754.991000,263.000000,313.000000,277.000000,279.000000,False,HARD,27.000000,True,Ferrari,8661.091000,,1,5.000000,False,,False,True
2026,3,Japanese Grand Prix,R,8850.647000,HAM,44,hamilton,ferrari,95.689000,50.000000,2.000000,,,34.647000,42.013000,19.029000,8789.638000,8831.651000,8850.680000,262.000000,304.000000,283.000000,273.000000,False,HARD,28.000000,True,Ferrari,8754.958000,,1,6.000000,False,,False,True
2026,3,Japanese Grand Prix,R,8945.574000,HAM,44,hamilton,ferrari,94.927000,51.000000,2.000000,,,33.992000,41.784000,19.151000,8884.672000,8926.456000,8945.607000,259.000000,318.000000,286.000000,279.000000,False,HARD,29.000000,True,Ferrari,8850.647000,,1,6.000000,False,,False,True
2026,3,Japanese Grand Prix,R,9039.767000,HAM,44,hamilton,ferrari,94.193000,52.000000,2.000000,,,34.367000,41.886000,17.940000,8979.974000,9021.860000,9039.800000,262.000000,322.000000,283.000000,285.000000,False,HARD,30.000000,True,Ferrari,8945.574000,,1,6.000000,False,,False,True
2026,3,Japanese Grand Prix,R,9133.436000,HAM,44,hamilton,ferrari,93.669000,53.000000,2.000000,,,34.115000,41.518000,18.036000,9073.915000,9115.433000,9133.469000,263.000000,319.000000,277.000000,284.000000,False,HARD,31.000000,True,Ferrari,9039.767000,,1,6.000000,False,,False,True
2026,3,Japanese Grand Prix,R,3927.894000,BOR,5,bortoleto,audi,102.930000,1.000000,1.000000,,,,43.476000,18.277000,,3909.799000,3928.164000,264.000000,333.000000,278.000000,295.000000,False,MEDIUM,1.000000,True,Audi,3824.711000,,1,13.000000,False,,False,False
2026,3,Japanese Grand Prix,R,4025.052000,BOR,5,bortoleto,audi,97.158000,2.000000,1.000000,,,35.531000,42.947000,18.680000,3963.450000,4006.397000,4025.077000,262.000000,302.000000,262.000000,280.000000,True,MEDIUM,2.000000,True,Audi,3927.894000,,1,13.000000,False,,False,True
2026,3,Japanese Grand Prix,R,4123.976000,BOR,5,bortoleto,audi,98.924000,3.000000,1.000000,,,36.703000,43.978000,18.243000,4061.780000,4105.758000,4124.001000,262.000000,319.000000,275.000000,291.000000,False,MEDIUM,3.000000,True,Audi,4025.052000,,1,15.000000,False,,False,True
2026,3,Japanese Grand Prix,R,4220.990000,BOR,5,bortoleto,audi,97.014000,4.000000,1.000000,,,35.653000,43.147000,18.214000,4159.654000,4202.801000,4221.015000,262.000000,316.000000,276.000000,286.000000,True,MEDIUM,4.000000,True,Audi,4123.976000,,1,15.000000,False,,False,True
2026,3,Japanese Grand Prix,R,4317.603000,BOR,5,bortoleto,audi,96.613000,5.000000,1.000000,,,35.349000,42.992000,18.272000,4256.364000,4299.356000,4317.628000,263.000000,320.000000,277.000000,288.000000,True,MEDIUM,5.000000,True,Audi,4220.990000,,1,15.000000,False,,False,True
2026,3,Japanese Grand Prix,R,4414.254000,BOR,5,bortoleto,audi,96.651000,6.000000,1.000000,,,35.528000,42.906000,18.217000,4353.156000,4396.062000,4414.279000,265.000000,322.000000,278.000000,288.000000,False,MEDIUM,6.000000,True,Audi,4317.603000,,1,15.000000,False,,False,True
2026,3,Japanese Grand Prix,R,4510.400000,BOR,5,bortoleto,audi,96.146000,7.000000,1.000000,,,35.083000,42.828000,18.235000,4449.362000,4492.190000,4510.425000,263.000000,316.000000,274.000000,286.000000,True,MEDIUM,7.000000,True,Audi,4414.254000,,1,14.000000,False,,False,True
2026,3,Japanese Grand Prix,R,4607.013000,BOR,5,bortoleto,audi,96.613000,8.000000,1.000000,,,35.591000,42.793000,18.229000,4546.016000,4588.809000,4607.038000,258.000000,319.000000,275.000000,282.000000,False,MEDIUM,8.000000,True,Audi,4510.400000,,1,14.000000,False,,False,True
2026,3,Japanese Grand Prix,R,4703.246000,BOR,5,bortoleto,audi,96.233000,9.000000,1.000000,,,35.389000,42.735000,18.109000,4642.427000,4685.162000,4703.271000,258.000000,323.000000,276.000000,284.000000,False,MEDIUM,9.000000,True,Audi,4607.013000,,1,14.000000,False,,False,True
2026,3,Japanese Grand Prix,R,4799.509000,BOR,5,bortoleto,audi,96.263000,10.000000,1.000000,,,35.551000,42.682000,18.030000,4738.822000,4781.504000,4799.534000,260.000000,330.000000,276.000000,292.000000,False,MEDIUM,10.000000,True,Audi,4703.246000,,1,14.000000,False,,False,True
2026,3,Japanese Grand Prix,R,4896.323000,BOR,5,bortoleto,audi,96.814000,11.000000,1.000000,,,35.865000,42.752000,18.197000,4835.399000,4878.151000,4896.348000,265.000000,317.000000,277.000000,284.000000,False,MEDIUM,11.000000,True,Audi,4799.509000,,1,14.000000,False,,False,True
2026,3,Japanese Grand Prix,R,4993.065000,BOR,5,bortoleto,audi,96.742000,12.000000,1.000000,,,35.609000,42.938000,18.195000,4931.957000,4974.895000,4993.090000,266.000000,320.000000,279.000000,287.000000,False,MEDIUM,12.000000,True,Audi,4896.323000,,1,14.000000,False,,False,True
2026,3,Japanese Grand Prix,R,5090.458000,BOR,5,bortoleto,audi,97.393000,13.000000,1.000000,,,36.159000,42.993000,18.241000,5029.249000,5072.242000,5090.483000,263.000000,322.000000,278.000000,288.000000,False,MEDIUM,13.000000,True,Audi,4993.065000,,1,14.000000,False,,False,True
2026,3,Japanese Grand Prix,R,5187.340000,BOR,5,bortoleto,audi,96.882000,14.000000,1.000000,,,35.793000,42.953000,18.136000,5126.276000,5169.229000,5187.365000,267.000000,326.000000,278.000000,289.000000,False,MEDIUM,14.000000,True,Audi,5090.458000,,1,14.000000,False,,False,True
2026,3,Japanese Grand Prix,R,5283.848000,BOR,5,bortoleto,audi,96.508000,15.000000,1.000000,,,35.516000,42.895000,18.097000,5222.881000,5265.776000,5283.873000,265.000000,326.000000,280.000000,290.000000,False,MEDIUM,15.000000,True,Audi,5187.340000,,1,14.000000,False,,False,True
2026,3,Japanese Grand Prix,R,5381.105000,BOR,5,bortoleto,audi,97.257000,16.000000,1.000000,,,35.988000,42.981000,18.288000,5319.861000,5362.842000,5381.130000,263.000000,318.000000,277.000000,286.000000,False,MEDIUM,16.000000,True,Audi,5283.848000,,1,14.000000,False,,False,True
2026,3,Japanese Grand Prix,R,5477.949000,BOR,5,bortoleto,audi,96.844000,17.000000,1.000000,,,35.660000,42.788000,18.396000,5416.790000,5459.578000,5477.974000,265.000000,321.000000,261.000000,284.000000,False,MEDIUM,17.000000,True,Audi,5381.105000,,1,13.000000,False,,False,True
2026,3,Japanese Grand Prix,R,5574.531000,BOR,5,bortoleto,audi,96.582000,18.000000,1.000000,,,35.496000,42.770000,18.316000,5513.470000,5556.240000,5574.556000,265.000000,316.000000,276.000000,284.000000,False,MEDIUM,18.000000,True,Audi,5477.949000,,1,13.000000,False,,False,True
2026,3,Japanese Grand Prix,R,5671.092000,BOR,5,bortoleto,audi,96.561000,19.000000,1.000000,,,35.668000,42.654000,18.239000,5610.224000,5652.878000,5671.117000,259.000000,318.000000,277.000000,281.000000,False,MEDIUM,19.000000,True,Audi,5574.531000,,1,12.000000,False,,False,True
2026,3,Japanese Grand Prix,R,5767.114000,BOR,5,bortoleto,audi,96.022000,20.000000,1.000000,,,35.447000,42.435000,18.140000,5706.564000,5748.999000,5767.139000,258.000000,321.000000,278.000000,283.000000,True,MEDIUM,20.000000,True,Audi,5671.092000,,1,10.000000,False,,False,True
2026,3,Japanese Grand Prix,R,5862.939000,BOR,5,bortoleto,audi,95.825000,21.000000,1.000000,,,35.313000,42.618000,17.894000,5802.452000,5845.070000,5862.964000,258.000000,327.000000,277.000000,290.000000,True,MEDIUM,21.000000,True,Audi,5767.114000,,12,10.000000,False,,False,True
2026,3,Japanese Grand Prix,R,5989.334000,BOR,5,bortoleto,audi,126.395000,22.000000,1.000000,,5987.950000,42.345000,57.023000,27.027000,5905.309000,5962.332000,5989.359000,226.000000,233.000000,,205.000000,False,MEDIUM,22.000000,True,Audi,5862.939000,,24,11.000000,False,,False,False
2026,3,Japanese Grand Prix,R,6134.904000,BOR,5,bortoleto,audi,145.570000,23.000000,2.000000,6012.533000,,62.972000,59.222000,23.376000,6052.331000,6111.553000,6134.929000,198.000000,251.000000,249.000000,246.000000,False,HARD,1.000000,True,Audi,5989.334000,,4,11.000000,False,,False,False
2026,3,Japanese Grand Prix,R,6259.399000,BOR,5,bortoleto,audi,124.495000,24.000000,2.000000,,,38.667000,61.172000,24.656000,6173.596000,6234.768000,6259.424000,272.000000,269.000000,226.000000,240.000000,False,HARD,2.000000,True,Audi,6134.904000,,4,10.000000,False,,False,False
2026,3,Japanese Grand Prix,R,6410.195000,BOR,5,bortoleto,audi,,25.000000,2.000000,,,49.930000,72.806000,28.018000,6309.415000,6382.216000,6410.302000,135.000000,277.000000,214.000000,135.000000,False,HARD,3.000000,True,Audi,6259.399000,,4,10.000000,False,,False,False
2026,3,Japanese Grand Prix,R,6557.211000,BOR,5,bortoleto,audi,147.016000,26.000000,2.000000,,,53.562000,64.953000,28.501000,6463.782000,6528.735000,6557.236000,121.000000,248.000000,183.000000,214.000000,False,HARD,4.000000,True,Audi,6410.195000,,4,10.000000,False,,False,False
2026,3,Japanese Grand Prix,R,6694.692000,BOR,5,bortoleto,audi,137.481000,27.000000,2.000000,,,47.242000,62.918000,27.321000,6604.478000,6667.396000,6694.717000,235.000000,133.000000,280.000000,138.000000,False,HARD,5.000000,True,Audi,6557.211000,,41,10.000000,False,,False,False
2026,3,Japanese Grand Prix,R,6791.599000,BOR,5,bortoleto,audi,96.907000,28.000000,2.000000,,,35.763000,43.013000,18.131000,6730.480000,6773.493000,6791.624000,266.000000,338.000000,280.000000,291.000000,False,HARD,6.000000,True,Audi,6694.692000,,1,10.000000,False,,False,True
2026,3,Japanese Grand Prix,R,6888.211000,BOR,5,bortoleto,audi,96.612000,29.000000,2.000000,,,35.706000,42.636000,18.270000,6827.330000,6869.966000,6888.236000,262.000000,310.000000,274.000000,284.000000,False,HARD,7.000000,True,Audi,6791.599000,,1,11.000000,False,,False,True
2026,3,Japanese Grand Prix,R,6983.735000,BOR,5,bortoleto,audi,95.524000,30.000000,2.000000,,,35.069000,42.254000,18.201000,6923.305000,6965.559000,6983.760000,255.000000,313.000000,278.000000,283.000000,True,HARD,8.000000,True,Audi,6888.211000,,1,11.000000,False,,False,True
2026,3,Japanese Grand Prix,R,7078.915000,BOR,5,bortoleto,audi,95.180000,31.000000,2.000000,,,34.796000,42.219000,18.165000,7018.556000,7060.775000,7078.940000,258.000000,312.000000,278.000000,282.000000,True,HARD,9.000000,True,Audi,6983.735000,,1,11.000000,False,,False,True
2026,3,Japanese Grand Prix,R,7173.908000,BOR,5,bortoleto,audi,94.993000,32.000000,2.000000,,,34.786000,42.144000,18.063000,7113.726000,7155.870000,7173.933000,259.000000,314.000000,280.000000,283.000000,True,HARD,10.000000,True,Audi,7078.915000,,1,11.000000,False,,False,True
2026,3,Japanese Grand Prix,R,7268.799000,BOR,5,bortoleto,audi,94.891000,33.000000,2.000000,,,34.497000,42.127000,18.267000,7208.430000,7250.557000,7268.824000,262.000000,315.000000,280.000000,285.000000,True,HARD,11.000000,True,Audi,7173.908000,,1,11.000000,False,,False,True
2026,3,Japanese Grand Prix,R,7363.892000,BOR,5,bortoleto,audi,95.093000,34.000000,2.000000,,,34.588000,42.316000,18.189000,7303.412000,7345.728000,7363.917000,258.000000,314.000000,280.000000,283.000000,False,HARD,12.000000,True,Audi,7268.799000,,1,11.000000,False,,False,True
2026,3,Japanese Grand Prix,R,7459.659000,BOR,5,bortoleto,audi,95.767000,35.000000,2.000000,,,34.651000,42.588000,18.528000,7398.568000,7441.156000,7459.684000,258.000000,311.000000,279.000000,281.000000,False,HARD,13.000000,True,Audi,7363.892000,,1,11.000000,False,,False,True
2026,3,Japanese Grand Prix,R,7555.135000,BOR,5,bortoleto,audi,95.476000,36.000000,2.000000,,,35.323000,42.145000,18.008000,7495.007000,7537.152000,7555.160000,257.000000,316.000000,280.000000,285.000000,False,HARD,14.000000,True,Audi,7459.659000,,1,12.000000,False,,False,True
2026,3,Japanese Grand Prix,R,7650.178000,BOR,5,bortoleto,audi,95.043000,37.000000,2.000000,,,34.831000,42.126000,18.086000,7589.991000,7632.117000,7650.203000,258.000000,317.000000,281.000000,284.000000,False,HARD,15.000000,True,Audi,7555.135000,,1,12.000000,False,,False,True
2026,3,Japanese Grand Prix,R,7746.065000,BOR,5,bortoleto,audi,95.887000,38.000000,2.000000,,,34.612000,42.044000,19.231000,7684.815000,7726.859000,7746.090000,259.000000,315.000000,281.000000,285.000000,False,HARD,16.000000,True,Audi,7650.178000,,1,13.000000,False,,False,True
2026,3,Japanese Grand Prix,R,7840.706000,BOR,5,bortoleto,audi,94.641000,39.000000,2.000000,,,34.554000,42.020000,18.067000,7780.644000,7822.664000,7840.731000,263.000000,317.000000,282.000000,287.000000,True,HARD,17.000000,True,Audi,7746.065000,,1,13.000000,False,,False,True
2026,3,Japanese Grand Prix,R,7934.870000,BOR,5,bortoleto,audi,94.164000,40.000000,2.000000,,,34.600000,41.773000,17.791000,7875.331000,7917.104000,7934.895000,265.000000,329.000000,282.000000,297.000000,True,HARD,18.000000,True,Audi,7840.706000,,1,13.000000,False,,False,True
2026,3,Japanese Grand Prix,R,8029.534000,BOR,5,bortoleto,audi,94.664000,41.000000,2.000000,,,34.653000,41.960000,18.051000,7969.548000,8011.508000,8029.559000,265.000000,322.000000,280.000000,288.000000,False,HARD,19.000000,True,Audi,7934.870000,,1,13.000000,False,,False,True
2026,3,Japanese Grand Prix,R,8124.555000,BOR,5,bortoleto,audi,95.021000,42.000000,2.000000,,,34.790000,42.048000,18.183000,8064.349000,8106.397000,8124.580000,261.000000,323.000000,280.000000,286.000000,False,HARD,20.000000,True,Audi,8029.534000,,1,13.000000,False,,False,True
2026,3,Japanese Grand Prix,R,8219.698000,BOR,5,bortoleto,audi,95.143000,43.000000,2.000000,,,34.812000,42.163000,18.168000,8159.392000,8201.555000,8219.723000,261.000000,326.000000,280.000000,287.000000,False,HARD,21.000000,True,Audi,8124.555000,,1,13.000000,False,,False,True
2026,3,Japanese Grand Prix,R,8314.711000,BOR,5,bortoleto,audi,95.013000,44.000000,2.000000,,,34.795000,42.162000,18.056000,8254.518000,8296.680000,8314.736000,262.000000,325.000000,280.000000,287.000000,False,HARD,22.000000,True,Audi,8219.698000,,1,13.000000,False,,False,True
2026,3,Japanese Grand Prix,R,8409.605000,BOR,5,bortoleto,audi,94.894000,45.000000,2.000000,,,34.843000,41.943000,18.108000,8349.579000,8391.522000,8409.630000,262.000000,324.000000,280.000000,285.000000,False,HARD,23.000000,True,Audi,8314.711000,,1,13.000000,False,,False,True
2026,3,Japanese Grand Prix,R,8504.391000,BOR,5,bortoleto,audi,94.786000,46.000000,2.000000,,,34.809000,42.066000,17.911000,8444.439000,8486.505000,8504.416000,263.000000,328.000000,282.000000,288.000000,False,HARD,24.000000,True,Audi,8409.605000,,1,13.000000,False,,False,True
2026,3,Japanese Grand Prix,R,8599.113000,BOR,5,bortoleto,audi,94.722000,47.000000,2.000000,,,34.860000,41.865000,17.997000,8539.276000,8581.141000,8599.138000,261.000000,327.000000,282.000000,288.000000,False,HARD,25.000000,True,Audi,8504.391000,,1,13.000000,False,,False,True
2026,3,Japanese Grand Prix,R,8693.391000,BOR,5,bortoleto,audi,94.278000,48.000000,2.000000,,,34.765000,41.735000,17.778000,8633.903000,8675.638000,8693.416000,259.000000,331.000000,280.000000,303.000000,False,HARD,26.000000,True,Audi,8599.113000,,1,13.000000,False,,False,True
2026,3,Japanese Grand Prix,R,8788.446000,BOR,5,bortoleto,audi,95.055000,49.000000,2.000000,,,35.011000,41.994000,18.050000,8728.427000,8770.421000,8788.471000,266.000000,323.000000,282.000000,288.000000,False,HARD,27.000000,True,Audi,8693.391000,,1,13.000000,False,,False,True
2026,3,Japanese Grand Prix,R,8883.032000,BOR,5,bortoleto,audi,94.586000,50.000000,2.000000,,,34.842000,41.851000,17.893000,8823.313000,8865.164000,8883.057000,267.000000,336.000000,283.000000,294.000000,False,HARD,28.000000,True,Audi,8788.446000,,1,13.000000,False,,False,True
2026,3,Japanese Grand Prix,R,8977.362000,BOR,5,bortoleto,audi,94.330000,51.000000,2.000000,,,34.733000,41.724000,17.873000,8917.790000,8959.514000,8977.387000,265.000000,335.000000,282.000000,294.000000,False,HARD,29.000000,True,Audi,8883.032000,,1,13.000000,False,,False,True
2026,3,Japanese Grand Prix,R,9072.364000,BOR,5,bortoleto,audi,95.002000,52.000000,2.000000,,,34.806000,42.147000,18.049000,9012.193000,9054.340000,9072.389000,265.000000,324.000000,278.000000,287.000000,False,HARD,30.000000,True,Audi,8977.362000,,1,13.000000,False,,False,True
2026,3,Japanese Grand Prix,R,9167.487000,BOR,5,bortoleto,audi,95.123000,53.000000,2.000000,,,34.853000,42.060000,18.210000,9107.242000,9149.302000,9167.512000,261.000000,327.000000,278.000000,288.000000,False,HARD,31.000000,True,Audi,9072.364000,,1,13.000000,False,,False,True
2026,3,Japanese Grand Prix,R,3928.872000,SAI,55,sainz,williams,103.908000,1.000000,1.000000,,,,43.831000,18.356000,,3910.640000,3929.136000,269.000000,336.000000,271.000000,298.000000,False,MEDIUM,1.000000,True,Williams,3824.711000,,1,15.000000,False,,False,False
2026,3,Japanese Grand Prix,R,4026.670000,SAI,55,sainz,williams,97.798000,2.000000,1.000000,,,36.606000,43.083000,18.109000,3965.532000,4008.615000,4026.724000,263.000000,329.000000,281.000000,293.000000,True,MEDIUM,2.000000,True,Williams,3928.872000,,1,16.000000,False,,False,True
2026,3,Japanese Grand Prix,R,4124.551000,SAI,55,sainz,williams,97.881000,3.000000,1.000000,,,36.168000,43.519000,18.194000,4062.892000,4106.411000,4124.605000,262.000000,331.000000,281.000000,296.000000,False,MEDIUM,3.000000,True,Williams,4026.670000,,1,16.000000,False,,False,True
2026,3,Japanese Grand Prix,R,4221.941000,SAI,55,sainz,williams,97.390000,4.000000,1.000000,,,36.109000,42.996000,18.285000,4160.714000,4203.710000,4221.995000,261.000000,326.000000,279.000000,291.000000,True,MEDIUM,4.000000,True,Williams,4124.551000,,1,16.000000,False,,False,True
2026,3,Japanese Grand Prix,R,4318.661000,SAI,55,sainz,williams,96.720000,5.000000,1.000000,,,35.749000,42.798000,18.173000,4257.744000,4300.542000,4318.715000,265.000000,328.000000,279.000000,292.000000,True,MEDIUM,5.000000,True,Williams,4221.941000,,1,16.000000,False,,False,True
2026,3,Japanese Grand Prix,R,4416.344000,SAI,55,sainz,williams,97.683000,6.000000,1.000000,,,35.966000,43.259000,18.458000,4354.681000,4397.940000,4416.398000,256.000000,319.000000,279.000000,287.000000,False,MEDIUM,6.000000,True,Williams,4318.661000,,1,16.000000,False,,False,True
2026,3,Japanese Grand Prix,R,4513.706000,SAI,55,sainz,williams,97.362000,7.000000,1.000000,,,35.877000,43.114000,18.371000,4452.275000,4495.389000,4513.760000,256.000000,319.000000,277.000000,286.000000,False,MEDIUM,7.000000,True,Williams,4416.344000,,1,16.000000,False,,False,True
2026,3,Japanese Grand Prix,R,4610.599000,SAI,55,sainz,williams,96.893000,8.000000,1.000000,,,35.793000,42.856000,18.244000,4549.553000,4592.409000,4610.653000,261.000000,319.000000,279.000000,286.000000,False,MEDIUM,8.000000,True,Williams,4513.706000,,1,16.000000,False,,False,True
2026,3,Japanese Grand Prix,R,4707.447000,SAI,55,sainz,williams,96.848000,9.000000,1.000000,,,35.646000,42.962000,18.240000,4646.299000,4689.261000,4707.501000,258.000000,318.000000,279.000000,284.000000,False,MEDIUM,9.000000,True,Williams,4610.599000,,1,16.000000,False,,False,True
2026,3,Japanese Grand Prix,R,4804.208000,SAI,55,sainz,williams,96.761000,10.000000,1.000000,,,35.784000,42.737000,18.240000,4743.285000,4786.022000,4804.262000,268.000000,314.000000,279.000000,283.000000,False,MEDIUM,10.000000,True,Williams,4707.447000,,1,16.000000,False,,False,True
2026,3,Japanese Grand Prix,R,4900.697000,SAI,55,sainz,williams,96.489000,11.000000,1.000000,,,35.621000,42.656000,18.212000,4839.883000,4882.539000,4900.751000,265.000000,317.000000,280.000000,285.000000,True,MEDIUM,11.000000,True,Williams,4804.208000,,1,16.000000,False,,False,True
2026,3,Japanese Grand Prix,R,4998.071000,SAI,55,sainz,williams,97.374000,12.000000,1.000000,,,35.856000,43.242000,18.276000,4936.607000,4979.849000,4998.125000,265.000000,315.000000,279.000000,284.000000,False,MEDIUM,12.000000,True,Williams,4900.697000,,1,16.000000,False,,False,True
2026,3,Japanese Grand Prix,R,5094.964000,SAI,55,sainz,williams,96.893000,13.000000,1.000000,,,35.851000,42.778000,18.264000,5033.976000,5076.754000,5095.018000,265.000000,317.000000,279.000000,285.000000,False,MEDIUM,13.000000,True,Williams,4998.071000,,1,16.000000,False,,False,True
2026,3,Japanese Grand Prix,R,5191.995000,SAI,55,sainz,williams,97.031000,14.000000,1.000000,,,35.771000,42.618000,18.642000,5130.789000,5173.407000,5192.049000,272.000000,316.000000,270.000000,284.000000,False,MEDIUM,14.000000,True,Williams,5094.964000,,1,16.000000,False,,False,True
2026,3,Japanese Grand Prix,R,5289.742000,SAI,55,sainz,williams,97.747000,15.000000,1.000000,,,36.621000,42.840000,18.286000,5228.670000,5271.510000,5289.796000,273.000000,317.000000,279.000000,286.000000,False,MEDIUM,15.000000,True,Williams,5191.995000,,1,17.000000,False,,False,True
2026,3,Japanese Grand Prix,R,5386.299000,SAI,55,sainz,williams,96.557000,16.000000,1.000000,,,35.850000,42.579000,18.128000,5325.646000,5368.225000,5386.353000,264.000000,321.000000,279.000000,288.000000,False,MEDIUM,16.000000,True,Williams,5289.742000,,1,17.000000,False,,False,True
2026,3,Japanese Grand Prix,R,5483.213000,SAI,55,sainz,williams,96.914000,17.000000,1.000000,,,35.955000,42.742000,18.217000,5422.308000,5465.050000,5483.267000,259.000000,316.000000,279.000000,283.000000,False,MEDIUM,17.000000,True,Williams,5386.299000,,1,16.000000,False,,False,True
2026,3,Japanese Grand Prix,R,5579.981000,SAI,55,sainz,williams,96.768000,18.000000,1.000000,,,35.859000,42.634000,18.275000,5519.126000,5561.760000,5580.035000,269.000000,318.000000,278.000000,284.000000,False,MEDIUM,18.000000,True,Williams,5483.213000,,1,15.000000,False,,False,True
2026,3,Japanese Grand Prix,R,5676.574000,SAI,55,sainz,williams,96.593000,19.000000,1.000000,,,35.678000,42.653000,18.262000,5615.713000,5658.366000,5676.628000,265.000000,314.000000,278.000000,281.000000,False,MEDIUM,19.000000,True,Williams,5579.981000,,1,14.000000,False,,False,True
2026,3,Japanese Grand Prix,R,5773.034000,SAI,55,sainz,williams,96.460000,20.000000,1.000000,,,35.716000,42.514000,18.230000,5712.344000,5754.858000,5773.088000,269.000000,316.000000,279.000000,282.000000,True,MEDIUM,20.000000,True,Williams,5676.574000,,1,12.000000,False,,False,True
2026,3,Japanese Grand Prix,R,5869.524000,SAI,55,sainz,williams,96.490000,21.000000,1.000000,,,35.651000,42.584000,18.255000,5808.739000,5851.323000,5869.578000,263.000000,315.000000,279.000000,280.000000,False,MEDIUM,21.000000,True,Williams,5773.034000,,12,12.000000,False,,False,True
2026,3,Japanese Grand Prix,R,5996.395000,SAI,55,sainz,williams,126.871000,22.000000,1.000000,,5995.099000,45.526000,56.168000,25.177000,5915.104000,5971.272000,5996.449000,253.000000,292.000000,,251.000000,False,MEDIUM,22.000000,True,Williams,5869.524000,,24,12.000000,False,,False,False
2026,3,Japanese Grand Prix,R,6142.732000,SAI,55,sainz,williams,146.337000,23.000000,2.000000,6019.528000,,62.647000,62.077000,21.613000,6059.096000,6121.173000,6142.786000,223.000000,280.000000,230.000000,286.000000,False,HARD,1.000000,True,Williams,5996.395000,,4,15.000000,False,,False,False
2026,3,Japanese Grand Prix,R,6265.617000,SAI,55,sainz,williams,122.885000,24.000000,2.000000,,,38.186000,59.551000,25.148000,6180.972000,6240.523000,6265.671000,273.000000,268.000000,238.000000,262.000000,False,HARD,2.000000,True,Williams,6142.732000,,4,15.000000,False,,False,False
2026,3,Japanese Grand Prix,R,6415.914000,SAI,55,sainz,williams,,25.000000,2.000000,,,48.023000,75.761000,26.518000,6313.857000,6389.455000,6416.035000,175.000000,248.000000,168.000000,261.000000,False,HARD,3.000000,True,Williams,6265.617000,,4,15.000000,False,,False,False
2026,3,Japanese Grand Prix,R,6563.658000,SAI,55,sainz,williams,147.744000,26.000000,2.000000,,,52.569000,65.349000,29.826000,6468.537000,6533.886000,6563.712000,147.000000,169.000000,151.000000,256.000000,False,HARD,4.000000,True,Williams,6415.914000,,4,15.000000,False,,False,False
2026,3,Japanese Grand Prix,R,6697.126000,SAI,55,sainz,williams,133.468000,27.000000,2.000000,,,46.224000,59.998000,27.246000,6609.936000,6669.934000,6697.180000,174.000000,140.000000,280.000000,156.000000,False,HARD,5.000000,True,Williams,6563.658000,,41,15.000000,False,,False,False
2026,3,Japanese Grand Prix,R,6793.659000,SAI,55,sainz,williams,96.533000,28.000000,2.000000,,,35.828000,42.618000,18.087000,6733.008000,6775.626000,6793.713000,278.000000,327.000000,284.000000,293.000000,False,HARD,6.000000,True,Williams,6697.126000,,1,15.000000,False,,False,True
2026,3,Japanese Grand Prix,R,6890.086000,SAI,55,sainz,williams,96.427000,29.000000,2.000000,,,35.712000,42.580000,18.135000,6829.425000,6872.005000,6890.140000,276.000000,335.000000,284.000000,296.000000,True,HARD,7.000000,True,Williams,6793.659000,,1,15.000000,False,,False,True
2026,3,Japanese Grand Prix,R,6986.220000,SAI,55,sainz,williams,96.134000,30.000000,2.000000,,,36.039000,42.123000,17.972000,6926.179000,6968.302000,6986.274000,275.000000,334.000000,284.000000,296.000000,True,HARD,8.000000,True,Williams,6890.086000,,1,15.000000,False,,False,True
2026,3,Japanese Grand Prix,R,7082.341000,SAI,55,sainz,williams,96.121000,31.000000,2.000000,,,35.494000,42.382000,18.245000,7021.768000,7064.150000,7082.395000,271.000000,331.000000,284.000000,290.000000,True,HARD,9.000000,True,Williams,6986.220000,,1,15.000000,False,,False,True
2026,3,Japanese Grand Prix,R,7177.924000,SAI,55,sainz,williams,95.583000,32.000000,2.000000,,,35.249000,42.180000,18.154000,7117.644000,7159.824000,7177.978000,262.000000,323.000000,284.000000,287.000000,True,HARD,10.000000,True,Williams,7082.341000,,1,15.000000,False,,False,True
2026,3,Japanese Grand Prix,R,7273.018000,SAI,55,sainz,williams,95.094000,33.000000,2.000000,,,35.121000,42.062000,17.911000,7213.099000,7255.161000,7273.072000,264.000000,323.000000,283.000000,289.000000,True,HARD,11.000000,True,Williams,7177.924000,,1,15.000000,False,,False,True
2026,3,Japanese Grand Prix,R,7368.156000,SAI,55,sainz,williams,95.138000,34.000000,2.000000,,,35.110000,42.027000,18.001000,7308.182000,7350.209000,7368.210000,266.000000,323.000000,283.000000,289.000000,False,HARD,12.000000,True,Williams,7273.018000,,1,15.000000,False,,False,True
2026,3,Japanese Grand Prix,R,7463.241000,SAI,55,sainz,williams,95.085000,35.000000,2.000000,,,34.969000,42.119000,17.997000,7403.179000,7445.298000,7463.295000,260.000000,322.000000,283.000000,288.000000,True,HARD,13.000000,True,Williams,7368.156000,,1,15.000000,False,,False,True
2026,3,Japanese Grand Prix,R,7558.144000,SAI,55,sainz,williams,94.903000,36.000000,2.000000,,,35.041000,41.875000,17.987000,7498.336000,7540.211000,7558.198000,273.000000,322.000000,284.000000,288.000000,True,HARD,14.000000,True,Williams,7463.241000,,1,15.000000,False,,False,True
2026,3,Japanese Grand Prix,R,7653.136000,SAI,55,sainz,williams,94.992000,37.000000,2.000000,,,35.103000,41.869000,18.020000,7593.301000,7635.170000,7653.190000,276.000000,322.000000,284.000000,290.000000,False,HARD,15.000000,True,Williams,7558.144000,,1,15.000000,False,,False,True
2026,3,Japanese Grand Prix,R,7747.650000,SAI,55,sainz,williams,94.514000,38.000000,2.000000,,,34.883000,41.694000,17.937000,7688.073000,7729.767000,7747.704000,275.000000,326.000000,282.000000,293.000000,True,HARD,16.000000,True,Williams,7653.136000,,1,15.000000,False,,False,True
2026,3,Japanese Grand Prix,R,7842.827000,SAI,55,sainz,williams,95.177000,39.000000,2.000000,,,35.146000,42.018000,18.013000,7782.850000,7824.868000,7842.881000,273.000000,326.000000,282.000000,289.000000,False,HARD,17.000000,True,Williams,7747.650000,,1,15.000000,False,,False,True
2026,3,Japanese Grand Prix,R,7937.753000,SAI,55,sainz,williams,94.926000,40.000000,2.000000,,,35.058000,41.928000,17.940000,7877.939000,7919.867000,7937.807000,274.000000,323.000000,283.000000,290.000000,False,HARD,18.000000,True,Williams,7842.827000,,1,15.000000,False,,False,True
2026,3,Japanese Grand Prix,R,8032.817000,SAI,55,sainz,williams,95.064000,41.000000,2.000000,,,35.056000,42.032000,17.976000,7972.863000,8014.895000,8032.871000,261.000000,321.000000,283.000000,289.000000,False,HARD,19.000000,True,Williams,7937.753000,,1,15.000000,False,,False,True
2026,3,Japanese Grand Prix,R,8127.888000,SAI,55,sainz,williams,95.071000,42.000000,2.000000,,,35.004000,42.007000,18.060000,8067.875000,8109.882000,8127.942000,262.000000,322.000000,283.000000,289.000000,False,HARD,20.000000,True,Williams,8032.817000,,1,15.000000,False,,False,True
2026,3,Japanese Grand Prix,R,8223.134000,SAI,55,sainz,williams,95.246000,43.000000,2.000000,,,35.171000,41.982000,18.093000,8163.113000,8205.095000,8223.188000,270.000000,318.000000,283.000000,286.000000,False,HARD,21.000000,True,Williams,8127.888000,,1,15.000000,False,,False,True
2026,3,Japanese Grand Prix,R,8318.188000,SAI,55,sainz,williams,95.054000,44.000000,2.000000,,,35.049000,41.858000,18.147000,8258.237000,8300.095000,8318.242000,276.000000,319.000000,283.000000,286.000000,False,HARD,22.000000,True,Williams,8223.134000,,1,15.000000,False,,False,True
2026,3,Japanese Grand Prix,R,8413.205000,SAI,55,sainz,williams,95.017000,45.000000,2.000000,,,35.142000,41.847000,18.028000,8353.384000,8395.231000,8413.259000,276.000000,323.000000,283.000000,287.000000,False,HARD,23.000000,True,Williams,8318.188000,,1,15.000000,False,,False,True
2026,3,Japanese Grand Prix,R,8508.512000,SAI,55,sainz,williams,95.307000,46.000000,2.000000,,,35.025000,42.169000,18.113000,8448.284000,8490.453000,8508.566000,270.000000,322.000000,283.000000,286.000000,False,HARD,24.000000,True,Williams,8413.205000,,1,15.000000,False,,False,True
2026,3,Japanese Grand Prix,R,8603.482000,SAI,55,sainz,williams,94.970000,47.000000,2.000000,,,34.992000,41.913000,18.065000,8543.558000,8585.471000,8603.536000,269.000000,322.000000,283.000000,285.000000,False,HARD,25.000000,True,Williams,8508.512000,,1,15.000000,False,,False,True
2026,3,Japanese Grand Prix,R,8698.503000,SAI,55,sainz,williams,95.021000,48.000000,2.000000,,,35.043000,41.931000,18.047000,8638.579000,8680.510000,8698.557000,267.000000,319.000000,283.000000,284.000000,False,HARD,26.000000,True,Williams,8603.482000,,1,15.000000,False,,False,True
2026,3,Japanese Grand Prix,R,8793.596000,SAI,55,sainz,williams,95.093000,49.000000,2.000000,,,35.061000,41.895000,18.137000,8733.618000,8775.513000,8793.650000,273.000000,319.000000,283.000000,283.000000,False,HARD,27.000000,True,Williams,8698.503000,,1,15.000000,False,,False,True
2026,3,Japanese Grand Prix,R,8888.814000,SAI,55,sainz,williams,95.218000,50.000000,2.000000,,,35.137000,42.003000,18.078000,8828.787000,8870.790000,8888.868000,268.000000,320.000000,284.000000,283.000000,False,HARD,28.000000,True,Williams,8793.596000,,1,15.000000,False,,False,True
2026,3,Japanese Grand Prix,R,8984.170000,SAI,55,sainz,williams,95.356000,51.000000,2.000000,,,35.142000,42.040000,18.174000,8924.010000,8966.050000,8984.224000,270.000000,316.000000,284.000000,283.000000,False,HARD,29.000000,True,Williams,8888.814000,,1,15.000000,False,,False,True
2026,3,Japanese Grand Prix,R,9078.831000,SAI,55,sainz,williams,94.661000,52.000000,2.000000,,,34.997000,41.652000,18.012000,9019.221000,9060.873000,9078.885000,274.000000,320.000000,284.000000,285.000000,False,HARD,30.000000,True,Williams,8984.170000,,1,15.000000,False,,False,True
2026,3,Japanese Grand Prix,R,9173.370000,SAI,55,sainz,williams,94.539000,53.000000,2.000000,,,34.850000,41.785000,17.904000,9113.735000,9155.520000,9173.424000,272.000000,321.000000,281.000000,292.000000,False,HARD,31.000000,True,Williams,9078.831000,,1,15.000000,False,,False,True
2026,3,Japanese Grand Prix,R,3925.257000,HAD,6,hadjar,red_bull,100.293000,1.000000,1.000000,,,,42.839000,18.232000,,3907.120000,3925.436000,280.000000,324.000000,265.000000,289.000000,False,MEDIUM,1.000000,True,Red Bull Racing,3824.711000,,1,8.000000,False,,False,False
2026,3,Japanese Grand Prix,R,4023.518000,HAD,6,hadjar,red_bull,98.261000,2.000000,1.000000,,,36.047000,43.462000,18.752000,3961.366000,4004.828000,4023.580000,263.000000,342.000000,254.000000,302.000000,True,MEDIUM,2.000000,True,Red Bull Racing,3925.257000,,1,10.000000,False,,False,True
2026,3,Japanese Grand Prix,R,4120.711000,HAD,6,hadjar,red_bull,97.193000,3.000000,1.000000,,,36.171000,42.961000,18.061000,4059.751000,4102.712000,4120.773000,261.000000,323.000000,276.000000,287.000000,True,MEDIUM,3.000000,True,Red Bull Racing,4023.518000,,1,11.000000,False,,False,True
2026,3,Japanese Grand Prix,R,4216.728000,HAD,6,hadjar,red_bull,96.017000,4.000000,1.000000,,,35.160000,42.698000,18.159000,4155.933000,4198.631000,4216.790000,263.000000,326.000000,275.000000,289.000000,True,MEDIUM,4.000000,True,Red Bull Racing,4120.711000,,1,11.000000,False,,False,True
2026,3,Japanese Grand Prix,R,4313.091000,HAD,6,hadjar,red_bull,96.363000,5.000000,1.000000,,,35.105000,42.920000,18.338000,4251.895000,4294.815000,4313.153000,264.000000,324.000000,277.000000,288.000000,False,MEDIUM,5.000000,True,Red Bull Racing,4216.728000,,1,11.000000,False,,False,True
2026,3,Japanese Grand Prix,R,4410.196000,HAD,6,hadjar,red_bull,97.105000,6.000000,1.000000,,,36.216000,42.765000,18.124000,4349.369000,4392.134000,4410.258000,264.000000,332.000000,280.000000,294.000000,False,MEDIUM,6.000000,True,Red Bull Racing,4313.091000,,1,11.000000,False,,False,True
2026,3,Japanese Grand Prix,R,4506.589000,HAD,6,hadjar,red_bull,96.393000,7.000000,1.000000,,,35.530000,42.893000,17.970000,4445.788000,4488.681000,4506.651000,263.000000,333.000000,280.000000,295.000000,False,MEDIUM,7.000000,True,Red Bull Racing,4410.196000,,1,11.000000,False,,False,True
2026,3,Japanese Grand Prix,R,4602.792000,HAD,6,hadjar,red_bull,96.203000,8.000000,1.000000,,,35.488000,42.535000,18.180000,4542.139000,4584.674000,4602.854000,266.000000,318.000000,271.000000,288.000000,False,MEDIUM,8.000000,True,Red Bull Racing,4506.589000,,1,11.000000,False,,False,True
2026,3,Japanese Grand Prix,R,4699.297000,HAD,6,hadjar,red_bull,96.505000,9.000000,1.000000,,,35.656000,42.803000,18.046000,4638.510000,4681.313000,4699.359000,266.000000,325.000000,279.000000,290.000000,False,MEDIUM,9.000000,True,Red Bull Racing,4602.792000,,1,11.000000,False,,False,True
2026,3,Japanese Grand Prix,R,4795.531000,HAD,6,hadjar,red_bull,96.234000,10.000000,1.000000,,,35.411000,42.759000,18.064000,4734.770000,4777.529000,4795.593000,267.000000,328.000000,281.000000,292.000000,False,MEDIUM,10.000000,True,Red Bull Racing,4699.297000,,1,11.000000,False,,False,True
2026,3,Japanese Grand Prix,R,4892.472000,HAD,6,hadjar,red_bull,96.941000,11.000000,1.000000,,,35.900000,42.684000,18.357000,4831.493000,4874.177000,4892.534000,262.000000,330.000000,280.000000,295.000000,False,MEDIUM,11.000000,True,Red Bull Racing,4795.531000,,1,11.000000,False,,False,True
2026,3,Japanese Grand Prix,R,4991.164000,HAD,6,hadjar,red_bull,98.692000,12.000000,1.000000,,,35.917000,44.159000,18.616000,4928.451000,4972.610000,4991.226000,259.000000,330.000000,270.000000,296.000000,False,MEDIUM,12.000000,True,Red Bull Racing,4892.472000,,1,11.000000,False,,False,True
2026,3,Japanese Grand Prix,R,5087.628000,HAD,6,hadjar,red_bull,96.464000,13.000000,1.000000,,,35.804000,42.529000,18.131000,5027.030000,5069.559000,5087.690000,265.000000,325.000000,274.000000,289.000000,False,MEDIUM,13.000000,True,Red Bull Racing,4991.164000,,1,11.000000,False,,False,True
2026,3,Japanese Grand Prix,R,5184.300000,HAD,6,hadjar,red_bull,96.672000,14.000000,1.000000,,,35.786000,42.746000,18.140000,5123.476000,5166.222000,5184.362000,265.000000,325.000000,278.000000,290.000000,False,MEDIUM,14.000000,True,Red Bull Racing,5087.628000,,1,11.000000,False,,False,True
2026,3,Japanese Grand Prix,R,5281.077000,HAD,6,hadjar,red_bull,96.777000,15.000000,1.000000,,,35.487000,42.508000,18.782000,5219.849000,5262.357000,5281.139000,270.000000,331.000000,275.000000,296.000000,False,MEDIUM,15.000000,True,Red Bull Racing,5184.300000,,1,11.000000,False,,False,True
2026,3,Japanese Grand Prix,R,5378.281000,HAD,6,hadjar,red_bull,97.204000,16.000000,1.000000,,,36.191000,42.796000,18.217000,5317.330000,5360.126000,5378.343000,263.000000,326.000000,279.000000,289.000000,False,MEDIUM,16.000000,True,Red Bull Racing,5281.077000,,1,11.000000,False,,False,True
2026,3,Japanese Grand Prix,R,5475.266000,HAD,6,hadjar,red_bull,96.985000,17.000000,1.000000,,,35.677000,43.050000,18.258000,5414.020000,5457.070000,5475.328000,267.000000,306.000000,281.000000,279.000000,False,MEDIUM,17.000000,True,Red Bull Racing,5378.281000,,1,11.000000,False,,False,True
2026,3,Japanese Grand Prix,R,5571.560000,HAD,6,hadjar,red_bull,96.294000,18.000000,1.000000,,,35.463000,42.597000,18.234000,5510.791000,5553.388000,5571.622000,266.000000,330.000000,276.000000,291.000000,False,MEDIUM,18.000000,True,Red Bull Racing,5475.266000,,1,10.000000,False,,False,True
2026,3,Japanese Grand Prix,R,5669.295000,HAD,6,hadjar,red_bull,97.735000,19.000000,1.000000,,5668.049000,35.269000,42.287000,20.179000,5606.891000,5649.178000,5669.357000,266.000000,334.000000,,291.000000,False,MEDIUM,19.000000,True,Red Bull Racing,5571.560000,,1,10.000000,False,,False,False
2026,3,Japanese Grand Prix,R,5785.256000,HAD,6,hadjar,red_bull,115.961000,20.000000,2.000000,5691.600000,,55.858000,42.136000,17.967000,5725.215000,5767.351000,5785.318000,265.000000,323.000000,279.000000,285.000000,False,HARD,1.000000,True,Red Bull Racing,5669.295000,,1,15.000000,False,,False,False
2026,3,Japanese Grand Prix,R,5885.189000,HAD,6,hadjar,red_bull,99.933000,21.000000,2.000000,,,34.752000,42.074000,23.107000,5820.070000,5862.144000,5885.251000,266.000000,324.000000,104.000000,289.000000,False,HARD,2.000000,True,Red Bull Racing,5785.256000,,124,15.000000,False,,False,False
2026,3,Japanese Grand Prix,R,6010.899000,HAD,6,hadjar,red_bull,125.710000,22.000000,2.000000,,,48.061000,53.186000,24.463000,5933.312000,5986.498000,6010.961000,242.000000,221.000000,231.000000,247.000000,False,HARD,3.000000,True,Red Bull Racing,5885.189000,,4,15.000000,False,,False,False
2026,3,Japanese Grand Prix,R,6138.539000,HAD,6,hadjar,red_bull,127.640000,23.000000,2.000000,,,44.816000,59.174000,23.650000,6055.777000,6114.951000,6138.601000,253.000000,235.000000,219.000000,205.000000,False,HARD,4.000000,True,Red Bull Racing,6010.899000,,4,13.000000,False,,False,False
2026,3,Japanese Grand Prix,R,6263.481000,HAD,6,hadjar,red_bull,124.942000,24.000000,2.000000,,,40.420000,59.471000,25.051000,6179.021000,6238.492000,6263.543000,254.000000,229.000000,236.000000,243.000000,False,HARD,5.000000,True,Red Bull Racing,6138.539000,,4,13.000000,False,,False,False
2026,3,Japanese Grand Prix,R,6413.872000,HAD,6,hadjar,red_bull,,25.000000,2.000000,,,48.526000,74.831000,27.058000,6312.131000,6386.919000,6414.134000,181.000000,226.000000,160.000000,183.000000,False,HARD,6.000000,True,Red Bull Racing,6263.481000,,4,13.000000,False,,False,False
2026,3,Japanese Grand Prix,R,6561.114000,HAD,6,hadjar,red_bull,147.242000,26.000000,2.000000,,,53.032000,65.585000,28.625000,6466.966000,6532.551000,6561.176000,153.000000,203.000000,131.000000,226.000000,False,HARD,7.000000,True,Red Bull Racing,6413.872000,,4,13.000000,False,,False,False
2026,3,Japanese Grand Prix,R,6696.239000,HAD,6,hadjar,red_bull,135.125000,27.000000,2.000000,,,47.153000,60.737000,27.235000,6608.329000,6669.066000,6696.301000,203.000000,140.000000,277.000000,167.000000,False,HARD,8.000000,True,Red Bull Racing,6561.114000,,41,13.000000,False,,False,False
2026,3,Japanese Grand Prix,R,6792.615000,HAD,6,hadjar,red_bull,96.376000,28.000000,2.000000,,,35.656000,42.542000,18.178000,6731.957000,6774.499000,6792.677000,259.000000,335.000000,283.000000,297.000000,False,HARD,9.000000,True,Red Bull Racing,6696.239000,,1,13.000000,False,,False,True
2026,3,Japanese Grand Prix,R,6888.665000,HAD,6,hadjar,red_bull,96.050000,29.000000,2.000000,,,35.504000,42.255000,18.291000,6828.181000,6870.436000,6888.727000,267.000000,340.000000,280.000000,293.000000,False,HARD,10.000000,True,Red Bull Racing,6792.615000,,1,12.000000,False,,False,True
2026,3,Japanese Grand Prix,R,6984.150000,HAD,6,hadjar,red_bull,95.485000,30.000000,2.000000,,,34.998000,42.274000,18.213000,6923.725000,6965.999000,6984.212000,270.000000,331.000000,284.000000,296.000000,True,HARD,11.000000,True,Red Bull Racing,6888.665000,,1,12.000000,False,,False,True
2026,3,Japanese Grand Prix,R,7079.405000,HAD,6,hadjar,red_bull,95.255000,31.000000,2.000000,,,34.806000,42.341000,18.108000,7019.018000,7061.359000,7079.467000,268.000000,316.000000,283.000000,287.000000,True,HARD,12.000000,True,Red Bull Racing,6984.150000,,1,12.000000,False,,False,True
2026,3,Japanese Grand Prix,R,7174.391000,HAD,6,hadjar,red_bull,94.986000,32.000000,2.000000,,,34.712000,42.247000,18.027000,7114.179000,7156.426000,7174.453000,269.000000,332.000000,283.000000,294.000000,True,HARD,13.000000,True,Red Bull Racing,7079.405000,,1,12.000000,False,,False,True
2026,3,Japanese Grand Prix,R,7269.109000,HAD,6,hadjar,red_bull,94.718000,33.000000,2.000000,,,34.541000,41.979000,18.198000,7208.994000,7250.973000,7269.171000,269.000000,331.000000,285.000000,295.000000,True,HARD,14.000000,True,Red Bull Racing,7174.391000,,1,12.000000,False,,False,True
2026,3,Japanese Grand Prix,R,7364.254000,HAD,6,hadjar,red_bull,95.145000,34.000000,2.000000,,,34.668000,42.276000,18.201000,7303.839000,7346.115000,7364.316000,267.000000,320.000000,284.000000,291.000000,False,HARD,15.000000,True,Red Bull Racing,7269.109000,,1,12.000000,False,,False,True
2026,3,Japanese Grand Prix,R,7459.894000,HAD,6,hadjar,red_bull,95.640000,35.000000,2.000000,,,34.547000,42.667000,18.426000,7398.863000,7441.530000,7459.956000,266.000000,318.000000,284.000000,289.000000,False,HARD,16.000000,True,Red Bull Racing,7364.254000,,1,12.000000,False,,False,True
2026,3,Japanese Grand Prix,R,7553.854000,HAD,6,hadjar,red_bull,93.960000,36.000000,2.000000,,,34.064000,41.850000,18.046000,7494.020000,7535.870000,7553.916000,270.000000,325.000000,282.000000,286.000000,True,HARD,17.000000,True,Red Bull Racing,7459.894000,,1,11.000000,False,,False,True
2026,3,Japanese Grand Prix,R,7648.491000,HAD,6,hadjar,red_bull,94.637000,37.000000,2.000000,,,34.566000,42.031000,18.040000,7588.482000,7630.513000,7648.553000,265.000000,320.000000,278.000000,285.000000,False,HARD,18.000000,True,Red Bull Racing,7553.854000,,1,11.000000,False,,False,True
2026,3,Japanese Grand Prix,R,7742.957000,HAD,6,hadjar,red_bull,94.466000,38.000000,2.000000,,,34.536000,41.945000,17.985000,7683.089000,7725.034000,7743.019000,272.000000,322.000000,280.000000,286.000000,False,HARD,19.000000,True,Red Bull Racing,7648.491000,,1,11.000000,False,,False,True
2026,3,Japanese Grand Prix,R,7837.515000,HAD,6,hadjar,red_bull,94.558000,39.000000,2.000000,,,34.622000,41.962000,17.974000,7777.641000,7819.603000,7837.577000,269.000000,322.000000,281.000000,287.000000,False,HARD,20.000000,True,Red Bull Racing,7742.957000,,1,11.000000,False,,False,True
2026,3,Japanese Grand Prix,R,7931.876000,HAD,6,hadjar,red_bull,94.361000,40.000000,2.000000,,,34.446000,41.955000,17.960000,7872.023000,7913.978000,7931.938000,268.000000,322.000000,281.000000,286.000000,False,HARD,21.000000,True,Red Bull Racing,7837.515000,,1,11.000000,False,,False,True
2026,3,Japanese Grand Prix,R,8026.358000,HAD,6,hadjar,red_bull,94.482000,41.000000,2.000000,,,34.690000,41.833000,17.959000,7966.628000,8008.461000,8026.420000,268.000000,324.000000,282.000000,287.000000,False,HARD,22.000000,True,Red Bull Racing,7931.876000,,1,11.000000,False,,False,True
2026,3,Japanese Grand Prix,R,8120.901000,HAD,6,hadjar,red_bull,94.543000,42.000000,2.000000,,,34.716000,41.850000,17.977000,8061.136000,8102.986000,8120.963000,269.000000,323.000000,281.000000,286.000000,False,HARD,23.000000,True,Red Bull Racing,8026.358000,,1,11.000000,False,,False,True
2026,3,Japanese Grand Prix,R,8215.773000,HAD,6,hadjar,red_bull,94.872000,43.000000,2.000000,,,34.822000,42.037000,18.013000,8155.785000,8197.822000,8215.835000,273.000000,324.000000,282.000000,287.000000,False,HARD,24.000000,True,Red Bull Racing,8120.901000,,1,11.000000,False,,False,True
2026,3,Japanese Grand Prix,R,8310.149000,HAD,6,hadjar,red_bull,94.376000,44.000000,2.000000,,,34.488000,41.800000,18.088000,8250.323000,8292.123000,8310.211000,267.000000,324.000000,283.000000,288.000000,False,HARD,25.000000,True,Red Bull Racing,8215.773000,,1,11.000000,False,,False,True
2026,3,Japanese Grand Prix,R,8406.063000,HAD,6,hadjar,red_bull,95.914000,45.000000,2.000000,,,34.864000,42.531000,18.519000,8345.075000,8387.606000,8406.125000,265.000000,333.000000,278.000000,289.000000,False,HARD,26.000000,True,Red Bull Racing,8310.149000,,1,11.000000,False,,False,True
2026,3,Japanese Grand Prix,R,8502.175000,HAD,6,hadjar,red_bull,96.112000,46.000000,2.000000,,,35.779000,42.284000,18.049000,8441.904000,8484.188000,8502.237000,268.000000,321.000000,283.000000,284.000000,False,HARD,27.000000,True,Red Bull Racing,8406.063000,,1,11.000000,False,,False,True
2026,3,Japanese Grand Prix,R,8597.541000,HAD,6,hadjar,red_bull,95.366000,47.000000,2.000000,,,35.312000,42.000000,18.054000,8537.549000,8579.549000,8597.603000,266.000000,326.000000,283.000000,289.000000,False,HARD,28.000000,True,Red Bull Racing,8502.175000,,1,12.000000,False,,False,True
2026,3,Japanese Grand Prix,R,8692.513000,HAD,6,hadjar,red_bull,94.972000,48.000000,2.000000,,,34.980000,42.001000,17.991000,8632.583000,8674.584000,8692.575000,265.000000,326.000000,281.000000,288.000000,False,HARD,29.000000,True,Red Bull Racing,8597.541000,,1,12.000000,False,,False,True
2026,3,Japanese Grand Prix,R,8787.459000,HAD,6,hadjar,red_bull,94.946000,49.000000,2.000000,,,34.902000,42.085000,17.959000,8727.477000,8769.562000,8787.521000,268.000000,325.000000,281.000000,286.000000,False,HARD,30.000000,True,Red Bull Racing,8692.513000,,1,12.000000,False,,False,True
2026,3,Japanese Grand Prix,R,8882.233000,HAD,6,hadjar,red_bull,94.774000,50.000000,2.000000,,,34.902000,41.884000,17.988000,,8864.307000,8882.295000,269.000000,324.000000,282.000000,286.000000,False,HARD,31.000000,True,Red Bull Racing,8787.459000,,1,12.000000,False,,False,True
2026,3,Japanese Grand Prix,R,8976.359000,HAD,6,hadjar,red_bull,94.126000,51.000000,2.000000,,,34.472000,41.749000,17.905000,8916.767000,8958.516000,8976.421000,270.000000,322.000000,282.000000,286.000000,False,HARD,32.000000,True,Red Bull Racing,8882.233000,,1,12.000000,False,,False,True
2026,3,Japanese Grand Prix,R,9070.660000,HAD,6,hadjar,red_bull,94.301000,52.000000,2.000000,,,34.683000,41.713000,17.905000,9011.104000,9052.817000,9070.722000,271.000000,323.000000,282.000000,285.000000,False,HARD,33.000000,True,Red Bull Racing,8976.359000,,1,12.000000,False,,False,True
2026,3,Japanese Grand Prix,R,9164.497000,HAD,6,hadjar,red_bull,93.837000,53.000000,2.000000,,,34.419000,41.801000,17.617000,9105.141000,9146.942000,9164.559000,271.000000,328.000000,273.000000,304.000000,True,HARD,34.000000,True,Red Bull Racing,9070.660000,,1,12.000000,False,,False,True
2026,3,Japanese Grand Prix,R,3922.787000,RUS,63,russell,mercedes,97.823000,1.000000,1.000000,,,,42.185000,18.120000,,3904.947000,3922.980000,287.000000,330.000000,278.000000,291.000000,False,MEDIUM,1.000000,True,Mercedes,3824.711000,,1,4.000000,False,,False,False
2026,3,Japanese Grand Prix,R,4017.657000,RUS,63,russell,mercedes,94.870000,2.000000,1.000000,,,34.783000,42.088000,17.999000,3957.641000,3999.729000,4017.728000,261.000000,329.000000,282.000000,291.000000,True,MEDIUM,2.000000,True,Mercedes,3922.787000,,1,4.000000,False,,False,True
2026,3,Japanese Grand Prix,R,4112.126000,RUS,63,russell,mercedes,94.469000,3.000000,1.000000,,,34.607000,41.961000,17.901000,4052.335000,4094.296000,4112.197000,262.000000,323.000000,282.000000,287.000000,True,MEDIUM,3.000000,True,Mercedes,4017.657000,,1,3.000000,False,,False,True
2026,3,Japanese Grand Prix,R,4206.898000,RUS,63,russell,mercedes,94.772000,4.000000,1.000000,,,34.436000,42.195000,18.141000,4146.633000,4188.828000,4206.969000,266.000000,314.000000,280.000000,279.000000,False,MEDIUM,4.000000,True,Mercedes,4112.126000,,1,2.000000,False,,False,True
2026,3,Japanese Grand Prix,R,4301.608000,RUS,63,russell,mercedes,94.710000,5.000000,1.000000,,,34.451000,42.108000,18.151000,4241.420000,4283.528000,4301.679000,258.000000,312.000000,279.000000,280.000000,False,MEDIUM,5.000000,True,Mercedes,4206.898000,,1,2.000000,False,,False,True
2026,3,Japanese Grand Prix,R,4396.404000,RUS,63,russell,mercedes,94.796000,6.000000,1.000000,,,34.456000,42.072000,18.268000,4336.135000,4378.207000,4396.475000,263.000000,315.000000,279.000000,283.000000,False,MEDIUM,6.000000,True,Mercedes,4301.608000,,1,2.000000,False,,False,True
2026,3,Japanese Grand Prix,R,4491.145000,RUS,63,russell,mercedes,94.741000,7.000000,1.000000,,,34.482000,42.048000,18.211000,4430.957000,4473.005000,4491.216000,268.000000,321.000000,281.000000,287.000000,False,MEDIUM,7.000000,True,Mercedes,4396.404000,,1,2.000000,False,,False,True
2026,3,Japanese Grand Prix,R,4586.188000,RUS,63,russell,mercedes,95.043000,8.000000,1.000000,,,34.770000,42.117000,18.156000,4525.986000,4568.103000,4586.259000,269.000000,330.000000,276.000000,291.000000,False,MEDIUM,8.000000,True,Mercedes,4491.145000,,1,1.000000,False,,False,True
2026,3,Japanese Grand Prix,R,4682.230000,RUS,63,russell,mercedes,96.042000,9.000000,1.000000,,,35.533000,42.332000,18.177000,4621.792000,4664.124000,4682.301000,259.000000,312.000000,280.000000,281.000000,False,MEDIUM,9.000000,True,Mercedes,4586.188000,,1,2.000000,False,,False,True
2026,3,Japanese Grand Prix,R,4777.166000,RUS,63,russell,mercedes,94.936000,10.000000,1.000000,,,34.609000,42.201000,18.126000,4716.910000,4759.111000,4777.237000,272.000000,319.000000,281.000000,285.000000,False,MEDIUM,10.000000,True,Mercedes,4682.230000,,1,2.000000,False,,False,True
2026,3,Japanese Grand Prix,R,4872.498000,RUS,63,russell,mercedes,95.332000,11.000000,1.000000,,,34.769000,42.341000,18.222000,4812.006000,4854.347000,4872.569000,276.000000,319.000000,279.000000,284.000000,False,MEDIUM,11.000000,True,Mercedes,4777.166000,,1,2.000000,False,,False,True
2026,3,Japanese Grand Prix,R,4967.576000,RUS,63,russell,mercedes,95.078000,12.000000,1.000000,,,34.843000,42.145000,18.090000,4907.412000,4949.557000,4967.647000,271.000000,321.000000,281.000000,286.000000,False,MEDIUM,12.000000,True,Mercedes,4872.498000,,1,2.000000,False,,False,True
2026,3,Japanese Grand Prix,R,5062.825000,RUS,63,russell,mercedes,95.249000,13.000000,1.000000,,,34.860000,42.196000,18.193000,5002.507000,5044.703000,5062.896000,276.000000,317.000000,280.000000,282.000000,False,MEDIUM,13.000000,True,Mercedes,4967.576000,,1,2.000000,False,,False,True
2026,3,Japanese Grand Prix,R,5157.926000,RUS,63,russell,mercedes,95.101000,14.000000,1.000000,,,34.618000,42.273000,18.210000,5097.514000,5139.787000,5157.997000,268.000000,315.000000,280.000000,282.000000,False,MEDIUM,14.000000,True,Mercedes,5062.825000,,1,2.000000,False,,False,True
2026,3,Japanese Grand Prix,R,5253.074000,RUS,63,russell,mercedes,95.148000,15.000000,1.000000,,,34.763000,42.185000,18.200000,5192.760000,5234.945000,5253.145000,261.000000,314.000000,280.000000,281.000000,False,MEDIUM,15.000000,True,Mercedes,5157.926000,,1,2.000000,False,,False,True
2026,3,Japanese Grand Prix,R,5348.327000,RUS,63,russell,mercedes,95.253000,16.000000,1.000000,,,34.914000,42.194000,18.145000,5288.059000,5330.253000,5348.398000,257.000000,315.000000,280.000000,280.000000,False,MEDIUM,16.000000,True,Mercedes,5253.074000,,1,2.000000,False,,False,True
2026,3,Japanese Grand Prix,R,5443.360000,RUS,63,russell,mercedes,95.033000,17.000000,1.000000,,,34.748000,42.094000,18.191000,5383.146000,5425.240000,5443.431000,263.000000,315.000000,281.000000,281.000000,False,MEDIUM,17.000000,True,Mercedes,5348.327000,,1,2.000000,False,,False,True
2026,3,Japanese Grand Prix,R,5538.148000,RUS,63,russell,mercedes,94.788000,18.000000,1.000000,,,34.720000,42.014000,18.054000,5478.151000,5520.165000,5538.219000,263.000000,317.000000,280.000000,281.000000,False,MEDIUM,18.000000,True,Mercedes,5443.360000,,1,1.000000,False,,False,True
2026,3,Japanese Grand Prix,R,5633.135000,RUS,63,russell,mercedes,94.987000,19.000000,1.000000,,,34.880000,41.951000,18.156000,5573.099000,5615.050000,5633.206000,257.000000,313.000000,280.000000,276.000000,False,MEDIUM,19.000000,True,Mercedes,5538.148000,,1,1.000000,False,,False,True
2026,3,Japanese Grand Prix,R,5727.658000,RUS,63,russell,mercedes,94.523000,20.000000,1.000000,,,34.585000,41.875000,18.063000,5667.791000,5709.666000,5727.729000,262.000000,312.000000,281.000000,277.000000,False,MEDIUM,20.000000,True,Mercedes,5633.135000,,1,1.000000,False,,False,True
2026,3,Japanese Grand Prix,R,5824.163000,RUS,63,russell,mercedes,96.505000,21.000000,1.000000,,5822.807000,34.583000,41.632000,20.290000,5762.312000,5803.944000,5824.234000,260.000000,324.000000,,285.000000,False,MEDIUM,21.000000,True,Mercedes,5727.658000,,1,2.000000,False,,False,False
2026,3,Japanese Grand Prix,R,5963.426000,RUS,63,russell,mercedes,139.263000,22.000000,2.000000,5845.793000,,55.328000,59.963000,23.972000,5879.562000,5939.525000,5963.497000,121.000000,287.000000,215.000000,229.000000,False,HARD,1.000000,True,Mercedes,5824.163000,,124,5.000000,False,,False,False
2026,3,Japanese Grand Prix,R,6101.530000,RUS,63,russell,mercedes,138.104000,23.000000,2.000000,,,43.996000,64.079000,30.029000,6007.493000,6071.572000,6101.601000,244.000000,200.000000,216.000000,148.000000,False,HARD,2.000000,True,Mercedes,5963.426000,,4,3.000000,False,,False,False
2026,3,Japanese Grand Prix,R,6250.602000,RUS,63,russell,mercedes,149.072000,24.000000,2.000000,,,51.175000,71.465000,26.432000,6152.776000,6224.241000,6250.673000,223.000000,145.000000,197.000000,196.000000,False,HARD,3.000000,True,Mercedes,6101.530000,,4,3.000000,False,,False,False
2026,3,Japanese Grand Prix,R,6401.150000,RUS,63,russell,mercedes,,25.000000,2.000000,,,51.128000,72.548000,26.889000,6301.830000,6374.469000,6401.368000,211.000000,201.000000,172.000000,193.000000,False,HARD,4.000000,True,Mercedes,6250.602000,,4,3.000000,False,,False,False
2026,3,Japanese Grand Prix,R,6545.907000,RUS,63,russell,mercedes,144.757000,26.000000,2.000000,,,54.414000,63.952000,26.391000,6455.635000,6519.587000,6545.978000,190.000000,217.000000,217.000000,183.000000,False,HARD,5.000000,True,Mercedes,6401.150000,,4,3.000000,False,,False,False
2026,3,Japanese Grand Prix,R,6691.647000,RUS,63,russell,mercedes,145.740000,27.000000,2.000000,,,50.756000,66.065000,28.919000,6596.734000,6662.799000,6691.718000,228.000000,115.000000,276.000000,120.000000,False,HARD,6.000000,True,Mercedes,6545.907000,,41,3.000000,False,,False,False
2026,3,Japanese Grand Prix,R,6786.889000,RUS,63,russell,mercedes,95.242000,28.000000,2.000000,,,35.424000,41.895000,17.923000,6727.142000,6769.037000,6786.960000,255.000000,314.000000,286.000000,282.000000,False,HARD,7.000000,True,Mercedes,6691.647000,,1,4.000000,False,,False,True
2026,3,Japanese Grand Prix,R,6880.606000,RUS,63,russell,mercedes,93.717000,29.000000,2.000000,,,33.919000,41.836000,17.962000,6820.879000,6862.715000,6880.677000,275.000000,318.000000,285.000000,286.000000,True,HARD,8.000000,True,Mercedes,6786.889000,,1,4.000000,False,,False,True
2026,3,Japanese Grand Prix,R,6974.218000,RUS,63,russell,mercedes,93.612000,30.000000,2.000000,,,33.938000,41.724000,17.950000,6914.615000,6956.339000,6974.289000,277.000000,317.000000,285.000000,286.000000,True,HARD,9.000000,True,Mercedes,6880.606000,,1,4.000000,False,,False,True
2026,3,Japanese Grand Prix,R,7068.123000,RUS,63,russell,mercedes,93.905000,31.000000,2.000000,,,34.028000,41.902000,17.975000,7008.317000,7050.219000,7068.194000,283.000000,316.000000,286.000000,284.000000,False,HARD,10.000000,True,Mercedes,6974.218000,,1,4.000000,False,,False,True
2026,3,Japanese Grand Prix,R,7161.528000,RUS,63,russell,mercedes,93.405000,32.000000,2.000000,,,33.931000,41.545000,17.929000,7102.125000,7143.670000,7161.599000,271.000000,321.000000,286.000000,286.000000,True,HARD,11.000000,True,Mercedes,7068.123000,,1,4.000000,False,,False,True
2026,3,Japanese Grand Prix,R,7255.028000,RUS,63,russell,mercedes,93.500000,33.000000,2.000000,,,33.804000,41.766000,17.930000,7195.403000,7237.169000,7255.099000,265.000000,321.000000,286.000000,288.000000,False,HARD,12.000000,True,Mercedes,7161.528000,,1,4.000000,False,,False,True
2026,3,Japanese Grand Prix,R,7348.513000,RUS,63,russell,mercedes,93.485000,34.000000,2.000000,,,34.014000,41.605000,17.866000,7289.113000,7330.718000,7348.584000,271.000000,321.000000,284.000000,287.000000,False,HARD,13.000000,True,Mercedes,7255.028000,,1,4.000000,False,,False,True
2026,3,Japanese Grand Prix,R,7441.849000,RUS,63,russell,mercedes,93.336000,35.000000,2.000000,,,33.810000,41.623000,17.903000,7382.394000,7424.017000,7441.920000,267.000000,323.000000,286.000000,288.000000,True,HARD,14.000000,True,Mercedes,7348.513000,,1,4.000000,False,,False,True
2026,3,Japanese Grand Prix,R,7535.522000,RUS,63,russell,mercedes,93.673000,36.000000,2.000000,,,34.147000,41.530000,17.996000,7476.067000,7517.597000,7535.593000,270.000000,319.000000,287.000000,287.000000,False,HARD,15.000000,True,Mercedes,7441.849000,,1,4.000000,False,,False,True
2026,3,Japanese Grand Prix,R,7630.330000,RUS,63,russell,mercedes,94.808000,37.000000,2.000000,,,34.018000,42.917000,17.873000,7569.611000,7612.528000,7630.401000,268.000000,326.000000,287.000000,290.000000,False,HARD,16.000000,True,Mercedes,7535.522000,,1,5.000000,False,,False,True
2026,3,Japanese Grand Prix,R,7723.857000,RUS,63,russell,mercedes,93.527000,38.000000,2.000000,,,34.004000,41.656000,17.867000,7664.405000,7706.061000,7723.928000,278.000000,319.000000,287.000000,286.000000,False,HARD,17.000000,True,Mercedes,7630.330000,,1,5.000000,False,,False,True
2026,3,Japanese Grand Prix,R,7817.311000,RUS,63,russell,mercedes,93.454000,39.000000,2.000000,,,33.847000,41.710000,17.897000,7757.775000,7799.485000,7817.382000,278.000000,323.000000,288.000000,288.000000,False,HARD,18.000000,True,Mercedes,7723.857000,,1,5.000000,False,,False,True
2026,3,Japanese Grand Prix,R,7910.972000,RUS,63,russell,mercedes,93.661000,40.000000,2.000000,,,33.965000,41.732000,17.964000,7851.347000,7893.079000,7911.043000,266.000000,322.000000,285.000000,287.000000,False,HARD,19.000000,True,Mercedes,7817.311000,,1,5.000000,False,,False,True
2026,3,Japanese Grand Prix,R,8005.163000,RUS,63,russell,mercedes,94.191000,41.000000,2.000000,,,34.040000,42.182000,17.969000,7945.083000,7987.265000,8005.234000,282.000000,320.000000,285.000000,287.000000,False,HARD,20.000000,True,Mercedes,7910.972000,,1,5.000000,False,,False,True
2026,3,Japanese Grand Prix,R,8099.194000,RUS,63,russell,mercedes,94.031000,42.000000,2.000000,,,34.295000,41.822000,17.914000,8039.529000,8081.351000,8099.265000,279.000000,327.000000,287.000000,292.000000,False,HARD,21.000000,True,Mercedes,8005.163000,,1,5.000000,False,,False,True
2026,3,Japanese Grand Prix,R,8192.091000,RUS,63,russell,mercedes,92.897000,43.000000,2.000000,,,33.743000,41.267000,17.887000,8133.008000,8174.275000,8192.162000,266.000000,324.000000,286.000000,287.000000,True,HARD,22.000000,True,Mercedes,8099.194000,,1,4.000000,False,,False,True
2026,3,Japanese Grand Prix,R,8285.144000,RUS,63,russell,mercedes,93.053000,44.000000,2.000000,,,33.855000,41.297000,17.901000,8226.017000,8267.314000,8285.215000,262.000000,324.000000,287.000000,289.000000,False,HARD,23.000000,True,Mercedes,8192.091000,,1,4.000000,False,,False,True
2026,3,Japanese Grand Prix,R,8378.418000,RUS,63,russell,mercedes,93.274000,45.000000,2.000000,,,34.007000,41.291000,17.976000,8319.222000,8360.513000,8378.489000,276.000000,329.000000,288.000000,290.000000,False,HARD,24.000000,True,Mercedes,8285.144000,,1,4.000000,False,,False,True
2026,3,Japanese Grand Prix,R,8471.564000,RUS,63,russell,mercedes,93.146000,46.000000,2.000000,,,33.932000,41.317000,17.897000,8412.421000,8453.738000,8471.635000,281.000000,328.000000,288.000000,292.000000,False,HARD,25.000000,True,Mercedes,8378.418000,,1,4.000000,False,,False,True
2026,3,Japanese Grand Prix,R,8564.740000,RUS,63,russell,mercedes,93.176000,47.000000,2.000000,,,34.003000,41.236000,17.937000,8505.638000,8546.874000,8564.811000,278.000000,340.000000,285.000000,297.000000,False,HARD,26.000000,True,Mercedes,8471.564000,,1,4.000000,False,,False,True
2026,3,Japanese Grand Prix,R,8657.786000,RUS,63,russell,mercedes,93.046000,48.000000,2.000000,,,33.952000,41.302000,17.792000,8598.763000,8640.065000,8657.857000,267.000000,331.000000,287.000000,291.000000,False,HARD,27.000000,True,Mercedes,8564.740000,,1,4.000000,False,,False,True
2026,3,Japanese Grand Prix,R,8751.140000,RUS,63,russell,mercedes,93.354000,49.000000,2.000000,,,33.998000,41.433000,17.923000,8691.855000,8733.288000,8751.211000,274.000000,332.000000,289.000000,293.000000,False,HARD,28.000000,True,Mercedes,8657.786000,,1,4.000000,False,,False,True
2026,3,Japanese Grand Prix,R,8844.357000,RUS,63,russell,mercedes,93.217000,50.000000,2.000000,,,34.230000,41.327000,17.660000,8785.441000,8826.768000,8844.428000,265.000000,344.000000,283.000000,300.000000,False,HARD,29.000000,True,Mercedes,8751.140000,,1,3.000000,False,,False,True
2026,3,Japanese Grand Prix,R,8938.445000,RUS,63,russell,mercedes,94.088000,51.000000,2.000000,,,35.005000,41.347000,17.736000,8879.433000,8920.780000,8938.516000,258.000000,332.000000,288.000000,291.000000,False,HARD,30.000000,True,Mercedes,8844.357000,,1,4.000000,False,,False,True
2026,3,Japanese Grand Prix,R,9031.555000,RUS,63,russell,mercedes,93.110000,52.000000,2.000000,,,33.943000,41.210000,17.957000,8972.459000,9013.669000,9031.626000,268.000000,341.000000,285.000000,295.000000,False,HARD,31.000000,True,Mercedes,8938.445000,,1,4.000000,False,,False,True
2026,3,Japanese Grand Prix,R,9124.104000,RUS,63,russell,mercedes,92.549000,53.000000,2.000000,,,33.932000,41.039000,17.578000,9065.558000,9106.597000,9124.175000,270.000000,345.000000,284.000000,302.000000,True,HARD,32.000000,True,Mercedes,9031.555000,,1,4.000000,False,,False,True
2026,3,Japanese Grand Prix,R,3932.801000,BOT,77,bottas,cadillac,107.837000,1.000000,1.000000,,,,45.366000,18.503000,,3914.504000,3932.801000,238.000000,330.000000,275.000000,278.000000,False,HARD,1.000000,True,Cadillac,3824.711000,,1,21.000000,False,,False,False
2026,3,Japanese Grand Prix,R,4032.159000,BOT,77,bottas,cadillac,99.358000,2.000000,1.000000,,,36.952000,43.767000,18.639000,3969.753000,4013.520000,4032.159000,252.000000,329.000000,266.000000,283.000000,True,HARD,2.000000,True,Cadillac,3932.801000,,1,22.000000,False,,False,True
2026,3,Japanese Grand Prix,R,4130.470000,BOT,77,bottas,cadillac,98.311000,3.000000,1.000000,,,36.764000,43.112000,18.435000,4068.923000,4112.035000,4130.470000,252.000000,335.000000,272.000000,291.000000,True,HARD,3.000000,True,Cadillac,4032.159000,,1,22.000000,False,,False,True
2026,3,Japanese Grand Prix,R,4228.954000,BOT,77,bottas,cadillac,98.484000,4.000000,1.000000,,,36.706000,43.152000,18.626000,4167.176000,4210.328000,4228.954000,252.000000,336.000000,272.000000,289.000000,False,HARD,4.000000,True,Cadillac,4130.470000,,1,22.000000,False,,False,True
2026,3,Japanese Grand Prix,R,4327.449000,BOT,77,bottas,cadillac,98.495000,5.000000,1.000000,,,36.690000,43.311000,18.494000,4265.644000,4308.955000,4327.449000,254.000000,332.000000,275.000000,293.000000,False,HARD,5.000000,True,Cadillac,4228.954000,,1,22.000000,False,,False,True
2026,3,Japanese Grand Prix,R,4426.076000,BOT,77,bottas,cadillac,98.627000,6.000000,1.000000,,,36.574000,43.362000,18.691000,4364.023000,4407.385000,4426.076000,254.000000,331.000000,276.000000,295.000000,False,HARD,6.000000,True,Cadillac,4327.449000,,1,22.000000,False,,False,True
2026,3,Japanese Grand Prix,R,4524.561000,BOT,77,bottas,cadillac,98.485000,7.000000,1.000000,,,36.609000,43.339000,18.537000,4462.685000,4506.024000,4524.561000,254.000000,330.000000,276.000000,298.000000,False,HARD,7.000000,True,Cadillac,4426.076000,,1,22.000000,False,,False,True
2026,3,Japanese Grand Prix,R,4623.219000,BOT,77,bottas,cadillac,98.658000,8.000000,1.000000,,,36.752000,43.395000,18.511000,4561.313000,4604.708000,4623.219000,254.000000,326.000000,275.000000,285.000000,False,HARD,8.000000,True,Cadillac,4524.561000,,1,22.000000,False,,False,True
2026,3,Japanese Grand Prix,R,4722.042000,BOT,77,bottas,cadillac,98.823000,9.000000,1.000000,,,36.687000,43.525000,18.611000,4659.906000,4703.431000,4722.042000,253.000000,327.000000,271.000000,294.000000,False,HARD,9.000000,True,Cadillac,4623.219000,,1,22.000000,False,,False,True
2026,3,Japanese Grand Prix,R,4820.877000,BOT,77,bottas,cadillac,98.835000,10.000000,1.000000,,,36.567000,43.759000,18.509000,4758.609000,4802.368000,4820.877000,254.000000,315.000000,272.000000,288.000000,False,HARD,10.000000,True,Cadillac,4722.042000,,1,22.000000,False,,False,True
2026,3,Japanese Grand Prix,R,4919.746000,BOT,77,bottas,cadillac,98.869000,11.000000,1.000000,,,36.731000,43.629000,18.509000,4857.608000,4901.237000,4919.746000,253.000000,314.000000,273.000000,291.000000,False,HARD,11.000000,True,Cadillac,4820.877000,,1,22.000000,False,,False,True
2026,3,Japanese Grand Prix,R,5019.018000,BOT,77,bottas,cadillac,99.272000,12.000000,1.000000,,,36.770000,43.785000,18.717000,4956.516000,5000.301000,5019.018000,253.000000,312.000000,272.000000,280.000000,False,HARD,12.000000,True,Cadillac,4919.746000,,1,22.000000,False,,False,True
2026,3,Japanese Grand Prix,R,5117.732000,BOT,77,bottas,cadillac,98.714000,13.000000,1.000000,,,36.684000,43.540000,18.490000,5055.702000,5099.242000,5117.732000,255.000000,322.000000,272.000000,292.000000,False,HARD,13.000000,True,Cadillac,5019.018000,,1,22.000000,False,,False,True
2026,3,Japanese Grand Prix,R,5217.179000,BOT,77,bottas,cadillac,99.447000,14.000000,1.000000,,,36.923000,43.710000,18.814000,5154.655000,5198.365000,5217.179000,250.000000,311.000000,272.000000,278.000000,False,HARD,14.000000,True,Cadillac,5117.732000,,1,22.000000,False,,False,True
2026,3,Japanese Grand Prix,R,5316.130000,BOT,77,bottas,cadillac,98.951000,15.000000,1.000000,,,36.748000,43.568000,18.635000,5253.927000,5297.495000,5316.130000,254.000000,317.000000,275.000000,282.000000,False,HARD,15.000000,True,Cadillac,5217.179000,,1,22.000000,False,,False,True
2026,3,Japanese Grand Prix,R,5414.550000,BOT,77,bottas,cadillac,98.420000,16.000000,1.000000,,,36.547000,43.269000,18.604000,5352.677000,5395.946000,5414.550000,256.000000,318.000000,275.000000,281.000000,False,HARD,16.000000,True,Cadillac,5316.130000,,1,22.000000,False,,False,True
2026,3,Japanese Grand Prix,R,5513.677000,BOT,77,bottas,cadillac,99.127000,17.000000,1.000000,,,36.694000,43.541000,18.892000,5451.244000,5494.785000,5513.677000,254.000000,313.000000,224.000000,280.000000,False,HARD,17.000000,True,Cadillac,5414.550000,,1,22.000000,False,,False,True
2026,3,Japanese Grand Prix,R,5615.690000,BOT,77,bottas,cadillac,102.013000,18.000000,1.000000,,,39.204000,44.025000,18.784000,5552.881000,5596.906000,5615.690000,260.000000,312.000000,274.000000,276.000000,False,HARD,18.000000,True,Cadillac,5513.677000,,1,22.000000,False,,False,True
2026,3,Japanese Grand Prix,R,5717.633000,BOT,77,bottas,cadillac,101.943000,19.000000,1.000000,,5716.312000,36.686000,43.598000,21.659000,5652.376000,5695.974000,5717.633000,254.000000,315.000000,,278.000000,False,HARD,19.000000,True,Cadillac,5615.690000,,1,22.000000,False,,False,False
2026,3,Japanese Grand Prix,R,5837.922000,BOT,77,bottas,cadillac,120.289000,20.000000,2.000000,5741.437000,,59.093000,42.812000,18.384000,5776.726000,5819.538000,5837.922000,262.000000,318.000000,277.000000,280.000000,False,MEDIUM,1.000000,True,Cadillac,5717.633000,,1,22.000000,False,,False,False
2026,3,Japanese Grand Prix,R,5957.899000,BOT,77,bottas,cadillac,119.977000,21.000000,2.000000,,,35.738000,62.073000,22.166000,5873.660000,5935.733000,5957.899000,254.000000,269.000000,182.000000,262.000000,False,MEDIUM,2.000000,True,Cadillac,5837.922000,,124,21.000000,False,,False,False
2026,3,Japanese Grand Prix,R,6098.257000,BOT,77,bottas,cadillac,140.358000,22.000000,2.000000,,,45.306000,65.533000,29.519000,6003.205000,6068.738000,6098.257000,261.000000,155.000000,207.000000,161.000000,False,MEDIUM,3.000000,True,Cadillac,5957.899000,,4,21.000000,False,,False,False
2026,3,Japanese Grand Prix,R,6248.084000,BOT,77,bottas,cadillac,149.827000,23.000000,2.000000,,,51.875000,71.195000,26.757000,6150.132000,6221.327000,6248.084000,157.000000,205.000000,209.000000,160.000000,False,MEDIUM,4.000000,True,Cadillac,6098.257000,,4,21.000000,False,,False,False
2026,3,Japanese Grand Prix,R,6399.043000,BOT,77,bottas,cadillac,,24.000000,2.000000,,,51.808000,71.819000,27.289000,6299.950000,6371.754000,6399.095000,201.000000,202.000000,190.000000,166.000000,False,MEDIUM,5.000000,True,Cadillac,6248.084000,,4,21.000000,False,,False,False
2026,3,Japanese Grand Prix,R,6515.439000,BOT,77,bottas,cadillac,116.396000,25.000000,2.000000,,,52.035000,45.873000,18.488000,6451.078000,6496.951000,6515.439000,241.000000,319.000000,274.000000,284.000000,False,MEDIUM,6.000000,True,Cadillac,6399.043000,,4,21.000000,False,,False,False
2026,3,Japanese Grand Prix,R,6614.818000,BOT,77,bottas,cadillac,99.379000,26.000000,2.000000,,,36.370000,44.253000,18.756000,6551.809000,6596.062000,6614.818000,253.000000,308.000000,274.000000,273.000000,False,MEDIUM,7.000000,True,Cadillac,6515.439000,,4,21.000000,False,,False,False
2026,3,Japanese Grand Prix,R,6712.971000,BOT,77,bottas,cadillac,98.153000,27.000000,2.000000,,,36.337000,43.070000,18.746000,6651.155000,6694.225000,6712.971000,255.000000,320.000000,277.000000,279.000000,True,MEDIUM,8.000000,True,Cadillac,6614.818000,,41,21.000000,False,,False,False
2026,3,Japanese Grand Prix,R,6810.134000,BOT,77,bottas,cadillac,97.163000,28.000000,2.000000,,,35.705000,43.043000,18.415000,6748.676000,6791.719000,6810.134000,257.000000,312.000000,275.000000,279.000000,True,MEDIUM,9.000000,True,Cadillac,6712.971000,,1,21.000000,False,,False,True
2026,3,Japanese Grand Prix,R,6907.337000,BOT,77,bottas,cadillac,97.203000,29.000000,2.000000,,,35.900000,42.797000,18.506000,6846.034000,6888.831000,6907.337000,258.000000,315.000000,276.000000,280.000000,False,MEDIUM,10.000000,True,Cadillac,6810.134000,,1,21.000000,False,,False,True
2026,3,Japanese Grand Prix,R,7004.706000,BOT,77,bottas,cadillac,97.369000,30.000000,2.000000,,,35.942000,42.901000,18.526000,6943.279000,6986.180000,7004.706000,259.000000,314.000000,277.000000,278.000000,False,MEDIUM,11.000000,True,Cadillac,6907.337000,,1,21.000000,False,,False,True
2026,3,Japanese Grand Prix,R,7101.818000,BOT,77,bottas,cadillac,97.112000,31.000000,2.000000,,,35.799000,42.826000,18.487000,7040.505000,7083.331000,7101.818000,260.000000,312.000000,277.000000,277.000000,True,MEDIUM,12.000000,True,Cadillac,7004.706000,,1,20.000000,False,,False,True
2026,3,Japanese Grand Prix,R,7198.960000,BOT,77,bottas,cadillac,97.142000,32.000000,2.000000,,,35.752000,42.895000,18.495000,7137.570000,7180.465000,7198.960000,261.000000,315.000000,277.000000,280.000000,False,MEDIUM,13.000000,True,Cadillac,7101.818000,,1,20.000000,False,,False,True
2026,3,Japanese Grand Prix,R,7296.032000,BOT,77,bottas,cadillac,97.072000,33.000000,2.000000,,,35.784000,42.860000,18.428000,7234.744000,7277.604000,7296.032000,257.000000,314.000000,277.000000,280.000000,True,MEDIUM,14.000000,True,Cadillac,7198.960000,,1,20.000000,False,,False,True
2026,3,Japanese Grand Prix,R,7393.091000,BOT,77,bottas,cadillac,97.059000,34.000000,2.000000,,,35.681000,42.895000,18.483000,7331.713000,7374.608000,7393.091000,258.000000,315.000000,277.000000,280.000000,True,MEDIUM,15.000000,True,Cadillac,7296.032000,,1,20.000000,False,,False,True
2026,3,Japanese Grand Prix,R,7490.260000,BOT,77,bottas,cadillac,97.169000,35.000000,2.000000,,,35.654000,42.961000,18.554000,7428.745000,7471.706000,7490.260000,259.000000,312.000000,275.000000,278.000000,False,MEDIUM,16.000000,True,Cadillac,7393.091000,,1,20.000000,False,,False,True
2026,3,Japanese Grand Prix,R,7587.450000,BOT,77,bottas,cadillac,97.190000,36.000000,2.000000,,,35.803000,42.745000,18.642000,7526.063000,7568.808000,7587.450000,262.000000,316.000000,277.000000,279.000000,False,MEDIUM,17.000000,True,Cadillac,7490.260000,,1,20.000000,False,,False,True
2026,3,Japanese Grand Prix,R,7684.328000,BOT,77,bottas,cadillac,96.878000,37.000000,2.000000,,,35.672000,42.675000,18.531000,7623.122000,7665.797000,7684.328000,258.000000,318.000000,277.000000,285.000000,True,MEDIUM,18.000000,True,Cadillac,7587.450000,,1,20.000000,False,,False,True
2026,3,Japanese Grand Prix,R,7781.181000,BOT,77,bottas,cadillac,96.853000,38.000000,2.000000,,,35.693000,42.674000,18.486000,7720.021000,7762.695000,7781.181000,260.000000,314.000000,278.000000,280.000000,True,MEDIUM,19.000000,True,Cadillac,7684.328000,,1,20.000000,False,,False,True
2026,3,Japanese Grand Prix,R,7878.101000,BOT,77,bottas,cadillac,96.920000,39.000000,2.000000,,,35.851000,42.572000,18.497000,7817.032000,7859.604000,7878.101000,257.000000,318.000000,278.000000,281.000000,False,MEDIUM,20.000000,True,Cadillac,7781.181000,,1,20.000000,False,,False,True
2026,3,Japanese Grand Prix,R,7975.020000,BOT,77,bottas,cadillac,96.919000,40.000000,2.000000,,,35.678000,42.711000,18.530000,7913.779000,7956.490000,7975.020000,259.000000,314.000000,277.000000,279.000000,False,MEDIUM,21.000000,True,Cadillac,7878.101000,,1,20.000000,False,,False,True
2026,3,Japanese Grand Prix,R,8071.757000,BOT,77,bottas,cadillac,96.737000,41.000000,2.000000,,,35.814000,42.579000,18.344000,8010.834000,8053.413000,8071.757000,258.000000,318.000000,280.000000,281.000000,True,MEDIUM,22.000000,True,Cadillac,7975.020000,,1,20.000000,False,,False,True
2026,3,Japanese Grand Prix,R,8168.388000,BOT,77,bottas,cadillac,96.631000,42.000000,2.000000,,,35.666000,42.539000,18.426000,8107.423000,8149.962000,8168.388000,258.000000,315.000000,279.000000,280.000000,True,MEDIUM,23.000000,True,Cadillac,8071.757000,,1,20.000000,False,,False,True
2026,3,Japanese Grand Prix,R,8265.247000,BOT,77,bottas,cadillac,96.859000,43.000000,2.000000,,,35.880000,42.572000,18.407000,8204.268000,8246.840000,8265.247000,259.000000,316.000000,279.000000,280.000000,False,MEDIUM,24.000000,True,Cadillac,8168.388000,,1,20.000000,False,,False,True
2026,3,Japanese Grand Prix,R,8362.094000,BOT,77,bottas,cadillac,96.847000,44.000000,2.000000,,,35.795000,42.481000,18.571000,8301.042000,8343.523000,8362.094000,258.000000,318.000000,279.000000,281.000000,False,MEDIUM,25.000000,True,Cadillac,8265.247000,,1,20.000000,False,,False,True
2026,3,Japanese Grand Prix,R,8460.983000,BOT,77,bottas,cadillac,98.889000,45.000000,2.000000,,,37.539000,42.782000,18.568000,8399.633000,8442.415000,8460.983000,256.000000,315.000000,276.000000,281.000000,False,MEDIUM,26.000000,True,Cadillac,8362.094000,,1,20.000000,False,,False,True
2026,3,Japanese Grand Prix,R,8557.804000,BOT,77,bottas,cadillac,96.821000,46.000000,2.000000,,,35.779000,42.592000,18.450000,8496.762000,8539.354000,8557.804000,259.000000,320.000000,278.000000,283.000000,False,MEDIUM,27.000000,True,Cadillac,8460.983000,,1,20.000000,False,,False,True
2026,3,Japanese Grand Prix,R,8664.455000,BOT,77,bottas,cadillac,106.651000,47.000000,2.000000,,,36.817000,47.843000,21.991000,8594.621000,8642.464000,8664.455000,259.000000,321.000000,275.000000,285.000000,False,MEDIUM,28.000000,True,Cadillac,8557.804000,,1,20.000000,False,,False,True
2026,3,Japanese Grand Prix,R,8761.521000,BOT,77,bottas,cadillac,97.066000,48.000000,2.000000,,,36.063000,42.548000,18.455000,8700.518000,8743.066000,8761.521000,258.000000,323.000000,280.000000,285.000000,False,MEDIUM,29.000000,True,Cadillac,8664.455000,,1,19.000000,False,,False,True
2026,3,Japanese Grand Prix,R,8860.739000,BOT,77,bottas,cadillac,99.218000,49.000000,2.000000,,,35.553000,44.272000,19.393000,8797.074000,8841.346000,8860.739000,261.000000,270.000000,277.000000,263.000000,False,MEDIUM,30.000000,True,Cadillac,8761.521000,,1,19.000000,False,,False,True
2026,3,Japanese Grand Prix,R,8957.545000,BOT,77,bottas,cadillac,96.806000,50.000000,2.000000,,,35.977000,42.654000,18.175000,8896.716000,8939.370000,8957.545000,260.000000,326.000000,265.000000,297.000000,False,MEDIUM,31.000000,True,Cadillac,8860.739000,,1,19.000000,False,,False,True
2026,3,Japanese Grand Prix,R,9054.762000,BOT,77,bottas,cadillac,97.217000,51.000000,2.000000,,,36.231000,42.639000,18.347000,8993.776000,9036.415000,9054.762000,261.000000,320.000000,281.000000,284.000000,False,MEDIUM,32.000000,True,Cadillac,8957.545000,,1,19.000000,False,,False,True
2026,3,Japanese Grand Prix,R,9151.031000,BOT,77,bottas,cadillac,96.269000,52.000000,2.000000,,,35.731000,42.270000,18.268000,9090.493000,9132.763000,9151.031000,259.000000,323.000000,270.000000,285.000000,True,MEDIUM,33.000000,True,Cadillac,9054.762000,,1,19.000000,False,,False,True
2026,3,Japanese Grand Prix,R,3920.232000,PIA,81,piastri,mclaren,95.268000,1.000000,1.000000,,,,41.939000,18.112000,,3902.299000,3920.421000,280.000000,313.000000,279.000000,279.000000,False,MEDIUM,1.000000,True,McLaren,3824.711000,,1,1.000000,False,,False,False
2026,3,Japanese Grand Prix,R,4015.181000,PIA,81,piastri,mclaren,94.949000,2.000000,1.000000,,,34.349000,42.319000,18.281000,3954.635000,3996.954000,4015.235000,259.000000,306.000000,277.000000,276.000000,True,MEDIUM,2.000000,True,McLaren,3920.232000,,1,1.000000,False,,False,True
2026,3,Japanese Grand Prix,R,4110.180000,PIA,81,piastri,mclaren,94.999000,3.000000,1.000000,,,34.510000,42.299000,18.190000,4049.745000,4092.044000,4110.234000,261.000000,307.000000,278.000000,277.000000,False,MEDIUM,3.000000,True,McLaren,4015.181000,,1,1.000000,False,,False,True
2026,3,Japanese Grand Prix,R,4205.316000,PIA,81,piastri,mclaren,95.136000,4.000000,1.000000,,,34.595000,42.378000,18.163000,4144.829000,4187.207000,4205.370000,256.000000,306.000000,278.000000,276.000000,False,MEDIUM,4.000000,True,McLaren,4110.180000,,1,1.000000,False,,False,True
2026,3,Japanese Grand Prix,R,4300.440000,PIA,81,piastri,mclaren,95.124000,5.000000,1.000000,,,34.698000,42.189000,18.237000,4240.068000,4282.257000,4300.494000,260.000000,307.000000,278.000000,277.000000,False,MEDIUM,5.000000,True,McLaren,4205.316000,,1,1.000000,False,,False,True
2026,3,Japanese Grand Prix,R,4395.549000,PIA,81,piastri,mclaren,95.109000,6.000000,1.000000,,,34.750000,42.041000,18.318000,4335.244000,4377.285000,4395.603000,260.000000,307.000000,278.000000,277.000000,False,MEDIUM,6.000000,True,McLaren,4300.440000,,1,1.000000,False,,False,True
2026,3,Japanese Grand Prix,R,4490.627000,PIA,81,piastri,mclaren,95.078000,7.000000,1.000000,,,34.677000,42.099000,18.302000,4430.280000,4472.379000,4490.681000,258.000000,306.000000,279.000000,277.000000,False,MEDIUM,7.000000,True,McLaren,4395.549000,,1,1.000000,False,,False,True
2026,3,Japanese Grand Prix,R,4586.442000,PIA,81,piastri,mclaren,95.815000,8.000000,1.000000,,,34.664000,42.178000,18.973000,4525.345000,4567.523000,4586.496000,260.000000,305.000000,282.000000,277.000000,False,MEDIUM,8.000000,True,McLaren,4490.627000,,1,2.000000,False,,False,True
2026,3,Japanese Grand Prix,R,4681.235000,PIA,81,piastri,mclaren,94.793000,9.000000,1.000000,,,34.579000,42.047000,18.167000,4621.075000,4663.122000,4681.289000,262.000000,310.000000,279.000000,278.000000,True,MEDIUM,9.000000,True,McLaren,4586.442000,,1,1.000000,False,,False,True
2026,3,Japanese Grand Prix,R,4776.346000,PIA,81,piastri,mclaren,95.111000,10.000000,1.000000,,,34.906000,42.079000,18.126000,4716.195000,4758.274000,4776.400000,258.000000,311.000000,279.000000,278.000000,False,MEDIUM,10.000000,True,McLaren,4681.235000,,1,1.000000,False,,False,True
2026,3,Japanese Grand Prix,R,4871.765000,PIA,81,piastri,mclaren,95.419000,11.000000,1.000000,,,34.898000,42.258000,18.263000,4811.298000,4853.556000,4871.819000,257.000000,305.000000,278.000000,276.000000,False,MEDIUM,11.000000,True,McLaren,4776.346000,,1,1.000000,False,,False,True
2026,3,Japanese Grand Prix,R,4966.873000,PIA,81,piastri,mclaren,95.108000,12.000000,1.000000,,,34.982000,41.999000,18.127000,4906.801000,4948.800000,4966.927000,260.000000,309.000000,279.000000,277.000000,False,MEDIUM,12.000000,True,McLaren,4871.765000,,1,1.000000,False,,False,True
2026,3,Japanese Grand Prix,R,5061.729000,PIA,81,piastri,mclaren,94.856000,13.000000,1.000000,,,34.656000,42.081000,18.119000,5001.583000,5043.664000,5061.783000,260.000000,309.000000,279.000000,278.000000,False,MEDIUM,13.000000,True,McLaren,4966.873000,,1,1.000000,False,,False,True
2026,3,Japanese Grand Prix,R,5156.824000,PIA,81,piastri,mclaren,95.095000,14.000000,1.000000,,,34.746000,42.149000,18.200000,5096.529000,5138.678000,5156.878000,259.000000,309.000000,279.000000,277.000000,False,MEDIUM,14.000000,True,McLaren,5061.729000,,1,1.000000,False,,False,True
2026,3,Japanese Grand Prix,R,5251.729000,PIA,81,piastri,mclaren,94.905000,15.000000,1.000000,,,34.666000,42.047000,18.192000,5191.544000,5233.591000,5251.783000,260.000000,307.000000,279.000000,277.000000,False,MEDIUM,15.000000,True,McLaren,5156.824000,,1,1.000000,False,,False,True
2026,3,Japanese Grand Prix,R,5346.614000,PIA,81,piastri,mclaren,94.885000,16.000000,1.000000,,,34.712000,41.994000,18.179000,5286.495000,5328.489000,5346.668000,261.000000,309.000000,279.000000,278.000000,False,MEDIUM,16.000000,True,McLaren,5251.729000,,1,1.000000,False,,False,True
2026,3,Japanese Grand Prix,R,5441.530000,PIA,81,piastri,mclaren,94.916000,17.000000,1.000000,,,34.710000,42.102000,18.104000,5381.378000,5423.480000,5441.584000,263.000000,309.000000,280.000000,277.000000,False,MEDIUM,17.000000,True,McLaren,5346.614000,,1,1.000000,False,,False,True
2026,3,Japanese Grand Prix,R,5538.857000,PIA,81,piastri,mclaren,97.327000,18.000000,1.000000,,5537.551000,34.808000,41.961000,20.558000,5476.392000,5518.353000,5538.911000,260.000000,314.000000,,279.000000,False,MEDIUM,18.000000,True,McLaren,5441.530000,,1,2.000000,False,,False,False
2026,3,Japanese Grand Prix,R,5653.394000,PIA,81,piastri,mclaren,114.537000,19.000000,2.000000,5560.993000,,54.877000,41.678000,17.982000,5593.788000,5635.466000,5653.448000,263.000000,320.000000,281.000000,286.000000,False,HARD,1.000000,True,McLaren,5538.857000,,1,6.000000,False,,False,False
2026,3,Japanese Grand Prix,R,5748.168000,PIA,81,piastri,mclaren,94.774000,20.000000,2.000000,,,34.540000,41.948000,18.286000,5687.988000,5729.936000,5748.222000,263.000000,329.000000,284.000000,289.000000,True,HARD,2.000000,True,McLaren,5653.394000,,1,6.000000,False,,False,True
2026,3,Japanese Grand Prix,R,5842.178000,PIA,81,piastri,mclaren,94.010000,21.000000,2.000000,,,34.223000,41.834000,17.953000,5782.445000,5824.279000,5842.232000,261.000000,319.000000,282.000000,286.000000,True,HARD,3.000000,True,McLaren,5748.168000,,1,5.000000,False,,False,True
2026,3,Japanese Grand Prix,R,5961.150000,PIA,81,piastri,mclaren,118.972000,22.000000,2.000000,,,34.448000,60.223000,24.301000,5876.680000,5936.903000,5961.204000,207.000000,286.000000,184.000000,239.000000,False,HARD,4.000000,True,McLaren,5842.178000,,124,3.000000,False,,False,False
2026,3,Japanese Grand Prix,R,6100.061000,PIA,81,piastri,mclaren,138.911000,23.000000,2.000000,,,45.225000,63.564000,30.122000,6006.429000,6069.993000,6100.115000,228.000000,221.000000,222.000000,172.000000,False,HARD,5.000000,True,McLaren,5961.150000,,4,2.000000,False,,False,False
2026,3,Japanese Grand Prix,R,6249.355000,PIA,81,piastri,mclaren,149.294000,24.000000,2.000000,,,50.924000,71.587000,26.783000,6151.039000,6222.626000,6249.409000,223.000000,213.000000,214.000000,166.000000,False,HARD,6.000000,True,McLaren,6100.061000,,4,2.000000,False,,False,False
2026,3,Japanese Grand Prix,R,6399.734000,PIA,81,piastri,mclaren,,25.000000,2.000000,,,51.457000,71.673000,27.252000,6300.933000,6372.636000,6399.964000,217.000000,240.000000,151.000000,134.000000,False,HARD,7.000000,True,McLaren,6249.355000,,4,2.000000,False,,False,False
2026,3,Japanese Grand Prix,R,6545.116000,PIA,81,piastri,mclaren,145.382000,26.000000,2.000000,,,54.935000,63.660000,26.787000,6454.723000,6518.383000,6545.170000,211.000000,240.000000,247.000000,171.000000,False,HARD,8.000000,True,McLaren,6399.734000,,4,2.000000,False,,False,False
2026,3,Japanese Grand Prix,R,6691.190000,PIA,81,piastri,mclaren,146.074000,27.000000,2.000000,,,49.755000,67.419000,28.900000,6594.925000,6662.344000,6691.244000,249.000000,117.000000,277.000000,119.000000,False,HARD,9.000000,True,McLaren,6545.116000,,41,2.000000,False,,False,False
2026,3,Japanese Grand Prix,R,6785.504000,PIA,81,piastri,mclaren,94.314000,28.000000,2.000000,,,34.687000,41.607000,18.020000,6725.931000,6767.538000,6785.558000,263.000000,313.000000,283.000000,280.000000,False,HARD,10.000000,True,McLaren,6691.190000,,1,2.000000,False,,False,True
2026,3,Japanese Grand Prix,R,6879.171000,PIA,81,piastri,mclaren,93.667000,29.000000,2.000000,,,34.162000,41.491000,18.014000,6819.720000,6861.211000,6879.225000,260.000000,316.000000,281.000000,282.000000,True,HARD,11.000000,True,McLaren,6785.504000,,1,2.000000,False,,False,True
2026,3,Japanese Grand Prix,R,6972.870000,PIA,81,piastri,mclaren,93.699000,30.000000,2.000000,,,34.171000,41.504000,18.024000,6913.396000,6954.900000,6972.924000,259.000000,310.000000,282.000000,280.000000,False,HARD,12.000000,True,McLaren,6879.171000,,1,2.000000,False,,False,True
2026,3,Japanese Grand Prix,R,7066.280000,PIA,81,piastri,mclaren,93.410000,31.000000,2.000000,,,34.117000,41.379000,17.914000,7007.041000,7048.420000,7066.334000,262.000000,315.000000,283.000000,281.000000,True,HARD,13.000000,True,McLaren,6972.870000,,1,2.000000,False,,False,True
2026,3,Japanese Grand Prix,R,7159.885000,PIA,81,piastri,mclaren,93.605000,32.000000,2.000000,,,34.092000,41.588000,17.925000,7100.426000,7142.014000,7159.939000,263.000000,311.000000,283.000000,279.000000,False,HARD,14.000000,True,McLaren,7066.280000,,1,2.000000,False,,False,True
2026,3,Japanese Grand Prix,R,7253.369000,PIA,81,piastri,mclaren,93.484000,33.000000,2.000000,,,33.973000,41.471000,18.040000,7193.912000,7235.383000,7253.423000,262.000000,313.000000,282.000000,281.000000,False,HARD,15.000000,True,McLaren,7159.885000,,1,2.000000,False,,False,True
2026,3,Japanese Grand Prix,R,7346.770000,PIA,81,piastri,mclaren,93.401000,34.000000,2.000000,,,33.983000,41.440000,17.978000,7287.406000,7328.846000,7346.824000,263.000000,316.000000,283.000000,282.000000,True,HARD,16.000000,True,McLaren,7253.369000,,1,2.000000,False,,False,True
2026,3,Japanese Grand Prix,R,7440.279000,PIA,81,piastri,mclaren,93.509000,35.000000,2.000000,,,34.010000,41.429000,18.070000,7380.834000,7422.263000,7440.333000,260.000000,312.000000,283.000000,280.000000,False,HARD,17.000000,True,McLaren,7346.770000,,1,2.000000,False,,False,True
2026,3,Japanese Grand Prix,R,7533.690000,PIA,81,piastri,mclaren,93.411000,36.000000,2.000000,,,34.037000,41.413000,17.961000,7474.370000,7515.783000,7533.744000,260.000000,314.000000,283.000000,281.000000,False,HARD,18.000000,True,McLaren,7440.279000,,1,2.000000,False,,False,True
2026,3,Japanese Grand Prix,R,7627.398000,PIA,81,piastri,mclaren,93.708000,37.000000,2.000000,,,34.143000,41.530000,18.035000,7567.887000,7609.417000,7627.452000,260.000000,315.000000,283.000000,280.000000,False,HARD,19.000000,True,McLaren,7533.690000,,1,2.000000,False,,False,True
2026,3,Japanese Grand Prix,R,7721.110000,PIA,81,piastri,mclaren,93.712000,38.000000,2.000000,,,34.060000,41.632000,18.020000,7661.512000,7703.144000,7721.164000,261.000000,315.000000,283.000000,281.000000,False,HARD,20.000000,True,McLaren,7627.398000,,1,2.000000,False,,False,True
2026,3,Japanese Grand Prix,R,7814.577000,PIA,81,piastri,mclaren,93.467000,39.000000,2.000000,,,34.091000,41.454000,17.922000,7755.255000,7796.709000,7814.631000,259.000000,313.000000,284.000000,281.000000,False,HARD,21.000000,True,McLaren,7721.110000,,1,2.000000,False,,False,True
2026,3,Japanese Grand Prix,R,7908.046000,PIA,81,piastri,mclaren,93.469000,40.000000,2.000000,,,33.973000,41.488000,18.008000,7848.604000,7890.092000,7908.100000,263.000000,312.000000,283.000000,280.000000,False,HARD,22.000000,True,McLaren,7814.577000,,1,2.000000,False,,False,True
2026,3,Japanese Grand Prix,R,8001.810000,PIA,81,piastri,mclaren,93.764000,41.000000,2.000000,,,34.144000,41.495000,18.125000,7942.244000,7983.739000,8001.864000,260.000000,313.000000,282.000000,280.000000,False,HARD,23.000000,True,McLaren,7908.046000,,1,2.000000,False,,False,True
2026,3,Japanese Grand Prix,R,8095.323000,PIA,81,piastri,mclaren,93.513000,42.000000,2.000000,,,34.093000,41.428000,17.992000,8035.957000,8077.385000,8095.377000,263.000000,314.000000,283.000000,280.000000,False,HARD,24.000000,True,McLaren,8001.810000,,1,2.000000,False,,False,True
2026,3,Japanese Grand Prix,R,8188.841000,PIA,81,piastri,mclaren,93.518000,43.000000,2.000000,,,34.075000,41.509000,17.934000,8129.452000,8170.961000,8188.895000,260.000000,313.000000,284.000000,279.000000,False,HARD,25.000000,True,McLaren,8095.323000,,1,2.000000,False,,False,True
2026,3,Japanese Grand Prix,R,8282.272000,PIA,81,piastri,mclaren,93.431000,44.000000,2.000000,,,34.012000,41.389000,18.030000,8222.907000,8264.296000,8282.326000,261.000000,313.000000,284.000000,280.000000,False,HARD,26.000000,True,McLaren,8188.841000,,1,2.000000,False,,False,True
2026,3,Japanese Grand Prix,R,8375.795000,PIA,81,piastri,mclaren,93.523000,45.000000,2.000000,,,34.114000,41.348000,18.061000,8316.440000,8357.788000,8375.849000,261.000000,313.000000,284.000000,280.000000,False,HARD,27.000000,True,McLaren,8282.272000,,1,2.000000,False,,False,True
2026,3,Japanese Grand Prix,R,8469.124000,PIA,81,piastri,mclaren,93.329000,46.000000,2.000000,,,34.061000,41.333000,17.935000,8409.910000,8451.243000,8469.178000,263.000000,314.000000,284.000000,282.000000,True,HARD,28.000000,True,McLaren,8375.795000,,1,2.000000,False,,False,True
2026,3,Japanese Grand Prix,R,8562.321000,PIA,81,piastri,mclaren,93.197000,47.000000,2.000000,,,34.033000,41.308000,17.856000,8503.211000,8544.519000,8562.375000,265.000000,317.000000,286.000000,283.000000,True,HARD,29.000000,True,McLaren,8469.124000,,1,2.000000,False,,False,True
2026,3,Japanese Grand Prix,R,8655.692000,PIA,81,piastri,mclaren,93.371000,48.000000,2.000000,,,34.061000,41.467000,17.843000,8596.436000,8637.903000,8655.746000,263.000000,315.000000,285.000000,283.000000,False,HARD,30.000000,True,McLaren,8562.321000,,1,2.000000,False,,False,True
2026,3,Japanese Grand Prix,R,8748.688000,PIA,81,piastri,mclaren,92.996000,49.000000,2.000000,,,33.887000,41.221000,17.888000,8689.633000,8730.854000,8748.742000,265.000000,314.000000,285.000000,281.000000,True,HARD,31.000000,True,McLaren,8655.692000,,1,2.000000,False,,False,True
2026,3,Japanese Grand Prix,R,8841.954000,PIA,81,piastri,mclaren,93.266000,50.000000,2.000000,,,34.063000,41.329000,17.874000,8782.805000,8824.134000,8842.008000,264.000000,316.000000,285.000000,283.000000,False,HARD,32.000000,True,McLaren,8748.688000,,1,2.000000,False,,False,True
2026,3,Japanese Grand Prix,R,8935.780000,PIA,81,piastri,mclaren,93.826000,51.000000,2.000000,,,34.227000,41.683000,17.916000,8876.235000,8917.918000,8935.834000,263.000000,313.000000,285.000000,279.000000,False,HARD,33.000000,True,McLaren,8841.954000,,1,2.000000,False,,False,True
2026,3,Japanese Grand Prix,R,9028.792000,PIA,81,piastri,mclaren,93.012000,52.000000,2.000000,,,33.922000,41.214000,17.876000,8969.756000,9010.970000,9028.846000,265.000000,314.000000,286.000000,280.000000,False,HARD,34.000000,True,McLaren,8935.780000,,1,2.000000,False,,False,True
2026,3,Japanese Grand Prix,R,9122.086000,PIA,81,piastri,mclaren,93.294000,53.000000,2.000000,,,34.027000,41.299000,17.968000,9062.873000,9104.172000,9122.140000,266.000000,316.000000,283.000000,282.000000,False,HARD,35.000000,True,McLaren,9028.792000,,1,2.000000,False,,False,True
2026,3,Japanese Grand Prix,R,3929.370000,BEA,87,bearman,haas,104.406000,1.000000,1.000000,,,,44.063000,18.181000,,3911.381000,3929.608000,257.000000,332.000000,278.000000,285.000000,False,MEDIUM,1.000000,True,Haas F1 Team,3824.711000,,1,16.000000,False,,False,False
2026,3,Japanese Grand Prix,R,4025.772000,BEA,87,bearman,haas,96.402000,2.000000,1.000000,,,35.357000,42.813000,18.232000,3964.744000,4007.557000,4025.789000,253.000000,341.000000,278.000000,296.000000,True,MEDIUM,2.000000,True,Haas F1 Team,3929.370000,,1,15.000000,False,,False,True
2026,3,Japanese Grand Prix,R,4123.392000,BEA,87,bearman,haas,97.620000,3.000000,1.000000,,,35.971000,43.452000,18.197000,4061.760000,4105.212000,4123.409000,284.000000,320.000000,273.000000,284.000000,False,MEDIUM,3.000000,True,Haas F1 Team,4025.772000,,1,14.000000,False,,False,True
2026,3,Japanese Grand Prix,R,4220.055000,BEA,87,bearman,haas,96.663000,4.000000,1.000000,,,35.617000,42.790000,18.256000,4159.026000,4201.816000,4220.072000,255.000000,321.000000,276.000000,285.000000,False,MEDIUM,4.000000,True,Haas F1 Team,4123.392000,,1,14.000000,False,,False,True
2026,3,Japanese Grand Prix,R,4316.902000,BEA,87,bearman,haas,96.847000,5.000000,1.000000,,,35.611000,42.830000,18.406000,4255.683000,4298.513000,4316.919000,252.000000,316.000000,274.000000,283.000000,False,MEDIUM,5.000000,True,Haas F1 Team,4220.055000,,1,14.000000,False,,False,True
2026,3,Japanese Grand Prix,R,4413.816000,BEA,87,bearman,haas,96.914000,6.000000,1.000000,,,35.624000,42.887000,18.403000,4352.543000,4395.430000,4413.833000,254.000000,317.000000,276.000000,283.000000,False,MEDIUM,6.000000,True,Haas F1 Team,4316.902000,,1,14.000000,False,,False,True
2026,3,Japanese Grand Prix,R,4511.236000,BEA,87,bearman,haas,97.420000,7.000000,1.000000,,,36.232000,42.920000,18.268000,4450.065000,4492.985000,4511.253000,253.000000,320.000000,275.000000,286.000000,False,MEDIUM,7.000000,True,Haas F1 Team,4413.816000,,1,15.000000,False,,False,True
2026,3,Japanese Grand Prix,R,4607.527000,BEA,87,bearman,haas,96.291000,8.000000,1.000000,,,35.633000,42.568000,18.090000,4546.886000,4589.454000,4607.544000,259.000000,338.000000,277.000000,296.000000,True,MEDIUM,8.000000,True,Haas F1 Team,4511.236000,,1,15.000000,False,,False,True
2026,3,Japanese Grand Prix,R,4703.821000,BEA,87,bearman,haas,96.294000,9.000000,1.000000,,,35.600000,42.612000,18.082000,4643.144000,4685.756000,4703.838000,256.000000,334.000000,278.000000,294.000000,False,MEDIUM,9.000000,True,Haas F1 Team,4607.527000,,1,15.000000,False,,False,True
2026,3,Japanese Grand Prix,R,4800.585000,BEA,87,bearman,haas,96.764000,10.000000,1.000000,,,35.806000,42.842000,18.116000,4739.644000,4782.486000,4800.602000,256.000000,333.000000,277.000000,291.000000,False,MEDIUM,10.000000,True,Haas F1 Team,4703.821000,,1,15.000000,False,,False,True
2026,3,Japanese Grand Prix,R,4898.375000,BEA,87,bearman,haas,97.790000,11.000000,1.000000,,,35.755000,43.708000,18.327000,4836.357000,4880.065000,4898.392000,254.000000,316.000000,274.000000,281.000000,False,MEDIUM,11.000000,True,Haas F1 Team,4800.585000,,1,15.000000,True,TRACK LIMITS AT TURN 13 LAP 11 ,False,True
2026,3,Japanese Grand Prix,R,4995.503000,BEA,87,bearman,haas,97.128000,12.000000,1.000000,,,35.897000,42.843000,18.388000,4934.289000,4977.132000,4995.520000,255.000000,316.000000,275.000000,282.000000,False,MEDIUM,12.000000,True,Haas F1 Team,4898.375000,,1,15.000000,False,,False,True
2026,3,Japanese Grand Prix,R,5092.267000,BEA,87,bearman,haas,96.764000,13.000000,1.000000,,,35.712000,42.709000,18.343000,5031.232000,5073.941000,5092.284000,253.000000,319.000000,276.000000,284.000000,False,MEDIUM,13.000000,True,Haas F1 Team,4995.503000,,1,15.000000,False,,False,True
2026,3,Japanese Grand Prix,R,5188.912000,BEA,87,bearman,haas,96.645000,14.000000,1.000000,,,35.672000,42.701000,18.272000,5127.956000,5170.657000,5188.929000,258.000000,320.000000,276.000000,284.000000,False,MEDIUM,14.000000,True,Haas F1 Team,5092.267000,,1,15.000000,False,,False,True
2026,3,Japanese Grand Prix,R,5285.536000,BEA,87,bearman,haas,96.624000,15.000000,1.000000,,,35.622000,42.581000,18.421000,5224.551000,5267.132000,5285.553000,258.000000,322.000000,279.000000,285.000000,False,MEDIUM,15.000000,True,Haas F1 Team,5188.912000,,1,15.000000,False,,False,True
2026,3,Japanese Grand Prix,R,5384.323000,BEA,87,bearman,haas,98.787000,16.000000,1.000000,,5383.059000,35.528000,42.582000,20.677000,5321.081000,5363.663000,5384.340000,258.000000,325.000000,,288.000000,False,MEDIUM,16.000000,True,Haas F1 Team,5285.536000,,1,16.000000,False,,False,False
2026,3,Japanese Grand Prix,R,5501.771000,BEA,87,bearman,haas,117.448000,17.000000,2.000000,5408.107000,,57.139000,41.840000,18.469000,5441.479000,5483.319000,5501.788000,263.000000,323.000000,279.000000,266.000000,False,HARD,1.000000,True,Haas F1 Team,5384.323000,,1,19.000000,False,,False,False
2026,3,Japanese Grand Prix,R,5597.825000,BEA,87,bearman,haas,96.054000,18.000000,2.000000,,,35.006000,42.424000,18.624000,5536.794000,5579.218000,5597.842000,256.000000,324.000000,279.000000,288.000000,True,HARD,2.000000,True,Haas F1 Team,5501.771000,,1,19.000000,False,,False,True
2026,3,Japanese Grand Prix,R,5693.730000,BEA,87,bearman,haas,95.905000,19.000000,2.000000,,,35.345000,42.252000,18.308000,5633.187000,5675.439000,5693.747000,257.000000,337.000000,278.000000,294.000000,True,HARD,3.000000,True,Haas F1 Team,5597.825000,,1,18.000000,False,,False,True
2026,3,Japanese Grand Prix,R,5789.334000,BEA,87,bearman,haas,95.604000,20.000000,2.000000,,,35.253000,42.310000,18.041000,5729.000000,5771.310000,5789.351000,262.000000,335.000000,279.000000,294.000000,True,HARD,4.000000,True,Haas F1 Team,5693.730000,,1,18.000000,False,,False,True
2026,3,Japanese Grand Prix,R,5939.334000,BEA,87,bearman,haas,,21.000000,2.000000,,,,,,,,,,,,,,HARD,5.000000,True,Haas F1 Team,5789.334000,,124,,False,,True,False
