season,round,event_name,session_type,Time_s,Driver,DriverNumber,DriverId,TeamId,LapTime_s,LapNumber,Stint,PitOutTime_s,PitInTime_s,Sector1Time_s,Sector2Time_s,Sector3Time_s,Sector1SessionTime_s,Sector2SessionTime_s,Sector3SessionTime_s,SpeedI1,SpeedI2,SpeedFL,SpeedST,IsPersonalBest,Compound,TyreLife,FreshTyre,Team,LapStartTime_s,LapStartDate,TrackStatus,Position,Deleted,DeletedReason,FastF1Generated,IsAccurate
2026,5,Canadian Grand Prix,Q,905.597000,RUS,63,russell,mercedes,105.912000,1.000000,1.000000,806.209000,,39.359000,31.169000,35.384000,839.122000,870.364000,905.766000,230.000000,153.000000,248.000000,265.000000,False,SOFT,7.000000,False,Mercedes,806.209000,,1,,False,,False,False
2026,5,Canadian Grand Prix,Q,998.907000,RUS,63,russell,mercedes,93.310000,2.000000,1.000000,,,23.139000,29.158000,41.013000,928.736000,957.894000,998.907000,234.000000,237.000000,273.000000,185.000000,True,SOFT,8.000000,False,Mercedes,905.597000,,1,,False,,False,True
2026,5,Canadian Grand Prix,Q,1073.345000,RUS,63,russell,mercedes,74.438000,3.000000,1.000000,,,21.329000,23.568000,29.541000,1020.236000,1043.804000,1073.345000,248.000000,288.000000,273.000000,319.000000,True,SOFT,9.000000,False,Mercedes,998.907000,,1,,False,,False,True
2026,5,Canadian Grand Prix,Q,1162.684000,RUS,63,russell,mercedes,89.339000,4.000000,1.000000,,,26.455000,26.755000,36.129000,1099.800000,1126.555000,1162.684000,231.000000,250.000000,272.000000,254.000000,False,SOFT,10.000000,False,Mercedes,1073.345000,,1,,False,,False,True
2026,5,Canadian Grand Prix,Q,1236.637000,RUS,63,russell,mercedes,73.953000,5.000000,1.000000,,,20.941000,23.537000,29.475000,1183.625000,1207.162000,1236.637000,248.000000,289.000000,275.000000,319.000000,True,SOFT,11.000000,False,Mercedes,1162.684000,,1,,False,,False,True
2026,5,Canadian Grand Prix,Q,2284.205000,RUS,63,russell,mercedes,,6.000000,1.000000,,1315.496000,23.859000,26.817000,,1260.558000,1287.338000,,228.000000,256.000000,,279.000000,False,SOFT,12.000000,False,Mercedes,1236.637000,,12,,False,,False,False
2026,5,Canadian Grand Prix,Q,2392.391000,RUS,63,russell,mercedes,108.186000,7.000000,2.000000,2292.109000,,45.331000,26.769000,36.086000,2329.536000,2356.305000,2392.391000,231.000000,235.000000,253.000000,241.000000,False,SOFT,1.000000,True,Mercedes,2284.205000,,1,,False,,False,False
2026,5,Canadian Grand Prix,Q,2480.998000,RUS,63,russell,mercedes,88.607000,8.000000,2.000000,,,23.178000,27.090000,38.339000,2415.569000,2442.659000,2480.998000,234.000000,223.000000,275.000000,194.000000,True,SOFT,2.000000,True,Mercedes,2392.391000,,1,,False,,False,True
2026,5,Canadian Grand Prix,Q,2554.609000,RUS,63,russell,mercedes,73.611000,9.000000,2.000000,,,20.956000,23.411000,29.244000,2501.954000,2525.365000,2554.609000,247.000000,288.000000,276.000000,318.000000,True,SOFT,3.000000,True,Mercedes,2480.998000,,1,,False,,False,True
2026,5,Canadian Grand Prix,Q,2723.891000,RUS,63,russell,mercedes,,10.000000,2.000000,,2634.462000,25.479000,26.445000,,2580.179000,2606.666000,,229.000000,247.000000,,276.000000,False,SOFT,4.000000,True,Mercedes,2554.609000,,1,,False,,False,False
2026,5,Canadian Grand Prix,Q,2810.579000,RUS,63,russell,mercedes,86.688000,11.000000,3.000000,2725.385000,,27.438000,25.826000,33.424000,2751.329000,2777.155000,2810.579000,247.000000,254.000000,268.000000,268.000000,False,SOFT,1.000000,True,Mercedes,2723.891000,,1,,False,,False,False
2026,5,Canadian Grand Prix,Q,2896.348000,RUS,63,russell,mercedes,85.769000,12.000000,3.000000,,,23.150000,27.032000,35.587000,2833.729000,2860.761000,2896.348000,235.000000,241.000000,274.000000,249.000000,False,SOFT,2.000000,True,Mercedes,2810.579000,,1,,False,,False,True
2026,5,Canadian Grand Prix,Q,2986.802000,RUS,63,russell,mercedes,90.454000,13.000000,3.000000,,,25.295000,29.319000,35.840000,2921.643000,2950.962000,2986.802000,222.000000,242.000000,274.000000,249.000000,False,SOFT,3.000000,True,Mercedes,2896.348000,,1,,True,TRACK LIMITS AT TURN 1 LAP 14 ,False,True
2026,5,Canadian Grand Prix,Q,3059.881000,RUS,63,russell,mercedes,73.079000,14.000000,3.000000,,,20.717000,23.043000,29.319000,3007.519000,3030.562000,3059.881000,249.000000,289.000000,276.000000,316.000000,True,SOFT,4.000000,True,Mercedes,2986.802000,,1,,False,,False,True
2026,5,Canadian Grand Prix,Q,3577.191000,RUS,63,russell,mercedes,,15.000000,3.000000,,3141.089000,26.077000,26.407000,,3086.043000,3112.386000,,229.000000,254.000000,,277.000000,False,SOFT,5.000000,True,Mercedes,3059.881000,,1,,False,,False,False
2026,5,Canadian Grand Prix,Q,3664.780000,RUS,63,russell,mercedes,87.589000,16.000000,4.000000,3579.268000,,28.133000,25.879000,33.577000,3605.324000,3631.203000,3664.780000,232.000000,235.000000,242.000000,263.000000,False,SOFT,1.000000,True,Mercedes,3577.191000,,1,,False,,False,False
2026,5,Canadian Grand Prix,Q,3762.519000,RUS,63,russell,mercedes,97.739000,17.000000,4.000000,,,25.012000,29.419000,43.308000,3689.792000,3719.211000,3762.519000,235.000000,238.000000,274.000000,244.000000,True,SOFT,2.000000,True,Mercedes,3664.780000,,1,,False,,False,True
2026,5,Canadian Grand Prix,Q,3919.226000,RUS,63,russell,mercedes,,18.000000,4.000000,,3833.234000,20.914000,23.436000,,3783.485000,3806.965000,,248.000000,287.000000,,281.000000,False,SOFT,3.000000,True,Mercedes,3762.519000,,1,,False,,False,False
2026,5,Canadian Grand Prix,Q,4001.452000,RUS,63,russell,mercedes,82.226000,19.000000,5.000000,3920.737000,,24.971000,25.162000,32.093000,3944.197000,3969.359000,4001.452000,253.000000,249.000000,265.000000,268.000000,False,SOFT,1.000000,True,Mercedes,3919.226000,,1,,False,,False,False
2026,5,Canadian Grand Prix,Q,4084.982000,RUS,63,russell,mercedes,83.530000,20.000000,5.000000,,,22.005000,26.678000,34.847000,4023.457000,4050.135000,4084.982000,263.000000,235.000000,274.000000,250.000000,True,SOFT,2.000000,True,Mercedes,4001.452000,,1,,False,,False,True
2026,5,Canadian Grand Prix,Q,4157.975000,RUS,63,russell,mercedes,72.993000,21.000000,5.000000,,,20.658000,23.068000,29.267000,4105.640000,4128.708000,4157.975000,249.000000,286.000000,273.000000,321.000000,True,SOFT,3.000000,True,Mercedes,4084.982000,,1,,False,,False,True
2026,5,Canadian Grand Prix,Q,4254.532000,RUS,63,russell,mercedes,96.557000,22.000000,5.000000,,,28.517000,31.847000,36.193000,4186.492000,4218.339000,4254.532000,224.000000,238.000000,274.000000,250.000000,False,SOFT,4.000000,True,Mercedes,4157.975000,,1,,False,,False,True
2026,5,Canadian Grand Prix,Q,4327.110000,RUS,63,russell,mercedes,72.578000,23.000000,5.000000,,,20.600000,22.902000,29.076000,4275.132000,4298.034000,4327.110000,249.000000,289.000000,275.000000,320.000000,True,SOFT,5.000000,True,Mercedes,4254.532000,,1,,False,,False,True
2026,5,Canadian Grand Prix,Q,4421.161000,RUS,63,russell,mercedes,,24.000000,5.000000,,4421.161000,26.755000,33.246000,,4353.952000,4387.294000,,180.000000,167.000000,,250.000000,False,SOFT,6.000000,True,Mercedes,4327.110000,,1,,False,,False,False
2026,5,Canadian Grand Prix,Q,910.419000,ANT,12,antonelli,mercedes,104.913000,1.000000,1.000000,814.233000,,42.706000,28.343000,33.864000,848.300000,876.741000,910.678000,226.000000,265.000000,269.000000,272.000000,False,SOFT,6.000000,False,Mercedes,814.233000,,1,,False,,False,False
2026,5,Canadian Grand Prix,Q,1004.994000,ANT,12,antonelli,mercedes,94.575000,2.000000,1.000000,,,22.983000,26.922000,44.670000,933.402000,960.324000,1004.994000,238.000000,213.000000,273.000000,129.000000,True,SOFT,7.000000,False,Mercedes,910.419000,,1,,False,,False,True
2026,5,Canadian Grand Prix,Q,1079.222000,ANT,12,antonelli,mercedes,74.228000,3.000000,1.000000,,,21.129000,23.647000,29.452000,1026.123000,1049.770000,1079.222000,244.000000,287.000000,274.000000,316.000000,True,SOFT,8.000000,False,Mercedes,1004.994000,,1,,False,,False,True
2026,5,Canadian Grand Prix,Q,1177.279000,ANT,12,antonelli,mercedes,98.057000,4.000000,1.000000,,,24.453000,28.925000,44.679000,1103.675000,1132.600000,1177.279000,227.000000,240.000000,271.000000,207.000000,False,SOFT,9.000000,False,Mercedes,1079.222000,,1,,False,,False,True
2026,5,Canadian Grand Prix,Q,1250.659000,ANT,12,antonelli,mercedes,73.380000,5.000000,1.000000,,,20.974000,23.190000,29.216000,1198.253000,1221.443000,1250.659000,249.000000,290.000000,276.000000,322.000000,True,SOFT,10.000000,False,Mercedes,1177.279000,,1,,False,,False,True
2026,5,Canadian Grand Prix,Q,2297.722000,ANT,12,antonelli,mercedes,,6.000000,1.000000,,1327.776000,23.117000,25.383000,,1273.897000,1299.267000,,233.000000,260.000000,,274.000000,False,SOFT,11.000000,False,Mercedes,1250.659000,,12,,False,,False,False
2026,5,Canadian Grand Prix,Q,2401.712000,ANT,12,antonelli,mercedes,103.990000,7.000000,2.000000,2311.890000,,45.032000,25.953000,33.005000,2342.754000,2368.707000,2401.712000,238.000000,274.000000,174.000000,286.000000,False,SOFT,1.000000,True,Mercedes,2297.722000,,1,,False,,False,False
2026,5,Canadian Grand Prix,Q,2489.877000,ANT,12,antonelli,mercedes,88.165000,8.000000,2.000000,,,26.783000,26.416000,34.966000,2428.495000,2454.911000,2489.877000,238.000000,241.000000,280.000000,253.000000,True,SOFT,2.000000,True,Mercedes,2401.712000,,1,,False,,False,True
2026,5,Canadian Grand Prix,Q,2562.953000,ANT,12,antonelli,mercedes,73.076000,9.000000,2.000000,,,20.661000,23.235000,29.180000,2510.538000,2533.773000,2562.953000,246.000000,289.000000,276.000000,319.000000,True,SOFT,3.000000,True,Mercedes,2489.877000,,1,,False,,False,True
2026,5,Canadian Grand Prix,Q,2729.064000,ANT,12,antonelli,mercedes,,10.000000,2.000000,,2640.748000,24.543000,25.772000,,2587.584000,2613.448000,,232.000000,249.000000,,282.000000,False,SOFT,4.000000,True,Mercedes,2562.953000,,1,,False,,False,False
2026,5,Canadian Grand Prix,Q,2818.349000,ANT,12,antonelli,mercedes,89.285000,11.000000,3.000000,2731.459000,,30.591000,25.474000,33.220000,2759.655000,2785.129000,2818.349000,249.000000,276.000000,284.000000,209.000000,False,SOFT,1.000000,True,Mercedes,2729.064000,,1,,False,,False,False
2026,5,Canadian Grand Prix,Q,2903.230000,ANT,12,antonelli,mercedes,84.881000,12.000000,3.000000,,,22.388000,26.791000,35.702000,2840.737000,2867.528000,2903.230000,230.000000,242.000000,276.000000,246.000000,False,SOFT,2.000000,True,Mercedes,2818.349000,,1,,False,,False,True
2026,5,Canadian Grand Prix,Q,2976.444000,ANT,12,antonelli,mercedes,73.214000,13.000000,3.000000,,,20.714000,23.236000,29.264000,2923.944000,2947.180000,2976.444000,248.000000,289.000000,274.000000,317.000000,False,SOFT,3.000000,True,Mercedes,2903.230000,,1,,False,,False,True
2026,5,Canadian Grand Prix,Q,3084.460000,ANT,12,antonelli,mercedes,108.016000,14.000000,3.000000,,,24.900000,32.065000,51.051000,3001.344000,3033.409000,3084.460000,204.000000,255.000000,263.000000,159.000000,False,SOFT,4.000000,True,Mercedes,2976.444000,,1,,False,,False,True
2026,5,Canadian Grand Prix,Q,3157.640000,ANT,12,antonelli,mercedes,73.180000,15.000000,3.000000,,,20.980000,23.203000,28.997000,3105.440000,3128.643000,3157.640000,250.000000,289.000000,276.000000,323.000000,False,SOFT,5.000000,True,Mercedes,3084.460000,,1,,False,,False,True
2026,5,Canadian Grand Prix,Q,3580.833000,ANT,12,antonelli,mercedes,,16.000000,3.000000,,3240.696000,23.832000,27.124000,,3181.527000,3208.708000,,220.000000,236.000000,,236.000000,False,SOFT,6.000000,True,Mercedes,3157.640000,,1,,False,,False,False
2026,5,Canadian Grand Prix,Q,3671.818000,ANT,12,antonelli,mercedes,90.985000,17.000000,4.000000,3584.881000,,33.094000,25.554000,32.337000,3613.927000,3639.481000,3671.818000,246.000000,275.000000,277.000000,283.000000,False,SOFT,1.000000,True,Mercedes,3580.833000,,1,,False,,False,False
2026,5,Canadian Grand Prix,Q,3768.835000,ANT,12,antonelli,mercedes,97.017000,18.000000,4.000000,,,23.494000,29.658000,43.865000,3695.312000,3724.970000,3768.835000,238.000000,234.000000,275.000000,192.000000,True,SOFT,2.000000,True,Mercedes,3671.818000,,1,,False,,False,True
2026,5,Canadian Grand Prix,Q,3841.923000,ANT,12,antonelli,mercedes,73.088000,19.000000,4.000000,,,20.994000,23.175000,28.919000,3789.829000,3813.004000,3841.923000,248.000000,288.000000,275.000000,322.000000,True,SOFT,3.000000,True,Mercedes,3768.835000,,1,,False,,False,True
2026,5,Canadian Grand Prix,Q,4011.270000,ANT,12,antonelli,mercedes,,20.000000,4.000000,,3916.981000,22.820000,25.186000,,3864.882000,3890.027000,,233.000000,259.000000,,280.000000,False,SOFT,4.000000,True,Mercedes,3841.923000,,1,,False,,False,False
2026,5,Canadian Grand Prix,Q,4104.479000,ANT,12,antonelli,mercedes,93.209000,21.000000,5.000000,4014.602000,,33.976000,25.430000,33.803000,4045.246000,4070.676000,4104.479000,247.000000,276.000000,276.000000,293.000000,False,SOFT,1.000000,True,Mercedes,4011.270000,,1,,False,,False,False
2026,5,Canadian Grand Prix,Q,4192.673000,ANT,12,antonelli,mercedes,88.194000,22.000000,5.000000,,,24.061000,27.693000,36.440000,4128.540000,4156.233000,4192.673000,238.000000,239.000000,279.000000,248.000000,False,SOFT,2.000000,True,Mercedes,4104.479000,,1,,False,,False,True
2026,5,Canadian Grand Prix,Q,4265.319000,ANT,12,antonelli,mercedes,72.646000,23.000000,5.000000,,,20.547000,23.061000,29.038000,4213.220000,4236.281000,4265.319000,248.000000,288.000000,274.000000,319.000000,True,SOFT,3.000000,True,Mercedes,4192.673000,,1,,False,,False,True
2026,5,Canadian Grand Prix,Q,4373.634000,ANT,12,antonelli,mercedes,108.315000,24.000000,5.000000,,4353.302000,23.395000,27.259000,57.661000,4288.714000,4315.973000,4373.634000,247.000000,200.000000,,185.000000,False,SOFT,4.000000,True,Mercedes,4265.319000,,1,,False,,False,False
2026,5,Canadian Grand Prix,Q,872.359000,NOR,1,norris,mclaren,101.383000,1.000000,1.000000,774.934000,,35.086000,26.222000,40.075000,806.192000,832.424000,872.578000,226.000000,264.000000,263.000000,230.000000,False,SOFT,6.000000,False,McLaren,774.934000,,1,,False,,False,False
2026,5,Canadian Grand Prix,Q,960.936000,NOR,1,norris,mclaren,88.577000,2.000000,1.000000,,,23.299000,26.051000,39.227000,895.658000,921.709000,960.936000,230.000000,247.000000,265.000000,270.000000,True,SOFT,7.000000,False,McLaren,872.359000,,1,,False,,False,True
2026,5,Canadian Grand Prix,Q,1035.149000,NOR,1,norris,mclaren,74.213000,3.000000,1.000000,,,21.209000,23.430000,29.574000,982.145000,1005.575000,1035.149000,250.000000,287.000000,271.000000,314.000000,True,SOFT,8.000000,False,McLaren,960.936000,,1,,False,,False,True
2026,5,Canadian Grand Prix,Q,1295.268000,NOR,1,norris,mclaren,,4.000000,1.000000,,1120.540000,26.886000,27.413000,,1062.125000,1089.565000,,233.000000,225.000000,,216.000000,False,SOFT,9.000000,False,McLaren,1035.149000,,1,,False,,False,False
2026,5,Canadian Grand Prix,Q,1382.255000,NOR,1,norris,mclaren,86.987000,5.000000,2.000000,1296.835000,,27.221000,25.552000,34.214000,1322.489000,1348.041000,1382.255000,229.000000,270.000000,235.000000,261.000000,False,SOFT,10.000000,False,McLaren,1295.268000,,1,,False,,False,False
2026,5,Canadian Grand Prix,Q,1473.215000,NOR,1,norris,mclaren,90.960000,6.000000,2.000000,,,24.930000,25.363000,40.667000,1407.185000,1432.548000,1473.215000,231.000000,239.000000,266.000000,249.000000,False,SOFT,11.000000,False,McLaren,1382.255000,,1,,False,,False,True
2026,5,Canadian Grand Prix,Q,1546.746000,NOR,1,norris,mclaren,73.531000,7.000000,2.000000,,,21.062000,23.212000,29.257000,1494.277000,1517.489000,1546.746000,251.000000,289.000000,273.000000,315.000000,True,SOFT,12.000000,False,McLaren,1473.215000,,1,,False,,False,True
2026,5,Canadian Grand Prix,Q,1642.948000,NOR,1,norris,mclaren,96.202000,8.000000,2.000000,,,27.379000,27.773000,41.050000,1574.125000,1601.898000,1642.948000,219.000000,239.000000,269.000000,226.000000,False,SOFT,13.000000,False,McLaren,1546.746000,,1,,False,,False,True
2026,5,Canadian Grand Prix,Q,1716.451000,NOR,1,norris,mclaren,73.503000,9.000000,2.000000,,,21.062000,23.182000,29.259000,1664.010000,1687.192000,1716.451000,252.000000,286.000000,271.000000,317.000000,True,SOFT,14.000000,False,McLaren,1642.948000,,1,,False,,False,True
2026,5,Canadian Grand Prix,Q,2217.195000,NOR,1,norris,mclaren,,10.000000,2.000000,,1802.885000,26.696000,27.788000,,1743.265000,1771.066000,,237.000000,262.000000,,248.000000,False,SOFT,15.000000,False,McLaren,1716.451000,,12,,False,,False,False
2026,5,Canadian Grand Prix,Q,2316.610000,NOR,1,norris,mclaren,,11.000000,3.000000,2217.195000,,,25.967000,38.403000,,2278.294000,2316.714000,228.000000,270.000000,235.000000,154.000000,False,SOFT,1.000000,True,McLaren,2217.195000,,1,,False,,False,False
2026,5,Canadian Grand Prix,Q,2404.998000,NOR,1,norris,mclaren,88.388000,12.000000,3.000000,,,22.583000,25.182000,40.623000,2339.193000,2364.375000,2404.998000,230.000000,263.000000,266.000000,272.000000,True,SOFT,2.000000,True,McLaren,2316.610000,,1,,False,,False,True
2026,5,Canadian Grand Prix,Q,2478.233000,NOR,1,norris,mclaren,73.235000,13.000000,3.000000,,,20.956000,23.013000,29.266000,2425.954000,2448.967000,2478.233000,251.000000,288.000000,274.000000,314.000000,True,SOFT,3.000000,True,McLaren,2404.998000,,1,,False,,False,True
2026,5,Canadian Grand Prix,Q,2574.089000,NOR,1,norris,mclaren,95.856000,14.000000,3.000000,,,26.014000,30.121000,39.721000,2504.247000,2534.368000,2574.089000,229.000000,151.000000,271.000000,234.000000,False,SOFT,4.000000,True,McLaren,2478.233000,,1,,False,,False,True
2026,5,Canadian Grand Prix,Q,2647.233000,NOR,1,norris,mclaren,73.144000,15.000000,3.000000,,,21.104000,22.937000,29.103000,2595.193000,2618.130000,2647.233000,250.000000,288.000000,270.000000,318.000000,True,SOFT,5.000000,True,McLaren,2574.089000,,1,,False,,False,True
2026,5,Canadian Grand Prix,Q,2841.945000,NOR,1,norris,mclaren,,16.000000,3.000000,,2725.683000,22.918000,25.878000,,2670.225000,2696.165000,,228.000000,254.000000,,232.000000,False,SOFT,6.000000,True,McLaren,2647.233000,,1,,False,,False,False
2026,5,Canadian Grand Prix,Q,2935.476000,NOR,1,norris,mclaren,93.531000,17.000000,4.000000,2843.528000,,32.254000,27.289000,33.988000,2874.199000,2901.488000,2935.476000,227.000000,273.000000,237.000000,259.000000,False,SOFT,1.000000,True,McLaren,2841.945000,,1,,False,,False,False
2026,5,Canadian Grand Prix,Q,3029.144000,NOR,1,norris,mclaren,93.668000,18.000000,4.000000,,,22.808000,25.588000,45.272000,2958.284000,2983.872000,3029.144000,231.000000,243.000000,267.000000,226.000000,False,SOFT,2.000000,True,McLaren,2935.476000,,1,,False,,False,True
2026,5,Canadian Grand Prix,Q,3102.193000,NOR,1,norris,mclaren,73.049000,19.000000,4.000000,,,20.859000,23.006000,29.184000,3050.003000,3073.009000,3102.193000,251.000000,289.000000,273.000000,314.000000,True,SOFT,3.000000,True,McLaren,3029.144000,,1,,False,,False,True
2026,5,Canadian Grand Prix,Q,3536.996000,NOR,1,norris,mclaren,,20.000000,4.000000,,3185.005000,23.053000,27.911000,,3125.255000,3153.250000,,214.000000,215.000000,,215.000000,False,SOFT,4.000000,True,McLaren,3102.193000,,1,,False,,False,False
2026,5,Canadian Grand Prix,Q,3633.104000,NOR,1,norris,mclaren,96.108000,21.000000,5.000000,3541.104000,,35.860000,25.651000,34.597000,3572.856000,3598.507000,3633.104000,228.000000,267.000000,235.000000,245.000000,False,SOFT,1.000000,True,McLaren,3536.996000,,1,,False,,False,False
2026,5,Canadian Grand Prix,Q,3723.116000,NOR,1,norris,mclaren,90.012000,22.000000,5.000000,,,24.033000,25.681000,40.298000,3657.137000,3682.818000,3723.116000,230.000000,239.000000,268.000000,252.000000,True,SOFT,2.000000,True,McLaren,3633.104000,,1,,False,,False,True
2026,5,Canadian Grand Prix,Q,3795.845000,NOR,1,norris,mclaren,72.729000,23.000000,5.000000,,,20.619000,22.967000,29.143000,3743.735000,3766.702000,3795.845000,251.000000,291.000000,273.000000,315.000000,True,SOFT,3.000000,True,McLaren,3723.116000,,1,,False,,False,True
2026,5,Canadian Grand Prix,Q,4039.374000,NOR,1,norris,mclaren,,24.000000,5.000000,,3874.862000,22.677000,26.623000,,3818.547000,3845.210000,,213.000000,212.000000,,221.000000,False,SOFT,4.000000,True,McLaren,3795.845000,,1,,False,,False,False
2026,5,Canadian Grand Prix,Q,4131.192000,NOR,1,norris,mclaren,91.818000,25.000000,6.000000,4043.950000,,32.387000,25.272000,34.159000,4071.761000,4097.033000,4131.192000,228.000000,269.000000,233.000000,251.000000,False,SOFT,1.000000,True,McLaren,4039.374000,,1,,False,,False,False
2026,5,Canadian Grand Prix,Q,4221.858000,NOR,1,norris,mclaren,90.666000,26.000000,6.000000,,,22.572000,25.512000,42.582000,4153.764000,4179.276000,4221.858000,231.000000,239.000000,260.000000,252.000000,False,SOFT,2.000000,True,McLaren,4131.192000,,1,,False,,False,True
2026,5,Canadian Grand Prix,Q,4294.592000,NOR,1,norris,mclaren,72.734000,27.000000,6.000000,,,20.687000,22.927000,29.120000,4242.545000,4265.472000,4294.592000,250.000000,288.000000,270.000000,313.000000,False,SOFT,3.000000,True,McLaren,4221.858000,,1,,False,,False,True
2026,5,Canadian Grand Prix,Q,4403.565000,NOR,1,norris,mclaren,108.973000,28.000000,6.000000,,4384.812000,27.347000,31.086000,50.540000,4321.939000,4353.025000,4403.565000,194.000000,179.000000,,198.000000,False,SOFT,4.000000,True,McLaren,4294.592000,,1,,False,,False,False
2026,5,Canadian Grand Prix,Q,880.490000,PIA,81,piastri,mclaren,106.720000,1.000000,1.000000,778.654000,,41.317000,26.607000,38.796000,815.164000,841.717000,880.679000,231.000000,264.000000,265.000000,123.000000,False,SOFT,6.000000,False,McLaren,778.654000,,1,,False,,False,False
2026,5,Canadian Grand Prix,Q,955.595000,PIA,81,piastri,mclaren,75.105000,2.000000,1.000000,,,21.451000,23.866000,29.788000,901.941000,925.807000,955.595000,252.000000,288.000000,272.000000,316.000000,True,SOFT,7.000000,False,McLaren,880.490000,,1,,False,,False,True
2026,5,Canadian Grand Prix,Q,1054.854000,PIA,81,piastri,mclaren,99.259000,3.000000,1.000000,,,29.950000,30.585000,38.724000,985.545000,1016.130000,1054.854000,193.000000,215.000000,264.000000,228.000000,False,SOFT,8.000000,False,McLaren,955.595000,,1,,False,,False,True
2026,5,Canadian Grand Prix,Q,1129.075000,PIA,81,piastri,mclaren,74.221000,4.000000,1.000000,,,21.210000,23.471000,29.540000,1076.064000,1099.535000,1129.075000,253.000000,289.000000,272.000000,315.000000,True,SOFT,9.000000,False,McLaren,1054.854000,,1,,False,,False,True
2026,5,Canadian Grand Prix,Q,1357.469000,PIA,81,piastri,mclaren,,5.000000,1.000000,,1213.368000,24.331000,28.701000,,1153.429000,1182.105000,,215.000000,230.000000,,237.000000,False,SOFT,10.000000,False,McLaren,1129.075000,,1,,False,,False,False
2026,5,Canadian Grand Prix,Q,1453.405000,PIA,81,piastri,mclaren,95.936000,6.000000,2.000000,1359.171000,,31.248000,26.281000,38.407000,1388.717000,1414.998000,1453.405000,242.000000,267.000000,243.000000,240.000000,False,SOFT,11.000000,False,McLaren,1357.469000,,1,,False,,False,False
2026,5,Canadian Grand Prix,Q,1540.802000,PIA,81,piastri,mclaren,87.397000,7.000000,2.000000,,,23.744000,26.375000,37.278000,1477.149000,1503.524000,1540.802000,236.000000,268.000000,267.000000,258.000000,False,SOFT,12.000000,False,McLaren,1453.405000,,1,,False,,False,True
2026,5,Canadian Grand Prix,Q,1614.361000,PIA,81,piastri,mclaren,73.559000,8.000000,2.000000,,,21.055000,23.116000,29.388000,1561.857000,1584.973000,1614.361000,254.000000,288.000000,272.000000,315.000000,True,SOFT,13.000000,False,McLaren,1540.802000,,1,,False,,False,True
2026,5,Canadian Grand Prix,Q,1712.989000,PIA,81,piastri,mclaren,98.628000,9.000000,2.000000,,,27.771000,32.025000,38.832000,1642.132000,1674.157000,1712.989000,196.000000,216.000000,269.000000,243.000000,False,SOFT,14.000000,False,McLaren,1614.361000,,1,,False,,False,True
2026,5,Canadian Grand Prix,Q,1789.965000,PIA,81,piastri,mclaren,76.976000,10.000000,2.000000,,,21.239000,23.262000,32.475000,1734.228000,1757.490000,1789.965000,252.000000,290.000000,204.000000,318.000000,False,SOFT,15.000000,False,McLaren,1712.989000,,1,,True,TRACK LIMITS AT TURN 14 LAP 11 ,False,True
2026,5,Canadian Grand Prix,Q,2217.792000,PIA,81,piastri,mclaren,,11.000000,2.000000,,1873.288000,26.362000,26.519000,,1816.358000,1842.869000,,237.000000,227.000000,,238.000000,False,SOFT,16.000000,False,McLaren,1789.965000,,12,,False,,False,False
2026,5,Canadian Grand Prix,Q,2322.806000,PIA,81,piastri,mclaren,105.014000,12.000000,3.000000,2221.296000,,43.144000,26.424000,35.446000,2260.936000,2287.360000,2322.806000,244.000000,266.000000,246.000000,250.000000,False,SOFT,1.000000,True,McLaren,2217.792000,,1,,False,,False,False
2026,5,Canadian Grand Prix,Q,2413.964000,PIA,81,piastri,mclaren,91.158000,13.000000,3.000000,,,23.697000,26.259000,41.202000,2346.503000,2372.762000,2413.964000,235.000000,246.000000,267.000000,203.000000,True,SOFT,2.000000,True,McLaren,2322.806000,,1,,False,,False,True
2026,5,Canadian Grand Prix,Q,2487.380000,PIA,81,piastri,mclaren,73.416000,14.000000,3.000000,,,20.937000,23.056000,29.423000,2434.901000,2457.957000,2487.380000,250.000000,289.000000,274.000000,313.000000,True,SOFT,3.000000,True,McLaren,2413.964000,,1,,False,,False,True
2026,5,Canadian Grand Prix,Q,2585.756000,PIA,81,piastri,mclaren,98.376000,15.000000,3.000000,,,31.809000,30.001000,36.566000,2519.189000,2549.190000,2585.756000,193.000000,226.000000,267.000000,249.000000,False,SOFT,4.000000,True,McLaren,2487.380000,,1,,False,,False,True
2026,5,Canadian Grand Prix,Q,2780.244000,PIA,81,piastri,mclaren,,16.000000,3.000000,,2665.993000,22.225000,27.887000,,2608.021000,2635.993000,,206.000000,233.000000,,247.000000,False,SOFT,5.000000,True,McLaren,2585.756000,,1,,False,,False,False
2026,5,Canadian Grand Prix,Q,2870.906000,PIA,81,piastri,mclaren,90.662000,17.000000,4.000000,2782.167000,,29.819000,25.892000,34.951000,2810.063000,2835.955000,2870.906000,243.000000,268.000000,238.000000,253.000000,False,UNKNOWN,1.000000,False,McLaren,2780.244000,,1,,False,,False,False
2026,5,Canadian Grand Prix,Q,2962.271000,PIA,81,piastri,mclaren,91.365000,18.000000,4.000000,,,23.800000,26.673000,40.892000,2894.706000,2921.379000,2962.271000,233.000000,246.000000,270.000000,162.000000,False,UNKNOWN,2.000000,False,McLaren,2870.906000,,1,,False,,False,True
2026,5,Canadian Grand Prix,Q,3052.114000,PIA,81,piastri,mclaren,89.843000,19.000000,4.000000,,,21.093000,27.739000,41.011000,2983.364000,3011.103000,3052.114000,254.000000,233.000000,271.000000,177.000000,False,UNKNOWN,3.000000,False,McLaren,2962.271000,,1,,False,,False,True
2026,5,Canadian Grand Prix,Q,3125.399000,PIA,81,piastri,mclaren,73.285000,20.000000,4.000000,,,21.022000,22.994000,29.269000,3073.136000,3096.130000,3125.399000,255.000000,290.000000,273.000000,316.000000,True,UNKNOWN,4.000000,False,McLaren,3052.114000,,1,,False,,False,True
2026,5,Canadian Grand Prix,Q,3483.735000,PIA,81,piastri,mclaren,,21.000000,4.000000,,3211.819000,24.994000,28.892000,,3150.570000,3179.474000,,197.000000,227.000000,,230.000000,False,UNKNOWN,5.000000,False,McLaren,3125.399000,,1,,False,,False,False
2026,5,Canadian Grand Prix,Q,3626.310000,PIA,81,piastri,mclaren,142.575000,22.000000,5.000000,3534.637000,,80.739000,26.415000,35.421000,3564.474000,3590.889000,3626.310000,246.000000,267.000000,205.000000,253.000000,False,SOFT,1.000000,True,McLaren,3483.735000,,1,,False,,False,False
2026,5,Canadian Grand Prix,Q,3715.751000,PIA,81,piastri,mclaren,89.441000,23.000000,5.000000,,,26.426000,26.018000,36.997000,3652.736000,3678.754000,3715.751000,233.000000,240.000000,269.000000,201.000000,True,SOFT,2.000000,True,McLaren,3626.310000,,1,,False,,False,True
2026,5,Canadian Grand Prix,Q,3788.754000,PIA,81,piastri,mclaren,73.003000,24.000000,5.000000,,,20.873000,22.988000,29.142000,3736.624000,3759.612000,3788.754000,253.000000,289.000000,273.000000,315.000000,True,SOFT,3.000000,True,McLaren,3715.751000,,1,,False,,False,True
2026,5,Canadian Grand Prix,Q,4046.705000,PIA,81,piastri,mclaren,,25.000000,5.000000,,3871.630000,25.078000,27.909000,,3813.905000,3841.949000,,199.000000,248.000000,,237.000000,False,SOFT,4.000000,True,McLaren,3788.754000,,1,,False,,False,False
2026,5,Canadian Grand Prix,Q,4141.813000,PIA,81,piastri,mclaren,95.108000,26.000000,6.000000,4051.110000,,34.086000,26.064000,34.958000,4080.791000,4106.855000,4141.813000,246.000000,266.000000,234.000000,253.000000,False,SOFT,1.000000,True,McLaren,4046.705000,,1,,False,,False,False
2026,5,Canadian Grand Prix,Q,4230.645000,PIA,81,piastri,mclaren,88.832000,27.000000,6.000000,,,24.200000,26.493000,38.139000,4166.013000,4192.506000,4230.645000,233.000000,246.000000,267.000000,230.000000,False,SOFT,2.000000,True,McLaren,4141.813000,,1,,False,,False,True
2026,5,Canadian Grand Prix,Q,4303.426000,PIA,81,piastri,mclaren,72.781000,28.000000,6.000000,,,20.774000,22.926000,29.081000,4251.419000,4274.345000,4303.426000,254.000000,290.000000,272.000000,316.000000,True,SOFT,3.000000,True,McLaren,4230.645000,,1,,False,,False,True
2026,5,Canadian Grand Prix,Q,4394.355000,PIA,81,piastri,mclaren,,29.000000,6.000000,,4394.355000,25.648000,28.859000,,4329.179000,4358.082000,,215.000000,200.000000,,188.000000,False,SOFT,4.000000,True,McLaren,4303.426000,,1,,False,,False,False
2026,5,Canadian Grand Prix,Q,927.043000,HAM,44,hamilton,ferrari,101.217000,1.000000,1.000000,830.299000,,33.607000,31.012000,36.598000,859.578000,890.548000,927.348000,220.000000,249.000000,236.000000,253.000000,False,SOFT,6.000000,False,Ferrari,830.299000,,1,,False,,False,False
2026,5,Canadian Grand Prix,Q,1018.595000,HAM,44,hamilton,ferrari,91.552000,2.000000,1.000000,,,23.352000,26.058000,42.142000,950.395000,976.453000,1018.595000,239.000000,254.000000,277.000000,178.000000,True,SOFT,7.000000,False,Ferrari,927.043000,,1,,False,,False,True
2026,5,Canadian Grand Prix,Q,1093.430000,HAM,44,hamilton,ferrari,74.835000,3.000000,1.000000,,,21.365000,23.934000,29.536000,1039.960000,1063.894000,1093.430000,246.000000,283.000000,270.000000,328.000000,True,SOFT,8.000000,False,Ferrari,1018.595000,,1,,False,,False,True
2026,5,Canadian Grand Prix,Q,1188.900000,HAM,44,hamilton,ferrari,95.470000,4.000000,1.000000,,,27.930000,30.969000,36.571000,1121.360000,1152.329000,1188.900000,181.000000,249.000000,279.000000,264.000000,False,SOFT,9.000000,False,Ferrari,1093.430000,,1,,False,,False,True
2026,5,Canadian Grand Prix,Q,1263.202000,HAM,44,hamilton,ferrari,74.302000,5.000000,1.000000,,,21.180000,23.558000,29.564000,1210.080000,1233.638000,1263.202000,245.000000,283.000000,267.000000,321.000000,True,SOFT,10.000000,False,Ferrari,1188.900000,,1,,False,,False,True
2026,5,Canadian Grand Prix,Q,1359.105000,HAM,44,hamilton,ferrari,95.903000,6.000000,1.000000,,,25.274000,32.812000,37.817000,1288.476000,1321.288000,1359.105000,191.000000,198.000000,276.000000,256.000000,False,SOFT,11.000000,False,Ferrari,1263.202000,,1,,False,,False,True
2026,5,Canadian Grand Prix,Q,1433.079000,HAM,44,hamilton,ferrari,73.974000,7.000000,1.000000,,,20.943000,23.470000,29.561000,1380.048000,1403.518000,1433.079000,247.000000,281.000000,266.000000,317.000000,True,SOFT,12.000000,False,Ferrari,1359.105000,,1,,False,,False,True
2026,5,Canadian Grand Prix,Q,1533.921000,HAM,44,hamilton,ferrari,100.842000,8.000000,1.000000,,,28.463000,31.049000,41.330000,1461.542000,1492.591000,1533.921000,162.000000,251.000000,278.000000,216.000000,False,SOFT,13.000000,False,Ferrari,1433.079000,,1,,False,,False,True
2026,5,Canadian Grand Prix,Q,1624.844000,HAM,44,hamilton,ferrari,90.923000,9.000000,1.000000,,,29.284000,25.943000,35.696000,1563.205000,1589.148000,1624.844000,219.000000,234.000000,280.000000,257.000000,False,SOFT,14.000000,False,Ferrari,1533.921000,,1,,True,TRACK LIMITS AT TURN 1 LAP 10 ,False,True
2026,5,Canadian Grand Prix,Q,1698.611000,HAM,44,hamilton,ferrari,73.767000,10.000000,1.000000,,,20.758000,23.432000,29.577000,1645.602000,1669.034000,1698.611000,248.000000,281.000000,267.000000,316.000000,True,SOFT,15.000000,False,Ferrari,1624.844000,,1,,False,,False,True
2026,5,Canadian Grand Prix,Q,2241.217000,HAM,44,hamilton,ferrari,,11.000000,1.000000,,1780.355000,25.491000,28.977000,,1724.371000,1753.250000,,203.000000,263.000000,,279.000000,False,SOFT,16.000000,False,Ferrari,1698.611000,,12,,False,,False,False
2026,5,Canadian Grand Prix,Q,2349.361000,HAM,44,hamilton,ferrari,108.144000,12.000000,2.000000,2250.576000,,44.757000,27.704000,35.683000,2285.974000,2313.678000,2349.361000,226.000000,254.000000,235.000000,248.000000,False,SOFT,1.000000,True,Ferrari,2241.217000,,1,,False,,False,False
2026,5,Canadian Grand Prix,Q,2437.498000,HAM,44,hamilton,ferrari,88.137000,13.000000,2.000000,,,23.660000,26.088000,38.389000,2373.021000,2399.109000,2437.498000,234.000000,254.000000,279.000000,247.000000,True,SOFT,2.000000,True,Ferrari,2349.361000,,1,,False,,False,True
2026,5,Canadian Grand Prix,Q,2510.768000,HAM,44,hamilton,ferrari,73.270000,14.000000,2.000000,,,20.753000,23.175000,29.342000,2458.251000,2481.426000,2510.768000,251.000000,285.000000,268.000000,319.000000,True,SOFT,3.000000,True,Ferrari,2437.498000,,1,,False,,False,True
2026,5,Canadian Grand Prix,Q,2609.030000,HAM,44,hamilton,ferrari,98.262000,15.000000,2.000000,,,28.428000,32.809000,37.025000,2539.196000,2572.005000,2609.030000,164.000000,247.000000,278.000000,250.000000,False,SOFT,4.000000,True,Ferrari,2510.768000,,1,,False,,False,True
2026,5,Canadian Grand Prix,Q,2797.053000,HAM,44,hamilton,ferrari,,16.000000,2.000000,,2685.277000,20.902000,26.387000,,2629.917000,2656.375000,,248.000000,260.000000,,273.000000,False,SOFT,5.000000,True,Ferrari,2609.030000,,1,,False,,False,False
2026,5,Canadian Grand Prix,Q,2884.717000,HAM,44,hamilton,ferrari,87.664000,17.000000,3.000000,2798.521000,,26.840000,25.863000,34.961000,2823.893000,2849.756000,2884.717000,240.000000,264.000000,247.000000,253.000000,False,SOFT,1.000000,True,Ferrari,2797.053000,,1,,False,,False,False
2026,5,Canadian Grand Prix,Q,2969.922000,HAM,44,hamilton,ferrari,85.205000,18.000000,3.000000,,,22.972000,25.718000,36.515000,2907.689000,2933.407000,2969.922000,237.000000,251.000000,281.000000,254.000000,False,SOFT,2.000000,True,Ferrari,2884.717000,,1,,False,,False,True
2026,5,Canadian Grand Prix,Q,3042.963000,HAM,44,hamilton,ferrari,73.041000,19.000000,3.000000,,,20.658000,23.081000,29.302000,2990.580000,3013.661000,3042.963000,245.000000,285.000000,268.000000,316.000000,True,SOFT,3.000000,True,Ferrari,2969.922000,,1,,False,,False,True
2026,5,Canadian Grand Prix,Q,3547.904000,HAM,44,hamilton,ferrari,,20.000000,3.000000,,3132.982000,28.290000,31.963000,,3071.427000,3103.286000,,192.000000,265.000000,,167.000000,False,SOFT,4.000000,True,Ferrari,3042.963000,,1,,False,,False,False
2026,5,Canadian Grand Prix,Q,3644.247000,HAM,44,hamilton,ferrari,96.343000,21.000000,4.000000,3552.448000,,34.225000,26.327000,35.791000,3582.129000,3608.456000,3644.247000,229.000000,255.000000,234.000000,248.000000,False,SOFT,1.000000,True,Ferrari,3547.904000,,1,,False,,False,False
2026,5,Canadian Grand Prix,Q,3734.808000,HAM,44,hamilton,ferrari,90.561000,22.000000,4.000000,,,22.637000,25.430000,42.494000,3666.884000,3692.314000,3734.808000,241.000000,248.000000,279.000000,247.000000,True,SOFT,2.000000,True,Ferrari,3644.247000,,1,,False,,False,True
2026,5,Canadian Grand Prix,Q,3807.676000,HAM,44,hamilton,ferrari,72.868000,23.000000,4.000000,,,20.606000,23.029000,29.233000,3755.414000,3778.443000,3807.676000,250.000000,283.000000,266.000000,318.000000,True,SOFT,3.000000,True,Ferrari,3734.808000,,1,,False,,False,True
2026,5,Canadian Grand Prix,Q,4019.813000,HAM,44,hamilton,ferrari,,24.000000,4.000000,,3885.671000,22.647000,26.119000,,3830.339000,3856.425000,,232.000000,243.000000,,255.000000,False,SOFT,4.000000,True,Ferrari,3807.676000,,1,,False,,False,False
2026,5,Canadian Grand Prix,Q,4125.271000,HAM,44,hamilton,ferrari,105.458000,25.000000,5.000000,4034.585000,,43.736000,26.223000,35.499000,4063.549000,4089.772000,4125.271000,238.000000,254.000000,234.000000,247.000000,False,SOFT,1.000000,True,Ferrari,4019.813000,,1,,False,,False,False
2026,5,Canadian Grand Prix,Q,4214.102000,HAM,44,hamilton,ferrari,88.831000,26.000000,5.000000,,,22.613000,25.463000,40.755000,4147.884000,4173.347000,4214.102000,241.000000,253.000000,268.000000,252.000000,False,SOFT,2.000000,True,Ferrari,4125.271000,,1,,False,,False,True
2026,5,Canadian Grand Prix,Q,4291.513000,HAM,44,hamilton,ferrari,,27.000000,5.000000,,4291.513000,20.732000,23.540000,,4234.835000,4258.372000,,250.000000,257.000000,,188.000000,False,SOFT,3.000000,True,Ferrari,4214.102000,,1,,False,,False,False
2026,5,Canadian Grand Prix,Q,944.837000,VER,3,max_verstappen,red_bull,106.145000,1.000000,1.000000,842.045000,,38.887000,28.521000,38.737000,877.627000,906.100000,944.954000,203.000000,242.000000,272.000000,254.000000,False,SOFT,5.000000,False,Red Bull Racing,842.045000,,1,,False,,False,False
2026,5,Canadian Grand Prix,Q,1019.446000,VER,3,max_verstappen,red_bull,74.609000,2.000000,1.000000,,,21.382000,23.540000,29.687000,966.219000,989.759000,1019.446000,248.000000,282.000000,280.000000,313.000000,True,SOFT,6.000000,False,Red Bull Racing,944.837000,,1,,False,,False,True
2026,5,Canadian Grand Prix,Q,1116.618000,VER,3,max_verstappen,red_bull,97.172000,3.000000,1.000000,,,28.296000,28.082000,40.794000,1047.742000,1075.824000,1116.618000,223.000000,219.000000,275.000000,238.000000,False,SOFT,7.000000,False,Red Bull Racing,1019.446000,,1,,False,,False,True
2026,5,Canadian Grand Prix,Q,1190.685000,VER,3,max_verstappen,red_bull,74.067000,4.000000,1.000000,,,21.105000,23.496000,29.466000,1137.723000,1161.219000,1190.685000,249.000000,285.000000,283.000000,319.000000,True,SOFT,8.000000,False,Red Bull Racing,1116.618000,,1,,False,,False,True
2026,5,Canadian Grand Prix,Q,2256.219000,VER,3,max_verstappen,red_bull,,5.000000,1.000000,,1271.833000,25.254000,27.520000,,1215.913000,1243.498000,,190.000000,248.000000,,276.000000,False,SOFT,9.000000,False,Red Bull Racing,1190.685000,,12,,False,,False,False
2026,5,Canadian Grand Prix,Q,2364.687000,VER,3,max_verstappen,red_bull,108.468000,6.000000,2.000000,2259.785000,,46.222000,26.639000,35.607000,2302.441000,2329.080000,2364.687000,222.000000,239.000000,276.000000,247.000000,False,SOFT,1.000000,True,Red Bull Racing,2256.219000,,1,,False,,False,False
2026,5,Canadian Grand Prix,Q,2449.192000,VER,3,max_verstappen,red_bull,84.505000,7.000000,2.000000,,,20.958000,26.245000,37.302000,2385.645000,2411.890000,2449.192000,252.000000,248.000000,276.000000,275.000000,True,SOFT,2.000000,True,Red Bull Racing,2364.687000,,1,,False,,False,True
2026,5,Canadian Grand Prix,Q,2536.663000,VER,3,max_verstappen,red_bull,87.471000,8.000000,2.000000,,,24.643000,28.822000,34.006000,2473.835000,2502.657000,2536.663000,215.000000,258.000000,272.000000,283.000000,False,SOFT,3.000000,True,Red Bull Racing,2449.192000,,1,,True,TRACK LIMITS AT TURN 1 LAP 9 ,False,True
2026,5,Canadian Grand Prix,Q,2610.142000,VER,3,max_verstappen,red_bull,73.479000,9.000000,2.000000,,,20.952000,23.285000,29.242000,2557.615000,2580.900000,2610.142000,250.000000,284.000000,281.000000,314.000000,True,SOFT,4.000000,True,Red Bull Racing,2536.663000,,1,,False,,False,True
2026,5,Canadian Grand Prix,Q,2817.577000,VER,3,max_verstappen,red_bull,,10.000000,2.000000,,2687.920000,23.024000,26.111000,,2633.226000,2659.474000,,222.000000,262.000000,,258.000000,False,SOFT,5.000000,True,Red Bull Racing,2610.142000,,1,,False,,False,False
2026,5,Canadian Grand Prix,Q,2910.242000,VER,3,max_verstappen,red_bull,92.665000,11.000000,3.000000,2819.723000,,29.027000,27.801000,35.837000,2846.604000,2874.405000,2910.242000,214.000000,240.000000,250.000000,246.000000,False,SOFT,1.000000,True,Red Bull Racing,2817.577000,,1,,False,,False,False
2026,5,Canadian Grand Prix,Q,2997.297000,VER,3,max_verstappen,red_bull,87.055000,12.000000,3.000000,,,24.351000,27.536000,35.168000,2934.593000,2962.129000,2997.297000,221.000000,243.000000,276.000000,245.000000,False,SOFT,2.000000,True,Red Bull Racing,2910.242000,,1,,False,,False,True
2026,5,Canadian Grand Prix,Q,3070.850000,VER,3,max_verstappen,red_bull,73.553000,13.000000,3.000000,,,20.793000,23.336000,29.424000,3018.090000,3041.426000,3070.850000,251.000000,285.000000,281.000000,314.000000,False,SOFT,3.000000,True,Red Bull Racing,2997.297000,,1,,False,,False,True
2026,5,Canadian Grand Prix,Q,3525.122000,VER,3,max_verstappen,red_bull,,14.000000,3.000000,,3151.773000,24.478000,27.674000,,3095.388000,3123.058000,,175.000000,262.000000,,281.000000,False,SOFT,4.000000,True,Red Bull Racing,3070.850000,,1,,False,,False,False
2026,5,Canadian Grand Prix,Q,3614.505000,VER,3,max_verstappen,red_bull,,15.000000,4.000000,3525.122000,,,27.155000,35.446000,,3579.268000,3614.599000,230.000000,231.000000,249.000000,249.000000,False,SOFT,1.000000,True,Red Bull Racing,3525.122000,,1,,False,,False,False
2026,5,Canadian Grand Prix,Q,3700.375000,VER,3,max_verstappen,red_bull,85.870000,16.000000,4.000000,,,24.066000,27.112000,34.692000,3638.571000,3665.683000,3700.375000,220.000000,239.000000,276.000000,246.000000,True,SOFT,2.000000,True,Red Bull Racing,3614.505000,,1,,False,,False,True
2026,5,Canadian Grand Prix,Q,3773.848000,VER,3,max_verstappen,red_bull,73.473000,17.000000,4.000000,,,20.633000,23.484000,29.356000,3721.008000,3744.492000,3773.848000,251.000000,282.000000,275.000000,314.000000,True,SOFT,3.000000,True,Red Bull Racing,3700.375000,,1,,False,,False,True
2026,5,Canadian Grand Prix,Q,4001.270000,VER,3,max_verstappen,red_bull,,18.000000,4.000000,,3854.075000,26.304000,26.222000,,3800.242000,3826.515000,,219.000000,260.000000,,281.000000,False,SOFT,4.000000,True,Red Bull Racing,3773.848000,,1,,False,,False,False
2026,5,Canadian Grand Prix,Q,4091.030000,VER,3,max_verstappen,red_bull,89.760000,19.000000,5.000000,4002.789000,,25.792000,26.266000,37.702000,4027.062000,4053.328000,4091.030000,231.000000,238.000000,276.000000,247.000000,False,SOFT,1.000000,True,Red Bull Racing,4001.270000,,1,,False,,False,False
2026,5,Canadian Grand Prix,Q,4164.532000,VER,3,max_verstappen,red_bull,73.502000,20.000000,5.000000,,,20.736000,23.302000,29.464000,4111.766000,4135.068000,4164.532000,252.000000,281.000000,271.000000,314.000000,False,SOFT,2.000000,True,Red Bull Racing,4091.030000,,1,,False,,False,True
2026,5,Canadian Grand Prix,Q,4260.590000,VER,3,max_verstappen,red_bull,96.058000,21.000000,5.000000,,,26.781000,29.659000,39.618000,4191.313000,4220.972000,4260.590000,180.000000,248.000000,275.000000,221.000000,False,SOFT,3.000000,True,Red Bull Racing,4164.532000,,1,,False,,False,True
2026,5,Canadian Grand Prix,Q,4333.497000,VER,3,max_verstappen,red_bull,72.907000,22.000000,5.000000,,,20.580000,23.155000,29.172000,4281.170000,4304.325000,4333.497000,251.000000,285.000000,280.000000,318.000000,True,SOFT,4.000000,True,Red Bull Racing,4260.590000,,1,,False,,False,True
2026,5,Canadian Grand Prix,Q,4423.347000,VER,3,max_verstappen,red_bull,,23.000000,5.000000,,4423.347000,26.944000,29.652000,,4360.638000,4390.243000,,182.000000,214.000000,,248.000000,False,SOFT,5.000000,True,Red Bull Racing,4333.497000,,1,,False,,False,False
2026,5,Canadian Grand Prix,Q,1012.005000,HAD,6,hadjar,red_bull,104.644000,1.000000,1.000000,908.844000,,28.412000,28.165000,48.067000,935.845000,964.076000,1012.328000,232.000000,242.000000,274.000000,212.000000,False,SOFT,6.000000,False,Red Bull Racing,908.844000,,1,,False,,False,False
2026,5,Canadian Grand Prix,Q,1087.386000,HAD,6,hadjar,red_bull,75.381000,2.000000,1.000000,,,21.443000,23.960000,29.978000,1033.448000,1057.408000,1087.386000,249.000000,284.000000,272.000000,315.000000,True,SOFT,7.000000,False,Red Bull Racing,1012.005000,,1,,False,,False,True
2026,5,Canadian Grand Prix,Q,1183.664000,HAD,6,hadjar,red_bull,96.278000,3.000000,1.000000,,,27.684000,30.915000,37.679000,1115.070000,1145.985000,1183.664000,208.000000,251.000000,275.000000,236.000000,False,SOFT,8.000000,False,Red Bull Racing,1087.386000,,1,,False,,False,True
2026,5,Canadian Grand Prix,Q,1257.318000,HAD,6,hadjar,red_bull,73.654000,4.000000,1.000000,,,20.957000,23.414000,29.283000,1204.621000,1228.035000,1257.318000,252.000000,289.000000,282.000000,323.000000,True,SOFT,9.000000,False,Red Bull Racing,1183.664000,,1,,False,,False,True
2026,5,Canadian Grand Prix,Q,2269.649000,HAD,6,hadjar,red_bull,,5.000000,1.000000,,1336.823000,23.932000,27.140000,,1281.389000,1308.464000,,227.000000,258.000000,,288.000000,False,SOFT,10.000000,False,Red Bull Racing,1257.318000,,12,,False,,False,False
2026,5,Canadian Grand Prix,Q,2372.314000,HAD,6,hadjar,red_bull,102.665000,6.000000,2.000000,2274.105000,,40.165000,27.814000,34.686000,2309.814000,2337.628000,2372.314000,219.000000,242.000000,277.000000,253.000000,False,SOFT,1.000000,True,Red Bull Racing,2269.649000,,1,,False,,False,False
2026,5,Canadian Grand Prix,Q,2445.937000,HAD,6,hadjar,red_bull,73.623000,7.000000,2.000000,,,20.903000,23.359000,29.361000,2393.217000,2416.576000,2445.937000,252.000000,287.000000,280.000000,317.000000,True,SOFT,2.000000,True,Red Bull Racing,2372.314000,,1,,False,,False,True
2026,5,Canadian Grand Prix,Q,2545.617000,HAD,6,hadjar,red_bull,99.680000,8.000000,2.000000,,,25.626000,33.399000,40.655000,2471.563000,2504.962000,2545.617000,193.000000,207.000000,275.000000,236.000000,False,SOFT,3.000000,True,Red Bull Racing,2445.937000,,1,,False,,False,True
2026,5,Canadian Grand Prix,Q,2618.821000,HAD,6,hadjar,red_bull,73.204000,9.000000,2.000000,,,20.688000,23.335000,29.181000,2566.305000,2589.640000,2618.821000,253.000000,285.000000,277.000000,319.000000,True,SOFT,4.000000,True,Red Bull Racing,2545.617000,,1,,False,,False,True
2026,5,Canadian Grand Prix,Q,2827.308000,HAD,6,hadjar,red_bull,,10.000000,2.000000,,2702.262000,25.784000,27.970000,,2644.814000,2672.752000,,204.000000,178.000000,,277.000000,False,SOFT,5.000000,True,Red Bull Racing,2618.821000,,1,,False,,False,False
2026,5,Canadian Grand Prix,Q,2925.599000,HAD,6,hadjar,red_bull,98.291000,11.000000,3.000000,2828.838000,,29.602000,30.908000,37.781000,2856.910000,2887.818000,2925.599000,185.000000,256.000000,251.000000,123.000000,False,SOFT,1.000000,True,Red Bull Racing,2827.308000,,1,,False,,False,False
2026,5,Canadian Grand Prix,Q,3013.164000,HAD,6,hadjar,red_bull,87.565000,12.000000,3.000000,,,24.400000,27.778000,35.387000,2949.999000,2977.777000,3013.164000,225.000000,232.000000,276.000000,250.000000,False,SOFT,2.000000,True,Red Bull Racing,2925.599000,,1,,False,,False,True
2026,5,Canadian Grand Prix,Q,3086.139000,HAD,6,hadjar,red_bull,72.975000,13.000000,3.000000,,,20.575000,23.252000,29.148000,3033.739000,3056.991000,3086.139000,254.000000,287.000000,281.000000,318.000000,True,SOFT,3.000000,True,Red Bull Racing,3013.164000,,1,,False,,False,True
2026,5,Canadian Grand Prix,Q,3478.705000,HAD,6,hadjar,red_bull,,14.000000,3.000000,,3170.340000,24.626000,28.657000,,3110.763000,3139.448000,,193.000000,244.000000,,240.000000,False,SOFT,4.000000,True,Red Bull Racing,3086.139000,,1,,False,,False,False
2026,5,Canadian Grand Prix,Q,3621.716000,HAD,6,hadjar,red_bull,143.011000,15.000000,4.000000,3529.715000,,80.236000,27.758000,35.017000,3558.941000,3586.699000,3621.716000,203.000000,261.000000,242.000000,284.000000,False,SOFT,1.000000,True,Red Bull Racing,3478.705000,,1,,False,,False,False
2026,5,Canadian Grand Prix,Q,3708.320000,HAD,6,hadjar,red_bull,86.604000,16.000000,4.000000,,,24.518000,26.889000,35.197000,3646.234000,3673.123000,3708.320000,228.000000,256.000000,274.000000,251.000000,True,SOFT,2.000000,True,Red Bull Racing,3621.716000,,1,,False,,False,True
2026,5,Canadian Grand Prix,Q,3782.310000,HAD,6,hadjar,red_bull,73.990000,17.000000,4.000000,,,20.686000,23.782000,29.522000,3729.006000,3752.788000,3782.310000,254.000000,282.000000,271.000000,318.000000,True,SOFT,3.000000,True,Red Bull Racing,3708.320000,,1,,False,,False,True
2026,5,Canadian Grand Prix,Q,4055.210000,HAD,6,hadjar,red_bull,,18.000000,4.000000,,3860.326000,24.056000,26.193000,,3806.502000,3832.648000,,231.000000,266.000000,,285.000000,False,SOFT,4.000000,True,Red Bull Racing,3782.310000,,1,,False,,False,False
2026,5,Canadian Grand Prix,Q,4151.589000,HAD,6,hadjar,red_bull,96.379000,19.000000,5.000000,4059.159000,,33.971000,27.558000,34.850000,4089.181000,4116.739000,4151.589000,218.000000,260.000000,233.000000,286.000000,False,SOFT,1.000000,True,Red Bull Racing,4055.210000,,1,,False,,False,False
2026,5,Canadian Grand Prix,Q,4238.715000,HAD,6,hadjar,red_bull,87.126000,20.000000,5.000000,,,24.164000,27.187000,35.775000,4175.753000,4202.940000,4238.715000,227.000000,256.000000,274.000000,250.000000,False,SOFT,2.000000,True,Red Bull Racing,4151.589000,,1,,False,,False,True
2026,5,Canadian Grand Prix,Q,4311.650000,HAD,6,hadjar,red_bull,72.935000,21.000000,5.000000,,,20.549000,23.218000,29.168000,4259.264000,4282.482000,4311.650000,253.000000,286.000000,279.000000,320.000000,True,SOFT,3.000000,True,Red Bull Racing,4238.715000,,1,,False,,False,True
2026,5,Canadian Grand Prix,Q,4402.714000,HAD,6,hadjar,red_bull,,22.000000,5.000000,,4402.714000,23.961000,29.110000,,4335.729000,4365.230000,,245.000000,196.000000,,183.000000,False,SOFT,4.000000,True,Red Bull Racing,4311.650000,,1,,False,,False,False
2026,5,Canadian Grand Prix,Q,938.055000,LEC,16,leclerc,ferrari,105.132000,1.000000,1.000000,837.167000,,36.843000,28.406000,39.883000,869.878000,898.264000,938.304000,220.000000,197.000000,237.000000,263.000000,False,SOFT,6.000000,False,Ferrari,837.167000,,1,,False,,False,False
2026,5,Canadian Grand Prix,Q,1024.597000,LEC,16,leclerc,ferrari,86.542000,2.000000,1.000000,,,23.442000,26.149000,36.951000,961.497000,987.646000,1024.597000,242.000000,238.000000,278.000000,254.000000,True,SOFT,7.000000,False,Ferrari,938.055000,,1,,False,,False,True
2026,5,Canadian Grand Prix,Q,1100.943000,LEC,16,leclerc,ferrari,76.346000,3.000000,1.000000,,,21.138000,23.734000,31.474000,1045.735000,1069.469000,1100.943000,248.000000,284.000000,260.000000,324.000000,False,SOFT,8.000000,False,Ferrari,1024.597000,,1,,True,TRACK LIMITS AT TURN 14 LAP 4 ,False,True
2026,5,Canadian Grand Prix,Q,1197.461000,LEC,16,leclerc,ferrari,96.518000,4.000000,1.000000,,,24.071000,27.516000,44.931000,1125.014000,1152.530000,1197.461000,231.000000,258.000000,278.000000,213.000000,False,SOFT,9.000000,False,Ferrari,1100.943000,,1,,False,,False,True
2026,5,Canadian Grand Prix,Q,1286.527000,LEC,16,leclerc,ferrari,89.066000,5.000000,1.000000,,,22.983000,27.248000,38.835000,1220.444000,1247.692000,1286.527000,215.000000,213.000000,276.000000,242.000000,False,SOFT,10.000000,False,Ferrari,1197.461000,,1,,False,,False,True
2026,5,Canadian Grand Prix,Q,1361.001000,LEC,16,leclerc,ferrari,74.474000,6.000000,1.000000,,,21.107000,23.672000,29.695000,1307.634000,1331.306000,1361.001000,246.000000,283.000000,269.000000,322.000000,True,SOFT,11.000000,False,Ferrari,1286.527000,,1,,False,,False,True
2026,5,Canadian Grand Prix,Q,1450.025000,LEC,16,leclerc,ferrari,89.024000,7.000000,1.000000,,,25.156000,27.894000,35.974000,1386.157000,1414.051000,1450.025000,200.000000,232.000000,276.000000,195.000000,False,SOFT,12.000000,False,Ferrari,1361.001000,,1,,False,,False,True
2026,5,Canadian Grand Prix,Q,1529.953000,LEC,16,leclerc,ferrari,79.928000,8.000000,1.000000,,,21.035000,23.713000,35.180000,1471.060000,1494.773000,1529.953000,249.000000,282.000000,278.000000,268.000000,False,SOFT,13.000000,False,Ferrari,1450.025000,,1,,False,,False,True
2026,5,Canadian Grand Prix,Q,1603.778000,LEC,16,leclerc,ferrari,73.825000,9.000000,1.000000,,,20.822000,23.518000,29.485000,1550.775000,1574.293000,1603.778000,248.000000,284.000000,269.000000,321.000000,True,SOFT,14.000000,False,Ferrari,1529.953000,,1,,False,,False,True
2026,5,Canadian Grand Prix,Q,1692.992000,LEC,16,leclerc,ferrari,89.214000,10.000000,1.000000,,,25.036000,27.324000,36.854000,1628.814000,1656.138000,1692.992000,209.000000,262.000000,280.000000,211.000000,False,SOFT,15.000000,False,Ferrari,1603.778000,,1,,False,,False,True
2026,5,Canadian Grand Prix,Q,2246.903000,LEC,16,leclerc,ferrari,,11.000000,1.000000,,1771.785000,22.783000,27.237000,,1715.928000,1743.230000,,210.000000,253.000000,,256.000000,False,SOFT,16.000000,False,Ferrari,1692.992000,,12,,False,,False,False
2026,5,Canadian Grand Prix,Q,2358.159000,LEC,16,leclerc,ferrari,111.256000,12.000000,2.000000,2254.522000,,47.101000,27.312000,36.843000,2294.004000,2321.316000,2358.159000,221.000000,247.000000,233.000000,248.000000,False,SOFT,1.000000,True,Ferrari,2246.903000,,1,,False,,False,False
2026,5,Canadian Grand Prix,Q,2456.020000,LEC,16,leclerc,ferrari,97.861000,13.000000,2.000000,,,26.334000,28.946000,42.581000,2384.493000,2413.439000,2456.020000,168.000000,246.000000,280.000000,248.000000,True,SOFT,2.000000,True,Ferrari,2358.159000,,1,,False,,False,True
2026,5,Canadian Grand Prix,Q,2530.345000,LEC,16,leclerc,ferrari,74.325000,14.000000,2.000000,,,21.143000,23.510000,29.672000,2477.163000,2500.673000,2530.345000,247.000000,285.000000,268.000000,319.000000,True,SOFT,3.000000,True,Ferrari,2456.020000,,1,,False,,False,True
2026,5,Canadian Grand Prix,Q,2621.413000,LEC,16,leclerc,ferrari,91.068000,15.000000,2.000000,,,22.924000,31.086000,37.058000,2553.269000,2584.355000,2621.413000,232.000000,210.000000,278.000000,166.000000,False,SOFT,4.000000,True,Ferrari,2530.345000,,1,,False,,False,True
2026,5,Canadian Grand Prix,Q,2695.228000,LEC,16,leclerc,ferrari,73.815000,16.000000,2.000000,,,20.920000,23.350000,29.545000,2642.333000,2665.683000,2695.228000,249.000000,286.000000,267.000000,323.000000,True,SOFT,5.000000,True,Ferrari,2621.413000,,1,,False,,False,True
2026,5,Canadian Grand Prix,Q,2877.638000,LEC,16,leclerc,ferrari,,17.000000,2.000000,,2771.052000,22.597000,25.525000,,2717.939000,2743.389000,,232.000000,257.000000,,267.000000,False,SOFT,6.000000,True,Ferrari,2695.228000,,1,,False,,False,False
2026,5,Canadian Grand Prix,Q,2968.207000,LEC,16,leclerc,ferrari,90.569000,18.000000,3.000000,2879.219000,,26.655000,26.008000,37.906000,2904.293000,2930.301000,2968.207000,240.000000,251.000000,121.000000,149.000000,False,SOFT,1.000000,True,Ferrari,2877.638000,,1,,False,,False,False
2026,5,Canadian Grand Prix,Q,3063.591000,LEC,16,leclerc,ferrari,95.384000,19.000000,3.000000,,,27.948000,25.637000,41.799000,2996.155000,3021.792000,3063.591000,241.000000,246.000000,281.000000,101.000000,False,SOFT,2.000000,True,Ferrari,2968.207000,,1,,False,,False,True
2026,5,Canadian Grand Prix,Q,3137.087000,LEC,16,leclerc,ferrari,73.496000,20.000000,3.000000,,,20.862000,23.331000,29.303000,3084.453000,3107.784000,3137.087000,249.000000,287.000000,272.000000,323.000000,True,SOFT,3.000000,True,Ferrari,3063.591000,,1,,False,,False,True
2026,5,Canadian Grand Prix,Q,3553.371000,LEC,16,leclerc,ferrari,,21.000000,3.000000,,3222.049000,25.690000,28.462000,,3162.799000,3191.299000,,181.000000,266.000000,,222.000000,False,SOFT,4.000000,True,Ferrari,3137.087000,,1,,False,,False,False
2026,5,Canadian Grand Prix,Q,3653.553000,LEC,16,leclerc,ferrari,100.182000,22.000000,4.000000,3559.555000,,36.617000,26.901000,36.664000,3589.988000,3616.889000,3653.553000,234.000000,244.000000,231.000000,246.000000,False,SOFT,1.000000,True,Ferrari,3553.371000,,1,,False,,False,False
2026,5,Canadian Grand Prix,Q,3746.660000,LEC,16,leclerc,ferrari,93.107000,23.000000,4.000000,,,24.176000,26.327000,42.604000,3677.729000,3704.056000,3746.660000,241.000000,246.000000,280.000000,245.000000,True,SOFT,2.000000,True,Ferrari,3653.553000,,1,,False,,False,True
2026,5,Canadian Grand Prix,Q,3819.809000,LEC,16,leclerc,ferrari,73.149000,24.000000,4.000000,,,20.768000,23.143000,29.238000,3767.428000,3790.571000,3819.809000,247.000000,286.000000,269.000000,321.000000,True,SOFT,3.000000,True,Ferrari,3746.660000,,1,,False,,False,True
2026,5,Canadian Grand Prix,Q,4013.417000,LEC,16,leclerc,ferrari,,25.000000,4.000000,,3899.055000,23.379000,26.277000,,3843.300000,3869.537000,,232.000000,255.000000,,248.000000,False,SOFT,4.000000,True,Ferrari,3819.809000,,1,,False,,False,False
2026,5,Canadian Grand Prix,Q,4116.005000,LEC,16,leclerc,ferrari,102.588000,26.000000,5.000000,4017.619000,,39.529000,26.355000,36.704000,4052.946000,4079.301000,4116.005000,241.000000,245.000000,230.000000,249.000000,False,SOFT,1.000000,True,Ferrari,4013.417000,,1,,False,,False,False
2026,5,Canadian Grand Prix,Q,4204.920000,LEC,16,leclerc,ferrari,88.915000,27.000000,5.000000,,,24.983000,26.854000,37.078000,4140.988000,4167.842000,4204.920000,243.000000,229.000000,279.000000,248.000000,False,SOFT,2.000000,True,Ferrari,4116.005000,,1,,False,,False,True
2026,5,Canadian Grand Prix,Q,4277.896000,LEC,16,leclerc,ferrari,72.976000,28.000000,5.000000,,,20.656000,23.169000,29.151000,4225.576000,4248.745000,4277.896000,250.000000,283.000000,270.000000,321.000000,True,SOFT,3.000000,True,Ferrari,4204.920000,,1,,False,,False,True
2026,5,Canadian Grand Prix,Q,4368.735000,LEC,16,leclerc,ferrari,,29.000000,5.000000,,4368.735000,25.006000,29.764000,,4303.145000,4332.718000,,191.000000,208.000000,,171.000000,False,SOFT,4.000000,True,Ferrari,4277.896000,,1,,False,,False,False
2026,5,Canadian Grand Prix,Q,838.190000,LIN,41,arvid_lindblad,rb,110.115000,1.000000,1.000000,732.304000,,43.121000,29.660000,37.334000,771.379000,801.017000,838.474000,207.000000,241.000000,233.000000,241.000000,False,SOFT,7.000000,False,Racing Bulls,732.304000,,1,,False,,False,False
2026,5,Canadian Grand Prix,Q,924.999000,LIN,41,arvid_lindblad,rb,86.809000,2.000000,1.000000,,,24.146000,27.108000,35.555000,862.336000,889.444000,924.999000,233.000000,242.000000,272.000000,273.000000,True,SOFT,8.000000,False,Racing Bulls,838.190000,,1,,False,,False,True
2026,5,Canadian Grand Prix,Q,1000.315000,LIN,41,arvid_lindblad,rb,75.316000,3.000000,1.000000,,,21.617000,23.864000,29.835000,946.616000,970.480000,1000.315000,253.000000,289.000000,274.000000,325.000000,True,SOFT,9.000000,False,Racing Bulls,924.999000,,1,,False,,False,True
2026,5,Canadian Grand Prix,Q,1112.274000,LIN,41,arvid_lindblad,rb,111.959000,4.000000,1.000000,,1086.280000,22.501000,29.632000,59.826000,1022.816000,1052.448000,1112.274000,236.000000,240.000000,,283.000000,False,SOFT,10.000000,False,Racing Bulls,1000.315000,,1,,False,,False,False
2026,5,Canadian Grand Prix,Q,1205.234000,LIN,41,arvid_lindblad,rb,92.960000,5.000000,2.000000,1113.882000,,30.371000,27.422000,35.167000,1142.645000,1170.067000,1205.234000,231.000000,247.000000,239.000000,262.000000,False,SOFT,1.000000,True,Racing Bulls,1112.274000,,1,,False,,False,False
2026,5,Canadian Grand Prix,Q,1295.850000,LIN,41,arvid_lindblad,rb,90.616000,6.000000,2.000000,,,24.003000,27.240000,39.373000,1229.237000,1256.477000,1295.850000,233.000000,253.000000,275.000000,253.000000,False,SOFT,2.000000,True,Racing Bulls,1205.234000,,1,,False,,False,True
2026,5,Canadian Grand Prix,Q,1369.745000,LIN,41,arvid_lindblad,rb,73.895000,7.000000,2.000000,,,20.938000,23.458000,29.499000,1316.788000,1340.246000,1369.745000,253.000000,286.000000,276.000000,320.000000,True,SOFT,3.000000,True,Racing Bulls,1295.850000,,1,,False,,False,True
2026,5,Canadian Grand Prix,Q,1462.059000,LIN,41,arvid_lindblad,rb,92.314000,8.000000,2.000000,,,26.921000,28.125000,37.268000,1396.666000,1424.791000,1462.059000,173.000000,254.000000,274.000000,257.000000,False,SOFT,4.000000,True,Racing Bulls,1369.745000,,1,,False,,False,True
2026,5,Canadian Grand Prix,Q,1536.106000,LIN,41,arvid_lindblad,rb,74.047000,9.000000,2.000000,,,21.040000,23.579000,29.428000,1483.099000,1506.678000,1536.106000,251.000000,288.000000,279.000000,323.000000,False,SOFT,5.000000,True,Racing Bulls,1462.059000,,1,,False,,False,True
2026,5,Canadian Grand Prix,Q,1632.674000,LIN,41,arvid_lindblad,rb,96.568000,10.000000,2.000000,,,24.545000,36.257000,35.766000,1560.651000,1596.908000,1632.674000,187.000000,186.000000,277.000000,260.000000,False,SOFT,6.000000,True,Racing Bulls,1536.106000,,1,,False,,False,True
2026,5,Canadian Grand Prix,Q,1707.459000,LIN,41,arvid_lindblad,rb,74.785000,11.000000,2.000000,,,21.046000,23.406000,30.333000,1653.720000,1677.126000,1707.459000,252.000000,288.000000,275.000000,327.000000,False,SOFT,7.000000,True,Racing Bulls,1632.674000,,1,,True,TRACK LIMITS AT TURN 14 LAP 12 ,False,True
2026,5,Canadian Grand Prix,Q,2355.095000,LIN,41,arvid_lindblad,rb,,12.000000,2.000000,,1786.749000,23.368000,29.190000,,1731.010000,1760.160000,,234.000000,253.000000,,286.000000,False,SOFT,8.000000,True,Racing Bulls,1707.459000,,12,,False,,False,False
2026,5,Canadian Grand Prix,Q,2457.897000,LIN,41,arvid_lindblad,rb,102.802000,13.000000,3.000000,2357.832000,,37.591000,29.025000,36.186000,2392.686000,2421.711000,2457.897000,186.000000,249.000000,244.000000,258.000000,False,SOFT,1.000000,True,Racing Bulls,2355.095000,,1,,False,,False,False
2026,5,Canadian Grand Prix,Q,2550.786000,LIN,41,arvid_lindblad,rb,92.889000,14.000000,3.000000,,,23.917000,27.023000,41.949000,2481.814000,2508.837000,2550.786000,231.000000,247.000000,277.000000,223.000000,True,SOFT,2.000000,True,Racing Bulls,2457.897000,,1,,False,,False,True
2026,5,Canadian Grand Prix,Q,2624.358000,LIN,41,arvid_lindblad,rb,73.572000,15.000000,3.000000,,,20.906000,23.356000,29.310000,2571.692000,2595.048000,2624.358000,253.000000,286.000000,278.000000,321.000000,True,SOFT,3.000000,True,Racing Bulls,2550.786000,,1,,False,,False,True
2026,5,Canadian Grand Prix,Q,2851.697000,LIN,41,arvid_lindblad,rb,,16.000000,3.000000,,2703.555000,23.066000,26.666000,,2647.545000,2674.244000,,235.000000,253.000000,,272.000000,False,SOFT,4.000000,True,Racing Bulls,2624.358000,,1,,False,,False,False
2026,5,Canadian Grand Prix,Q,2957.228000,LIN,41,arvid_lindblad,rb,105.531000,17.000000,4.000000,2854.395000,,40.067000,28.342000,37.122000,2891.764000,2920.106000,2957.228000,231.000000,250.000000,241.000000,147.000000,False,SOFT,1.000000,True,Racing Bulls,2851.697000,,1,,False,,False,False
2026,5,Canadian Grand Prix,Q,3057.117000,LIN,41,arvid_lindblad,rb,99.889000,18.000000,4.000000,,,23.560000,30.943000,45.386000,2980.788000,3011.731000,3057.117000,216.000000,184.000000,277.000000,248.000000,False,SOFT,2.000000,True,Racing Bulls,2957.228000,,1,,False,,False,True
2026,5,Canadian Grand Prix,Q,3130.665000,LIN,41,arvid_lindblad,rb,73.548000,19.000000,4.000000,,,20.927000,23.343000,29.278000,3078.044000,3101.387000,3130.665000,253.000000,289.000000,279.000000,322.000000,True,SOFT,3.000000,True,Racing Bulls,3057.117000,,1,,False,,False,True
2026,5,Canadian Grand Prix,Q,3565.215000,LIN,41,arvid_lindblad,rb,,20.000000,4.000000,,3213.334000,24.149000,27.926000,,3154.930000,3182.710000,,220.000000,249.000000,,262.000000,False,SOFT,4.000000,True,Racing Bulls,3130.665000,,1,,False,,False,False
2026,5,Canadian Grand Prix,Q,3659.074000,LIN,41,arvid_lindblad,rb,93.859000,21.000000,5.000000,3568.069000,,31.370000,27.450000,35.039000,3596.585000,3624.035000,3659.074000,231.000000,243.000000,234.000000,250.000000,False,SOFT,5.000000,False,Racing Bulls,3565.215000,,1,,False,,False,False
2026,5,Canadian Grand Prix,Q,3753.797000,LIN,41,arvid_lindblad,rb,94.723000,22.000000,5.000000,,,22.801000,28.260000,43.662000,3681.875000,3710.135000,3753.797000,232.000000,244.000000,277.000000,251.000000,True,SOFT,6.000000,False,Racing Bulls,3659.074000,,1,,False,,False,True
2026,5,Canadian Grand Prix,Q,3827.289000,LIN,41,arvid_lindblad,rb,73.492000,23.000000,5.000000,,,20.838000,23.320000,29.334000,3774.635000,3797.955000,3827.289000,253.000000,287.000000,274.000000,321.000000,True,SOFT,7.000000,False,Racing Bulls,3753.797000,,1,,False,,False,True
2026,5,Canadian Grand Prix,Q,4008.427000,LIN,41,arvid_lindblad,rb,,24.000000,5.000000,,3902.515000,22.506000,26.172000,,3849.893000,3876.113000,,239.000000,253.000000,,286.000000,False,SOFT,8.000000,False,Racing Bulls,3827.289000,,1,,False,,False,False
2026,5,Canadian Grand Prix,Q,4099.515000,LIN,41,arvid_lindblad,rb,91.088000,25.000000,6.000000,4010.430000,,28.708000,27.304000,35.076000,4037.135000,4064.439000,4099.515000,212.000000,246.000000,238.000000,256.000000,False,SOFT,1.000000,True,Racing Bulls,4008.427000,,1,,False,,False,False
2026,5,Canadian Grand Prix,Q,4183.533000,LIN,41,arvid_lindblad,rb,84.018000,26.000000,6.000000,,,22.869000,26.509000,34.640000,4122.384000,4148.893000,4183.533000,236.000000,256.000000,276.000000,251.000000,False,SOFT,2.000000,True,Racing Bulls,4099.515000,,1,,False,,False,True
2026,5,Canadian Grand Prix,Q,4256.813000,LIN,41,arvid_lindblad,rb,73.280000,27.000000,6.000000,,,20.654000,23.309000,29.317000,4204.187000,4227.496000,4256.813000,253.000000,286.000000,274.000000,320.000000,True,SOFT,3.000000,True,Racing Bulls,4183.533000,,1,,False,,False,True
2026,5,Canadian Grand Prix,Q,4339.226000,LIN,41,arvid_lindblad,rb,,28.000000,6.000000,,4339.226000,27.041000,26.763000,,4283.867000,4310.757000,,230.000000,252.000000,,272.000000,False,SOFT,4.000000,True,Racing Bulls,4256.813000,,1,,False,,False,False
2026,5,Canadian Grand Prix,Q,864.151000,COL,43,colapinto,alpine,109.322000,1.000000,1.000000,758.985000,,43.976000,29.209000,36.137000,798.903000,828.101000,864.275000,223.000000,239.000000,265.000000,251.000000,False,SOFT,1.000000,True,Alpine,758.985000,,1,,False,,False,False
2026,5,Canadian Grand Prix,Q,951.762000,COL,43,colapinto,alpine,87.611000,2.000000,1.000000,,,24.335000,27.573000,35.703000,888.486000,916.059000,951.762000,211.000000,242.000000,278.000000,250.000000,True,SOFT,2.000000,True,Alpine,864.151000,,1,,False,,False,True
2026,5,Canadian Grand Prix,Q,1026.489000,COL,43,colapinto,alpine,74.727000,3.000000,1.000000,,,21.386000,23.711000,29.630000,973.148000,996.859000,1026.489000,249.000000,289.000000,279.000000,320.000000,True,SOFT,3.000000,True,Alpine,951.762000,,1,,False,,False,True
2026,5,Canadian Grand Prix,Q,1305.140000,COL,43,colapinto,alpine,,4.000000,1.000000,,1119.268000,30.827000,31.249000,,1057.328000,1088.597000,,188.000000,235.000000,,253.000000,False,SOFT,4.000000,True,Alpine,1026.489000,,1,,False,,False,False
2026,5,Canadian Grand Prix,Q,1397.864000,COL,43,colapinto,alpine,92.724000,5.000000,2.000000,1307.044000,,29.143000,27.670000,35.911000,1334.283000,1361.953000,1397.864000,235.000000,240.000000,262.000000,249.000000,False,SOFT,1.000000,True,Alpine,1305.140000,,1,,False,,False,False
2026,5,Canadian Grand Prix,Q,1491.104000,COL,43,colapinto,alpine,93.240000,6.000000,2.000000,,,24.376000,26.631000,42.233000,1422.240000,1448.871000,1491.104000,228.000000,242.000000,252.000000,127.000000,False,SOFT,2.000000,True,Alpine,1397.864000,,1,,False,,False,True
2026,5,Canadian Grand Prix,Q,1568.445000,COL,43,colapinto,alpine,77.341000,7.000000,2.000000,,,22.009000,24.723000,30.609000,1513.113000,1537.836000,1568.445000,249.000000,284.000000,265.000000,323.000000,False,SOFT,3.000000,True,Alpine,1491.104000,,1,,False,,False,True
2026,5,Canadian Grand Prix,Q,1666.060000,COL,43,colapinto,alpine,97.615000,8.000000,2.000000,,,29.737000,28.583000,39.295000,1598.182000,1626.765000,1666.060000,192.000000,248.000000,248.000000,255.000000,False,SOFT,4.000000,True,Alpine,1568.445000,,1,,False,,False,True
2026,5,Canadian Grand Prix,Q,1740.526000,COL,43,colapinto,alpine,74.466000,9.000000,2.000000,,,21.560000,23.621000,29.285000,1687.620000,1711.241000,1740.526000,246.000000,292.000000,280.000000,320.000000,True,SOFT,5.000000,True,Alpine,1666.060000,,1,,False,,False,True
2026,5,Canadian Grand Prix,Q,2209.435000,COL,43,colapinto,alpine,,10.000000,2.000000,,1841.426000,30.584000,31.229000,,1771.234000,1802.514000,,178.000000,187.000000,,167.000000,False,SOFT,6.000000,True,Alpine,1740.526000,,12,,False,,False,False
2026,5,Canadian Grand Prix,Q,2304.009000,COL,43,colapinto,alpine,,11.000000,3.000000,2209.435000,,,27.936000,36.393000,,2267.685000,2304.039000,224.000000,239.000000,262.000000,247.000000,False,SOFT,1.000000,True,Alpine,2209.435000,,1,,False,,False,False
2026,5,Canadian Grand Prix,Q,2389.990000,COL,43,colapinto,alpine,85.981000,12.000000,3.000000,,,24.081000,26.390000,35.510000,2328.090000,2354.480000,2389.990000,226.000000,241.000000,278.000000,248.000000,True,SOFT,2.000000,True,Alpine,2304.009000,,1,,False,,False,True
2026,5,Canadian Grand Prix,Q,2464.035000,COL,43,colapinto,alpine,74.045000,13.000000,3.000000,,,21.155000,23.551000,29.339000,2411.145000,2434.696000,2464.035000,249.000000,289.000000,278.000000,318.000000,True,SOFT,3.000000,True,Alpine,2389.990000,,1,,False,,False,True
2026,5,Canadian Grand Prix,Q,2694.671000,COL,43,colapinto,alpine,,14.000000,3.000000,,2551.149000,27.947000,27.977000,,2492.050000,2519.987000,,217.000000,210.000000,,230.000000,False,SOFT,4.000000,True,Alpine,2464.035000,,1,,False,,False,False
2026,5,Canadian Grand Prix,Q,2790.847000,COL,43,colapinto,alpine,96.176000,15.000000,4.000000,2697.182000,,32.884000,27.582000,35.710000,2727.555000,2755.137000,2790.847000,223.000000,243.000000,268.000000,249.000000,False,SOFT,1.000000,True,Alpine,2694.671000,,1,,False,,False,False
2026,5,Canadian Grand Prix,Q,2880.824000,COL,43,colapinto,alpine,89.977000,16.000000,4.000000,,,24.563000,27.983000,37.431000,2815.410000,2843.393000,2880.824000,231.000000,243.000000,278.000000,244.000000,False,SOFT,2.000000,True,Alpine,2790.847000,,1,,False,,False,True
2026,5,Canadian Grand Prix,Q,2954.681000,COL,43,colapinto,alpine,73.857000,17.000000,4.000000,,,21.048000,23.434000,29.375000,2901.872000,2925.306000,2954.681000,249.000000,289.000000,275.000000,319.000000,True,SOFT,3.000000,True,Alpine,2880.824000,,1,,False,,False,True
2026,5,Canadian Grand Prix,Q,3070.538000,COL,43,colapinto,alpine,115.857000,18.000000,4.000000,,,32.118000,33.519000,50.220000,2986.799000,3020.318000,3070.538000,182.000000,238.000000,270.000000,110.000000,False,SOFT,4.000000,True,Alpine,2954.681000,,1,,False,,False,True
2026,5,Canadian Grand Prix,Q,3588.178000,COL,43,colapinto,alpine,,19.000000,4.000000,,3150.717000,21.816000,25.560000,,3092.383000,3117.877000,,250.000000,193.000000,,237.000000,False,SOFT,5.000000,True,Alpine,3070.538000,,1,,False,,False,False
2026,5,Canadian Grand Prix,Q,3687.162000,COL,43,colapinto,alpine,98.984000,20.000000,5.000000,3593.622000,,36.040000,27.278000,35.666000,3624.218000,3651.496000,3687.162000,227.000000,238.000000,265.000000,246.000000,False,SOFT,1.000000,True,Alpine,3588.178000,,1,,False,,False,False
2026,5,Canadian Grand Prix,Q,3777.323000,COL,43,colapinto,alpine,90.161000,21.000000,5.000000,,,23.352000,26.302000,40.507000,3710.514000,3736.816000,3777.323000,228.000000,242.000000,280.000000,255.000000,True,SOFT,2.000000,True,Alpine,3687.162000,,1,,False,,False,True
2026,5,Canadian Grand Prix,Q,3851.020000,COL,43,colapinto,alpine,73.697000,22.000000,5.000000,,,21.040000,23.407000,29.250000,3798.363000,3821.770000,3851.020000,249.000000,290.000000,276.000000,320.000000,True,SOFT,3.000000,True,Alpine,3777.323000,,1,,False,,False,True
2026,5,Canadian Grand Prix,Q,4061.838000,COL,43,colapinto,alpine,,23.000000,5.000000,,3937.068000,24.834000,29.578000,,3875.952000,3905.510000,,201.000000,208.000000,,231.000000,False,SOFT,4.000000,True,Alpine,3851.020000,,1,,False,,False,False
2026,5,Canadian Grand Prix,Q,4161.008000,COL,43,colapinto,alpine,99.170000,24.000000,6.000000,4066.311000,,35.755000,27.448000,35.967000,4097.593000,4125.041000,4161.008000,220.000000,243.000000,269.000000,249.000000,False,SOFT,1.000000,True,Alpine,4061.838000,,1,,False,,False,False
2026,5,Canadian Grand Prix,Q,4247.365000,COL,43,colapinto,alpine,86.357000,25.000000,6.000000,,,23.727000,26.860000,35.770000,4184.735000,4211.595000,4247.365000,229.000000,241.000000,277.000000,250.000000,False,SOFT,2.000000,True,Alpine,4161.008000,,1,,False,,False,True
2026,5,Canadian Grand Prix,Q,4321.240000,COL,43,colapinto,alpine,73.875000,26.000000,6.000000,,,20.997000,23.489000,29.389000,4268.362000,4291.851000,4321.240000,248.000000,288.000000,275.000000,320.000000,False,SOFT,3.000000,True,Alpine,4247.365000,,1,,False,,False,True
2026,5,Canadian Grand Prix,Q,4419.333000,COL,43,colapinto,alpine,,27.000000,6.000000,,4419.333000,26.006000,32.568000,,4347.335000,4379.887000,,194.000000,150.000000,,143.000000,False,SOFT,4.000000,True,Alpine,4321.240000,,1,,False,,False,False
2026,5,Canadian Grand Prix,Q,896.381000,HUL,27,hulkenberg,audi,108.844000,1.000000,1.000000,801.837000,,41.846000,28.368000,38.630000,829.473000,857.854000,896.783000,215.000000,246.000000,264.000000,254.000000,False,SOFT,1.000000,True,Audi,801.837000,,1,,False,,False,False
2026,5,Canadian Grand Prix,Q,984.000000,HUL,27,hulkenberg,audi,87.619000,2.000000,1.000000,,,23.127000,26.795000,37.697000,919.508000,946.303000,984.000000,248.000000,225.000000,274.000000,266.000000,True,SOFT,2.000000,True,Audi,896.381000,,1,,False,,False,True
2026,5,Canadian Grand Prix,Q,1060.244000,HUL,27,hulkenberg,audi,76.244000,3.000000,1.000000,,,21.831000,23.988000,30.425000,1005.831000,1029.819000,1060.244000,249.000000,286.000000,268.000000,316.000000,True,SOFT,3.000000,True,Audi,984.000000,,1,,False,,False,True
2026,5,Canadian Grand Prix,Q,1153.916000,HUL,27,hulkenberg,audi,93.672000,4.000000,1.000000,,,23.852000,30.857000,38.963000,1084.096000,1114.953000,1153.916000,221.000000,250.000000,275.000000,203.000000,False,SOFT,4.000000,True,Audi,1060.244000,,1,,False,,False,True
2026,5,Canadian Grand Prix,Q,1401.278000,HUL,27,hulkenberg,audi,,5.000000,1.000000,,1238.038000,25.575000,30.373000,,1179.578000,1209.933000,,220.000000,255.000000,,280.000000,False,SOFT,5.000000,True,Audi,1153.916000,,1,,False,,False,False
2026,5,Canadian Grand Prix,Q,1491.548000,HUL,27,hulkenberg,audi,90.270000,6.000000,2.000000,1402.962000,,27.234000,27.579000,35.457000,1428.512000,1456.091000,1491.548000,226.000000,243.000000,271.000000,271.000000,False,SOFT,1.000000,True,Audi,1401.278000,,1,,False,,False,False
2026,5,Canadian Grand Prix,Q,1583.647000,HUL,27,hulkenberg,audi,92.099000,7.000000,2.000000,,,22.988000,25.713000,43.398000,1514.536000,1540.249000,1583.647000,249.000000,247.000000,275.000000,120.000000,False,SOFT,2.000000,True,Audi,1491.548000,,1,,False,,False,True
2026,5,Canadian Grand Prix,Q,1658.859000,HUL,27,hulkenberg,audi,75.212000,8.000000,2.000000,,,21.877000,23.641000,29.694000,1605.524000,1629.165000,1658.859000,249.000000,287.000000,273.000000,320.000000,True,SOFT,3.000000,True,Audi,1583.647000,,1,,False,,False,True
2026,5,Canadian Grand Prix,Q,1751.272000,HUL,27,hulkenberg,audi,92.413000,9.000000,2.000000,,,23.850000,28.099000,40.464000,1682.709000,1710.808000,1751.272000,224.000000,184.000000,277.000000,240.000000,False,SOFT,4.000000,True,Audi,1658.859000,,1,,False,,False,True
2026,5,Canadian Grand Prix,Q,1825.834000,HUL,27,hulkenberg,audi,74.562000,10.000000,2.000000,,,21.161000,23.538000,29.863000,1772.433000,1795.971000,1825.834000,242.000000,285.000000,271.000000,311.000000,True,SOFT,5.000000,True,Audi,1751.272000,,1,,False,,False,True
2026,5,Canadian Grand Prix,Q,2317.471000,HUL,27,hulkenberg,audi,,11.000000,2.000000,,1913.108000,28.602000,28.975000,,1854.666000,1883.603000,,193.000000,242.000000,,255.000000,False,SOFT,6.000000,True,Audi,1825.834000,,12,,False,,False,False
2026,5,Canadian Grand Prix,Q,2406.387000,HUL,27,hulkenberg,audi,88.916000,12.000000,3.000000,2319.257000,,26.934000,27.094000,34.888000,2344.405000,2371.499000,2406.387000,226.000000,245.000000,268.000000,260.000000,False,SOFT,1.000000,True,Audi,2317.471000,,1,,False,,False,False
2026,5,Canadian Grand Prix,Q,2495.281000,HUL,27,hulkenberg,audi,88.894000,13.000000,3.000000,,,22.843000,26.203000,39.848000,2429.230000,2455.433000,2495.281000,245.000000,246.000000,278.000000,229.000000,True,SOFT,2.000000,True,Audi,2406.387000,,1,,False,,False,True
2026,5,Canadian Grand Prix,Q,2569.258000,HUL,27,hulkenberg,audi,73.977000,14.000000,3.000000,,,21.116000,23.370000,29.491000,2516.397000,2539.767000,2569.258000,250.000000,286.000000,275.000000,319.000000,True,SOFT,3.000000,True,Audi,2495.281000,,1,,False,,False,True
2026,5,Canadian Grand Prix,Q,2675.796000,HUL,27,hulkenberg,audi,106.538000,15.000000,3.000000,,2650.386000,23.628000,29.447000,53.463000,2592.886000,2622.333000,2675.796000,171.000000,259.000000,,279.000000,False,SOFT,4.000000,True,Audi,2569.258000,,1,,False,,False,False
2026,5,Canadian Grand Prix,Q,2764.027000,HUL,27,hulkenberg,audi,88.231000,16.000000,4.000000,2677.433000,,26.042000,27.122000,35.067000,2701.838000,2728.960000,2764.027000,230.000000,242.000000,264.000000,256.000000,False,SOFT,1.000000,True,Audi,2675.796000,,1,,False,,False,False
2026,5,Canadian Grand Prix,Q,2849.006000,HUL,27,hulkenberg,audi,84.979000,17.000000,4.000000,,,22.272000,26.133000,36.574000,2786.299000,2812.432000,2849.006000,247.000000,242.000000,276.000000,217.000000,False,SOFT,2.000000,True,Audi,2764.027000,,1,,False,,False,True
2026,5,Canadian Grand Prix,Q,2925.890000,HUL,27,hulkenberg,audi,76.884000,18.000000,4.000000,,,21.053000,23.335000,32.496000,2870.059000,2893.394000,2925.890000,252.000000,286.000000,233.000000,317.000000,False,SOFT,3.000000,True,Audi,2849.006000,,1,,True,TRACK LIMITS AT TURN 14 LAP 19 ,False,True
2026,5,Canadian Grand Prix,Q,3020.742000,HUL,27,hulkenberg,audi,94.852000,19.000000,4.000000,,,24.925000,28.287000,41.640000,2950.815000,2979.102000,3020.742000,209.000000,236.000000,276.000000,215.000000,False,SOFT,4.000000,True,Audi,2925.890000,,1,,True,TRACK LIMITS AT TURN 14 (NEXT LAP),False,True
2026,5,Canadian Grand Prix,Q,3094.628000,HUL,27,hulkenberg,audi,73.886000,20.000000,4.000000,,,21.108000,23.357000,29.421000,3041.850000,3065.207000,3094.628000,252.000000,287.000000,275.000000,316.000000,True,SOFT,5.000000,True,Audi,3020.742000,,1,,False,,False,True
2026,5,Canadian Grand Prix,Q,3183.375000,HUL,27,hulkenberg,audi,,21.000000,4.000000,,3183.375000,26.800000,30.054000,,3121.511000,3151.596000,,194.000000,233.000000,,213.000000,False,SOFT,6.000000,True,Audi,3094.628000,,1,,False,,False,False
2026,5,Canadian Grand Prix,Q,811.745000,LAW,30,lawson,rb,,1.000000,1.000000,711.712000,,,30.105000,36.324000,,775.536000,811.956000,208.000000,246.000000,237.000000,253.000000,False,SOFT,1.000000,True,Racing Bulls,711.712000,,1,,False,,False,False
2026,5,Canadian Grand Prix,Q,902.580000,LAW,30,lawson,rb,90.835000,2.000000,1.000000,,,24.770000,27.809000,38.256000,836.515000,864.324000,902.580000,229.000000,245.000000,272.000000,178.000000,True,SOFT,2.000000,True,Racing Bulls,811.745000,,1,,False,,False,True
2026,5,Canadian Grand Prix,Q,978.697000,LAW,30,lawson,rb,76.117000,3.000000,1.000000,,,21.961000,24.082000,30.074000,924.541000,948.623000,978.697000,253.000000,284.000000,274.000000,319.000000,True,SOFT,3.000000,True,Racing Bulls,902.580000,,1,,False,,False,True
2026,5,Canadian Grand Prix,Q,1076.484000,LAW,30,lawson,rb,97.787000,4.000000,1.000000,,,29.266000,30.748000,37.773000,1007.963000,1038.711000,1076.484000,173.000000,251.000000,280.000000,243.000000,False,SOFT,4.000000,True,Racing Bulls,978.697000,,1,,False,,False,True
2026,5,Canadian Grand Prix,Q,1151.593000,LAW,30,lawson,rb,75.109000,5.000000,1.000000,,,21.432000,23.847000,29.830000,1097.916000,1121.763000,1151.593000,248.000000,284.000000,275.000000,315.000000,True,SOFT,5.000000,True,Racing Bulls,1076.484000,,1,,False,,False,True
2026,5,Canadian Grand Prix,Q,1327.169000,LAW,30,lawson,rb,,6.000000,1.000000,,1234.088000,25.316000,27.568000,,1176.946000,1204.548000,,204.000000,248.000000,,272.000000,False,SOFT,6.000000,True,Racing Bulls,1151.593000,,1,,False,,False,False
2026,5,Canadian Grand Prix,Q,1420.424000,LAW,30,lawson,rb,93.255000,7.000000,2.000000,1328.752000,,29.080000,27.660000,36.515000,1356.249000,1383.909000,1420.424000,223.000000,243.000000,235.000000,256.000000,False,SOFT,1.000000,True,Racing Bulls,1327.169000,,1,,False,,False,False
2026,5,Canadian Grand Prix,Q,1509.408000,LAW,30,lawson,rb,88.984000,8.000000,2.000000,,,24.345000,27.033000,37.606000,1444.769000,1471.802000,1509.408000,219.000000,263.000000,280.000000,259.000000,False,SOFT,2.000000,True,Racing Bulls,1420.424000,,1,,False,,False,True
2026,5,Canadian Grand Prix,Q,1583.754000,LAW,30,lawson,rb,74.346000,9.000000,2.000000,,,21.153000,23.729000,29.464000,1530.561000,1554.290000,1583.754000,249.000000,285.000000,282.000000,321.000000,True,SOFT,3.000000,True,Racing Bulls,1509.408000,,1,,False,,False,True
2026,5,Canadian Grand Prix,Q,1678.872000,LAW,30,lawson,rb,95.118000,10.000000,2.000000,,,26.616000,32.173000,36.329000,1610.370000,1642.543000,1678.872000,195.000000,255.000000,284.000000,266.000000,False,SOFT,4.000000,True,Racing Bulls,1583.754000,,1,,False,,False,True
2026,5,Canadian Grand Prix,Q,1753.241000,LAW,30,lawson,rb,74.369000,11.000000,2.000000,,,21.132000,23.792000,29.445000,1700.004000,1723.796000,1753.241000,249.000000,286.000000,279.000000,318.000000,False,SOFT,5.000000,True,Racing Bulls,1678.872000,,1,,False,,False,True
2026,5,Canadian Grand Prix,Q,2223.111000,LAW,30,lawson,rb,,12.000000,2.000000,,1840.376000,24.610000,27.895000,,1777.955000,1805.811000,,211.000000,212.000000,,218.000000,False,SOFT,6.000000,True,Racing Bulls,1753.241000,,12,,False,,False,False
2026,5,Canadian Grand Prix,Q,2332.246000,LAW,30,lawson,rb,109.135000,13.000000,3.000000,2227.311000,,44.424000,28.390000,36.321000,2267.535000,2295.925000,2332.246000,224.000000,248.000000,237.000000,255.000000,False,SOFT,1.000000,True,Racing Bulls,2223.111000,,1,,False,,False,False
2026,5,Canadian Grand Prix,Q,2423.948000,LAW,30,lawson,rb,91.702000,14.000000,3.000000,,,24.407000,26.926000,40.369000,2356.653000,2383.579000,2423.948000,234.000000,245.000000,281.000000,254.000000,True,SOFT,2.000000,True,Racing Bulls,2332.246000,,1,,False,,False,True
2026,5,Canadian Grand Prix,Q,2500.819000,LAW,30,lawson,rb,76.871000,15.000000,3.000000,,,21.176000,23.586000,32.109000,2445.124000,2468.710000,2500.819000,250.000000,286.000000,232.000000,317.000000,False,SOFT,3.000000,True,Racing Bulls,2423.948000,,1,,True,TRACK LIMITS AT TURN 14 LAP 16 ,False,True
2026,5,Canadian Grand Prix,Q,2656.841000,LAW,30,lawson,rb,,16.000000,3.000000,,2585.646000,26.348000,28.321000,,2527.232000,2555.615000,,226.000000,245.000000,,260.000000,False,SOFT,4.000000,True,Racing Bulls,2500.819000,,1,,False,,False,False
2026,5,Canadian Grand Prix,Q,2752.370000,LAW,30,lawson,rb,95.529000,17.000000,4.000000,2658.386000,,30.401000,27.781000,37.347000,2687.242000,2715.023000,2752.370000,214.000000,247.000000,236.000000,255.000000,False,SOFT,1.000000,True,Racing Bulls,2656.841000,,1,,False,,False,False
2026,5,Canadian Grand Prix,Q,2840.316000,LAW,30,lawson,rb,87.946000,18.000000,4.000000,,,25.137000,27.352000,35.457000,2777.507000,2804.859000,2840.316000,232.000000,246.000000,281.000000,255.000000,True,SOFT,2.000000,True,Racing Bulls,2752.370000,,1,,False,,False,True
2026,5,Canadian Grand Prix,Q,2914.719000,LAW,30,lawson,rb,74.403000,19.000000,4.000000,,,21.070000,23.680000,29.653000,2861.386000,2885.066000,2914.719000,251.000000,286.000000,275.000000,315.000000,True,SOFT,3.000000,True,Racing Bulls,2840.316000,,1,,False,,False,True
2026,5,Canadian Grand Prix,Q,3005.854000,LAW,30,lawson,rb,91.135000,20.000000,4.000000,,,25.963000,29.175000,35.997000,2940.682000,2969.857000,3005.854000,192.000000,232.000000,282.000000,258.000000,False,SOFT,4.000000,True,Racing Bulls,2914.719000,,1,,False,,False,True
2026,5,Canadian Grand Prix,Q,3079.751000,LAW,30,lawson,rb,73.897000,21.000000,4.000000,,,20.886000,23.528000,29.483000,3026.740000,3050.268000,3079.751000,250.000000,286.000000,280.000000,315.000000,True,SOFT,5.000000,True,Racing Bulls,3005.854000,,1,,False,,False,True
2026,5,Canadian Grand Prix,Q,3165.619000,LAW,30,lawson,rb,,22.000000,4.000000,,3165.619000,27.182000,27.249000,,3107.088000,3134.798000,,201.000000,236.000000,,246.000000,False,SOFT,6.000000,True,Racing Bulls,3079.751000,,1,,False,,False,False
2026,5,Canadian Grand Prix,Q,892.801000,BOR,5,bortoleto,audi,115.154000,1.000000,1.000000,784.920000,,49.784000,28.523000,36.847000,827.491000,855.997000,893.021000,223.000000,244.000000,241.000000,241.000000,False,SOFT,1.000000,True,Audi,784.920000,,1,,False,,False,False
2026,5,Canadian Grand Prix,Q,990.176000,BOR,5,bortoleto,audi,97.375000,2.000000,1.000000,,,23.859000,34.301000,39.215000,916.660000,950.961000,990.176000,233.000000,232.000000,275.000000,267.000000,True,SOFT,2.000000,True,Audi,892.801000,,1,,False,,False,True
2026,5,Canadian Grand Prix,Q,1066.155000,BOR,5,bortoleto,audi,75.979000,3.000000,1.000000,,,21.907000,24.047000,30.025000,1012.083000,1036.130000,1066.155000,252.000000,287.000000,272.000000,329.000000,True,SOFT,3.000000,True,Audi,990.176000,,1,,False,,False,True
2026,5,Canadian Grand Prix,Q,1168.603000,BOR,5,bortoleto,audi,102.448000,4.000000,1.000000,,,29.932000,30.635000,41.881000,1096.087000,1126.722000,1168.603000,171.000000,200.000000,275.000000,220.000000,False,SOFT,4.000000,True,Audi,1066.155000,,1,,False,,False,True
2026,5,Canadian Grand Prix,Q,1247.725000,BOR,5,bortoleto,audi,79.122000,5.000000,1.000000,,,24.030000,24.719000,30.373000,1192.633000,1217.352000,1247.725000,227.000000,287.000000,267.000000,324.000000,False,SOFT,5.000000,True,Audi,1168.603000,,1,,True,TRACK LIMITS AT TURN 4 LAP 6 ,False,True
2026,5,Canadian Grand Prix,Q,1405.473000,BOR,5,bortoleto,audi,,6.000000,1.000000,,1333.089000,27.432000,27.196000,,1275.380000,1302.434000,,221.000000,247.000000,,263.000000,False,SOFT,6.000000,True,Audi,1247.725000,,1,,False,,False,False
2026,5,Canadian Grand Prix,Q,1497.272000,BOR,5,bortoleto,audi,91.799000,7.000000,2.000000,1408.273000,,28.957000,27.783000,35.059000,1434.430000,1462.213000,1497.272000,228.000000,246.000000,242.000000,259.000000,False,SOFT,1.000000,True,Audi,1405.473000,,1,,False,,False,False
2026,5,Canadian Grand Prix,Q,1600.912000,BOR,5,bortoleto,audi,103.640000,8.000000,2.000000,,,23.673000,30.087000,49.880000,1520.945000,1551.032000,1600.912000,237.000000,249.000000,275.000000,234.000000,False,SOFT,2.000000,True,Audi,1497.272000,,1,,False,,False,True
2026,5,Canadian Grand Prix,Q,1675.792000,BOR,5,bortoleto,audi,74.880000,9.000000,2.000000,,,21.582000,23.610000,29.688000,1622.494000,1646.104000,1675.792000,250.000000,287.000000,272.000000,320.000000,True,SOFT,3.000000,True,Audi,1600.912000,,1,,False,,False,True
2026,5,Canadian Grand Prix,Q,1772.913000,BOR,5,bortoleto,audi,97.121000,10.000000,2.000000,,,26.213000,29.399000,41.509000,1702.005000,1731.404000,1772.913000,207.000000,203.000000,276.000000,253.000000,False,SOFT,4.000000,True,Audi,1675.792000,,1,,False,,False,True
2026,5,Canadian Grand Prix,Q,1847.688000,BOR,5,bortoleto,audi,74.775000,11.000000,2.000000,,,21.525000,23.568000,29.682000,1794.438000,1818.006000,1847.688000,250.000000,285.000000,272.000000,319.000000,True,SOFT,5.000000,True,Audi,1772.913000,,1,,False,,False,True
2026,5,Canadian Grand Prix,Q,2275.824000,BOR,5,bortoleto,audi,,12.000000,2.000000,,1932.966000,26.298000,28.831000,,1874.098000,1902.878000,,193.000000,262.000000,,214.000000,False,SOFT,6.000000,True,Audi,1847.688000,,12,,False,,False,False
2026,5,Canadian Grand Prix,Q,2380.680000,BOR,5,bortoleto,audi,104.856000,13.000000,3.000000,2287.128000,,41.465000,28.286000,35.105000,2317.289000,2345.575000,2380.680000,207.000000,243.000000,240.000000,258.000000,False,SOFT,1.000000,True,Audi,2275.824000,,1,,False,,False,False
2026,5,Canadian Grand Prix,Q,2468.744000,BOR,5,bortoleto,audi,88.064000,14.000000,3.000000,,,23.301000,27.086000,37.677000,2403.981000,2431.067000,2468.744000,237.000000,248.000000,278.000000,258.000000,True,SOFT,2.000000,True,Audi,2380.680000,,1,,False,,False,True
2026,5,Canadian Grand Prix,Q,2543.170000,BOR,5,bortoleto,audi,74.426000,15.000000,3.000000,,,21.252000,23.591000,29.583000,2489.996000,2513.587000,2543.170000,251.000000,287.000000,272.000000,322.000000,True,SOFT,3.000000,True,Audi,2468.744000,,1,,False,,False,True
2026,5,Canadian Grand Prix,Q,2688.405000,BOR,5,bortoleto,audi,145.235000,16.000000,3.000000,,2629.720000,30.176000,26.943000,88.116000,2573.346000,2600.289000,2688.405000,229.000000,243.000000,,260.000000,False,SOFT,4.000000,True,Audi,2543.170000,,1,,False,,False,False
2026,5,Canadian Grand Prix,Q,2779.400000,BOR,5,bortoleto,audi,90.995000,17.000000,4.000000,2690.244000,,28.127000,28.047000,34.821000,2716.532000,2744.579000,2779.400000,236.000000,245.000000,238.000000,258.000000,False,SOFT,1.000000,True,Audi,2688.405000,,1,,False,,False,False
2026,5,Canadian Grand Prix,Q,2865.708000,BOR,5,bortoleto,audi,86.308000,18.000000,4.000000,,,24.241000,26.972000,35.095000,2803.641000,2830.613000,2865.708000,236.000000,242.000000,276.000000,254.000000,False,SOFT,2.000000,True,Audi,2779.400000,,1,,False,,False,True
2026,5,Canadian Grand Prix,Q,2940.258000,BOR,5,bortoleto,audi,74.550000,19.000000,4.000000,,,21.279000,23.594000,29.677000,2886.987000,2910.581000,2940.258000,251.000000,285.000000,271.000000,320.000000,False,SOFT,3.000000,True,Audi,2865.708000,,1,,False,,False,True
2026,5,Canadian Grand Prix,Q,3046.141000,BOR,5,bortoleto,audi,105.883000,20.000000,4.000000,,,28.405000,34.452000,43.026000,2968.663000,3003.115000,3046.141000,181.000000,166.000000,278.000000,252.000000,False,SOFT,4.000000,True,Audi,2940.258000,,1,,False,,False,True
2026,5,Canadian Grand Prix,Q,3120.212000,BOR,5,bortoleto,audi,74.071000,21.000000,4.000000,,,21.168000,23.432000,29.471000,3067.309000,3090.741000,3120.212000,251.000000,287.000000,275.000000,320.000000,True,SOFT,5.000000,True,Audi,3046.141000,,1,,False,,False,True
2026,5,Canadian Grand Prix,Q,3209.488000,BOR,5,bortoleto,audi,,22.000000,4.000000,,3209.488000,27.353000,30.487000,,3147.752000,3178.144000,,191.000000,220.000000,,244.000000,False,SOFT,6.000000,True,Audi,3120.212000,,1,,False,,False,False
2026,5,Canadian Grand Prix,Q,837.085000,GAS,10,gasly,alpine,107.974000,1.000000,1.000000,733.297000,,41.436000,29.648000,36.890000,770.647000,800.362000,837.436000,225.000000,237.000000,270.000000,251.000000,False,SOFT,1.000000,True,Alpine,733.297000,,1,,False,,False,False
2026,5,Canadian Grand Prix,Q,929.994000,GAS,10,gasly,alpine,92.909000,2.000000,1.000000,,,27.281000,28.934000,36.694000,864.366000,893.300000,929.994000,213.000000,240.000000,268.000000,252.000000,True,SOFT,2.000000,True,Alpine,837.085000,,1,,False,,False,True
2026,5,Canadian Grand Prix,Q,1007.525000,GAS,10,gasly,alpine,77.531000,3.000000,1.000000,,,22.189000,24.379000,30.963000,952.183000,976.562000,1007.525000,249.000000,288.000000,267.000000,319.000000,True,SOFT,3.000000,True,Alpine,929.994000,,1,,False,,False,True
2026,5,Canadian Grand Prix,Q,1105.803000,GAS,10,gasly,alpine,98.278000,4.000000,1.000000,,,29.992000,31.780000,36.506000,1037.517000,1069.297000,1105.803000,175.000000,207.000000,276.000000,254.000000,False,SOFT,4.000000,True,Alpine,1007.525000,,1,,False,,False,True
2026,5,Canadian Grand Prix,Q,1308.177000,GAS,10,gasly,alpine,,5.000000,1.000000,,1176.512000,21.548000,23.794000,,1127.567000,1151.240000,,246.000000,287.000000,,319.000000,False,SOFT,5.000000,True,Alpine,1105.803000,,1,,False,,False,False
2026,5,Canadian Grand Prix,Q,1405.137000,GAS,10,gasly,alpine,96.960000,6.000000,2.000000,1310.987000,,31.695000,27.556000,37.709000,1339.872000,1367.428000,1405.137000,232.000000,242.000000,251.000000,249.000000,False,SOFT,1.000000,True,Alpine,1308.177000,,1,,False,,False,False
2026,5,Canadian Grand Prix,Q,1496.567000,GAS,10,gasly,alpine,91.430000,7.000000,2.000000,,,26.280000,27.958000,37.192000,1431.417000,1459.375000,1496.567000,228.000000,239.000000,277.000000,253.000000,False,SOFT,2.000000,True,Alpine,1405.137000,,1,,False,,False,True
2026,5,Canadian Grand Prix,Q,1571.265000,GAS,10,gasly,alpine,74.698000,8.000000,2.000000,,,21.355000,23.537000,29.806000,1517.922000,1541.459000,1571.265000,246.000000,289.000000,271.000000,320.000000,True,SOFT,3.000000,True,Alpine,1496.567000,,1,,False,,False,True
2026,5,Canadian Grand Prix,Q,1672.380000,GAS,10,gasly,alpine,101.115000,9.000000,2.000000,,,30.519000,31.912000,38.684000,1601.784000,1633.696000,1672.380000,170.000000,242.000000,275.000000,252.000000,False,SOFT,4.000000,True,Alpine,1571.265000,,1,,False,,False,True
2026,5,Canadian Grand Prix,Q,2211.070000,GAS,10,gasly,alpine,,10.000000,2.000000,,1761.740000,25.078000,30.578000,,1697.472000,1728.024000,,176.000000,214.000000,,256.000000,False,SOFT,5.000000,True,Alpine,1672.380000,,12,,False,,False,False
2026,5,Canadian Grand Prix,Q,2308.931000,GAS,10,gasly,alpine,,11.000000,3.000000,2211.070000,,,27.864000,35.837000,,2273.224000,2309.002000,183.000000,249.000000,266.000000,247.000000,False,SOFT,1.000000,True,Alpine,2211.070000,,1,,False,,False,False
2026,5,Canadian Grand Prix,Q,2398.430000,GAS,10,gasly,alpine,89.499000,12.000000,3.000000,,,24.626000,28.385000,36.488000,2333.557000,2361.942000,2398.430000,229.000000,240.000000,276.000000,252.000000,True,SOFT,2.000000,True,Alpine,2308.931000,,1,,False,,False,True
2026,5,Canadian Grand Prix,Q,2473.141000,GAS,10,gasly,alpine,74.711000,13.000000,3.000000,,,21.481000,23.603000,29.627000,2419.911000,2443.514000,2473.141000,244.000000,289.000000,275.000000,314.000000,True,SOFT,3.000000,True,Alpine,2398.430000,,1,,False,,False,True
2026,5,Canadian Grand Prix,Q,2698.505000,GAS,10,gasly,alpine,,14.000000,3.000000,,2559.711000,24.967000,30.449000,,2498.254000,2528.660000,,222.000000,244.000000,,240.000000,False,SOFT,4.000000,True,Alpine,2473.141000,,1,,False,,False,False
2026,5,Canadian Grand Prix,Q,2799.138000,GAS,10,gasly,alpine,100.633000,15.000000,4.000000,2702.025000,,37.806000,26.902000,35.925000,2736.311000,2763.213000,2799.138000,235.000000,258.000000,265.000000,250.000000,False,SOFT,1.000000,True,Alpine,2698.505000,,1,,False,,False,False
2026,5,Canadian Grand Prix,Q,2890.208000,GAS,10,gasly,alpine,91.070000,16.000000,4.000000,,,23.788000,26.514000,40.768000,2822.926000,2849.440000,2890.208000,230.000000,245.000000,275.000000,118.000000,False,SOFT,2.000000,True,Alpine,2799.138000,,1,,False,,False,True
2026,5,Canadian Grand Prix,Q,2964.668000,GAS,10,gasly,alpine,74.460000,17.000000,4.000000,,,21.509000,23.400000,29.551000,2911.717000,2935.117000,2964.668000,244.000000,288.000000,274.000000,317.000000,True,SOFT,3.000000,True,Alpine,2890.208000,,1,,False,,False,True
2026,5,Canadian Grand Prix,Q,3075.176000,GAS,10,gasly,alpine,110.508000,18.000000,4.000000,,,28.724000,33.512000,48.272000,2993.392000,3026.904000,3075.176000,182.000000,180.000000,274.000000,87.000000,False,SOFT,4.000000,True,Alpine,2964.668000,,1,,False,,False,True
2026,5,Canadian Grand Prix,Q,3149.363000,GAS,10,gasly,alpine,74.187000,19.000000,4.000000,,,21.270000,23.396000,29.521000,3096.446000,3119.842000,3149.363000,246.000000,290.000000,279.000000,316.000000,True,SOFT,5.000000,True,Alpine,3075.176000,,1,,False,,False,True
2026,5,Canadian Grand Prix,Q,3237.893000,GAS,10,gasly,alpine,,20.000000,4.000000,,3237.893000,29.235000,28.826000,,3178.690000,3207.573000,,187.000000,220.000000,,228.000000,False,SOFT,6.000000,True,Alpine,3149.363000,,1,,False,,False,False
2026,5,Canadian Grand Prix,Q,827.558000,SAI,55,sainz,williams,105.164000,1.000000,1.000000,725.296000,,40.800000,27.512000,36.852000,763.261000,790.943000,827.859000,226.000000,251.000000,270.000000,248.000000,False,SOFT,1.000000,True,Williams,725.296000,,1,,False,,False,False
2026,5,Canadian Grand Prix,Q,916.091000,SAI,55,sainz,williams,88.533000,2.000000,1.000000,,,22.180000,25.535000,40.818000,849.738000,875.273000,916.091000,248.000000,252.000000,267.000000,173.000000,True,SOFT,2.000000,True,Williams,827.558000,,1,,False,,False,True
2026,5,Canadian Grand Prix,Q,991.707000,SAI,55,sainz,williams,75.616000,3.000000,1.000000,,,21.734000,23.906000,29.976000,937.825000,961.731000,991.707000,247.000000,288.000000,273.000000,319.000000,True,SOFT,3.000000,True,Williams,916.091000,,1,,False,,False,True
2026,5,Canadian Grand Prix,Q,1091.438000,SAI,55,sainz,williams,99.731000,4.000000,1.000000,,,30.052000,30.391000,39.288000,1021.759000,1052.150000,1091.438000,174.000000,226.000000,275.000000,254.000000,False,SOFT,4.000000,True,Williams,991.707000,,1,,False,,False,True
2026,5,Canadian Grand Prix,Q,1166.184000,SAI,55,sainz,williams,74.746000,5.000000,1.000000,,,21.359000,23.664000,29.723000,1112.797000,1136.461000,1166.184000,247.000000,287.000000,274.000000,320.000000,True,SOFT,5.000000,True,Williams,1091.438000,,1,,False,,False,True
2026,5,Canadian Grand Prix,Q,1371.040000,SAI,55,sainz,williams,,6.000000,1.000000,,1253.883000,28.420000,29.612000,,1194.725000,1224.326000,,189.000000,248.000000,,254.000000,False,SOFT,6.000000,True,Williams,1166.184000,,1,,False,,False,False
2026,5,Canadian Grand Prix,Q,1477.511000,SAI,55,sainz,williams,106.471000,7.000000,2.000000,1375.088000,,41.443000,26.600000,38.428000,1412.483000,1439.083000,1477.511000,230.000000,288.000000,270.000000,253.000000,False,SOFT,1.000000,True,Williams,1371.040000,,1,,False,,False,False
2026,5,Canadian Grand Prix,Q,1565.332000,SAI,55,sainz,williams,87.821000,8.000000,2.000000,,,21.880000,26.849000,39.092000,1499.391000,1526.240000,1565.332000,246.000000,238.000000,277.000000,250.000000,False,SOFT,2.000000,True,Williams,1477.511000,,1,,False,,False,True
2026,5,Canadian Grand Prix,Q,1639.608000,SAI,55,sainz,williams,74.276000,9.000000,2.000000,,,21.241000,23.491000,29.544000,1586.573000,1610.064000,1639.608000,248.000000,289.000000,274.000000,318.000000,True,SOFT,3.000000,True,Williams,1565.332000,,1,,False,,False,True
2026,5,Canadian Grand Prix,Q,1739.687000,SAI,55,sainz,williams,100.079000,10.000000,2.000000,,,29.474000,33.486000,37.119000,1669.082000,1702.568000,1739.687000,199.000000,211.000000,275.000000,272.000000,False,SOFT,4.000000,True,Williams,1639.608000,,1,,False,,False,True
2026,5,Canadian Grand Prix,Q,1829.424000,SAI,55,sainz,williams,89.737000,11.000000,2.000000,,,21.634000,27.199000,40.904000,1761.321000,1788.520000,1829.424000,244.000000,246.000000,272.000000,242.000000,False,SOFT,5.000000,True,Williams,1739.687000,,1,,False,,False,True
2026,5,Canadian Grand Prix,Q,2233.062000,SAI,55,sainz,williams,,12.000000,2.000000,,1914.350000,24.255000,28.113000,,1853.701000,1881.853000,,200.000000,272.000000,,202.000000,False,SOFT,6.000000,True,Williams,1829.424000,,12,,False,,False,False
2026,5,Canadian Grand Prix,Q,2350.746000,SAI,55,sainz,williams,117.684000,13.000000,3.000000,2235.698000,2326.265000,35.290000,28.852000,53.542000,2268.352000,2297.204000,2350.746000,216.000000,247.000000,,265.000000,False,SOFT,7.000000,False,Williams,2233.062000,,1,,False,,False,False
2026,5,Canadian Grand Prix,Q,2442.422000,SAI,55,sainz,williams,91.676000,14.000000,4.000000,2352.385000,,27.422000,26.269000,37.985000,2378.168000,2404.437000,2442.422000,242.000000,279.000000,274.000000,262.000000,False,SOFT,1.000000,True,Williams,2350.746000,,1,,False,,False,False
2026,5,Canadian Grand Prix,Q,2526.057000,SAI,55,sainz,williams,83.635000,15.000000,4.000000,,,21.894000,25.611000,36.130000,2464.316000,2489.927000,2526.057000,248.000000,257.000000,276.000000,248.000000,True,SOFT,2.000000,True,Williams,2442.422000,,1,,False,,False,True
2026,5,Canadian Grand Prix,Q,2600.388000,SAI,55,sainz,williams,74.331000,16.000000,4.000000,,,21.166000,23.497000,29.668000,2547.223000,2570.720000,2600.388000,245.000000,285.000000,271.000000,313.000000,True,SOFT,3.000000,True,Williams,2526.057000,,1,,False,,False,True
2026,5,Canadian Grand Prix,Q,2846.288000,SAI,55,sainz,williams,,17.000000,4.000000,,2686.808000,28.715000,28.925000,,2629.360000,2658.149000,,192.000000,262.000000,,283.000000,False,SOFT,4.000000,True,Williams,2600.388000,,1,,False,,False,False
2026,5,Canadian Grand Prix,Q,2947.863000,SAI,55,sainz,williams,101.575000,18.000000,5.000000,2848.392000,,35.609000,29.387000,36.579000,2881.897000,2911.284000,2947.863000,248.000000,266.000000,272.000000,250.000000,False,SOFT,1.000000,True,Williams,2846.288000,,1,,False,,False,False
2026,5,Canadian Grand Prix,Q,3039.671000,SAI,55,sainz,williams,91.808000,19.000000,5.000000,,,22.063000,28.011000,41.734000,2969.926000,2997.937000,3039.671000,244.000000,250.000000,276.000000,246.000000,False,SOFT,2.000000,True,Williams,2947.863000,,1,,False,,False,True
2026,5,Canadian Grand Prix,Q,3113.944000,SAI,55,sainz,williams,74.273000,20.000000,5.000000,,,21.483000,23.333000,29.457000,3061.154000,3084.487000,3113.944000,242.000000,287.000000,275.000000,317.000000,True,SOFT,3.000000,True,Williams,3039.671000,,1,,False,,False,True
2026,5,Canadian Grand Prix,Q,3204.441000,SAI,55,sainz,williams,,21.000000,5.000000,,3204.441000,28.882000,30.079000,,3142.892000,3172.956000,,192.000000,228.000000,,241.000000,False,SOFT,4.000000,True,Williams,3113.944000,,1,,False,,False,False
2026,5,Canadian Grand Prix,Q,818.377000,BEA,87,bearman,haas,,1.000000,1.000000,717.549000,,,31.134000,37.795000,,780.659000,818.626000,226.000000,253.000000,262.000000,240.000000,False,SOFT,1.000000,True,Haas F1 Team,717.549000,,1,,False,,False,False
2026,5,Canadian Grand Prix,Q,909.742000,BEA,87,bearman,haas,91.365000,2.000000,1.000000,,,22.680000,28.301000,40.384000,841.057000,869.358000,909.742000,249.000000,219.000000,275.000000,244.000000,True,SOFT,2.000000,True,Haas F1 Team,818.377000,,1,,False,,False,True
2026,5,Canadian Grand Prix,Q,985.352000,BEA,87,bearman,haas,75.610000,3.000000,1.000000,,,21.577000,24.164000,29.869000,931.319000,955.483000,985.352000,247.000000,281.000000,270.000000,323.000000,True,SOFT,3.000000,True,Haas F1 Team,909.742000,,1,,False,,False,True
2026,5,Canadian Grand Prix,Q,1085.168000,BEA,87,bearman,haas,99.816000,4.000000,1.000000,,,30.935000,32.237000,36.644000,1016.287000,1048.524000,1085.168000,176.000000,179.000000,277.000000,254.000000,False,SOFT,4.000000,True,Haas F1 Team,985.352000,,1,,False,,False,True
2026,5,Canadian Grand Prix,Q,1160.014000,BEA,87,bearman,haas,74.846000,5.000000,1.000000,,,21.212000,23.782000,29.852000,1106.380000,1130.162000,1160.014000,247.000000,282.000000,267.000000,317.000000,True,SOFT,5.000000,True,Haas F1 Team,1085.168000,,1,,False,,False,True
2026,5,Canadian Grand Prix,Q,1359.430000,BEA,87,bearman,haas,,6.000000,1.000000,,1240.769000,26.640000,26.021000,,1186.688000,1212.795000,,230.000000,257.000000,,282.000000,False,SOFT,6.000000,True,Haas F1 Team,1160.014000,,1,,False,,False,False
2026,5,Canadian Grand Prix,Q,1457.848000,BEA,87,bearman,haas,98.418000,7.000000,2.000000,1361.646000,,35.354000,26.886000,36.178000,1394.784000,1421.670000,1457.848000,209.000000,276.000000,263.000000,196.000000,False,SOFT,1.000000,True,Haas F1 Team,1359.430000,,1,,False,,False,False
2026,5,Canadian Grand Prix,Q,1545.682000,BEA,87,bearman,haas,87.834000,8.000000,2.000000,,,23.140000,29.053000,35.641000,1480.988000,1510.041000,1545.682000,247.000000,208.000000,275.000000,250.000000,False,SOFT,2.000000,True,Haas F1 Team,1457.848000,,1,,False,,False,True
2026,5,Canadian Grand Prix,Q,1620.249000,BEA,87,bearman,haas,74.567000,9.000000,2.000000,,,21.098000,23.733000,29.736000,1566.780000,1590.513000,1620.249000,250.000000,283.000000,267.000000,318.000000,True,SOFT,3.000000,True,Haas F1 Team,1545.682000,,1,,False,,False,True
2026,5,Canadian Grand Prix,Q,1724.255000,BEA,87,bearman,haas,104.006000,10.000000,2.000000,,,34.073000,30.880000,39.053000,1654.322000,1685.202000,1724.255000,166.000000,213.000000,278.000000,205.000000,False,SOFT,4.000000,True,Haas F1 Team,1620.249000,,1,,False,,False,True
2026,5,Canadian Grand Prix,Q,1798.704000,BEA,87,bearman,haas,74.449000,11.000000,2.000000,,,21.206000,23.639000,29.604000,1745.461000,1769.100000,1798.704000,249.000000,282.000000,273.000000,319.000000,True,SOFT,5.000000,True,Haas F1 Team,1724.255000,,1,,False,,False,True
2026,5,Canadian Grand Prix,Q,2229.668000,BEA,87,bearman,haas,,12.000000,2.000000,,1881.354000,25.318000,26.819000,,1824.151000,1850.946000,,228.000000,256.000000,,232.000000,False,SOFT,6.000000,True,Haas F1 Team,1798.704000,,12,,False,,False,False
2026,5,Canadian Grand Prix,Q,2339.793000,BEA,87,bearman,haas,110.125000,13.000000,3.000000,2233.707000,,46.395000,27.254000,36.476000,2276.063000,2303.317000,2339.793000,231.000000,261.000000,270.000000,248.000000,False,SOFT,1.000000,True,Haas F1 Team,2229.668000,,1,,False,,False,False
2026,5,Canadian Grand Prix,Q,2430.624000,BEA,87,bearman,haas,90.831000,14.000000,3.000000,,,22.363000,27.851000,40.617000,2362.156000,2390.007000,2430.624000,250.000000,216.000000,277.000000,243.000000,True,SOFT,2.000000,True,Haas F1 Team,2339.793000,,1,,False,,False,True
2026,5,Canadian Grand Prix,Q,2505.194000,BEA,87,bearman,haas,74.570000,15.000000,3.000000,,,21.080000,23.641000,29.849000,2451.704000,2475.345000,2505.194000,249.000000,283.000000,271.000000,313.000000,True,SOFT,3.000000,True,Haas F1 Team,2430.624000,,1,,False,,False,True
2026,5,Canadian Grand Prix,Q,2602.142000,BEA,87,bearman,haas,96.948000,16.000000,3.000000,,,30.759000,29.175000,37.014000,2535.953000,2565.128000,2602.142000,200.000000,227.000000,276.000000,213.000000,False,SOFT,4.000000,True,Haas F1 Team,2505.194000,,1,,False,,False,True
2026,5,Canadian Grand Prix,Q,2760.487000,BEA,87,bearman,haas,,17.000000,3.000000,,2679.893000,21.222000,28.830000,,2623.486000,2652.302000,,246.000000,250.000000,,274.000000,False,SOFT,5.000000,True,Haas F1 Team,2602.142000,,1,,False,,False,False
2026,5,Canadian Grand Prix,Q,2855.310000,BEA,87,bearman,haas,94.823000,18.000000,4.000000,2762.062000,,32.449000,26.153000,36.221000,2792.936000,2819.089000,2855.310000,240.000000,259.000000,277.000000,205.000000,False,SOFT,1.000000,True,Haas F1 Team,2760.487000,,1,,False,,False,False
2026,5,Canadian Grand Prix,Q,2933.946000,BEA,87,bearman,haas,78.636000,19.000000,4.000000,,,21.130000,23.722000,33.784000,2876.440000,2900.162000,2933.946000,249.000000,283.000000,169.000000,315.000000,False,SOFT,2.000000,True,Haas F1 Team,2855.310000,,1,,True,TRACK LIMITS AT TURN 14 LAP 20 ,False,True
2026,5,Canadian Grand Prix,Q,3033.589000,BEA,87,bearman,haas,99.643000,20.000000,4.000000,,,30.538000,28.768000,40.337000,2964.484000,2993.252000,3033.589000,211.000000,239.000000,277.000000,175.000000,False,SOFT,3.000000,True,Haas F1 Team,2933.946000,,1,,False,,False,True
2026,5,Canadian Grand Prix,Q,3108.005000,BEA,87,bearman,haas,74.416000,21.000000,4.000000,,,21.143000,23.631000,29.642000,3054.732000,3078.363000,3108.005000,247.000000,284.000000,272.000000,315.000000,True,SOFT,4.000000,True,Haas F1 Team,3033.589000,,1,,False,,False,True
2026,5,Canadian Grand Prix,Q,3193.108000,BEA,87,bearman,haas,,22.000000,4.000000,,3193.108000,26.354000,28.820000,,3134.809000,3163.245000,,187.000000,204.000000,,269.000000,False,SOFT,5.000000,True,Haas F1 Team,3108.005000,,1,,False,,False,False
2026,5,Canadian Grand Prix,Q,822.408000,OCO,31,ocon,haas,104.132000,1.000000,1.000000,721.674000,,37.321000,27.706000,39.105000,755.797000,783.508000,822.696000,222.000000,267.000000,265.000000,251.000000,False,SOFT,1.000000,True,Haas F1 Team,721.674000,,1,,False,,False,False
2026,5,Canadian Grand Prix,Q,920.213000,OCO,31,ocon,haas,97.805000,2.000000,1.000000,,,23.248000,27.464000,47.093000,845.656000,873.120000,920.213000,245.000000,150.000000,274.000000,144.000000,True,SOFT,2.000000,True,Haas F1 Team,822.408000,,1,,False,,False,True
2026,5,Canadian Grand Prix,Q,997.104000,OCO,31,ocon,haas,76.891000,3.000000,1.000000,,,22.166000,24.361000,30.364000,942.379000,966.740000,997.104000,243.000000,281.000000,263.000000,322.000000,True,SOFT,3.000000,True,Haas F1 Team,920.213000,,1,,False,,False,True
2026,5,Canadian Grand Prix,Q,1097.913000,OCO,31,ocon,haas,100.809000,4.000000,1.000000,,,27.278000,30.543000,42.988000,1024.382000,1054.925000,1097.913000,229.000000,132.000000,276.000000,225.000000,False,SOFT,4.000000,True,Haas F1 Team,997.104000,,1,,False,,False,True
2026,5,Canadian Grand Prix,Q,1173.627000,OCO,31,ocon,haas,75.714000,5.000000,1.000000,,,21.677000,23.960000,30.077000,1119.590000,1143.550000,1173.627000,245.000000,280.000000,266.000000,315.000000,True,SOFT,5.000000,True,Haas F1 Team,1097.913000,,1,,False,,False,True
2026,5,Canadian Grand Prix,Q,1360.746000,OCO,31,ocon,haas,,6.000000,1.000000,,1255.432000,23.455000,27.825000,,1197.350000,1224.998000,,192.000000,260.000000,,242.000000,False,SOFT,6.000000,True,Haas F1 Team,1173.627000,,1,,False,,False,False
2026,5,Canadian Grand Prix,Q,1465.356000,OCO,31,ocon,haas,104.610000,7.000000,2.000000,1362.886000,,37.277000,27.748000,39.585000,1398.023000,1425.771000,1465.356000,239.000000,234.000000,264.000000,246.000000,False,SOFT,1.000000,True,Haas F1 Team,1360.746000,,1,,False,,False,False
2026,5,Canadian Grand Prix,Q,1551.038000,OCO,31,ocon,haas,85.682000,8.000000,2.000000,,,22.913000,25.686000,37.083000,1488.269000,1513.955000,1551.038000,246.000000,220.000000,277.000000,256.000000,False,SOFT,2.000000,True,Haas F1 Team,1465.356000,,1,,False,,False,True
2026,5,Canadian Grand Prix,Q,1625.939000,OCO,31,ocon,haas,74.901000,9.000000,2.000000,,,21.388000,23.715000,29.798000,1572.426000,1596.141000,1625.939000,248.000000,282.000000,272.000000,315.000000,True,SOFT,3.000000,True,Haas F1 Team,1551.038000,,1,,False,,False,True
2026,5,Canadian Grand Prix,Q,1719.717000,OCO,31,ocon,haas,93.778000,10.000000,2.000000,,,23.875000,29.577000,40.326000,1649.814000,1679.391000,1719.717000,200.000000,236.000000,276.000000,182.000000,False,SOFT,4.000000,True,Haas F1 Team,1625.939000,,1,,False,,False,True
2026,5,Canadian Grand Prix,Q,1794.562000,OCO,31,ocon,haas,74.845000,11.000000,2.000000,,,21.351000,23.731000,29.763000,1741.068000,1764.799000,1794.562000,244.000000,279.000000,271.000000,315.000000,True,SOFT,5.000000,True,Haas F1 Team,1719.717000,,1,,False,,False,True
2026,5,Canadian Grand Prix,Q,1880.096000,OCO,31,ocon,haas,,12.000000,2.000000,,1880.096000,24.667000,28.475000,,1819.247000,1847.873000,,208.000000,226.000000,,267.000000,False,SOFT,6.000000,True,Haas F1 Team,1794.562000,,1,,False,,False,False
2026,5,Canadian Grand Prix,Q,801.295000,ALB,23,albon,williams,,1.000000,1.000000,705.647000,,,28.135000,36.661000,,764.827000,801.562000,225.000000,251.000000,270.000000,249.000000,False,SOFT,1.000000,True,Williams,705.647000,,1,,False,,False,False
2026,5,Canadian Grand Prix,Q,891.584000,ALB,23,albon,williams,90.289000,2.000000,1.000000,,,22.741000,29.735000,37.813000,824.036000,853.771000,891.584000,246.000000,228.000000,273.000000,253.000000,True,SOFT,2.000000,True,Williams,801.295000,,1,,False,,False,True
2026,5,Canadian Grand Prix,Q,968.788000,ALB,23,albon,williams,77.204000,3.000000,1.000000,,,21.852000,25.090000,30.262000,913.436000,938.526000,968.788000,248.000000,285.000000,270.000000,316.000000,True,SOFT,3.000000,True,Williams,891.584000,,1,,False,,False,True
2026,5,Canadian Grand Prix,Q,1065.916000,ALB,23,albon,williams,97.128000,4.000000,1.000000,,,30.863000,31.178000,35.087000,999.651000,1030.829000,1065.916000,190.000000,240.000000,258.000000,274.000000,False,SOFT,4.000000,True,Williams,968.788000,,1,,False,,False,True
2026,5,Canadian Grand Prix,Q,1141.677000,ALB,23,albon,williams,75.761000,5.000000,1.000000,,,21.753000,24.012000,29.996000,1087.669000,1111.681000,1141.677000,246.000000,285.000000,271.000000,316.000000,True,SOFT,5.000000,True,Williams,1065.916000,,1,,False,,False,True
2026,5,Canadian Grand Prix,Q,1260.786000,ALB,23,albon,williams,119.109000,6.000000,1.000000,,1227.288000,26.359000,28.057000,64.693000,1168.036000,1196.093000,1260.786000,201.000000,247.000000,,225.000000,False,SOFT,6.000000,True,Williams,1141.677000,,1,,False,,False,False
2026,5,Canadian Grand Prix,Q,1353.844000,ALB,23,albon,williams,93.058000,7.000000,2.000000,1262.392000,,29.776000,26.602000,36.680000,1290.562000,1317.164000,1353.844000,223.000000,251.000000,272.000000,254.000000,False,SOFT,1.000000,True,Williams,1260.786000,,1,,False,,False,False
2026,5,Canadian Grand Prix,Q,1442.977000,ALB,23,albon,williams,89.133000,8.000000,2.000000,,,21.785000,30.916000,36.432000,1375.629000,1406.545000,1442.977000,251.000000,240.000000,282.000000,251.000000,False,SOFT,2.000000,True,Williams,1353.844000,,1,,False,,False,True
2026,5,Canadian Grand Prix,Q,1517.828000,ALB,23,albon,williams,74.851000,9.000000,2.000000,,,21.253000,23.795000,29.803000,1464.230000,1488.025000,1517.828000,245.000000,285.000000,267.000000,314.000000,True,SOFT,3.000000,True,Williams,1442.977000,,1,,False,,False,True
2026,5,Canadian Grand Prix,Q,1613.421000,ALB,23,albon,williams,95.593000,10.000000,2.000000,,,29.127000,29.584000,36.882000,1546.955000,1576.539000,1613.421000,196.000000,248.000000,248.000000,255.000000,False,SOFT,4.000000,True,Williams,1517.828000,,1,,False,,False,True
2026,5,Canadian Grand Prix,Q,1706.108000,ALB,23,albon,williams,92.687000,11.000000,2.000000,,,26.559000,29.458000,36.670000,1639.980000,1669.438000,1706.108000,215.000000,234.000000,263.000000,265.000000,False,SOFT,5.000000,True,Williams,1613.421000,,1,,False,,False,True
2026,5,Canadian Grand Prix,Q,1781.116000,ALB,23,albon,williams,75.008000,12.000000,2.000000,,,21.449000,23.857000,29.702000,1727.557000,1751.414000,1781.116000,247.000000,286.000000,272.000000,315.000000,False,SOFT,6.000000,True,Williams,1706.108000,,1,,False,,False,True
2026,5,Canadian Grand Prix,Q,1864.233000,ALB,23,albon,williams,,13.000000,2.000000,,1864.233000,26.294000,28.341000,,1807.511000,1835.907000,,193.000000,242.000000,,276.000000,False,SOFT,7.000000,True,Williams,1781.116000,,1,,False,,False,False
2026,5,Canadian Grand Prix,Q,856.581000,ALO,14,alonso,aston_martin,106.191000,1.000000,1.000000,757.909000,,39.808000,27.608000,38.775000,790.262000,817.902000,856.846000,226.000000,231.000000,260.000000,261.000000,False,SOFT,1.000000,True,Aston Martin,757.909000,,1,,False,,False,False
2026,5,Canadian Grand Prix,Q,934.853000,ALO,14,alonso,aston_martin,78.272000,2.000000,1.000000,,,22.262000,24.484000,31.526000,878.843000,903.327000,934.853000,243.000000,278.000000,266.000000,316.000000,True,SOFT,2.000000,True,Aston Martin,856.581000,,1,,False,,False,True
2026,5,Canadian Grand Prix,Q,1038.924000,ALO,14,alonso,aston_martin,104.071000,3.000000,1.000000,,,33.429000,30.082000,40.560000,968.282000,998.364000,1038.924000,170.000000,227.000000,262.000000,192.000000,False,SOFT,3.000000,True,Aston Martin,934.853000,,1,,False,,False,True
2026,5,Canadian Grand Prix,Q,1115.108000,ALO,14,alonso,aston_martin,76.184000,4.000000,1.000000,,,21.709000,24.127000,30.348000,1060.633000,1084.760000,1115.108000,244.000000,277.000000,272.000000,314.000000,True,SOFT,4.000000,True,Aston Martin,1038.924000,,1,,False,,False,True
2026,5,Canadian Grand Prix,Q,1367.971000,ALO,14,alonso,aston_martin,,5.000000,1.000000,,1201.058000,28.057000,27.678000,,1143.268000,1170.988000,,220.000000,244.000000,,233.000000,False,SOFT,5.000000,True,Aston Martin,1115.108000,,1,,False,,False,False
2026,5,Canadian Grand Prix,Q,1463.243000,ALO,14,alonso,aston_martin,95.272000,6.000000,2.000000,1372.792000,,35.113000,26.274000,33.885000,1403.084000,1429.358000,1463.243000,245.000000,259.000000,251.000000,248.000000,False,SOFT,1.000000,True,Aston Martin,1367.971000,,1,,False,,False,False
2026,5,Canadian Grand Prix,Q,1559.240000,ALO,14,alonso,aston_martin,95.997000,7.000000,2.000000,,,28.215000,30.368000,37.414000,1491.458000,1521.826000,1559.240000,206.000000,230.000000,264.000000,239.000000,False,SOFT,2.000000,True,Aston Martin,1463.243000,,1,,False,,False,True
2026,5,Canadian Grand Prix,Q,1634.717000,ALO,14,alonso,aston_martin,75.477000,8.000000,2.000000,,,21.443000,23.946000,30.088000,1580.683000,1604.629000,1634.717000,244.000000,277.000000,274.000000,313.000000,True,SOFT,3.000000,True,Aston Martin,1559.240000,,1,,False,,False,True
2026,5,Canadian Grand Prix,Q,1731.310000,ALO,14,alonso,aston_martin,96.593000,9.000000,2.000000,,,27.587000,31.375000,37.631000,1662.304000,1693.679000,1731.310000,170.000000,230.000000,266.000000,243.000000,False,SOFT,4.000000,True,Aston Martin,1634.717000,,1,,False,,False,True
2026,5,Canadian Grand Prix,Q,1806.506000,ALO,14,alonso,aston_martin,75.196000,10.000000,2.000000,,,21.420000,23.893000,29.883000,1752.730000,1776.623000,1806.506000,244.000000,278.000000,269.000000,320.000000,True,SOFT,5.000000,True,Aston Martin,1731.310000,,1,,False,,False,True
2026,5,Canadian Grand Prix,Q,1890.914000,ALO,14,alonso,aston_martin,,11.000000,2.000000,,1890.914000,24.975000,28.062000,,1831.735000,1859.631000,,213.000000,236.000000,,192.000000,False,SOFT,6.000000,True,Aston Martin,1806.506000,,1,,False,,False,False
2026,5,Canadian Grand Prix,Q,844.721000,PER,11,perez,cadillac,107.701000,1.000000,1.000000,741.057000,,39.853000,29.772000,38.076000,776.987000,806.753000,844.976000,200.000000,248.000000,269.000000,254.000000,False,SOFT,1.000000,True,Cadillac,741.057000,,1,,False,,False,False
2026,5,Canadian Grand Prix,Q,936.381000,PER,11,perez,cadillac,91.660000,2.000000,1.000000,,,22.848000,27.014000,41.798000,867.569000,894.583000,936.381000,241.000000,264.000000,277.000000,228.000000,True,SOFT,2.000000,True,Cadillac,844.721000,,1,,False,,False,True
2026,5,Canadian Grand Prix,Q,1012.780000,PER,11,perez,cadillac,76.399000,3.000000,1.000000,,,21.948000,24.294000,30.157000,958.329000,982.623000,1012.780000,241.000000,280.000000,271.000000,321.000000,True,SOFT,3.000000,True,Cadillac,936.381000,,1,,False,,False,True
2026,5,Canadian Grand Prix,Q,1119.043000,PER,11,perez,cadillac,106.263000,4.000000,1.000000,,,30.419000,33.332000,42.512000,1043.199000,1076.531000,1119.043000,219.000000,212.000000,277.000000,166.000000,False,SOFT,4.000000,True,Cadillac,1012.780000,,1,,False,,False,True
2026,5,Canadian Grand Prix,Q,1194.637000,PER,11,perez,cadillac,75.594000,5.000000,1.000000,,,21.576000,24.179000,29.839000,1140.619000,1164.798000,1194.637000,242.000000,285.000000,268.000000,320.000000,True,SOFT,5.000000,True,Cadillac,1119.043000,,1,,False,,False,True
2026,5,Canadian Grand Prix,Q,1412.172000,PER,11,perez,cadillac,,6.000000,1.000000,,1282.774000,29.174000,28.384000,,1223.884000,1252.248000,,222.000000,254.000000,,274.000000,False,SOFT,6.000000,True,Cadillac,1194.637000,,1,,False,,False,False
2026,5,Canadian Grand Prix,Q,1510.883000,PER,11,perez,cadillac,98.711000,7.000000,2.000000,1416.580000,,35.748000,27.731000,35.232000,1447.920000,1475.651000,1510.883000,178.000000,258.000000,274.000000,266.000000,False,SOFT,1.000000,True,Cadillac,1412.172000,,1,,False,,False,False
2026,5,Canadian Grand Prix,Q,1592.321000,PER,11,perez,cadillac,81.438000,8.000000,2.000000,,,21.931000,25.640000,33.867000,1532.814000,1558.454000,1592.321000,242.000000,267.000000,276.000000,277.000000,False,SOFT,2.000000,True,Cadillac,1510.883000,,1,,False,,False,True
2026,5,Canadian Grand Prix,Q,1667.750000,PER,11,perez,cadillac,75.429000,9.000000,2.000000,,,21.429000,24.034000,29.966000,1613.750000,1637.784000,1667.750000,245.000000,280.000000,266.000000,312.000000,True,SOFT,3.000000,True,Cadillac,1592.321000,,1,,False,,False,True
2026,5,Canadian Grand Prix,Q,1766.490000,PER,11,perez,cadillac,98.740000,10.000000,2.000000,,,28.592000,30.757000,39.391000,1696.342000,1727.099000,1766.490000,220.000000,246.000000,274.000000,232.000000,False,SOFT,4.000000,True,Cadillac,1667.750000,,1,,False,,False,True
2026,5,Canadian Grand Prix,Q,1850.996000,PER,11,perez,cadillac,,11.000000,2.000000,,1850.996000,23.500000,30.963000,,1789.993000,1820.915000,,209.000000,254.000000,,275.000000,False,SOFT,5.000000,True,Cadillac,1766.490000,,1,,False,,False,False
2026,5,Canadian Grand Prix,Q,852.019000,STR,18,stroll,aston_martin,109.338000,1.000000,1.000000,746.663000,,39.887000,28.277000,41.174000,782.568000,810.883000,852.314000,216.000000,234.000000,257.000000,251.000000,False,SOFT,1.000000,True,Aston Martin,746.663000,,1,,False,,False,False
2026,5,Canadian Grand Prix,Q,931.238000,STR,18,stroll,aston_martin,79.219000,2.000000,1.000000,,,22.882000,25.228000,31.109000,874.901000,900.129000,931.238000,242.000000,274.000000,274.000000,314.000000,True,SOFT,2.000000,True,Aston Martin,852.019000,,1,,False,,False,True
2026,5,Canadian Grand Prix,Q,1030.880000,STR,18,stroll,aston_martin,99.642000,3.000000,1.000000,,,28.862000,30.209000,40.571000,960.100000,990.309000,1030.880000,173.000000,233.000000,264.000000,194.000000,False,SOFT,3.000000,True,Aston Martin,931.238000,,1,,False,,False,True
2026,5,Canadian Grand Prix,Q,1107.502000,STR,18,stroll,aston_martin,76.622000,4.000000,1.000000,,,21.854000,24.470000,30.298000,1052.734000,1077.204000,1107.502000,245.000000,280.000000,270.000000,312.000000,True,SOFT,4.000000,True,Aston Martin,1030.880000,,1,,False,,False,True
2026,5,Canadian Grand Prix,Q,1373.709000,STR,18,stroll,aston_martin,,5.000000,1.000000,,1193.977000,26.779000,29.993000,,1134.297000,1164.449000,,216.000000,184.000000,,270.000000,False,SOFT,5.000000,True,Aston Martin,1107.502000,,1,,False,,False,False
2026,5,Canadian Grand Prix,Q,1483.066000,STR,18,stroll,aston_martin,109.357000,6.000000,2.000000,1378.514000,,49.829000,26.598000,32.930000,1423.538000,1450.136000,1483.066000,245.000000,255.000000,247.000000,270.000000,False,SOFT,1.000000,True,Aston Martin,1373.709000,,1,,False,,False,False
2026,5,Canadian Grand Prix,Q,1574.984000,STR,18,stroll,aston_martin,91.918000,7.000000,2.000000,,,23.938000,29.676000,38.304000,1507.004000,1536.680000,1574.984000,219.000000,141.000000,263.000000,249.000000,False,SOFT,2.000000,True,Aston Martin,1483.066000,,1,,False,,False,True
2026,5,Canadian Grand Prix,Q,1651.179000,STR,18,stroll,aston_martin,76.195000,8.000000,2.000000,,,21.774000,24.196000,30.225000,1596.758000,1620.954000,1651.179000,243.000000,276.000000,269.000000,310.000000,True,SOFT,3.000000,True,Aston Martin,1574.984000,,1,,False,,False,True
2026,5,Canadian Grand Prix,Q,1746.097000,STR,18,stroll,aston_martin,94.918000,9.000000,2.000000,,,26.519000,30.858000,37.541000,1677.698000,1708.556000,1746.097000,183.000000,233.000000,264.000000,259.000000,False,SOFT,4.000000,True,Aston Martin,1651.179000,,1,,False,,False,True
2026,5,Canadian Grand Prix,Q,1836.125000,STR,18,stroll,aston_martin,,10.000000,2.000000,,1836.125000,26.312000,32.115000,,1772.575000,1804.567000,,166.000000,224.000000,,263.000000,False,SOFT,5.000000,True,Aston Martin,1746.097000,,1,,False,,False,False
2026,5,Canadian Grand Prix,Q,841.021000,BOT,77,bottas,cadillac,108.526000,1.000000,1.000000,736.762000,,39.619000,29.425000,39.482000,772.241000,801.642000,841.254000,219.000000,247.000000,270.000000,204.000000,False,SOFT,1.000000,True,Cadillac,736.762000,,1,,False,,False,False
2026,5,Canadian Grand Prix,Q,930.626000,BOT,77,bottas,cadillac,89.605000,2.000000,1.000000,,,23.885000,29.199000,36.521000,864.906000,894.105000,930.626000,204.000000,249.000000,275.000000,241.000000,True,SOFT,2.000000,True,Cadillac,841.021000,,1,,False,,False,True
2026,5,Canadian Grand Prix,Q,1008.364000,BOT,77,bottas,cadillac,77.738000,3.000000,1.000000,,,22.085000,24.737000,30.916000,952.711000,977.448000,1008.364000,245.000000,282.000000,261.000000,315.000000,True,SOFT,3.000000,True,Cadillac,930.626000,,1,,False,,False,True
2026,5,Canadian Grand Prix,Q,1110.701000,BOT,77,bottas,cadillac,102.337000,4.000000,1.000000,,,29.709000,32.115000,40.513000,1038.073000,1070.188000,1110.701000,173.000000,210.000000,274.000000,109.000000,False,SOFT,4.000000,True,Cadillac,1008.364000,,1,,False,,False,True
2026,5,Canadian Grand Prix,Q,1186.973000,BOT,77,bottas,cadillac,76.272000,5.000000,1.000000,,,21.847000,24.184000,30.241000,1132.548000,1156.732000,1186.973000,243.000000,278.000000,266.000000,307.000000,True,SOFT,5.000000,True,Cadillac,1110.701000,,1,,False,,False,True
2026,5,Canadian Grand Prix,Q,1406.968000,BOT,77,bottas,cadillac,,6.000000,1.000000,,1268.115000,25.358000,27.184000,,1212.341000,1239.529000,,227.000000,256.000000,,273.000000,False,SOFT,6.000000,True,Cadillac,1186.973000,,1,,False,,False,False
2026,5,Canadian Grand Prix,Q,1501.047000,BOT,77,bottas,cadillac,94.079000,7.000000,2.000000,1409.943000,,31.020000,27.489000,35.570000,1437.988000,1465.477000,1501.047000,226.000000,253.000000,271.000000,272.000000,False,SOFT,1.000000,True,Cadillac,1406.968000,,1,,False,,False,False
2026,5,Canadian Grand Prix,Q,1583.017000,BOT,77,bottas,cadillac,81.970000,8.000000,2.000000,,,21.970000,26.015000,33.985000,1523.017000,1549.032000,1583.017000,242.000000,255.000000,273.000000,276.000000,False,SOFT,2.000000,True,Cadillac,1501.047000,,1,,False,,False,True
2026,5,Canadian Grand Prix,Q,1685.951000,BOT,77,bottas,cadillac,102.934000,9.000000,2.000000,,,28.350000,31.536000,43.048000,1611.367000,1642.903000,1685.951000,190.000000,261.000000,272.000000,256.000000,False,SOFT,3.000000,True,Cadillac,1583.017000,,1,,True,TRACK LIMITS AT TURN 1 LAP 10 ,False,True
2026,5,Canadian Grand Prix,Q,1759.472000,BOT,77,bottas,cadillac,,10.000000,2.000000,,1759.472000,22.588000,24.598000,,1708.688000,1733.259000,,237.000000,278.000000,,295.000000,False,SOFT,4.000000,True,Cadillac,1685.951000,,1,,False,,False,False
