season,round,event_name,session_type,Time_s,Driver,DriverNumber,DriverId,TeamId,LapTime_s,LapNumber,Stint,PitOutTime_s,PitInTime_s,Sector1Time_s,Sector2Time_s,Sector3Time_s,Sector1SessionTime_s,Sector2SessionTime_s,Sector3SessionTime_s,SpeedI1,SpeedI2,SpeedFL,SpeedST,IsPersonalBest,Compound,TyreLife,FreshTyre,Team,LapStartTime_s,LapStartDate,TrackStatus,Position,Deleted,DeletedReason,FastF1Generated,IsAccurate
2026,5,Canadian Grand Prix,R,3838.725000,NOR,1,norris,mclaren,86.181000,1.000000,1.000000,,,,26.091000,32.008000,,3806.884000,3839.009000,240.000000,274.000000,278.000000,298.000000,False,INTERMEDIATE,1.000000,True,McLaren,3752.281000,,1,1.000000,False,,False,False
2026,5,Canadian Grand Prix,R,3936.499000,NOR,1,norris,mclaren,97.774000,2.000000,1.000000,,3914.626000,23.565000,26.304000,47.905000,3862.322000,3888.626000,3936.531000,226.000000,267.000000,,296.000000,False,INTERMEDIATE,2.000000,True,McLaren,3838.725000,,1,13.000000,False,,False,False
2026,5,Canadian Grand Prix,R,4020.574000,NOR,1,norris,mclaren,84.075000,3.000000,2.000000,3938.119000,,26.055000,25.903000,32.117000,3962.586000,3988.489000,4020.606000,237.000000,283.000000,271.000000,305.000000,False,MEDIUM,1.000000,True,McLaren,3936.499000,,1,14.000000,False,,False,False
2026,5,Canadian Grand Prix,R,4101.744000,NOR,1,norris,mclaren,81.170000,4.000000,2.000000,,,24.684000,25.667000,30.819000,4045.290000,4070.957000,4101.776000,227.000000,280.000000,283.000000,313.000000,False,MEDIUM,2.000000,True,McLaren,4020.574000,,1,14.000000,True,TRACK LIMITS AT TURN 4 LAP 4 ,False,True
2026,5,Canadian Grand Prix,R,4180.347000,NOR,1,norris,mclaren,78.603000,5.000000,2.000000,,,22.558000,25.085000,30.960000,4124.334000,4149.419000,4180.379000,234.000000,279.000000,283.000000,313.000000,True,MEDIUM,3.000000,True,McLaren,4101.744000,,1,14.000000,False,,False,True
2026,5,Canadian Grand Prix,R,4259.690000,NOR,1,norris,mclaren,79.343000,6.000000,2.000000,,,22.674000,25.181000,31.488000,4203.053000,4228.234000,4259.722000,233.000000,286.000000,286.000000,320.000000,False,MEDIUM,4.000000,True,McLaren,4180.347000,,1,14.000000,False,,False,True
2026,5,Canadian Grand Prix,R,4337.769000,NOR,1,norris,mclaren,78.079000,7.000000,2.000000,,,22.500000,24.805000,30.774000,4282.222000,4307.027000,4337.801000,236.000000,287.000000,293.000000,326.000000,True,MEDIUM,5.000000,True,McLaren,4259.690000,,1,13.000000,False,,False,True
2026,5,Canadian Grand Prix,R,4415.796000,NOR,1,norris,mclaren,78.027000,8.000000,2.000000,,,22.487000,24.992000,30.548000,4360.288000,4385.280000,4415.828000,237.000000,279.000000,272.000000,312.000000,True,MEDIUM,6.000000,True,McLaren,4337.769000,,1,11.000000,False,,False,True
2026,5,Canadian Grand Prix,R,4492.902000,NOR,1,norris,mclaren,77.106000,9.000000,2.000000,,,22.114000,24.496000,30.496000,4437.942000,4462.438000,4492.934000,235.000000,278.000000,276.000000,309.000000,True,MEDIUM,7.000000,True,McLaren,4415.796000,,1,11.000000,False,,False,True
2026,5,Canadian Grand Prix,R,4570.128000,NOR,1,norris,mclaren,77.226000,10.000000,2.000000,,,22.097000,24.661000,30.468000,4515.031000,4539.692000,4570.160000,235.000000,281.000000,275.000000,326.000000,False,MEDIUM,8.000000,True,McLaren,4492.902000,,1,11.000000,False,,False,True
2026,5,Canadian Grand Prix,R,4648.061000,NOR,1,norris,mclaren,77.933000,11.000000,2.000000,,,22.395000,24.550000,30.988000,4592.555000,4617.105000,4648.093000,236.000000,282.000000,299.000000,320.000000,False,MEDIUM,9.000000,True,McLaren,4570.128000,,1,9.000000,False,,False,True
2026,5,Canadian Grand Prix,R,4724.929000,NOR,1,norris,mclaren,76.868000,12.000000,2.000000,,,21.860000,24.441000,30.567000,4669.953000,4694.394000,4724.961000,237.000000,276.000000,270.000000,304.000000,True,MEDIUM,10.000000,True,McLaren,4648.061000,,12,9.000000,False,,False,True
2026,5,Canadian Grand Prix,R,4802.609000,NOR,1,norris,mclaren,77.680000,13.000000,2.000000,,,21.985000,24.424000,31.271000,4746.946000,4771.370000,4802.641000,237.000000,256.000000,272.000000,301.000000,False,MEDIUM,11.000000,True,McLaren,4724.929000,,2,9.000000,False,,False,True
2026,5,Canadian Grand Prix,R,4879.410000,NOR,1,norris,mclaren,76.801000,14.000000,2.000000,,,21.920000,24.338000,30.543000,4824.561000,4848.899000,4879.442000,236.000000,277.000000,274.000000,303.000000,True,MEDIUM,12.000000,True,McLaren,4802.609000,,21,9.000000,False,,False,True
2026,5,Canadian Grand Prix,R,4978.246000,NOR,1,norris,mclaren,98.836000,15.000000,2.000000,,4951.004000,21.758000,24.505000,52.573000,4901.200000,4925.705000,4978.278000,235.000000,277.000000,,322.000000,False,MEDIUM,13.000000,True,McLaren,4879.410000,,1,14.000000,False,,False,False
2026,5,Canadian Grand Prix,R,5061.360000,NOR,1,norris,mclaren,83.114000,16.000000,3.000000,4979.857000,,25.089000,25.254000,32.771000,5003.367000,5028.621000,5061.392000,232.000000,275.000000,275.000000,305.000000,False,MEDIUM,4.000000,False,McLaren,4978.246000,,1,14.000000,True,TRACK LIMITS AT TURN 10 LAP 16 ,False,False
2026,5,Canadian Grand Prix,R,5138.566000,NOR,1,norris,mclaren,77.206000,17.000000,3.000000,,,22.256000,24.461000,30.489000,5083.648000,5108.109000,5138.598000,235.000000,283.000000,300.000000,313.000000,False,MEDIUM,5.000000,False,McLaren,5061.360000,,1,14.000000,False,,False,True
2026,5,Canadian Grand Prix,R,5216.684000,NOR,1,norris,mclaren,78.118000,18.000000,3.000000,,,22.244000,24.577000,31.297000,5160.842000,5185.419000,5216.716000,236.000000,253.000000,283.000000,311.000000,False,MEDIUM,6.000000,False,McLaren,5138.566000,,12,13.000000,True,TRACK LIMITS AT TURN 14 LAP 18 ,False,True
2026,5,Canadian Grand Prix,R,5293.561000,NOR,1,norris,mclaren,76.877000,19.000000,3.000000,,,22.038000,24.307000,30.532000,5238.754000,5263.061000,5293.593000,236.000000,281.000000,278.000000,310.000000,False,MEDIUM,7.000000,False,McLaren,5216.684000,,1,13.000000,False,,False,True
2026,5,Canadian Grand Prix,R,5370.159000,NOR,1,norris,mclaren,76.598000,20.000000,3.000000,,,21.817000,24.170000,30.611000,5315.410000,5339.580000,5370.191000,236.000000,280.000000,274.000000,311.000000,True,MEDIUM,8.000000,False,McLaren,5293.561000,,1,12.000000,False,,False,True
2026,5,Canadian Grand Prix,R,5447.133000,NOR,1,norris,mclaren,76.974000,21.000000,3.000000,,,21.805000,24.375000,30.794000,5391.996000,5416.371000,5447.165000,236.000000,275.000000,273.000000,298.000000,False,MEDIUM,9.000000,False,McLaren,5370.159000,,1,12.000000,False,,False,True
2026,5,Canadian Grand Prix,R,5524.162000,NOR,1,norris,mclaren,77.029000,22.000000,3.000000,,,21.788000,24.218000,31.023000,5468.953000,5493.171000,5524.194000,235.000000,275.000000,218.000000,298.000000,False,MEDIUM,10.000000,False,McLaren,5447.133000,,1,12.000000,False,,False,True
2026,5,Canadian Grand Prix,R,5603.213000,NOR,1,norris,mclaren,79.051000,23.000000,3.000000,,,24.004000,24.233000,30.814000,5548.198000,5572.431000,5603.245000,236.000000,280.000000,277.000000,308.000000,False,MEDIUM,11.000000,False,McLaren,5524.162000,,1,12.000000,False,,False,True
2026,5,Canadian Grand Prix,R,5680.425000,NOR,1,norris,mclaren,77.212000,24.000000,3.000000,,,22.054000,24.550000,30.608000,5625.299000,5649.849000,5680.457000,237.000000,283.000000,276.000000,311.000000,False,MEDIUM,12.000000,False,McLaren,5603.213000,,1,12.000000,False,,False,True
2026,5,Canadian Grand Prix,R,5757.117000,NOR,1,norris,mclaren,76.692000,25.000000,3.000000,,,22.022000,24.401000,30.269000,5702.479000,5726.880000,5757.149000,237.000000,283.000000,279.000000,312.000000,False,MEDIUM,13.000000,False,McLaren,5680.425000,,1,12.000000,False,,False,True
2026,5,Canadian Grand Prix,R,5833.571000,NOR,1,norris,mclaren,76.454000,26.000000,3.000000,,,21.972000,24.152000,30.330000,5779.121000,5803.273000,5833.603000,237.000000,281.000000,278.000000,309.000000,True,MEDIUM,14.000000,False,McLaren,5757.117000,,1,12.000000,False,,False,True
2026,5,Canadian Grand Prix,R,5909.758000,NOR,1,norris,mclaren,76.187000,27.000000,3.000000,,,21.786000,24.130000,30.271000,5855.389000,5879.519000,5909.790000,238.000000,286.000000,278.000000,310.000000,True,MEDIUM,15.000000,False,McLaren,5833.571000,,1,12.000000,False,,False,True
2026,5,Canadian Grand Prix,R,5985.927000,NOR,1,norris,mclaren,76.169000,28.000000,3.000000,,,21.842000,24.105000,30.222000,5931.632000,5955.737000,5985.959000,237.000000,284.000000,283.000000,311.000000,True,MEDIUM,16.000000,False,McLaren,5909.758000,,1,12.000000,False,,False,True
2026,5,Canadian Grand Prix,R,6062.165000,NOR,1,norris,mclaren,76.238000,29.000000,3.000000,,,21.718000,24.242000,30.278000,6007.677000,6031.919000,6062.197000,239.000000,280.000000,280.000000,309.000000,False,MEDIUM,17.000000,False,McLaren,5985.927000,,12,12.000000,False,,False,True
2026,5,Canadian Grand Prix,R,6165.123000,NOR,1,norris,mclaren,102.958000,30.000000,3.000000,,,27.371000,37.049000,38.538000,6089.568000,6126.617000,6165.155000,226.000000,176.000000,277.000000,262.000000,False,MEDIUM,18.000000,False,McLaren,6062.165000,,26,9.000000,False,,False,False
2026,5,Canadian Grand Prix,R,6268.802000,NOR,1,norris,mclaren,103.679000,31.000000,3.000000,,,28.338000,37.245000,38.096000,6193.493000,6230.738000,6268.834000,192.000000,219.000000,205.000000,248.000000,False,MEDIUM,19.000000,False,McLaren,6165.123000,,67,9.000000,False,,False,False
2026,5,Canadian Grand Prix,R,6347.620000,NOR,1,norris,mclaren,78.818000,32.000000,3.000000,,,23.236000,25.051000,30.531000,6292.070000,6317.121000,6347.652000,250.000000,271.000000,280.000000,308.000000,False,MEDIUM,20.000000,False,McLaren,6268.802000,,71,9.000000,False,,False,False
2026,5,Canadian Grand Prix,R,6424.134000,NOR,1,norris,mclaren,76.514000,33.000000,3.000000,,,21.821000,24.244000,30.449000,6369.473000,6393.717000,6424.166000,238.000000,278.000000,278.000000,306.000000,False,MEDIUM,21.000000,False,McLaren,6347.620000,,1,9.000000,False,,False,True
2026,5,Canadian Grand Prix,R,6500.931000,NOR,1,norris,mclaren,76.797000,34.000000,3.000000,,,21.803000,24.250000,30.744000,6445.969000,6470.219000,6500.963000,238.000000,281.000000,278.000000,310.000000,False,MEDIUM,22.000000,False,McLaren,6424.134000,,1,9.000000,False,,False,True
2026,5,Canadian Grand Prix,R,6577.545000,NOR,1,norris,mclaren,76.614000,35.000000,3.000000,,,21.730000,24.465000,30.419000,6522.693000,6547.158000,6577.577000,237.000000,280.000000,278.000000,307.000000,False,MEDIUM,23.000000,False,McLaren,6500.931000,,1,9.000000,False,,False,True
2026,5,Canadian Grand Prix,R,6653.390000,NOR,1,norris,mclaren,75.845000,36.000000,3.000000,,,21.762000,24.114000,29.969000,6599.339000,6623.453000,6653.422000,240.000000,288.000000,284.000000,335.000000,True,MEDIUM,24.000000,False,McLaren,6577.545000,,1,8.000000,False,,False,True
2026,5,Canadian Grand Prix,R,6729.751000,NOR,1,norris,mclaren,76.361000,37.000000,3.000000,,,21.619000,24.210000,30.532000,6675.041000,6699.251000,6729.783000,236.000000,275.000000,274.000000,300.000000,False,MEDIUM,25.000000,False,McLaren,6653.390000,,1,8.000000,False,,False,True
2026,5,Canadian Grand Prix,R,6805.765000,NOR,1,norris,mclaren,76.014000,38.000000,3.000000,,,21.625000,24.112000,30.277000,6751.408000,6775.520000,6805.797000,237.000000,282.000000,284.000000,308.000000,False,MEDIUM,26.000000,False,McLaren,6729.751000,,1,8.000000,False,,False,True
2026,5,Canadian Grand Prix,R,6955.765000,NOR,1,norris,mclaren,,39.000000,3.000000,,,,,,,,,,,,,,MEDIUM,27.000000,False,McLaren,6805.765000,,12,,False,,True,False
2026,5,Canadian Grand Prix,R,3847.986000,GAS,10,gasly,alpine,95.442000,1.000000,1.000000,,,,28.768000,33.043000,,3815.166000,3848.056000,204.000000,286.000000,264.000000,334.000000,False,MEDIUM,1.000000,True,Alpine,3752.281000,,1,12.000000,False,,False,False
2026,5,Canadian Grand Prix,R,3934.208000,GAS,10,gasly,alpine,86.222000,2.000000,1.000000,,,26.933000,26.924000,32.365000,3874.949000,3901.873000,3934.238000,229.000000,283.000000,280.000000,315.000000,True,MEDIUM,2.000000,True,Alpine,3847.986000,,1,11.000000,False,,False,True
2026,5,Canadian Grand Prix,R,4014.769000,GAS,10,gasly,alpine,80.561000,3.000000,1.000000,,,23.482000,25.916000,31.163000,3957.720000,3983.636000,4014.799000,242.000000,282.000000,290.000000,321.000000,True,MEDIUM,3.000000,True,Alpine,3934.208000,,1,11.000000,False,,False,True
2026,5,Canadian Grand Prix,R,4095.706000,GAS,10,gasly,alpine,80.937000,4.000000,1.000000,,,23.174000,25.563000,32.200000,4037.973000,4063.536000,4095.736000,235.000000,290.000000,271.000000,348.000000,False,MEDIUM,4.000000,True,Alpine,4014.769000,,1,11.000000,True,TRACK LIMITS AT TURN 14 LAP 4 ,False,True
2026,5,Canadian Grand Prix,R,4176.652000,GAS,10,gasly,alpine,80.946000,5.000000,1.000000,,,23.916000,25.326000,31.704000,4119.652000,4144.978000,4176.682000,235.000000,285.000000,265.000000,302.000000,False,MEDIUM,5.000000,True,Alpine,4095.706000,,1,11.000000,False,,False,True
2026,5,Canadian Grand Prix,R,4256.431000,GAS,10,gasly,alpine,79.779000,6.000000,1.000000,,,22.861000,25.642000,31.276000,4199.543000,4225.185000,4256.461000,239.000000,289.000000,280.000000,321.000000,True,MEDIUM,6.000000,True,Alpine,4176.652000,,1,10.000000,False,,False,True
2026,5,Canadian Grand Prix,R,4335.444000,GAS,10,gasly,alpine,79.013000,7.000000,1.000000,,,22.488000,24.843000,31.682000,4278.949000,4303.792000,4335.474000,236.000000,279.000000,266.000000,310.000000,True,MEDIUM,7.000000,True,Alpine,4256.431000,,1,10.000000,False,,False,True
2026,5,Canadian Grand Prix,R,4413.913000,GAS,10,gasly,alpine,78.469000,8.000000,1.000000,,,22.618000,24.909000,30.942000,4358.092000,4383.001000,4413.943000,238.000000,278.000000,274.000000,313.000000,True,MEDIUM,8.000000,True,Alpine,4335.444000,,1,10.000000,False,,False,True
2026,5,Canadian Grand Prix,R,4491.829000,GAS,10,gasly,alpine,77.916000,9.000000,1.000000,,,22.351000,24.749000,30.816000,4436.294000,4461.043000,4491.859000,238.000000,283.000000,275.000000,318.000000,True,MEDIUM,9.000000,True,Alpine,4413.913000,,1,10.000000,False,,False,True
2026,5,Canadian Grand Prix,R,4569.619000,GAS,10,gasly,alpine,77.790000,10.000000,1.000000,,,22.434000,24.529000,30.827000,4514.293000,4538.822000,4569.649000,238.000000,285.000000,276.000000,320.000000,True,MEDIUM,10.000000,True,Alpine,4491.829000,,1,10.000000,False,,False,True
2026,5,Canadian Grand Prix,R,4648.194000,GAS,10,gasly,alpine,78.575000,11.000000,1.000000,,,22.362000,24.793000,31.420000,4592.011000,4616.804000,4648.224000,238.000000,290.000000,263.000000,304.000000,False,MEDIUM,11.000000,True,Alpine,4569.619000,,1,10.000000,False,,False,True
2026,5,Canadian Grand Prix,R,4727.213000,GAS,10,gasly,alpine,79.019000,12.000000,1.000000,,,22.757000,24.776000,31.486000,4670.981000,4695.757000,4727.243000,238.000000,281.000000,274.000000,309.000000,False,MEDIUM,12.000000,True,Alpine,4648.194000,,12,10.000000,False,,False,True
2026,5,Canadian Grand Prix,R,4806.445000,GAS,10,gasly,alpine,79.232000,13.000000,1.000000,,,22.334000,24.772000,32.126000,4749.577000,4774.349000,4806.475000,237.000000,280.000000,277.000000,309.000000,False,MEDIUM,13.000000,True,Alpine,4727.213000,,2,10.000000,False,,False,True
2026,5,Canadian Grand Prix,R,4884.458000,GAS,10,gasly,alpine,78.013000,14.000000,1.000000,,,22.341000,24.801000,30.871000,4828.816000,4853.617000,4884.488000,239.000000,277.000000,273.000000,306.000000,False,MEDIUM,14.000000,True,Alpine,4806.445000,,21,10.000000,False,,False,True
2026,5,Canadian Grand Prix,R,4962.053000,GAS,10,gasly,alpine,77.595000,15.000000,1.000000,,,22.050000,24.566000,30.979000,4906.538000,4931.104000,4962.083000,238.000000,278.000000,271.000000,305.000000,True,MEDIUM,15.000000,True,Alpine,4884.458000,,1,9.000000,False,,False,True
2026,5,Canadian Grand Prix,R,5039.622000,GAS,10,gasly,alpine,77.569000,16.000000,1.000000,,,22.102000,24.543000,30.924000,4984.185000,5008.728000,5039.652000,237.000000,277.000000,271.000000,304.000000,True,MEDIUM,16.000000,True,Alpine,4962.053000,,1,9.000000,False,,False,True
2026,5,Canadian Grand Prix,R,5117.255000,GAS,10,gasly,alpine,77.633000,17.000000,1.000000,,,22.080000,24.672000,30.881000,5061.732000,5086.404000,5117.285000,238.000000,278.000000,272.000000,304.000000,False,MEDIUM,17.000000,True,Alpine,5039.622000,,1,9.000000,False,,False,True
2026,5,Canadian Grand Prix,R,5194.711000,GAS,10,gasly,alpine,77.456000,18.000000,1.000000,,,22.106000,24.552000,30.798000,5139.391000,5163.943000,5194.741000,236.000000,280.000000,274.000000,303.000000,True,MEDIUM,18.000000,True,Alpine,5117.255000,,12,9.000000,False,,False,True
2026,5,Canadian Grand Prix,R,5272.130000,GAS,10,gasly,alpine,77.419000,19.000000,1.000000,,,22.026000,24.603000,30.790000,5216.767000,5241.370000,5272.160000,239.000000,280.000000,270.000000,304.000000,True,MEDIUM,19.000000,True,Alpine,5194.711000,,1,9.000000,False,,False,True
2026,5,Canadian Grand Prix,R,5349.637000,GAS,10,gasly,alpine,77.507000,20.000000,1.000000,,,22.024000,24.609000,30.874000,5294.184000,5318.793000,5349.667000,238.000000,276.000000,272.000000,305.000000,False,MEDIUM,20.000000,True,Alpine,5272.130000,,1,9.000000,False,,False,True
2026,5,Canadian Grand Prix,R,5427.411000,GAS,10,gasly,alpine,77.774000,21.000000,1.000000,,,22.219000,24.704000,30.851000,5371.886000,5396.590000,5427.441000,239.000000,278.000000,276.000000,306.000000,False,MEDIUM,21.000000,True,Alpine,5349.637000,,1,9.000000,False,,False,True
2026,5,Canadian Grand Prix,R,5504.843000,GAS,10,gasly,alpine,77.432000,22.000000,1.000000,,,22.118000,24.573000,30.741000,5449.559000,5474.132000,5504.873000,238.000000,282.000000,280.000000,309.000000,False,MEDIUM,22.000000,True,Alpine,5427.411000,,1,9.000000,False,,False,True
2026,5,Canadian Grand Prix,R,5582.934000,GAS,10,gasly,alpine,78.091000,23.000000,1.000000,,,22.296000,25.052000,30.743000,5527.169000,5552.221000,5582.964000,240.000000,278.000000,274.000000,304.000000,False,MEDIUM,23.000000,True,Alpine,5504.843000,,1,9.000000,False,,False,True
2026,5,Canadian Grand Prix,R,5660.226000,GAS,10,gasly,alpine,77.292000,24.000000,1.000000,,,21.978000,24.641000,30.673000,5604.942000,5629.583000,5660.256000,239.000000,279.000000,266.000000,305.000000,True,MEDIUM,24.000000,True,Alpine,5582.934000,,1,9.000000,False,,False,True
2026,5,Canadian Grand Prix,R,5737.545000,GAS,10,gasly,alpine,77.319000,25.000000,1.000000,,,22.051000,24.455000,30.813000,5682.307000,5706.762000,5737.575000,237.000000,278.000000,274.000000,304.000000,False,MEDIUM,25.000000,True,Alpine,5660.226000,,1,9.000000,False,,False,True
2026,5,Canadian Grand Prix,R,5814.643000,GAS,10,gasly,alpine,77.098000,26.000000,1.000000,,,21.977000,24.432000,30.689000,5759.552000,5783.984000,5814.673000,240.000000,275.000000,267.000000,302.000000,True,MEDIUM,26.000000,True,Alpine,5737.545000,,1,9.000000,False,,False,True
2026,5,Canadian Grand Prix,R,5891.693000,GAS,10,gasly,alpine,77.050000,27.000000,1.000000,,,22.037000,24.360000,30.653000,5836.710000,5861.070000,5891.723000,240.000000,278.000000,267.000000,302.000000,True,MEDIUM,27.000000,True,Alpine,5814.643000,,1,9.000000,False,,False,True
2026,5,Canadian Grand Prix,R,5968.674000,GAS,10,gasly,alpine,76.981000,28.000000,1.000000,,,21.862000,24.450000,30.669000,5913.585000,5938.035000,5968.704000,242.000000,277.000000,271.000000,302.000000,True,MEDIUM,28.000000,True,Alpine,5891.693000,,1,9.000000,False,,False,True
2026,5,Canadian Grand Prix,R,6045.541000,GAS,10,gasly,alpine,76.867000,29.000000,1.000000,,,21.903000,24.419000,30.545000,5990.607000,6015.026000,6045.571000,241.000000,278.000000,271.000000,305.000000,True,MEDIUM,29.000000,True,Alpine,5968.674000,,12,9.000000,False,,False,True
2026,5,Canadian Grand Prix,R,6158.274000,GAS,10,gasly,alpine,112.733000,30.000000,1.000000,,6134.245000,21.915000,37.796000,53.022000,6067.486000,6105.282000,6158.304000,241.000000,235.000000,,181.000000,False,MEDIUM,30.000000,True,Alpine,6045.541000,,26,8.000000,False,,False,False
2026,5,Canadian Grand Prix,R,6263.010000,GAS,10,gasly,alpine,104.736000,31.000000,2.000000,6159.932000,,31.349000,36.353000,37.034000,6189.653000,6226.006000,6263.040000,218.000000,218.000000,232.000000,246.000000,False,HARD,1.000000,True,Alpine,6158.274000,,67,8.000000,False,,False,False
2026,5,Canadian Grand Prix,R,6343.714000,GAS,10,gasly,alpine,80.704000,32.000000,2.000000,,,24.548000,25.222000,30.934000,6287.588000,6312.810000,6343.744000,243.000000,276.000000,275.000000,307.000000,False,HARD,2.000000,True,Alpine,6263.010000,,71,8.000000,False,,False,False
2026,5,Canadian Grand Prix,R,6421.831000,GAS,10,gasly,alpine,78.117000,33.000000,2.000000,,,22.565000,24.687000,30.865000,6366.309000,6390.996000,6421.861000,241.000000,282.000000,281.000000,311.000000,False,HARD,3.000000,True,Alpine,6343.714000,,1,8.000000,False,,False,True
2026,5,Canadian Grand Prix,R,6499.300000,GAS,10,gasly,alpine,77.469000,34.000000,2.000000,,,22.162000,24.800000,30.507000,6444.023000,6468.823000,6499.330000,242.000000,282.000000,284.000000,312.000000,False,HARD,4.000000,True,Alpine,6421.831000,,1,8.000000,False,,False,True
2026,5,Canadian Grand Prix,R,6576.689000,GAS,10,gasly,alpine,77.389000,35.000000,2.000000,,,22.203000,24.574000,30.612000,6521.533000,6546.107000,6576.719000,241.000000,280.000000,276.000000,304.000000,False,HARD,5.000000,True,Alpine,6499.300000,,1,8.000000,False,,False,True
2026,5,Canadian Grand Prix,R,6653.922000,GAS,10,gasly,alpine,77.233000,36.000000,2.000000,,,21.854000,24.380000,30.999000,6598.573000,6622.953000,6653.952000,242.000000,282.000000,282.000000,306.000000,False,HARD,6.000000,True,Alpine,6576.689000,,1,9.000000,False,,False,True
2026,5,Canadian Grand Prix,R,6730.844000,GAS,10,gasly,alpine,76.922000,37.000000,2.000000,,,21.962000,24.589000,30.371000,6675.914000,6700.503000,6730.874000,245.000000,285.000000,279.000000,318.000000,False,HARD,7.000000,True,Alpine,6653.922000,,1,9.000000,False,,False,True
2026,5,Canadian Grand Prix,R,6809.753000,GAS,10,gasly,alpine,78.909000,38.000000,2.000000,,,22.104000,26.081000,30.724000,6752.978000,6779.059000,6809.783000,242.000000,279.000000,267.000000,303.000000,False,HARD,8.000000,True,Alpine,6730.844000,,1,9.000000,False,,False,True
2026,5,Canadian Grand Prix,R,6886.588000,GAS,10,gasly,alpine,76.835000,39.000000,2.000000,,,21.931000,24.254000,30.650000,6831.714000,6855.968000,6886.618000,242.000000,281.000000,268.000000,303.000000,True,HARD,9.000000,True,Alpine,6809.753000,,12,8.000000,False,,False,True
2026,5,Canadian Grand Prix,R,6963.173000,GAS,10,gasly,alpine,76.585000,40.000000,2.000000,,,21.767000,24.260000,30.558000,6908.385000,6932.645000,6963.203000,241.000000,279.000000,272.000000,304.000000,True,HARD,10.000000,True,Alpine,6886.588000,,1,8.000000,False,,False,True
2026,5,Canadian Grand Prix,R,7039.568000,GAS,10,gasly,alpine,76.395000,41.000000,2.000000,,,21.623000,24.312000,30.460000,6984.826000,7009.138000,7039.598000,244.000000,280.000000,271.000000,302.000000,True,HARD,11.000000,True,Alpine,6963.173000,,1,8.000000,False,,False,True
2026,5,Canadian Grand Prix,R,7115.813000,GAS,10,gasly,alpine,76.245000,42.000000,2.000000,,,21.680000,24.132000,30.433000,7061.278000,7085.410000,7115.843000,243.000000,281.000000,277.000000,305.000000,True,HARD,12.000000,True,Alpine,7039.568000,,1,8.000000,False,,False,True
2026,5,Canadian Grand Prix,R,7192.032000,GAS,10,gasly,alpine,76.219000,43.000000,2.000000,,,21.763000,24.209000,30.247000,7137.606000,7161.815000,7192.062000,241.000000,285.000000,276.000000,307.000000,True,HARD,13.000000,True,Alpine,7115.813000,,1,8.000000,False,,False,True
2026,5,Canadian Grand Prix,R,7269.891000,GAS,10,gasly,alpine,77.859000,44.000000,2.000000,,,21.867000,25.493000,30.499000,7213.929000,7239.422000,7269.921000,242.000000,293.000000,283.000000,311.000000,False,HARD,14.000000,True,Alpine,7192.032000,,1,8.000000,False,,False,True
2026,5,Canadian Grand Prix,R,7363.371000,GAS,10,gasly,alpine,93.480000,45.000000,2.000000,,,22.172000,33.697000,37.611000,7292.093000,7325.790000,7363.401000,241.000000,260.000000,304.000000,249.000000,False,HARD,15.000000,True,Alpine,7269.891000,,167,8.000000,False,,False,False
2026,5,Canadian Grand Prix,R,7440.259000,GAS,10,gasly,alpine,76.888000,46.000000,2.000000,,,21.934000,24.360000,30.594000,7385.335000,7409.695000,7440.289000,242.000000,283.000000,280.000000,306.000000,False,HARD,16.000000,True,Alpine,7363.371000,,1,8.000000,False,,False,True
2026,5,Canadian Grand Prix,R,7518.625000,GAS,10,gasly,alpine,78.366000,47.000000,2.000000,,,21.807000,24.167000,32.392000,7462.096000,7486.263000,7518.655000,242.000000,286.000000,275.000000,218.000000,False,HARD,17.000000,True,Alpine,7440.259000,,1,8.000000,False,,False,True
2026,5,Canadian Grand Prix,R,7596.214000,GAS,10,gasly,alpine,77.589000,48.000000,2.000000,,,21.844000,24.310000,31.435000,7540.499000,7564.809000,7596.244000,243.000000,282.000000,297.000000,268.000000,False,HARD,18.000000,True,Alpine,7518.625000,,1,8.000000,False,,False,True
2026,5,Canadian Grand Prix,R,7672.900000,GAS,10,gasly,alpine,76.686000,49.000000,2.000000,,,21.902000,24.253000,30.531000,7618.146000,7642.399000,7672.930000,241.000000,284.000000,265.000000,317.000000,False,HARD,19.000000,True,Alpine,7596.214000,,1,8.000000,False,,False,True
2026,5,Canadian Grand Prix,R,7748.965000,GAS,10,gasly,alpine,76.065000,50.000000,2.000000,,,21.722000,24.175000,30.168000,7694.652000,7718.827000,7748.995000,244.000000,288.000000,271.000000,320.000000,True,HARD,20.000000,True,Alpine,7672.900000,,1,8.000000,False,,False,True
2026,5,Canadian Grand Prix,R,7830.510000,GAS,10,gasly,alpine,81.545000,51.000000,2.000000,,,21.631000,24.082000,35.832000,7770.626000,7794.708000,7830.540000,244.000000,287.000000,259.000000,320.000000,False,HARD,21.000000,True,Alpine,7748.965000,,16,8.000000,False,,False,False
2026,5,Canadian Grand Prix,R,7934.320000,GAS,10,gasly,alpine,103.810000,52.000000,2.000000,,,28.542000,32.500000,42.768000,7859.082000,7891.582000,7934.350000,225.000000,218.000000,241.000000,244.000000,False,HARD,22.000000,True,Alpine,7830.510000,,67,8.000000,False,,False,False
2026,5,Canadian Grand Prix,R,8015.944000,GAS,10,gasly,alpine,81.624000,53.000000,2.000000,,,26.047000,25.090000,30.487000,7960.397000,7985.487000,8015.974000,237.000000,287.000000,276.000000,318.000000,False,HARD,23.000000,True,Alpine,7934.320000,,71,8.000000,False,,False,False
2026,5,Canadian Grand Prix,R,8092.310000,GAS,10,gasly,alpine,76.366000,54.000000,2.000000,,,21.777000,24.308000,30.281000,8037.751000,8062.059000,8092.340000,245.000000,285.000000,280.000000,316.000000,False,HARD,24.000000,True,Alpine,8015.944000,,1,8.000000,False,,False,True
2026,5,Canadian Grand Prix,R,8168.173000,GAS,10,gasly,alpine,75.863000,55.000000,2.000000,,,21.687000,24.094000,30.082000,8114.027000,8138.121000,8168.203000,243.000000,287.000000,280.000000,312.000000,True,HARD,25.000000,True,Alpine,8092.310000,,1,8.000000,False,,False,True
2026,5,Canadian Grand Prix,R,8244.034000,GAS,10,gasly,alpine,75.861000,56.000000,2.000000,,,21.602000,24.125000,30.134000,8189.805000,8213.930000,8244.064000,243.000000,288.000000,281.000000,314.000000,True,HARD,26.000000,True,Alpine,8168.173000,,1,8.000000,False,,False,True
2026,5,Canadian Grand Prix,R,8319.819000,GAS,10,gasly,alpine,75.785000,57.000000,2.000000,,,21.613000,24.144000,30.028000,8265.677000,8289.821000,8319.849000,243.000000,289.000000,284.000000,311.000000,True,HARD,27.000000,True,Alpine,8244.034000,,1,8.000000,False,,False,True
2026,5,Canadian Grand Prix,R,8395.802000,GAS,10,gasly,alpine,75.983000,58.000000,2.000000,,,21.573000,24.106000,30.304000,8341.422000,8365.528000,8395.832000,244.000000,289.000000,285.000000,316.000000,False,HARD,28.000000,True,Alpine,8319.819000,,1,8.000000,False,,False,True
2026,5,Canadian Grand Prix,R,8471.554000,GAS,10,gasly,alpine,75.752000,59.000000,2.000000,,,21.720000,24.109000,29.923000,8417.552000,8441.661000,8471.584000,243.000000,293.000000,283.000000,316.000000,True,HARD,29.000000,True,Alpine,8395.802000,,1,8.000000,False,,False,True
2026,5,Canadian Grand Prix,R,8547.481000,GAS,10,gasly,alpine,75.927000,60.000000,2.000000,,,21.565000,24.123000,30.239000,8493.149000,8517.272000,8547.511000,244.000000,292.000000,282.000000,313.000000,False,HARD,30.000000,True,Alpine,8471.554000,,12,8.000000,False,,False,True
2026,5,Canadian Grand Prix,R,8623.376000,GAS,10,gasly,alpine,75.895000,61.000000,2.000000,,,21.642000,24.171000,30.082000,8569.153000,8593.324000,8623.406000,243.000000,293.000000,282.000000,319.000000,False,HARD,31.000000,True,Alpine,8547.481000,,1,8.000000,False,,False,True
2026,5,Canadian Grand Prix,R,8699.497000,GAS,10,gasly,alpine,76.121000,62.000000,2.000000,,,21.595000,24.050000,30.476000,8645.001000,8669.051000,8699.527000,244.000000,289.000000,278.000000,322.000000,False,HARD,32.000000,True,Alpine,8623.376000,,1,8.000000,False,,False,True
2026,5,Canadian Grand Prix,R,8775.318000,GAS,10,gasly,alpine,75.821000,63.000000,2.000000,,,21.691000,24.053000,30.077000,8721.218000,8745.271000,8775.348000,244.000000,293.000000,280.000000,318.000000,False,HARD,33.000000,True,Alpine,8699.497000,,1,8.000000,False,,False,True
2026,5,Canadian Grand Prix,R,8852.171000,GAS,10,gasly,alpine,76.853000,64.000000,2.000000,,,21.770000,24.235000,30.848000,8797.118000,8821.353000,8852.201000,244.000000,291.000000,260.000000,338.000000,False,HARD,34.000000,True,Alpine,8775.318000,,1,8.000000,True,TRACK LIMITS AT TURN 14 LAP 64 ,False,True
2026,5,Canadian Grand Prix,R,8930.644000,GAS,10,gasly,alpine,78.473000,65.000000,2.000000,,,22.708000,24.458000,31.307000,8874.909000,8899.367000,8930.674000,244.000000,293.000000,259.000000,343.000000,False,HARD,35.000000,True,Alpine,8852.171000,,1,8.000000,False,,False,True
2026,5,Canadian Grand Prix,R,9007.484000,GAS,10,gasly,alpine,76.840000,66.000000,2.000000,,,21.781000,25.051000,30.008000,8952.455000,8977.506000,9007.514000,243.000000,288.000000,276.000000,311.000000,False,HARD,36.000000,True,Alpine,8930.644000,,1,8.000000,False,,False,True
2026,5,Canadian Grand Prix,R,9082.874000,GAS,10,gasly,alpine,75.390000,67.000000,2.000000,,,21.458000,24.076000,29.856000,9028.972000,9053.048000,9082.904000,243.000000,286.000000,294.000000,327.000000,True,HARD,37.000000,True,Alpine,9007.484000,,1,8.000000,False,,False,True
2026,5,Canadian Grand Prix,R,3850.925000,PER,11,perez,cadillac,98.381000,1.000000,1.000000,,,,29.244000,33.875000,,3817.280000,3851.009000,199.000000,273.000000,283.000000,317.000000,False,INTERMEDIATE,1.000000,True,Cadillac,3752.281000,,1,17.000000,False,,False,False
2026,5,Canadian Grand Prix,R,3955.944000,PER,11,perez,cadillac,105.019000,2.000000,1.000000,,3931.792000,25.507000,28.039000,51.473000,3876.471000,3904.510000,3955.983000,203.000000,268.000000,,314.000000,False,INTERMEDIATE,2.000000,True,Cadillac,3850.925000,,1,21.000000,False,,False,False
2026,5,Canadian Grand Prix,R,4043.062000,PER,11,perez,cadillac,87.118000,3.000000,2.000000,3957.532000,,27.703000,27.271000,32.144000,3983.686000,4010.957000,4043.101000,220.000000,271.000000,282.000000,307.000000,False,SOFT,1.000000,True,Cadillac,3955.944000,,1,20.000000,False,,False,False
2026,5,Canadian Grand Prix,R,4124.670000,PER,11,perez,cadillac,81.608000,4.000000,2.000000,,,23.776000,26.296000,31.536000,4066.877000,4093.173000,4124.709000,227.000000,266.000000,280.000000,306.000000,True,SOFT,2.000000,True,Cadillac,4043.062000,,1,20.000000,False,,False,True
2026,5,Canadian Grand Prix,R,4204.771000,PER,11,perez,cadillac,80.101000,5.000000,2.000000,,,22.979000,25.402000,31.720000,4147.688000,4173.090000,4204.810000,226.000000,294.000000,259.000000,300.000000,True,SOFT,3.000000,True,Cadillac,4124.670000,,1,20.000000,False,,False,True
2026,5,Canadian Grand Prix,R,4283.828000,PER,11,perez,cadillac,79.057000,6.000000,2.000000,,,22.805000,25.224000,31.028000,4227.615000,4252.839000,4283.867000,229.000000,274.000000,277.000000,309.000000,True,SOFT,4.000000,True,Cadillac,4204.771000,,1,20.000000,False,,False,True
2026,5,Canadian Grand Prix,R,4362.549000,PER,11,perez,cadillac,78.721000,7.000000,2.000000,,,22.639000,25.159000,30.923000,4306.506000,4331.665000,4362.588000,227.000000,273.000000,276.000000,305.000000,True,SOFT,5.000000,True,Cadillac,4283.828000,,1,20.000000,False,,False,True
2026,5,Canadian Grand Prix,R,4441.261000,PER,11,perez,cadillac,78.712000,8.000000,2.000000,,,22.710000,25.140000,30.862000,4385.298000,4410.438000,4441.300000,228.000000,272.000000,276.000000,304.000000,True,SOFT,6.000000,True,Cadillac,4362.549000,,1,20.000000,False,,False,True
2026,5,Canadian Grand Prix,R,4520.347000,PER,11,perez,cadillac,79.086000,9.000000,2.000000,,,22.794000,25.276000,31.016000,4464.094000,4489.370000,4520.386000,226.000000,271.000000,271.000000,300.000000,False,SOFT,7.000000,True,Cadillac,4441.261000,,1,20.000000,False,,False,True
2026,5,Canadian Grand Prix,R,4598.844000,PER,11,perez,cadillac,78.497000,10.000000,2.000000,,,22.443000,25.036000,31.018000,4542.829000,4567.865000,4598.883000,228.000000,271.000000,269.000000,300.000000,True,SOFT,8.000000,True,Cadillac,4520.347000,,1,20.000000,False,,False,True
2026,5,Canadian Grand Prix,R,4677.407000,PER,11,perez,cadillac,78.563000,11.000000,2.000000,,,22.542000,25.179000,30.842000,4621.425000,4646.604000,4677.446000,232.000000,270.000000,276.000000,302.000000,False,SOFT,9.000000,True,Cadillac,4598.844000,,1,20.000000,False,,False,True
2026,5,Canadian Grand Prix,R,4756.094000,PER,11,perez,cadillac,78.687000,12.000000,2.000000,,,22.563000,25.081000,31.043000,4700.009000,4725.090000,4756.133000,231.000000,273.000000,282.000000,305.000000,False,SOFT,10.000000,True,Cadillac,4677.407000,,12,18.000000,False,,False,True
2026,5,Canadian Grand Prix,R,4835.365000,PER,11,perez,cadillac,79.271000,13.000000,2.000000,,,22.759000,25.361000,31.151000,4778.892000,4804.253000,4835.404000,229.000000,277.000000,261.000000,327.000000,False,SOFT,11.000000,True,Cadillac,4756.094000,,21,17.000000,False,,False,True
2026,5,Canadian Grand Prix,R,4914.571000,PER,11,perez,cadillac,79.206000,14.000000,2.000000,,,22.640000,25.313000,31.253000,4858.044000,4883.357000,4914.610000,230.000000,268.000000,268.000000,297.000000,False,SOFT,12.000000,True,Cadillac,4835.365000,,1,17.000000,False,,False,True
2026,5,Canadian Grand Prix,R,5010.752000,PER,11,perez,cadillac,96.181000,15.000000,2.000000,,4987.248000,22.417000,25.115000,48.649000,4937.027000,4962.142000,5010.791000,229.000000,269.000000,,306.000000,False,SOFT,13.000000,True,Cadillac,4914.571000,,1,18.000000,False,,False,False
2026,5,Canadian Grand Prix,R,5094.950000,PER,11,perez,cadillac,84.198000,16.000000,3.000000,5012.338000,,26.146000,26.299000,31.753000,5036.937000,5063.236000,5094.989000,225.000000,266.000000,273.000000,297.000000,False,MEDIUM,1.000000,True,Cadillac,5010.752000,,1,18.000000,False,,False,False
2026,5,Canadian Grand Prix,R,5174.757000,PER,11,perez,cadillac,79.807000,17.000000,3.000000,,,22.933000,25.486000,31.388000,5117.922000,5143.408000,5174.796000,229.000000,266.000000,272.000000,295.000000,False,MEDIUM,2.000000,True,Cadillac,5094.950000,,1,18.000000,False,,False,True
2026,5,Canadian Grand Prix,R,5253.879000,PER,11,perez,cadillac,79.122000,18.000000,3.000000,,,22.650000,25.314000,31.158000,5197.446000,5222.760000,5253.918000,229.000000,267.000000,275.000000,295.000000,False,MEDIUM,3.000000,True,Cadillac,5174.757000,,12,18.000000,False,,False,True
2026,5,Canadian Grand Prix,R,5332.469000,PER,11,perez,cadillac,78.590000,19.000000,3.000000,,,22.467000,25.118000,31.005000,5276.385000,5301.503000,5332.508000,228.000000,268.000000,272.000000,293.000000,False,MEDIUM,4.000000,True,Cadillac,5253.879000,,1,18.000000,False,,False,True
2026,5,Canadian Grand Prix,R,5411.037000,PER,11,perez,cadillac,78.568000,20.000000,3.000000,,,22.254000,25.017000,31.297000,5354.762000,5379.779000,5411.076000,229.000000,269.000000,235.000000,293.000000,False,MEDIUM,5.000000,True,Cadillac,5332.469000,,1,18.000000,False,,False,True
2026,5,Canadian Grand Prix,R,5490.425000,PER,11,perez,cadillac,79.388000,21.000000,3.000000,,,23.612000,25.049000,30.727000,5434.688000,5459.737000,5490.464000,228.000000,271.000000,277.000000,299.000000,False,MEDIUM,6.000000,True,Cadillac,5411.037000,,1,18.000000,False,,False,True
2026,5,Canadian Grand Prix,R,5568.385000,PER,11,perez,cadillac,77.960000,22.000000,3.000000,,,22.342000,24.847000,30.771000,5512.806000,5537.653000,5568.424000,230.000000,271.000000,276.000000,300.000000,True,MEDIUM,7.000000,True,Cadillac,5490.425000,,1,18.000000,False,,False,True
2026,5,Canadian Grand Prix,R,5646.321000,PER,11,perez,cadillac,77.936000,23.000000,3.000000,,,22.170000,24.996000,30.770000,5590.594000,5615.590000,5646.360000,230.000000,272.000000,272.000000,301.000000,True,MEDIUM,8.000000,True,Cadillac,5568.385000,,1,18.000000,False,,False,True
2026,5,Canadian Grand Prix,R,5724.533000,PER,11,perez,cadillac,78.212000,24.000000,3.000000,,,22.293000,24.943000,30.976000,5668.653000,5693.596000,5724.572000,230.000000,275.000000,262.000000,332.000000,False,MEDIUM,9.000000,True,Cadillac,5646.321000,,1,18.000000,False,,False,True
2026,5,Canadian Grand Prix,R,5802.996000,PER,11,perez,cadillac,78.463000,25.000000,3.000000,,,22.633000,24.865000,30.965000,5747.205000,5772.070000,5803.035000,230.000000,270.000000,272.000000,297.000000,False,MEDIUM,10.000000,True,Cadillac,5724.533000,,1,17.000000,False,,False,True
2026,5,Canadian Grand Prix,R,5881.100000,PER,11,perez,cadillac,78.104000,26.000000,3.000000,,,22.332000,24.875000,30.897000,5825.367000,5850.242000,5881.139000,230.000000,270.000000,271.000000,294.000000,False,MEDIUM,11.000000,True,Cadillac,5802.996000,,1,17.000000,False,,False,True
2026,5,Canadian Grand Prix,R,5959.578000,PER,11,perez,cadillac,78.478000,27.000000,3.000000,,,22.352000,25.051000,31.075000,5903.491000,5928.542000,5959.617000,230.000000,270.000000,272.000000,293.000000,False,MEDIUM,12.000000,True,Cadillac,5881.100000,,1,17.000000,False,,False,True
2026,5,Canadian Grand Prix,R,6037.565000,PER,11,perez,cadillac,77.987000,28.000000,3.000000,,,22.371000,24.872000,30.744000,5981.988000,6006.860000,6037.604000,229.000000,271.000000,272.000000,294.000000,False,MEDIUM,13.000000,True,Cadillac,5959.578000,,1,17.000000,False,,False,True
2026,5,Canadian Grand Prix,R,6149.674000,PER,11,perez,cadillac,112.109000,29.000000,3.000000,,6126.246000,22.133000,32.683000,57.293000,6059.737000,6092.420000,6149.713000,231.000000,160.000000,,221.000000,False,MEDIUM,14.000000,True,Cadillac,6037.565000,,126,17.000000,False,,False,False
2026,5,Canadian Grand Prix,R,6257.685000,PER,11,perez,cadillac,108.011000,30.000000,4.000000,6151.281000,,28.915000,39.286000,39.810000,6178.628000,6217.914000,6257.724000,216.000000,112.000000,242.000000,219.000000,False,SOFT,1.000000,True,Cadillac,6149.674000,,67,16.000000,False,,False,False
2026,5,Canadian Grand Prix,R,6341.101000,PER,11,perez,cadillac,83.416000,31.000000,4.000000,,,24.472000,27.064000,31.880000,6282.196000,6309.260000,6341.140000,233.000000,261.000000,281.000000,309.000000,False,SOFT,2.000000,True,Cadillac,6257.685000,,71,16.000000,False,,False,False
2026,5,Canadian Grand Prix,R,6420.349000,PER,11,perez,cadillac,79.248000,32.000000,4.000000,,,23.131000,25.328000,30.789000,6364.271000,6389.599000,6420.388000,236.000000,283.000000,286.000000,326.000000,False,SOFT,3.000000,True,Cadillac,6341.101000,,1,16.000000,False,,False,True
2026,5,Canadian Grand Prix,R,6501.602000,PER,11,perez,cadillac,81.253000,33.000000,4.000000,,,22.569000,25.365000,33.319000,6442.957000,6468.322000,6501.641000,232.000000,245.000000,280.000000,211.000000,False,SOFT,4.000000,True,Cadillac,6420.349000,,1,16.000000,False,,False,True
2026,5,Canadian Grand Prix,R,6579.714000,PER,11,perez,cadillac,78.112000,34.000000,4.000000,,,22.600000,24.880000,30.632000,6524.241000,6549.121000,6579.753000,232.000000,276.000000,281.000000,310.000000,False,SOFT,5.000000,True,Cadillac,6501.602000,,1,16.000000,False,,False,True
2026,5,Canadian Grand Prix,R,6656.834000,PER,11,perez,cadillac,77.120000,35.000000,4.000000,,,22.193000,24.605000,30.322000,6601.946000,6626.551000,6656.873000,233.000000,280.000000,288.000000,323.000000,True,SOFT,6.000000,True,Cadillac,6579.714000,,1,16.000000,False,,False,True
2026,5,Canadian Grand Prix,R,6734.232000,PER,11,perez,cadillac,77.398000,36.000000,4.000000,,,22.208000,24.571000,30.619000,6679.081000,6703.652000,6734.271000,231.000000,290.000000,275.000000,305.000000,False,SOFT,7.000000,True,Cadillac,6656.834000,,1,16.000000,False,,False,True
2026,5,Canadian Grand Prix,R,6811.147000,PER,11,perez,cadillac,76.915000,37.000000,4.000000,,,22.178000,24.503000,30.234000,6756.449000,6780.952000,6811.186000,233.000000,280.000000,281.000000,313.000000,True,SOFT,8.000000,True,Cadillac,6734.232000,,1,16.000000,False,,False,True
2026,5,Canadian Grand Prix,R,6888.570000,PER,11,perez,cadillac,77.423000,38.000000,4.000000,,,22.336000,24.636000,30.451000,6833.522000,6858.158000,6888.609000,234.000000,280.000000,272.000000,340.000000,False,SOFT,9.000000,True,Cadillac,6811.147000,,12,15.000000,False,,False,True
2026,5,Canadian Grand Prix,R,6969.434000,PER,11,perez,cadillac,80.864000,39.000000,4.000000,,,22.461000,26.809000,31.594000,6911.070000,6937.879000,6969.473000,231.000000,273.000000,274.000000,302.000000,False,SOFT,10.000000,True,Cadillac,6888.570000,,1,15.000000,False,,False,True
2026,5,Canadian Grand Prix,R,7042.618000,PER,11,perez,cadillac,,40.000000,4.000000,,7042.657000,22.469000,24.759000,,6992.011000,7016.897000,,233.000000,279.000000,,289.000000,False,SOFT,11.000000,True,Cadillac,6969.434000,,1,14.000000,False,,False,False
2026,5,Canadian Grand Prix,R,3839.884000,ANT,12,antonelli,mercedes,87.340000,1.000000,1.000000,,,,26.222000,31.942000,,3808.193000,3840.041000,236.000000,283.000000,276.000000,310.000000,False,SOFT,5.000000,False,Mercedes,3752.281000,,1,2.000000,False,,False,False
2026,5,Canadian Grand Prix,R,3921.331000,ANT,12,antonelli,mercedes,81.447000,2.000000,1.000000,,,23.454000,25.600000,32.393000,3863.384000,3888.984000,3921.377000,242.000000,282.000000,265.000000,300.000000,True,SOFT,6.000000,False,Mercedes,3839.884000,,1,1.000000,False,,False,True
2026,5,Canadian Grand Prix,R,4000.305000,ANT,12,antonelli,mercedes,78.974000,3.000000,1.000000,,,22.886000,24.922000,31.166000,3944.263000,3969.185000,4000.351000,232.000000,275.000000,275.000000,300.000000,True,SOFT,7.000000,False,Mercedes,3921.331000,,1,1.000000,False,,False,True
2026,5,Canadian Grand Prix,R,4078.279000,ANT,12,antonelli,mercedes,77.974000,4.000000,1.000000,,,22.389000,24.665000,30.920000,4022.740000,4047.405000,4078.325000,234.000000,274.000000,273.000000,299.000000,True,SOFT,8.000000,False,Mercedes,4000.305000,,1,1.000000,False,,False,True
2026,5,Canadian Grand Prix,R,4155.337000,ANT,12,antonelli,mercedes,77.058000,5.000000,1.000000,,,22.001000,24.485000,30.572000,4100.326000,4124.811000,4155.383000,235.000000,274.000000,275.000000,299.000000,True,SOFT,9.000000,False,Mercedes,4078.279000,,1,1.000000,False,,False,True
2026,5,Canadian Grand Prix,R,4233.047000,ANT,12,antonelli,mercedes,77.710000,6.000000,1.000000,,,21.991000,24.326000,31.393000,4177.374000,4201.700000,4233.093000,235.000000,274.000000,277.000000,299.000000,False,SOFT,10.000000,False,Mercedes,4155.337000,,1,2.000000,True,TRACK LIMITS AT TURN 14 LAP 6 ,False,True
2026,5,Canadian Grand Prix,R,4309.920000,ANT,12,antonelli,mercedes,76.873000,7.000000,1.000000,,,22.330000,24.415000,30.128000,4255.423000,4279.838000,4309.966000,235.000000,278.000000,276.000000,313.000000,True,SOFT,11.000000,False,Mercedes,4233.047000,,1,2.000000,False,,False,True
2026,5,Canadian Grand Prix,R,4385.967000,ANT,12,antonelli,mercedes,76.047000,8.000000,1.000000,,,21.720000,24.125000,30.202000,4331.686000,4355.811000,4386.013000,237.000000,279.000000,272.000000,310.000000,True,SOFT,12.000000,False,Mercedes,4309.920000,,1,2.000000,False,,False,True
2026,5,Canadian Grand Prix,R,4461.815000,ANT,12,antonelli,mercedes,75.848000,9.000000,1.000000,,,21.781000,24.074000,29.993000,4407.794000,4431.868000,4461.861000,237.000000,283.000000,282.000000,317.000000,True,SOFT,13.000000,False,Mercedes,4385.967000,,1,2.000000,False,,False,True
2026,5,Canadian Grand Prix,R,4537.555000,ANT,12,antonelli,mercedes,75.740000,10.000000,1.000000,,,21.638000,24.005000,30.097000,4483.499000,4507.504000,4537.601000,238.000000,281.000000,279.000000,310.000000,True,SOFT,14.000000,False,Mercedes,4461.815000,,1,2.000000,False,,False,True
2026,5,Canadian Grand Prix,R,4613.185000,ANT,12,antonelli,mercedes,75.630000,11.000000,1.000000,,,21.538000,24.042000,30.050000,4559.139000,4583.181000,4613.231000,238.000000,280.000000,279.000000,312.000000,True,SOFT,15.000000,False,Mercedes,4537.555000,,1,2.000000,False,,False,True
2026,5,Canadian Grand Prix,R,4689.101000,ANT,12,antonelli,mercedes,75.916000,12.000000,1.000000,,,21.512000,23.989000,30.415000,4634.743000,4658.732000,4689.147000,238.000000,280.000000,302.000000,302.000000,False,SOFT,16.000000,False,Mercedes,4613.185000,,1,2.000000,False,,False,True
2026,5,Canadian Grand Prix,R,4766.934000,ANT,12,antonelli,mercedes,77.833000,13.000000,1.000000,,,22.734000,24.512000,30.587000,4711.881000,4736.393000,4766.980000,235.000000,266.000000,281.000000,315.000000,False,SOFT,17.000000,False,Mercedes,4689.101000,,12,2.000000,False,,False,True
2026,5,Canadian Grand Prix,R,4843.060000,ANT,12,antonelli,mercedes,76.126000,14.000000,1.000000,,,21.638000,24.140000,30.348000,4788.618000,4812.758000,4843.106000,240.000000,285.000000,282.000000,320.000000,False,SOFT,18.000000,False,Mercedes,4766.934000,,21,2.000000,False,,False,True
2026,5,Canadian Grand Prix,R,4918.695000,ANT,12,antonelli,mercedes,75.635000,15.000000,1.000000,,,21.585000,23.961000,30.089000,4864.691000,4888.652000,4918.741000,240.000000,288.000000,284.000000,313.000000,False,SOFT,19.000000,False,Mercedes,4843.060000,,1,2.000000,False,,False,True
2026,5,Canadian Grand Prix,R,4994.106000,ANT,12,antonelli,mercedes,75.411000,16.000000,1.000000,,,21.581000,24.003000,29.827000,4940.322000,4964.325000,4994.152000,241.000000,287.000000,285.000000,325.000000,True,SOFT,20.000000,False,Mercedes,4918.695000,,1,2.000000,False,,False,True
2026,5,Canadian Grand Prix,R,5070.637000,ANT,12,antonelli,mercedes,76.531000,17.000000,1.000000,,,21.601000,24.215000,30.715000,5015.753000,5039.968000,5070.683000,241.000000,286.000000,284.000000,315.000000,False,SOFT,21.000000,False,Mercedes,4994.106000,,1,2.000000,False,,False,True
2026,5,Canadian Grand Prix,R,5146.352000,ANT,12,antonelli,mercedes,75.715000,18.000000,1.000000,,,21.720000,24.173000,29.822000,5092.403000,5116.576000,5146.398000,241.000000,287.000000,286.000000,326.000000,False,SOFT,22.000000,False,Mercedes,5070.637000,,1,2.000000,False,,False,True
2026,5,Canadian Grand Prix,R,5221.939000,ANT,12,antonelli,mercedes,75.587000,19.000000,1.000000,,,21.707000,24.079000,29.801000,5168.105000,5192.184000,5221.985000,241.000000,287.000000,286.000000,330.000000,False,SOFT,23.000000,False,Mercedes,5146.352000,,12,2.000000,False,,False,True
2026,5,Canadian Grand Prix,R,5297.498000,ANT,12,antonelli,mercedes,75.559000,20.000000,1.000000,,,21.660000,24.084000,29.815000,5243.645000,5267.729000,5297.544000,240.000000,286.000000,283.000000,327.000000,False,SOFT,24.000000,False,Mercedes,5221.939000,,1,2.000000,False,,False,True
2026,5,Canadian Grand Prix,R,5372.937000,ANT,12,antonelli,mercedes,75.439000,21.000000,1.000000,,,21.580000,23.960000,29.899000,5319.124000,5343.084000,5372.983000,240.000000,288.000000,300.000000,339.000000,False,SOFT,25.000000,False,Mercedes,5297.498000,,1,2.000000,False,,False,True
2026,5,Canadian Grand Prix,R,5449.119000,ANT,12,antonelli,mercedes,76.182000,22.000000,1.000000,,,22.121000,24.233000,29.828000,5395.104000,5419.337000,5449.165000,238.000000,285.000000,272.000000,328.000000,False,SOFT,26.000000,False,Mercedes,5372.937000,,1,1.000000,False,,False,True
2026,5,Canadian Grand Prix,R,5524.532000,ANT,12,antonelli,mercedes,75.413000,23.000000,1.000000,,,21.467000,24.151000,29.795000,5470.632000,5494.783000,5524.578000,238.000000,278.000000,285.000000,327.000000,False,SOFT,27.000000,False,Mercedes,5449.119000,,1,1.000000,False,,False,True
2026,5,Canadian Grand Prix,R,5600.997000,ANT,12,antonelli,mercedes,76.465000,24.000000,1.000000,,,21.380000,24.250000,30.835000,5545.958000,5570.208000,5601.043000,236.000000,278.000000,270.000000,325.000000,False,SOFT,28.000000,False,Mercedes,5524.532000,,1,1.000000,True,TRACK LIMITS AT TURN 10 LAP 24 ,False,True
2026,5,Canadian Grand Prix,R,5679.540000,ANT,12,antonelli,mercedes,78.543000,25.000000,1.000000,,,22.432000,25.706000,30.405000,5623.475000,5649.181000,5679.586000,234.000000,278.000000,274.000000,325.000000,False,SOFT,29.000000,False,Mercedes,5600.997000,,1,2.000000,False,,False,True
2026,5,Canadian Grand Prix,R,5756.020000,ANT,12,antonelli,mercedes,76.480000,26.000000,1.000000,,,21.990000,24.427000,30.063000,5701.576000,5726.003000,5756.066000,236.000000,284.000000,278.000000,338.000000,False,SOFT,30.000000,False,Mercedes,5679.540000,,1,2.000000,False,,False,True
2026,5,Canadian Grand Prix,R,5831.991000,ANT,12,antonelli,mercedes,75.971000,27.000000,1.000000,,,21.874000,24.201000,29.896000,5777.940000,5802.141000,5832.037000,235.000000,283.000000,289.000000,335.000000,False,SOFT,31.000000,False,Mercedes,5756.020000,,1,2.000000,False,,False,True
2026,5,Canadian Grand Prix,R,5908.418000,ANT,12,antonelli,mercedes,76.427000,28.000000,1.000000,,,22.056000,24.401000,29.970000,5854.093000,5878.494000,5908.464000,238.000000,286.000000,282.000000,338.000000,False,SOFT,32.000000,False,Mercedes,5831.991000,,1,2.000000,False,,False,True
2026,5,Canadian Grand Prix,R,5984.170000,ANT,12,antonelli,mercedes,75.752000,29.000000,1.000000,,,22.017000,24.009000,29.726000,5930.481000,5954.490000,5984.216000,235.000000,285.000000,281.000000,338.000000,False,SOFT,33.000000,False,Mercedes,5908.418000,,1,2.000000,False,,False,True
2026,5,Canadian Grand Prix,R,6060.531000,ANT,12,antonelli,mercedes,76.361000,30.000000,1.000000,,,21.786000,24.587000,29.988000,6006.002000,6030.589000,6060.577000,236.000000,274.000000,275.000000,323.000000,False,SOFT,34.000000,False,Mercedes,5984.170000,,12,1.000000,False,,False,True
2026,5,Canadian Grand Prix,R,6179.770000,ANT,12,antonelli,mercedes,119.239000,31.000000,1.000000,,6156.253000,26.854000,37.012000,55.373000,6087.431000,6124.443000,6179.816000,169.000000,140.000000,,270.000000,False,SOFT,35.000000,False,Mercedes,6060.531000,,26,1.000000,False,,False,False
2026,5,Canadian Grand Prix,R,6280.871000,ANT,12,antonelli,mercedes,101.101000,32.000000,2.000000,6181.314000,,28.986000,34.740000,37.375000,6208.802000,6243.542000,6280.917000,173.000000,208.000000,289.000000,240.000000,False,MEDIUM,1.000000,True,Mercedes,6179.770000,,671,1.000000,False,,False,False
2026,5,Canadian Grand Prix,R,6360.136000,ANT,12,antonelli,mercedes,79.265000,33.000000,2.000000,,,22.882000,25.561000,30.822000,6303.799000,6329.360000,6360.182000,239.000000,266.000000,268.000000,294.000000,False,MEDIUM,2.000000,True,Mercedes,6280.871000,,1,1.000000,False,,False,True
2026,5,Canadian Grand Prix,R,6436.426000,ANT,12,antonelli,mercedes,76.290000,34.000000,2.000000,,,21.855000,24.269000,30.166000,6382.037000,6406.306000,6436.472000,239.000000,283.000000,287.000000,318.000000,False,MEDIUM,3.000000,True,Mercedes,6360.136000,,1,1.000000,False,,False,True
2026,5,Canadian Grand Prix,R,6512.527000,ANT,12,antonelli,mercedes,76.101000,35.000000,2.000000,,,21.607000,24.405000,30.089000,6458.079000,6482.484000,6512.573000,241.000000,283.000000,282.000000,308.000000,False,MEDIUM,4.000000,True,Mercedes,6436.426000,,1,1.000000,False,,False,True
2026,5,Canadian Grand Prix,R,6588.235000,ANT,12,antonelli,mercedes,75.708000,36.000000,2.000000,,,21.535000,24.030000,30.143000,6534.108000,6558.138000,6588.281000,238.000000,280.000000,280.000000,300.000000,False,MEDIUM,5.000000,True,Mercedes,6512.527000,,1,1.000000,False,,False,True
2026,5,Canadian Grand Prix,R,6663.701000,ANT,12,antonelli,mercedes,75.466000,37.000000,2.000000,,,21.359000,23.940000,30.167000,6609.640000,6633.580000,6663.747000,240.000000,281.000000,281.000000,303.000000,False,MEDIUM,6.000000,True,Mercedes,6588.235000,,1,1.000000,False,,False,True
2026,5,Canadian Grand Prix,R,6738.936000,ANT,12,antonelli,mercedes,75.235000,38.000000,2.000000,,,21.321000,23.936000,29.978000,6685.068000,6709.004000,6738.982000,241.000000,282.000000,280.000000,306.000000,True,MEDIUM,7.000000,True,Mercedes,6663.701000,,1,1.000000,False,,False,True
2026,5,Canadian Grand Prix,R,6814.226000,ANT,12,antonelli,mercedes,75.290000,39.000000,2.000000,,,21.388000,24.021000,29.881000,6760.370000,6784.391000,6814.272000,241.000000,284.000000,282.000000,307.000000,False,MEDIUM,8.000000,True,Mercedes,6738.936000,,1,1.000000,False,,False,True
2026,5,Canadian Grand Prix,R,6890.097000,ANT,12,antonelli,mercedes,75.871000,40.000000,2.000000,,,21.340000,24.012000,30.519000,6835.612000,6859.624000,6890.143000,242.000000,286.000000,281.000000,310.000000,False,MEDIUM,9.000000,True,Mercedes,6814.226000,,12,1.000000,False,,False,True
2026,5,Canadian Grand Prix,R,6968.002000,ANT,12,antonelli,mercedes,77.905000,41.000000,2.000000,,,21.690000,25.939000,30.276000,6911.833000,6937.772000,6968.048000,241.000000,285.000000,277.000000,301.000000,False,MEDIUM,10.000000,True,Mercedes,6890.097000,,1,1.000000,False,,False,True
2026,5,Canadian Grand Prix,R,7043.246000,ANT,12,antonelli,mercedes,75.244000,42.000000,2.000000,,,21.285000,23.963000,29.996000,6989.333000,7013.296000,7043.292000,240.000000,281.000000,281.000000,302.000000,False,MEDIUM,11.000000,True,Mercedes,6968.002000,,1,1.000000,False,,False,True
2026,5,Canadian Grand Prix,R,7118.060000,ANT,12,antonelli,mercedes,74.814000,43.000000,2.000000,,,21.128000,23.801000,29.885000,7064.420000,7088.221000,7118.106000,241.000000,282.000000,283.000000,306.000000,True,MEDIUM,12.000000,True,Mercedes,7043.246000,,1,1.000000,False,,False,True
2026,5,Canadian Grand Prix,R,7193.239000,ANT,12,antonelli,mercedes,75.179000,44.000000,2.000000,,,21.308000,23.880000,29.991000,7139.414000,7163.294000,7193.285000,241.000000,286.000000,286.000000,309.000000,False,MEDIUM,13.000000,True,Mercedes,7118.060000,,1,1.000000,False,,False,True
2026,5,Canadian Grand Prix,R,7268.515000,ANT,12,antonelli,mercedes,75.276000,45.000000,2.000000,,,21.378000,23.961000,29.937000,7214.663000,7238.624000,7268.561000,241.000000,283.000000,283.000000,306.000000,False,MEDIUM,14.000000,True,Mercedes,7193.239000,,1,1.000000,False,,False,True
2026,5,Canadian Grand Prix,R,7361.900000,ANT,12,antonelli,mercedes,93.385000,46.000000,2.000000,,,21.219000,32.216000,39.950000,7289.780000,7321.996000,7361.946000,241.000000,211.000000,265.000000,261.000000,False,MEDIUM,15.000000,True,Mercedes,7268.515000,,167,1.000000,False,,False,False
2026,5,Canadian Grand Prix,R,7437.777000,ANT,12,antonelli,mercedes,75.877000,47.000000,2.000000,,,21.840000,23.880000,30.157000,7383.786000,7407.666000,7437.823000,240.000000,282.000000,278.000000,301.000000,False,MEDIUM,16.000000,True,Mercedes,7361.900000,,1,1.000000,False,,False,True
2026,5,Canadian Grand Prix,R,7512.796000,ANT,12,antonelli,mercedes,75.019000,48.000000,2.000000,,,21.109000,23.688000,30.222000,7458.932000,7482.620000,7512.842000,241.000000,280.000000,279.000000,299.000000,False,MEDIUM,17.000000,True,Mercedes,7437.777000,,1,1.000000,False,,False,True
2026,5,Canadian Grand Prix,R,7587.731000,ANT,12,antonelli,mercedes,74.935000,49.000000,2.000000,,,21.120000,23.790000,30.025000,7533.962000,7557.752000,7587.777000,240.000000,281.000000,277.000000,299.000000,False,MEDIUM,18.000000,True,Mercedes,7512.796000,,1,1.000000,False,,False,True
2026,5,Canadian Grand Prix,R,7662.501000,ANT,12,antonelli,mercedes,74.770000,50.000000,2.000000,,,21.099000,23.646000,30.025000,7608.876000,7632.522000,7662.547000,241.000000,281.000000,279.000000,299.000000,True,MEDIUM,19.000000,True,Mercedes,7587.731000,,1,1.000000,False,,False,True
2026,5,Canadian Grand Prix,R,7737.105000,ANT,12,antonelli,mercedes,74.604000,51.000000,2.000000,,,21.101000,23.642000,29.861000,7683.648000,7707.290000,7737.151000,241.000000,282.000000,282.000000,309.000000,True,MEDIUM,20.000000,True,Mercedes,7662.501000,,1,1.000000,False,,False,True
2026,5,Canadian Grand Prix,R,7811.471000,ANT,12,antonelli,mercedes,74.366000,52.000000,2.000000,,,21.050000,23.653000,29.663000,7758.201000,7781.854000,7811.517000,243.000000,282.000000,283.000000,305.000000,True,MEDIUM,21.000000,True,Mercedes,7737.105000,,1,1.000000,False,,False,True
2026,5,Canadian Grand Prix,R,7917.827000,ANT,12,antonelli,mercedes,106.356000,53.000000,2.000000,,,30.277000,33.041000,43.038000,7841.794000,7874.835000,7917.873000,179.000000,210.000000,234.000000,239.000000,False,MEDIUM,22.000000,True,Mercedes,7811.471000,,16,1.000000,False,,False,False
2026,5,Canadian Grand Prix,R,8001.463000,ANT,12,antonelli,mercedes,83.636000,54.000000,2.000000,,,27.668000,25.392000,30.576000,7945.541000,7970.933000,8001.509000,203.000000,275.000000,285.000000,303.000000,False,MEDIUM,23.000000,True,Mercedes,7917.827000,,671,1.000000,False,,False,False
2026,5,Canadian Grand Prix,R,8076.850000,ANT,12,antonelli,mercedes,75.387000,55.000000,2.000000,,,21.477000,23.954000,29.956000,8022.986000,8046.940000,8076.896000,241.000000,283.000000,283.000000,305.000000,False,MEDIUM,24.000000,True,Mercedes,8001.463000,,1,1.000000,False,,False,True
2026,5,Canadian Grand Prix,R,8151.859000,ANT,12,antonelli,mercedes,75.009000,56.000000,2.000000,,,21.261000,24.022000,29.726000,8098.157000,8122.179000,8151.905000,242.000000,284.000000,283.000000,310.000000,False,MEDIUM,25.000000,True,Mercedes,8076.850000,,1,1.000000,False,,False,True
2026,5,Canadian Grand Prix,R,8226.768000,ANT,12,antonelli,mercedes,74.909000,57.000000,2.000000,,,21.203000,23.906000,29.800000,8173.108000,8197.014000,8226.814000,241.000000,282.000000,278.000000,304.000000,False,MEDIUM,26.000000,True,Mercedes,8151.859000,,1,1.000000,False,,False,True
2026,5,Canadian Grand Prix,R,8301.469000,ANT,12,antonelli,mercedes,74.701000,58.000000,2.000000,,,21.192000,23.678000,29.831000,8248.006000,8271.684000,8301.515000,241.000000,283.000000,279.000000,301.000000,False,MEDIUM,27.000000,True,Mercedes,8226.768000,,1,1.000000,False,,False,True
2026,5,Canadian Grand Prix,R,8376.259000,ANT,12,antonelli,mercedes,74.790000,59.000000,2.000000,,,21.055000,23.765000,29.970000,8322.570000,8346.335000,8376.305000,242.000000,283.000000,281.000000,304.000000,False,MEDIUM,28.000000,True,Mercedes,8301.469000,,1,1.000000,False,,False,True
2026,5,Canadian Grand Prix,R,8450.704000,ANT,12,antonelli,mercedes,74.445000,60.000000,2.000000,,,21.244000,23.692000,29.509000,8397.549000,8421.241000,8450.750000,241.000000,284.000000,284.000000,308.000000,False,MEDIUM,29.000000,True,Mercedes,8376.259000,,1,1.000000,False,,False,True
2026,5,Canadian Grand Prix,R,8525.044000,ANT,12,antonelli,mercedes,74.340000,61.000000,2.000000,,,21.105000,23.590000,29.645000,8471.855000,8495.445000,8525.090000,243.000000,287.000000,258.000000,317.000000,True,MEDIUM,30.000000,True,Mercedes,8450.704000,,12,1.000000,False,,False,True
2026,5,Canadian Grand Prix,R,8600.457000,ANT,12,antonelli,mercedes,75.413000,62.000000,2.000000,,,22.236000,23.657000,29.520000,8547.326000,8570.983000,8600.503000,243.000000,285.000000,290.000000,313.000000,False,MEDIUM,31.000000,True,Mercedes,8525.044000,,1,1.000000,False,,False,True
2026,5,Canadian Grand Prix,R,8675.183000,ANT,12,antonelli,mercedes,74.726000,63.000000,2.000000,,,21.230000,23.885000,29.611000,8621.733000,8645.618000,8675.229000,243.000000,283.000000,282.000000,309.000000,False,MEDIUM,32.000000,True,Mercedes,8600.457000,,1,1.000000,False,,False,True
2026,5,Canadian Grand Prix,R,8750.302000,ANT,12,antonelli,mercedes,75.119000,64.000000,2.000000,,,21.455000,23.821000,29.843000,8696.684000,8720.505000,8750.348000,241.000000,283.000000,279.000000,301.000000,False,MEDIUM,33.000000,True,Mercedes,8675.183000,,1,1.000000,False,,False,True
2026,5,Canadian Grand Prix,R,8825.071000,ANT,12,antonelli,mercedes,74.769000,65.000000,2.000000,,,21.101000,23.777000,29.891000,8771.449000,8795.226000,8825.117000,241.000000,282.000000,280.000000,301.000000,False,MEDIUM,34.000000,True,Mercedes,8750.302000,,1,1.000000,False,,False,True
2026,5,Canadian Grand Prix,R,8899.483000,ANT,12,antonelli,mercedes,74.412000,66.000000,2.000000,,,21.124000,23.791000,29.497000,8846.241000,8870.032000,8899.529000,242.000000,286.000000,281.000000,315.000000,False,MEDIUM,35.000000,True,Mercedes,8825.071000,,1,1.000000,False,,False,True
2026,5,Canadian Grand Prix,R,8974.092000,ANT,12,antonelli,mercedes,74.609000,67.000000,2.000000,,,21.123000,23.652000,29.834000,8920.652000,8944.304000,8974.138000,241.000000,282.000000,280.000000,301.000000,False,MEDIUM,36.000000,True,Mercedes,8899.483000,,1,1.000000,False,,False,True
2026,5,Canadian Grand Prix,R,9048.302000,ANT,12,antonelli,mercedes,74.210000,68.000000,2.000000,,,20.989000,23.638000,29.583000,8995.127000,9018.765000,9048.348000,242.000000,282.000000,283.000000,323.000000,True,MEDIUM,37.000000,True,Mercedes,8974.092000,,1,1.000000,False,,False,True
2026,5,Canadian Grand Prix,R,3848.670000,ALO,14,alonso,aston_martin,96.126000,1.000000,1.000000,,,,28.969000,32.990000,,3815.822000,3848.775000,209.000000,274.000000,273.000000,322.000000,False,SOFT,1.000000,True,Aston Martin,3752.281000,,1,14.000000,False,,False,False
2026,5,Canadian Grand Prix,R,3932.378000,ALO,14,alonso,aston_martin,83.708000,2.000000,1.000000,,,24.705000,26.647000,32.356000,3873.455000,3900.102000,3932.458000,229.000000,270.000000,273.000000,325.000000,True,SOFT,2.000000,True,Aston Martin,3848.670000,,1,10.000000,False,,False,True
2026,5,Canadian Grand Prix,R,4013.962000,ALO,14,alonso,aston_martin,81.584000,3.000000,1.000000,,,23.899000,26.104000,31.581000,3956.357000,3982.461000,4014.042000,228.000000,270.000000,274.000000,310.000000,True,SOFT,3.000000,True,Aston Martin,3932.378000,,1,10.000000,False,,False,True
2026,5,Canadian Grand Prix,R,4095.594000,ALO,14,alonso,aston_martin,81.632000,4.000000,1.000000,,,23.438000,25.899000,32.295000,4037.480000,4063.379000,4095.674000,228.000000,269.000000,269.000000,336.000000,False,SOFT,4.000000,True,Aston Martin,4013.962000,,1,10.000000,False,,False,True
2026,5,Canadian Grand Prix,R,4175.975000,ALO,14,alonso,aston_martin,80.381000,5.000000,1.000000,,,23.438000,25.564000,31.379000,,4144.676000,4176.055000,230.000000,271.000000,269.000000,315.000000,True,SOFT,5.000000,True,Aston Martin,4095.594000,,1,10.000000,False,,False,True
2026,5,Canadian Grand Prix,R,4256.917000,ALO,14,alonso,aston_martin,80.942000,6.000000,1.000000,,,23.250000,25.723000,31.969000,4199.305000,4225.028000,4256.997000,228.000000,265.000000,274.000000,309.000000,False,SOFT,6.000000,True,Aston Martin,4175.975000,,1,11.000000,False,,False,True
2026,5,Canadian Grand Prix,R,4336.868000,ALO,14,alonso,aston_martin,79.951000,7.000000,1.000000,,,23.165000,25.501000,31.285000,4280.162000,4305.663000,4336.948000,229.000000,268.000000,267.000000,314.000000,True,SOFT,7.000000,True,Aston Martin,4256.917000,,1,11.000000,False,,False,True
2026,5,Canadian Grand Prix,R,4417.487000,ALO,14,alonso,aston_martin,80.619000,8.000000,1.000000,,,23.062000,26.002000,31.555000,4360.010000,4386.012000,4417.567000,229.000000,270.000000,276.000000,319.000000,False,SOFT,8.000000,True,Aston Martin,4336.868000,,1,13.000000,False,,False,True
2026,5,Canadian Grand Prix,R,4497.195000,ALO,14,alonso,aston_martin,79.708000,9.000000,1.000000,,,23.368000,25.382000,30.958000,4440.935000,4466.317000,4497.275000,232.000000,271.000000,270.000000,317.000000,True,SOFT,9.000000,True,Aston Martin,4417.487000,,1,14.000000,False,,False,True
2026,5,Canadian Grand Prix,R,4576.830000,ALO,14,alonso,aston_martin,79.635000,10.000000,1.000000,,,22.795000,25.491000,31.349000,4520.070000,4545.561000,4576.910000,230.000000,266.000000,266.000000,300.000000,True,SOFT,10.000000,True,Aston Martin,4497.195000,,1,14.000000,False,,False,True
2026,5,Canadian Grand Prix,R,4656.567000,ALO,14,alonso,aston_martin,79.737000,11.000000,1.000000,,,22.837000,25.436000,31.464000,4599.747000,4625.183000,4656.647000,228.000000,264.000000,265.000000,299.000000,False,SOFT,11.000000,True,Aston Martin,4576.830000,,1,14.000000,False,,False,True
2026,5,Canadian Grand Prix,R,4736.701000,ALO,14,alonso,aston_martin,80.134000,12.000000,1.000000,,,22.698000,25.486000,31.950000,4679.345000,4704.831000,4736.781000,228.000000,264.000000,270.000000,298.000000,False,SOFT,12.000000,True,Aston Martin,4656.567000,,12,12.000000,False,,False,True
2026,5,Canadian Grand Prix,R,4817.303000,ALO,14,alonso,aston_martin,80.602000,13.000000,1.000000,,,22.744000,25.391000,32.467000,4759.525000,4784.916000,4817.383000,231.000000,266.000000,271.000000,294.000000,False,SOFT,13.000000,True,Aston Martin,4736.701000,,2,12.000000,False,,False,True
2026,5,Canadian Grand Prix,R,4897.002000,ALO,14,alonso,aston_martin,79.699000,14.000000,1.000000,,,22.725000,25.222000,31.752000,4840.108000,4865.330000,4897.082000,232.000000,270.000000,262.000000,297.000000,False,SOFT,14.000000,True,Aston Martin,4817.303000,,21,12.000000,False,,False,True
2026,5,Canadian Grand Prix,R,4977.226000,ALO,14,alonso,aston_martin,80.224000,15.000000,1.000000,,,22.883000,25.856000,31.485000,4919.965000,4945.821000,4977.306000,227.000000,269.000000,279.000000,322.000000,False,SOFT,15.000000,True,Aston Martin,4897.002000,,1,12.000000,False,,False,True
2026,5,Canadian Grand Prix,R,5057.635000,ALO,14,alonso,aston_martin,80.409000,16.000000,1.000000,,,23.006000,25.511000,31.892000,5000.312000,5025.823000,5057.715000,227.000000,266.000000,263.000000,309.000000,False,SOFT,16.000000,True,Aston Martin,4977.226000,,1,12.000000,False,,False,True
2026,5,Canadian Grand Prix,R,5138.425000,ALO,14,alonso,aston_martin,80.790000,17.000000,1.000000,,,23.037000,25.699000,32.054000,5080.752000,5106.451000,5138.505000,228.000000,264.000000,274.000000,296.000000,False,SOFT,17.000000,True,Aston Martin,5057.635000,,1,13.000000,False,,False,True
2026,5,Canadian Grand Prix,R,5218.766000,ALO,14,alonso,aston_martin,80.341000,18.000000,1.000000,,,23.483000,25.458000,31.400000,5161.988000,5187.446000,5218.846000,232.000000,270.000000,272.000000,312.000000,False,SOFT,18.000000,True,Aston Martin,5138.425000,,12,14.000000,False,,False,True
2026,5,Canadian Grand Prix,R,5300.760000,ALO,14,alonso,aston_martin,81.994000,19.000000,1.000000,,,22.971000,27.277000,31.746000,5241.817000,5269.094000,5300.840000,231.000000,267.000000,273.000000,303.000000,False,SOFT,19.000000,True,Aston Martin,5218.766000,,1,14.000000,False,,False,True
2026,5,Canadian Grand Prix,R,5398.014000,ALO,14,alonso,aston_martin,97.254000,20.000000,1.000000,,5374.909000,22.975000,25.307000,48.972000,5323.815000,5349.122000,5398.094000,234.000000,270.000000,,297.000000,False,SOFT,20.000000,True,Aston Martin,5300.760000,,1,15.000000,False,,False,False
2026,5,Canadian Grand Prix,R,5482.234000,ALO,14,alonso,aston_martin,84.220000,21.000000,2.000000,5399.578000,,25.741000,26.958000,31.521000,5423.835000,5450.793000,5482.314000,229.000000,271.000000,273.000000,307.000000,False,SOFT,1.000000,True,Aston Martin,5398.014000,,1,17.000000,False,,False,False
2026,5,Canadian Grand Prix,R,5562.660000,ALO,14,alonso,aston_martin,80.426000,22.000000,2.000000,,,22.883000,25.451000,32.092000,5505.197000,5530.648000,5562.740000,232.000000,271.000000,264.000000,300.000000,False,SOFT,2.000000,True,Aston Martin,5482.234000,,1,17.000000,False,,False,True
2026,5,Canadian Grand Prix,R,5643.524000,ALO,14,alonso,aston_martin,80.864000,23.000000,2.000000,,,23.055000,25.585000,32.224000,5585.795000,5611.380000,5643.604000,232.000000,269.000000,266.000000,297.000000,False,SOFT,3.000000,True,Aston Martin,5562.660000,,1,17.000000,False,,False,True
2026,5,Canadian Grand Prix,R,5718.616000,ALO,14,alonso,aston_martin,,24.000000,2.000000,,5718.696000,23.178000,25.951000,,5666.908000,5692.821000,,232.000000,269.000000,,309.000000,False,SOFT,4.000000,True,Aston Martin,5643.524000,,1,17.000000,False,,False,False
2026,5,Canadian Grand Prix,R,3842.997000,LEC,16,leclerc,ferrari,90.453000,1.000000,1.000000,,,,26.992000,32.102000,,3810.993000,3843.134000,213.000000,292.000000,292.000000,317.000000,False,SOFT,5.000000,False,Ferrari,3752.281000,,1,6.000000,False,,False,False
2026,5,Canadian Grand Prix,R,3923.348000,LEC,16,leclerc,ferrari,80.351000,2.000000,1.000000,,,23.603000,25.524000,31.224000,3866.641000,3892.165000,3923.389000,232.000000,283.000000,283.000000,322.000000,True,SOFT,6.000000,False,Ferrari,3842.997000,,1,5.000000,False,,False,True
2026,5,Canadian Grand Prix,R,4002.872000,LEC,16,leclerc,ferrari,79.524000,3.000000,1.000000,,,23.229000,25.361000,30.934000,3946.618000,3971.979000,4002.913000,231.000000,283.000000,290.000000,327.000000,True,SOFT,7.000000,False,Ferrari,3923.348000,,1,5.000000,False,,False,True
2026,5,Canadian Grand Prix,R,4081.508000,LEC,16,leclerc,ferrari,78.636000,4.000000,1.000000,,,22.874000,25.042000,30.720000,4025.787000,4050.829000,4081.549000,231.000000,280.000000,281.000000,318.000000,True,SOFT,8.000000,False,Ferrari,4002.872000,,1,5.000000,False,,False,True
2026,5,Canadian Grand Prix,R,4159.316000,LEC,16,leclerc,ferrari,77.808000,5.000000,1.000000,,,22.530000,24.653000,30.625000,4104.079000,4128.732000,4159.357000,234.000000,278.000000,277.000000,310.000000,True,SOFT,9.000000,False,Ferrari,4081.508000,,1,5.000000,False,,False,True
2026,5,Canadian Grand Prix,R,4236.660000,LEC,16,leclerc,ferrari,77.344000,6.000000,1.000000,,,22.241000,24.459000,30.644000,4181.598000,4206.057000,4236.701000,233.000000,277.000000,277.000000,308.000000,True,SOFT,10.000000,False,Ferrari,4159.316000,,1,5.000000,False,,False,True
2026,5,Canadian Grand Prix,R,4313.850000,LEC,16,leclerc,ferrari,77.190000,7.000000,1.000000,,,22.143000,24.461000,30.586000,4258.844000,4283.305000,4313.891000,233.000000,275.000000,276.000000,308.000000,True,SOFT,11.000000,False,Ferrari,4236.660000,,1,5.000000,False,,False,True
2026,5,Canadian Grand Prix,R,4390.489000,LEC,16,leclerc,ferrari,76.639000,8.000000,1.000000,,,21.944000,24.271000,30.424000,4335.835000,4360.106000,4390.530000,234.000000,276.000000,282.000000,308.000000,True,SOFT,12.000000,False,Ferrari,4313.850000,,1,5.000000,False,,False,True
2026,5,Canadian Grand Prix,R,4466.968000,LEC,16,leclerc,ferrari,76.479000,9.000000,1.000000,,,21.937000,24.202000,30.340000,4412.467000,4436.669000,4467.009000,233.000000,278.000000,280.000000,312.000000,True,SOFT,13.000000,False,Ferrari,4390.489000,,1,5.000000,False,,False,True
2026,5,Canadian Grand Prix,R,4543.437000,LEC,16,leclerc,ferrari,76.469000,10.000000,1.000000,,,21.959000,24.276000,30.234000,4488.968000,4513.244000,4543.478000,234.000000,277.000000,281.000000,313.000000,True,SOFT,14.000000,False,Ferrari,4466.968000,,1,5.000000,False,,False,True
2026,5,Canadian Grand Prix,R,4619.664000,LEC,16,leclerc,ferrari,76.227000,11.000000,1.000000,,,21.871000,24.139000,30.217000,4565.349000,4589.488000,4619.705000,236.000000,279.000000,279.000000,313.000000,True,SOFT,15.000000,False,Ferrari,4543.437000,,1,5.000000,False,,False,True
2026,5,Canadian Grand Prix,R,4695.882000,LEC,16,leclerc,ferrari,76.218000,12.000000,1.000000,,,21.854000,24.305000,30.059000,4641.559000,4665.864000,4695.923000,234.000000,280.000000,281.000000,313.000000,True,SOFT,16.000000,False,Ferrari,4619.664000,,1,5.000000,False,,False,True
2026,5,Canadian Grand Prix,R,4772.711000,LEC,16,leclerc,ferrari,76.829000,13.000000,1.000000,,,21.820000,24.180000,30.829000,4717.743000,4741.923000,4772.752000,236.000000,276.000000,279.000000,310.000000,False,SOFT,17.000000,False,Ferrari,4695.882000,,12,5.000000,False,,False,True
2026,5,Canadian Grand Prix,R,4852.913000,LEC,16,leclerc,ferrari,80.202000,14.000000,1.000000,,,21.799000,27.573000,30.830000,4794.551000,4822.124000,4852.954000,235.000000,255.000000,280.000000,305.000000,False,SOFT,18.000000,False,Ferrari,4772.711000,,21,5.000000,True,TRACK LIMITS AT TURN 8 LAP 14 ,False,True
2026,5,Canadian Grand Prix,R,4929.670000,LEC,16,leclerc,ferrari,76.757000,15.000000,1.000000,,,21.920000,24.362000,30.475000,4874.874000,4899.236000,4929.711000,234.000000,275.000000,273.000000,305.000000,False,SOFT,19.000000,False,Ferrari,4852.913000,,1,5.000000,False,,False,True
2026,5,Canadian Grand Prix,R,5006.253000,LEC,16,leclerc,ferrari,76.583000,16.000000,1.000000,,,21.850000,24.259000,30.474000,4951.561000,4975.820000,5006.294000,234.000000,275.000000,274.000000,303.000000,False,SOFT,20.000000,False,Ferrari,4929.670000,,1,5.000000,False,,False,True
2026,5,Canadian Grand Prix,R,5082.806000,LEC,16,leclerc,ferrari,76.553000,17.000000,1.000000,,,21.792000,24.530000,30.231000,5028.086000,5052.616000,5082.847000,236.000000,275.000000,275.000000,305.000000,False,SOFT,21.000000,False,Ferrari,5006.253000,,1,5.000000,False,,False,True
2026,5,Canadian Grand Prix,R,5159.391000,LEC,16,leclerc,ferrari,76.585000,18.000000,1.000000,,,21.749000,24.298000,30.538000,5104.596000,5128.894000,5159.432000,236.000000,279.000000,277.000000,305.000000,False,SOFT,22.000000,False,Ferrari,5082.806000,,1,5.000000,False,,False,True
2026,5,Canadian Grand Prix,R,5235.741000,LEC,16,leclerc,ferrari,76.350000,19.000000,1.000000,,,21.844000,24.263000,30.243000,5181.276000,5205.539000,5235.782000,235.000000,276.000000,277.000000,305.000000,False,SOFT,23.000000,False,Ferrari,5159.391000,,12,5.000000,False,,False,True
2026,5,Canadian Grand Prix,R,5312.021000,LEC,16,leclerc,ferrari,76.280000,20.000000,1.000000,,,21.742000,24.201000,30.337000,5257.524000,5281.725000,5312.062000,235.000000,276.000000,277.000000,306.000000,False,SOFT,24.000000,False,Ferrari,5235.741000,,1,5.000000,False,,False,True
2026,5,Canadian Grand Prix,R,5388.285000,LEC,16,leclerc,ferrari,76.264000,21.000000,1.000000,,,21.772000,24.191000,30.301000,5333.834000,5358.025000,5388.326000,234.000000,278.000000,279.000000,306.000000,False,SOFT,25.000000,False,Ferrari,5312.021000,,1,5.000000,False,,False,True
2026,5,Canadian Grand Prix,R,5464.376000,LEC,16,leclerc,ferrari,76.091000,22.000000,1.000000,,,21.694000,24.229000,30.168000,5410.020000,5434.249000,5464.417000,235.000000,278.000000,279.000000,308.000000,True,SOFT,26.000000,False,Ferrari,5388.285000,,1,5.000000,False,,False,True
2026,5,Canadian Grand Prix,R,5540.655000,LEC,16,leclerc,ferrari,76.279000,23.000000,1.000000,,,21.692000,24.465000,30.122000,5486.109000,5510.574000,5540.696000,236.000000,280.000000,281.000000,309.000000,False,SOFT,27.000000,False,Ferrari,5464.376000,,1,5.000000,False,,False,True
2026,5,Canadian Grand Prix,R,5616.751000,LEC,16,leclerc,ferrari,76.096000,24.000000,1.000000,,,21.786000,24.178000,30.132000,5562.482000,5586.660000,5616.792000,234.000000,280.000000,281.000000,314.000000,False,SOFT,28.000000,False,Ferrari,5540.655000,,1,5.000000,False,,False,True
2026,5,Canadian Grand Prix,R,5692.997000,LEC,16,leclerc,ferrari,76.246000,25.000000,1.000000,,,21.632000,24.347000,30.267000,5638.424000,5662.771000,5693.038000,236.000000,278.000000,279.000000,310.000000,False,SOFT,29.000000,False,Ferrari,5616.751000,,1,5.000000,False,,False,True
2026,5,Canadian Grand Prix,R,5769.276000,LEC,16,leclerc,ferrari,76.279000,26.000000,1.000000,,,21.890000,24.272000,30.117000,5714.928000,5739.200000,5769.317000,234.000000,280.000000,280.000000,306.000000,False,SOFT,30.000000,False,Ferrari,5692.997000,,1,5.000000,False,,False,True
2026,5,Canadian Grand Prix,R,5845.366000,LEC,16,leclerc,ferrari,76.090000,27.000000,1.000000,,,21.784000,24.189000,30.117000,5791.101000,5815.290000,5845.407000,234.000000,279.000000,279.000000,306.000000,True,SOFT,31.000000,False,Ferrari,5769.276000,,1,5.000000,False,,False,True
2026,5,Canadian Grand Prix,R,5921.827000,LEC,16,leclerc,ferrari,76.461000,28.000000,1.000000,,,21.615000,24.110000,30.736000,5867.022000,5891.132000,5921.868000,235.000000,280.000000,276.000000,305.000000,False,SOFT,32.000000,False,Ferrari,5845.366000,,1,5.000000,False,,False,True
2026,5,Canadian Grand Prix,R,5998.123000,LEC,16,leclerc,ferrari,76.296000,29.000000,1.000000,,,21.946000,24.230000,30.120000,5943.814000,5968.044000,5998.164000,235.000000,279.000000,280.000000,306.000000,False,SOFT,33.000000,False,Ferrari,5921.827000,,1,5.000000,False,,False,True
2026,5,Canadian Grand Prix,R,6078.211000,LEC,16,leclerc,ferrari,80.088000,30.000000,1.000000,,,21.752000,24.885000,33.451000,6019.916000,6044.801000,6078.252000,236.000000,264.000000,88.000000,310.000000,False,SOFT,34.000000,False,Ferrari,5998.123000,,126,4.000000,False,,False,False
2026,5,Canadian Grand Prix,R,6203.696000,LEC,16,leclerc,ferrari,125.485000,31.000000,1.000000,,6175.080000,29.755000,36.557000,59.173000,6108.007000,6144.564000,6203.737000,180.000000,149.000000,,269.000000,False,SOFT,35.000000,False,Ferrari,6078.211000,,6,5.000000,False,,False,False
2026,5,Canadian Grand Prix,R,6299.116000,LEC,16,leclerc,ferrari,95.420000,32.000000,2.000000,6205.314000,,30.373000,32.655000,32.392000,6234.110000,6266.765000,6299.157000,187.000000,236.000000,285.000000,293.000000,False,MEDIUM,1.000000,True,Ferrari,6203.696000,,671,5.000000,False,,False,False
2026,5,Canadian Grand Prix,R,6376.735000,LEC,16,leclerc,ferrari,77.619000,33.000000,2.000000,,,22.431000,24.782000,30.406000,6321.588000,6346.370000,6376.776000,234.000000,280.000000,285.000000,314.000000,False,MEDIUM,2.000000,True,Ferrari,6299.116000,,1,5.000000,False,,False,True
2026,5,Canadian Grand Prix,R,6453.788000,LEC,16,leclerc,ferrari,77.053000,34.000000,2.000000,,,21.987000,24.297000,30.769000,6398.763000,6423.060000,6453.829000,237.000000,288.000000,268.000000,304.000000,False,MEDIUM,3.000000,True,Ferrari,6376.735000,,1,5.000000,False,,False,True
2026,5,Canadian Grand Prix,R,6530.039000,LEC,16,leclerc,ferrari,76.251000,35.000000,2.000000,,,22.018000,24.109000,30.124000,6475.847000,6499.956000,6530.080000,237.000000,285.000000,285.000000,320.000000,False,MEDIUM,4.000000,True,Ferrari,6453.788000,,1,5.000000,False,,False,True
2026,5,Canadian Grand Prix,R,6606.228000,LEC,16,leclerc,ferrari,76.189000,36.000000,2.000000,,,21.997000,24.387000,29.805000,6552.077000,6576.464000,6606.269000,237.000000,280.000000,291.000000,322.000000,False,MEDIUM,5.000000,True,Ferrari,6530.039000,,1,5.000000,False,,False,True
2026,5,Canadian Grand Prix,R,6681.525000,LEC,16,leclerc,ferrari,75.297000,37.000000,2.000000,,,21.737000,24.120000,29.440000,6628.006000,6652.126000,6681.566000,236.000000,285.000000,307.000000,330.000000,True,MEDIUM,6.000000,True,Ferrari,6606.228000,,1,5.000000,False,,False,True
2026,5,Canadian Grand Prix,R,6756.889000,LEC,16,leclerc,ferrari,75.364000,38.000000,2.000000,,,21.804000,23.911000,29.649000,6703.370000,6727.281000,6756.930000,237.000000,283.000000,288.000000,332.000000,False,MEDIUM,7.000000,True,Ferrari,6681.525000,,1,5.000000,False,,False,True
2026,5,Canadian Grand Prix,R,6832.700000,LEC,16,leclerc,ferrari,75.811000,39.000000,2.000000,,,21.970000,24.193000,29.648000,6778.900000,6803.093000,6832.741000,237.000000,284.000000,280.000000,316.000000,False,MEDIUM,8.000000,True,Ferrari,6756.889000,,1,4.000000,False,,False,True
2026,5,Canadian Grand Prix,R,6908.308000,LEC,16,leclerc,ferrari,75.608000,40.000000,2.000000,,,21.503000,23.995000,30.110000,6854.244000,6878.239000,6908.349000,238.000000,278.000000,277.000000,305.000000,False,MEDIUM,9.000000,True,Ferrari,6832.700000,,12,4.000000,False,,False,True
2026,5,Canadian Grand Prix,R,6983.920000,LEC,16,leclerc,ferrari,75.612000,41.000000,2.000000,,,21.587000,24.052000,29.973000,6929.936000,6953.988000,6983.961000,237.000000,283.000000,278.000000,309.000000,False,MEDIUM,10.000000,True,Ferrari,6908.308000,,1,4.000000,False,,False,True
2026,5,Canadian Grand Prix,R,7059.582000,LEC,16,leclerc,ferrari,75.662000,42.000000,2.000000,,,21.533000,24.096000,30.033000,7005.494000,7029.590000,7059.623000,237.000000,279.000000,281.000000,301.000000,False,MEDIUM,11.000000,True,Ferrari,6983.920000,,1,4.000000,False,,False,True
2026,5,Canadian Grand Prix,R,7135.102000,LEC,16,leclerc,ferrari,75.520000,43.000000,2.000000,,,21.570000,23.911000,30.039000,7081.193000,7105.104000,7135.143000,236.000000,279.000000,278.000000,303.000000,False,MEDIUM,12.000000,True,Ferrari,7059.582000,,1,4.000000,False,,False,True
2026,5,Canadian Grand Prix,R,7210.471000,LEC,16,leclerc,ferrari,75.369000,44.000000,2.000000,,,21.499000,23.875000,29.995000,7156.642000,7180.517000,7210.512000,238.000000,280.000000,280.000000,304.000000,False,MEDIUM,13.000000,True,Ferrari,7135.102000,,1,4.000000,False,,False,True
2026,5,Canadian Grand Prix,R,7285.851000,LEC,16,leclerc,ferrari,75.380000,45.000000,2.000000,,,21.350000,23.808000,30.222000,7231.862000,7255.670000,7285.892000,238.000000,282.000000,280.000000,307.000000,False,MEDIUM,14.000000,True,Ferrari,7210.471000,,1,4.000000,False,,False,True
2026,5,Canadian Grand Prix,R,7377.646000,LEC,16,leclerc,ferrari,91.795000,46.000000,2.000000,,,28.262000,31.124000,32.409000,7314.154000,7345.278000,7377.687000,240.000000,178.000000,288.000000,303.000000,False,MEDIUM,15.000000,True,Ferrari,7285.851000,,167,4.000000,False,,False,False
2026,5,Canadian Grand Prix,R,7453.006000,LEC,16,leclerc,ferrari,75.360000,47.000000,2.000000,,,21.424000,23.966000,29.970000,7399.111000,7423.077000,7453.047000,238.000000,280.000000,281.000000,305.000000,False,MEDIUM,16.000000,True,Ferrari,7377.646000,,1,4.000000,False,,False,True
2026,5,Canadian Grand Prix,R,7528.609000,LEC,16,leclerc,ferrari,75.603000,48.000000,2.000000,,,21.452000,24.042000,30.109000,7474.499000,7498.541000,7528.650000,237.000000,280.000000,282.000000,304.000000,False,MEDIUM,17.000000,True,Ferrari,7453.006000,,1,4.000000,False,,False,True
2026,5,Canadian Grand Prix,R,7604.307000,LEC,16,leclerc,ferrari,75.698000,49.000000,2.000000,,,21.558000,24.001000,30.139000,7550.208000,7574.209000,7604.348000,237.000000,279.000000,277.000000,298.000000,False,MEDIUM,18.000000,True,Ferrari,7528.609000,,1,4.000000,False,,False,True
2026,5,Canadian Grand Prix,R,7679.740000,LEC,16,leclerc,ferrari,75.433000,50.000000,2.000000,,,21.447000,23.797000,30.189000,7625.795000,7649.592000,7679.781000,237.000000,280.000000,276.000000,299.000000,False,MEDIUM,19.000000,True,Ferrari,7604.307000,,1,4.000000,False,,False,True
2026,5,Canadian Grand Prix,R,7756.860000,LEC,16,leclerc,ferrari,77.120000,51.000000,2.000000,,,22.898000,24.188000,30.034000,7702.679000,7726.867000,7756.901000,229.000000,278.000000,279.000000,300.000000,False,MEDIUM,20.000000,True,Ferrari,7679.740000,,1,4.000000,False,,False,True
2026,5,Canadian Grand Prix,R,7840.097000,LEC,16,leclerc,ferrari,83.237000,52.000000,2.000000,,,21.419000,23.778000,38.040000,7778.320000,7802.098000,7840.138000,238.000000,280.000000,226.000000,211.000000,False,MEDIUM,21.000000,True,Ferrari,7756.860000,,16,4.000000,False,,False,False
2026,5,Canadian Grand Prix,R,7947.364000,LEC,16,leclerc,ferrari,107.267000,53.000000,2.000000,,,28.873000,33.476000,44.918000,7869.011000,7902.487000,7947.405000,200.000000,166.000000,273.000000,247.000000,False,MEDIUM,22.000000,True,Ferrari,7840.097000,,671,4.000000,False,,False,False
2026,5,Canadian Grand Prix,R,8025.281000,LEC,16,leclerc,ferrari,77.917000,54.000000,2.000000,,,22.809000,24.788000,30.320000,7970.214000,7995.002000,8025.322000,234.000000,281.000000,284.000000,304.000000,False,MEDIUM,23.000000,True,Ferrari,7947.364000,,1,4.000000,False,,False,True
2026,5,Canadian Grand Prix,R,8101.890000,LEC,16,leclerc,ferrari,76.609000,55.000000,2.000000,,,21.709000,24.207000,30.693000,8047.031000,8071.238000,8101.931000,237.000000,282.000000,278.000000,309.000000,False,MEDIUM,24.000000,True,Ferrari,8025.281000,,1,4.000000,False,,False,True
2026,5,Canadian Grand Prix,R,8177.862000,LEC,16,leclerc,ferrari,75.972000,56.000000,2.000000,,,21.727000,24.045000,30.200000,8123.658000,8147.703000,8177.903000,239.000000,279.000000,280.000000,302.000000,False,MEDIUM,25.000000,True,Ferrari,8101.890000,,1,4.000000,False,,False,True
2026,5,Canadian Grand Prix,R,8253.737000,LEC,16,leclerc,ferrari,75.875000,57.000000,2.000000,,,21.691000,23.992000,30.192000,8199.594000,8223.586000,8253.778000,239.000000,279.000000,277.000000,299.000000,False,MEDIUM,26.000000,True,Ferrari,8177.862000,,1,4.000000,False,,False,True
2026,5,Canadian Grand Prix,R,8329.707000,LEC,16,leclerc,ferrari,75.970000,58.000000,2.000000,,,21.707000,24.046000,30.217000,8275.485000,8299.531000,8329.748000,238.000000,279.000000,278.000000,299.000000,False,MEDIUM,27.000000,True,Ferrari,8253.737000,,1,4.000000,False,,False,True
2026,5,Canadian Grand Prix,R,8405.688000,LEC,16,leclerc,ferrari,75.981000,59.000000,2.000000,,,21.651000,24.071000,30.259000,8351.399000,8375.470000,8405.729000,238.000000,279.000000,281.000000,301.000000,False,MEDIUM,28.000000,True,Ferrari,8329.707000,,1,4.000000,False,,False,True
2026,5,Canadian Grand Prix,R,8481.238000,LEC,16,leclerc,ferrari,75.550000,60.000000,2.000000,,,21.531000,23.935000,30.084000,8427.260000,8451.195000,8481.279000,237.000000,280.000000,278.000000,302.000000,False,MEDIUM,29.000000,True,Ferrari,8405.688000,,1,4.000000,False,,False,True
2026,5,Canadian Grand Prix,R,8556.635000,LEC,16,leclerc,ferrari,75.397000,61.000000,2.000000,,,21.510000,23.993000,29.894000,8502.789000,8526.782000,8556.676000,239.000000,280.000000,282.000000,306.000000,False,MEDIUM,30.000000,True,Ferrari,8481.238000,,12,4.000000,False,,False,True
2026,5,Canadian Grand Prix,R,8632.209000,LEC,16,leclerc,ferrari,75.574000,62.000000,2.000000,,,21.556000,24.097000,29.921000,8578.232000,8602.329000,8632.250000,238.000000,283.000000,279.000000,305.000000,False,MEDIUM,31.000000,True,Ferrari,8556.635000,,1,4.000000,False,,False,True
2026,5,Canadian Grand Prix,R,8708.126000,LEC,16,leclerc,ferrari,75.917000,63.000000,2.000000,,,21.545000,24.019000,30.353000,8653.795000,8677.814000,8708.167000,237.000000,279.000000,279.000000,300.000000,False,MEDIUM,32.000000,True,Ferrari,8632.209000,,1,4.000000,False,,False,True
2026,5,Canadian Grand Prix,R,8784.777000,LEC,16,leclerc,ferrari,76.651000,64.000000,2.000000,,,22.007000,24.313000,30.331000,8730.174000,8754.487000,8784.818000,236.000000,278.000000,280.000000,299.000000,False,MEDIUM,33.000000,True,Ferrari,8708.126000,,1,4.000000,False,,False,True
2026,5,Canadian Grand Prix,R,8861.249000,LEC,16,leclerc,ferrari,76.472000,65.000000,2.000000,,,21.868000,24.105000,30.499000,8806.686000,8830.791000,8861.290000,238.000000,278.000000,279.000000,299.000000,False,MEDIUM,34.000000,True,Ferrari,8784.777000,,1,4.000000,False,,False,True
2026,5,Canadian Grand Prix,R,8938.459000,LEC,16,leclerc,ferrari,77.210000,66.000000,2.000000,,,22.020000,24.500000,30.690000,8883.310000,8907.810000,8938.500000,236.000000,280.000000,281.000000,300.000000,False,MEDIUM,35.000000,True,Ferrari,8861.249000,,1,4.000000,False,,False,True
2026,5,Canadian Grand Prix,R,9014.927000,LEC,16,leclerc,ferrari,76.468000,67.000000,2.000000,,,21.779000,24.328000,30.361000,8960.279000,8984.607000,9014.968000,239.000000,282.000000,281.000000,302.000000,False,MEDIUM,36.000000,True,Ferrari,8938.459000,,1,4.000000,False,,False,True
2026,5,Canadian Grand Prix,R,9092.453000,LEC,16,leclerc,ferrari,77.526000,68.000000,2.000000,,,21.820000,24.493000,31.213000,9036.788000,9061.281000,9092.494000,239.000000,281.000000,238.000000,303.000000,False,MEDIUM,37.000000,True,Ferrari,9014.927000,,1,4.000000,False,,False,True
2026,5,Canadian Grand Prix,R,3854.389000,STR,18,stroll,aston_martin,101.845000,1.000000,1.000000,3766.593000,,,27.978000,33.166000,,3821.478000,3854.547000,223.000000,266.000000,266.000000,303.000000,False,SOFT,1.000000,True,Aston Martin,3752.281000,,1,20.000000,False,,False,False
2026,5,Canadian Grand Prix,R,3939.467000,STR,18,stroll,aston_martin,85.078000,2.000000,1.000000,,,24.736000,27.472000,32.870000,3879.179000,3906.651000,3939.521000,223.000000,270.000000,270.000000,315.000000,True,SOFT,2.000000,True,Aston Martin,3854.389000,,1,16.000000,False,,False,True
2026,5,Canadian Grand Prix,R,4023.980000,STR,18,stroll,aston_martin,84.513000,3.000000,1.000000,,,25.059000,27.322000,32.132000,3964.580000,3991.902000,4024.034000,219.000000,267.000000,267.000000,308.000000,True,SOFT,3.000000,True,Aston Martin,3939.467000,,1,15.000000,False,,False,True
2026,5,Canadian Grand Prix,R,4106.498000,STR,18,stroll,aston_martin,82.518000,4.000000,1.000000,,,23.609000,26.809000,32.100000,4047.643000,4074.452000,4106.552000,227.000000,270.000000,267.000000,307.000000,True,SOFT,4.000000,True,Aston Martin,4023.980000,,1,16.000000,False,,False,True
2026,5,Canadian Grand Prix,R,4188.361000,STR,18,stroll,aston_martin,81.863000,5.000000,1.000000,,,23.563000,26.125000,32.175000,4130.115000,4156.240000,4188.415000,227.000000,266.000000,267.000000,310.000000,True,SOFT,5.000000,True,Aston Martin,4106.498000,,1,16.000000,False,,False,True
2026,5,Canadian Grand Prix,R,4269.198000,STR,18,stroll,aston_martin,80.837000,6.000000,1.000000,,,23.248000,25.710000,31.879000,4211.663000,4237.373000,4269.252000,229.000000,267.000000,263.000000,296.000000,True,SOFT,6.000000,True,Aston Martin,4188.361000,,1,16.000000,False,,False,True
2026,5,Canadian Grand Prix,R,4350.099000,STR,18,stroll,aston_martin,80.901000,7.000000,1.000000,,,23.232000,25.878000,31.791000,4292.484000,4318.362000,4350.153000,226.000000,262.000000,269.000000,297.000000,False,SOFT,7.000000,True,Aston Martin,4269.198000,,1,16.000000,False,,False,True
2026,5,Canadian Grand Prix,R,4433.692000,STR,18,stroll,aston_martin,83.593000,8.000000,1.000000,,,22.996000,28.718000,31.879000,4373.149000,4401.867000,4433.746000,231.000000,262.000000,269.000000,308.000000,False,SOFT,8.000000,True,Aston Martin,4350.099000,,1,17.000000,True,TRACK LIMITS AT TURN 8 LAP 8 ,False,True
2026,5,Canadian Grand Prix,R,4514.596000,STR,18,stroll,aston_martin,80.904000,9.000000,1.000000,,,23.235000,26.017000,31.652000,4456.981000,4482.998000,4514.650000,232.000000,273.000000,268.000000,308.000000,False,SOFT,9.000000,True,Aston Martin,4433.692000,,1,18.000000,False,,False,True
2026,5,Canadian Grand Prix,R,4594.862000,STR,18,stroll,aston_martin,80.266000,10.000000,1.000000,,,23.112000,25.562000,31.592000,4537.762000,4563.324000,4594.916000,233.000000,271.000000,258.000000,311.000000,True,SOFT,10.000000,True,Aston Martin,4514.596000,,1,18.000000,False,,False,True
2026,5,Canadian Grand Prix,R,4675.436000,STR,18,stroll,aston_martin,80.574000,11.000000,1.000000,,,23.149000,25.550000,31.875000,4618.065000,4643.615000,4675.490000,231.000000,268.000000,267.000000,297.000000,False,SOFT,11.000000,True,Aston Martin,4594.862000,,1,19.000000,False,,False,True
2026,5,Canadian Grand Prix,R,4755.569000,STR,18,stroll,aston_martin,80.133000,12.000000,1.000000,,,23.103000,25.491000,31.539000,4698.593000,4724.084000,4755.623000,232.000000,269.000000,267.000000,310.000000,True,SOFT,12.000000,True,Aston Martin,4675.436000,,12,17.000000,False,,False,True
2026,5,Canadian Grand Prix,R,4836.095000,STR,18,stroll,aston_martin,80.526000,13.000000,1.000000,,,22.889000,25.398000,32.239000,4778.512000,4803.910000,4836.149000,230.000000,267.000000,264.000000,304.000000,False,SOFT,13.000000,True,Aston Martin,4755.569000,,21,18.000000,False,,False,True
2026,5,Canadian Grand Prix,R,4932.306000,STR,18,stroll,aston_martin,96.211000,14.000000,1.000000,,4909.716000,23.023000,25.498000,47.690000,4859.172000,4884.670000,4932.360000,229.000000,267.000000,,314.000000,False,SOFT,14.000000,True,Aston Martin,4836.095000,,1,19.000000,False,,False,False
2026,5,Canadian Grand Prix,R,5018.117000,STR,18,stroll,aston_martin,85.811000,15.000000,2.000000,4933.966000,,26.518000,26.997000,32.296000,4958.878000,4985.875000,5018.171000,226.000000,265.000000,260.000000,288.000000,False,SOFT,1.000000,True,Aston Martin,4932.306000,,1,19.000000,False,,False,False
2026,5,Canadian Grand Prix,R,5100.153000,STR,18,stroll,aston_martin,82.036000,16.000000,2.000000,,,23.335000,25.734000,32.967000,5041.506000,5067.240000,5100.207000,229.000000,266.000000,262.000000,283.000000,False,SOFT,2.000000,True,Aston Martin,5018.117000,,1,19.000000,False,,False,True
2026,5,Canadian Grand Prix,R,5181.288000,STR,18,stroll,aston_martin,81.135000,17.000000,2.000000,,,23.174000,25.688000,32.273000,5123.381000,5149.069000,5181.342000,229.000000,266.000000,270.000000,285.000000,False,SOFT,3.000000,True,Aston Martin,5100.153000,,12,19.000000,False,,False,True
2026,5,Canadian Grand Prix,R,5260.968000,STR,18,stroll,aston_martin,79.680000,18.000000,2.000000,,,22.989000,25.362000,31.329000,5204.331000,5229.693000,5261.022000,232.000000,270.000000,262.000000,309.000000,True,SOFT,4.000000,True,Aston Martin,5181.288000,,21,19.000000,False,,False,True
2026,5,Canadian Grand Prix,R,5341.004000,STR,18,stroll,aston_martin,80.036000,19.000000,2.000000,,,22.824000,25.718000,31.494000,5283.846000,5309.564000,5341.058000,229.000000,265.000000,252.000000,296.000000,False,SOFT,5.000000,True,Aston Martin,5260.968000,,1,19.000000,False,,False,True
2026,5,Canadian Grand Prix,R,5424.046000,STR,18,stroll,aston_martin,83.042000,20.000000,2.000000,,,24.332000,25.510000,33.200000,5365.390000,5390.900000,5424.100000,228.000000,265.000000,271.000000,296.000000,False,SOFT,6.000000,True,Aston Martin,5341.004000,,1,19.000000,True,TRACK LIMITS AT TURN 10 LAP 20 ,False,True
2026,5,Canadian Grand Prix,R,5503.908000,STR,18,stroll,aston_martin,79.862000,21.000000,2.000000,,,22.823000,25.325000,31.714000,5446.923000,5472.248000,5503.962000,233.000000,269.000000,261.000000,291.000000,False,SOFT,7.000000,True,Aston Martin,5424.046000,,1,19.000000,False,,False,True
2026,5,Canadian Grand Prix,R,5585.161000,STR,18,stroll,aston_martin,81.253000,22.000000,2.000000,,,22.790000,26.164000,32.299000,5526.752000,5552.916000,5585.215000,228.000000,259.000000,274.000000,314.000000,False,SOFT,8.000000,True,Aston Martin,5503.908000,,1,19.000000,False,,False,True
2026,5,Canadian Grand Prix,R,5664.283000,STR,18,stroll,aston_martin,79.122000,23.000000,2.000000,,,22.685000,25.176000,31.261000,5607.900000,5633.076000,5664.337000,235.000000,271.000000,269.000000,302.000000,True,SOFT,9.000000,True,Aston Martin,5585.161000,,1,19.000000,False,,False,True
2026,5,Canadian Grand Prix,R,5743.425000,STR,18,stroll,aston_martin,79.142000,24.000000,2.000000,,,22.627000,25.235000,31.280000,5686.964000,5712.199000,5743.479000,232.000000,268.000000,269.000000,298.000000,False,SOFT,10.000000,True,Aston Martin,5664.283000,,1,19.000000,False,,False,True
2026,5,Canadian Grand Prix,R,5822.501000,STR,18,stroll,aston_martin,79.076000,25.000000,2.000000,,,22.524000,25.234000,31.318000,5766.003000,5791.237000,5822.555000,232.000000,268.000000,266.000000,294.000000,True,SOFT,11.000000,True,Aston Martin,5743.425000,,1,18.000000,False,,False,True
2026,5,Canadian Grand Prix,R,5903.072000,STR,18,stroll,aston_martin,80.571000,26.000000,2.000000,,,22.720000,25.308000,32.543000,5845.275000,5870.583000,5903.126000,232.000000,268.000000,268.000000,277.000000,False,SOFT,12.000000,True,Aston Martin,5822.501000,,1,18.000000,False,,False,True
2026,5,Canadian Grand Prix,R,5982.467000,STR,18,stroll,aston_martin,79.395000,27.000000,2.000000,,,22.828000,25.263000,31.304000,5925.954000,5951.217000,5982.521000,232.000000,269.000000,269.000000,298.000000,False,SOFT,13.000000,True,Aston Martin,5903.072000,,1,18.000000,False,,False,True
2026,5,Canadian Grand Prix,R,6065.326000,STR,18,stroll,aston_martin,82.859000,28.000000,2.000000,,,24.661000,26.679000,31.519000,6007.182000,6033.861000,6065.380000,230.000000,272.000000,267.000000,302.000000,False,SOFT,14.000000,True,Aston Martin,5982.467000,,12,18.000000,False,,False,True
2026,5,Canadian Grand Prix,R,6168.219000,STR,18,stroll,aston_martin,102.893000,29.000000,2.000000,,,29.555000,36.851000,36.487000,6094.935000,6131.786000,6168.273000,153.000000,225.000000,238.000000,278.000000,False,SOFT,15.000000,True,Aston Martin,6065.326000,,26,18.000000,False,,False,False
2026,5,Canadian Grand Prix,R,6272.986000,STR,18,stroll,aston_martin,104.767000,30.000000,2.000000,,,32.374000,34.879000,37.514000,6200.647000,6235.526000,6273.040000,168.000000,153.000000,262.000000,268.000000,False,SOFT,16.000000,True,Aston Martin,6168.219000,,671,17.000000,False,,False,False
2026,5,Canadian Grand Prix,R,6355.216000,STR,18,stroll,aston_martin,82.230000,31.000000,2.000000,,,23.789000,26.427000,32.014000,6296.829000,6323.256000,6355.270000,228.000000,268.000000,269.000000,266.000000,False,SOFT,17.000000,True,Aston Martin,6272.986000,,1,17.000000,False,,False,True
2026,5,Canadian Grand Prix,R,6436.613000,STR,18,stroll,aston_martin,81.397000,32.000000,2.000000,,,22.756000,26.709000,31.932000,6378.026000,6404.735000,6436.667000,231.000000,276.000000,224.000000,310.000000,False,SOFT,18.000000,True,Aston Martin,6355.216000,,1,17.000000,False,,False,True
2026,5,Canadian Grand Prix,R,6517.078000,STR,18,stroll,aston_martin,80.465000,33.000000,2.000000,,,23.407000,25.669000,31.389000,6460.074000,6485.743000,6517.132000,232.000000,271.000000,255.000000,301.000000,False,SOFT,19.000000,True,Aston Martin,6436.613000,,1,17.000000,False,,False,True
2026,5,Canadian Grand Prix,R,6601.034000,STR,18,stroll,aston_martin,83.956000,34.000000,2.000000,,,24.688000,26.412000,32.856000,6541.820000,6568.232000,6601.088000,232.000000,275.000000,271.000000,260.000000,False,SOFT,20.000000,True,Aston Martin,6517.078000,,1,17.000000,False,,False,True
2026,5,Canadian Grand Prix,R,6680.936000,STR,18,stroll,aston_martin,79.902000,35.000000,2.000000,,,23.006000,25.383000,31.513000,6624.094000,6649.477000,6680.990000,232.000000,271.000000,238.000000,298.000000,False,SOFT,21.000000,True,Aston Martin,6601.034000,,1,17.000000,False,,False,True
2026,5,Canadian Grand Prix,R,6761.483000,STR,18,stroll,aston_martin,80.547000,36.000000,2.000000,,,23.959000,25.284000,31.304000,6704.949000,6730.233000,6761.537000,233.000000,273.000000,272.000000,301.000000,False,SOFT,22.000000,True,Aston Martin,6680.936000,,1,17.000000,False,,False,True
2026,5,Canadian Grand Prix,R,6841.449000,STR,18,stroll,aston_martin,79.966000,37.000000,2.000000,,,23.416000,25.276000,31.274000,6784.953000,6810.229000,6841.503000,234.000000,272.000000,272.000000,300.000000,False,SOFT,23.000000,True,Aston Martin,6761.483000,,1,17.000000,False,,False,True
2026,5,Canadian Grand Prix,R,6920.699000,STR,18,stroll,aston_martin,79.250000,38.000000,2.000000,,,22.733000,25.150000,31.367000,6864.236000,6889.386000,6920.753000,234.000000,270.000000,268.000000,296.000000,False,SOFT,24.000000,True,Aston Martin,6841.449000,,12,17.000000,False,,False,True
2026,5,Canadian Grand Prix,R,6999.420000,STR,18,stroll,aston_martin,78.721000,39.000000,2.000000,,,22.417000,25.139000,31.165000,6943.170000,6968.309000,6999.474000,233.000000,270.000000,268.000000,294.000000,True,SOFT,25.000000,True,Aston Martin,6920.699000,,1,16.000000,False,,False,True
2026,5,Canadian Grand Prix,R,7079.714000,STR,18,stroll,aston_martin,80.294000,40.000000,2.000000,,,24.036000,25.193000,31.065000,7023.510000,7048.703000,7079.768000,233.000000,271.000000,270.000000,298.000000,False,SOFT,26.000000,True,Aston Martin,6999.420000,,1,16.000000,False,,False,True
2026,5,Canadian Grand Prix,R,7158.640000,STR,18,stroll,aston_martin,78.926000,41.000000,2.000000,,,22.559000,25.137000,31.230000,7102.327000,7127.464000,7158.694000,233.000000,270.000000,269.000000,294.000000,False,SOFT,27.000000,True,Aston Martin,7079.714000,,1,15.000000,False,,False,True
2026,5,Canadian Grand Prix,R,7240.368000,STR,18,stroll,aston_martin,81.728000,42.000000,2.000000,,,24.007000,26.360000,31.361000,7182.701000,7209.061000,7240.422000,231.000000,272.000000,267.000000,297.000000,False,SOFT,28.000000,True,Aston Martin,7158.640000,,1,15.000000,True,TRACK LIMITS AT TURN 2 LAP 42 ,False,True
2026,5,Canadian Grand Prix,R,7331.339000,STR,18,stroll,aston_martin,90.971000,43.000000,2.000000,,,22.681000,25.006000,43.284000,7263.103000,7288.109000,7331.393000,234.000000,271.000000,250.000000,245.000000,False,SOFT,29.000000,True,Aston Martin,7240.368000,,16,15.000000,False,,False,False
2026,5,Canadian Grand Prix,R,7414.184000,STR,18,stroll,aston_martin,82.845000,44.000000,2.000000,,,25.513000,25.718000,31.614000,7356.906000,7382.624000,7414.238000,231.000000,270.000000,270.000000,293.000000,False,SOFT,30.000000,True,Aston Martin,7331.339000,,671,15.000000,False,,False,False
2026,5,Canadian Grand Prix,R,7495.096000,STR,18,stroll,aston_martin,80.912000,45.000000,2.000000,,,22.622000,26.417000,31.873000,7436.860000,7463.277000,7495.150000,233.000000,270.000000,264.000000,289.000000,False,SOFT,31.000000,True,Aston Martin,7414.184000,,1,15.000000,False,,False,True
2026,5,Canadian Grand Prix,R,7575.438000,STR,18,stroll,aston_martin,80.342000,46.000000,2.000000,,,22.843000,25.420000,32.079000,7517.993000,7543.413000,7575.492000,232.000000,268.000000,264.000000,288.000000,False,SOFT,32.000000,True,Aston Martin,7495.096000,,1,15.000000,False,,False,True
2026,5,Canadian Grand Prix,R,7656.725000,STR,18,stroll,aston_martin,81.287000,47.000000,2.000000,,,24.286000,25.543000,31.458000,7599.778000,7625.321000,7656.779000,232.000000,270.000000,268.000000,294.000000,False,SOFT,33.000000,True,Aston Martin,7575.438000,,1,15.000000,False,,False,True
2026,5,Canadian Grand Prix,R,7737.257000,STR,18,stroll,aston_martin,80.532000,48.000000,2.000000,,,22.968000,25.512000,32.052000,7679.747000,7705.259000,7737.311000,232.000000,269.000000,215.000000,291.000000,False,SOFT,34.000000,True,Aston Martin,7656.725000,,1,15.000000,False,,False,True
2026,5,Canadian Grand Prix,R,7834.144000,STR,18,stroll,aston_martin,96.887000,49.000000,2.000000,,7811.608000,23.475000,25.458000,47.954000,7760.786000,7786.244000,7834.198000,232.000000,270.000000,,294.000000,False,SOFT,35.000000,True,Aston Martin,7737.257000,,16,15.000000,False,,False,False
2026,5,Canadian Grand Prix,R,7939.824000,STR,18,stroll,aston_martin,105.680000,50.000000,3.000000,7835.733000,,29.868000,32.337000,43.475000,7864.066000,7896.403000,7939.878000,230.000000,249.000000,237.000000,303.000000,False,MEDIUM,1.000000,True,Aston Martin,7834.144000,,67,15.000000,False,,False,False
2026,5,Canadian Grand Prix,R,8021.848000,STR,18,stroll,aston_martin,82.024000,51.000000,3.000000,,,24.574000,25.714000,31.736000,7964.452000,7990.166000,8021.902000,231.000000,262.000000,273.000000,296.000000,False,MEDIUM,2.000000,True,Aston Martin,7939.824000,,71,15.000000,False,,False,False
2026,5,Canadian Grand Prix,R,8102.693000,STR,18,stroll,aston_martin,80.845000,52.000000,3.000000,,,22.818000,25.362000,32.665000,8044.720000,8070.082000,8102.747000,234.000000,269.000000,269.000000,266.000000,False,MEDIUM,3.000000,True,Aston Martin,8021.848000,,1,15.000000,False,,False,True
2026,5,Canadian Grand Prix,R,8182.302000,STR,18,stroll,aston_martin,79.609000,53.000000,3.000000,,,22.888000,25.428000,31.293000,8125.635000,8151.063000,8182.356000,235.000000,272.000000,271.000000,298.000000,False,MEDIUM,4.000000,True,Aston Martin,8102.693000,,1,15.000000,False,,False,True
2026,5,Canadian Grand Prix,R,8261.462000,STR,18,stroll,aston_martin,79.160000,54.000000,3.000000,,,22.614000,25.116000,31.430000,8204.970000,8230.086000,8261.516000,235.000000,271.000000,269.000000,293.000000,False,MEDIUM,5.000000,True,Aston Martin,8182.302000,,1,15.000000,False,,False,True
2026,5,Canadian Grand Prix,R,8341.608000,STR,18,stroll,aston_martin,80.146000,55.000000,3.000000,,,23.708000,25.265000,31.173000,8285.224000,8310.489000,8341.662000,233.000000,273.000000,274.000000,297.000000,False,MEDIUM,6.000000,True,Aston Martin,8261.462000,,1,15.000000,False,,False,True
2026,5,Canadian Grand Prix,R,8424.149000,STR,18,stroll,aston_martin,82.541000,56.000000,3.000000,,,22.669000,27.912000,31.960000,8364.331000,8392.243000,8424.203000,232.000000,273.000000,271.000000,301.000000,False,MEDIUM,7.000000,True,Aston Martin,8341.608000,,1,15.000000,False,,False,True
2026,5,Canadian Grand Prix,R,8504.946000,STR,18,stroll,aston_martin,80.797000,57.000000,3.000000,,,24.098000,25.478000,31.221000,8448.301000,8473.779000,8505.000000,235.000000,272.000000,271.000000,300.000000,False,MEDIUM,8.000000,True,Aston Martin,8424.149000,,1,15.000000,False,,False,True
2026,5,Canadian Grand Prix,R,8584.082000,STR,18,stroll,aston_martin,79.136000,58.000000,3.000000,,,22.763000,25.178000,31.195000,8527.763000,8552.941000,8584.136000,235.000000,271.000000,271.000000,298.000000,False,MEDIUM,9.000000,True,Aston Martin,8504.946000,,12,15.000000,False,,False,True
2026,5,Canadian Grand Prix,R,8662.959000,STR,18,stroll,aston_martin,78.877000,59.000000,3.000000,,,22.536000,25.111000,31.230000,8606.672000,8631.783000,8663.013000,236.000000,271.000000,271.000000,293.000000,False,MEDIUM,10.000000,True,Aston Martin,8584.082000,,1,15.000000,False,,False,True
2026,5,Canadian Grand Prix,R,8742.371000,STR,18,stroll,aston_martin,79.412000,60.000000,3.000000,,,22.738000,25.307000,31.367000,8685.751000,8711.058000,8742.425000,234.000000,270.000000,269.000000,291.000000,False,MEDIUM,11.000000,True,Aston Martin,8662.959000,,1,15.000000,False,,False,True
2026,5,Canadian Grand Prix,R,8821.383000,STR,18,stroll,aston_martin,79.012000,61.000000,3.000000,,,22.593000,25.047000,31.372000,8765.018000,8790.065000,8821.437000,235.000000,270.000000,270.000000,290.000000,False,MEDIUM,12.000000,True,Aston Martin,8742.371000,,1,15.000000,False,,False,True
2026,5,Canadian Grand Prix,R,8900.818000,STR,18,stroll,aston_martin,79.435000,62.000000,3.000000,,,22.491000,25.122000,31.822000,8843.928000,8869.050000,8900.872000,235.000000,270.000000,271.000000,284.000000,False,MEDIUM,13.000000,True,Aston Martin,8821.383000,,1,15.000000,False,,False,True
2026,5,Canadian Grand Prix,R,8980.067000,STR,18,stroll,aston_martin,79.249000,63.000000,3.000000,,,22.670000,25.674000,30.905000,8923.542000,8949.216000,8980.121000,233.000000,277.000000,275.000000,307.000000,False,MEDIUM,14.000000,True,Aston Martin,8900.818000,,1,15.000000,False,,False,True
2026,5,Canadian Grand Prix,R,9066.699000,STR,18,stroll,aston_martin,86.632000,64.000000,3.000000,,,22.498000,25.056000,39.078000,9002.619000,9027.675000,9066.753000,235.000000,272.000000,254.000000,241.000000,False,MEDIUM,15.000000,True,Aston Martin,8980.067000,,1,15.000000,True,TRACK LIMITS AT TURN 10 LAP 64 ,False,True
2026,5,Canadian Grand Prix,R,3851.707000,ALB,23,albon,williams,99.163000,1.000000,1.000000,,,,29.380000,33.908000,,3817.946000,3851.713000,180.000000,276.000000,270.000000,323.000000,False,SOFT,1.000000,True,Williams,3752.281000,,1,19.000000,False,,False,False
2026,5,Canadian Grand Prix,R,3937.221000,ALB,23,albon,williams,85.514000,2.000000,1.000000,,,25.435000,27.841000,32.238000,3877.148000,3904.989000,3937.227000,220.000000,278.000000,248.000000,324.000000,False,SOFT,2.000000,True,Williams,3851.707000,,1,14.000000,True,TRACK LIMITS AT TURN 14 LAP 2 ,False,True
2026,5,Canadian Grand Prix,R,4020.025000,ALB,23,albon,williams,82.804000,3.000000,1.000000,,,24.572000,26.098000,32.134000,3961.799000,3987.897000,4020.031000,227.000000,274.000000,276.000000,300.000000,True,SOFT,3.000000,True,Williams,3937.221000,,1,13.000000,False,,False,True
2026,5,Canadian Grand Prix,R,4100.392000,ALB,23,albon,williams,80.367000,4.000000,1.000000,,,23.311000,25.675000,31.381000,4043.342000,4069.017000,4100.398000,231.000000,276.000000,278.000000,306.000000,True,SOFT,4.000000,True,Williams,4020.025000,,1,13.000000,False,,False,True
2026,5,Canadian Grand Prix,R,4179.451000,ALB,23,albon,williams,79.059000,5.000000,1.000000,,,22.778000,25.230000,31.051000,4123.176000,4148.406000,4179.457000,235.000000,281.000000,279.000000,323.000000,True,SOFT,5.000000,True,Williams,4100.392000,,1,13.000000,False,,False,True
2026,5,Canadian Grand Prix,R,4258.984000,ALB,23,albon,williams,79.533000,6.000000,1.000000,,,22.931000,25.503000,31.099000,4202.388000,4227.891000,4258.990000,238.000000,285.000000,281.000000,325.000000,False,SOFT,6.000000,True,Williams,4179.451000,,1,12.000000,False,,False,True
2026,5,Canadian Grand Prix,R,4337.622000,ALB,23,albon,williams,78.638000,7.000000,1.000000,,,22.576000,25.064000,30.998000,4281.566000,4306.630000,4337.628000,230.000000,275.000000,265.000000,314.000000,True,SOFT,7.000000,True,Williams,4258.984000,,1,12.000000,False,,False,True
2026,5,Canadian Grand Prix,R,4416.839000,ALB,23,albon,williams,79.217000,8.000000,1.000000,,,23.132000,25.303000,30.782000,4360.760000,4386.063000,4416.845000,236.000000,290.000000,272.000000,318.000000,False,SOFT,8.000000,True,Williams,4337.622000,,1,12.000000,False,,False,True
2026,5,Canadian Grand Prix,R,4494.480000,ALB,23,albon,williams,77.641000,9.000000,1.000000,,,22.172000,24.778000,30.691000,4439.017000,4463.795000,4494.486000,237.000000,280.000000,266.000000,314.000000,True,SOFT,9.000000,True,Williams,4416.839000,,1,12.000000,False,,False,True
2026,5,Canadian Grand Prix,R,4571.976000,ALB,23,albon,williams,77.496000,10.000000,1.000000,,,22.145000,24.682000,30.669000,4516.631000,4541.313000,4571.982000,237.000000,276.000000,268.000000,309.000000,True,SOFT,10.000000,True,Williams,4494.480000,,1,12.000000,False,,False,True
2026,5,Canadian Grand Prix,R,4649.197000,ALB,23,albon,williams,77.221000,11.000000,1.000000,,,21.979000,24.649000,30.593000,4593.961000,4618.610000,4649.203000,238.000000,280.000000,282.000000,316.000000,True,SOFT,11.000000,True,Williams,4571.976000,,1,12.000000,False,,False,True
2026,5,Canadian Grand Prix,R,4799.197000,ALB,23,albon,williams,,12.000000,1.000000,,,,,,,,,,,,,,SOFT,12.000000,True,Williams,4649.197000,,12,,False,,True,False
2026,5,Canadian Grand Prix,R,3846.407000,HUL,27,hulkenberg,audi,93.863000,1.000000,1.000000,,,,27.701000,33.081000,,3813.513000,3846.572000,200.000000,280.000000,269.000000,330.000000,False,INTERMEDIATE,1.000000,True,Audi,3752.281000,,1,10.000000,False,,False,False
2026,5,Canadian Grand Prix,R,3949.474000,HUL,27,hulkenberg,audi,103.067000,2.000000,1.000000,,3926.104000,25.038000,27.491000,50.538000,3871.499000,3898.990000,3949.528000,216.000000,272.000000,,311.000000,False,INTERMEDIATE,2.000000,True,Audi,3846.407000,,1,18.000000,False,,False,False
2026,5,Canadian Grand Prix,R,4034.725000,HUL,27,hulkenberg,audi,85.251000,3.000000,2.000000,3951.080000,,26.408000,26.732000,32.111000,3975.936000,4002.668000,4034.779000,226.000000,272.000000,271.000000,303.000000,False,SOFT,5.000000,False,Audi,3949.474000,,1,17.000000,False,,False,False
2026,5,Canadian Grand Prix,R,4115.776000,HUL,27,hulkenberg,audi,81.051000,4.000000,2.000000,,,23.277000,25.417000,32.357000,4058.056000,4083.473000,4115.830000,240.000000,270.000000,268.000000,303.000000,False,SOFT,6.000000,False,Audi,4034.725000,,1,17.000000,True,TRACK LIMITS AT TURN 14 LAP 4 ,False,True
2026,5,Canadian Grand Prix,R,4195.701000,HUL,27,hulkenberg,audi,79.925000,5.000000,2.000000,,,23.028000,25.525000,31.372000,4138.858000,4164.383000,4195.755000,236.000000,268.000000,272.000000,303.000000,True,SOFT,7.000000,False,Audi,4115.776000,,1,17.000000,False,,False,True
2026,5,Canadian Grand Prix,R,4277.577000,HUL,27,hulkenberg,audi,81.876000,6.000000,2.000000,,,22.520000,25.128000,34.228000,4218.275000,4243.403000,4277.631000,236.000000,270.000000,277.000000,303.000000,False,SOFT,8.000000,False,Audi,4195.701000,,1,18.000000,True,TRACK LIMITS AT TURN 10 LAP 6 ,False,True
2026,5,Canadian Grand Prix,R,4356.100000,HUL,27,hulkenberg,audi,78.523000,7.000000,2.000000,,,22.616000,24.964000,30.943000,4300.247000,4325.211000,4356.154000,238.000000,273.000000,277.000000,310.000000,True,SOFT,9.000000,False,Audi,4277.577000,,1,18.000000,False,,False,True
2026,5,Canadian Grand Prix,R,4434.196000,HUL,27,hulkenberg,audi,78.096000,8.000000,2.000000,,,22.280000,24.931000,30.885000,4378.434000,4403.365000,4434.250000,237.000000,275.000000,283.000000,317.000000,True,SOFT,10.000000,False,Audi,4356.100000,,1,18.000000,False,,False,True
2026,5,Canadian Grand Prix,R,4513.382000,HUL,27,hulkenberg,audi,79.186000,9.000000,2.000000,,,22.944000,24.986000,31.256000,4457.194000,4482.180000,4513.436000,235.000000,276.000000,269.000000,302.000000,False,SOFT,11.000000,False,Audi,4434.196000,,1,17.000000,False,,False,True
2026,5,Canadian Grand Prix,R,4591.723000,HUL,27,hulkenberg,audi,78.341000,10.000000,2.000000,,,22.422000,24.954000,30.965000,4535.858000,4560.812000,4591.777000,235.000000,270.000000,273.000000,303.000000,False,SOFT,12.000000,False,Audi,4513.382000,,1,17.000000,False,,False,True
2026,5,Canadian Grand Prix,R,4669.724000,HUL,27,hulkenberg,audi,78.001000,11.000000,2.000000,,,22.148000,24.776000,31.077000,4613.925000,4638.701000,4669.778000,236.000000,271.000000,274.000000,304.000000,True,SOFT,13.000000,False,Audi,4591.723000,,1,17.000000,False,,False,True
2026,5,Canadian Grand Prix,R,4747.712000,HUL,27,hulkenberg,audi,77.988000,12.000000,2.000000,,,22.062000,24.637000,31.289000,4691.840000,4716.477000,4747.766000,237.000000,272.000000,275.000000,306.000000,True,SOFT,14.000000,False,Audi,4669.724000,,12,15.000000,False,,False,True
2026,5,Canadian Grand Prix,R,4825.921000,HUL,27,hulkenberg,audi,78.209000,13.000000,2.000000,,,22.042000,24.672000,31.495000,4769.808000,4794.480000,4825.975000,236.000000,270.000000,275.000000,311.000000,False,SOFT,15.000000,False,Audi,4747.712000,,2,15.000000,False,,False,True
2026,5,Canadian Grand Prix,R,4903.597000,HUL,27,hulkenberg,audi,77.676000,14.000000,2.000000,,,22.087000,24.828000,30.761000,4848.062000,4872.890000,4903.651000,237.000000,273.000000,274.000000,306.000000,True,SOFT,16.000000,False,Audi,4825.921000,,21,15.000000,False,,False,True
2026,5,Canadian Grand Prix,R,4980.986000,HUL,27,hulkenberg,audi,77.389000,15.000000,2.000000,,,21.988000,24.659000,30.742000,4925.639000,4950.298000,4981.040000,239.000000,273.000000,276.000000,307.000000,True,SOFT,17.000000,False,Audi,4903.597000,,1,15.000000,False,,False,True
2026,5,Canadian Grand Prix,R,5060.025000,HUL,27,hulkenberg,audi,79.039000,16.000000,2.000000,,,22.578000,25.363000,31.098000,5003.618000,5028.981000,5060.079000,229.000000,281.000000,274.000000,310.000000,False,SOFT,18.000000,False,Audi,4980.986000,,1,13.000000,False,,False,True
2026,5,Canadian Grand Prix,R,5137.723000,HUL,27,hulkenberg,audi,77.698000,17.000000,2.000000,,,22.044000,24.581000,31.073000,5082.123000,5106.704000,5137.777000,238.000000,277.000000,280.000000,304.000000,False,SOFT,19.000000,False,Audi,5060.025000,,1,12.000000,False,,False,True
2026,5,Canadian Grand Prix,R,5215.219000,HUL,27,hulkenberg,audi,77.496000,18.000000,2.000000,,,22.050000,24.568000,30.878000,5159.827000,5184.395000,5215.273000,237.000000,271.000000,274.000000,303.000000,False,SOFT,20.000000,False,Audi,5137.723000,,12,12.000000,False,,False,True
2026,5,Canadian Grand Prix,R,5292.345000,HUL,27,hulkenberg,audi,77.126000,19.000000,2.000000,,,21.876000,24.544000,30.706000,5237.149000,5261.693000,5292.399000,238.000000,272.000000,275.000000,304.000000,True,SOFT,21.000000,False,Audi,5215.219000,,1,12.000000,False,,False,True
2026,5,Canadian Grand Prix,R,5392.782000,HUL,27,hulkenberg,audi,100.437000,20.000000,2.000000,,5363.472000,21.833000,24.569000,54.035000,5314.232000,5338.801000,5392.836000,237.000000,277.000000,,311.000000,False,SOFT,22.000000,False,Audi,5292.345000,,1,14.000000,False,,False,False
2026,5,Canadian Grand Prix,R,5475.423000,HUL,27,hulkenberg,audi,82.641000,21.000000,3.000000,5394.422000,,25.611000,25.653000,31.377000,5418.447000,5444.100000,5475.477000,232.000000,274.000000,271.000000,301.000000,False,MEDIUM,1.000000,False,Audi,5392.782000,,1,14.000000,False,,False,False
2026,5,Canadian Grand Prix,R,5553.687000,HUL,27,hulkenberg,audi,78.264000,22.000000,3.000000,,,22.432000,24.733000,31.099000,5497.909000,5522.642000,5553.741000,238.000000,271.000000,273.000000,301.000000,False,MEDIUM,2.000000,False,Audi,5475.423000,,1,14.000000,False,,False,True
2026,5,Canadian Grand Prix,R,5631.413000,HUL,27,hulkenberg,audi,77.726000,23.000000,3.000000,,,22.152000,24.576000,30.998000,5575.893000,5600.469000,5631.467000,237.000000,272.000000,272.000000,301.000000,False,MEDIUM,3.000000,False,Audi,5553.687000,,1,14.000000,False,,False,True
2026,5,Canadian Grand Prix,R,5709.002000,HUL,27,hulkenberg,audi,77.589000,24.000000,3.000000,,,22.088000,24.634000,30.867000,5653.555000,5678.189000,5709.056000,238.000000,273.000000,271.000000,304.000000,False,MEDIUM,4.000000,False,Audi,5631.413000,,1,14.000000,False,,False,True
2026,5,Canadian Grand Prix,R,5786.454000,HUL,27,hulkenberg,audi,77.452000,25.000000,3.000000,,,22.062000,24.564000,30.826000,5731.118000,5755.682000,5786.508000,238.000000,274.000000,273.000000,302.000000,False,MEDIUM,5.000000,False,Audi,5709.002000,,1,14.000000,False,,False,True
2026,5,Canadian Grand Prix,R,5863.926000,HUL,27,hulkenberg,audi,77.472000,26.000000,3.000000,,,21.993000,24.557000,30.922000,5808.501000,5833.058000,5863.980000,239.000000,273.000000,273.000000,302.000000,False,MEDIUM,6.000000,False,Audi,5786.454000,,1,14.000000,False,,False,True
2026,5,Canadian Grand Prix,R,5941.656000,HUL,27,hulkenberg,audi,77.730000,27.000000,3.000000,,,22.076000,24.681000,30.973000,5886.056000,5910.737000,5941.710000,239.000000,273.000000,273.000000,304.000000,False,MEDIUM,7.000000,False,Audi,5863.926000,,1,14.000000,False,,False,True
2026,5,Canadian Grand Prix,R,6019.289000,HUL,27,hulkenberg,audi,77.633000,28.000000,3.000000,,,22.154000,24.574000,30.905000,5963.864000,5988.438000,6019.343000,239.000000,273.000000,274.000000,303.000000,False,MEDIUM,8.000000,False,Audi,5941.656000,,1,14.000000,False,,False,True
2026,5,Canadian Grand Prix,R,6108.985000,HUL,27,hulkenberg,audi,89.696000,29.000000,3.000000,,,22.031000,25.892000,41.773000,6041.374000,6067.266000,6109.039000,239.000000,278.000000,223.000000,227.000000,False,MEDIUM,9.000000,False,Audi,6019.289000,,126,14.000000,False,,False,False
2026,5,Canadian Grand Prix,R,6213.067000,HUL,27,hulkenberg,audi,104.082000,30.000000,3.000000,,,29.520000,36.436000,38.126000,6138.559000,6174.995000,6213.121000,225.000000,218.000000,263.000000,150.000000,False,MEDIUM,10.000000,False,Audi,6108.985000,,6,13.000000,False,,False,False
2026,5,Canadian Grand Prix,R,6306.360000,HUL,27,hulkenberg,audi,93.293000,31.000000,3.000000,,,30.035000,31.573000,31.685000,6243.156000,6274.729000,6306.414000,183.000000,272.000000,277.000000,298.000000,False,MEDIUM,11.000000,False,Audi,6213.067000,,671,13.000000,False,,False,False
2026,5,Canadian Grand Prix,R,6384.748000,HUL,27,hulkenberg,audi,78.388000,32.000000,3.000000,,,22.721000,24.853000,30.814000,6329.135000,6353.988000,6384.802000,241.000000,274.000000,277.000000,305.000000,False,MEDIUM,12.000000,False,Audi,6306.360000,,1,13.000000,False,,False,True
2026,5,Canadian Grand Prix,R,6462.650000,HUL,27,hulkenberg,audi,77.902000,33.000000,3.000000,,,22.353000,24.643000,30.906000,6407.155000,6431.798000,6462.704000,238.000000,274.000000,275.000000,300.000000,False,MEDIUM,13.000000,False,Audi,6384.748000,,1,13.000000,False,,False,True
2026,5,Canadian Grand Prix,R,6539.682000,HUL,27,hulkenberg,audi,77.032000,34.000000,3.000000,,,22.007000,24.425000,30.600000,6484.711000,6509.136000,6539.736000,240.000000,274.000000,276.000000,302.000000,True,MEDIUM,14.000000,False,Audi,6462.650000,,1,13.000000,False,,False,True
2026,5,Canadian Grand Prix,R,6616.733000,HUL,27,hulkenberg,audi,77.051000,35.000000,3.000000,,,21.972000,24.431000,30.648000,6561.708000,6586.139000,6616.787000,239.000000,274.000000,278.000000,303.000000,False,MEDIUM,15.000000,False,Audi,6539.682000,,1,13.000000,False,,False,True
2026,5,Canadian Grand Prix,R,6693.571000,HUL,27,hulkenberg,audi,76.838000,36.000000,3.000000,,,21.850000,24.501000,30.487000,6638.637000,6663.138000,6693.625000,239.000000,274.000000,277.000000,305.000000,True,MEDIUM,16.000000,False,Audi,6616.733000,,1,13.000000,False,,False,True
2026,5,Canadian Grand Prix,R,6770.149000,HUL,27,hulkenberg,audi,76.578000,37.000000,3.000000,,,21.885000,24.315000,30.378000,6715.510000,6739.825000,6770.203000,239.000000,274.000000,276.000000,306.000000,True,MEDIUM,17.000000,False,Audi,6693.571000,,1,13.000000,False,,False,True
2026,5,Canadian Grand Prix,R,6847.177000,HUL,27,hulkenberg,audi,77.028000,38.000000,3.000000,,,21.895000,24.421000,30.712000,6792.098000,6816.519000,6847.231000,238.000000,275.000000,275.000000,306.000000,False,MEDIUM,18.000000,False,Audi,6770.149000,,1,13.000000,False,,False,True
2026,5,Canadian Grand Prix,R,6923.866000,HUL,27,hulkenberg,audi,76.689000,39.000000,3.000000,,,21.710000,24.528000,30.451000,6868.941000,6893.469000,6923.920000,240.000000,275.000000,276.000000,308.000000,False,MEDIUM,19.000000,False,Audi,6847.177000,,12,12.000000,False,,False,True
2026,5,Canadian Grand Prix,R,7000.516000,HUL,27,hulkenberg,audi,76.650000,40.000000,3.000000,,,21.734000,24.423000,30.493000,6945.654000,6970.077000,7000.570000,241.000000,277.000000,277.000000,310.000000,False,MEDIUM,20.000000,False,Audi,6923.866000,,1,12.000000,False,,False,True
2026,5,Canadian Grand Prix,R,7077.353000,HUL,27,hulkenberg,audi,76.837000,41.000000,3.000000,,,21.978000,24.325000,30.534000,7022.548000,7046.873000,7077.407000,240.000000,275.000000,275.000000,301.000000,False,MEDIUM,21.000000,False,Audi,7000.516000,,1,12.000000,False,,False,True
2026,5,Canadian Grand Prix,R,7154.151000,HUL,27,hulkenberg,audi,76.798000,42.000000,3.000000,,,21.990000,24.437000,30.371000,7099.397000,7123.834000,7154.205000,240.000000,275.000000,275.000000,301.000000,False,MEDIUM,22.000000,False,Audi,7077.353000,,1,12.000000,False,,False,True
2026,5,Canadian Grand Prix,R,7231.002000,HUL,27,hulkenberg,audi,76.851000,43.000000,3.000000,,,21.845000,24.376000,30.630000,7176.050000,7200.426000,7231.056000,240.000000,274.000000,275.000000,299.000000,False,MEDIUM,23.000000,False,Audi,7154.151000,,1,12.000000,False,,False,True
2026,5,Canadian Grand Prix,R,7313.027000,HUL,27,hulkenberg,audi,82.025000,44.000000,3.000000,,,21.737000,24.250000,36.038000,7252.793000,7277.043000,7313.081000,240.000000,274.000000,266.000000,238.000000,False,MEDIUM,24.000000,False,Audi,7231.002000,,16,12.000000,False,,False,False
2026,5,Canadian Grand Prix,R,7400.276000,HUL,27,hulkenberg,audi,87.249000,45.000000,3.000000,,,28.900000,27.572000,30.777000,7341.981000,7369.553000,7400.330000,168.000000,277.000000,278.000000,301.000000,False,MEDIUM,25.000000,False,Audi,7313.027000,,671,12.000000,False,,False,False
2026,5,Canadian Grand Prix,R,7477.345000,HUL,27,hulkenberg,audi,77.069000,46.000000,3.000000,,,21.912000,24.396000,30.761000,7422.242000,7446.638000,7477.399000,241.000000,275.000000,275.000000,302.000000,False,MEDIUM,26.000000,False,Audi,7400.276000,,1,12.000000,False,,False,True
2026,5,Canadian Grand Prix,R,7554.446000,HUL,27,hulkenberg,audi,77.101000,47.000000,3.000000,,,21.977000,24.475000,30.649000,7499.376000,7523.851000,7554.500000,239.000000,274.000000,276.000000,301.000000,False,MEDIUM,27.000000,False,Audi,7477.345000,,1,12.000000,False,,False,True
2026,5,Canadian Grand Prix,R,7631.016000,HUL,27,hulkenberg,audi,76.570000,48.000000,3.000000,,,21.767000,24.331000,30.472000,7576.267000,7600.598000,7631.070000,239.000000,275.000000,276.000000,300.000000,True,MEDIUM,28.000000,False,Audi,7554.446000,,1,12.000000,False,,False,True
2026,5,Canadian Grand Prix,R,7707.640000,HUL,27,hulkenberg,audi,76.624000,49.000000,3.000000,,,21.831000,24.246000,30.547000,7652.901000,7677.147000,7707.694000,239.000000,275.000000,277.000000,301.000000,False,MEDIUM,29.000000,False,Audi,7631.016000,,1,12.000000,False,,False,True
2026,5,Canadian Grand Prix,R,7783.924000,HUL,27,hulkenberg,audi,76.284000,50.000000,3.000000,,,21.734000,24.221000,30.329000,7729.428000,7753.649000,7783.978000,241.000000,275.000000,277.000000,303.000000,True,MEDIUM,30.000000,False,Audi,7707.640000,,1,12.000000,False,,False,True
2026,5,Canadian Grand Prix,R,7878.164000,HUL,27,hulkenberg,audi,94.240000,51.000000,3.000000,,,21.780000,31.447000,41.013000,7805.758000,7837.205000,7878.218000,240.000000,261.000000,241.000000,315.000000,False,MEDIUM,31.000000,False,Audi,7783.924000,,16,11.000000,False,,False,False
2026,5,Canadian Grand Prix,R,7974.000000,HUL,27,hulkenberg,audi,95.836000,52.000000,3.000000,,,30.301000,32.742000,32.793000,7908.519000,7941.261000,7974.054000,224.000000,211.000000,276.000000,287.000000,False,MEDIUM,32.000000,False,Audi,7878.164000,,671,11.000000,False,,False,False
2026,5,Canadian Grand Prix,R,8051.497000,HUL,27,hulkenberg,audi,77.497000,53.000000,3.000000,,,22.355000,24.527000,30.615000,7996.409000,8020.936000,8051.551000,243.000000,276.000000,278.000000,306.000000,False,MEDIUM,33.000000,False,Audi,7974.000000,,1,11.000000,False,,False,True
2026,5,Canadian Grand Prix,R,8128.576000,HUL,27,hulkenberg,audi,77.079000,54.000000,3.000000,,,22.182000,24.341000,30.556000,8073.733000,8098.074000,8128.630000,240.000000,276.000000,279.000000,304.000000,False,MEDIUM,34.000000,False,Audi,8051.497000,,1,11.000000,False,,False,True
2026,5,Canadian Grand Prix,R,8205.034000,HUL,27,hulkenberg,audi,76.458000,55.000000,3.000000,,,21.645000,24.395000,30.418000,8150.275000,8174.670000,8205.088000,240.000000,276.000000,277.000000,304.000000,False,MEDIUM,35.000000,False,Audi,8128.576000,,1,11.000000,False,,False,True
2026,5,Canadian Grand Prix,R,8281.544000,HUL,27,hulkenberg,audi,76.510000,56.000000,3.000000,,,21.778000,24.269000,30.463000,8226.866000,8251.135000,8281.598000,242.000000,276.000000,277.000000,302.000000,False,MEDIUM,36.000000,False,Audi,8205.034000,,1,11.000000,False,,False,True
2026,5,Canadian Grand Prix,R,8357.819000,HUL,27,hulkenberg,audi,76.275000,57.000000,3.000000,,,21.619000,24.145000,30.511000,8303.217000,8327.362000,8357.873000,242.000000,275.000000,278.000000,303.000000,True,MEDIUM,37.000000,False,Audi,8281.544000,,1,11.000000,False,,False,True
2026,5,Canadian Grand Prix,R,8434.876000,HUL,27,hulkenberg,audi,77.057000,58.000000,3.000000,,,21.691000,24.968000,30.398000,8379.564000,8404.532000,8434.930000,243.000000,277.000000,278.000000,305.000000,False,MEDIUM,38.000000,False,Audi,8357.819000,,1,11.000000,False,,False,True
2026,5,Canadian Grand Prix,R,8511.205000,HUL,27,hulkenberg,audi,76.329000,59.000000,3.000000,,,21.761000,24.201000,30.367000,8456.691000,8480.892000,8511.259000,242.000000,277.000000,277.000000,305.000000,False,MEDIUM,39.000000,False,Audi,8434.876000,,1,11.000000,False,,False,True
2026,5,Canadian Grand Prix,R,8596.911000,HUL,27,hulkenberg,audi,85.706000,60.000000,3.000000,,,29.211000,25.694000,30.801000,8540.470000,8566.164000,8596.965000,233.000000,273.000000,274.000000,298.000000,False,MEDIUM,40.000000,False,Audi,8511.205000,,12,11.000000,True,TRACK LIMITS AT TURN 2 LAP 60 ,False,True
2026,5,Canadian Grand Prix,R,8673.796000,HUL,27,hulkenberg,audi,76.885000,61.000000,3.000000,,,21.970000,24.402000,30.513000,8618.935000,8643.337000,8673.850000,242.000000,276.000000,276.000000,301.000000,False,MEDIUM,41.000000,False,Audi,8596.911000,,1,11.000000,False,,False,True
2026,5,Canadian Grand Prix,R,8752.239000,HUL,27,hulkenberg,audi,78.443000,62.000000,3.000000,,,22.081000,25.434000,30.928000,8695.931000,8721.365000,8752.293000,243.000000,283.000000,264.000000,316.000000,False,MEDIUM,42.000000,False,Audi,8673.796000,,1,11.000000,False,,False,True
2026,5,Canadian Grand Prix,R,8829.259000,HUL,27,hulkenberg,audi,77.020000,63.000000,3.000000,,,22.660000,24.269000,30.091000,8774.953000,8799.222000,8829.313000,245.000000,280.000000,285.000000,330.000000,False,MEDIUM,43.000000,False,Audi,8752.239000,,1,11.000000,False,,False,True
2026,5,Canadian Grand Prix,R,8906.445000,HUL,27,hulkenberg,audi,77.186000,64.000000,3.000000,,,21.872000,24.443000,30.871000,8851.185000,8875.628000,8906.499000,237.000000,278.000000,283.000000,324.000000,False,MEDIUM,44.000000,False,Audi,8829.259000,,1,12.000000,False,,False,True
2026,5,Canadian Grand Prix,R,8982.898000,HUL,27,hulkenberg,audi,76.453000,65.000000,3.000000,,,22.349000,24.238000,29.866000,8928.848000,8953.086000,8982.952000,238.000000,284.000000,277.000000,332.000000,False,MEDIUM,45.000000,False,Audi,8906.445000,,1,12.000000,False,,False,True
2026,5,Canadian Grand Prix,R,9062.484000,HUL,27,hulkenberg,audi,79.586000,66.000000,3.000000,,,24.661000,24.596000,30.329000,9007.613000,9032.209000,9062.538000,238.000000,282.000000,289.000000,334.000000,False,MEDIUM,46.000000,False,Audi,8982.898000,,1,12.000000,False,,False,True
2026,5,Canadian Grand Prix,R,3842.468000,VER,3,max_verstappen,red_bull,89.924000,1.000000,1.000000,,,,26.974000,32.019000,,3810.531000,3842.494000,232.000000,280.000000,268.000000,321.000000,False,SOFT,6.000000,False,Red Bull Racing,3752.281000,,1,5.000000,False,,False,False
2026,5,Canadian Grand Prix,R,3922.744000,VER,3,max_verstappen,red_bull,80.276000,2.000000,1.000000,,,23.286000,25.745000,31.245000,3865.754000,3891.499000,3922.744000,235.000000,277.000000,280.000000,314.000000,True,SOFT,7.000000,False,Red Bull Racing,3842.468000,,1,4.000000,False,,False,True
2026,5,Canadian Grand Prix,R,4002.361000,VER,3,max_verstappen,red_bull,79.617000,3.000000,1.000000,,,23.159000,25.506000,30.952000,3945.903000,3971.409000,4002.361000,234.000000,278.000000,286.000000,309.000000,True,SOFT,8.000000,False,Red Bull Racing,3922.744000,,1,4.000000,False,,False,True
2026,5,Canadian Grand Prix,R,4080.195000,VER,3,max_verstappen,red_bull,77.834000,4.000000,1.000000,,,22.523000,24.889000,30.422000,4024.884000,4049.773000,4080.195000,235.000000,279.000000,286.000000,316.000000,True,SOFT,9.000000,False,Red Bull Racing,4002.361000,,1,4.000000,False,,False,True
2026,5,Canadian Grand Prix,R,4157.416000,VER,3,max_verstappen,red_bull,77.221000,5.000000,1.000000,,,22.183000,24.715000,30.323000,4102.378000,4127.093000,4157.416000,240.000000,280.000000,287.000000,319.000000,True,SOFT,10.000000,False,Red Bull Racing,4080.195000,,1,4.000000,False,,False,True
2026,5,Canadian Grand Prix,R,4234.622000,VER,3,max_verstappen,red_bull,77.206000,6.000000,1.000000,,,22.242000,24.672000,30.292000,4179.658000,4204.330000,4234.622000,238.000000,280.000000,288.000000,317.000000,True,SOFT,11.000000,False,Red Bull Racing,4157.416000,,1,4.000000,False,,False,True
2026,5,Canadian Grand Prix,R,4311.296000,VER,3,max_verstappen,red_bull,76.674000,7.000000,1.000000,,,22.060000,24.508000,30.106000,4256.682000,4281.190000,4311.296000,241.000000,281.000000,287.000000,320.000000,True,SOFT,12.000000,False,Red Bull Racing,4234.622000,,1,4.000000,False,,False,True
2026,5,Canadian Grand Prix,R,4387.872000,VER,3,max_verstappen,red_bull,76.576000,8.000000,1.000000,,,22.212000,24.496000,29.868000,4333.508000,4358.004000,4387.872000,238.000000,281.000000,296.000000,322.000000,True,SOFT,13.000000,False,Red Bull Racing,4311.296000,,1,4.000000,False,,False,True
2026,5,Canadian Grand Prix,R,4464.676000,VER,3,max_verstappen,red_bull,76.804000,9.000000,1.000000,,,22.075000,24.446000,30.283000,4409.947000,4434.393000,4464.676000,238.000000,276.000000,274.000000,303.000000,False,SOFT,14.000000,False,Red Bull Racing,4387.872000,,1,3.000000,False,,False,True
2026,5,Canadian Grand Prix,R,4541.135000,VER,3,max_verstappen,red_bull,76.459000,10.000000,1.000000,,,21.846000,24.456000,30.157000,4486.522000,4510.978000,4541.135000,235.000000,274.000000,280.000000,304.000000,True,SOFT,15.000000,False,Red Bull Racing,4464.676000,,1,3.000000,False,,False,True
2026,5,Canadian Grand Prix,R,4617.632000,VER,3,max_verstappen,red_bull,76.497000,11.000000,1.000000,,,21.643000,24.369000,30.485000,4562.778000,4587.147000,4617.632000,240.000000,272.000000,278.000000,300.000000,False,SOFT,16.000000,False,Red Bull Racing,4541.135000,,1,3.000000,False,,False,True
2026,5,Canadian Grand Prix,R,4693.984000,VER,3,max_verstappen,red_bull,76.352000,12.000000,1.000000,,,21.694000,24.341000,30.317000,4639.326000,4663.667000,4693.984000,237.000000,274.000000,280.000000,301.000000,True,SOFT,17.000000,False,Red Bull Racing,4617.632000,,1,3.000000,False,,False,True
2026,5,Canadian Grand Prix,R,4770.516000,VER,3,max_verstappen,red_bull,76.532000,13.000000,1.000000,,,21.640000,24.386000,30.506000,4715.624000,4740.010000,4770.516000,238.000000,272.000000,280.000000,303.000000,False,SOFT,18.000000,False,Red Bull Racing,4693.984000,,12,3.000000,False,,False,True
2026,5,Canadian Grand Prix,R,4846.888000,VER,3,max_verstappen,red_bull,76.372000,14.000000,1.000000,,,21.585000,24.268000,30.519000,4792.101000,4816.369000,4846.888000,238.000000,275.000000,281.000000,306.000000,False,SOFT,19.000000,False,Red Bull Racing,4770.516000,,21,3.000000,False,,False,True
2026,5,Canadian Grand Prix,R,4923.062000,VER,3,max_verstappen,red_bull,76.174000,15.000000,1.000000,,,21.657000,24.367000,30.150000,4868.545000,4892.912000,4923.062000,238.000000,276.000000,281.000000,311.000000,True,SOFT,20.000000,False,Red Bull Racing,4846.888000,,1,3.000000,False,,False,True
2026,5,Canadian Grand Prix,R,4999.194000,VER,3,max_verstappen,red_bull,76.132000,16.000000,1.000000,,,21.671000,24.361000,30.100000,4944.733000,4969.094000,4999.194000,240.000000,276.000000,280.000000,306.000000,True,SOFT,21.000000,False,Red Bull Racing,4923.062000,,1,3.000000,False,,False,True
2026,5,Canadian Grand Prix,R,5075.282000,VER,3,max_verstappen,red_bull,76.088000,17.000000,1.000000,,,21.565000,24.237000,30.286000,5020.759000,5044.996000,5075.282000,239.000000,273.000000,281.000000,303.000000,True,SOFT,22.000000,False,Red Bull Racing,4999.194000,,1,3.000000,False,,False,True
2026,5,Canadian Grand Prix,R,5151.288000,VER,3,max_verstappen,red_bull,76.006000,18.000000,1.000000,,,21.558000,24.169000,30.279000,5096.840000,5121.009000,5151.288000,238.000000,276.000000,281.000000,302.000000,True,SOFT,23.000000,False,Red Bull Racing,5075.282000,,1,3.000000,False,,False,True
2026,5,Canadian Grand Prix,R,5227.491000,VER,3,max_verstappen,red_bull,76.203000,19.000000,1.000000,,,21.641000,24.360000,30.202000,5172.929000,5197.289000,5227.491000,237.000000,274.000000,281.000000,302.000000,False,SOFT,24.000000,False,Red Bull Racing,5151.288000,,12,3.000000,False,,False,True
2026,5,Canadian Grand Prix,R,5303.671000,VER,3,max_verstappen,red_bull,76.180000,20.000000,1.000000,,,21.677000,24.319000,30.184000,5249.168000,5273.487000,5303.671000,240.000000,273.000000,282.000000,303.000000,False,SOFT,25.000000,False,Red Bull Racing,5227.491000,,1,3.000000,True,TRACK LIMITS AT TURN 14 LAP 20 ,False,True
2026,5,Canadian Grand Prix,R,5380.415000,VER,3,max_verstappen,red_bull,76.744000,21.000000,1.000000,,,21.851000,24.364000,30.529000,5325.522000,5349.886000,5380.415000,240.000000,280.000000,277.000000,301.000000,False,SOFT,26.000000,False,Red Bull Racing,5303.671000,,1,3.000000,False,,False,True
2026,5,Canadian Grand Prix,R,5456.252000,VER,3,max_verstappen,red_bull,75.837000,22.000000,1.000000,,,21.676000,24.118000,30.043000,5402.091000,5426.209000,5456.252000,241.000000,276.000000,283.000000,306.000000,True,SOFT,27.000000,False,Red Bull Racing,5380.415000,,1,3.000000,False,,False,True
2026,5,Canadian Grand Prix,R,5532.514000,VER,3,max_verstappen,red_bull,76.262000,23.000000,1.000000,,,21.772000,24.266000,30.224000,5478.024000,5502.290000,5532.514000,236.000000,275.000000,281.000000,301.000000,False,SOFT,28.000000,False,Red Bull Racing,5456.252000,,1,3.000000,False,,False,True
2026,5,Canadian Grand Prix,R,5609.385000,VER,3,max_verstappen,red_bull,76.871000,24.000000,1.000000,,,21.735000,24.322000,30.814000,5554.249000,5578.571000,5609.385000,239.000000,274.000000,280.000000,296.000000,False,SOFT,29.000000,False,Red Bull Racing,5532.514000,,1,3.000000,False,,False,True
2026,5,Canadian Grand Prix,R,5685.808000,VER,3,max_verstappen,red_bull,76.423000,25.000000,1.000000,,,21.774000,24.355000,30.294000,5631.159000,5655.514000,5685.808000,237.000000,275.000000,280.000000,302.000000,False,SOFT,30.000000,False,Red Bull Racing,5609.385000,,1,3.000000,False,,False,True
2026,5,Canadian Grand Prix,R,5762.143000,VER,3,max_verstappen,red_bull,76.335000,26.000000,1.000000,,,21.704000,24.314000,30.317000,5707.512000,5731.826000,5762.143000,241.000000,277.000000,281.000000,300.000000,False,SOFT,31.000000,False,Red Bull Racing,5685.808000,,1,3.000000,False,,False,True
2026,5,Canadian Grand Prix,R,5838.405000,VER,3,max_verstappen,red_bull,76.262000,27.000000,1.000000,,,21.746000,24.345000,30.171000,5783.889000,5808.234000,5838.405000,240.000000,275.000000,283.000000,302.000000,False,SOFT,32.000000,False,Red Bull Racing,5762.143000,,1,3.000000,False,,False,True
2026,5,Canadian Grand Prix,R,5914.506000,VER,3,max_verstappen,red_bull,76.101000,28.000000,1.000000,,,21.687000,24.266000,30.148000,5860.092000,5884.358000,5914.506000,240.000000,276.000000,278.000000,304.000000,False,SOFT,33.000000,False,Red Bull Racing,5838.405000,,1,3.000000,False,,False,True
2026,5,Canadian Grand Prix,R,5990.761000,VER,3,max_verstappen,red_bull,76.255000,29.000000,1.000000,,,21.690000,24.248000,30.317000,5936.196000,5960.444000,5990.761000,240.000000,277.000000,283.000000,302.000000,False,SOFT,34.000000,False,Red Bull Racing,5914.506000,,1,3.000000,False,,False,True
2026,5,Canadian Grand Prix,R,6066.771000,VER,3,max_verstappen,red_bull,76.010000,30.000000,1.000000,,,21.642000,24.260000,30.108000,6012.403000,6036.663000,6066.771000,241.000000,276.000000,282.000000,309.000000,False,SOFT,35.000000,False,Red Bull Racing,5990.761000,,12,2.000000,False,,False,True
2026,5,Canadian Grand Prix,R,6185.873000,VER,3,max_verstappen,red_bull,119.102000,31.000000,1.000000,,6162.217000,28.872000,36.390000,53.840000,6095.643000,6132.033000,6185.873000,171.000000,226.000000,,255.000000,False,SOFT,36.000000,False,Red Bull Racing,6066.771000,,26,2.000000,False,,False,False
2026,5,Canadian Grand Prix,R,6286.215000,VER,3,max_verstappen,red_bull,100.342000,32.000000,2.000000,6187.502000,,29.162000,36.652000,34.528000,6215.035000,6251.687000,6286.215000,222.000000,193.000000,283.000000,288.000000,False,MEDIUM,1.000000,True,Red Bull Racing,6185.873000,,671,2.000000,False,,False,False
2026,5,Canadian Grand Prix,R,6364.535000,VER,3,max_verstappen,red_bull,78.320000,33.000000,2.000000,,,22.741000,24.931000,30.648000,6308.956000,6333.887000,6364.535000,235.000000,276.000000,278.000000,308.000000,False,MEDIUM,2.000000,True,Red Bull Racing,6286.215000,,1,2.000000,False,,False,True
2026,5,Canadian Grand Prix,R,6441.595000,VER,3,max_verstappen,red_bull,77.060000,34.000000,2.000000,,,22.186000,24.535000,30.339000,6386.721000,6411.256000,6441.595000,238.000000,276.000000,282.000000,300.000000,False,MEDIUM,3.000000,True,Red Bull Racing,6364.535000,,1,2.000000,False,,False,True
2026,5,Canadian Grand Prix,R,6518.025000,VER,3,max_verstappen,red_bull,76.430000,35.000000,2.000000,,,21.699000,24.346000,30.385000,6463.294000,6487.640000,6518.025000,241.000000,278.000000,282.000000,309.000000,False,MEDIUM,4.000000,True,Red Bull Racing,6441.595000,,1,2.000000,False,,False,True
2026,5,Canadian Grand Prix,R,6594.595000,VER,3,max_verstappen,red_bull,76.570000,36.000000,2.000000,,,22.085000,24.211000,30.274000,6540.110000,6564.321000,6594.595000,240.000000,277.000000,282.000000,303.000000,False,MEDIUM,5.000000,True,Red Bull Racing,6518.025000,,1,2.000000,False,,False,True
2026,5,Canadian Grand Prix,R,6670.130000,VER,3,max_verstappen,red_bull,75.535000,37.000000,2.000000,,,21.523000,24.074000,29.938000,6616.118000,6640.192000,6670.130000,241.000000,278.000000,288.000000,306.000000,True,MEDIUM,6.000000,True,Red Bull Racing,6594.595000,,1,2.000000,False,,False,True
2026,5,Canadian Grand Prix,R,6745.820000,VER,3,max_verstappen,red_bull,75.690000,38.000000,2.000000,,,21.480000,24.033000,30.177000,6691.610000,6715.643000,6745.820000,242.000000,280.000000,282.000000,306.000000,False,MEDIUM,7.000000,True,Red Bull Racing,6670.130000,,1,2.000000,False,,False,True
2026,5,Canadian Grand Prix,R,6821.455000,VER,3,max_verstappen,red_bull,75.635000,39.000000,2.000000,,,21.493000,24.034000,30.108000,6767.313000,6791.347000,6821.455000,240.000000,276.000000,283.000000,300.000000,False,MEDIUM,8.000000,True,Red Bull Racing,6745.820000,,1,2.000000,False,,False,True
2026,5,Canadian Grand Prix,R,6897.051000,VER,3,max_verstappen,red_bull,75.596000,40.000000,2.000000,,,21.321000,23.995000,30.280000,6842.776000,6866.771000,6897.051000,243.000000,277.000000,284.000000,300.000000,False,MEDIUM,9.000000,True,Red Bull Racing,6821.455000,,12,2.000000,False,,False,True
2026,5,Canadian Grand Prix,R,6972.669000,VER,3,max_verstappen,red_bull,75.618000,41.000000,2.000000,,,21.429000,24.151000,30.038000,6918.480000,6942.631000,6972.669000,240.000000,276.000000,282.000000,302.000000,False,MEDIUM,10.000000,True,Red Bull Racing,6897.051000,,1,2.000000,False,,False,True
2026,5,Canadian Grand Prix,R,7048.084000,VER,3,max_verstappen,red_bull,75.415000,42.000000,2.000000,,,21.365000,24.024000,30.026000,6994.034000,7018.058000,7048.084000,243.000000,280.000000,283.000000,311.000000,True,MEDIUM,11.000000,True,Red Bull Racing,6972.669000,,1,2.000000,False,,False,True
2026,5,Canadian Grand Prix,R,7123.471000,VER,3,max_verstappen,red_bull,75.387000,43.000000,2.000000,,,21.478000,23.983000,29.926000,7069.562000,7093.545000,7123.471000,244.000000,279.000000,283.000000,304.000000,True,MEDIUM,12.000000,True,Red Bull Racing,7048.084000,,1,2.000000,False,,False,True
2026,5,Canadian Grand Prix,R,7198.976000,VER,3,max_verstappen,red_bull,75.505000,44.000000,2.000000,,,21.302000,24.059000,30.144000,7144.773000,7168.832000,7198.976000,241.000000,276.000000,280.000000,296.000000,False,MEDIUM,13.000000,True,Red Bull Racing,7123.471000,,1,2.000000,False,,False,True
2026,5,Canadian Grand Prix,R,7274.198000,VER,3,max_verstappen,red_bull,75.222000,45.000000,2.000000,,,21.283000,24.021000,29.918000,7220.259000,7244.280000,7274.198000,244.000000,276.000000,283.000000,298.000000,True,MEDIUM,14.000000,True,Red Bull Racing,7198.976000,,1,2.000000,False,,False,True
2026,5,Canadian Grand Prix,R,7366.542000,VER,3,max_verstappen,red_bull,92.344000,46.000000,2.000000,,,21.399000,33.692000,37.253000,7295.597000,7329.289000,7366.542000,197.000000,229.000000,296.000000,298.000000,False,MEDIUM,15.000000,True,Red Bull Racing,7274.198000,,167,2.000000,False,,False,False
2026,5,Canadian Grand Prix,R,7442.018000,VER,3,max_verstappen,red_bull,75.476000,47.000000,2.000000,,,21.378000,24.091000,30.007000,7387.920000,7412.011000,7442.018000,242.000000,278.000000,284.000000,299.000000,False,MEDIUM,16.000000,True,Red Bull Racing,7366.542000,,1,2.000000,False,,False,True
2026,5,Canadian Grand Prix,R,7517.470000,VER,3,max_verstappen,red_bull,75.452000,48.000000,2.000000,,,21.447000,23.906000,30.099000,7463.465000,7487.371000,7517.470000,242.000000,281.000000,284.000000,302.000000,False,MEDIUM,17.000000,True,Red Bull Racing,7442.018000,,1,2.000000,False,,False,True
2026,5,Canadian Grand Prix,R,7593.005000,VER,3,max_verstappen,red_bull,75.535000,49.000000,2.000000,,,21.504000,24.014000,30.017000,7538.974000,7562.988000,7593.005000,242.000000,279.000000,283.000000,306.000000,False,MEDIUM,18.000000,True,Red Bull Racing,7517.470000,,1,2.000000,False,,False,True
2026,5,Canadian Grand Prix,R,7668.026000,VER,3,max_verstappen,red_bull,75.021000,50.000000,2.000000,,,21.291000,23.841000,29.889000,7614.296000,7638.137000,7668.026000,244.000000,280.000000,284.000000,303.000000,True,MEDIUM,19.000000,True,Red Bull Racing,7593.005000,,1,2.000000,False,,False,True
2026,5,Canadian Grand Prix,R,7743.520000,VER,3,max_verstappen,red_bull,75.494000,51.000000,2.000000,,,21.333000,24.006000,30.155000,7689.359000,7713.365000,7743.520000,241.000000,275.000000,283.000000,298.000000,False,MEDIUM,20.000000,True,Red Bull Racing,7668.026000,,1,2.000000,False,,False,True
2026,5,Canadian Grand Prix,R,7822.126000,VER,3,max_verstappen,red_bull,78.606000,52.000000,2.000000,,,21.232000,23.914000,33.460000,7764.752000,7788.666000,7822.126000,242.000000,279.000000,228.000000,305.000000,False,MEDIUM,21.000000,True,Red Bull Racing,7743.520000,,16,2.000000,False,,False,False
2026,5,Canadian Grand Prix,R,7926.460000,VER,3,max_verstappen,red_bull,104.334000,53.000000,2.000000,,,28.163000,33.058000,43.113000,7850.289000,7883.347000,7926.460000,211.000000,241.000000,229.000000,238.000000,False,MEDIUM,22.000000,True,Red Bull Racing,7822.126000,,6,2.000000,False,,False,False
2026,5,Canadian Grand Prix,R,8007.964000,VER,3,max_verstappen,red_bull,81.504000,54.000000,2.000000,,,26.242000,24.834000,30.428000,7952.702000,7977.536000,8007.964000,238.000000,277.000000,282.000000,300.000000,False,MEDIUM,23.000000,True,Red Bull Racing,7926.460000,,671,2.000000,False,,False,False
2026,5,Canadian Grand Prix,R,8083.417000,VER,3,max_verstappen,red_bull,75.453000,55.000000,2.000000,,,21.426000,24.079000,29.948000,8029.390000,8053.469000,8083.417000,242.000000,280.000000,285.000000,304.000000,False,MEDIUM,24.000000,True,Red Bull Racing,8007.964000,,1,2.000000,False,,False,True
2026,5,Canadian Grand Prix,R,8158.976000,VER,3,max_verstappen,red_bull,75.559000,56.000000,2.000000,,,21.415000,23.920000,30.224000,8104.832000,8128.752000,8158.976000,242.000000,278.000000,284.000000,303.000000,False,MEDIUM,25.000000,True,Red Bull Racing,8083.417000,,1,2.000000,False,,False,True
2026,5,Canadian Grand Prix,R,8234.926000,VER,3,max_verstappen,red_bull,75.950000,57.000000,2.000000,,,21.652000,24.127000,30.171000,8180.628000,8204.755000,8234.926000,242.000000,278.000000,280.000000,303.000000,False,MEDIUM,26.000000,True,Red Bull Racing,8158.976000,,1,2.000000,False,,False,True
2026,5,Canadian Grand Prix,R,8310.262000,VER,3,max_verstappen,red_bull,75.336000,58.000000,2.000000,,,21.407000,23.898000,30.031000,8256.333000,8280.231000,8310.262000,243.000000,278.000000,287.000000,298.000000,False,MEDIUM,27.000000,True,Red Bull Racing,8234.926000,,1,2.000000,False,,False,True
2026,5,Canadian Grand Prix,R,8385.053000,VER,3,max_verstappen,red_bull,74.791000,59.000000,2.000000,,,21.101000,23.814000,29.876000,8331.363000,8355.177000,8385.053000,243.000000,278.000000,285.000000,302.000000,True,MEDIUM,28.000000,True,Red Bull Racing,8310.262000,,1,2.000000,False,,False,True
2026,5,Canadian Grand Prix,R,8459.907000,VER,3,max_verstappen,red_bull,74.854000,60.000000,2.000000,,,21.217000,23.798000,29.839000,8406.270000,8430.068000,8459.907000,244.000000,277.000000,285.000000,306.000000,False,MEDIUM,29.000000,True,Red Bull Racing,8385.053000,,1,2.000000,False,,False,True
2026,5,Canadian Grand Prix,R,8535.004000,VER,3,max_verstappen,red_bull,75.097000,61.000000,2.000000,,,21.190000,23.916000,29.991000,8481.097000,8505.013000,8535.004000,243.000000,279.000000,283.000000,310.000000,False,MEDIUM,30.000000,True,Red Bull Racing,8459.907000,,12,2.000000,False,,False,True
2026,5,Canadian Grand Prix,R,8610.567000,VER,3,max_verstappen,red_bull,75.563000,62.000000,2.000000,,,21.979000,23.970000,29.614000,8556.983000,8580.953000,8610.567000,243.000000,286.000000,305.000000,316.000000,False,MEDIUM,31.000000,True,Red Bull Racing,8535.004000,,1,3.000000,False,,False,True
2026,5,Canadian Grand Prix,R,8685.720000,VER,3,max_verstappen,red_bull,75.153000,63.000000,2.000000,,,21.600000,23.929000,29.624000,8632.167000,8656.096000,8685.720000,244.000000,284.000000,289.000000,317.000000,False,MEDIUM,32.000000,True,Red Bull Racing,8610.567000,,1,3.000000,False,,False,True
2026,5,Canadian Grand Prix,R,8760.956000,VER,3,max_verstappen,red_bull,75.236000,64.000000,2.000000,,,21.439000,24.099000,29.698000,8707.159000,8731.258000,8760.956000,245.000000,283.000000,290.000000,313.000000,False,MEDIUM,33.000000,True,Red Bull Racing,8685.720000,,1,3.000000,False,,False,True
2026,5,Canadian Grand Prix,R,8835.379000,VER,3,max_verstappen,red_bull,74.423000,65.000000,2.000000,,,21.259000,23.724000,29.440000,8782.215000,8805.939000,8835.379000,247.000000,287.000000,298.000000,320.000000,True,MEDIUM,34.000000,True,Red Bull Racing,8760.956000,,1,3.000000,False,,False,True
2026,5,Canadian Grand Prix,R,8910.086000,VER,3,max_verstappen,red_bull,74.707000,66.000000,2.000000,,,21.361000,23.901000,29.445000,8856.740000,8880.641000,8910.086000,245.000000,288.000000,309.000000,321.000000,False,MEDIUM,35.000000,True,Red Bull Racing,8835.379000,,1,3.000000,False,,False,True
2026,5,Canadian Grand Prix,R,8985.180000,VER,3,max_verstappen,red_bull,75.094000,67.000000,2.000000,,,21.640000,23.848000,29.606000,8931.726000,8955.574000,8985.180000,244.000000,288.000000,303.000000,318.000000,False,MEDIUM,36.000000,True,Red Bull Racing,8910.086000,,1,3.000000,False,,False,True
2026,5,Canadian Grand Prix,R,9059.578000,VER,3,max_verstappen,red_bull,74.398000,68.000000,2.000000,,,21.164000,23.796000,29.438000,9006.344000,9030.140000,9059.578000,245.000000,286.000000,265.000000,329.000000,True,MEDIUM,37.000000,True,Red Bull Racing,8985.180000,,1,3.000000,False,,False,True
2026,5,Canadian Grand Prix,R,3845.766000,LAW,30,lawson,rb,93.222000,1.000000,1.000000,,,,27.456000,33.078000,,3812.831000,3845.822000,215.000000,283.000000,257.000000,314.000000,False,MEDIUM,1.000000,True,Racing Bulls,3752.281000,,1,9.000000,False,,False,False
2026,5,Canadian Grand Prix,R,3928.448000,LAW,30,lawson,rb,82.682000,2.000000,1.000000,,,24.189000,26.265000,32.228000,3869.999000,3896.264000,3928.492000,233.000000,277.000000,271.000000,316.000000,True,MEDIUM,2.000000,True,Racing Bulls,3845.766000,,1,8.000000,False,,False,True
2026,5,Canadian Grand Prix,R,4009.768000,LAW,30,lawson,rb,81.320000,3.000000,1.000000,,,23.518000,25.919000,31.883000,3952.010000,3977.929000,4009.812000,236.000000,275.000000,280.000000,313.000000,True,MEDIUM,3.000000,True,Racing Bulls,3928.448000,,1,8.000000,False,,False,True
2026,5,Canadian Grand Prix,R,4089.893000,LAW,30,lawson,rb,80.125000,4.000000,1.000000,,,23.004000,25.551000,31.570000,4032.816000,4058.367000,4089.937000,234.000000,275.000000,281.000000,309.000000,True,MEDIUM,4.000000,True,Racing Bulls,4009.768000,,1,8.000000,False,,False,True
2026,5,Canadian Grand Prix,R,4169.391000,LAW,30,lawson,rb,79.498000,5.000000,1.000000,,,22.801000,25.402000,31.295000,4112.738000,4138.140000,4169.435000,239.000000,272.000000,281.000000,307.000000,True,MEDIUM,5.000000,True,Racing Bulls,4089.893000,,1,8.000000,False,,False,True
2026,5,Canadian Grand Prix,R,4248.261000,LAW,30,lawson,rb,78.870000,6.000000,1.000000,,,22.617000,25.407000,30.846000,4192.052000,4217.459000,4248.305000,234.000000,273.000000,282.000000,307.000000,True,MEDIUM,6.000000,True,Racing Bulls,4169.391000,,1,8.000000,False,,False,True
2026,5,Canadian Grand Prix,R,4327.005000,LAW,30,lawson,rb,78.744000,7.000000,1.000000,,,22.539000,25.247000,30.958000,4270.844000,4296.091000,4327.049000,232.000000,273.000000,281.000000,305.000000,True,MEDIUM,7.000000,True,Racing Bulls,4248.261000,,1,8.000000,False,,False,True
2026,5,Canadian Grand Prix,R,4405.151000,LAW,30,lawson,rb,78.146000,8.000000,1.000000,,,22.401000,25.047000,30.698000,4349.450000,4374.497000,4405.195000,236.000000,274.000000,279.000000,310.000000,True,MEDIUM,8.000000,True,Racing Bulls,4327.005000,,1,8.000000,False,,False,True
2026,5,Canadian Grand Prix,R,4483.469000,LAW,30,lawson,rb,78.318000,9.000000,1.000000,,,22.531000,24.987000,30.800000,4427.726000,4452.713000,4483.513000,234.000000,275.000000,281.000000,305.000000,False,MEDIUM,9.000000,True,Racing Bulls,4405.151000,,1,8.000000,False,,False,True
2026,5,Canadian Grand Prix,R,4561.637000,LAW,30,lawson,rb,78.168000,10.000000,1.000000,,,22.464000,24.897000,30.807000,4505.977000,4530.874000,4561.681000,236.000000,274.000000,278.000000,304.000000,False,MEDIUM,10.000000,True,Racing Bulls,4483.469000,,1,8.000000,False,,False,True
2026,5,Canadian Grand Prix,R,4640.495000,LAW,30,lawson,rb,78.858000,11.000000,1.000000,,,22.498000,25.363000,30.997000,4584.179000,4609.542000,4640.539000,237.000000,275.000000,281.000000,303.000000,False,MEDIUM,11.000000,True,Racing Bulls,4561.637000,,1,8.000000,False,,False,True
2026,5,Canadian Grand Prix,R,4718.679000,LAW,30,lawson,rb,78.184000,12.000000,1.000000,,,22.309000,24.973000,30.902000,4662.848000,4687.821000,4718.723000,235.000000,273.000000,278.000000,303.000000,False,MEDIUM,12.000000,True,Racing Bulls,4640.495000,,12,8.000000,False,,False,True
2026,5,Canadian Grand Prix,R,4797.063000,LAW,30,lawson,rb,78.384000,13.000000,1.000000,,,22.397000,24.935000,31.052000,4741.120000,4766.055000,4797.107000,237.000000,272.000000,277.000000,303.000000,False,MEDIUM,13.000000,True,Racing Bulls,4718.679000,,2,8.000000,False,,False,True
2026,5,Canadian Grand Prix,R,4875.377000,LAW,30,lawson,rb,78.314000,14.000000,1.000000,,,22.361000,25.000000,30.953000,4819.468000,4844.468000,4875.421000,233.000000,273.000000,273.000000,302.000000,False,MEDIUM,14.000000,True,Racing Bulls,4797.063000,,21,8.000000,False,,False,True
2026,5,Canadian Grand Prix,R,4953.266000,LAW,30,lawson,rb,77.889000,15.000000,1.000000,,,22.244000,24.923000,30.722000,4897.665000,4922.588000,4953.310000,237.000000,274.000000,277.000000,302.000000,True,MEDIUM,15.000000,True,Racing Bulls,4875.377000,,1,8.000000,False,,False,True
2026,5,Canadian Grand Prix,R,5031.067000,LAW,30,lawson,rb,77.801000,16.000000,1.000000,,,22.098000,24.872000,30.831000,4975.408000,5000.280000,5031.111000,240.000000,274.000000,279.000000,301.000000,True,MEDIUM,16.000000,True,Racing Bulls,4953.266000,,1,8.000000,False,,False,True
2026,5,Canadian Grand Prix,R,5108.647000,LAW,30,lawson,rb,77.580000,17.000000,1.000000,,,22.111000,24.736000,30.733000,5053.222000,5077.958000,5108.691000,239.000000,272.000000,281.000000,301.000000,True,MEDIUM,17.000000,True,Racing Bulls,5031.067000,,1,8.000000,False,,False,True
2026,5,Canadian Grand Prix,R,5186.196000,LAW,30,lawson,rb,77.549000,18.000000,1.000000,,,22.136000,24.709000,30.704000,5130.827000,5155.536000,5186.240000,236.000000,274.000000,278.000000,301.000000,True,MEDIUM,18.000000,True,Racing Bulls,5108.647000,,12,8.000000,False,,False,True
2026,5,Canadian Grand Prix,R,5263.749000,LAW,30,lawson,rb,77.553000,19.000000,1.000000,,,22.243000,24.684000,30.626000,5208.483000,5233.167000,5263.793000,238.000000,276.000000,276.000000,307.000000,False,MEDIUM,19.000000,True,Racing Bulls,5186.196000,,1,8.000000,False,,False,True
2026,5,Canadian Grand Prix,R,5341.625000,LAW,30,lawson,rb,77.876000,20.000000,1.000000,,,22.123000,24.908000,30.845000,5285.916000,5310.824000,5341.669000,237.000000,275.000000,281.000000,314.000000,False,MEDIUM,20.000000,True,Racing Bulls,5263.749000,,1,8.000000,False,,False,True
2026,5,Canadian Grand Prix,R,5419.467000,LAW,30,lawson,rb,77.842000,21.000000,1.000000,,,22.427000,24.806000,30.609000,5364.096000,5388.902000,5419.511000,239.000000,275.000000,279.000000,305.000000,False,MEDIUM,21.000000,True,Racing Bulls,5341.625000,,1,8.000000,False,,False,True
2026,5,Canadian Grand Prix,R,5496.951000,LAW,30,lawson,rb,77.484000,22.000000,1.000000,,,22.089000,24.694000,30.701000,5441.600000,5466.294000,5496.995000,236.000000,272.000000,277.000000,301.000000,True,MEDIUM,22.000000,True,Racing Bulls,5419.467000,,1,8.000000,False,,False,True
2026,5,Canadian Grand Prix,R,5574.579000,LAW,30,lawson,rb,77.628000,23.000000,1.000000,,,22.206000,24.799000,30.623000,5519.201000,5544.000000,5574.623000,238.000000,274.000000,282.000000,303.000000,False,MEDIUM,23.000000,True,Racing Bulls,5496.951000,,1,8.000000,False,,False,True
2026,5,Canadian Grand Prix,R,5652.042000,LAW,30,lawson,rb,77.463000,24.000000,1.000000,,,22.053000,24.814000,30.596000,5596.676000,5621.490000,5652.086000,238.000000,274.000000,279.000000,305.000000,True,MEDIUM,24.000000,True,Racing Bulls,5574.579000,,1,8.000000,False,,False,True
2026,5,Canadian Grand Prix,R,5729.795000,LAW,30,lawson,rb,77.753000,25.000000,1.000000,,,22.028000,24.715000,31.010000,5674.114000,5698.829000,5729.839000,240.000000,276.000000,279.000000,303.000000,False,MEDIUM,25.000000,True,Racing Bulls,5652.042000,,1,8.000000,False,,False,True
2026,5,Canadian Grand Prix,R,5807.364000,LAW,30,lawson,rb,77.569000,26.000000,1.000000,,,22.227000,24.656000,30.686000,5752.066000,5776.722000,5807.408000,238.000000,274.000000,279.000000,303.000000,False,MEDIUM,26.000000,True,Racing Bulls,5729.795000,,1,8.000000,False,,False,True
2026,5,Canadian Grand Prix,R,5884.747000,LAW,30,lawson,rb,77.383000,27.000000,1.000000,,,22.075000,24.722000,30.586000,5829.483000,5854.205000,5884.791000,240.000000,277.000000,280.000000,302.000000,True,MEDIUM,27.000000,True,Racing Bulls,5807.364000,,1,8.000000,False,,False,True
2026,5,Canadian Grand Prix,R,5962.280000,LAW,30,lawson,rb,77.533000,28.000000,1.000000,,,22.058000,24.728000,30.747000,5906.849000,5931.577000,5962.324000,238.000000,276.000000,282.000000,300.000000,False,MEDIUM,28.000000,True,Racing Bulls,5884.747000,,1,8.000000,False,,False,True
2026,5,Canadian Grand Prix,R,6039.545000,LAW,30,lawson,rb,77.265000,29.000000,1.000000,,,22.035000,24.675000,30.555000,5984.359000,6009.034000,6039.589000,241.000000,276.000000,281.000000,304.000000,True,MEDIUM,29.000000,True,Racing Bulls,5962.280000,,12,8.000000,False,,False,True
2026,5,Canadian Grand Prix,R,6150.863000,LAW,30,lawson,rb,111.318000,30.000000,1.000000,,6128.207000,22.060000,35.581000,53.677000,6061.649000,6097.230000,6150.907000,240.000000,165.000000,,258.000000,False,MEDIUM,30.000000,True,Racing Bulls,6039.545000,,26,7.000000,False,,False,False
2026,5,Canadian Grand Prix,R,6259.095000,LAW,30,lawson,rb,108.232000,31.000000,2.000000,6152.360000,,29.107000,39.648000,39.477000,6180.014000,6219.662000,6259.139000,221.000000,154.000000,271.000000,166.000000,False,SOFT,1.000000,True,Racing Bulls,6150.863000,,67,7.000000,False,,False,False
2026,5,Canadian Grand Prix,R,6340.343000,LAW,30,lawson,rb,81.248000,32.000000,2.000000,,,23.585000,26.491000,31.172000,6282.724000,6309.215000,6340.387000,239.000000,284.000000,285.000000,329.000000,False,SOFT,2.000000,True,Racing Bulls,6259.095000,,71,7.000000,False,,False,False
2026,5,Canadian Grand Prix,R,6418.776000,LAW,30,lawson,rb,78.433000,33.000000,2.000000,,,22.529000,25.031000,30.873000,6362.916000,6387.947000,6418.820000,247.000000,276.000000,276.000000,305.000000,False,SOFT,3.000000,True,Racing Bulls,6340.343000,,1,7.000000,False,,False,True
2026,5,Canadian Grand Prix,R,6496.953000,LAW,30,lawson,rb,78.177000,34.000000,2.000000,,,22.336000,24.957000,30.884000,6441.156000,6466.113000,6496.997000,240.000000,275.000000,280.000000,301.000000,False,SOFT,4.000000,True,Racing Bulls,6418.776000,,1,7.000000,False,,False,True
2026,5,Canadian Grand Prix,R,6574.323000,LAW,30,lawson,rb,77.370000,35.000000,2.000000,,,22.050000,24.666000,30.654000,6519.047000,6543.713000,6574.367000,240.000000,276.000000,281.000000,298.000000,False,SOFT,5.000000,True,Racing Bulls,6496.953000,,1,7.000000,False,,False,True
2026,5,Canadian Grand Prix,R,6651.167000,LAW,30,lawson,rb,76.844000,36.000000,2.000000,,,21.814000,24.498000,30.532000,6596.181000,6620.679000,6651.211000,241.000000,275.000000,285.000000,297.000000,True,SOFT,6.000000,True,Racing Bulls,6574.323000,,1,7.000000,False,,False,True
2026,5,Canadian Grand Prix,R,6728.141000,LAW,30,lawson,rb,76.974000,37.000000,2.000000,,,21.817000,24.491000,30.666000,6673.028000,6697.519000,6728.185000,239.000000,275.000000,280.000000,299.000000,False,SOFT,7.000000,True,Racing Bulls,6651.167000,,1,7.000000,False,,False,True
2026,5,Canadian Grand Prix,R,6805.134000,LAW,30,lawson,rb,76.993000,38.000000,2.000000,,,21.928000,24.580000,30.485000,6750.113000,6774.693000,6805.178000,240.000000,276.000000,284.000000,299.000000,False,SOFT,8.000000,True,Racing Bulls,6728.141000,,1,7.000000,False,,False,True
2026,5,Canadian Grand Prix,R,6882.326000,LAW,30,lawson,rb,77.192000,39.000000,2.000000,,,21.735000,24.342000,31.115000,6826.913000,6851.255000,6882.370000,239.000000,276.000000,280.000000,298.000000,False,SOFT,9.000000,True,Racing Bulls,6805.134000,,12,7.000000,False,,False,True
2026,5,Canadian Grand Prix,R,6959.798000,LAW,30,lawson,rb,77.472000,40.000000,2.000000,,,22.118000,24.583000,30.771000,6904.488000,6929.071000,6959.842000,241.000000,276.000000,279.000000,299.000000,False,SOFT,10.000000,True,Racing Bulls,6882.326000,,1,7.000000,False,,False,True
2026,5,Canadian Grand Prix,R,7036.807000,LAW,30,lawson,rb,77.009000,41.000000,2.000000,,,21.787000,24.565000,30.657000,6981.629000,7006.194000,7036.851000,242.000000,276.000000,281.000000,299.000000,False,SOFT,11.000000,True,Racing Bulls,6959.798000,,1,7.000000,False,,False,True
2026,5,Canadian Grand Prix,R,7113.525000,LAW,30,lawson,rb,76.718000,42.000000,2.000000,,,21.795000,24.457000,30.466000,7058.646000,7083.103000,7113.569000,240.000000,278.000000,280.000000,302.000000,True,SOFT,12.000000,True,Racing Bulls,7036.807000,,1,7.000000,False,,False,True
2026,5,Canadian Grand Prix,R,7190.123000,LAW,30,lawson,rb,76.598000,43.000000,2.000000,,,21.711000,24.408000,30.479000,7135.280000,7159.688000,7190.167000,241.000000,276.000000,284.000000,299.000000,True,SOFT,13.000000,True,Racing Bulls,7113.525000,,1,7.000000,False,,False,True
2026,5,Canadian Grand Prix,R,7266.809000,LAW,30,lawson,rb,76.686000,44.000000,2.000000,,,21.708000,24.500000,30.478000,7211.875000,7236.375000,7266.853000,241.000000,279.000000,282.000000,305.000000,False,SOFT,14.000000,True,Racing Bulls,7190.123000,,1,7.000000,False,,False,True
2026,5,Canadian Grand Prix,R,7360.369000,LAW,30,lawson,rb,93.560000,45.000000,2.000000,,,21.634000,31.724000,40.202000,7288.487000,7320.211000,7360.413000,242.000000,221.000000,300.000000,276.000000,False,SOFT,15.000000,True,Racing Bulls,7266.809000,,167,7.000000,False,,False,False
2026,5,Canadian Grand Prix,R,7438.708000,LAW,30,lawson,rb,78.339000,46.000000,2.000000,,,21.782000,24.382000,32.175000,7382.195000,7406.577000,7438.752000,244.000000,279.000000,285.000000,237.000000,False,SOFT,16.000000,True,Racing Bulls,7360.369000,,1,7.000000,False,,False,True
2026,5,Canadian Grand Prix,R,7515.593000,LAW,30,lawson,rb,76.885000,47.000000,2.000000,,,22.022000,24.335000,30.528000,7460.774000,7485.109000,7515.637000,242.000000,281.000000,284.000000,306.000000,False,SOFT,17.000000,True,Racing Bulls,7438.708000,,1,7.000000,False,,False,True
2026,5,Canadian Grand Prix,R,7592.446000,LAW,30,lawson,rb,76.853000,48.000000,2.000000,,,21.672000,24.297000,30.884000,7537.309000,7561.606000,7592.490000,241.000000,277.000000,220.000000,299.000000,False,SOFT,18.000000,True,Racing Bulls,7515.593000,,1,7.000000,False,,False,True
2026,5,Canadian Grand Prix,R,7671.642000,LAW,30,lawson,rb,79.196000,49.000000,2.000000,,,23.016000,25.323000,30.857000,7615.506000,7640.829000,7671.686000,242.000000,258.000000,287.000000,317.000000,False,SOFT,19.000000,True,Racing Bulls,7592.446000,,1,7.000000,False,,False,True
2026,5,Canadian Grand Prix,R,7747.788000,LAW,30,lawson,rb,76.146000,50.000000,2.000000,,,21.738000,24.205000,30.203000,7693.424000,7717.629000,7747.832000,244.000000,295.000000,280.000000,309.000000,True,SOFT,20.000000,True,Racing Bulls,7671.642000,,1,7.000000,False,,False,True
2026,5,Canadian Grand Prix,R,7829.614000,LAW,30,lawson,rb,81.826000,51.000000,2.000000,,,21.680000,24.259000,35.887000,7769.512000,7793.771000,7829.658000,240.000000,276.000000,228.000000,310.000000,False,SOFT,21.000000,True,Racing Bulls,7747.788000,,16,7.000000,False,,False,False
2026,5,Canadian Grand Prix,R,7932.263000,LAW,30,lawson,rb,102.649000,52.000000,2.000000,,,28.792000,32.393000,41.464000,7858.450000,7890.843000,7932.307000,231.000000,216.000000,281.000000,277.000000,False,SOFT,22.000000,True,Racing Bulls,7829.614000,,67,7.000000,False,,False,False
2026,5,Canadian Grand Prix,R,8014.883000,LAW,30,lawson,rb,82.620000,53.000000,2.000000,,,27.471000,24.988000,30.161000,7959.778000,7984.766000,8014.927000,242.000000,281.000000,286.000000,317.000000,False,SOFT,23.000000,True,Racing Bulls,7932.263000,,71,7.000000,False,,False,False
2026,5,Canadian Grand Prix,R,8091.214000,LAW,30,lawson,rb,76.331000,54.000000,2.000000,,,21.679000,24.340000,30.312000,8036.606000,8060.946000,8091.258000,240.000000,275.000000,284.000000,305.000000,False,SOFT,24.000000,True,Racing Bulls,8014.883000,,1,7.000000,False,,False,True
2026,5,Canadian Grand Prix,R,8167.294000,LAW,30,lawson,rb,76.080000,55.000000,2.000000,,,21.556000,24.311000,30.213000,8112.814000,8137.125000,8167.338000,240.000000,276.000000,285.000000,304.000000,True,SOFT,25.000000,True,Racing Bulls,8091.214000,,1,7.000000,False,,False,True
2026,5,Canadian Grand Prix,R,8243.234000,LAW,30,lawson,rb,75.940000,56.000000,2.000000,,,21.528000,24.270000,30.142000,8188.866000,8213.136000,8243.278000,242.000000,278.000000,282.000000,303.000000,True,SOFT,26.000000,True,Racing Bulls,8167.294000,,1,7.000000,False,,False,True
2026,5,Canadian Grand Prix,R,8319.040000,LAW,30,lawson,rb,75.806000,57.000000,2.000000,,,21.539000,24.161000,30.106000,8264.817000,8288.978000,8319.084000,243.000000,279.000000,284.000000,303.000000,True,SOFT,27.000000,True,Racing Bulls,8243.234000,,1,7.000000,False,,False,True
2026,5,Canadian Grand Prix,R,8395.143000,LAW,30,lawson,rb,76.103000,58.000000,2.000000,,,21.620000,24.124000,30.359000,8340.704000,8364.828000,8395.187000,240.000000,280.000000,283.000000,308.000000,False,SOFT,28.000000,True,Racing Bulls,8319.040000,,1,7.000000,False,,False,True
2026,5,Canadian Grand Prix,R,8470.747000,LAW,30,lawson,rb,75.604000,59.000000,2.000000,,,21.411000,24.113000,30.080000,8416.598000,8440.711000,8470.791000,245.000000,281.000000,276.000000,312.000000,True,SOFT,29.000000,True,Racing Bulls,8395.143000,,1,7.000000,False,,False,True
2026,5,Canadian Grand Prix,R,8546.899000,LAW,30,lawson,rb,76.152000,60.000000,2.000000,,,21.649000,24.286000,30.217000,8492.440000,8516.726000,8546.943000,242.000000,278.000000,278.000000,304.000000,False,SOFT,30.000000,True,Racing Bulls,8470.747000,,12,7.000000,False,,False,True
2026,5,Canadian Grand Prix,R,8622.880000,LAW,30,lawson,rb,75.981000,61.000000,2.000000,,,21.600000,24.186000,30.195000,8568.543000,8592.729000,8622.924000,243.000000,279.000000,282.000000,301.000000,False,SOFT,31.000000,True,Racing Bulls,8546.899000,,1,7.000000,False,,False,True
2026,5,Canadian Grand Prix,R,8698.897000,LAW,30,lawson,rb,76.017000,62.000000,2.000000,,,21.499000,24.207000,30.311000,8644.423000,8668.630000,8698.941000,242.000000,277.000000,280.000000,306.000000,False,SOFT,32.000000,True,Racing Bulls,8622.880000,,1,7.000000,False,,False,True
2026,5,Canadian Grand Prix,R,8774.953000,LAW,30,lawson,rb,76.056000,63.000000,2.000000,,,21.627000,24.178000,30.251000,8720.568000,8744.746000,8774.997000,241.000000,279.000000,274.000000,311.000000,False,SOFT,33.000000,True,Racing Bulls,8698.897000,,1,7.000000,False,,False,True
2026,5,Canadian Grand Prix,R,8851.807000,LAW,30,lawson,rb,76.854000,64.000000,2.000000,,,21.665000,24.194000,30.995000,8796.662000,8820.856000,8851.851000,243.000000,277.000000,257.000000,310.000000,False,SOFT,34.000000,True,Racing Bulls,8774.953000,,1,7.000000,True,TRACK LIMITS AT TURN 14 LAP 64 ,False,True
2026,5,Canadian Grand Prix,R,8929.669000,LAW,30,lawson,rb,77.862000,65.000000,2.000000,,,22.696000,24.592000,30.574000,8874.547000,8899.139000,8929.713000,242.000000,278.000000,267.000000,319.000000,False,SOFT,35.000000,True,Racing Bulls,8851.807000,,1,7.000000,False,,False,True
2026,5,Canadian Grand Prix,R,9006.110000,LAW,30,lawson,rb,76.441000,66.000000,2.000000,,,21.778000,24.168000,30.495000,8951.491000,8975.659000,9006.154000,243.000000,278.000000,280.000000,300.000000,False,SOFT,36.000000,True,Racing Bulls,8929.669000,,1,7.000000,False,,False,True
2026,5,Canadian Grand Prix,R,9082.537000,LAW,30,lawson,rb,76.427000,67.000000,2.000000,,,21.592000,24.446000,30.389000,9027.746000,9052.192000,9082.581000,243.000000,280.000000,271.000000,320.000000,False,SOFT,37.000000,True,Racing Bulls,9006.110000,,1,7.000000,False,,False,True
2026,5,Canadian Grand Prix,R,3849.306000,OCO,31,ocon,haas,96.762000,1.000000,1.000000,,,,28.910000,33.363000,,3816.025000,3849.463000,200.000000,281.000000,285.000000,320.000000,False,SOFT,1.000000,True,Haas F1 Team,3752.281000,,1,15.000000,False,,False,False
2026,5,Canadian Grand Prix,R,3935.002000,OCO,31,ocon,haas,85.696000,2.000000,1.000000,,,25.899000,27.088000,32.709000,3875.237000,3902.325000,3935.034000,215.000000,279.000000,275.000000,308.000000,True,SOFT,2.000000,True,Haas F1 Team,3849.306000,,1,12.000000,False,,False,True
2026,5,Canadian Grand Prix,R,4016.687000,OCO,31,ocon,haas,81.685000,3.000000,1.000000,,,23.929000,26.089000,31.667000,3958.963000,3985.052000,4016.719000,227.000000,284.000000,276.000000,329.000000,True,SOFT,3.000000,True,Haas F1 Team,3935.002000,,1,12.000000,False,,False,True
2026,5,Canadian Grand Prix,R,4098.312000,OCO,31,ocon,haas,81.625000,4.000000,1.000000,,,23.505000,26.327000,31.793000,4040.224000,4066.551000,4098.344000,228.000000,268.000000,272.000000,312.000000,True,SOFT,4.000000,True,Haas F1 Team,4016.687000,,1,12.000000,False,,False,True
2026,5,Canadian Grand Prix,R,4179.020000,OCO,31,ocon,haas,80.708000,5.000000,1.000000,,,23.503000,25.891000,31.314000,4121.847000,4147.738000,4179.052000,227.000000,272.000000,267.000000,313.000000,True,SOFT,5.000000,True,Haas F1 Team,4098.312000,,1,12.000000,False,,False,True
2026,5,Canadian Grand Prix,R,4259.645000,OCO,31,ocon,haas,80.625000,6.000000,1.000000,,,23.044000,25.559000,32.022000,4202.096000,4227.655000,4259.677000,228.000000,267.000000,266.000000,314.000000,True,SOFT,6.000000,True,Haas F1 Team,4179.020000,,1,13.000000,False,,False,True
2026,5,Canadian Grand Prix,R,4343.171000,OCO,31,ocon,haas,83.526000,7.000000,1.000000,,,23.616000,27.990000,31.920000,4283.293000,4311.283000,4343.203000,227.000000,261.000000,251.000000,329.000000,False,SOFT,7.000000,True,Haas F1 Team,4259.645000,,1,15.000000,True,TRACK LIMITS AT TURN 8 LAP 7 ,False,True
2026,5,Canadian Grand Prix,R,4422.824000,OCO,31,ocon,haas,79.653000,8.000000,1.000000,,,23.133000,25.305000,31.215000,4366.336000,4391.641000,4422.856000,227.000000,271.000000,267.000000,312.000000,True,SOFT,8.000000,True,Haas F1 Team,4343.171000,,1,15.000000,False,,False,True
2026,5,Canadian Grand Prix,R,4501.926000,OCO,31,ocon,haas,79.102000,9.000000,1.000000,,,22.688000,25.106000,31.308000,4445.544000,4470.650000,4501.958000,228.000000,271.000000,272.000000,301.000000,True,SOFT,9.000000,True,Haas F1 Team,4422.824000,,1,15.000000,False,,False,True
2026,5,Canadian Grand Prix,R,4580.431000,OCO,31,ocon,haas,78.505000,10.000000,1.000000,,,22.560000,24.882000,31.063000,4524.518000,4549.400000,4580.463000,231.000000,271.000000,270.000000,301.000000,True,SOFT,10.000000,True,Haas F1 Team,4501.926000,,1,15.000000,False,,False,True
2026,5,Canadian Grand Prix,R,4659.432000,OCO,31,ocon,haas,79.001000,11.000000,1.000000,,,22.446000,25.491000,31.064000,4602.909000,4628.400000,4659.464000,230.000000,271.000000,274.000000,302.000000,False,SOFT,11.000000,True,Haas F1 Team,4580.431000,,1,15.000000,False,,False,True
2026,5,Canadian Grand Prix,R,4739.045000,OCO,31,ocon,haas,79.613000,12.000000,1.000000,,,22.574000,25.136000,31.903000,4682.038000,4707.174000,4739.077000,229.000000,273.000000,273.000000,301.000000,False,SOFT,12.000000,True,Haas F1 Team,4659.432000,,12,13.000000,False,,False,True
2026,5,Canadian Grand Prix,R,4818.589000,OCO,31,ocon,haas,79.544000,13.000000,1.000000,,,22.670000,25.101000,31.773000,4761.747000,4786.848000,4818.621000,228.000000,267.000000,275.000000,304.000000,False,SOFT,13.000000,True,Haas F1 Team,4739.045000,,2,13.000000,False,,False,True
2026,5,Canadian Grand Prix,R,4897.704000,OCO,31,ocon,haas,79.115000,14.000000,1.000000,,,22.570000,25.014000,31.531000,4841.191000,4866.205000,4897.736000,231.000000,275.000000,265.000000,309.000000,False,SOFT,14.000000,True,Haas F1 Team,4818.589000,,21,14.000000,False,,False,True
2026,5,Canadian Grand Prix,R,4977.387000,OCO,31,ocon,haas,79.683000,15.000000,1.000000,,,23.185000,25.199000,31.299000,4920.921000,4946.120000,4977.419000,231.000000,281.000000,290.000000,327.000000,False,SOFT,15.000000,True,Haas F1 Team,4897.704000,,1,13.000000,False,,False,True
2026,5,Canadian Grand Prix,R,5075.778000,OCO,31,ocon,haas,98.391000,16.000000,1.000000,,5052.564000,23.358000,25.262000,49.771000,5000.777000,5026.039000,5075.810000,229.000000,279.000000,,308.000000,False,SOFT,16.000000,True,Haas F1 Team,4977.387000,,1,16.000000,False,,False,False
2026,5,Canadian Grand Prix,R,5160.940000,OCO,31,ocon,haas,85.162000,17.000000,2.000000,5077.392000,,26.595000,25.751000,32.816000,5102.405000,5128.156000,5160.972000,225.000000,280.000000,295.000000,315.000000,False,MEDIUM,1.000000,True,Haas F1 Team,5075.778000,,1,17.000000,False,,False,False
2026,5,Canadian Grand Prix,R,5240.459000,OCO,31,ocon,haas,79.519000,18.000000,2.000000,,,22.904000,25.405000,31.210000,5183.876000,5209.281000,5240.491000,231.000000,270.000000,273.000000,305.000000,False,MEDIUM,2.000000,True,Haas F1 Team,5160.940000,,12,17.000000,False,,False,True
2026,5,Canadian Grand Prix,R,5319.844000,OCO,31,ocon,haas,79.385000,19.000000,2.000000,,,22.992000,25.095000,31.298000,5263.483000,5288.578000,5319.876000,227.000000,273.000000,273.000000,299.000000,False,MEDIUM,3.000000,True,Haas F1 Team,5240.459000,,1,16.000000,False,,False,True
2026,5,Canadian Grand Prix,R,5398.534000,OCO,31,ocon,haas,78.690000,20.000000,2.000000,,,22.667000,24.950000,31.073000,5342.543000,5367.493000,5398.566000,230.000000,271.000000,281.000000,298.000000,False,MEDIUM,4.000000,True,Haas F1 Team,5319.844000,,1,16.000000,False,,False,True
2026,5,Canadian Grand Prix,R,5477.142000,OCO,31,ocon,haas,78.608000,21.000000,2.000000,,,22.536000,25.076000,30.996000,5421.102000,5446.178000,5477.174000,228.000000,270.000000,272.000000,303.000000,False,MEDIUM,5.000000,True,Haas F1 Team,5398.534000,,1,15.000000,False,,False,True
2026,5,Canadian Grand Prix,R,5555.782000,OCO,31,ocon,haas,78.640000,22.000000,2.000000,,,22.552000,24.745000,31.343000,5499.726000,5524.471000,5555.814000,230.000000,274.000000,271.000000,301.000000,False,MEDIUM,6.000000,True,Haas F1 Team,5477.142000,,1,15.000000,False,,False,True
2026,5,Canadian Grand Prix,R,5634.069000,OCO,31,ocon,haas,78.287000,23.000000,2.000000,,,22.588000,24.727000,30.972000,5578.402000,5603.129000,5634.101000,229.000000,275.000000,272.000000,302.000000,True,MEDIUM,7.000000,True,Haas F1 Team,5555.782000,,1,15.000000,False,,False,True
2026,5,Canadian Grand Prix,R,5712.406000,OCO,31,ocon,haas,78.337000,24.000000,2.000000,,,22.514000,24.899000,30.924000,5656.615000,5681.514000,5712.438000,230.000000,273.000000,272.000000,301.000000,False,MEDIUM,8.000000,True,Haas F1 Team,5634.069000,,1,15.000000,False,,False,True
2026,5,Canadian Grand Prix,R,5790.978000,OCO,31,ocon,haas,78.572000,25.000000,2.000000,,,22.522000,24.890000,31.160000,5734.960000,5759.850000,5791.010000,229.000000,272.000000,271.000000,297.000000,False,MEDIUM,9.000000,True,Haas F1 Team,5712.406000,,1,15.000000,False,,False,True
2026,5,Canadian Grand Prix,R,5869.242000,OCO,31,ocon,haas,78.264000,26.000000,2.000000,,,22.427000,24.850000,30.987000,5813.437000,5838.287000,5869.274000,231.000000,271.000000,274.000000,299.000000,True,MEDIUM,10.000000,True,Haas F1 Team,5790.978000,,1,15.000000,False,,False,True
2026,5,Canadian Grand Prix,R,5948.378000,OCO,31,ocon,haas,79.136000,27.000000,2.000000,,,22.589000,25.224000,31.323000,5891.863000,5917.087000,5948.410000,230.000000,267.000000,270.000000,308.000000,False,MEDIUM,11.000000,True,Haas F1 Team,5869.242000,,1,16.000000,False,,False,True
2026,5,Canadian Grand Prix,R,6026.984000,OCO,31,ocon,haas,78.606000,28.000000,2.000000,,,22.756000,25.049000,30.801000,5971.166000,5996.215000,6027.016000,230.000000,275.000000,256.000000,329.000000,False,MEDIUM,12.000000,True,Haas F1 Team,5948.378000,,1,16.000000,False,,False,True
2026,5,Canadian Grand Prix,R,6121.124000,OCO,31,ocon,haas,94.140000,29.000000,2.000000,,,22.583000,32.291000,39.266000,6049.599000,6081.890000,6121.156000,229.000000,188.000000,209.000000,246.000000,False,MEDIUM,13.000000,True,Haas F1 Team,6026.984000,,126,16.000000,False,,False,False
2026,5,Canadian Grand Prix,R,6252.112000,OCO,31,ocon,haas,130.988000,30.000000,2.000000,,6218.334000,29.666000,35.912000,65.410000,6150.822000,6186.734000,6252.144000,164.000000,217.000000,,232.000000,False,MEDIUM,14.000000,True,Haas F1 Team,6121.124000,,6,15.000000,False,,False,False
2026,5,Canadian Grand Prix,R,6340.388000,OCO,31,ocon,haas,88.276000,31.000000,3.000000,6253.714000,,29.462000,26.155000,32.659000,6281.606000,6307.761000,6340.420000,225.000000,277.000000,234.000000,297.000000,False,SOFT,1.000000,True,Haas F1 Team,6252.112000,,671,15.000000,False,,False,False
2026,5,Canadian Grand Prix,R,6419.893000,OCO,31,ocon,haas,79.505000,32.000000,3.000000,,,23.513000,25.109000,30.883000,6363.933000,6389.042000,6419.925000,234.000000,279.000000,282.000000,304.000000,False,SOFT,2.000000,True,Haas F1 Team,6340.388000,,1,15.000000,False,,False,True
2026,5,Canadian Grand Prix,R,6498.209000,OCO,31,ocon,haas,78.316000,33.000000,3.000000,,,22.510000,24.973000,30.833000,6442.435000,6467.408000,6498.241000,233.000000,275.000000,272.000000,314.000000,False,SOFT,3.000000,True,Haas F1 Team,6419.893000,,1,15.000000,False,,False,True
2026,5,Canadian Grand Prix,R,6578.425000,OCO,31,ocon,haas,80.216000,34.000000,3.000000,,,22.504000,26.577000,31.135000,6520.745000,6547.322000,6578.457000,231.000000,260.000000,279.000000,314.000000,False,SOFT,4.000000,True,Haas F1 Team,6498.209000,,1,15.000000,False,,False,True
2026,5,Canadian Grand Prix,R,6655.684000,OCO,31,ocon,haas,77.259000,35.000000,3.000000,,,22.410000,24.595000,30.254000,6600.867000,6625.462000,6655.716000,234.000000,278.000000,285.000000,324.000000,True,SOFT,5.000000,True,Haas F1 Team,6578.425000,,1,15.000000,False,,False,True
2026,5,Canadian Grand Prix,R,6733.042000,OCO,31,ocon,haas,77.358000,36.000000,3.000000,,,22.253000,24.684000,30.421000,6677.969000,6702.653000,6733.074000,231.000000,276.000000,266.000000,313.000000,False,SOFT,6.000000,True,Haas F1 Team,6655.684000,,1,15.000000,False,,False,True
2026,5,Canadian Grand Prix,R,6810.634000,OCO,31,ocon,haas,77.592000,37.000000,3.000000,,,22.233000,24.797000,30.562000,6755.307000,6780.104000,6810.666000,231.000000,278.000000,276.000000,314.000000,False,SOFT,7.000000,True,Haas F1 Team,6733.042000,,1,15.000000,False,,False,True
2026,5,Canadian Grand Prix,R,6888.767000,OCO,31,ocon,haas,78.133000,38.000000,3.000000,,,22.261000,24.541000,31.331000,6832.927000,6857.468000,6888.799000,233.000000,276.000000,292.000000,312.000000,False,SOFT,8.000000,True,Haas F1 Team,6810.634000,,12,16.000000,False,,False,True
2026,5,Canadian Grand Prix,R,6969.004000,OCO,31,ocon,haas,80.237000,39.000000,3.000000,,,23.955000,25.354000,30.928000,6912.754000,6938.108000,6969.036000,231.000000,276.000000,278.000000,340.000000,False,SOFT,9.000000,True,Haas F1 Team,6888.767000,,1,14.000000,False,,False,True
2026,5,Canadian Grand Prix,R,7046.406000,OCO,31,ocon,haas,77.402000,40.000000,3.000000,,,22.348000,24.742000,30.312000,6991.384000,7016.126000,7046.438000,233.000000,275.000000,274.000000,321.000000,False,SOFT,10.000000,True,Haas F1 Team,6969.004000,,1,15.000000,False,,False,True
2026,5,Canadian Grand Prix,R,7124.989000,OCO,31,ocon,haas,78.583000,41.000000,3.000000,,,22.183000,25.682000,30.718000,7068.621000,7094.303000,7125.021000,232.000000,277.000000,269.000000,314.000000,False,SOFT,11.000000,True,Haas F1 Team,7046.406000,,1,14.000000,False,,False,True
2026,5,Canadian Grand Prix,R,7203.542000,OCO,31,ocon,haas,78.553000,42.000000,3.000000,,,22.206000,25.041000,31.306000,7147.227000,7172.268000,7203.574000,232.000000,223.000000,277.000000,316.000000,False,SOFT,12.000000,True,Haas F1 Team,7124.989000,,1,14.000000,False,,False,True
2026,5,Canadian Grand Prix,R,7280.217000,OCO,31,ocon,haas,76.675000,43.000000,3.000000,,,22.046000,24.437000,30.192000,7225.620000,7250.057000,7280.249000,234.000000,275.000000,280.000000,327.000000,True,SOFT,13.000000,True,Haas F1 Team,7203.542000,,1,14.000000,False,,False,True
2026,5,Canadian Grand Prix,R,7373.420000,OCO,31,ocon,haas,93.203000,44.000000,3.000000,,,27.674000,30.663000,34.866000,7307.923000,7338.586000,7373.452000,126.000000,194.000000,292.000000,303.000000,False,SOFT,14.000000,True,Haas F1 Team,7280.217000,,167,14.000000,False,,False,False
2026,5,Canadian Grand Prix,R,7451.173000,OCO,31,ocon,haas,77.753000,45.000000,3.000000,,,22.210000,24.868000,30.675000,7395.662000,7420.530000,7451.205000,232.000000,274.000000,267.000000,309.000000,False,SOFT,15.000000,True,Haas F1 Team,7373.420000,,1,14.000000,False,,False,True
2026,5,Canadian Grand Prix,R,7530.027000,OCO,31,ocon,haas,78.854000,46.000000,3.000000,,,22.280000,25.938000,30.636000,7473.485000,7499.423000,7530.059000,231.000000,277.000000,277.000000,315.000000,False,SOFT,16.000000,True,Haas F1 Team,7451.173000,,1,14.000000,False,,False,True
2026,5,Canadian Grand Prix,R,7609.772000,OCO,31,ocon,haas,79.745000,47.000000,3.000000,,,24.116000,24.931000,30.698000,7554.175000,7579.106000,7609.804000,230.000000,278.000000,280.000000,310.000000,False,SOFT,17.000000,True,Haas F1 Team,7530.027000,,1,14.000000,False,,False,True
2026,5,Canadian Grand Prix,R,7688.723000,OCO,31,ocon,haas,78.951000,48.000000,3.000000,,,22.073000,24.661000,32.217000,7631.877000,7656.538000,7688.755000,231.000000,274.000000,279.000000,287.000000,False,SOFT,18.000000,True,Haas F1 Team,7609.772000,,1,14.000000,False,,False,True
2026,5,Canadian Grand Prix,R,7766.037000,OCO,31,ocon,haas,77.314000,49.000000,3.000000,,,22.278000,24.663000,30.373000,7711.033000,7735.696000,7766.069000,235.000000,274.000000,275.000000,329.000000,False,SOFT,19.000000,True,Haas F1 Team,7688.723000,,1,14.000000,False,,False,True
2026,5,Canadian Grand Prix,R,7858.569000,OCO,31,ocon,haas,92.532000,50.000000,3.000000,,,22.355000,24.699000,45.478000,7788.424000,7813.123000,7858.601000,231.000000,273.000000,238.000000,229.000000,False,SOFT,20.000000,True,Haas F1 Team,7766.037000,,16,14.000000,False,,False,False
2026,5,Canadian Grand Prix,R,7957.149000,OCO,31,ocon,haas,98.580000,51.000000,3.000000,,,26.090000,33.194000,39.296000,7884.691000,7917.885000,7957.181000,175.000000,202.000000,295.000000,229.000000,False,SOFT,21.000000,True,Haas F1 Team,7858.569000,,671,14.000000,False,,False,False
2026,5,Canadian Grand Prix,R,8037.624000,OCO,31,ocon,haas,80.475000,52.000000,3.000000,,,22.759000,25.082000,32.634000,7979.940000,8005.022000,8037.656000,230.000000,270.000000,279.000000,246.000000,False,SOFT,22.000000,True,Haas F1 Team,7957.149000,,1,14.000000,False,,False,True
2026,5,Canadian Grand Prix,R,8115.964000,OCO,31,ocon,haas,78.340000,53.000000,3.000000,,,22.724000,24.944000,30.672000,8060.380000,8085.324000,8115.996000,232.000000,272.000000,265.000000,323.000000,False,SOFT,23.000000,True,Haas F1 Team,8037.624000,,1,14.000000,False,,False,True
2026,5,Canadian Grand Prix,R,8192.942000,OCO,31,ocon,haas,76.978000,54.000000,3.000000,,,22.248000,24.456000,30.274000,8138.244000,8162.700000,8192.974000,233.000000,278.000000,276.000000,313.000000,False,SOFT,24.000000,True,Haas F1 Team,8115.964000,,1,14.000000,False,,False,True
2026,5,Canadian Grand Prix,R,8271.326000,OCO,31,ocon,haas,78.384000,55.000000,3.000000,,,22.109000,25.677000,30.598000,8215.083000,8240.760000,8271.358000,233.000000,277.000000,284.000000,312.000000,False,SOFT,25.000000,True,Haas F1 Team,8192.942000,,1,14.000000,False,,False,True
2026,5,Canadian Grand Prix,R,8348.050000,OCO,31,ocon,haas,76.724000,56.000000,3.000000,,,21.914000,24.430000,30.380000,8293.272000,8317.702000,8348.082000,235.000000,276.000000,272.000000,312.000000,False,SOFT,26.000000,True,Haas F1 Team,8271.326000,,1,14.000000,False,,False,True
2026,5,Canadian Grand Prix,R,8424.962000,OCO,31,ocon,haas,76.912000,57.000000,3.000000,,,22.085000,24.480000,30.347000,8370.167000,8394.647000,8424.994000,232.000000,275.000000,281.000000,313.000000,False,SOFT,27.000000,True,Haas F1 Team,8348.050000,,1,14.000000,False,,False,True
2026,5,Canadian Grand Prix,R,8501.876000,OCO,31,ocon,haas,76.914000,58.000000,3.000000,,,22.189000,24.326000,30.399000,8447.183000,8471.509000,8501.908000,233.000000,274.000000,272.000000,310.000000,False,SOFT,28.000000,True,Haas F1 Team,8424.962000,,1,14.000000,False,,False,True
2026,5,Canadian Grand Prix,R,8578.758000,OCO,31,ocon,haas,76.882000,59.000000,3.000000,,,22.039000,24.542000,30.301000,8523.947000,8548.489000,8578.790000,234.000000,270.000000,276.000000,311.000000,False,SOFT,29.000000,True,Haas F1 Team,8501.876000,,12,14.000000,False,,False,True
2026,5,Canadian Grand Prix,R,8655.523000,OCO,31,ocon,haas,76.765000,60.000000,3.000000,,,21.961000,24.417000,30.387000,8600.751000,8625.168000,8655.555000,234.000000,277.000000,275.000000,297.000000,False,SOFT,30.000000,True,Haas F1 Team,8578.758000,,1,14.000000,False,,False,True
2026,5,Canadian Grand Prix,R,8733.039000,OCO,31,ocon,haas,77.516000,61.000000,3.000000,,,22.162000,24.547000,30.807000,8677.717000,8702.264000,8733.071000,233.000000,276.000000,274.000000,297.000000,False,SOFT,31.000000,True,Haas F1 Team,8655.523000,,1,14.000000,False,,False,True
2026,5,Canadian Grand Prix,R,8810.031000,OCO,31,ocon,haas,76.992000,62.000000,3.000000,,,22.084000,24.416000,30.492000,8755.155000,8779.571000,8810.063000,233.000000,276.000000,278.000000,296.000000,False,SOFT,32.000000,True,Haas F1 Team,8733.039000,,1,14.000000,False,,False,True
2026,5,Canadian Grand Prix,R,8886.867000,OCO,31,ocon,haas,76.836000,63.000000,3.000000,,,22.014000,24.342000,30.480000,8832.077000,8856.419000,8886.899000,234.000000,277.000000,279.000000,297.000000,False,SOFT,33.000000,True,Haas F1 Team,8810.031000,,1,14.000000,False,,False,True
2026,5,Canadian Grand Prix,R,8963.444000,OCO,31,ocon,haas,76.577000,64.000000,3.000000,,,21.845000,24.294000,30.438000,8908.744000,8933.038000,8963.476000,234.000000,275.000000,278.000000,297.000000,True,SOFT,34.000000,True,Haas F1 Team,8886.867000,,1,14.000000,False,,False,True
2026,5,Canadian Grand Prix,R,9040.183000,OCO,31,ocon,haas,76.739000,65.000000,3.000000,,,21.903000,24.265000,30.571000,8985.379000,9009.644000,9040.215000,233.000000,276.000000,277.000000,299.000000,False,SOFT,35.000000,True,Haas F1 Team,8963.444000,,1,14.000000,False,,False,True
2026,5,Canadian Grand Prix,R,9116.937000,OCO,31,ocon,haas,76.754000,66.000000,3.000000,,,21.955000,24.337000,30.462000,9062.170000,9086.507000,9116.969000,234.000000,277.000000,277.000000,298.000000,False,SOFT,36.000000,True,Haas F1 Team,9040.183000,,1,14.000000,False,,False,True
2026,5,Canadian Grand Prix,R,3845.219000,COL,43,colapinto,alpine,92.675000,1.000000,1.000000,,,,27.483000,32.879000,,3812.501000,3845.322000,226.000000,283.000000,258.000000,314.000000,False,MEDIUM,1.000000,True,Alpine,3752.281000,,1,8.000000,False,,False,False
2026,5,Canadian Grand Prix,R,3927.444000,COL,43,colapinto,alpine,82.225000,2.000000,1.000000,,,23.826000,25.970000,32.429000,3869.086000,3895.056000,3927.485000,242.000000,280.000000,273.000000,310.000000,True,MEDIUM,2.000000,True,Alpine,3845.219000,,1,7.000000,False,,False,True
2026,5,Canadian Grand Prix,R,4008.438000,COL,43,colapinto,alpine,80.994000,3.000000,1.000000,,,23.190000,25.815000,31.989000,3950.675000,3976.490000,4008.479000,236.000000,276.000000,277.000000,305.000000,True,MEDIUM,3.000000,True,Alpine,3927.444000,,1,7.000000,False,,False,True
2026,5,Canadian Grand Prix,R,4088.481000,COL,43,colapinto,alpine,80.043000,4.000000,1.000000,,,22.953000,25.314000,31.776000,4031.432000,4056.746000,4088.522000,234.000000,290.000000,269.000000,300.000000,True,MEDIUM,4.000000,True,Alpine,4008.438000,,1,7.000000,False,,False,True
2026,5,Canadian Grand Prix,R,4167.457000,COL,43,colapinto,alpine,78.976000,5.000000,1.000000,,,22.671000,25.045000,31.260000,4111.193000,4136.238000,4167.498000,236.000000,278.000000,279.000000,306.000000,True,MEDIUM,5.000000,True,Alpine,4088.481000,,1,7.000000,False,,False,True
2026,5,Canadian Grand Prix,R,4246.322000,COL,43,colapinto,alpine,78.865000,6.000000,1.000000,,,22.613000,25.009000,31.243000,4190.111000,4215.120000,4246.363000,236.000000,279.000000,277.000000,306.000000,True,MEDIUM,6.000000,True,Alpine,4167.457000,,1,7.000000,False,,False,True
2026,5,Canadian Grand Prix,R,4324.865000,COL,43,colapinto,alpine,78.543000,7.000000,1.000000,,,22.498000,24.957000,31.088000,4268.861000,4293.818000,4324.906000,236.000000,277.000000,281.000000,306.000000,True,MEDIUM,7.000000,True,Alpine,4246.322000,,1,7.000000,False,,False,True
2026,5,Canadian Grand Prix,R,4403.152000,COL,43,colapinto,alpine,78.287000,8.000000,1.000000,,,22.413000,24.901000,30.973000,4347.319000,4372.220000,4403.193000,231.000000,278.000000,277.000000,306.000000,True,MEDIUM,8.000000,True,Alpine,4324.865000,,1,7.000000,False,,False,True
2026,5,Canadian Grand Prix,R,4481.460000,COL,43,colapinto,alpine,78.308000,9.000000,1.000000,,,22.408000,24.881000,31.019000,4425.601000,4450.482000,4481.501000,229.000000,279.000000,277.000000,304.000000,False,MEDIUM,9.000000,True,Alpine,4403.152000,,1,7.000000,False,,False,True
2026,5,Canadian Grand Prix,R,4559.464000,COL,43,colapinto,alpine,78.004000,10.000000,1.000000,,,22.271000,24.855000,30.878000,4503.772000,4528.627000,4559.505000,234.000000,276.000000,275.000000,304.000000,True,MEDIUM,10.000000,True,Alpine,4481.460000,,1,7.000000,False,,False,True
2026,5,Canadian Grand Prix,R,4637.681000,COL,43,colapinto,alpine,78.217000,11.000000,1.000000,,,22.214000,25.008000,30.995000,4581.719000,4606.727000,4637.722000,230.000000,276.000000,278.000000,304.000000,False,MEDIUM,11.000000,True,Alpine,4559.464000,,1,7.000000,False,,False,True
2026,5,Canadian Grand Prix,R,4715.383000,COL,43,colapinto,alpine,77.702000,12.000000,1.000000,,,22.181000,24.653000,30.868000,4659.903000,4684.556000,4715.424000,233.000000,277.000000,278.000000,304.000000,True,MEDIUM,12.000000,True,Alpine,4637.681000,,12,7.000000,False,,False,True
2026,5,Canadian Grand Prix,R,4793.712000,COL,43,colapinto,alpine,78.329000,13.000000,1.000000,,,22.040000,24.896000,31.393000,4737.464000,4762.360000,4793.753000,238.000000,263.000000,272.000000,305.000000,False,MEDIUM,13.000000,True,Alpine,4715.383000,,2,7.000000,False,,False,True
2026,5,Canadian Grand Prix,R,4871.540000,COL,43,colapinto,alpine,77.828000,14.000000,1.000000,,,22.155000,24.704000,30.969000,4815.908000,4840.612000,4871.581000,237.000000,277.000000,279.000000,303.000000,False,MEDIUM,14.000000,True,Alpine,4793.712000,,21,7.000000,False,,False,True
2026,5,Canadian Grand Prix,R,4949.022000,COL,43,colapinto,alpine,77.482000,15.000000,1.000000,,,21.944000,24.653000,30.885000,4893.525000,4918.178000,4949.063000,238.000000,280.000000,272.000000,303.000000,True,MEDIUM,15.000000,True,Alpine,4871.540000,,1,7.000000,False,,False,True
2026,5,Canadian Grand Prix,R,5026.314000,COL,43,colapinto,alpine,77.292000,16.000000,1.000000,,,22.015000,24.584000,30.693000,4971.078000,4995.662000,5026.355000,239.000000,278.000000,277.000000,304.000000,True,MEDIUM,16.000000,True,Alpine,4949.022000,,1,7.000000,False,,False,True
2026,5,Canadian Grand Prix,R,5103.452000,COL,43,colapinto,alpine,77.138000,17.000000,1.000000,,,21.880000,24.576000,30.682000,5048.235000,5072.811000,5103.493000,238.000000,279.000000,275.000000,306.000000,True,MEDIUM,17.000000,True,Alpine,5026.314000,,1,7.000000,False,,False,True
2026,5,Canadian Grand Prix,R,5180.467000,COL,43,colapinto,alpine,77.015000,18.000000,1.000000,,,21.947000,24.596000,30.472000,5125.440000,5150.036000,5180.508000,240.000000,281.000000,274.000000,317.000000,True,MEDIUM,18.000000,True,Alpine,5103.452000,,1,7.000000,False,,False,True
2026,5,Canadian Grand Prix,R,5257.831000,COL,43,colapinto,alpine,77.364000,19.000000,1.000000,,,21.968000,24.545000,30.851000,5202.476000,5227.021000,5257.872000,240.000000,272.000000,273.000000,305.000000,False,MEDIUM,19.000000,True,Alpine,5180.467000,,12,7.000000,False,,False,True
2026,5,Canadian Grand Prix,R,5334.849000,COL,43,colapinto,alpine,77.018000,20.000000,1.000000,,,22.057000,24.505000,30.456000,5279.929000,5304.434000,5334.890000,239.000000,280.000000,281.000000,308.000000,False,MEDIUM,20.000000,True,Alpine,5257.831000,,1,7.000000,False,,False,True
2026,5,Canadian Grand Prix,R,5411.712000,COL,43,colapinto,alpine,76.863000,21.000000,1.000000,,,21.912000,24.387000,30.564000,5356.802000,5381.189000,5411.753000,239.000000,282.000000,282.000000,311.000000,True,MEDIUM,21.000000,True,Alpine,5334.849000,,1,7.000000,False,,False,True
2026,5,Canadian Grand Prix,R,5488.847000,COL,43,colapinto,alpine,77.135000,22.000000,1.000000,,,22.083000,24.539000,30.513000,5433.836000,5458.375000,5488.888000,239.000000,281.000000,267.000000,311.000000,False,MEDIUM,22.000000,True,Alpine,5411.712000,,1,7.000000,False,,False,True
2026,5,Canadian Grand Prix,R,5565.918000,COL,43,colapinto,alpine,77.071000,23.000000,1.000000,,,22.049000,24.369000,30.653000,5510.937000,5535.306000,5565.959000,241.000000,280.000000,271.000000,307.000000,False,MEDIUM,23.000000,True,Alpine,5488.847000,,1,7.000000,False,,False,True
2026,5,Canadian Grand Prix,R,5642.746000,COL,43,colapinto,alpine,76.828000,24.000000,1.000000,,,22.003000,24.362000,30.463000,5587.962000,5612.324000,5642.787000,241.000000,285.000000,279.000000,315.000000,True,MEDIUM,24.000000,True,Alpine,5565.918000,,1,7.000000,False,,False,True
2026,5,Canadian Grand Prix,R,5719.832000,COL,43,colapinto,alpine,77.086000,25.000000,1.000000,,,21.991000,24.396000,30.699000,5664.778000,5689.174000,5719.873000,241.000000,281.000000,273.000000,308.000000,False,MEDIUM,25.000000,True,Alpine,5642.746000,,1,7.000000,False,,False,True
2026,5,Canadian Grand Prix,R,5796.934000,COL,43,colapinto,alpine,77.102000,26.000000,1.000000,,,21.973000,24.498000,30.631000,5741.846000,5766.344000,5796.975000,238.000000,282.000000,269.000000,305.000000,False,MEDIUM,26.000000,True,Alpine,5719.832000,,1,7.000000,False,,False,True
2026,5,Canadian Grand Prix,R,5874.408000,COL,43,colapinto,alpine,77.474000,27.000000,1.000000,,,22.032000,24.535000,30.907000,5819.007000,5843.542000,5874.449000,240.000000,273.000000,277.000000,306.000000,False,MEDIUM,27.000000,True,Alpine,5796.934000,,1,7.000000,False,,False,True
2026,5,Canadian Grand Prix,R,5951.473000,COL,43,colapinto,alpine,77.065000,28.000000,1.000000,,,21.923000,24.487000,30.655000,5896.372000,5920.859000,5951.514000,240.000000,279.000000,279.000000,306.000000,False,MEDIUM,28.000000,True,Alpine,5874.408000,,1,7.000000,False,,False,True
2026,5,Canadian Grand Prix,R,6028.178000,COL,43,colapinto,alpine,76.705000,29.000000,1.000000,,,21.872000,24.451000,30.382000,5973.386000,5997.837000,6028.219000,241.000000,283.000000,279.000000,314.000000,True,MEDIUM,29.000000,True,Alpine,5951.473000,,1,7.000000,False,,False,True
2026,5,Canadian Grand Prix,R,6137.125000,COL,43,colapinto,alpine,108.947000,30.000000,1.000000,,6113.114000,22.022000,29.909000,57.016000,6050.241000,6080.150000,6137.166000,242.000000,174.000000,,215.000000,False,MEDIUM,30.000000,True,Alpine,6028.178000,,126,6.000000,False,,False,False
2026,5,Canadian Grand Prix,R,6242.462000,COL,43,colapinto,alpine,105.337000,31.000000,2.000000,6138.680000,,33.220000,33.116000,39.001000,6170.386000,6203.502000,6242.503000,211.000000,225.000000,187.000000,209.000000,False,HARD,1.000000,True,Alpine,6137.125000,,6,6.000000,False,,False,False
2026,5,Canadian Grand Prix,R,6328.975000,COL,43,colapinto,alpine,86.513000,32.000000,2.000000,,,28.593000,26.384000,31.536000,6271.096000,6297.480000,6329.016000,217.000000,290.000000,278.000000,301.000000,False,HARD,2.000000,True,Alpine,6242.462000,,671,6.000000,False,,False,False
2026,5,Canadian Grand Prix,R,6407.772000,COL,43,colapinto,alpine,78.797000,33.000000,2.000000,,,22.525000,24.978000,31.294000,6351.541000,6376.519000,6407.813000,243.000000,278.000000,277.000000,303.000000,False,HARD,3.000000,True,Alpine,6328.975000,,1,6.000000,False,,False,True
2026,5,Canadian Grand Prix,R,6485.594000,COL,43,colapinto,alpine,77.822000,34.000000,2.000000,,,22.232000,24.673000,30.917000,6430.045000,6454.718000,6485.635000,242.000000,280.000000,275.000000,304.000000,False,HARD,4.000000,True,Alpine,6407.772000,,1,6.000000,False,,False,True
2026,5,Canadian Grand Prix,R,6562.929000,COL,43,colapinto,alpine,77.335000,35.000000,2.000000,,,22.170000,24.423000,30.742000,6507.805000,6532.228000,6562.970000,241.000000,278.000000,273.000000,300.000000,False,HARD,5.000000,True,Alpine,6485.594000,,1,6.000000,False,,False,True
2026,5,Canadian Grand Prix,R,6640.168000,COL,43,colapinto,alpine,77.239000,36.000000,2.000000,,,21.944000,24.452000,30.843000,6584.914000,6609.366000,6640.209000,240.000000,281.000000,278.000000,301.000000,False,HARD,6.000000,True,Alpine,6562.929000,,1,6.000000,False,,False,True
2026,5,Canadian Grand Prix,R,6716.840000,COL,43,colapinto,alpine,76.672000,37.000000,2.000000,,,21.871000,24.259000,30.542000,6662.080000,6686.339000,6716.881000,241.000000,280.000000,270.000000,304.000000,True,HARD,7.000000,True,Alpine,6640.168000,,1,6.000000,False,,False,True
2026,5,Canadian Grand Prix,R,6793.386000,COL,43,colapinto,alpine,76.546000,38.000000,2.000000,,,21.847000,24.279000,30.420000,6738.728000,6763.007000,6793.427000,242.000000,281.000000,284.000000,307.000000,True,HARD,8.000000,True,Alpine,6716.840000,,1,6.000000,False,,False,True
2026,5,Canadian Grand Prix,R,6870.065000,COL,43,colapinto,alpine,76.679000,39.000000,2.000000,,,21.735000,24.324000,30.620000,6815.162000,6839.486000,6870.106000,243.000000,278.000000,277.000000,299.000000,False,HARD,9.000000,True,Alpine,6793.386000,,12,6.000000,False,,False,True
2026,5,Canadian Grand Prix,R,6946.944000,COL,43,colapinto,alpine,76.879000,40.000000,2.000000,,,21.827000,24.439000,30.613000,6891.933000,6916.372000,6946.985000,242.000000,279.000000,273.000000,303.000000,False,HARD,10.000000,True,Alpine,6870.065000,,1,6.000000,False,,False,True
2026,5,Canadian Grand Prix,R,7023.734000,COL,43,colapinto,alpine,76.790000,41.000000,2.000000,,,21.867000,24.317000,30.606000,6968.852000,6993.169000,7023.775000,241.000000,280.000000,275.000000,299.000000,False,HARD,11.000000,True,Alpine,6946.944000,,1,6.000000,False,,False,True
2026,5,Canadian Grand Prix,R,7100.352000,COL,43,colapinto,alpine,76.618000,42.000000,2.000000,,,21.763000,24.269000,30.586000,7045.538000,7069.807000,7100.393000,243.000000,280.000000,272.000000,299.000000,False,HARD,12.000000,True,Alpine,7023.734000,,1,6.000000,False,,False,True
2026,5,Canadian Grand Prix,R,7177.278000,COL,43,colapinto,alpine,76.926000,43.000000,2.000000,,,21.829000,24.289000,30.808000,7122.222000,7146.511000,7177.319000,242.000000,281.000000,274.000000,300.000000,False,HARD,13.000000,True,Alpine,7100.352000,,1,6.000000,False,,False,True
2026,5,Canadian Grand Prix,R,7253.527000,COL,43,colapinto,alpine,76.249000,44.000000,2.000000,,,21.603000,24.022000,30.624000,7198.922000,7222.944000,7253.568000,242.000000,280.000000,267.000000,299.000000,True,HARD,14.000000,True,Alpine,7177.278000,,1,6.000000,False,,False,True
2026,5,Canadian Grand Prix,R,7343.850000,COL,43,colapinto,alpine,90.323000,45.000000,2.000000,,,21.517000,27.498000,41.308000,7275.085000,7302.583000,7343.891000,244.000000,176.000000,208.000000,192.000000,False,HARD,15.000000,True,Alpine,7253.527000,,167,6.000000,False,,False,False
2026,5,Canadian Grand Prix,R,7423.447000,COL,43,colapinto,alpine,79.597000,46.000000,2.000000,,,24.339000,24.646000,30.612000,7368.230000,7392.876000,7423.488000,245.000000,282.000000,271.000000,306.000000,False,HARD,16.000000,True,Alpine,7343.850000,,71,6.000000,False,,False,False
2026,5,Canadian Grand Prix,R,7500.068000,COL,43,colapinto,alpine,76.621000,47.000000,2.000000,,,21.699000,24.169000,30.753000,7445.187000,7469.356000,7500.109000,243.000000,281.000000,270.000000,301.000000,False,HARD,17.000000,True,Alpine,7423.447000,,1,6.000000,False,,False,True
2026,5,Canadian Grand Prix,R,7576.678000,COL,43,colapinto,alpine,76.610000,48.000000,2.000000,,,21.682000,24.165000,30.763000,7521.791000,7545.956000,7576.719000,244.000000,283.000000,282.000000,305.000000,False,HARD,18.000000,True,Alpine,7500.068000,,1,6.000000,False,,False,True
2026,5,Canadian Grand Prix,R,7653.215000,COL,43,colapinto,alpine,76.537000,49.000000,2.000000,,,21.720000,24.150000,30.667000,7598.439000,7622.589000,7653.256000,243.000000,278.000000,275.000000,300.000000,False,HARD,19.000000,True,Alpine,7576.678000,,1,6.000000,False,,False,True
2026,5,Canadian Grand Prix,R,7729.525000,COL,43,colapinto,alpine,76.310000,50.000000,2.000000,,,21.574000,24.123000,30.613000,7674.830000,7698.953000,7729.566000,243.000000,281.000000,267.000000,300.000000,False,HARD,20.000000,True,Alpine,7653.215000,,1,6.000000,False,,False,True
2026,5,Canadian Grand Prix,R,7805.778000,COL,43,colapinto,alpine,76.253000,51.000000,2.000000,,,21.738000,24.024000,30.491000,7751.304000,7775.328000,7805.819000,244.000000,280.000000,276.000000,302.000000,False,HARD,21.000000,True,Alpine,7729.525000,,1,6.000000,False,,False,True
2026,5,Canadian Grand Prix,R,7908.722000,COL,43,colapinto,alpine,102.944000,52.000000,2.000000,,,28.269000,32.218000,42.457000,7834.088000,7866.306000,7908.763000,173.000000,200.000000,190.000000,213.000000,False,HARD,22.000000,True,Alpine,7805.778000,,16,6.000000,False,,False,False
2026,5,Canadian Grand Prix,R,7996.088000,COL,43,colapinto,alpine,87.366000,53.000000,2.000000,,,28.857000,27.044000,31.465000,7937.620000,7964.664000,7996.129000,189.000000,292.000000,284.000000,293.000000,False,HARD,23.000000,True,Alpine,7908.722000,,671,6.000000,False,,False,False
2026,5,Canadian Grand Prix,R,8073.765000,COL,43,colapinto,alpine,77.677000,54.000000,2.000000,,,22.286000,24.539000,30.852000,8018.415000,8042.954000,8073.806000,243.000000,284.000000,284.000000,308.000000,False,HARD,24.000000,True,Alpine,7996.088000,,1,6.000000,False,,False,True
2026,5,Canadian Grand Prix,R,8150.574000,COL,43,colapinto,alpine,76.809000,55.000000,2.000000,,,21.884000,24.314000,30.611000,8095.690000,8120.004000,8150.615000,243.000000,279.000000,279.000000,305.000000,False,HARD,25.000000,True,Alpine,8073.765000,,1,6.000000,False,,False,True
2026,5,Canadian Grand Prix,R,8228.504000,COL,43,colapinto,alpine,77.930000,56.000000,2.000000,,,21.950000,25.610000,30.370000,8172.565000,8198.175000,8228.545000,205.000000,286.000000,279.000000,312.000000,False,HARD,26.000000,True,Alpine,8150.574000,,1,6.000000,False,,False,True
2026,5,Canadian Grand Prix,R,8305.015000,COL,43,colapinto,alpine,76.511000,57.000000,2.000000,,,21.686000,24.192000,30.633000,8250.231000,8274.423000,8305.056000,244.000000,283.000000,277.000000,304.000000,False,HARD,27.000000,True,Alpine,8228.504000,,1,6.000000,False,,False,True
2026,5,Canadian Grand Prix,R,8381.383000,COL,43,colapinto,alpine,76.368000,58.000000,2.000000,,,21.602000,24.200000,30.566000,8326.658000,8350.858000,8381.424000,245.000000,281.000000,274.000000,305.000000,False,HARD,28.000000,True,Alpine,8305.015000,,1,6.000000,False,,False,True
2026,5,Canadian Grand Prix,R,8457.470000,COL,43,colapinto,alpine,76.087000,59.000000,2.000000,,,21.667000,24.072000,30.348000,8403.091000,8427.163000,8457.511000,246.000000,275.000000,278.000000,305.000000,True,HARD,29.000000,True,Alpine,8381.383000,,1,6.000000,False,,False,True
2026,5,Canadian Grand Prix,R,8533.660000,COL,43,colapinto,alpine,76.190000,60.000000,2.000000,,,21.543000,24.066000,30.581000,8479.054000,8503.120000,8533.701000,246.000000,284.000000,275.000000,305.000000,False,HARD,30.000000,True,Alpine,8457.470000,,12,6.000000,False,,False,True
2026,5,Canadian Grand Prix,R,8612.133000,COL,43,colapinto,alpine,78.473000,61.000000,2.000000,,,24.029000,24.288000,30.156000,8557.730000,8582.018000,8612.174000,249.000000,290.000000,285.000000,315.000000,False,HARD,31.000000,True,Alpine,8533.660000,,1,6.000000,False,,False,True
2026,5,Canadian Grand Prix,R,8687.898000,COL,43,colapinto,alpine,75.765000,62.000000,2.000000,,,21.567000,24.001000,30.197000,8633.741000,8657.742000,8687.939000,245.000000,287.000000,280.000000,314.000000,True,HARD,32.000000,True,Alpine,8612.133000,,1,6.000000,False,,False,True
2026,5,Canadian Grand Prix,R,8764.184000,COL,43,colapinto,alpine,76.286000,63.000000,2.000000,,,21.693000,24.202000,30.391000,8709.632000,8733.834000,8764.225000,243.000000,280.000000,280.000000,308.000000,False,HARD,33.000000,True,Alpine,8687.898000,,1,6.000000,False,,False,True
2026,5,Canadian Grand Prix,R,8840.229000,COL,43,colapinto,alpine,76.045000,64.000000,2.000000,,,21.577000,24.086000,30.382000,8785.802000,8809.888000,8840.270000,245.000000,284.000000,277.000000,305.000000,False,HARD,34.000000,True,Alpine,8764.184000,,1,6.000000,False,,False,True
2026,5,Canadian Grand Prix,R,8916.209000,COL,43,colapinto,alpine,75.980000,65.000000,2.000000,,,21.521000,24.107000,30.352000,8861.791000,8885.898000,8916.250000,246.000000,277.000000,283.000000,306.000000,False,HARD,35.000000,True,Alpine,8840.229000,,1,6.000000,False,,False,True
2026,5,Canadian Grand Prix,R,8992.350000,COL,43,colapinto,alpine,76.141000,66.000000,2.000000,,,21.614000,24.127000,30.400000,8937.864000,8961.991000,8992.391000,246.000000,281.000000,283.000000,309.000000,False,HARD,36.000000,True,Alpine,8916.209000,,1,6.000000,False,,False,True
2026,5,Canadian Grand Prix,R,9067.812000,COL,43,colapinto,alpine,75.462000,67.000000,2.000000,,,21.489000,23.970000,30.003000,9013.880000,9037.850000,9067.853000,247.000000,285.000000,290.000000,330.000000,True,HARD,37.000000,True,Alpine,8992.350000,,1,6.000000,False,,False,True
2026,5,Canadian Grand Prix,R,3841.066000,HAM,44,hamilton,ferrari,88.522000,1.000000,1.000000,,,,26.605000,31.751000,,3809.531000,3841.275000,227.000000,294.000000,289.000000,319.000000,False,SOFT,4.000000,False,Ferrari,3752.281000,,1,4.000000,False,,False,False
2026,5,Canadian Grand Prix,R,3921.736000,HAM,44,hamilton,ferrari,80.670000,2.000000,1.000000,,,23.569000,25.550000,31.551000,3864.663000,3890.213000,3921.764000,233.000000,280.000000,287.000000,328.000000,True,SOFT,5.000000,False,Ferrari,3841.066000,,1,3.000000,False,,False,True
2026,5,Canadian Grand Prix,R,4001.444000,HAM,44,hamilton,ferrari,79.708000,3.000000,1.000000,,,23.770000,25.036000,30.902000,3945.534000,3970.570000,4001.472000,229.000000,278.000000,281.000000,322.000000,True,SOFT,6.000000,False,Ferrari,3921.736000,,1,3.000000,False,,False,True
2026,5,Canadian Grand Prix,R,4079.437000,HAM,44,hamilton,ferrari,77.993000,4.000000,1.000000,,,22.768000,24.704000,30.521000,4024.240000,4048.944000,4079.465000,231.000000,280.000000,268.000000,337.000000,True,SOFT,7.000000,False,Ferrari,4001.444000,,1,3.000000,False,,False,True
2026,5,Canadian Grand Prix,R,4156.892000,HAM,44,hamilton,ferrari,77.455000,5.000000,1.000000,,,22.407000,24.493000,30.555000,4101.872000,4126.365000,4156.920000,232.000000,279.000000,266.000000,328.000000,True,SOFT,8.000000,False,Ferrari,4079.437000,,1,3.000000,False,,False,True
2026,5,Canadian Grand Prix,R,4233.906000,HAM,44,hamilton,ferrari,77.014000,6.000000,1.000000,,,22.235000,24.273000,30.506000,4179.155000,4203.428000,4233.934000,232.000000,277.000000,280.000000,313.000000,True,SOFT,9.000000,False,Ferrari,4156.892000,,1,3.000000,False,,False,True
2026,5,Canadian Grand Prix,R,4310.888000,HAM,44,hamilton,ferrari,76.982000,7.000000,1.000000,,,22.206000,24.366000,30.410000,4256.140000,4280.506000,4310.916000,233.000000,280.000000,265.000000,328.000000,True,SOFT,10.000000,False,Ferrari,4233.906000,,1,3.000000,False,,False,True
2026,5,Canadian Grand Prix,R,4387.549000,HAM,44,hamilton,ferrari,76.661000,8.000000,1.000000,,,22.125000,24.331000,30.205000,4333.041000,4357.372000,4387.577000,233.000000,278.000000,266.000000,331.000000,True,SOFT,11.000000,False,Ferrari,4310.888000,,1,3.000000,False,,False,True
2026,5,Canadian Grand Prix,R,4465.469000,HAM,44,hamilton,ferrari,77.920000,9.000000,1.000000,,,22.974000,24.507000,30.439000,4410.551000,4435.058000,4465.497000,232.000000,278.000000,276.000000,314.000000,False,SOFT,12.000000,False,Ferrari,4387.549000,,1,4.000000,False,,False,True
2026,5,Canadian Grand Prix,R,4541.889000,HAM,44,hamilton,ferrari,76.420000,10.000000,1.000000,,,21.941000,24.294000,30.185000,4487.438000,4511.732000,4541.917000,234.000000,280.000000,283.000000,320.000000,True,SOFT,13.000000,False,Ferrari,4465.469000,,1,4.000000,False,,False,True
2026,5,Canadian Grand Prix,R,4618.352000,HAM,44,hamilton,ferrari,76.463000,11.000000,1.000000,,,21.959000,24.183000,30.321000,4563.876000,4588.059000,4618.380000,234.000000,279.000000,280.000000,318.000000,False,SOFT,14.000000,False,Ferrari,4541.889000,,1,4.000000,False,,False,True
2026,5,Canadian Grand Prix,R,4694.579000,HAM,44,hamilton,ferrari,76.227000,12.000000,1.000000,,,21.819000,24.342000,30.066000,4640.199000,4664.541000,4694.607000,235.000000,279.000000,283.000000,320.000000,True,SOFT,15.000000,False,Ferrari,4618.352000,,1,4.000000,False,,False,True
2026,5,Canadian Grand Prix,R,4771.061000,HAM,44,hamilton,ferrari,76.482000,13.000000,1.000000,,,21.801000,24.281000,30.400000,4716.408000,4740.689000,4771.089000,234.000000,276.000000,283.000000,321.000000,False,SOFT,16.000000,False,Ferrari,4694.579000,,12,4.000000,False,,False,True
2026,5,Canadian Grand Prix,R,4847.459000,HAM,44,hamilton,ferrari,76.398000,14.000000,1.000000,,,21.867000,24.254000,30.277000,4792.956000,4817.210000,4847.487000,235.000000,271.000000,285.000000,323.000000,False,SOFT,17.000000,False,Ferrari,4771.061000,,21,4.000000,False,,False,True
2026,5,Canadian Grand Prix,R,4923.718000,HAM,44,hamilton,ferrari,76.259000,15.000000,1.000000,,,21.878000,24.358000,30.023000,4869.365000,4893.723000,4923.746000,234.000000,280.000000,284.000000,325.000000,False,SOFT,18.000000,False,Ferrari,4847.459000,,1,4.000000,False,,False,True
2026,5,Canadian Grand Prix,R,4999.725000,HAM,44,hamilton,ferrari,76.007000,16.000000,1.000000,,,21.815000,24.220000,29.972000,4945.561000,4969.781000,4999.753000,235.000000,282.000000,285.000000,323.000000,True,SOFT,19.000000,False,Ferrari,4923.718000,,1,4.000000,False,,False,True
2026,5,Canadian Grand Prix,R,5075.793000,HAM,44,hamilton,ferrari,76.068000,17.000000,1.000000,,,21.867000,24.223000,29.978000,5021.620000,5045.843000,5075.821000,235.000000,280.000000,285.000000,322.000000,False,SOFT,20.000000,False,Ferrari,4999.725000,,1,4.000000,False,,False,True
2026,5,Canadian Grand Prix,R,5151.964000,HAM,44,hamilton,ferrari,76.171000,18.000000,1.000000,,,21.945000,24.274000,29.952000,5097.766000,5122.040000,5151.992000,233.000000,280.000000,285.000000,320.000000,False,SOFT,21.000000,False,Ferrari,5075.793000,,1,4.000000,False,,False,True
2026,5,Canadian Grand Prix,R,5228.028000,HAM,44,hamilton,ferrari,76.064000,19.000000,1.000000,,,21.899000,24.269000,29.896000,5173.891000,5198.160000,5228.056000,233.000000,280.000000,286.000000,321.000000,False,SOFT,22.000000,False,Ferrari,5151.964000,,12,4.000000,False,,False,True
2026,5,Canadian Grand Prix,R,5303.989000,HAM,44,hamilton,ferrari,75.961000,20.000000,1.000000,,,21.848000,24.161000,29.952000,5249.904000,5274.065000,5304.017000,235.000000,282.000000,301.000000,322.000000,True,SOFT,23.000000,False,Ferrari,5228.028000,,1,4.000000,False,,False,True
2026,5,Canadian Grand Prix,R,5380.842000,HAM,44,hamilton,ferrari,76.853000,21.000000,1.000000,,,22.132000,24.400000,30.321000,5326.149000,5350.549000,5380.870000,235.000000,278.000000,301.000000,320.000000,False,SOFT,24.000000,False,Ferrari,5303.989000,,1,4.000000,False,,False,True
2026,5,Canadian Grand Prix,R,5461.041000,HAM,44,hamilton,ferrari,80.199000,22.000000,1.000000,,,21.893000,27.568000,30.738000,5402.763000,5430.331000,5461.069000,235.000000,255.000000,281.000000,311.000000,False,SOFT,25.000000,False,Ferrari,5380.842000,,1,4.000000,True,TRACK LIMITS AT TURN 8 LAP 22 ,False,True
2026,5,Canadian Grand Prix,R,5537.525000,HAM,44,hamilton,ferrari,76.484000,23.000000,1.000000,,,21.798000,24.307000,30.379000,5482.867000,5507.174000,5537.553000,234.000000,273.000000,276.000000,302.000000,False,SOFT,26.000000,False,Ferrari,5461.041000,,1,4.000000,False,,False,True
2026,5,Canadian Grand Prix,R,5614.028000,HAM,44,hamilton,ferrari,76.503000,24.000000,1.000000,,,21.845000,24.287000,30.371000,5559.398000,5583.685000,5614.056000,234.000000,273.000000,276.000000,305.000000,False,SOFT,27.000000,False,Ferrari,5537.525000,,1,4.000000,False,,False,True
2026,5,Canadian Grand Prix,R,5690.432000,HAM,44,hamilton,ferrari,76.404000,25.000000,1.000000,,,21.737000,24.326000,30.341000,5635.793000,5660.119000,5690.460000,235.000000,277.000000,273.000000,304.000000,False,SOFT,28.000000,False,Ferrari,5614.028000,,1,4.000000,False,,False,True
2026,5,Canadian Grand Prix,R,5766.865000,HAM,44,hamilton,ferrari,76.433000,26.000000,1.000000,,,21.763000,24.321000,30.349000,5712.223000,5736.544000,5766.893000,234.000000,276.000000,274.000000,301.000000,False,SOFT,29.000000,False,Ferrari,5690.432000,,1,4.000000,False,,False,True
2026,5,Canadian Grand Prix,R,5843.280000,HAM,44,hamilton,ferrari,76.415000,27.000000,1.000000,,,21.788000,24.360000,30.267000,5788.681000,5813.041000,5843.308000,234.000000,276.000000,278.000000,302.000000,False,SOFT,30.000000,False,Ferrari,5766.865000,,1,4.000000,False,,False,True
2026,5,Canadian Grand Prix,R,5919.460000,HAM,44,hamilton,ferrari,76.180000,28.000000,1.000000,,,21.693000,24.215000,30.272000,5865.001000,5889.216000,5919.488000,235.000000,276.000000,274.000000,302.000000,False,SOFT,31.000000,False,Ferrari,5843.280000,,1,4.000000,False,,False,True
2026,5,Canadian Grand Prix,R,5995.834000,HAM,44,hamilton,ferrari,76.374000,29.000000,1.000000,,,21.750000,24.272000,30.352000,5941.238000,5965.510000,5995.862000,235.000000,274.000000,275.000000,302.000000,False,SOFT,32.000000,False,Ferrari,5919.460000,,1,4.000000,False,,False,True
2026,5,Canadian Grand Prix,R,6074.807000,HAM,44,hamilton,ferrari,78.973000,30.000000,1.000000,,,21.868000,25.284000,31.821000,6017.730000,6043.014000,6074.835000,235.000000,262.000000,110.000000,304.000000,False,SOFT,33.000000,False,Ferrari,5995.834000,,126,3.000000,False,,False,False
2026,5,Canadian Grand Prix,R,6197.761000,HAM,44,hamilton,ferrari,122.954000,31.000000,1.000000,,6173.424000,31.103000,37.431000,54.420000,6105.938000,6143.369000,6197.789000,172.000000,125.000000,,245.000000,False,SOFT,34.000000,False,Ferrari,6074.807000,,6,3.000000,False,,False,False
2026,5,Canadian Grand Prix,R,6294.172000,HAM,44,hamilton,ferrari,96.411000,32.000000,2.000000,6199.361000,,29.796000,33.799000,32.816000,6227.585000,6261.384000,6294.200000,220.000000,196.000000,280.000000,304.000000,False,MEDIUM,1.000000,True,Ferrari,6197.761000,,671,3.000000,False,,False,False
2026,5,Canadian Grand Prix,R,6372.147000,HAM,44,hamilton,ferrari,77.975000,33.000000,2.000000,,,22.557000,24.865000,30.553000,6316.757000,6341.622000,6372.175000,231.000000,276.000000,282.000000,305.000000,False,MEDIUM,2.000000,True,Ferrari,6294.172000,,1,3.000000,False,,False,True
2026,5,Canadian Grand Prix,R,6448.645000,HAM,44,hamilton,ferrari,76.498000,34.000000,2.000000,,,21.834000,24.420000,30.244000,6394.009000,6418.429000,6448.673000,233.000000,277.000000,280.000000,304.000000,False,MEDIUM,3.000000,True,Ferrari,6372.147000,,1,3.000000,False,,False,True
2026,5,Canadian Grand Prix,R,6524.417000,HAM,44,hamilton,ferrari,75.772000,35.000000,2.000000,,,21.656000,24.047000,30.069000,6470.329000,6494.376000,6524.445000,236.000000,277.000000,280.000000,304.000000,True,MEDIUM,4.000000,True,Ferrari,6448.645000,,1,3.000000,False,,False,True
2026,5,Canadian Grand Prix,R,6600.067000,HAM,44,hamilton,ferrari,75.650000,36.000000,2.000000,,,21.589000,23.879000,30.182000,6546.034000,6569.913000,6600.095000,236.000000,281.000000,277.000000,310.000000,True,MEDIUM,5.000000,True,Ferrari,6524.417000,,1,3.000000,False,,False,True
2026,5,Canadian Grand Prix,R,6675.352000,HAM,44,hamilton,ferrari,75.285000,37.000000,2.000000,,,21.511000,23.908000,29.866000,6621.606000,6645.514000,6675.380000,238.000000,282.000000,284.000000,311.000000,True,MEDIUM,6.000000,True,Ferrari,6600.067000,,1,3.000000,False,,False,True
2026,5,Canadian Grand Prix,R,6750.905000,HAM,44,hamilton,ferrari,75.553000,38.000000,2.000000,,,21.713000,23.928000,29.912000,6697.093000,6721.021000,6750.933000,234.000000,278.000000,280.000000,311.000000,False,MEDIUM,7.000000,True,Ferrari,6675.352000,,1,3.000000,False,,False,True
2026,5,Canadian Grand Prix,R,6826.291000,HAM,44,hamilton,ferrari,75.386000,39.000000,2.000000,,,21.359000,23.857000,30.170000,6772.292000,6796.149000,6826.319000,237.000000,279.000000,278.000000,304.000000,False,MEDIUM,8.000000,True,Ferrari,6750.905000,,1,3.000000,False,,False,True
2026,5,Canadian Grand Prix,R,6901.430000,HAM,44,hamilton,ferrari,75.139000,40.000000,2.000000,,,21.416000,23.868000,29.855000,6847.735000,6871.603000,6901.458000,237.000000,280.000000,282.000000,307.000000,True,MEDIUM,9.000000,True,Ferrari,6826.291000,,12,3.000000,False,,False,True
2026,5,Canadian Grand Prix,R,6976.887000,HAM,44,hamilton,ferrari,75.457000,41.000000,2.000000,,,21.425000,24.143000,29.889000,6922.883000,6947.026000,6976.915000,238.000000,279.000000,280.000000,303.000000,False,MEDIUM,10.000000,True,Ferrari,6901.430000,,1,3.000000,False,,False,True
2026,5,Canadian Grand Prix,R,7052.130000,HAM,44,hamilton,ferrari,75.243000,42.000000,2.000000,,,21.311000,23.842000,30.090000,6998.226000,7022.068000,7052.158000,236.000000,278.000000,278.000000,301.000000,False,MEDIUM,11.000000,True,Ferrari,6976.887000,,1,3.000000,False,,False,True
2026,5,Canadian Grand Prix,R,7127.415000,HAM,44,hamilton,ferrari,75.285000,43.000000,2.000000,,,21.647000,23.811000,29.827000,7073.805000,7097.616000,7127.443000,236.000000,279.000000,278.000000,305.000000,False,MEDIUM,12.000000,True,Ferrari,7052.130000,,1,3.000000,False,,False,True
2026,5,Canadian Grand Prix,R,7202.623000,HAM,44,hamilton,ferrari,75.208000,44.000000,2.000000,,,21.362000,23.795000,30.051000,7148.805000,7172.600000,7202.651000,237.000000,283.000000,273.000000,301.000000,False,MEDIUM,13.000000,True,Ferrari,7127.415000,,1,3.000000,False,,False,True
2026,5,Canadian Grand Prix,R,7277.583000,HAM,44,hamilton,ferrari,74.960000,45.000000,2.000000,,,21.283000,23.722000,29.955000,7223.934000,7247.656000,7277.611000,237.000000,277.000000,277.000000,301.000000,True,MEDIUM,14.000000,True,Ferrari,7202.623000,,1,3.000000,False,,False,True
2026,5,Canadian Grand Prix,R,7369.751000,HAM,44,hamilton,ferrari,92.168000,46.000000,2.000000,,,25.939000,30.828000,35.401000,7303.550000,7334.378000,7369.779000,123.000000,182.000000,279.000000,300.000000,False,MEDIUM,15.000000,True,Ferrari,7277.583000,,167,3.000000,False,,False,False
2026,5,Canadian Grand Prix,R,7445.162000,HAM,44,hamilton,ferrari,75.411000,47.000000,2.000000,,,21.582000,23.812000,30.017000,7391.361000,7415.173000,7445.190000,239.000000,280.000000,280.000000,301.000000,False,MEDIUM,16.000000,True,Ferrari,7369.751000,,1,3.000000,False,,False,True
2026,5,Canadian Grand Prix,R,7520.076000,HAM,44,hamilton,ferrari,74.914000,48.000000,2.000000,,,21.364000,23.654000,29.896000,7466.554000,7490.208000,7520.104000,236.000000,280.000000,281.000000,303.000000,True,MEDIUM,17.000000,True,Ferrari,7445.162000,,1,3.000000,False,,False,True
2026,5,Canadian Grand Prix,R,7595.262000,HAM,44,hamilton,ferrari,75.186000,49.000000,2.000000,,,21.339000,24.029000,29.818000,7541.443000,7565.472000,7595.290000,237.000000,281.000000,285.000000,311.000000,False,MEDIUM,18.000000,True,Ferrari,7520.076000,,1,3.000000,False,,False,True
2026,5,Canadian Grand Prix,R,7670.643000,HAM,44,hamilton,ferrari,75.381000,50.000000,2.000000,,,21.510000,23.900000,29.971000,7616.800000,7640.700000,7670.671000,239.000000,279.000000,281.000000,302.000000,False,MEDIUM,19.000000,True,Ferrari,7595.262000,,1,3.000000,False,,False,True
2026,5,Canadian Grand Prix,R,7745.605000,HAM,44,hamilton,ferrari,74.962000,51.000000,2.000000,,,21.350000,23.743000,29.869000,7692.021000,7715.764000,7745.633000,235.000000,280.000000,282.000000,303.000000,False,MEDIUM,20.000000,True,Ferrari,7670.643000,,1,3.000000,False,,False,True
2026,5,Canadian Grand Prix,R,7825.174000,HAM,44,hamilton,ferrari,79.569000,52.000000,2.000000,,,21.226000,23.797000,34.546000,7766.859000,7790.656000,7825.202000,238.000000,280.000000,247.000000,306.000000,False,MEDIUM,21.000000,True,Ferrari,7745.605000,,16,3.000000,False,,False,False
2026,5,Canadian Grand Prix,R,7927.942000,HAM,44,hamilton,ferrari,102.768000,53.000000,2.000000,,,27.266000,33.201000,42.301000,7852.468000,7885.669000,7927.970000,217.000000,187.000000,184.000000,244.000000,False,MEDIUM,22.000000,True,Ferrari,7825.174000,,6,3.000000,False,,False,False
2026,5,Canadian Grand Prix,R,8008.987000,HAM,44,hamilton,ferrari,81.045000,54.000000,2.000000,,,26.814000,24.241000,29.990000,7954.784000,7979.025000,8009.015000,250.000000,286.000000,293.000000,309.000000,False,MEDIUM,23.000000,True,Ferrari,7927.942000,,671,3.000000,False,,False,False
2026,5,Canadian Grand Prix,R,8084.077000,HAM,44,hamilton,ferrari,75.090000,55.000000,2.000000,,,21.464000,23.814000,29.812000,8030.479000,8054.293000,8084.105000,238.000000,285.000000,283.000000,316.000000,False,MEDIUM,24.000000,True,Ferrari,8008.987000,,1,3.000000,False,,False,True
2026,5,Canadian Grand Prix,R,8159.249000,HAM,44,hamilton,ferrari,75.172000,56.000000,2.000000,,,21.549000,23.774000,29.849000,8105.654000,8129.428000,8159.277000,238.000000,285.000000,306.000000,328.000000,False,MEDIUM,25.000000,True,Ferrari,8084.077000,,1,3.000000,False,,False,True
2026,5,Canadian Grand Prix,R,8235.232000,HAM,44,hamilton,ferrari,75.983000,57.000000,2.000000,,,21.953000,24.026000,30.004000,8181.230000,8205.256000,8235.260000,238.000000,282.000000,299.000000,320.000000,False,MEDIUM,26.000000,True,Ferrari,8159.249000,,1,3.000000,False,,False,True
2026,5,Canadian Grand Prix,R,8310.691000,HAM,44,hamilton,ferrari,75.459000,58.000000,2.000000,,,21.829000,23.920000,29.710000,8257.089000,8281.009000,8310.719000,236.000000,281.000000,302.000000,315.000000,False,MEDIUM,27.000000,True,Ferrari,8235.232000,,1,3.000000,False,,False,True
2026,5,Canadian Grand Prix,R,8385.836000,HAM,44,hamilton,ferrari,75.145000,59.000000,2.000000,,,21.512000,23.804000,29.829000,8332.231000,8356.035000,8385.864000,237.000000,284.000000,268.000000,327.000000,False,MEDIUM,28.000000,True,Ferrari,8310.691000,,1,3.000000,False,,False,True
2026,5,Canadian Grand Prix,R,8460.587000,HAM,44,hamilton,ferrari,74.751000,60.000000,2.000000,,,21.485000,23.742000,29.524000,8407.349000,8431.091000,8460.615000,237.000000,283.000000,279.000000,323.000000,True,MEDIUM,29.000000,True,Ferrari,8385.836000,,1,3.000000,False,,False,True
2026,5,Canadian Grand Prix,R,8535.160000,HAM,44,hamilton,ferrari,74.573000,61.000000,2.000000,,,21.319000,23.726000,29.528000,8481.934000,8505.660000,8535.188000,238.000000,286.000000,311.000000,328.000000,True,MEDIUM,30.000000,True,Ferrari,8460.587000,,12,3.000000,False,,False,True
2026,5,Canadian Grand Prix,R,8610.276000,HAM,44,hamilton,ferrari,75.116000,62.000000,2.000000,,,21.339000,23.879000,29.898000,8556.527000,8580.406000,8610.304000,237.000000,277.000000,278.000000,301.000000,False,MEDIUM,31.000000,True,Ferrari,8535.160000,,1,2.000000,False,,False,True
2026,5,Canadian Grand Prix,R,8685.166000,HAM,44,hamilton,ferrari,74.890000,63.000000,2.000000,,,21.371000,23.803000,29.716000,8631.675000,8655.478000,8685.194000,237.000000,277.000000,276.000000,308.000000,False,MEDIUM,32.000000,True,Ferrari,8610.276000,,1,2.000000,False,,False,True
2026,5,Canadian Grand Prix,R,8760.235000,HAM,44,hamilton,ferrari,75.069000,64.000000,2.000000,,,21.476000,23.708000,29.885000,8706.670000,8730.378000,8760.263000,236.000000,278.000000,273.000000,307.000000,False,MEDIUM,33.000000,True,Ferrari,8685.166000,,1,2.000000,False,,False,True
2026,5,Canadian Grand Prix,R,8834.924000,HAM,44,hamilton,ferrari,74.689000,65.000000,2.000000,,,21.280000,23.720000,29.689000,8781.543000,8805.263000,8834.952000,237.000000,279.000000,277.000000,309.000000,False,MEDIUM,34.000000,True,Ferrari,8760.235000,,1,2.000000,False,,False,True
2026,5,Canadian Grand Prix,R,8909.725000,HAM,44,hamilton,ferrari,74.801000,66.000000,2.000000,,,21.296000,23.690000,29.815000,8856.248000,8879.938000,8909.753000,238.000000,280.000000,276.000000,311.000000,False,MEDIUM,35.000000,True,Ferrari,8834.924000,,1,2.000000,False,,False,True
2026,5,Canadian Grand Prix,R,8984.424000,HAM,44,hamilton,ferrari,74.699000,67.000000,2.000000,,,21.521000,23.608000,29.570000,8931.274000,8954.882000,8984.452000,238.000000,281.000000,286.000000,313.000000,False,MEDIUM,36.000000,True,Ferrari,8909.725000,,1,2.000000,False,,False,True
2026,5,Canadian Grand Prix,R,9059.070000,HAM,44,hamilton,ferrari,74.646000,68.000000,2.000000,,,21.302000,23.721000,29.623000,9005.754000,9029.475000,9059.098000,238.000000,279.000000,270.000000,316.000000,False,MEDIUM,37.000000,True,Ferrari,8984.424000,,1,2.000000,False,,False,True
2026,5,Canadian Grand Prix,R,3848.093000,BOR,5,bortoleto,audi,95.549000,1.000000,1.000000,,,,28.391000,33.851000,,3814.345000,3848.150000,202.000000,271.000000,265.000000,321.000000,False,INTERMEDIATE,1.000000,True,Audi,3752.281000,,1,13.000000,False,,False,False
2026,5,Canadian Grand Prix,R,3955.447000,BOR,5,bortoleto,audi,107.354000,2.000000,1.000000,,3928.994000,25.844000,27.267000,54.243000,3873.971000,3901.238000,3955.481000,227.000000,273.000000,,284.000000,False,INTERMEDIATE,2.000000,True,Audi,3848.093000,,1,20.000000,False,,False,False
2026,5,Canadian Grand Prix,R,4042.588000,BOR,5,bortoleto,audi,87.141000,3.000000,2.000000,3957.110000,,27.435000,26.964000,32.742000,3982.916000,4009.880000,4042.622000,231.000000,272.000000,262.000000,303.000000,False,SOFT,1.000000,True,Audi,3955.447000,,1,19.000000,False,,False,False
2026,5,Canadian Grand Prix,R,4123.807000,BOR,5,bortoleto,audi,81.219000,4.000000,2.000000,,,23.661000,25.742000,31.816000,4066.283000,4092.025000,4123.841000,234.000000,270.000000,268.000000,302.000000,True,SOFT,2.000000,True,Audi,4042.588000,,1,19.000000,False,,False,True
2026,5,Canadian Grand Prix,R,4203.647000,BOR,5,bortoleto,audi,79.840000,5.000000,2.000000,,,23.117000,25.417000,31.306000,4146.958000,4172.375000,4203.681000,233.000000,270.000000,271.000000,301.000000,True,SOFT,3.000000,True,Audi,4123.807000,,1,19.000000,False,,False,True
2026,5,Canadian Grand Prix,R,4282.955000,BOR,5,bortoleto,audi,79.308000,6.000000,2.000000,,,22.668000,25.265000,31.375000,4226.349000,4251.614000,4282.989000,235.000000,268.000000,271.000000,301.000000,True,SOFT,4.000000,True,Audi,4203.647000,,1,19.000000,False,,False,True
2026,5,Canadian Grand Prix,R,4361.500000,BOR,5,bortoleto,audi,78.545000,7.000000,2.000000,,,22.492000,25.147000,30.906000,4305.481000,4330.628000,4361.534000,235.000000,270.000000,272.000000,301.000000,False,SOFT,5.000000,True,Audi,4282.955000,,1,19.000000,True,TRACK LIMITS AT TURN 14 LAP 7 ,False,True
2026,5,Canadian Grand Prix,R,4440.016000,BOR,5,bortoleto,audi,78.516000,8.000000,2.000000,,,22.571000,25.079000,30.866000,4384.105000,4409.184000,4440.050000,236.000000,270.000000,273.000000,303.000000,True,SOFT,6.000000,True,Audi,4361.500000,,1,19.000000,False,,False,True
2026,5,Canadian Grand Prix,R,4518.369000,BOR,5,bortoleto,audi,78.353000,9.000000,2.000000,,,22.384000,25.101000,30.868000,4462.434000,4487.535000,4518.403000,235.000000,271.000000,273.000000,303.000000,True,SOFT,7.000000,True,Audi,4440.016000,,1,19.000000,False,,False,True
2026,5,Canadian Grand Prix,R,4596.300000,BOR,5,bortoleto,audi,77.931000,10.000000,2.000000,,,22.329000,24.944000,30.658000,4540.732000,4565.676000,4596.334000,235.000000,271.000000,274.000000,306.000000,True,SOFT,8.000000,True,Audi,4518.369000,,1,19.000000,False,,False,True
2026,5,Canadian Grand Prix,R,4674.768000,BOR,5,bortoleto,audi,78.468000,11.000000,2.000000,,,22.217000,25.377000,30.874000,4618.551000,4643.928000,4674.802000,239.000000,278.000000,270.000000,317.000000,False,SOFT,9.000000,True,Audi,4596.300000,,1,18.000000,False,,False,True
2026,5,Canadian Grand Prix,R,4753.213000,BOR,5,bortoleto,audi,78.445000,12.000000,2.000000,,,22.298000,24.827000,31.320000,4697.100000,4721.927000,4753.247000,236.000000,264.000000,272.000000,304.000000,False,SOFT,10.000000,True,Audi,4674.768000,,12,16.000000,False,,False,True
2026,5,Canadian Grand Prix,R,4831.492000,BOR,5,bortoleto,audi,78.279000,13.000000,2.000000,,,22.303000,24.968000,31.008000,4775.550000,4800.518000,4831.526000,236.000000,271.000000,271.000000,302.000000,False,SOFT,11.000000,True,Audi,4753.213000,,21,16.000000,False,,False,True
2026,5,Canadian Grand Prix,R,4909.190000,BOR,5,bortoleto,audi,77.698000,14.000000,2.000000,,,22.184000,24.840000,30.674000,4853.710000,4878.550000,4909.224000,236.000000,270.000000,271.000000,303.000000,True,SOFT,12.000000,True,Audi,4831.492000,,1,16.000000,False,,False,True
2026,5,Canadian Grand Prix,R,4987.094000,BOR,5,bortoleto,audi,77.904000,15.000000,2.000000,,,22.250000,24.827000,30.827000,4931.474000,4956.301000,4987.128000,236.000000,270.000000,271.000000,301.000000,False,SOFT,13.000000,True,Audi,4909.190000,,1,16.000000,False,,False,True
2026,5,Canadian Grand Prix,R,5064.846000,BOR,5,bortoleto,audi,77.752000,16.000000,2.000000,,,22.218000,24.826000,30.708000,5009.346000,5034.172000,5064.880000,236.000000,270.000000,273.000000,304.000000,False,SOFT,14.000000,True,Audi,4987.094000,,1,15.000000,False,,False,True
2026,5,Canadian Grand Prix,R,5142.547000,BOR,5,bortoleto,audi,77.701000,17.000000,2.000000,,,22.228000,24.702000,30.771000,5087.108000,5111.810000,5142.581000,236.000000,272.000000,273.000000,303.000000,False,SOFT,15.000000,True,Audi,5064.846000,,1,15.000000,False,,False,True
2026,5,Canadian Grand Prix,R,5236.961000,BOR,5,bortoleto,audi,94.414000,18.000000,2.000000,,5214.006000,22.148000,24.775000,47.491000,5164.729000,5189.504000,5236.995000,237.000000,277.000000,,317.000000,False,SOFT,16.000000,True,Audi,5142.547000,,12,16.000000,False,,False,False
2026,5,Canadian Grand Prix,R,5322.069000,BOR,5,bortoleto,audi,85.108000,19.000000,3.000000,5238.599000,,26.942000,26.595000,31.571000,5263.937000,5290.532000,5322.103000,229.000000,274.000000,272.000000,302.000000,False,MEDIUM,1.000000,False,Audi,5236.961000,,1,17.000000,False,,False,False
2026,5,Canadian Grand Prix,R,5401.059000,BOR,5,bortoleto,audi,78.990000,20.000000,3.000000,,,22.931000,25.163000,30.896000,5345.034000,5370.197000,5401.093000,235.000000,272.000000,273.000000,304.000000,False,MEDIUM,2.000000,False,Audi,5322.069000,,1,17.000000,False,,False,True
2026,5,Canadian Grand Prix,R,5481.039000,BOR,5,bortoleto,audi,79.980000,21.000000,3.000000,,,22.981000,25.837000,31.162000,5424.074000,5449.911000,5481.073000,237.000000,273.000000,272.000000,303.000000,False,MEDIUM,3.000000,False,Audi,5401.059000,,1,16.000000,False,,False,True
2026,5,Canadian Grand Prix,R,5559.249000,BOR,5,bortoleto,audi,78.210000,22.000000,3.000000,,,22.474000,24.996000,30.740000,5503.547000,5528.543000,5559.283000,237.000000,271.000000,275.000000,302.000000,False,MEDIUM,4.000000,False,Audi,5481.039000,,1,16.000000,False,,False,True
2026,5,Canadian Grand Prix,R,5636.960000,BOR,5,bortoleto,audi,77.711000,23.000000,3.000000,,,22.246000,24.783000,30.682000,5581.529000,5606.312000,5636.994000,237.000000,273.000000,273.000000,304.000000,False,MEDIUM,5.000000,False,Audi,5559.249000,,1,16.000000,False,,False,True
2026,5,Canadian Grand Prix,R,5714.443000,BOR,5,bortoleto,audi,77.483000,24.000000,3.000000,,,22.287000,24.642000,30.554000,5659.281000,5683.923000,5714.477000,236.000000,275.000000,272.000000,305.000000,True,MEDIUM,6.000000,False,Audi,5636.960000,,1,16.000000,False,,False,True
2026,5,Canadian Grand Prix,R,5792.126000,BOR,5,bortoleto,audi,77.683000,25.000000,3.000000,,,22.512000,24.764000,30.407000,5736.989000,5761.753000,5792.160000,235.000000,275.000000,277.000000,306.000000,False,MEDIUM,7.000000,False,Audi,5714.443000,,1,16.000000,False,,False,True
2026,5,Canadian Grand Prix,R,5869.834000,BOR,5,bortoleto,audi,77.708000,26.000000,3.000000,,,22.259000,24.776000,30.673000,5814.419000,5839.195000,5869.868000,238.000000,277.000000,279.000000,316.000000,False,MEDIUM,8.000000,False,Audi,5792.126000,,1,16.000000,False,,False,True
2026,5,Canadian Grand Prix,R,5947.805000,BOR,5,bortoleto,audi,77.971000,27.000000,3.000000,,,22.371000,25.181000,30.419000,5892.239000,5917.420000,5947.839000,239.000000,279.000000,274.000000,336.000000,False,MEDIUM,9.000000,False,Audi,5869.834000,,1,15.000000,False,,False,True
2026,5,Canadian Grand Prix,R,6025.161000,BOR,5,bortoleto,audi,77.356000,28.000000,3.000000,,,22.271000,24.713000,30.372000,5970.110000,5994.823000,6025.195000,232.000000,270.000000,270.000000,314.000000,True,MEDIUM,10.000000,False,Audi,5947.805000,,1,15.000000,False,,False,True
2026,5,Canadian Grand Prix,R,6115.485000,BOR,5,bortoleto,audi,90.324000,29.000000,3.000000,,,22.180000,25.350000,42.794000,6047.375000,6072.725000,6115.519000,232.000000,231.000000,213.000000,297.000000,False,MEDIUM,11.000000,False,Audi,6025.161000,,126,15.000000,False,,False,False
2026,5,Canadian Grand Prix,R,6220.289000,BOR,5,bortoleto,audi,104.804000,30.000000,3.000000,,,30.029000,34.789000,39.986000,6145.548000,6180.337000,6220.323000,194.000000,190.000000,229.000000,212.000000,False,MEDIUM,12.000000,False,Audi,6115.485000,,6,14.000000,True,TRACK LIMITS AT TURN 14 LAP 30 ,False,False
2026,5,Canadian Grand Prix,R,6312.915000,BOR,5,bortoleto,audi,92.626000,31.000000,3.000000,,,29.301000,31.547000,31.778000,6249.624000,6281.171000,6312.949000,192.000000,262.000000,272.000000,314.000000,False,MEDIUM,13.000000,False,Audi,6220.289000,,671,14.000000,False,,False,False
2026,5,Canadian Grand Prix,R,6391.706000,BOR,5,bortoleto,audi,78.791000,32.000000,3.000000,,,22.810000,25.141000,30.840000,6335.759000,6360.900000,6391.740000,237.000000,272.000000,273.000000,302.000000,False,MEDIUM,14.000000,False,Audi,6312.915000,,1,14.000000,False,,False,True
2026,5,Canadian Grand Prix,R,6469.521000,BOR,5,bortoleto,audi,77.815000,33.000000,3.000000,,,22.366000,24.808000,30.641000,6414.106000,6438.914000,6469.555000,238.000000,272.000000,272.000000,300.000000,False,MEDIUM,15.000000,False,Audi,6391.706000,,1,14.000000,False,,False,True
2026,5,Canadian Grand Prix,R,6547.029000,BOR,5,bortoleto,audi,77.508000,34.000000,3.000000,,,22.186000,24.689000,30.633000,6491.741000,6516.430000,6547.063000,237.000000,272.000000,275.000000,298.000000,False,MEDIUM,16.000000,False,Audi,6469.521000,,1,14.000000,False,,False,True
2026,5,Canadian Grand Prix,R,6624.138000,BOR,5,bortoleto,audi,77.109000,35.000000,3.000000,,,22.033000,24.475000,30.601000,6569.096000,6593.571000,6624.172000,238.000000,271.000000,273.000000,298.000000,True,MEDIUM,17.000000,False,Audi,6547.029000,,1,14.000000,False,,False,True
2026,5,Canadian Grand Prix,R,6701.001000,BOR,5,bortoleto,audi,76.863000,36.000000,3.000000,,,21.990000,24.432000,30.441000,6646.162000,6670.594000,6701.035000,238.000000,272.000000,272.000000,300.000000,True,MEDIUM,18.000000,False,Audi,6624.138000,,1,14.000000,False,,False,True
2026,5,Canadian Grand Prix,R,6777.685000,BOR,5,bortoleto,audi,76.684000,37.000000,3.000000,,,21.874000,24.386000,30.424000,6722.909000,6747.295000,6777.719000,238.000000,272.000000,276.000000,301.000000,True,MEDIUM,19.000000,False,Audi,6701.001000,,1,14.000000,False,,False,True
2026,5,Canadian Grand Prix,R,6854.234000,BOR,5,bortoleto,audi,76.549000,38.000000,3.000000,,,21.828000,24.393000,30.328000,6799.547000,6823.940000,6854.268000,239.000000,273.000000,274.000000,299.000000,True,MEDIUM,20.000000,False,Audi,6777.685000,,1,14.000000,False,,False,True
2026,5,Canadian Grand Prix,R,6930.652000,BOR,5,bortoleto,audi,76.418000,39.000000,3.000000,,,21.758000,24.327000,30.333000,6876.026000,6900.353000,6930.686000,240.000000,273.000000,273.000000,303.000000,True,MEDIUM,21.000000,False,Audi,6854.234000,,12,13.000000,False,,False,True
2026,5,Canadian Grand Prix,R,7007.267000,BOR,5,bortoleto,audi,76.615000,40.000000,3.000000,,,21.830000,24.427000,30.358000,6952.516000,6976.943000,7007.301000,240.000000,273.000000,273.000000,301.000000,False,MEDIUM,22.000000,False,Audi,6930.652000,,1,13.000000,False,,False,True
2026,5,Canadian Grand Prix,R,7083.894000,BOR,5,bortoleto,audi,76.627000,41.000000,3.000000,,,21.824000,24.506000,30.297000,7029.125000,7053.631000,7083.928000,241.000000,276.000000,273.000000,302.000000,False,MEDIUM,23.000000,False,Audi,7007.267000,,1,13.000000,False,,False,True
2026,5,Canadian Grand Prix,R,7160.296000,BOR,5,bortoleto,audi,76.402000,42.000000,3.000000,,,21.897000,24.269000,30.236000,7105.825000,7130.094000,7160.330000,240.000000,275.000000,274.000000,305.000000,True,MEDIUM,24.000000,False,Audi,7083.894000,,1,13.000000,False,,False,True
2026,5,Canadian Grand Prix,R,7238.440000,BOR,5,bortoleto,audi,78.144000,43.000000,3.000000,,,22.522000,25.073000,30.549000,7182.852000,7207.925000,7238.474000,233.000000,274.000000,274.000000,297.000000,False,MEDIUM,25.000000,False,Audi,7160.296000,,1,13.000000,False,,False,True
2026,5,Canadian Grand Prix,R,7324.194000,BOR,5,bortoleto,audi,85.754000,44.000000,3.000000,,,21.867000,24.372000,39.515000,7260.341000,7284.713000,7324.228000,239.000000,271.000000,247.000000,173.000000,False,MEDIUM,26.000000,False,Audi,7238.440000,,16,13.000000,False,,False,False
2026,5,Canadian Grand Prix,R,7408.451000,BOR,5,bortoleto,audi,84.257000,45.000000,3.000000,,,28.572000,25.179000,30.506000,7352.800000,7377.979000,7408.485000,217.000000,275.000000,278.000000,301.000000,False,MEDIUM,27.000000,False,Audi,7324.194000,,671,13.000000,False,,False,False
2026,5,Canadian Grand Prix,R,7485.114000,BOR,5,bortoleto,audi,76.663000,46.000000,3.000000,,,21.814000,24.518000,30.331000,7430.299000,7454.817000,7485.148000,241.000000,273.000000,272.000000,299.000000,False,MEDIUM,28.000000,False,Audi,7408.451000,,1,13.000000,False,,False,True
2026,5,Canadian Grand Prix,R,7561.771000,BOR,5,bortoleto,audi,76.657000,47.000000,3.000000,,,21.839000,24.332000,30.486000,7506.987000,7531.319000,7561.805000,240.000000,272.000000,273.000000,298.000000,False,MEDIUM,29.000000,False,Audi,7485.114000,,1,13.000000,False,,False,True
2026,5,Canadian Grand Prix,R,7638.037000,BOR,5,bortoleto,audi,76.266000,48.000000,3.000000,,,21.760000,24.327000,30.179000,7583.565000,7607.892000,7638.071000,240.000000,272.000000,274.000000,299.000000,True,MEDIUM,30.000000,False,Audi,7561.771000,,1,13.000000,False,,False,True
2026,5,Canadian Grand Prix,R,7714.799000,BOR,5,bortoleto,audi,76.762000,49.000000,3.000000,,,21.853000,24.446000,30.463000,7659.924000,7684.370000,7714.833000,238.000000,272.000000,273.000000,300.000000,False,MEDIUM,31.000000,False,Audi,7638.037000,,1,13.000000,False,,False,True
2026,5,Canadian Grand Prix,R,7791.020000,BOR,5,bortoleto,audi,76.221000,50.000000,3.000000,,,21.737000,24.229000,30.255000,7736.570000,7760.799000,7791.054000,241.000000,273.000000,275.000000,300.000000,True,MEDIUM,32.000000,False,Audi,7714.799000,,1,13.000000,False,,False,True
2026,5,Canadian Grand Prix,R,7887.991000,BOR,5,bortoleto,audi,96.971000,51.000000,3.000000,,,21.735000,32.799000,42.437000,7812.789000,7845.588000,7888.025000,240.000000,219.000000,190.000000,184.000000,False,MEDIUM,33.000000,False,Audi,7791.020000,,16,12.000000,False,,False,False
2026,5,Canadian Grand Prix,R,7984.290000,BOR,5,bortoleto,audi,96.299000,52.000000,3.000000,,,30.100000,34.976000,31.223000,7918.125000,7953.101000,7984.324000,149.000000,272.000000,276.000000,298.000000,False,MEDIUM,34.000000,False,Audi,7887.991000,,671,12.000000,False,,False,False
2026,5,Canadian Grand Prix,R,8061.959000,BOR,5,bortoleto,audi,77.669000,53.000000,3.000000,,,22.303000,24.708000,30.658000,8006.627000,8031.335000,8061.993000,242.000000,274.000000,273.000000,300.000000,False,MEDIUM,35.000000,False,Audi,7984.290000,,1,12.000000,False,,False,True
2026,5,Canadian Grand Prix,R,8139.080000,BOR,5,bortoleto,audi,77.121000,54.000000,3.000000,,,22.116000,24.550000,30.455000,8084.109000,8108.659000,8139.114000,239.000000,273.000000,272.000000,299.000000,False,MEDIUM,36.000000,False,Audi,8061.959000,,1,12.000000,False,,False,True
2026,5,Canadian Grand Prix,R,8216.031000,BOR,5,bortoleto,audi,76.951000,55.000000,3.000000,,,21.970000,24.691000,30.290000,8161.084000,8185.775000,8216.065000,240.000000,274.000000,271.000000,303.000000,False,MEDIUM,37.000000,False,Audi,8139.080000,,1,12.000000,False,,False,True
2026,5,Canadian Grand Prix,R,8292.761000,BOR,5,bortoleto,audi,76.730000,56.000000,3.000000,,,21.944000,24.437000,30.349000,8238.009000,8262.446000,8292.795000,240.000000,274.000000,274.000000,296.000000,False,MEDIUM,38.000000,False,Audi,8216.031000,,1,12.000000,False,,False,True
2026,5,Canadian Grand Prix,R,8369.560000,BOR,5,bortoleto,audi,76.799000,57.000000,3.000000,,,21.949000,24.313000,30.537000,8314.744000,8339.057000,8369.594000,239.000000,273.000000,274.000000,300.000000,False,MEDIUM,39.000000,False,Audi,8292.761000,,1,12.000000,False,,False,True
2026,5,Canadian Grand Prix,R,8446.259000,BOR,5,bortoleto,audi,76.699000,58.000000,3.000000,,,21.992000,24.508000,30.199000,8391.586000,8416.094000,8446.293000,240.000000,274.000000,274.000000,300.000000,False,MEDIUM,40.000000,False,Audi,8369.560000,,1,12.000000,False,,False,True
2026,5,Canadian Grand Prix,R,8522.630000,BOR,5,bortoleto,audi,76.371000,59.000000,3.000000,,,21.795000,24.296000,30.280000,8468.088000,8492.384000,8522.664000,242.000000,275.000000,274.000000,301.000000,False,MEDIUM,41.000000,False,Audi,8446.259000,,12,12.000000,False,,False,True
2026,5,Canadian Grand Prix,R,8599.199000,BOR,5,bortoleto,audi,76.569000,60.000000,3.000000,,,21.995000,24.399000,30.175000,8544.659000,8569.058000,8599.233000,242.000000,276.000000,276.000000,307.000000,False,MEDIUM,42.000000,False,Audi,8522.630000,,21,12.000000,False,,False,True
2026,5,Canadian Grand Prix,R,8676.524000,BOR,5,bortoleto,audi,77.325000,61.000000,3.000000,,,21.910000,25.327000,30.088000,8621.143000,8646.470000,8676.558000,243.000000,283.000000,279.000000,316.000000,False,MEDIUM,43.000000,False,Audi,8599.199000,,1,12.000000,False,,False,True
2026,5,Canadian Grand Prix,R,8753.457000,BOR,5,bortoleto,audi,76.933000,62.000000,3.000000,,,21.989000,24.560000,30.384000,8698.547000,8723.107000,8753.491000,242.000000,281.000000,279.000000,311.000000,False,MEDIUM,44.000000,False,Audi,8676.524000,,1,12.000000,False,,False,True
2026,5,Canadian Grand Prix,R,8830.896000,BOR,5,bortoleto,audi,77.439000,63.000000,3.000000,,,22.012000,24.707000,30.720000,8775.503000,8800.210000,8830.930000,244.000000,280.000000,284.000000,323.000000,False,MEDIUM,45.000000,False,Audi,8753.457000,,1,13.000000,False,,False,True
2026,5,Canadian Grand Prix,R,8911.395000,BOR,5,bortoleto,audi,80.499000,64.000000,3.000000,,,21.783000,26.523000,32.193000,8852.713000,8879.236000,8911.429000,243.000000,255.000000,283.000000,326.000000,False,MEDIUM,46.000000,False,Audi,8830.896000,,1,13.000000,True,TRACK LIMITS AT TURN 8 LAP 64 ,False,True
2026,5,Canadian Grand Prix,R,8987.882000,BOR,5,bortoleto,audi,76.487000,65.000000,3.000000,,,22.028000,24.374000,30.085000,8933.457000,8957.831000,8987.916000,242.000000,283.000000,277.000000,314.000000,False,MEDIUM,47.000000,False,Audi,8911.395000,,1,13.000000,False,,False,True
2026,5,Canadian Grand Prix,R,9064.458000,BOR,5,bortoleto,audi,76.576000,66.000000,3.000000,,,21.854000,24.508000,30.214000,9009.770000,9034.278000,9064.492000,242.000000,280.000000,298.000000,315.000000,False,MEDIUM,48.000000,False,Audi,8987.882000,,1,13.000000,False,,False,True
2026,5,Canadian Grand Prix,R,3850.658000,SAI,55,sainz,williams,98.114000,1.000000,1.000000,,,,29.098000,33.957000,,3816.913000,3850.791000,194.000000,278.000000,265.000000,315.000000,False,INTERMEDIATE,1.000000,True,Williams,3752.281000,,1,16.000000,False,,False,False
2026,5,Canadian Grand Prix,R,3953.117000,SAI,55,sainz,williams,102.459000,2.000000,1.000000,,3930.088000,25.377000,27.774000,49.308000,3876.063000,3903.837000,3953.145000,197.000000,274.000000,,312.000000,False,INTERMEDIATE,2.000000,True,Williams,3850.658000,,1,19.000000,False,,False,False
2026,5,Canadian Grand Prix,R,4039.503000,SAI,55,sainz,williams,86.386000,3.000000,2.000000,3954.704000,,26.944000,26.758000,32.684000,3980.089000,4006.847000,4039.531000,223.000000,267.000000,266.000000,298.000000,False,MEDIUM,9.000000,False,Williams,3953.117000,,1,18.000000,False,,False,False
2026,5,Canadian Grand Prix,R,4119.324000,SAI,55,sainz,williams,79.821000,4.000000,2.000000,,,23.110000,25.348000,31.363000,4062.641000,4087.989000,4119.352000,232.000000,276.000000,277.000000,303.000000,True,MEDIUM,10.000000,False,Williams,4039.503000,,1,18.000000,False,,False,True
2026,5,Canadian Grand Prix,R,4197.929000,SAI,55,sainz,williams,78.605000,5.000000,2.000000,,,22.548000,24.990000,31.067000,4141.900000,4166.890000,4197.957000,235.000000,278.000000,279.000000,306.000000,True,MEDIUM,11.000000,False,Williams,4119.324000,,1,18.000000,False,,False,True
2026,5,Canadian Grand Prix,R,4276.113000,SAI,55,sainz,williams,78.184000,6.000000,2.000000,,,22.270000,24.749000,31.165000,4220.227000,4244.976000,4276.141000,237.000000,279.000000,266.000000,301.000000,True,MEDIUM,12.000000,False,Williams,4197.929000,,1,17.000000,False,,False,True
2026,5,Canadian Grand Prix,R,4354.249000,SAI,55,sainz,williams,78.136000,7.000000,2.000000,,,22.294000,24.818000,31.024000,4298.435000,4323.253000,4354.277000,236.000000,276.000000,267.000000,305.000000,True,MEDIUM,13.000000,False,Williams,4276.113000,,1,17.000000,False,,False,True
2026,5,Canadian Grand Prix,R,4432.222000,SAI,55,sainz,williams,77.973000,8.000000,2.000000,,,22.151000,24.796000,31.026000,4376.428000,4401.224000,4432.250000,237.000000,276.000000,274.000000,302.000000,True,MEDIUM,14.000000,False,Williams,4354.249000,,1,16.000000,False,,False,True
2026,5,Canadian Grand Prix,R,4509.818000,SAI,55,sainz,williams,77.596000,9.000000,2.000000,,,22.074000,24.716000,30.806000,4454.324000,4479.040000,4509.846000,235.000000,276.000000,278.000000,300.000000,True,MEDIUM,15.000000,False,Williams,4432.222000,,1,16.000000,False,,False,True
2026,5,Canadian Grand Prix,R,4587.186000,SAI,55,sainz,williams,77.368000,10.000000,2.000000,,,22.007000,24.522000,30.839000,4531.853000,4556.375000,4587.214000,236.000000,278.000000,276.000000,302.000000,True,MEDIUM,16.000000,False,Williams,4509.818000,,1,16.000000,False,,False,True
2026,5,Canadian Grand Prix,R,4664.640000,SAI,55,sainz,williams,77.454000,11.000000,2.000000,,,21.920000,24.628000,30.906000,4609.134000,4633.762000,4664.668000,236.000000,277.000000,258.000000,303.000000,False,MEDIUM,17.000000,False,Williams,4587.186000,,1,16.000000,True,TRACK LIMITS AT TURN 14 LAP 11 ,False,True
2026,5,Canadian Grand Prix,R,4743.034000,SAI,55,sainz,williams,78.394000,12.000000,2.000000,,,22.172000,24.657000,31.565000,4686.840000,4711.497000,4743.062000,235.000000,275.000000,277.000000,304.000000,False,MEDIUM,18.000000,False,Williams,4664.640000,,12,14.000000,False,,False,True
2026,5,Canadian Grand Prix,R,4820.652000,SAI,55,sainz,williams,77.618000,13.000000,2.000000,,,21.946000,24.545000,31.127000,4765.008000,4789.553000,4820.680000,236.000000,277.000000,283.000000,307.000000,False,MEDIUM,19.000000,False,Williams,4743.034000,,2,14.000000,False,,False,True
2026,5,Canadian Grand Prix,R,4897.698000,SAI,55,sainz,williams,77.046000,14.000000,2.000000,,,21.951000,24.521000,30.574000,4842.631000,4867.152000,4897.726000,238.000000,284.000000,296.000000,320.000000,True,MEDIUM,20.000000,False,Williams,4820.652000,,21,13.000000,False,,False,True
2026,5,Canadian Grand Prix,R,4976.659000,SAI,55,sainz,williams,78.961000,15.000000,2.000000,,,22.500000,25.024000,31.437000,4920.226000,4945.250000,4976.687000,237.000000,267.000000,260.000000,294.000000,False,MEDIUM,21.000000,False,Williams,4897.698000,,1,11.000000,False,,False,True
2026,5,Canadian Grand Prix,R,5054.203000,SAI,55,sainz,williams,77.544000,16.000000,2.000000,,,22.077000,24.546000,30.921000,4998.764000,5023.310000,5054.231000,237.000000,276.000000,265.000000,301.000000,False,MEDIUM,22.000000,False,Williams,4976.659000,,1,11.000000,False,,False,True
2026,5,Canadian Grand Prix,R,5131.424000,SAI,55,sainz,williams,77.221000,17.000000,2.000000,,,21.950000,24.543000,30.728000,5076.181000,5100.724000,5131.452000,237.000000,277.000000,273.000000,302.000000,False,MEDIUM,23.000000,False,Williams,5054.203000,,1,11.000000,False,,False,True
2026,5,Canadian Grand Prix,R,5208.593000,SAI,55,sainz,williams,77.169000,18.000000,2.000000,,,21.980000,24.443000,30.746000,5153.432000,5177.875000,5208.621000,236.000000,277.000000,277.000000,306.000000,False,MEDIUM,24.000000,False,Williams,5131.424000,,12,11.000000,False,,False,True
2026,5,Canadian Grand Prix,R,5286.072000,SAI,55,sainz,williams,77.479000,19.000000,2.000000,,,22.103000,24.559000,30.817000,5230.724000,5255.283000,5286.100000,236.000000,275.000000,274.000000,297.000000,False,MEDIUM,25.000000,False,Williams,5208.593000,,1,11.000000,False,,False,True
2026,5,Canadian Grand Prix,R,5363.204000,SAI,55,sainz,williams,77.132000,20.000000,2.000000,,,21.911000,24.400000,30.821000,5308.011000,5332.411000,5363.232000,236.000000,277.000000,277.000000,299.000000,False,MEDIUM,26.000000,False,Williams,5286.072000,,1,11.000000,False,,False,True
2026,5,Canadian Grand Prix,R,5440.428000,SAI,55,sainz,williams,77.224000,21.000000,2.000000,,,21.827000,24.495000,30.902000,5385.059000,5409.554000,5440.456000,238.000000,277.000000,279.000000,300.000000,False,MEDIUM,27.000000,False,Williams,5363.204000,,1,11.000000,False,,False,True
2026,5,Canadian Grand Prix,R,5517.643000,SAI,55,sainz,williams,77.215000,22.000000,2.000000,,,21.843000,24.424000,30.948000,5462.299000,5486.723000,5517.671000,238.000000,278.000000,277.000000,298.000000,False,MEDIUM,28.000000,False,Williams,5440.428000,,1,11.000000,False,,False,True
2026,5,Canadian Grand Prix,R,5594.641000,SAI,55,sainz,williams,76.998000,23.000000,2.000000,,,21.949000,24.483000,30.566000,5539.620000,5564.103000,5594.669000,237.000000,278.000000,278.000000,302.000000,True,MEDIUM,29.000000,False,Williams,5517.643000,,1,11.000000,False,,False,True
2026,5,Canadian Grand Prix,R,5671.781000,SAI,55,sainz,williams,77.140000,24.000000,2.000000,,,21.815000,24.750000,30.575000,5616.484000,5641.234000,5671.809000,238.000000,278.000000,276.000000,302.000000,False,MEDIUM,30.000000,False,Williams,5594.641000,,1,11.000000,False,,False,True
2026,5,Canadian Grand Prix,R,5748.618000,SAI,55,sainz,williams,76.837000,25.000000,2.000000,,,21.854000,24.382000,30.601000,5693.663000,5718.045000,5748.646000,238.000000,279.000000,274.000000,301.000000,True,MEDIUM,31.000000,False,Williams,5671.781000,,1,11.000000,False,,False,True
2026,5,Canadian Grand Prix,R,5825.273000,SAI,55,sainz,williams,76.655000,26.000000,2.000000,,,21.817000,24.328000,30.510000,5770.463000,5794.791000,5825.301000,237.000000,279.000000,278.000000,303.000000,True,MEDIUM,32.000000,False,Williams,5748.618000,,1,11.000000,False,,False,True
2026,5,Canadian Grand Prix,R,5902.262000,SAI,55,sainz,williams,76.989000,27.000000,2.000000,,,21.912000,24.496000,30.581000,5847.213000,5871.709000,5902.290000,239.000000,282.000000,273.000000,311.000000,False,MEDIUM,33.000000,False,Williams,5825.273000,,1,11.000000,False,,False,True
2026,5,Canadian Grand Prix,R,5979.321000,SAI,55,sainz,williams,77.059000,28.000000,2.000000,,,21.793000,24.394000,30.872000,5924.083000,5948.477000,5979.349000,238.000000,278.000000,274.000000,299.000000,False,MEDIUM,34.000000,False,Williams,5902.262000,,1,11.000000,False,,False,True
2026,5,Canadian Grand Prix,R,6056.057000,SAI,55,sainz,williams,76.736000,29.000000,2.000000,,,21.877000,24.349000,30.510000,6001.226000,6025.575000,6056.085000,238.000000,278.000000,270.000000,302.000000,False,MEDIUM,35.000000,False,Williams,5979.321000,,12,11.000000,False,,False,True
2026,5,Canadian Grand Prix,R,6172.340000,SAI,55,sainz,williams,116.283000,30.000000,2.000000,,6148.362000,26.995000,35.290000,53.998000,6083.080000,6118.370000,6172.368000,155.000000,188.000000,,269.000000,False,MEDIUM,36.000000,False,Williams,6056.057000,,26,10.000000,False,,False,False
2026,5,Canadian Grand Prix,R,6276.923000,SAI,55,sainz,williams,104.583000,31.000000,3.000000,6173.970000,,30.612000,36.432000,37.539000,6202.980000,6239.412000,6276.951000,215.000000,210.000000,263.000000,258.000000,False,MEDIUM,1.000000,True,Williams,6172.340000,,671,10.000000,False,,False,False
2026,5,Canadian Grand Prix,R,6356.715000,SAI,55,sainz,williams,79.792000,32.000000,3.000000,,,23.209000,25.552000,31.031000,6300.160000,6325.712000,6356.743000,238.000000,278.000000,279.000000,302.000000,False,MEDIUM,2.000000,True,Williams,6276.923000,,1,10.000000,False,,False,True
2026,5,Canadian Grand Prix,R,6435.315000,SAI,55,sainz,williams,78.600000,33.000000,3.000000,,,22.386000,25.105000,31.109000,6379.129000,6404.234000,6435.343000,240.000000,279.000000,276.000000,301.000000,False,MEDIUM,3.000000,True,Williams,6356.715000,,1,10.000000,False,,False,True
2026,5,Canadian Grand Prix,R,6514.057000,SAI,55,sainz,williams,78.742000,34.000000,3.000000,,,22.284000,25.842000,30.616000,6457.627000,6483.469000,6514.085000,203.000000,280.000000,277.000000,310.000000,False,MEDIUM,4.000000,True,Williams,6435.315000,,1,10.000000,False,,False,True
2026,5,Canadian Grand Prix,R,6591.225000,SAI,55,sainz,williams,77.168000,35.000000,3.000000,,,21.951000,24.493000,30.724000,6536.036000,6560.529000,6591.253000,238.000000,279.000000,272.000000,303.000000,False,MEDIUM,5.000000,True,Williams,6514.057000,,1,10.000000,False,,False,True
2026,5,Canadian Grand Prix,R,6667.824000,SAI,55,sainz,williams,76.599000,36.000000,3.000000,,,21.778000,24.305000,30.516000,6613.031000,6637.336000,6667.852000,240.000000,280.000000,276.000000,303.000000,True,MEDIUM,6.000000,True,Williams,6591.225000,,1,10.000000,False,,False,True
2026,5,Canadian Grand Prix,R,6746.785000,SAI,55,sainz,williams,78.961000,37.000000,3.000000,,,22.230000,24.504000,32.227000,6690.082000,6714.586000,6746.813000,239.000000,279.000000,271.000000,264.000000,False,MEDIUM,7.000000,True,Williams,6667.824000,,1,10.000000,False,,False,True
2026,5,Canadian Grand Prix,R,6823.302000,SAI,55,sainz,williams,76.517000,38.000000,3.000000,,,21.921000,24.239000,30.357000,6768.734000,6792.973000,6823.330000,241.000000,283.000000,274.000000,311.000000,True,MEDIUM,8.000000,True,Williams,6746.785000,,1,10.000000,False,,False,True
2026,5,Canadian Grand Prix,R,6900.066000,SAI,55,sainz,williams,76.764000,39.000000,3.000000,,,21.746000,24.362000,30.656000,6845.076000,6869.438000,6900.094000,240.000000,280.000000,269.000000,304.000000,False,MEDIUM,9.000000,True,Williams,6823.302000,,12,9.000000,True,TRACK LIMITS AT TURN 14 LAP 54 ,False,True
2026,5,Canadian Grand Prix,R,6978.488000,SAI,55,sainz,williams,78.422000,40.000000,3.000000,,,22.271000,25.771000,30.380000,6922.365000,6948.136000,6978.516000,207.000000,283.000000,279.000000,309.000000,False,MEDIUM,10.000000,True,Williams,6900.066000,,1,9.000000,False,,False,True
2026,5,Canadian Grand Prix,R,7055.140000,SAI,55,sainz,williams,76.652000,41.000000,3.000000,,,21.674000,24.138000,30.840000,7000.190000,7024.328000,7055.168000,241.000000,281.000000,278.000000,302.000000,False,MEDIUM,11.000000,True,Williams,6978.488000,,1,9.000000,False,,False,True
2026,5,Canadian Grand Prix,R,7131.972000,SAI,55,sainz,williams,76.832000,42.000000,3.000000,,,21.698000,24.703000,30.431000,7076.866000,7101.569000,7132.000000,241.000000,280.000000,278.000000,301.000000,False,MEDIUM,12.000000,True,Williams,7055.140000,,1,9.000000,False,,False,True
2026,5,Canadian Grand Prix,R,7208.375000,SAI,55,sainz,williams,76.403000,43.000000,3.000000,,,21.632000,24.217000,30.554000,7153.632000,7177.849000,7208.403000,241.000000,280.000000,281.000000,299.000000,True,MEDIUM,13.000000,True,Williams,7131.972000,,1,9.000000,False,,False,True
2026,5,Canadian Grand Prix,R,7286.876000,SAI,55,sainz,williams,78.501000,44.000000,3.000000,,,21.541000,24.318000,32.642000,7229.944000,7254.262000,7286.904000,241.000000,281.000000,271.000000,237.000000,False,MEDIUM,14.000000,True,Williams,7208.375000,,1,9.000000,False,,False,True
2026,5,Canadian Grand Prix,R,7381.777000,SAI,55,sainz,williams,94.901000,45.000000,3.000000,,,32.618000,28.986000,33.297000,7319.522000,7348.508000,7381.805000,201.000000,243.000000,304.000000,270.000000,False,MEDIUM,15.000000,True,Williams,7286.876000,,167,9.000000,False,,False,False
2026,5,Canadian Grand Prix,R,7458.244000,SAI,55,sainz,williams,76.467000,46.000000,3.000000,,,21.528000,24.304000,30.635000,7403.333000,7427.637000,7458.272000,245.000000,284.000000,267.000000,306.000000,False,MEDIUM,16.000000,True,Williams,7381.777000,,1,9.000000,False,,False,True
2026,5,Canadian Grand Prix,R,7535.228000,SAI,55,sainz,williams,76.984000,47.000000,3.000000,,,21.835000,24.402000,30.747000,7480.107000,7504.509000,7535.256000,240.000000,281.000000,262.000000,305.000000,False,MEDIUM,17.000000,True,Williams,7458.244000,,1,9.000000,False,,False,True
2026,5,Canadian Grand Prix,R,7611.542000,SAI,55,sainz,williams,76.314000,48.000000,3.000000,,,21.768000,24.291000,30.255000,7557.024000,7581.315000,7611.570000,241.000000,287.000000,281.000000,311.000000,True,MEDIUM,18.000000,True,Williams,7535.228000,,1,9.000000,False,,False,True
2026,5,Canadian Grand Prix,R,7688.051000,SAI,55,sainz,williams,76.509000,49.000000,3.000000,,,21.714000,24.203000,30.592000,7633.284000,7657.487000,7688.079000,240.000000,285.000000,276.000000,298.000000,False,MEDIUM,19.000000,True,Williams,7611.542000,,1,9.000000,False,,False,True
2026,5,Canadian Grand Prix,R,7764.364000,SAI,55,sainz,williams,76.313000,50.000000,3.000000,,,21.660000,24.206000,30.447000,7709.739000,7733.945000,7764.392000,241.000000,281.000000,277.000000,302.000000,True,MEDIUM,20.000000,True,Williams,7688.051000,,1,9.000000,False,,False,True
2026,5,Canadian Grand Prix,R,7857.021000,SAI,55,sainz,williams,92.657000,51.000000,3.000000,,,22.478000,24.410000,45.769000,7786.870000,7811.280000,7857.049000,233.000000,282.000000,237.000000,254.000000,False,MEDIUM,21.000000,True,Williams,7764.364000,,16,9.000000,False,,False,False
2026,5,Canadian Grand Prix,R,7954.997000,SAI,55,sainz,williams,97.976000,52.000000,3.000000,,,25.324000,33.675000,38.977000,7882.373000,7916.048000,7955.025000,218.000000,224.000000,260.000000,221.000000,False,MEDIUM,22.000000,True,Williams,7857.021000,,671,9.000000,False,,False,False
2026,5,Canadian Grand Prix,R,8032.759000,SAI,55,sainz,williams,77.762000,53.000000,3.000000,,,22.637000,24.581000,30.544000,7977.662000,8002.243000,8032.787000,237.000000,281.000000,279.000000,300.000000,False,MEDIUM,23.000000,True,Williams,7954.997000,,1,9.000000,False,,False,True
2026,5,Canadian Grand Prix,R,8109.523000,SAI,55,sainz,williams,76.764000,54.000000,3.000000,,,21.734000,24.315000,30.715000,8054.521000,8078.836000,8109.551000,240.000000,282.000000,270.000000,302.000000,False,MEDIUM,24.000000,True,Williams,8032.759000,,1,9.000000,True,TRACK LIMITS AT TURN 14 LAP 54 ,False,True
2026,5,Canadian Grand Prix,R,8186.377000,SAI,55,sainz,williams,76.854000,55.000000,3.000000,,,22.162000,24.297000,30.395000,8131.713000,8156.010000,8186.405000,239.000000,282.000000,284.000000,305.000000,False,MEDIUM,25.000000,True,Williams,8109.523000,,1,9.000000,False,,False,True
2026,5,Canadian Grand Prix,R,8262.468000,SAI,55,sainz,williams,76.091000,56.000000,3.000000,,,21.648000,24.137000,30.306000,8208.053000,8232.190000,8262.496000,241.000000,283.000000,287.000000,307.000000,True,MEDIUM,26.000000,True,Williams,8186.377000,,1,9.000000,False,,False,True
2026,5,Canadian Grand Prix,R,8338.787000,SAI,55,sainz,williams,76.319000,57.000000,3.000000,,,21.726000,24.247000,30.346000,8284.222000,8308.469000,8338.815000,241.000000,280.000000,278.000000,299.000000,False,MEDIUM,27.000000,True,Williams,8262.468000,,1,9.000000,False,,False,True
2026,5,Canadian Grand Prix,R,8416.031000,SAI,55,sainz,williams,77.244000,58.000000,3.000000,,,21.608000,25.202000,30.434000,8360.423000,8385.625000,8416.059000,241.000000,282.000000,277.000000,301.000000,False,MEDIUM,28.000000,True,Williams,8338.787000,,1,9.000000,False,,False,True
2026,5,Canadian Grand Prix,R,8492.362000,SAI,55,sainz,williams,76.331000,59.000000,3.000000,,,21.754000,24.191000,30.386000,8437.813000,8462.004000,8492.390000,242.000000,281.000000,277.000000,299.000000,False,MEDIUM,29.000000,True,Williams,8416.031000,,1,9.000000,False,,False,True
2026,5,Canadian Grand Prix,R,8568.396000,SAI,55,sainz,williams,76.034000,60.000000,3.000000,,,21.573000,24.279000,30.182000,8513.963000,8538.242000,8568.424000,241.000000,282.000000,280.000000,303.000000,True,MEDIUM,30.000000,True,Williams,8492.362000,,12,9.000000,False,,False,True
2026,5,Canadian Grand Prix,R,8645.836000,SAI,55,sainz,williams,77.440000,61.000000,3.000000,,,21.602000,25.692000,30.146000,8590.026000,8615.718000,8645.864000,214.000000,287.000000,279.000000,311.000000,False,MEDIUM,31.000000,True,Williams,8568.396000,,1,9.000000,False,,False,True
2026,5,Canadian Grand Prix,R,8722.333000,SAI,55,sainz,williams,76.497000,62.000000,3.000000,,,21.681000,24.253000,30.563000,8667.545000,8691.798000,8722.361000,243.000000,280.000000,272.000000,298.000000,False,MEDIUM,32.000000,True,Williams,8645.836000,,1,9.000000,False,,False,True
2026,5,Canadian Grand Prix,R,8798.706000,SAI,55,sainz,williams,76.373000,63.000000,3.000000,,,21.691000,24.140000,30.542000,8744.052000,8768.192000,8798.734000,243.000000,281.000000,275.000000,296.000000,False,MEDIUM,33.000000,True,Williams,8722.333000,,1,9.000000,False,,False,True
2026,5,Canadian Grand Prix,R,8874.594000,SAI,55,sainz,williams,75.888000,64.000000,3.000000,,,21.510000,24.092000,30.286000,8820.244000,8844.336000,8874.622000,241.000000,281.000000,280.000000,300.000000,True,MEDIUM,34.000000,True,Williams,8798.706000,,1,9.000000,False,,False,True
2026,5,Canadian Grand Prix,R,8950.446000,SAI,55,sainz,williams,75.852000,65.000000,3.000000,,,21.595000,24.082000,30.175000,8896.217000,8920.299000,8950.474000,241.000000,282.000000,280.000000,301.000000,True,MEDIUM,35.000000,True,Williams,8874.594000,,1,9.000000,False,,False,True
2026,5,Canadian Grand Prix,R,9029.856000,SAI,55,sainz,williams,79.410000,66.000000,3.000000,,,21.594000,27.030000,30.786000,8972.068000,8999.098000,9029.884000,241.000000,270.000000,280.000000,300.000000,False,MEDIUM,36.000000,True,Williams,8950.446000,,1,9.000000,True,TRACK LIMITS AT TURN 8 LAP 66 ,False,True
2026,5,Canadian Grand Prix,R,9106.316000,SAI,55,sainz,williams,76.460000,67.000000,3.000000,,,21.798000,24.246000,30.416000,9051.682000,9075.928000,9106.344000,241.000000,282.000000,286.000000,313.000000,False,MEDIUM,37.000000,True,Williams,9029.856000,,1,9.000000,False,,False,True
2026,5,Canadian Grand Prix,R,3844.101000,HAD,6,hadjar,red_bull,91.557000,1.000000,1.000000,,,,27.319000,32.188000,,3812.084000,3844.197000,226.000000,281.000000,281.000000,318.000000,False,SOFT,5.000000,False,Red Bull Racing,3752.281000,,1,7.000000,False,,False,False
2026,5,Canadian Grand Prix,R,3924.777000,HAD,6,hadjar,red_bull,80.676000,2.000000,1.000000,,,23.667000,25.815000,31.194000,3867.828000,3893.643000,3924.837000,237.000000,280.000000,282.000000,316.000000,True,SOFT,6.000000,False,Red Bull Racing,3844.101000,,1,6.000000,False,,False,True
2026,5,Canadian Grand Prix,R,4004.058000,HAD,6,hadjar,red_bull,79.281000,3.000000,1.000000,,,22.960000,25.381000,30.940000,3947.797000,3973.178000,4004.118000,237.000000,279.000000,284.000000,315.000000,True,SOFT,7.000000,False,Red Bull Racing,3924.777000,,1,6.000000,False,,False,True
2026,5,Canadian Grand Prix,R,4083.018000,HAD,6,hadjar,red_bull,78.960000,4.000000,1.000000,,,22.529000,25.291000,31.140000,4026.647000,4051.938000,4083.078000,239.000000,278.000000,286.000000,315.000000,False,SOFT,8.000000,False,Red Bull Racing,4004.058000,,1,6.000000,True,TRACK LIMITS AT TURN 14 LAP 4 ,False,True
2026,5,Canadian Grand Prix,R,4160.931000,HAD,6,hadjar,red_bull,77.913000,5.000000,1.000000,,,22.373000,24.933000,30.607000,4105.451000,4130.384000,4160.991000,241.000000,279.000000,286.000000,314.000000,True,SOFT,9.000000,False,Red Bull Racing,4083.018000,,1,6.000000,False,,False,True
2026,5,Canadian Grand Prix,R,4238.769000,HAD,6,hadjar,red_bull,77.838000,6.000000,1.000000,,,22.021000,24.849000,30.968000,4183.012000,4207.861000,4238.829000,239.000000,277.000000,283.000000,310.000000,True,SOFT,10.000000,False,Red Bull Racing,4160.931000,,1,6.000000,False,,False,True
2026,5,Canadian Grand Prix,R,4315.933000,HAD,6,hadjar,red_bull,77.164000,7.000000,1.000000,,,21.867000,24.642000,30.655000,4260.696000,4285.338000,4315.993000,241.000000,278.000000,286.000000,310.000000,True,SOFT,11.000000,False,Red Bull Racing,4238.769000,,1,6.000000,False,,False,True
2026,5,Canadian Grand Prix,R,4392.815000,HAD,6,hadjar,red_bull,76.882000,8.000000,1.000000,,,21.828000,24.586000,30.468000,4337.821000,4362.407000,4392.875000,240.000000,279.000000,282.000000,311.000000,True,SOFT,12.000000,False,Red Bull Racing,4315.933000,,1,6.000000,False,,False,True
2026,5,Canadian Grand Prix,R,4469.713000,HAD,6,hadjar,red_bull,76.898000,9.000000,1.000000,,,21.747000,24.765000,30.386000,4414.622000,4439.387000,4469.773000,240.000000,276.000000,284.000000,311.000000,False,SOFT,13.000000,False,Red Bull Racing,4392.815000,,1,6.000000,False,,False,True
2026,5,Canadian Grand Prix,R,4546.075000,HAD,6,hadjar,red_bull,76.362000,10.000000,1.000000,,,21.626000,24.545000,30.191000,4491.399000,4515.944000,4546.135000,241.000000,277.000000,283.000000,311.000000,True,SOFT,14.000000,False,Red Bull Racing,4469.713000,,1,6.000000,False,,False,True
2026,5,Canadian Grand Prix,R,4622.297000,HAD,6,hadjar,red_bull,76.222000,11.000000,1.000000,,,21.608000,24.413000,30.201000,4567.743000,4592.156000,4622.357000,239.000000,277.000000,284.000000,311.000000,True,SOFT,15.000000,False,Red Bull Racing,4546.075000,,1,6.000000,False,,False,True
2026,5,Canadian Grand Prix,R,4698.959000,HAD,6,hadjar,red_bull,76.662000,12.000000,1.000000,,,21.784000,24.402000,30.476000,4644.141000,4668.543000,4699.019000,239.000000,278.000000,284.000000,309.000000,False,SOFT,16.000000,False,Red Bull Racing,4622.297000,,1,6.000000,False,,False,True
2026,5,Canadian Grand Prix,R,4776.019000,HAD,6,hadjar,red_bull,77.060000,13.000000,1.000000,,,21.700000,24.614000,30.746000,4720.719000,4745.333000,4776.079000,241.000000,277.000000,283.000000,309.000000,False,SOFT,17.000000,False,Red Bull Racing,4698.959000,,12,6.000000,False,,False,True
2026,5,Canadian Grand Prix,R,4853.485000,HAD,6,hadjar,red_bull,77.466000,14.000000,1.000000,,,21.744000,24.576000,31.146000,4797.823000,4822.399000,4853.545000,241.000000,267.000000,286.000000,321.000000,False,SOFT,18.000000,False,Red Bull Racing,4776.019000,,21,6.000000,False,,False,True
2026,5,Canadian Grand Prix,R,4930.326000,HAD,6,hadjar,red_bull,76.841000,15.000000,1.000000,,,21.983000,24.605000,30.253000,4875.528000,4900.133000,4930.386000,242.000000,281.000000,287.000000,321.000000,False,SOFT,19.000000,False,Red Bull Racing,4853.485000,,1,6.000000,False,,False,True
2026,5,Canadian Grand Prix,R,5006.863000,HAD,6,hadjar,red_bull,76.537000,16.000000,1.000000,,,21.843000,24.494000,30.200000,4952.229000,4976.723000,5006.923000,242.000000,283.000000,289.000000,320.000000,False,SOFT,20.000000,False,Red Bull Racing,4930.326000,,1,6.000000,False,,False,True
2026,5,Canadian Grand Prix,R,5083.362000,HAD,6,hadjar,red_bull,76.499000,17.000000,1.000000,,,21.823000,24.473000,30.203000,5028.746000,5053.219000,5083.422000,243.000000,284.000000,289.000000,324.000000,False,SOFT,21.000000,False,Red Bull Racing,5006.863000,,1,6.000000,False,,False,True
2026,5,Canadian Grand Prix,R,5160.094000,HAD,6,hadjar,red_bull,76.732000,18.000000,1.000000,,,21.915000,24.338000,30.479000,5105.337000,5129.675000,5160.154000,242.000000,284.000000,288.000000,322.000000,False,SOFT,22.000000,False,Red Bull Racing,5083.362000,,1,6.000000,False,,False,True
2026,5,Canadian Grand Prix,R,5236.569000,HAD,6,hadjar,red_bull,76.475000,19.000000,1.000000,,,21.830000,24.441000,30.204000,5181.984000,5206.425000,5236.629000,244.000000,282.000000,285.000000,321.000000,False,SOFT,23.000000,False,Red Bull Racing,5160.094000,,12,6.000000,False,,False,True
2026,5,Canadian Grand Prix,R,5313.084000,HAD,6,hadjar,red_bull,76.515000,20.000000,1.000000,,,21.722000,24.358000,30.435000,5258.351000,5282.709000,5313.144000,243.000000,283.000000,292.000000,320.000000,False,SOFT,24.000000,False,Red Bull Racing,5236.569000,,1,6.000000,False,,False,True
2026,5,Canadian Grand Prix,R,5389.366000,HAD,6,hadjar,red_bull,76.282000,21.000000,1.000000,,,21.626000,24.383000,30.273000,5334.770000,5359.153000,5389.426000,243.000000,279.000000,284.000000,316.000000,False,SOFT,25.000000,False,Red Bull Racing,5313.084000,,1,6.000000,False,,False,True
2026,5,Canadian Grand Prix,R,5465.688000,HAD,6,hadjar,red_bull,76.322000,22.000000,1.000000,,,21.724000,24.423000,30.175000,5411.150000,5435.573000,5465.748000,243.000000,280.000000,288.000000,317.000000,False,SOFT,26.000000,False,Red Bull Racing,5389.366000,,1,6.000000,False,,False,True
2026,5,Canadian Grand Prix,R,5541.864000,HAD,6,hadjar,red_bull,76.176000,23.000000,1.000000,,,21.649000,24.333000,30.194000,5487.397000,5511.730000,5541.924000,241.000000,281.000000,286.000000,316.000000,True,SOFT,27.000000,False,Red Bull Racing,5465.688000,,1,6.000000,False,,False,True
2026,5,Canadian Grand Prix,R,5618.291000,HAD,6,hadjar,red_bull,76.427000,24.000000,1.000000,,,21.752000,24.420000,30.255000,5563.676000,5588.096000,5618.351000,241.000000,280.000000,284.000000,317.000000,False,SOFT,28.000000,False,Red Bull Racing,5541.864000,,1,6.000000,False,,False,True
2026,5,Canadian Grand Prix,R,5694.851000,HAD,6,hadjar,red_bull,76.560000,25.000000,1.000000,,,21.718000,24.365000,30.477000,5640.069000,5664.434000,5694.911000,240.000000,280.000000,282.000000,313.000000,False,SOFT,29.000000,False,Red Bull Racing,5618.291000,,1,6.000000,False,,False,True
2026,5,Canadian Grand Prix,R,5771.004000,HAD,6,hadjar,red_bull,76.153000,26.000000,1.000000,,,21.734000,24.377000,30.042000,5716.645000,5741.022000,5771.064000,242.000000,283.000000,285.000000,312.000000,True,SOFT,30.000000,False,Red Bull Racing,5694.851000,,1,6.000000,False,,False,True
2026,5,Canadian Grand Prix,R,5847.322000,HAD,6,hadjar,red_bull,76.318000,27.000000,1.000000,,,21.620000,24.454000,30.244000,5792.684000,5817.138000,5847.382000,241.000000,281.000000,283.000000,311.000000,False,SOFT,31.000000,False,Red Bull Racing,5771.004000,,1,6.000000,False,,False,True
2026,5,Canadian Grand Prix,R,5923.951000,HAD,6,hadjar,red_bull,76.629000,28.000000,1.000000,,,21.742000,24.504000,30.383000,5869.124000,5893.628000,5924.011000,240.000000,278.000000,283.000000,306.000000,False,SOFT,32.000000,False,Red Bull Racing,5847.322000,,1,6.000000,False,,False,True
2026,5,Canadian Grand Prix,R,6001.044000,HAD,6,hadjar,red_bull,77.093000,29.000000,1.000000,,,22.013000,24.628000,30.452000,5946.024000,5970.652000,6001.104000,239.000000,279.000000,281.000000,305.000000,False,SOFT,33.000000,False,Red Bull Racing,5923.951000,,1,6.000000,False,,False,True
2026,5,Canadian Grand Prix,R,6083.362000,HAD,6,hadjar,red_bull,82.318000,30.000000,1.000000,,,21.816000,24.449000,36.053000,6022.920000,6047.369000,6083.422000,240.000000,277.000000,189.000000,310.000000,False,SOFT,34.000000,False,Red Bull Racing,6001.044000,,126,5.000000,False,,False,False
2026,5,Canadian Grand Prix,R,6200.880000,HAD,6,hadjar,red_bull,117.518000,31.000000,1.000000,,6177.689000,26.876000,35.326000,55.316000,6110.298000,6145.624000,6200.940000,197.000000,200.000000,,191.000000,False,SOFT,35.000000,False,Red Bull Racing,6083.362000,,6,4.000000,False,,False,False
2026,5,Canadian Grand Prix,R,6297.262000,HAD,6,hadjar,red_bull,96.382000,32.000000,2.000000,6202.424000,,31.260000,32.702000,32.420000,6232.200000,6264.902000,6297.322000,212.000000,234.000000,279.000000,323.000000,False,MEDIUM,1.000000,True,Red Bull Racing,6200.880000,,671,4.000000,False,,False,False
2026,5,Canadian Grand Prix,R,6375.956000,HAD,6,hadjar,red_bull,78.694000,33.000000,2.000000,,,22.687000,25.151000,30.856000,6320.009000,6345.160000,6376.016000,238.000000,280.000000,283.000000,308.000000,False,MEDIUM,2.000000,True,Red Bull Racing,6297.262000,,1,4.000000,False,,False,True
2026,5,Canadian Grand Prix,R,6453.306000,HAD,6,hadjar,red_bull,77.350000,34.000000,2.000000,,,21.957000,24.673000,30.720000,6397.973000,6422.646000,6453.366000,241.000000,277.000000,285.000000,305.000000,False,MEDIUM,3.000000,True,Red Bull Racing,6375.956000,,1,4.000000,False,,False,True
2026,5,Canadian Grand Prix,R,6529.788000,HAD,6,hadjar,red_bull,76.482000,35.000000,2.000000,,,21.716000,24.316000,30.450000,6475.082000,6499.398000,6529.848000,240.000000,281.000000,279.000000,301.000000,False,MEDIUM,4.000000,True,Red Bull Racing,6453.306000,,1,4.000000,False,,False,True
2026,5,Canadian Grand Prix,R,6605.814000,HAD,6,hadjar,red_bull,76.026000,36.000000,2.000000,,,21.763000,24.131000,30.132000,6551.611000,6575.742000,6605.874000,242.000000,278.000000,285.000000,305.000000,True,MEDIUM,5.000000,True,Red Bull Racing,6529.788000,,1,4.000000,False,,False,True
2026,5,Canadian Grand Prix,R,6681.273000,HAD,6,hadjar,red_bull,75.459000,37.000000,2.000000,,,21.544000,24.174000,29.741000,6627.418000,6651.592000,6681.333000,240.000000,283.000000,289.000000,316.000000,True,MEDIUM,6.000000,True,Red Bull Racing,6605.814000,,1,4.000000,False,,False,True
2026,5,Canadian Grand Prix,R,6756.685000,HAD,6,hadjar,red_bull,75.412000,38.000000,2.000000,,,21.441000,23.940000,30.031000,6702.774000,6726.714000,6756.745000,243.000000,281.000000,278.000000,310.000000,True,MEDIUM,7.000000,True,Red Bull Racing,6681.273000,,1,4.000000,False,,False,True
2026,5,Canadian Grand Prix,R,6833.197000,HAD,6,hadjar,red_bull,76.512000,39.000000,2.000000,,,21.740000,24.178000,30.594000,6778.485000,6802.663000,6833.257000,242.000000,276.000000,292.000000,308.000000,False,MEDIUM,8.000000,True,Red Bull Racing,6756.685000,,1,5.000000,False,,False,True
2026,5,Canadian Grand Prix,R,6909.445000,HAD,6,hadjar,red_bull,76.248000,40.000000,2.000000,,,21.830000,24.236000,30.182000,6855.087000,6879.323000,6909.505000,245.000000,283.000000,291.000000,319.000000,False,MEDIUM,9.000000,True,Red Bull Racing,6833.197000,,12,5.000000,False,,False,True
2026,5,Canadian Grand Prix,R,6985.060000,HAD,6,hadjar,red_bull,75.615000,41.000000,2.000000,,,21.585000,24.138000,29.892000,6931.090000,6955.228000,6985.120000,243.000000,283.000000,285.000000,315.000000,False,MEDIUM,10.000000,True,Red Bull Racing,6909.445000,,1,5.000000,False,,False,True
2026,5,Canadian Grand Prix,R,7060.841000,HAD,6,hadjar,red_bull,75.781000,42.000000,2.000000,,,21.787000,24.213000,29.781000,7006.907000,7031.120000,7060.901000,244.000000,283.000000,287.000000,312.000000,False,MEDIUM,11.000000,True,Red Bull Racing,6985.060000,,1,5.000000,False,,False,True
2026,5,Canadian Grand Prix,R,7136.304000,HAD,6,hadjar,red_bull,75.463000,43.000000,2.000000,,,21.556000,23.980000,29.927000,7082.457000,7106.437000,7136.364000,243.000000,281.000000,285.000000,314.000000,False,MEDIUM,12.000000,True,Red Bull Racing,7060.841000,,1,5.000000,False,,False,True
2026,5,Canadian Grand Prix,R,7212.053000,HAD,6,hadjar,red_bull,75.749000,44.000000,2.000000,,,21.544000,24.143000,30.062000,7157.908000,7182.051000,7212.113000,243.000000,281.000000,286.000000,311.000000,False,MEDIUM,13.000000,True,Red Bull Racing,7136.304000,,1,5.000000,False,,False,True
2026,5,Canadian Grand Prix,R,7287.414000,HAD,6,hadjar,red_bull,75.361000,45.000000,2.000000,,,21.388000,24.007000,29.966000,7233.501000,7257.508000,7287.474000,243.000000,283.000000,294.000000,310.000000,True,MEDIUM,14.000000,True,Red Bull Racing,7212.053000,,1,5.000000,False,,False,True
2026,5,Canadian Grand Prix,R,7378.514000,HAD,6,hadjar,red_bull,91.100000,46.000000,2.000000,,,30.424000,29.529000,31.147000,7317.898000,7347.427000,7378.574000,199.000000,234.000000,292.000000,326.000000,False,MEDIUM,15.000000,True,Red Bull Racing,7287.414000,,167,5.000000,False,,False,False
2026,5,Canadian Grand Prix,R,7455.402000,HAD,6,hadjar,red_bull,76.888000,47.000000,2.000000,,,21.605000,25.005000,30.278000,7400.179000,7425.184000,7455.462000,243.000000,279.000000,282.000000,303.000000,False,MEDIUM,16.000000,True,Red Bull Racing,7378.514000,,1,5.000000,False,,False,True
2026,5,Canadian Grand Prix,R,7530.977000,HAD,6,hadjar,red_bull,75.575000,48.000000,2.000000,,,21.604000,24.178000,29.793000,7477.066000,7501.244000,7531.037000,242.000000,280.000000,287.000000,314.000000,False,MEDIUM,17.000000,True,Red Bull Racing,7455.402000,,1,5.000000,False,,False,True
2026,5,Canadian Grand Prix,R,7606.650000,HAD,6,hadjar,red_bull,75.673000,49.000000,2.000000,,,21.500000,24.035000,30.138000,7552.537000,7576.572000,7606.710000,244.000000,279.000000,285.000000,305.000000,False,MEDIUM,18.000000,True,Red Bull Racing,7530.977000,,1,5.000000,False,,False,True
2026,5,Canadian Grand Prix,R,7682.216000,HAD,6,hadjar,red_bull,75.566000,50.000000,2.000000,,,21.596000,24.050000,29.920000,7628.306000,7652.356000,7682.276000,242.000000,280.000000,283.000000,306.000000,False,MEDIUM,19.000000,True,Red Bull Racing,7606.650000,,1,5.000000,False,,False,True
2026,5,Canadian Grand Prix,R,7757.727000,HAD,6,hadjar,red_bull,75.511000,51.000000,2.000000,,,21.420000,24.166000,29.925000,7703.696000,7727.862000,7757.787000,244.000000,282.000000,288.000000,313.000000,False,MEDIUM,20.000000,True,Red Bull Racing,7682.216000,,1,5.000000,False,,False,True
2026,5,Canadian Grand Prix,R,7868.036000,HAD,6,hadjar,red_bull,110.309000,52.000000,2.000000,,7834.905000,21.445000,23.974000,64.890000,7779.232000,7803.206000,7868.096000,246.000000,286.000000,,233.000000,False,MEDIUM,21.000000,True,Red Bull Racing,7757.727000,,16,5.000000,False,,False,False
2026,5,Canadian Grand Prix,R,7965.717000,HAD,6,hadjar,red_bull,97.681000,53.000000,3.000000,7869.610000,,28.819000,33.114000,35.748000,7896.915000,7930.029000,7965.777000,207.000000,226.000000,299.000000,284.000000,False,SOFT,5.000000,False,Red Bull Racing,7868.036000,,671,5.000000,False,,False,False
2026,5,Canadian Grand Prix,R,8043.341000,HAD,6,hadjar,red_bull,77.624000,54.000000,3.000000,,,22.422000,24.742000,30.460000,7988.199000,8012.941000,8043.401000,242.000000,282.000000,284.000000,308.000000,False,SOFT,6.000000,False,Red Bull Racing,7965.717000,,1,5.000000,False,,False,True
2026,5,Canadian Grand Prix,R,8119.336000,HAD,6,hadjar,red_bull,75.995000,55.000000,3.000000,,,21.816000,24.285000,29.894000,8065.217000,8089.502000,8119.396000,242.000000,282.000000,287.000000,310.000000,False,SOFT,7.000000,False,Red Bull Racing,8043.341000,,1,5.000000,False,,False,True
2026,5,Canadian Grand Prix,R,8194.499000,HAD,6,hadjar,red_bull,75.163000,56.000000,3.000000,,,21.414000,24.022000,29.727000,8140.810000,8164.832000,8194.559000,244.000000,282.000000,289.000000,315.000000,True,SOFT,8.000000,False,Red Bull Racing,8119.336000,,1,5.000000,False,,False,True
2026,5,Canadian Grand Prix,R,8269.509000,HAD,6,hadjar,red_bull,75.010000,57.000000,3.000000,,,21.392000,24.015000,29.603000,8215.951000,8239.966000,8269.569000,245.000000,280.000000,282.000000,310.000000,True,SOFT,9.000000,False,Red Bull Racing,8194.499000,,1,5.000000,False,,False,True
2026,5,Canadian Grand Prix,R,8344.267000,HAD,6,hadjar,red_bull,74.758000,58.000000,3.000000,,,21.275000,23.858000,29.625000,8290.844000,8314.702000,8344.327000,244.000000,284.000000,290.000000,312.000000,True,SOFT,10.000000,False,Red Bull Racing,8269.509000,,1,5.000000,False,,False,True
2026,5,Canadian Grand Prix,R,8419.522000,HAD,6,hadjar,red_bull,75.255000,59.000000,3.000000,,,21.291000,24.077000,29.887000,8365.618000,8389.695000,8419.582000,245.000000,283.000000,285.000000,304.000000,False,SOFT,11.000000,False,Red Bull Racing,8344.267000,,1,5.000000,False,,False,True
2026,5,Canadian Grand Prix,R,8494.530000,HAD,6,hadjar,red_bull,75.008000,60.000000,3.000000,,,21.250000,23.867000,29.891000,8440.832000,8464.699000,8494.590000,245.000000,282.000000,284.000000,309.000000,False,SOFT,12.000000,False,Red Bull Racing,8419.522000,,1,5.000000,False,,False,True
2026,5,Canadian Grand Prix,R,8569.579000,HAD,6,hadjar,red_bull,75.049000,61.000000,3.000000,,,21.330000,24.069000,29.650000,8515.920000,8539.989000,8569.639000,243.000000,282.000000,284.000000,314.000000,False,SOFT,13.000000,False,Red Bull Racing,8494.530000,,12,5.000000,False,,False,True
2026,5,Canadian Grand Prix,R,8672.575000,HAD,6,hadjar,red_bull,102.996000,62.000000,3.000000,,8639.361000,21.276000,24.117000,57.603000,8590.915000,8615.032000,8672.635000,245.000000,278.000000,,300.000000,False,SOFT,14.000000,False,Red Bull Racing,8569.579000,,1,5.000000,False,,False,False
2026,5,Canadian Grand Prix,R,8752.118000,HAD,6,hadjar,red_bull,79.543000,63.000000,4.000000,8674.208000,,24.872000,24.676000,29.995000,8697.507000,8722.183000,8752.178000,245.000000,286.000000,285.000000,326.000000,False,SOFT,15.000000,False,Red Bull Racing,8672.575000,,1,5.000000,False,,False,False
2026,5,Canadian Grand Prix,R,8827.517000,HAD,6,hadjar,red_bull,75.399000,64.000000,4.000000,,,21.476000,23.993000,29.930000,8773.654000,8797.647000,8827.577000,246.000000,284.000000,287.000000,311.000000,False,SOFT,16.000000,False,Red Bull Racing,8752.118000,,1,5.000000,False,,False,True
2026,5,Canadian Grand Prix,R,8902.527000,HAD,6,hadjar,red_bull,75.010000,65.000000,4.000000,,,21.381000,23.928000,29.701000,8848.958000,8872.886000,8902.587000,244.000000,283.000000,287.000000,310.000000,False,SOFT,17.000000,False,Red Bull Racing,8827.517000,,1,5.000000,False,,False,True
2026,5,Canadian Grand Prix,R,8978.757000,HAD,6,hadjar,red_bull,76.230000,66.000000,4.000000,,,21.347000,24.446000,30.437000,8923.934000,8948.380000,8978.817000,245.000000,280.000000,286.000000,305.000000,False,SOFT,18.000000,False,Red Bull Racing,8902.527000,,1,5.000000,False,,False,True
2026,5,Canadian Grand Prix,R,9053.335000,HAD,6,hadjar,red_bull,74.578000,67.000000,4.000000,,,21.180000,23.820000,29.578000,8999.997000,9023.817000,9053.395000,244.000000,281.000000,284.000000,311.000000,True,SOFT,19.000000,False,Red Bull Racing,8978.757000,,1,5.000000,False,,False,True
2026,5,Canadian Grand Prix,R,3840.509000,RUS,63,russell,mercedes,87.965000,1.000000,1.000000,,,,26.419000,31.635000,,3809.106000,3840.697000,234.000000,285.000000,283.000000,315.000000,False,SOFT,4.000000,False,Mercedes,3752.281000,,1,3.000000,False,,False,False
2026,5,Canadian Grand Prix,R,3921.434000,RUS,63,russell,mercedes,80.925000,2.000000,1.000000,,,23.553000,25.496000,31.876000,3864.084000,3889.580000,3921.456000,239.000000,286.000000,289.000000,318.000000,True,SOFT,5.000000,False,Mercedes,3840.509000,,1,2.000000,False,,False,True
2026,5,Canadian Grand Prix,R,4000.854000,RUS,63,russell,mercedes,79.420000,3.000000,1.000000,,,23.408000,25.005000,31.007000,3944.864000,3969.869000,4000.876000,232.000000,278.000000,283.000000,313.000000,True,SOFT,6.000000,False,Mercedes,3921.434000,,1,2.000000,False,,False,True
2026,5,Canadian Grand Prix,R,4078.799000,RUS,63,russell,mercedes,77.945000,4.000000,1.000000,,,22.525000,24.756000,30.664000,4023.401000,4048.157000,4078.821000,235.000000,282.000000,276.000000,315.000000,True,SOFT,7.000000,False,Mercedes,4000.854000,,1,2.000000,False,,False,True
2026,5,Canadian Grand Prix,R,4155.833000,RUS,63,russell,mercedes,77.034000,5.000000,1.000000,,,22.186000,24.480000,30.368000,4101.007000,4125.487000,4155.855000,238.000000,282.000000,280.000000,319.000000,True,SOFT,8.000000,False,Mercedes,4078.799000,,1,2.000000,False,,False,True
2026,5,Canadian Grand Prix,R,4232.198000,RUS,63,russell,mercedes,76.365000,6.000000,1.000000,,,22.024000,24.190000,30.151000,4177.879000,4202.069000,4232.220000,238.000000,285.000000,285.000000,333.000000,True,SOFT,9.000000,False,Mercedes,4155.833000,,1,1.000000,False,,False,True
2026,5,Canadian Grand Prix,R,4308.782000,RUS,63,russell,mercedes,76.584000,7.000000,1.000000,,,21.738000,24.313000,30.533000,4253.958000,4278.271000,4308.804000,236.000000,274.000000,271.000000,308.000000,False,SOFT,10.000000,False,Mercedes,4232.198000,,1,1.000000,False,,False,True
2026,5,Canadian Grand Prix,R,4384.887000,RUS,63,russell,mercedes,76.105000,8.000000,1.000000,,,21.850000,24.177000,30.078000,4330.654000,4354.831000,4384.909000,236.000000,275.000000,271.000000,309.000000,True,SOFT,11.000000,False,Mercedes,4308.782000,,1,1.000000,False,,False,True
2026,5,Canadian Grand Prix,R,4460.683000,RUS,63,russell,mercedes,75.796000,9.000000,1.000000,,,21.751000,24.142000,29.903000,4406.660000,4430.802000,4460.705000,236.000000,276.000000,273.000000,312.000000,True,SOFT,12.000000,False,Mercedes,4384.887000,,1,1.000000,False,,False,True
2026,5,Canadian Grand Prix,R,4536.461000,RUS,63,russell,mercedes,75.778000,10.000000,1.000000,,,21.668000,24.109000,30.001000,4482.373000,4506.482000,4536.483000,237.000000,279.000000,271.000000,309.000000,True,SOFT,13.000000,False,Mercedes,4460.683000,,1,1.000000,False,,False,True
2026,5,Canadian Grand Prix,R,4612.033000,RUS,63,russell,mercedes,75.572000,11.000000,1.000000,,,21.485000,24.034000,30.053000,4557.968000,4582.002000,4612.055000,238.000000,275.000000,271.000000,308.000000,True,SOFT,14.000000,False,Mercedes,4536.461000,,1,1.000000,False,,False,True
2026,5,Canadian Grand Prix,R,4688.837000,RUS,63,russell,mercedes,76.804000,12.000000,1.000000,,,21.483000,23.953000,31.368000,4633.538000,4657.491000,4688.859000,238.000000,275.000000,275.000000,316.000000,False,SOFT,15.000000,False,Mercedes,4612.033000,,1,1.000000,True,TRACK LIMITS AT TURN 10 LAP 12 ,False,True
2026,5,Canadian Grand Prix,R,4766.178000,RUS,63,russell,mercedes,77.341000,13.000000,1.000000,,,22.740000,24.186000,30.415000,4711.599000,4735.785000,4766.200000,234.000000,277.000000,274.000000,310.000000,False,SOFT,16.000000,False,Mercedes,4688.837000,,12,1.000000,False,,False,True
2026,5,Canadian Grand Prix,R,4842.370000,RUS,63,russell,mercedes,76.192000,14.000000,1.000000,,,21.668000,24.059000,30.465000,4787.868000,4811.927000,4842.392000,238.000000,278.000000,272.000000,316.000000,False,SOFT,17.000000,False,Mercedes,4766.178000,,21,1.000000,False,,False,True
2026,5,Canadian Grand Prix,R,4918.161000,RUS,63,russell,mercedes,75.791000,15.000000,1.000000,,,21.560000,24.016000,30.215000,4863.952000,4887.968000,4918.183000,238.000000,280.000000,284.000000,308.000000,False,SOFT,18.000000,False,Mercedes,4842.370000,,1,1.000000,False,,False,True
2026,5,Canadian Grand Prix,R,4993.638000,RUS,63,russell,mercedes,75.477000,16.000000,1.000000,,,21.517000,24.073000,29.887000,4939.700000,4963.773000,4993.660000,238.000000,279.000000,276.000000,316.000000,True,SOFT,19.000000,False,Mercedes,4918.161000,,1,1.000000,False,,False,True
2026,5,Canadian Grand Prix,R,5070.183000,RUS,63,russell,mercedes,76.545000,17.000000,1.000000,,,21.635000,24.186000,30.724000,5015.295000,5039.481000,5070.205000,237.000000,278.000000,272.000000,313.000000,False,SOFT,20.000000,False,Mercedes,4993.638000,,1,1.000000,False,,False,True
2026,5,Canadian Grand Prix,R,5145.918000,RUS,63,russell,mercedes,75.735000,18.000000,1.000000,,,21.648000,24.069000,30.018000,5091.853000,5115.922000,5145.940000,237.000000,277.000000,275.000000,314.000000,False,SOFT,21.000000,False,Mercedes,5070.183000,,1,1.000000,False,,False,True
2026,5,Canadian Grand Prix,R,5221.494000,RUS,63,russell,mercedes,75.576000,19.000000,1.000000,,,21.608000,24.092000,29.876000,5167.548000,5191.640000,5221.516000,238.000000,281.000000,275.000000,320.000000,False,SOFT,22.000000,False,Mercedes,5145.918000,,12,1.000000,False,,False,True
2026,5,Canadian Grand Prix,R,5297.032000,RUS,63,russell,mercedes,75.538000,20.000000,1.000000,,,21.611000,24.033000,29.894000,5243.127000,5267.160000,5297.054000,238.000000,278.000000,277.000000,315.000000,False,SOFT,23.000000,False,Mercedes,5221.494000,,1,1.000000,False,,False,True
2026,5,Canadian Grand Prix,R,5372.791000,RUS,63,russell,mercedes,75.759000,21.000000,1.000000,,,21.545000,23.998000,30.216000,5318.599000,5342.597000,5372.813000,237.000000,280.000000,276.000000,316.000000,False,SOFT,24.000000,False,Mercedes,5297.032000,,1,1.000000,False,,False,True
2026,5,Canadian Grand Prix,R,5449.448000,RUS,63,russell,mercedes,76.657000,22.000000,1.000000,,,21.784000,24.096000,30.777000,5394.597000,5418.693000,5449.470000,238.000000,282.000000,282.000000,312.000000,False,SOFT,25.000000,False,Mercedes,5372.791000,,1,2.000000,False,,False,True
2026,5,Canadian Grand Prix,R,5525.325000,RUS,63,russell,mercedes,75.877000,23.000000,1.000000,,,22.019000,24.131000,29.727000,5471.489000,5495.620000,5525.347000,237.000000,283.000000,279.000000,335.000000,False,SOFT,26.000000,False,Mercedes,5449.448000,,1,2.000000,False,,False,True
2026,5,Canadian Grand Prix,R,5602.153000,RUS,63,russell,mercedes,76.828000,24.000000,1.000000,,,21.603000,24.084000,31.141000,5546.950000,5571.034000,5602.175000,238.000000,282.000000,276.000000,318.000000,False,SOFT,27.000000,False,Mercedes,5525.325000,,1,2.000000,True,TRACK LIMITS AT TURN 14 LAP 24 ,False,True
2026,5,Canadian Grand Prix,R,5679.191000,RUS,63,russell,mercedes,77.038000,25.000000,1.000000,,,22.080000,24.356000,30.602000,5624.255000,5648.611000,5679.213000,237.000000,278.000000,274.000000,324.000000,False,SOFT,28.000000,False,Mercedes,5602.153000,,1,1.000000,False,,False,True
2026,5,Canadian Grand Prix,R,5755.512000,RUS,63,russell,mercedes,76.321000,26.000000,1.000000,,,21.786000,24.397000,30.138000,5700.999000,5725.396000,5755.534000,236.000000,276.000000,271.000000,310.000000,False,SOFT,29.000000,False,Mercedes,5679.191000,,1,1.000000,False,,False,True
2026,5,Canadian Grand Prix,R,5831.785000,RUS,63,russell,mercedes,76.273000,27.000000,1.000000,,,21.774000,24.276000,30.223000,5777.308000,5801.584000,5831.807000,237.000000,278.000000,273.000000,311.000000,False,SOFT,30.000000,False,Mercedes,5755.512000,,1,1.000000,False,,False,True
2026,5,Canadian Grand Prix,R,5908.057000,RUS,63,russell,mercedes,76.272000,28.000000,1.000000,,,21.916000,24.208000,30.148000,5853.723000,5877.931000,5908.079000,238.000000,279.000000,270.000000,311.000000,False,SOFT,31.000000,False,Mercedes,5831.785000,,1,1.000000,False,,False,True
2026,5,Canadian Grand Prix,R,5983.598000,RUS,63,russell,mercedes,75.541000,29.000000,1.000000,,,21.577000,24.039000,29.925000,5929.656000,5953.695000,5983.620000,238.000000,281.000000,279.000000,316.000000,False,SOFT,32.000000,False,Mercedes,5908.057000,,1,1.000000,False,,False,True
2026,5,Canadian Grand Prix,R,6133.598000,RUS,63,russell,mercedes,,30.000000,1.000000,,,,,,,,,,,,,,SOFT,33.000000,False,Mercedes,5983.598000,,126,,False,,True,False
2026,5,Canadian Grand Prix,R,3851.275000,BOT,77,bottas,cadillac,98.731000,1.000000,1.000000,,,,29.157000,33.988000,,3817.364000,3851.338000,200.000000,279.000000,277.000000,321.000000,False,INTERMEDIATE,1.000000,True,Cadillac,3752.281000,,1,18.000000,False,,False,False
2026,5,Canadian Grand Prix,R,3938.952000,BOT,77,bottas,cadillac,87.677000,2.000000,1.000000,,,25.636000,28.413000,33.628000,3876.929000,3905.342000,3938.970000,206.000000,274.000000,271.000000,314.000000,True,INTERMEDIATE,2.000000,True,Cadillac,3851.275000,,1,15.000000,False,,False,True
2026,5,Canadian Grand Prix,R,4046.756000,BOT,77,bottas,cadillac,107.804000,3.000000,1.000000,,4020.092000,25.338000,28.634000,53.832000,3964.308000,3992.942000,4046.774000,214.000000,260.000000,,302.000000,False,INTERMEDIATE,3.000000,True,Cadillac,3938.952000,,1,21.000000,False,,False,False
2026,5,Canadian Grand Prix,R,4133.550000,BOT,77,bottas,cadillac,86.794000,4.000000,2.000000,4048.382000,,27.036000,27.229000,32.529000,4073.810000,4101.039000,4133.568000,205.000000,266.000000,277.000000,296.000000,False,SOFT,1.000000,True,Cadillac,4046.756000,,1,21.000000,False,,False,False
2026,5,Canadian Grand Prix,R,4215.788000,BOT,77,bottas,cadillac,82.238000,5.000000,2.000000,,,23.896000,26.332000,32.010000,4157.464000,4183.796000,4215.806000,225.000000,259.000000,276.000000,295.000000,True,SOFT,2.000000,True,Cadillac,4133.550000,,1,21.000000,False,,False,True
2026,5,Canadian Grand Prix,R,4296.828000,BOT,77,bottas,cadillac,81.040000,6.000000,2.000000,,,23.305000,25.930000,31.805000,4239.111000,4265.041000,4296.846000,225.000000,261.000000,267.000000,288.000000,True,SOFT,3.000000,True,Cadillac,4215.788000,,1,21.000000,False,,False,True
2026,5,Canadian Grand Prix,R,4377.117000,BOT,77,bottas,cadillac,80.289000,7.000000,2.000000,,,22.891000,25.792000,31.606000,4319.737000,4345.529000,4377.135000,226.000000,263.000000,264.000000,290.000000,True,SOFT,4.000000,True,Cadillac,4296.828000,,1,21.000000,False,,False,True
2026,5,Canadian Grand Prix,R,4457.042000,BOT,77,bottas,cadillac,79.925000,8.000000,2.000000,,,22.908000,25.682000,31.335000,4400.043000,4425.725000,4457.060000,228.000000,265.000000,267.000000,291.000000,True,SOFT,5.000000,True,Cadillac,4377.117000,,1,21.000000,False,,False,True
2026,5,Canadian Grand Prix,R,4556.481000,BOT,77,bottas,cadillac,99.439000,9.000000,2.000000,,4533.182000,22.925000,25.656000,50.858000,4479.985000,4505.641000,4556.499000,225.000000,263.000000,,304.000000,False,SOFT,6.000000,True,Cadillac,4457.042000,,1,21.000000,False,,False,False
2026,5,Canadian Grand Prix,R,4642.511000,BOT,77,bottas,cadillac,86.030000,10.000000,3.000000,4558.036000,,26.794000,27.522000,31.714000,4583.293000,4610.815000,4642.529000,223.000000,273.000000,279.000000,295.000000,False,MEDIUM,1.000000,True,Cadillac,4556.481000,,1,21.000000,False,,False,False
2026,5,Canadian Grand Prix,R,4722.428000,BOT,77,bottas,cadillac,79.917000,11.000000,3.000000,,,23.015000,25.481000,31.421000,4665.544000,4691.025000,4722.446000,226.000000,269.000000,271.000000,296.000000,True,MEDIUM,2.000000,True,Cadillac,4642.511000,,12,21.000000,False,,False,True
2026,5,Canadian Grand Prix,R,4804.666000,BOT,77,bottas,cadillac,82.238000,12.000000,3.000000,,,23.183000,26.944000,32.111000,4745.629000,4772.573000,4804.684000,227.000000,260.000000,269.000000,300.000000,False,MEDIUM,3.000000,True,Cadillac,4722.428000,,2,20.000000,False,,False,True
2026,5,Canadian Grand Prix,R,4887.409000,BOT,77,bottas,cadillac,82.743000,13.000000,3.000000,,,23.021000,28.425000,31.297000,4827.705000,4856.130000,4887.427000,226.000000,272.000000,273.000000,303.000000,False,MEDIUM,4.000000,True,Cadillac,4804.666000,,21,20.000000,False,,False,True
2026,5,Canadian Grand Prix,R,4966.770000,BOT,77,bottas,cadillac,79.361000,14.000000,3.000000,,,22.671000,25.366000,31.324000,4910.098000,4935.464000,4966.788000,230.000000,269.000000,270.000000,297.000000,True,MEDIUM,5.000000,True,Cadillac,4887.409000,,1,20.000000,False,,False,True
2026,5,Canadian Grand Prix,R,5045.995000,BOT,77,bottas,cadillac,79.225000,15.000000,3.000000,,,22.804000,25.218000,31.203000,4989.592000,5014.810000,5046.013000,227.000000,270.000000,270.000000,295.000000,True,MEDIUM,6.000000,True,Cadillac,4966.770000,,1,20.000000,False,,False,True
2026,5,Canadian Grand Prix,R,5125.527000,BOT,77,bottas,cadillac,79.532000,16.000000,3.000000,,,22.686000,25.428000,31.418000,5068.699000,5094.127000,5125.545000,229.000000,265.000000,267.000000,291.000000,False,MEDIUM,7.000000,True,Cadillac,5045.995000,,1,20.000000,False,,False,True
2026,5,Canadian Grand Prix,R,5207.370000,BOT,77,bottas,cadillac,81.843000,17.000000,3.000000,,,22.732000,25.362000,33.749000,5148.277000,5173.639000,5207.388000,228.000000,268.000000,264.000000,290.000000,False,MEDIUM,8.000000,True,Cadillac,5125.527000,,12,20.000000,True,TRACK LIMITS AT TURN 10 LAP 17 ,False,True
2026,5,Canadian Grand Prix,R,5288.475000,BOT,77,bottas,cadillac,81.105000,18.000000,3.000000,,,24.452000,25.455000,31.198000,5231.840000,5257.295000,5288.493000,229.000000,271.000000,278.000000,297.000000,False,MEDIUM,9.000000,True,Cadillac,5207.370000,,1,20.000000,False,,False,True
2026,5,Canadian Grand Prix,R,5368.166000,BOT,77,bottas,cadillac,79.691000,19.000000,3.000000,,,22.737000,25.543000,31.411000,5311.230000,5336.773000,5368.184000,227.000000,268.000000,269.000000,292.000000,False,MEDIUM,10.000000,True,Cadillac,5288.475000,,1,20.000000,False,,False,True
2026,5,Canadian Grand Prix,R,5450.719000,BOT,77,bottas,cadillac,82.553000,20.000000,3.000000,,,23.029000,26.442000,33.082000,5391.213000,5417.655000,5450.737000,227.000000,268.000000,272.000000,246.000000,False,MEDIUM,11.000000,True,Cadillac,5368.166000,,1,20.000000,False,,False,True
2026,5,Canadian Grand Prix,R,5530.209000,BOT,77,bottas,cadillac,79.490000,21.000000,3.000000,,,22.842000,25.406000,31.242000,5473.579000,5498.985000,5530.227000,228.000000,269.000000,272.000000,297.000000,False,MEDIUM,12.000000,True,Cadillac,5450.719000,,1,20.000000,False,,False,True
2026,5,Canadian Grand Prix,R,5611.173000,BOT,77,bottas,cadillac,80.964000,22.000000,3.000000,,,22.918000,26.683000,31.363000,5553.145000,5579.828000,5611.191000,227.000000,271.000000,271.000000,304.000000,False,MEDIUM,13.000000,True,Cadillac,5530.209000,,1,20.000000,False,,False,True
2026,5,Canadian Grand Prix,R,5691.645000,BOT,77,bottas,cadillac,80.472000,23.000000,3.000000,,,22.883000,25.760000,31.829000,5634.074000,5659.834000,5691.663000,229.000000,267.000000,273.000000,306.000000,False,MEDIUM,14.000000,True,Cadillac,5611.173000,,1,20.000000,False,,False,True
2026,5,Canadian Grand Prix,R,5773.492000,BOT,77,bottas,cadillac,81.847000,24.000000,3.000000,,,23.765000,26.607000,31.475000,5715.428000,5742.035000,5773.510000,219.000000,275.000000,236.000000,321.000000,False,MEDIUM,15.000000,True,Cadillac,5691.645000,,1,20.000000,False,,False,True
2026,5,Canadian Grand Prix,R,5854.065000,BOT,77,bottas,cadillac,80.573000,25.000000,3.000000,,,23.647000,25.548000,31.378000,5797.157000,5822.705000,5854.083000,227.000000,270.000000,267.000000,295.000000,False,MEDIUM,16.000000,True,Cadillac,5773.492000,,1,19.000000,False,,False,True
2026,5,Canadian Grand Prix,R,5933.523000,BOT,77,bottas,cadillac,79.458000,26.000000,3.000000,,,22.807000,25.454000,31.197000,5876.890000,5902.344000,5933.541000,228.000000,268.000000,268.000000,290.000000,False,MEDIUM,17.000000,True,Cadillac,5854.065000,,1,19.000000,False,,False,True
2026,5,Canadian Grand Prix,R,6012.859000,BOT,77,bottas,cadillac,79.336000,27.000000,3.000000,,,22.748000,25.318000,31.270000,5956.289000,5981.607000,6012.877000,227.000000,266.000000,268.000000,289.000000,False,MEDIUM,18.000000,True,Cadillac,5933.523000,,1,19.000000,False,,False,True
2026,5,Canadian Grand Prix,R,6103.287000,BOT,77,bottas,cadillac,90.428000,28.000000,3.000000,,,22.662000,26.890000,40.876000,6035.539000,6062.429000,6103.305000,230.000000,258.000000,218.000000,196.000000,False,MEDIUM,19.000000,True,Cadillac,6012.859000,,126,19.000000,False,,False,False
2026,5,Canadian Grand Prix,R,6225.063000,BOT,77,bottas,cadillac,121.776000,29.000000,3.000000,,6202.299000,30.137000,38.409000,53.230000,6133.442000,6171.851000,6225.081000,190.000000,188.000000,,262.000000,False,MEDIUM,20.000000,True,Cadillac,6103.287000,,6,19.000000,False,,False,False
2026,5,Canadian Grand Prix,R,6314.446000,BOT,77,bottas,cadillac,89.383000,30.000000,4.000000,6226.692000,,27.389000,29.748000,32.246000,6252.470000,6282.218000,6314.464000,206.000000,274.000000,278.000000,296.000000,False,SOFT,1.000000,True,Cadillac,6225.063000,,671,18.000000,False,,False,False
2026,5,Canadian Grand Prix,R,6395.593000,BOT,77,bottas,cadillac,81.147000,31.000000,4.000000,,,23.657000,25.908000,31.582000,6338.121000,6364.029000,6395.611000,228.000000,267.000000,273.000000,298.000000,False,SOFT,2.000000,True,Cadillac,6314.446000,,1,18.000000,False,,False,True
2026,5,Canadian Grand Prix,R,6475.560000,BOT,77,bottas,cadillac,79.967000,32.000000,4.000000,,,23.120000,25.590000,31.257000,6418.731000,6444.321000,6475.578000,227.000000,269.000000,274.000000,295.000000,False,SOFT,3.000000,True,Cadillac,6395.593000,,1,18.000000,False,,False,True
2026,5,Canadian Grand Prix,R,6554.723000,BOT,77,bottas,cadillac,79.163000,33.000000,4.000000,,,22.731000,25.194000,31.238000,6498.309000,6523.503000,6554.741000,230.000000,270.000000,273.000000,287.000000,True,SOFT,4.000000,True,Cadillac,6475.560000,,1,18.000000,False,,False,True
2026,5,Canadian Grand Prix,R,6633.963000,BOT,77,bottas,cadillac,79.240000,34.000000,4.000000,,,22.651000,25.218000,31.371000,6577.392000,6602.610000,6633.981000,229.000000,270.000000,268.000000,286.000000,False,SOFT,5.000000,True,Cadillac,6554.723000,,1,18.000000,False,,False,True
2026,5,Canadian Grand Prix,R,6712.958000,BOT,77,bottas,cadillac,78.995000,35.000000,4.000000,,,22.678000,25.191000,31.126000,6656.659000,6681.850000,6712.976000,229.000000,269.000000,269.000000,290.000000,True,SOFT,6.000000,True,Cadillac,6633.963000,,1,18.000000,False,,False,True
2026,5,Canadian Grand Prix,R,6791.845000,BOT,77,bottas,cadillac,78.887000,36.000000,4.000000,,,22.590000,25.108000,31.189000,6735.566000,6760.674000,6791.863000,230.000000,270.000000,269.000000,287.000000,True,SOFT,7.000000,True,Cadillac,6712.958000,,1,18.000000,False,,False,True
2026,5,Canadian Grand Prix,R,6871.506000,BOT,77,bottas,cadillac,79.661000,37.000000,4.000000,,,22.663000,25.849000,31.149000,6814.526000,6840.375000,6871.524000,227.000000,273.000000,268.000000,295.000000,False,SOFT,8.000000,True,Cadillac,6791.845000,,12,18.000000,False,,False,True
2026,5,Canadian Grand Prix,R,6950.435000,BOT,77,bottas,cadillac,78.929000,38.000000,4.000000,,,22.647000,25.136000,31.146000,6894.171000,6919.307000,6950.453000,230.000000,270.000000,273.000000,293.000000,False,SOFT,9.000000,True,Cadillac,6871.506000,,1,18.000000,False,,False,True
2026,5,Canadian Grand Prix,R,7029.210000,BOT,77,bottas,cadillac,78.775000,39.000000,4.000000,,,22.469000,25.191000,31.115000,6972.922000,6998.113000,7029.228000,231.000000,270.000000,272.000000,287.000000,True,SOFT,10.000000,True,Cadillac,6950.435000,,1,17.000000,False,,False,True
2026,5,Canadian Grand Prix,R,7108.066000,BOT,77,bottas,cadillac,78.856000,40.000000,4.000000,,,22.490000,25.101000,31.265000,7051.718000,7076.819000,7108.084000,231.000000,270.000000,271.000000,288.000000,False,SOFT,11.000000,True,Cadillac,7029.210000,,1,17.000000,False,,False,True
2026,5,Canadian Grand Prix,R,7187.125000,BOT,77,bottas,cadillac,79.059000,41.000000,4.000000,,,22.644000,25.252000,31.163000,7130.728000,7155.980000,7187.143000,229.000000,270.000000,270.000000,285.000000,False,SOFT,12.000000,True,Cadillac,7108.066000,,1,16.000000,False,,False,True
2026,5,Canadian Grand Prix,R,7266.537000,BOT,77,bottas,cadillac,79.412000,42.000000,4.000000,,,22.599000,25.329000,31.484000,7209.742000,7235.071000,7266.555000,230.000000,268.000000,238.000000,284.000000,False,SOFT,13.000000,True,Cadillac,7187.125000,,1,16.000000,False,,False,True
2026,5,Canadian Grand Prix,R,7366.079000,BOT,77,bottas,cadillac,99.542000,43.000000,4.000000,,,27.717000,33.984000,37.841000,7294.272000,7328.256000,7366.097000,227.000000,224.000000,255.000000,280.000000,False,SOFT,14.000000,True,Cadillac,7266.537000,,167,16.000000,False,,False,False
2026,5,Canadian Grand Prix,R,7448.194000,BOT,77,bottas,cadillac,82.115000,44.000000,4.000000,,,23.959000,26.361000,31.795000,7390.056000,7416.417000,7448.212000,231.000000,278.000000,272.000000,294.000000,False,SOFT,15.000000,True,Cadillac,7366.079000,,1,16.000000,False,,False,True
2026,5,Canadian Grand Prix,R,7527.298000,BOT,77,bottas,cadillac,79.104000,45.000000,4.000000,,,22.826000,25.221000,31.057000,7471.038000,7496.259000,7527.316000,229.000000,274.000000,276.000000,292.000000,False,SOFT,16.000000,True,Cadillac,7448.194000,,1,16.000000,False,,False,True
2026,5,Canadian Grand Prix,R,7612.590000,BOT,77,bottas,cadillac,85.292000,46.000000,4.000000,,,27.757000,25.401000,32.134000,7555.073000,7580.474000,7612.608000,228.000000,279.000000,279.000000,262.000000,False,SOFT,17.000000,True,Cadillac,7527.298000,,1,16.000000,False,,False,True
2026,5,Canadian Grand Prix,R,7692.872000,BOT,77,bottas,cadillac,80.282000,47.000000,4.000000,,,24.341000,25.012000,30.929000,7636.949000,7661.961000,7692.890000,231.000000,278.000000,279.000000,309.000000,False,SOFT,18.000000,True,Cadillac,7612.590000,,1,16.000000,False,,False,True
2026,5,Canadian Grand Prix,R,7771.542000,BOT,77,bottas,cadillac,78.670000,48.000000,4.000000,,,22.541000,25.141000,30.988000,7715.431000,7740.572000,7771.560000,231.000000,276.000000,272.000000,295.000000,True,SOFT,19.000000,True,Cadillac,7692.872000,,1,16.000000,False,,False,True
2026,5,Canadian Grand Prix,R,7891.065000,BOT,77,bottas,cadillac,119.523000,49.000000,4.000000,,7861.607000,24.479000,31.299000,63.745000,7796.039000,7827.338000,7891.083000,230.000000,161.000000,,251.000000,False,SOFT,20.000000,True,Cadillac,7771.542000,,16,16.000000,False,,False,False
2026,5,Canadian Grand Prix,R,7990.634000,BOT,77,bottas,cadillac,99.569000,50.000000,5.000000,7892.655000,,28.416000,37.152000,34.001000,7919.499000,7956.651000,7990.652000,164.000000,264.000000,277.000000,279.000000,False,MEDIUM,1.000000,True,Cadillac,7891.065000,,671,16.000000,False,,False,False
2026,5,Canadian Grand Prix,R,8072.220000,BOT,77,bottas,cadillac,81.586000,51.000000,5.000000,,,23.824000,26.208000,31.554000,8014.476000,8040.684000,8072.238000,232.000000,271.000000,277.000000,294.000000,False,MEDIUM,2.000000,True,Cadillac,7990.634000,,1,16.000000,False,,False,True
2026,5,Canadian Grand Prix,R,8154.921000,BOT,77,bottas,cadillac,82.701000,52.000000,5.000000,,,24.622000,26.783000,31.296000,8096.860000,8123.643000,8154.939000,230.000000,274.000000,276.000000,299.000000,False,MEDIUM,3.000000,True,Cadillac,8072.220000,,1,16.000000,False,,False,True
2026,5,Canadian Grand Prix,R,8236.606000,BOT,77,bottas,cadillac,81.685000,53.000000,5.000000,,,22.968000,25.425000,33.292000,8177.907000,8203.332000,8236.624000,230.000000,273.000000,279.000000,261.000000,False,MEDIUM,4.000000,True,Cadillac,8154.921000,,1,16.000000,False,,False,True
2026,5,Canadian Grand Prix,R,8315.964000,BOT,77,bottas,cadillac,79.358000,54.000000,5.000000,,,22.923000,25.299000,31.136000,8259.547000,8284.846000,8315.982000,231.000000,276.000000,272.000000,296.000000,False,MEDIUM,5.000000,True,Cadillac,8236.606000,,1,16.000000,False,,False,True
2026,5,Canadian Grand Prix,R,8394.521000,BOT,77,bottas,cadillac,78.557000,55.000000,5.000000,,,22.494000,24.974000,31.089000,8338.476000,8363.450000,8394.539000,232.000000,272.000000,274.000000,292.000000,True,MEDIUM,6.000000,True,Cadillac,8315.964000,,1,16.000000,False,,False,True
2026,5,Canadian Grand Prix,R,8475.587000,BOT,77,bottas,cadillac,81.066000,56.000000,5.000000,,,24.739000,25.271000,31.056000,8419.278000,8444.549000,8475.605000,232.000000,272.000000,277.000000,294.000000,False,MEDIUM,7.000000,True,Cadillac,8394.521000,,1,16.000000,False,,False,True
2026,5,Canadian Grand Prix,R,8553.868000,BOT,77,bottas,cadillac,78.281000,57.000000,5.000000,,,22.426000,24.902000,30.953000,8498.031000,8522.933000,8553.886000,230.000000,272.000000,276.000000,293.000000,True,MEDIUM,8.000000,True,Cadillac,8475.587000,,12,16.000000,False,,False,True
2026,5,Canadian Grand Prix,R,8633.452000,BOT,77,bottas,cadillac,79.584000,58.000000,5.000000,,,22.541000,24.839000,32.204000,8576.427000,8601.266000,8633.470000,231.000000,273.000000,277.000000,283.000000,False,MEDIUM,9.000000,True,Cadillac,8553.868000,,1,16.000000,False,,False,True
2026,5,Canadian Grand Prix,R,8711.177000,BOT,77,bottas,cadillac,77.725000,59.000000,5.000000,,,22.337000,24.744000,30.644000,8655.807000,8680.551000,8711.195000,234.000000,276.000000,276.000000,301.000000,True,MEDIUM,10.000000,True,Cadillac,8633.452000,,1,16.000000,False,,False,True
2026,5,Canadian Grand Prix,R,8789.260000,BOT,77,bottas,cadillac,78.083000,60.000000,5.000000,,,22.386000,24.789000,30.908000,8733.581000,8758.370000,8789.278000,233.000000,272.000000,275.000000,288.000000,False,MEDIUM,11.000000,True,Cadillac,8711.177000,,1,16.000000,False,,False,True
2026,5,Canadian Grand Prix,R,8867.371000,BOT,77,bottas,cadillac,78.111000,61.000000,5.000000,,,22.283000,24.781000,31.047000,8811.561000,8836.342000,8867.389000,231.000000,274.000000,275.000000,288.000000,False,MEDIUM,12.000000,True,Cadillac,8789.260000,,1,16.000000,False,,False,True
2026,5,Canadian Grand Prix,R,8945.622000,BOT,77,bottas,cadillac,78.251000,62.000000,5.000000,,,22.367000,24.973000,30.911000,8889.756000,8914.729000,8945.640000,232.000000,272.000000,275.000000,290.000000,False,MEDIUM,13.000000,True,Cadillac,8867.371000,,1,16.000000,False,,False,True
2026,5,Canadian Grand Prix,R,9023.627000,BOT,77,bottas,cadillac,78.005000,63.000000,5.000000,,,22.336000,24.741000,30.928000,8967.976000,8992.717000,9023.645000,232.000000,274.000000,293.000000,291.000000,False,MEDIUM,14.000000,True,Cadillac,8945.622000,,1,16.000000,False,,False,True
2026,5,Canadian Grand Prix,R,9101.692000,BOT,77,bottas,cadillac,78.065000,64.000000,5.000000,,,22.130000,24.742000,31.193000,9045.775000,9070.517000,9101.710000,233.000000,276.000000,271.000000,292.000000,False,MEDIUM,15.000000,True,Cadillac,9023.627000,,1,16.000000,False,,False,True
2026,5,Canadian Grand Prix,R,3858.068000,PIA,81,piastri,mclaren,105.524000,1.000000,1.000000,,3835.522000,,26.881000,48.015000,,3810.277000,3858.213000,218.000000,287.000000,,319.000000,False,INTERMEDIATE,1.000000,True,McLaren,3752.281000,,1,21.000000,False,,False,False
2026,5,Canadian Grand Prix,R,3942.687000,PIA,81,piastri,mclaren,84.619000,2.000000,2.000000,3859.635000,,26.085000,26.273000,32.261000,3884.170000,3910.443000,3942.704000,234.000000,278.000000,277.000000,307.000000,False,MEDIUM,1.000000,True,McLaren,3858.068000,,1,17.000000,False,,False,False
2026,5,Canadian Grand Prix,R,4024.506000,PIA,81,piastri,mclaren,81.819000,3.000000,2.000000,,,23.446000,26.680000,31.693000,3966.150000,3992.830000,4024.523000,234.000000,273.000000,277.000000,315.000000,True,MEDIUM,2.000000,True,McLaren,3942.687000,,1,16.000000,False,,False,True
2026,5,Canadian Grand Prix,R,4105.280000,PIA,81,piastri,mclaren,80.774000,4.000000,2.000000,,,23.336000,26.038000,31.400000,4047.859000,4073.897000,4105.297000,233.000000,278.000000,279.000000,306.000000,True,MEDIUM,3.000000,True,McLaren,4024.506000,,1,15.000000,False,,False,True
2026,5,Canadian Grand Prix,R,4184.546000,PIA,81,piastri,mclaren,79.266000,5.000000,2.000000,,,22.900000,25.365000,31.001000,4128.197000,4153.562000,4184.563000,232.000000,276.000000,281.000000,304.000000,True,MEDIUM,4.000000,True,McLaren,4105.280000,,1,15.000000,False,,False,True
2026,5,Canadian Grand Prix,R,4262.515000,PIA,81,piastri,mclaren,77.969000,6.000000,2.000000,,,22.284000,24.897000,30.788000,4206.847000,4231.744000,4262.532000,236.000000,278.000000,283.000000,306.000000,True,MEDIUM,5.000000,True,McLaren,4184.546000,,1,15.000000,False,,False,True
2026,5,Canadian Grand Prix,R,4339.920000,PIA,81,piastri,mclaren,77.405000,7.000000,2.000000,,,22.165000,24.559000,30.681000,4284.697000,4309.256000,4339.937000,236.000000,280.000000,281.000000,310.000000,True,MEDIUM,6.000000,True,McLaren,4262.515000,,1,14.000000,False,,False,True
2026,5,Canadian Grand Prix,R,4417.683000,PIA,81,piastri,mclaren,77.763000,8.000000,2.000000,,,22.312000,24.710000,30.741000,4362.249000,4386.959000,4417.700000,236.000000,285.000000,300.000000,326.000000,False,MEDIUM,7.000000,True,McLaren,4339.920000,,1,14.000000,False,,False,True
2026,5,Canadian Grand Prix,R,4495.540000,PIA,81,piastri,mclaren,77.857000,9.000000,2.000000,,,22.467000,24.599000,30.791000,4440.167000,4464.766000,4495.557000,236.000000,283.000000,287.000000,313.000000,False,MEDIUM,8.000000,True,McLaren,4417.683000,,1,13.000000,False,,False,True
2026,5,Canadian Grand Prix,R,4573.377000,PIA,81,piastri,mclaren,77.837000,10.000000,2.000000,,,22.274000,24.532000,31.031000,4517.831000,4542.363000,4573.394000,236.000000,282.000000,283.000000,312.000000,False,MEDIUM,9.000000,True,McLaren,4495.540000,,1,13.000000,False,,False,True
2026,5,Canadian Grand Prix,R,4650.366000,PIA,81,piastri,mclaren,76.989000,11.000000,2.000000,,,22.070000,24.343000,30.576000,4595.464000,4619.807000,4650.383000,236.000000,282.000000,289.000000,312.000000,True,MEDIUM,10.000000,True,McLaren,4573.377000,,1,13.000000,False,,False,True
2026,5,Canadian Grand Prix,R,4760.052000,PIA,81,piastri,mclaren,109.686000,12.000000,2.000000,,4725.068000,22.124000,24.685000,62.877000,4672.507000,4697.192000,4760.069000,236.000000,292.000000,,257.000000,False,MEDIUM,11.000000,True,McLaren,4650.366000,,12,19.000000,False,,False,False
2026,5,Canadian Grand Prix,R,4843.895000,PIA,81,piastri,mclaren,83.843000,13.000000,3.000000,4761.703000,,25.078000,25.555000,33.210000,4785.147000,4810.702000,4843.912000,239.000000,271.000000,282.000000,228.000000,False,MEDIUM,5.000000,False,McLaren,4760.052000,,21,19.000000,False,,False,False
2026,5,Canadian Grand Prix,R,4921.561000,PIA,81,piastri,mclaren,77.666000,14.000000,3.000000,,,22.383000,24.712000,30.571000,4866.295000,4891.007000,4921.578000,246.000000,282.000000,282.000000,312.000000,False,MEDIUM,6.000000,False,McLaren,4843.895000,,1,18.000000,False,,False,True
2026,5,Canadian Grand Prix,R,5000.760000,PIA,81,piastri,mclaren,79.199000,15.000000,3.000000,,,21.949000,24.303000,32.947000,4943.527000,4967.830000,5000.777000,236.000000,278.000000,272.000000,222.000000,False,MEDIUM,7.000000,False,McLaren,4921.561000,,1,17.000000,False,,False,True
2026,5,Canadian Grand Prix,R,5078.068000,PIA,81,piastri,mclaren,77.308000,16.000000,3.000000,,,22.280000,24.404000,30.624000,5023.057000,5047.461000,5078.085000,238.000000,283.000000,264.000000,313.000000,False,MEDIUM,8.000000,False,McLaren,5000.760000,,1,17.000000,False,,False,True
2026,5,Canadian Grand Prix,R,5155.233000,PIA,81,piastri,mclaren,77.165000,17.000000,3.000000,,,22.083000,24.323000,30.759000,5100.168000,5124.491000,5155.250000,236.000000,280.000000,263.000000,306.000000,False,MEDIUM,9.000000,False,McLaren,5078.068000,,1,16.000000,False,,False,True
2026,5,Canadian Grand Prix,R,5231.899000,PIA,81,piastri,mclaren,76.666000,18.000000,3.000000,,,21.872000,24.242000,30.552000,5177.122000,5201.364000,5231.916000,238.000000,281.000000,274.000000,307.000000,False,MEDIUM,10.000000,False,McLaren,5155.233000,,12,15.000000,True,TRACK LIMITS AT TURN 14 LAP 18 ,False,True
2026,5,Canadian Grand Prix,R,5309.422000,PIA,81,piastri,mclaren,77.523000,19.000000,3.000000,,,22.298000,24.554000,30.671000,5254.214000,5278.768000,5309.439000,235.000000,278.000000,279.000000,302.000000,False,MEDIUM,11.000000,False,McLaren,5231.899000,,1,15.000000,False,,False,True
2026,5,Canadian Grand Prix,R,5386.038000,PIA,81,piastri,mclaren,76.616000,20.000000,3.000000,,,21.778000,24.250000,30.588000,5331.217000,5355.467000,5386.055000,237.000000,280.000000,279.000000,303.000000,True,MEDIUM,12.000000,False,McLaren,5309.422000,,1,13.000000,False,,False,True
2026,5,Canadian Grand Prix,R,5462.330000,PIA,81,piastri,mclaren,76.292000,21.000000,3.000000,,,21.674000,24.257000,30.361000,5407.729000,5431.986000,5462.347000,237.000000,280.000000,284.000000,310.000000,True,MEDIUM,13.000000,False,McLaren,5386.038000,,1,13.000000,False,,False,True
2026,5,Canadian Grand Prix,R,5539.057000,PIA,81,piastri,mclaren,76.727000,22.000000,3.000000,,,21.766000,24.634000,30.327000,5484.113000,5508.747000,5539.074000,238.000000,284.000000,281.000000,307.000000,False,MEDIUM,14.000000,False,McLaren,5462.330000,,1,13.000000,False,,False,True
2026,5,Canadian Grand Prix,R,5616.426000,PIA,81,piastri,mclaren,77.369000,23.000000,3.000000,,,21.779000,24.328000,31.262000,5560.853000,5585.181000,5616.443000,237.000000,284.000000,196.000000,308.000000,False,MEDIUM,15.000000,False,McLaren,5539.057000,,1,13.000000,False,,False,True
2026,5,Canadian Grand Prix,R,5696.673000,PIA,81,piastri,mclaren,80.247000,24.000000,3.000000,,,24.904000,24.787000,30.556000,5641.347000,5666.134000,5696.690000,249.000000,280.000000,270.000000,310.000000,False,MEDIUM,16.000000,False,McLaren,5616.426000,,1,13.000000,False,,False,True
2026,5,Canadian Grand Prix,R,5773.678000,PIA,81,piastri,mclaren,77.005000,25.000000,3.000000,,,22.127000,24.391000,30.487000,5718.817000,5743.208000,5773.695000,238.000000,285.000000,269.000000,317.000000,False,MEDIUM,17.000000,False,McLaren,5696.673000,,1,13.000000,False,,False,True
2026,5,Canadian Grand Prix,R,5850.458000,PIA,81,piastri,mclaren,76.780000,26.000000,3.000000,,,22.053000,24.455000,30.272000,5795.748000,5820.203000,5850.475000,241.000000,282.000000,283.000000,312.000000,False,MEDIUM,18.000000,False,McLaren,5773.678000,,1,13.000000,False,,False,True
2026,5,Canadian Grand Prix,R,5927.662000,PIA,81,piastri,mclaren,77.204000,27.000000,3.000000,,,21.841000,24.421000,30.942000,5872.316000,5896.737000,5927.679000,238.000000,280.000000,278.000000,303.000000,False,MEDIUM,19.000000,False,McLaren,5850.458000,,1,13.000000,False,,False,True
2026,5,Canadian Grand Prix,R,6004.154000,PIA,81,piastri,mclaren,76.492000,28.000000,3.000000,,,21.865000,24.248000,30.379000,5949.544000,5973.792000,6004.171000,238.000000,282.000000,283.000000,305.000000,False,MEDIUM,20.000000,False,McLaren,5927.662000,,1,13.000000,False,,False,True
2026,5,Canadian Grand Prix,R,6090.830000,PIA,81,piastri,mclaren,86.676000,29.000000,3.000000,,,21.893000,26.644000,38.139000,6026.064000,6052.708000,6090.847000,238.000000,221.000000,224.000000,166.000000,False,MEDIUM,21.000000,False,McLaren,6004.154000,,126,13.000000,False,,False,False
2026,5,Canadian Grand Prix,R,6193.880000,PIA,81,piastri,mclaren,103.050000,30.000000,3.000000,,,28.924000,35.670000,38.456000,6119.771000,6155.441000,6193.897000,172.000000,162.000000,236.000000,261.000000,False,MEDIUM,22.000000,False,McLaren,6090.830000,,6,12.000000,False,,False,False
2026,5,Canadian Grand Prix,R,6294.884000,PIA,81,piastri,mclaren,101.004000,31.000000,3.000000,,,29.466000,36.938000,34.600000,6223.363000,6260.301000,6294.901000,175.000000,191.000000,292.000000,248.000000,False,MEDIUM,23.000000,False,McLaren,6193.880000,,671,12.000000,False,,False,False
2026,5,Canadian Grand Prix,R,6374.313000,PIA,81,piastri,mclaren,79.429000,32.000000,3.000000,,,23.198000,25.319000,30.912000,6318.099000,6343.418000,6374.330000,249.000000,287.000000,280.000000,304.000000,False,MEDIUM,24.000000,False,McLaren,6294.884000,,1,12.000000,False,,False,True
2026,5,Canadian Grand Prix,R,6454.907000,PIA,81,piastri,mclaren,80.594000,33.000000,3.000000,,,22.413000,27.318000,30.863000,6396.743000,6424.061000,6454.924000,238.000000,288.000000,289.000000,310.000000,False,MEDIUM,25.000000,False,McLaren,6374.313000,,1,12.000000,False,,False,True
2026,5,Canadian Grand Prix,R,6532.220000,PIA,81,piastri,mclaren,77.313000,34.000000,3.000000,,,22.207000,24.547000,30.559000,6477.131000,6501.678000,6532.237000,238.000000,280.000000,283.000000,306.000000,False,MEDIUM,26.000000,False,McLaren,6454.907000,,1,12.000000,False,,False,True
2026,5,Canadian Grand Prix,R,6609.161000,PIA,81,piastri,mclaren,76.941000,35.000000,3.000000,,,21.882000,24.511000,30.548000,6554.119000,6578.630000,6609.178000,248.000000,280.000000,282.000000,303.000000,False,MEDIUM,27.000000,False,McLaren,6532.220000,,1,12.000000,False,,False,True
2026,5,Canadian Grand Prix,R,6685.540000,PIA,81,piastri,mclaren,76.379000,36.000000,3.000000,,,21.737000,24.358000,30.284000,6630.915000,6655.273000,6685.557000,240.000000,281.000000,283.000000,307.000000,False,MEDIUM,28.000000,False,McLaren,6609.161000,,1,12.000000,False,,False,True
2026,5,Canadian Grand Prix,R,6762.074000,PIA,81,piastri,mclaren,76.534000,37.000000,3.000000,,,21.811000,24.324000,30.399000,6707.368000,6731.692000,6762.091000,238.000000,288.000000,287.000000,312.000000,False,MEDIUM,29.000000,False,McLaren,6685.540000,,1,12.000000,False,,False,True
2026,5,Canadian Grand Prix,R,6838.610000,PIA,81,piastri,mclaren,76.536000,38.000000,3.000000,,,22.021000,24.198000,30.317000,6784.112000,6808.310000,6838.627000,244.000000,285.000000,283.000000,305.000000,False,MEDIUM,30.000000,False,McLaren,6762.074000,,1,12.000000,False,,False,True
2026,5,Canadian Grand Prix,R,6915.160000,PIA,81,piastri,mclaren,76.550000,39.000000,3.000000,,,22.023000,24.280000,30.247000,6860.650000,6884.930000,6915.177000,242.000000,283.000000,280.000000,303.000000,False,MEDIUM,31.000000,False,McLaren,6838.610000,,12,11.000000,False,,False,True
2026,5,Canadian Grand Prix,R,6991.887000,PIA,81,piastri,mclaren,76.727000,40.000000,3.000000,,,21.899000,24.409000,30.419000,6937.076000,6961.485000,6991.904000,239.000000,282.000000,279.000000,302.000000,False,MEDIUM,32.000000,False,McLaren,6915.160000,,1,11.000000,False,,False,True
2026,5,Canadian Grand Prix,R,7068.511000,PIA,81,piastri,mclaren,76.624000,41.000000,3.000000,,,21.852000,24.345000,30.427000,7013.756000,7038.101000,7068.528000,238.000000,284.000000,282.000000,300.000000,False,MEDIUM,33.000000,False,McLaren,6991.887000,,1,11.000000,False,,False,True
2026,5,Canadian Grand Prix,R,7144.521000,PIA,81,piastri,mclaren,76.010000,42.000000,3.000000,,,21.711000,24.106000,30.193000,7090.239000,7114.345000,7144.538000,238.000000,283.000000,281.000000,303.000000,True,MEDIUM,34.000000,False,McLaren,7068.511000,,1,11.000000,False,,False,True
2026,5,Canadian Grand Prix,R,7220.464000,PIA,81,piastri,mclaren,75.943000,43.000000,3.000000,,,21.579000,24.057000,30.307000,7166.117000,7190.174000,7220.481000,240.000000,283.000000,280.000000,300.000000,True,MEDIUM,35.000000,False,McLaren,7144.521000,,1,11.000000,False,,False,True
2026,5,Canadian Grand Prix,R,7299.070000,PIA,81,piastri,mclaren,78.606000,44.000000,3.000000,,,21.687000,24.176000,32.743000,7242.168000,7266.344000,7299.087000,240.000000,277.000000,106.000000,302.000000,False,MEDIUM,36.000000,False,McLaren,7220.464000,,16,11.000000,False,,False,False
2026,5,Canadian Grand Prix,R,7390.397000,PIA,81,piastri,mclaren,91.327000,45.000000,3.000000,,,31.521000,28.458000,31.348000,7330.608000,7359.066000,7390.414000,181.000000,292.000000,285.000000,303.000000,False,MEDIUM,37.000000,False,McLaren,7299.070000,,671,11.000000,False,,False,False
2026,5,Canadian Grand Prix,R,7467.586000,PIA,81,piastri,mclaren,77.189000,46.000000,3.000000,,,22.057000,24.423000,30.709000,7412.471000,7436.894000,7467.603000,244.000000,287.000000,278.000000,298.000000,False,MEDIUM,38.000000,False,McLaren,7390.397000,,1,11.000000,False,,False,True
2026,5,Canadian Grand Prix,R,7544.014000,PIA,81,piastri,mclaren,76.428000,47.000000,3.000000,,,21.716000,24.109000,30.603000,7489.319000,7513.428000,7544.031000,240.000000,283.000000,281.000000,301.000000,False,MEDIUM,39.000000,False,McLaren,7467.586000,,1,11.000000,False,,False,True
2026,5,Canadian Grand Prix,R,7621.067000,PIA,81,piastri,mclaren,77.053000,48.000000,3.000000,,,22.298000,24.251000,30.504000,7566.329000,7590.580000,7621.084000,235.000000,282.000000,284.000000,300.000000,False,MEDIUM,40.000000,False,McLaren,7544.014000,,1,11.000000,False,,False,True
2026,5,Canadian Grand Prix,R,7697.331000,PIA,81,piastri,mclaren,76.264000,49.000000,3.000000,,,21.649000,24.137000,30.478000,7642.733000,7666.870000,7697.348000,239.000000,284.000000,285.000000,301.000000,False,MEDIUM,41.000000,False,McLaren,7621.067000,,1,11.000000,False,,False,True
2026,5,Canadian Grand Prix,R,7773.132000,PIA,81,piastri,mclaren,75.801000,50.000000,3.000000,,,21.505000,24.036000,30.260000,7718.853000,7742.889000,7773.149000,240.000000,283.000000,288.000000,307.000000,True,MEDIUM,42.000000,False,McLaren,7697.331000,,1,11.000000,False,,False,True
2026,5,Canadian Grand Prix,R,7893.253000,PIA,81,piastri,mclaren,120.121000,51.000000,3.000000,,7858.956000,21.687000,29.001000,69.433000,7794.836000,7823.837000,7893.270000,240.000000,171.000000,,280.000000,False,MEDIUM,43.000000,False,McLaren,7773.132000,,16,13.000000,False,,False,False
2026,5,Canadian Grand Prix,R,7988.399000,PIA,81,piastri,mclaren,95.146000,52.000000,4.000000,7894.799000,,28.170000,34.785000,32.191000,7921.440000,7956.225000,7988.416000,202.000000,284.000000,292.000000,300.000000,False,SOFT,5.000000,False,McLaren,7893.253000,,671,13.000000,False,,False,False
2026,5,Canadian Grand Prix,R,8066.796000,PIA,81,piastri,mclaren,78.397000,53.000000,4.000000,,,22.638000,24.785000,30.974000,8011.054000,8035.839000,8066.813000,245.000000,280.000000,283.000000,299.000000,False,SOFT,6.000000,False,McLaren,7988.399000,,1,13.000000,False,,False,True
2026,5,Canadian Grand Prix,R,8143.933000,PIA,81,piastri,mclaren,77.137000,54.000000,4.000000,,,22.221000,24.457000,30.459000,8089.034000,8113.491000,8143.950000,238.000000,284.000000,282.000000,302.000000,False,SOFT,7.000000,False,McLaren,8066.796000,,1,13.000000,False,,False,True
2026,5,Canadian Grand Prix,R,8220.619000,PIA,81,piastri,mclaren,76.686000,55.000000,4.000000,,,22.033000,24.212000,30.441000,8165.983000,8190.195000,8220.636000,238.000000,284.000000,281.000000,303.000000,False,SOFT,8.000000,False,McLaren,8143.933000,,1,13.000000,False,,False,True
2026,5,Canadian Grand Prix,R,8296.553000,PIA,81,piastri,mclaren,75.934000,56.000000,4.000000,,,21.734000,23.968000,30.232000,8242.370000,8266.338000,8296.570000,241.000000,284.000000,284.000000,299.000000,False,SOFT,9.000000,False,McLaren,8220.619000,,1,13.000000,False,,False,True
2026,5,Canadian Grand Prix,R,8372.208000,PIA,81,piastri,mclaren,75.655000,57.000000,4.000000,,,21.480000,23.874000,30.301000,8318.050000,8341.924000,8372.225000,239.000000,284.000000,283.000000,304.000000,True,SOFT,10.000000,False,McLaren,8296.553000,,1,13.000000,False,,False,True
2026,5,Canadian Grand Prix,R,8448.647000,PIA,81,piastri,mclaren,76.439000,58.000000,4.000000,,,22.263000,24.107000,30.069000,8394.488000,8418.595000,8448.664000,241.000000,284.000000,278.000000,304.000000,False,SOFT,11.000000,False,McLaren,8372.208000,,1,13.000000,True,TRACK LIMITS AT TURN 1 LAP 58 ,False,True
2026,5,Canadian Grand Prix,R,8524.855000,PIA,81,piastri,mclaren,76.208000,59.000000,4.000000,,,21.638000,23.941000,30.629000,8470.302000,8494.243000,8524.872000,240.000000,287.000000,223.000000,307.000000,False,SOFT,12.000000,False,McLaren,8448.647000,,12,13.000000,False,,False,True
2026,5,Canadian Grand Prix,R,8602.332000,PIA,81,piastri,mclaren,77.477000,60.000000,4.000000,,,23.236000,24.280000,29.961000,8548.108000,8572.388000,8602.349000,256.000000,289.000000,277.000000,309.000000,False,SOFT,13.000000,False,McLaren,8524.855000,,1,13.000000,False,,False,True
2026,5,Canadian Grand Prix,R,8677.788000,PIA,81,piastri,mclaren,75.456000,61.000000,4.000000,,,21.695000,23.849000,29.912000,8624.044000,8647.893000,8677.805000,241.000000,288.000000,284.000000,313.000000,True,SOFT,14.000000,False,McLaren,8602.332000,,1,13.000000,False,,False,True
2026,5,Canadian Grand Prix,R,8754.131000,PIA,81,piastri,mclaren,76.343000,62.000000,4.000000,,,22.314000,24.084000,29.945000,8700.119000,8724.203000,8754.148000,241.000000,291.000000,288.000000,316.000000,False,SOFT,15.000000,False,McLaren,8677.788000,,1,13.000000,False,,False,True
2026,5,Canadian Grand Prix,R,8830.014000,PIA,81,piastri,mclaren,75.883000,63.000000,4.000000,,,21.763000,24.286000,29.834000,8775.911000,8800.197000,8830.031000,244.000000,298.000000,292.000000,319.000000,False,SOFT,16.000000,False,McLaren,8754.131000,,1,12.000000,False,,False,True
2026,5,Canadian Grand Prix,R,8905.956000,PIA,81,piastri,mclaren,75.942000,64.000000,4.000000,,,21.612000,24.230000,30.100000,8851.643000,8875.873000,8905.973000,244.000000,296.000000,284.000000,336.000000,False,SOFT,17.000000,False,McLaren,8830.014000,,1,11.000000,False,,False,True
2026,5,Canadian Grand Prix,R,8982.531000,PIA,81,piastri,mclaren,76.575000,65.000000,4.000000,,,21.780000,24.002000,30.793000,8927.753000,8951.755000,8982.548000,237.000000,284.000000,269.000000,305.000000,False,SOFT,18.000000,False,McLaren,8905.956000,,1,11.000000,True,TRACK LIMITS AT TURN 14 LAP 65 ,False,True
2026,5,Canadian Grand Prix,R,9061.001000,PIA,81,piastri,mclaren,78.470000,66.000000,4.000000,,,21.928000,25.474000,31.068000,9004.476000,9029.950000,9061.018000,241.000000,192.000000,280.000000,318.000000,False,SOFT,19.000000,False,McLaren,8982.531000,,1,11.000000,False,,False,True
2026,5,Canadian Grand Prix,R,3847.838000,BEA,87,bearman,haas,95.294000,1.000000,1.000000,,,,28.916000,32.518000,,3815.447000,3847.963000,198.000000,284.000000,297.000000,326.000000,False,SOFT,6.000000,False,Haas F1 Team,3752.281000,,1,11.000000,False,,False,False
2026,5,Canadian Grand Prix,R,3931.695000,BEA,87,bearman,haas,83.857000,2.000000,1.000000,,,24.542000,26.874000,32.441000,3872.414000,3899.288000,3931.729000,223.000000,273.000000,278.000000,328.000000,True,SOFT,7.000000,False,Haas F1 Team,3847.838000,,1,9.000000,False,,False,True
2026,5,Canadian Grand Prix,R,4013.443000,BEA,87,bearman,haas,81.748000,3.000000,1.000000,,,23.820000,26.156000,31.772000,3955.549000,3981.705000,4013.477000,227.000000,270.000000,274.000000,304.000000,True,SOFT,8.000000,False,Haas F1 Team,3931.695000,,1,9.000000,False,,False,True
2026,5,Canadian Grand Prix,R,4095.024000,BEA,87,bearman,haas,81.581000,4.000000,1.000000,,,23.227000,25.608000,32.746000,4036.704000,4062.312000,4095.058000,226.000000,270.000000,260.000000,301.000000,True,SOFT,9.000000,False,Haas F1 Team,4013.443000,,1,9.000000,False,,False,True
2026,5,Canadian Grand Prix,R,4175.087000,BEA,87,bearman,haas,80.063000,5.000000,1.000000,,,23.284000,25.357000,31.422000,4118.342000,4143.699000,4175.121000,229.000000,272.000000,278.000000,304.000000,True,SOFT,10.000000,False,Haas F1 Team,4095.024000,,1,9.000000,False,,False,True
2026,5,Canadian Grand Prix,R,4254.408000,BEA,87,bearman,haas,79.321000,6.000000,1.000000,,,22.835000,25.361000,31.125000,4197.956000,4223.317000,4254.442000,228.000000,271.000000,277.000000,303.000000,True,SOFT,11.000000,False,Haas F1 Team,4175.087000,,1,9.000000,False,,False,True
2026,5,Canadian Grand Prix,R,4334.038000,BEA,87,bearman,haas,79.630000,7.000000,1.000000,,,22.951000,25.240000,31.439000,4277.393000,4302.633000,4334.072000,228.000000,271.000000,276.000000,303.000000,False,SOFT,12.000000,False,Haas F1 Team,4254.408000,,1,9.000000,False,,False,True
2026,5,Canadian Grand Prix,R,4412.928000,BEA,87,bearman,haas,78.890000,8.000000,1.000000,,,22.727000,25.066000,31.097000,4356.799000,4381.865000,4412.962000,230.000000,272.000000,275.000000,302.000000,True,SOFT,13.000000,False,Haas F1 Team,4334.038000,,1,9.000000,False,,False,True
2026,5,Canadian Grand Prix,R,4491.021000,BEA,87,bearman,haas,78.093000,9.000000,1.000000,,,22.502000,24.866000,30.725000,4435.464000,4460.330000,4491.055000,230.000000,272.000000,277.000000,302.000000,True,SOFT,14.000000,False,Haas F1 Team,4412.928000,,1,9.000000,False,,False,True
2026,5,Canadian Grand Prix,R,4568.950000,BEA,87,bearman,haas,77.929000,10.000000,1.000000,,,22.395000,24.819000,30.715000,4513.450000,4538.269000,4568.984000,231.000000,272.000000,273.000000,301.000000,True,SOFT,15.000000,False,Haas F1 Team,4491.021000,,1,9.000000,False,,False,True
2026,5,Canadian Grand Prix,R,4648.702000,BEA,87,bearman,haas,79.752000,11.000000,1.000000,,,22.268000,25.819000,31.665000,4591.252000,4617.071000,4648.736000,231.000000,265.000000,298.000000,327.000000,False,SOFT,16.000000,False,Haas F1 Team,4568.950000,,1,11.000000,False,,False,True
2026,5,Canadian Grand Prix,R,4729.004000,BEA,87,bearman,haas,80.302000,12.000000,1.000000,,,22.897000,25.397000,32.008000,4671.633000,4697.030000,4729.038000,232.000000,279.000000,274.000000,311.000000,False,SOFT,17.000000,False,Haas F1 Team,4648.702000,,12,11.000000,False,,False,True
2026,5,Canadian Grand Prix,R,4807.528000,BEA,87,bearman,haas,78.524000,13.000000,1.000000,,,22.641000,24.805000,31.078000,4751.679000,4776.484000,4807.562000,232.000000,274.000000,279.000000,309.000000,False,SOFT,18.000000,False,Haas F1 Team,4729.004000,,2,11.000000,False,,False,True
2026,5,Canadian Grand Prix,R,4885.733000,BEA,87,bearman,haas,78.205000,14.000000,1.000000,,,22.471000,25.032000,30.702000,4830.033000,4855.065000,4885.767000,232.000000,274.000000,282.000000,311.000000,False,SOFT,19.000000,False,Haas F1 Team,4807.528000,,21,11.000000,False,,False,True
2026,5,Canadian Grand Prix,R,4963.242000,BEA,87,bearman,haas,77.509000,15.000000,1.000000,,,22.330000,24.828000,30.351000,4908.097000,4932.925000,4963.276000,231.000000,275.000000,278.000000,308.000000,False,SOFT,20.000000,False,Haas F1 Team,4885.733000,,1,10.000000,True,TRACK LIMITS AT TURN 14 LAP 15 ,False,True
2026,5,Canadian Grand Prix,R,5041.362000,BEA,87,bearman,haas,78.120000,16.000000,1.000000,,,22.630000,24.800000,30.690000,4985.906000,5010.706000,5041.396000,233.000000,278.000000,278.000000,306.000000,False,SOFT,21.000000,False,Haas F1 Team,4963.242000,,1,10.000000,False,,False,True
2026,5,Canadian Grand Prix,R,5118.882000,BEA,87,bearman,haas,77.520000,17.000000,1.000000,,,22.256000,24.616000,30.648000,5063.652000,5088.268000,5118.916000,231.000000,275.000000,278.000000,306.000000,True,SOFT,22.000000,False,Haas F1 Team,5041.362000,,1,10.000000,False,,False,True
2026,5,Canadian Grand Prix,R,5196.345000,BEA,87,bearman,haas,77.463000,18.000000,1.000000,,,22.351000,24.563000,30.549000,5141.267000,5165.830000,5196.379000,231.000000,275.000000,281.000000,306.000000,True,SOFT,23.000000,False,Haas F1 Team,5118.882000,,12,10.000000,False,,False,True
2026,5,Canadian Grand Prix,R,5273.934000,BEA,87,bearman,haas,77.589000,19.000000,1.000000,,,22.447000,24.583000,30.559000,5218.826000,5243.409000,5273.968000,231.000000,276.000000,282.000000,307.000000,False,SOFT,24.000000,False,Haas F1 Team,5196.345000,,1,10.000000,False,,False,True
2026,5,Canadian Grand Prix,R,5351.580000,BEA,87,bearman,haas,77.646000,20.000000,1.000000,,,22.188000,24.906000,30.552000,5296.156000,5321.062000,5351.614000,232.000000,275.000000,281.000000,306.000000,False,SOFT,25.000000,False,Haas F1 Team,5273.934000,,1,10.000000,False,,False,True
2026,5,Canadian Grand Prix,R,5429.065000,BEA,87,bearman,haas,77.485000,21.000000,1.000000,,,22.290000,24.576000,30.619000,5373.904000,5398.480000,5429.099000,232.000000,276.000000,281.000000,307.000000,False,SOFT,26.000000,False,Haas F1 Team,5351.580000,,1,10.000000,False,,False,True
2026,5,Canadian Grand Prix,R,5506.515000,BEA,87,bearman,haas,77.450000,22.000000,1.000000,,,22.280000,24.658000,30.512000,5451.379000,5476.037000,5506.549000,232.000000,277.000000,283.000000,308.000000,True,SOFT,27.000000,False,Haas F1 Team,5429.065000,,1,10.000000,False,,False,True
2026,5,Canadian Grand Prix,R,5584.144000,BEA,87,bearman,haas,77.629000,23.000000,1.000000,,,22.371000,24.670000,30.588000,5528.920000,5553.590000,5584.178000,231.000000,280.000000,281.000000,309.000000,False,SOFT,28.000000,False,Haas F1 Team,5506.515000,,1,10.000000,False,,False,True
2026,5,Canadian Grand Prix,R,5661.408000,BEA,87,bearman,haas,77.264000,24.000000,1.000000,,,22.252000,24.704000,30.308000,5606.430000,5631.134000,5661.442000,233.000000,276.000000,280.000000,308.000000,True,SOFT,29.000000,False,Haas F1 Team,5584.144000,,1,10.000000,False,,False,True
2026,5,Canadian Grand Prix,R,5738.805000,BEA,87,bearman,haas,77.397000,25.000000,1.000000,,,22.193000,24.630000,30.574000,5683.635000,5708.265000,5738.839000,232.000000,276.000000,278.000000,306.000000,False,SOFT,30.000000,False,Haas F1 Team,5661.408000,,1,10.000000,False,,False,True
2026,5,Canadian Grand Prix,R,5816.324000,BEA,87,bearman,haas,77.519000,26.000000,1.000000,,,22.237000,24.633000,30.649000,5761.076000,5785.709000,5816.358000,233.000000,276.000000,280.000000,305.000000,False,SOFT,31.000000,False,Haas F1 Team,5738.805000,,1,10.000000,False,,False,True
2026,5,Canadian Grand Prix,R,5893.994000,BEA,87,bearman,haas,77.670000,27.000000,1.000000,,,22.393000,24.723000,30.554000,5838.751000,5863.474000,5894.028000,232.000000,276.000000,278.000000,304.000000,False,SOFT,32.000000,False,Haas F1 Team,5816.324000,,1,10.000000,False,,False,True
2026,5,Canadian Grand Prix,R,5971.368000,BEA,87,bearman,haas,77.374000,28.000000,1.000000,,,22.203000,24.684000,30.487000,5916.231000,5940.915000,5971.402000,233.000000,275.000000,277.000000,302.000000,False,SOFT,33.000000,False,Haas F1 Team,5893.994000,,1,10.000000,False,,False,True
2026,5,Canadian Grand Prix,R,6048.651000,BEA,87,bearman,haas,77.283000,29.000000,1.000000,,,22.216000,24.623000,30.444000,5993.618000,6018.241000,6048.685000,232.000000,275.000000,279.000000,304.000000,False,SOFT,34.000000,False,Haas F1 Team,5971.368000,,12,10.000000,False,,False,True
2026,5,Canadian Grand Prix,R,6182.477000,BEA,87,bearman,haas,133.826000,30.000000,1.000000,,6139.133000,22.155000,38.091000,73.580000,6070.840000,6108.931000,6182.511000,232.000000,238.000000,,268.000000,False,SOFT,35.000000,False,Haas F1 Team,6048.651000,,26,11.000000,False,,False,False
2026,5,Canadian Grand Prix,R,6284.378000,BEA,87,bearman,haas,101.901000,31.000000,2.000000,6184.080000,,30.100000,35.204000,36.597000,6212.611000,6247.815000,6284.412000,159.000000,195.000000,277.000000,252.000000,False,MEDIUM,1.000000,True,Haas F1 Team,6182.477000,,671,11.000000,False,,False,False
2026,5,Canadian Grand Prix,R,6363.493000,BEA,87,bearman,haas,79.115000,32.000000,2.000000,,,22.725000,25.205000,31.185000,6307.137000,6332.342000,6363.527000,232.000000,275.000000,217.000000,304.000000,False,MEDIUM,2.000000,True,Haas F1 Team,6284.378000,,1,11.000000,False,,False,True
2026,5,Canadian Grand Prix,R,6443.021000,BEA,87,bearman,haas,79.528000,33.000000,2.000000,,,24.239000,24.827000,30.462000,6387.766000,6412.593000,6443.055000,233.000000,281.000000,284.000000,311.000000,False,MEDIUM,3.000000,True,Haas F1 Team,6363.493000,,1,11.000000,False,,False,True
2026,5,Canadian Grand Prix,R,6520.286000,BEA,87,bearman,haas,77.265000,34.000000,2.000000,,,22.259000,24.527000,30.479000,6465.314000,6489.841000,6520.320000,235.000000,278.000000,281.000000,308.000000,False,MEDIUM,4.000000,True,Haas F1 Team,6443.021000,,1,11.000000,False,,False,True
2026,5,Canadian Grand Prix,R,6597.711000,BEA,87,bearman,haas,77.425000,35.000000,2.000000,,,22.191000,24.825000,30.409000,6542.511000,6567.336000,6597.745000,235.000000,280.000000,278.000000,304.000000,False,MEDIUM,5.000000,True,Haas F1 Team,6520.286000,,1,11.000000,False,,False,True
2026,5,Canadian Grand Prix,R,6674.581000,BEA,87,bearman,haas,76.870000,36.000000,2.000000,,,22.041000,24.428000,30.401000,6619.786000,6644.214000,6674.615000,235.000000,279.000000,249.000000,304.000000,True,MEDIUM,6.000000,True,Haas F1 Team,6597.711000,,1,11.000000,False,,False,True
2026,5,Canadian Grand Prix,R,6752.664000,BEA,87,bearman,haas,78.083000,37.000000,2.000000,,,23.362000,24.512000,30.209000,6697.977000,6722.489000,6752.698000,234.000000,280.000000,281.000000,309.000000,False,MEDIUM,7.000000,True,Haas F1 Team,6674.581000,,1,11.000000,False,,False,True
2026,5,Canadian Grand Prix,R,6829.400000,BEA,87,bearman,haas,76.736000,38.000000,2.000000,,,21.941000,24.510000,30.285000,6774.639000,6799.149000,6829.434000,234.000000,277.000000,284.000000,304.000000,True,MEDIUM,8.000000,True,Haas F1 Team,6752.664000,,1,11.000000,False,,False,True
2026,5,Canadian Grand Prix,R,6905.958000,BEA,87,bearman,haas,76.558000,39.000000,2.000000,,,21.815000,24.351000,30.392000,6851.249000,6875.600000,6905.992000,235.000000,277.000000,277.000000,303.000000,True,MEDIUM,9.000000,True,Haas F1 Team,6829.400000,,12,10.000000,False,,False,True
2026,5,Canadian Grand Prix,R,6983.215000,BEA,87,bearman,haas,77.257000,40.000000,2.000000,,,22.135000,24.554000,30.568000,6928.127000,6952.681000,6983.249000,232.000000,277.000000,219.000000,302.000000,False,MEDIUM,10.000000,True,Haas F1 Team,6905.958000,,1,10.000000,False,,False,True
2026,5,Canadian Grand Prix,R,7062.172000,BEA,87,bearman,haas,78.957000,41.000000,2.000000,,,23.415000,25.211000,30.331000,7006.664000,7031.875000,7062.206000,233.000000,285.000000,286.000000,311.000000,False,MEDIUM,11.000000,True,Haas F1 Team,6983.215000,,1,10.000000,False,,False,True
2026,5,Canadian Grand Prix,R,7138.849000,BEA,87,bearman,haas,76.677000,42.000000,2.000000,,,22.077000,24.256000,30.344000,7084.283000,7108.539000,7138.883000,235.000000,280.000000,280.000000,306.000000,False,MEDIUM,12.000000,True,Haas F1 Team,7062.172000,,1,10.000000,False,,False,True
2026,5,Canadian Grand Prix,R,7215.330000,BEA,87,bearman,haas,76.481000,43.000000,2.000000,,,21.989000,24.253000,30.239000,7160.872000,7185.125000,7215.364000,235.000000,279.000000,284.000000,303.000000,True,MEDIUM,13.000000,True,Haas F1 Team,7138.849000,,1,10.000000,False,,False,True
2026,5,Canadian Grand Prix,R,7291.820000,BEA,87,bearman,haas,76.490000,44.000000,2.000000,,,21.931000,24.270000,30.289000,7237.295000,7261.565000,7291.854000,234.000000,278.000000,282.000000,302.000000,False,MEDIUM,14.000000,True,Haas F1 Team,7215.330000,,1,10.000000,False,,False,True
2026,5,Canadian Grand Prix,R,7383.794000,BEA,87,bearman,haas,91.974000,45.000000,2.000000,,,30.698000,30.527000,30.749000,7322.552000,7353.079000,7383.828000,210.000000,259.000000,285.000000,305.000000,False,MEDIUM,15.000000,True,Haas F1 Team,7291.820000,,167,10.000000,False,,False,False
2026,5,Canadian Grand Prix,R,7460.646000,BEA,87,bearman,haas,76.852000,46.000000,2.000000,,,22.105000,24.399000,30.348000,7405.933000,7430.332000,7460.680000,236.000000,276.000000,284.000000,306.000000,False,MEDIUM,16.000000,True,Haas F1 Team,7383.794000,,1,10.000000,False,,False,True
2026,5,Canadian Grand Prix,R,7537.341000,BEA,87,bearman,haas,76.695000,47.000000,2.000000,,,21.942000,24.407000,30.346000,7482.622000,7507.029000,7537.375000,234.000000,278.000000,285.000000,305.000000,False,MEDIUM,17.000000,True,Haas F1 Team,7460.646000,,1,10.000000,False,,False,True
2026,5,Canadian Grand Prix,R,7613.933000,BEA,87,bearman,haas,76.592000,48.000000,2.000000,,,21.923000,24.411000,30.258000,7559.298000,7583.709000,7613.967000,235.000000,279.000000,286.000000,304.000000,False,MEDIUM,18.000000,True,Haas F1 Team,7537.341000,,1,10.000000,False,,False,True
2026,5,Canadian Grand Prix,R,7691.676000,BEA,87,bearman,haas,77.743000,49.000000,2.000000,,,22.046000,24.355000,31.342000,7636.013000,7660.368000,7691.710000,236.000000,279.000000,279.000000,302.000000,False,MEDIUM,19.000000,True,Haas F1 Team,7613.933000,,1,10.000000,False,,False,True
2026,5,Canadian Grand Prix,R,7768.257000,BEA,87,bearman,haas,76.581000,50.000000,2.000000,,,22.022000,24.357000,30.202000,7713.732000,7738.089000,7768.291000,237.000000,280.000000,283.000000,307.000000,False,MEDIUM,20.000000,True,Haas F1 Team,7691.676000,,1,10.000000,False,,False,True
2026,5,Canadian Grand Prix,R,7860.733000,BEA,87,bearman,haas,92.476000,51.000000,2.000000,,,21.873000,24.483000,46.120000,7790.164000,7814.647000,7860.767000,236.000000,230.000000,242.000000,226.000000,False,MEDIUM,21.000000,True,Haas F1 Team,7768.257000,,16,10.000000,False,,False,False
2026,5,Canadian Grand Prix,R,7958.919000,BEA,87,bearman,haas,98.186000,52.000000,2.000000,,,25.845000,33.665000,38.676000,7886.612000,7920.277000,7958.953000,203.000000,188.000000,279.000000,220.000000,False,MEDIUM,22.000000,True,Haas F1 Team,7860.733000,,671,10.000000,False,,False,False
2026,5,Canadian Grand Prix,R,8036.948000,BEA,87,bearman,haas,78.029000,53.000000,2.000000,,,22.772000,24.755000,30.502000,7981.725000,8006.480000,8036.982000,233.000000,282.000000,282.000000,308.000000,False,MEDIUM,23.000000,True,Haas F1 Team,7958.919000,,1,10.000000,False,,False,True
2026,5,Canadian Grand Prix,R,8113.860000,BEA,87,bearman,haas,76.912000,54.000000,2.000000,,,22.100000,24.464000,30.348000,8059.082000,8083.546000,8113.894000,234.000000,279.000000,282.000000,304.000000,False,MEDIUM,24.000000,True,Haas F1 Team,8036.948000,,1,10.000000,False,,False,True
2026,5,Canadian Grand Prix,R,8190.348000,BEA,87,bearman,haas,76.488000,55.000000,2.000000,,,21.875000,24.297000,30.316000,8135.769000,8160.066000,8190.382000,235.000000,278.000000,277.000000,304.000000,False,MEDIUM,25.000000,True,Haas F1 Team,8113.860000,,1,10.000000,False,,False,True
2026,5,Canadian Grand Prix,R,8266.641000,BEA,87,bearman,haas,76.293000,56.000000,2.000000,,,21.913000,24.207000,30.173000,8212.295000,8236.502000,8266.675000,235.000000,280.000000,281.000000,302.000000,True,MEDIUM,26.000000,True,Haas F1 Team,8190.348000,,1,10.000000,False,,False,True
2026,5,Canadian Grand Prix,R,8342.911000,BEA,87,bearman,haas,76.270000,57.000000,2.000000,,,21.823000,24.353000,30.094000,8288.498000,8312.851000,8342.945000,235.000000,277.000000,286.000000,306.000000,True,MEDIUM,27.000000,True,Haas F1 Team,8266.641000,,1,10.000000,False,,False,True
2026,5,Canadian Grand Prix,R,8420.233000,BEA,87,bearman,haas,77.322000,58.000000,2.000000,,,21.939000,24.368000,31.015000,8364.884000,8389.252000,8420.267000,236.000000,272.000000,302.000000,317.000000,False,MEDIUM,28.000000,True,Haas F1 Team,8342.911000,,1,10.000000,False,,False,True
2026,5,Canadian Grand Prix,R,8496.983000,BEA,87,bearman,haas,76.750000,59.000000,2.000000,,,22.063000,24.446000,30.241000,8442.330000,8466.776000,8497.017000,236.000000,279.000000,264.000000,312.000000,False,MEDIUM,29.000000,True,Haas F1 Team,8420.233000,,1,10.000000,False,,False,True
2026,5,Canadian Grand Prix,R,8573.486000,BEA,87,bearman,haas,76.503000,60.000000,2.000000,,,21.966000,24.298000,30.239000,8518.983000,8543.281000,8573.520000,236.000000,277.000000,281.000000,305.000000,False,MEDIUM,30.000000,True,Haas F1 Team,8496.983000,,12,10.000000,False,,False,True
2026,5,Canadian Grand Prix,R,8650.058000,BEA,87,bearman,haas,76.572000,61.000000,2.000000,,,21.871000,24.413000,30.288000,8595.391000,8619.804000,8650.092000,237.000000,279.000000,281.000000,301.000000,False,MEDIUM,31.000000,True,Haas F1 Team,8573.486000,,1,10.000000,False,,False,True
2026,5,Canadian Grand Prix,R,8726.721000,BEA,87,bearman,haas,76.663000,62.000000,2.000000,,,21.894000,24.430000,30.339000,8671.986000,8696.416000,8726.755000,237.000000,277.000000,280.000000,300.000000,False,MEDIUM,32.000000,True,Haas F1 Team,8650.058000,,1,10.000000,False,,False,True
2026,5,Canadian Grand Prix,R,8803.097000,BEA,87,bearman,haas,76.376000,63.000000,2.000000,,,21.857000,24.237000,30.282000,8748.612000,8772.849000,8803.131000,237.000000,277.000000,279.000000,299.000000,False,MEDIUM,33.000000,True,Haas F1 Team,8726.721000,,1,10.000000,False,,False,True
2026,5,Canadian Grand Prix,R,8879.099000,BEA,87,bearman,haas,76.002000,64.000000,2.000000,,,21.687000,24.222000,30.093000,8824.818000,8849.040000,8879.133000,236.000000,279.000000,281.000000,300.000000,True,MEDIUM,34.000000,True,Haas F1 Team,8803.097000,,1,10.000000,False,,False,True
2026,5,Canadian Grand Prix,R,8955.288000,BEA,87,bearman,haas,76.189000,65.000000,2.000000,,,21.844000,24.237000,30.108000,8900.977000,8925.214000,8955.322000,237.000000,277.000000,282.000000,301.000000,False,MEDIUM,35.000000,True,Haas F1 Team,8879.099000,,1,10.000000,False,,False,True
2026,5,Canadian Grand Prix,R,9031.303000,BEA,87,bearman,haas,76.015000,66.000000,2.000000,,,21.740000,24.207000,30.068000,8977.062000,9001.269000,9031.337000,237.000000,280.000000,284.000000,307.000000,False,MEDIUM,36.000000,True,Haas F1 Team,8955.288000,,1,10.000000,False,,False,True
2026,5,Canadian Grand Prix,R,9107.351000,BEA,87,bearman,haas,76.048000,67.000000,2.000000,,,21.737000,24.172000,30.139000,9053.074000,9077.246000,9107.385000,238.000000,281.000000,284.000000,328.000000,False,MEDIUM,37.000000,True,Haas F1 Team,9031.303000,,1,10.000000,False,,False,True
