season,round,event_name,session_type,Time_s,Driver,DriverNumber,DriverId,TeamId,LapTime_s,LapNumber,Stint,PitOutTime_s,PitInTime_s,Sector1Time_s,Sector2Time_s,Sector3Time_s,Sector1SessionTime_s,Sector2SessionTime_s,Sector3SessionTime_s,SpeedI1,SpeedI2,SpeedFL,SpeedST,IsPersonalBest,Compound,TyreLife,FreshTyre,Team,LapStartTime_s,LapStartDate,TrackStatus,Position,Deleted,DeletedReason,FastF1Generated,IsAccurate
2026,5,Canadian Grand Prix,S,2745.368000,RUS,63,russell,mercedes,,1.000000,1.000000,,,,24.210000,30.056000,,2715.396000,2745.493000,250.000000,284.000000,282.000000,309.000000,False,MEDIUM,7.000000,False,Mercedes,2664.605000,,1,1.000000,False,,False,False
2026,5,Canadian Grand Prix,S,2820.673000,RUS,63,russell,mercedes,75.305000,2.000000,1.000000,,,21.551000,23.793000,29.961000,2766.947000,2790.740000,2820.701000,240.000000,279.000000,278.000000,306.000000,True,MEDIUM,8.000000,False,Mercedes,2745.368000,,1,1.000000,False,,False,True
2026,5,Canadian Grand Prix,S,2895.718000,RUS,63,russell,mercedes,75.045000,3.000000,1.000000,,,21.405000,23.811000,29.829000,2842.106000,2865.917000,2895.746000,241.000000,279.000000,278.000000,305.000000,True,MEDIUM,9.000000,False,Mercedes,2820.673000,,1,1.000000,False,,False,True
2026,5,Canadian Grand Prix,S,2970.439000,RUS,63,russell,mercedes,74.721000,4.000000,1.000000,,,21.266000,23.606000,29.849000,2917.012000,2940.618000,2970.467000,241.000000,280.000000,281.000000,305.000000,True,MEDIUM,10.000000,False,Mercedes,2895.718000,,1,1.000000,False,,False,True
2026,5,Canadian Grand Prix,S,3045.595000,RUS,63,russell,mercedes,75.156000,5.000000,1.000000,,,21.370000,23.746000,30.040000,2991.837000,3015.583000,3045.623000,241.000000,279.000000,289.000000,320.000000,False,MEDIUM,11.000000,False,Mercedes,2970.439000,,1,1.000000,False,,False,True
2026,5,Canadian Grand Prix,S,3122.794000,RUS,63,russell,mercedes,77.199000,6.000000,1.000000,,,22.690000,24.886000,29.623000,3068.313000,3093.199000,3122.822000,232.000000,274.000000,293.000000,322.000000,False,MEDIUM,12.000000,False,Mercedes,3045.595000,,1,1.000000,False,,False,True
2026,5,Canadian Grand Prix,S,3197.964000,RUS,63,russell,mercedes,75.170000,7.000000,1.000000,,,21.383000,23.973000,29.814000,3144.205000,3168.178000,3197.992000,240.000000,278.000000,276.000000,313.000000,False,MEDIUM,13.000000,False,Mercedes,3122.794000,,1,1.000000,False,,False,True
2026,5,Canadian Grand Prix,S,3272.944000,RUS,63,russell,mercedes,74.980000,8.000000,1.000000,,,21.430000,23.786000,29.764000,3219.422000,3243.208000,3272.972000,240.000000,279.000000,277.000000,312.000000,False,MEDIUM,14.000000,False,Mercedes,3197.964000,,1,1.000000,False,,False,True
2026,5,Canadian Grand Prix,S,3347.680000,RUS,63,russell,mercedes,74.736000,9.000000,1.000000,,,21.374000,23.717000,29.645000,3294.346000,3318.063000,3347.708000,240.000000,279.000000,278.000000,314.000000,False,MEDIUM,15.000000,False,Mercedes,3272.944000,,1,1.000000,False,,False,True
2026,5,Canadian Grand Prix,S,3422.471000,RUS,63,russell,mercedes,74.791000,10.000000,1.000000,,,21.307000,23.814000,29.670000,3369.015000,3392.829000,3422.499000,240.000000,279.000000,277.000000,314.000000,False,MEDIUM,16.000000,False,Mercedes,3347.680000,,1,1.000000,False,,False,True
2026,5,Canadian Grand Prix,S,3497.413000,RUS,63,russell,mercedes,74.942000,11.000000,1.000000,,,21.281000,23.887000,29.774000,3443.780000,3467.667000,3497.441000,239.000000,281.000000,275.000000,317.000000,False,MEDIUM,17.000000,False,Mercedes,3422.471000,,1,1.000000,False,,False,True
2026,5,Canadian Grand Prix,S,3572.449000,RUS,63,russell,mercedes,75.036000,12.000000,1.000000,,,21.629000,23.804000,29.603000,3519.070000,3542.874000,3572.477000,240.000000,281.000000,277.000000,318.000000,False,MEDIUM,18.000000,False,Mercedes,3497.413000,,1,1.000000,False,,False,True
2026,5,Canadian Grand Prix,S,3647.258000,RUS,63,russell,mercedes,74.809000,13.000000,1.000000,,,21.371000,23.735000,29.703000,3593.848000,3617.583000,3647.286000,240.000000,280.000000,276.000000,317.000000,False,MEDIUM,19.000000,False,Mercedes,3572.449000,,1,1.000000,False,,False,True
2026,5,Canadian Grand Prix,S,3722.143000,RUS,63,russell,mercedes,74.885000,14.000000,1.000000,,,21.430000,23.786000,29.669000,3668.716000,3692.502000,3722.171000,239.000000,280.000000,278.000000,317.000000,False,MEDIUM,20.000000,False,Mercedes,3647.258000,,1,1.000000,False,,False,True
2026,5,Canadian Grand Prix,S,3796.915000,RUS,63,russell,mercedes,74.772000,15.000000,1.000000,,,21.391000,23.790000,29.591000,3743.562000,3767.352000,3796.943000,240.000000,281.000000,279.000000,318.000000,False,MEDIUM,21.000000,False,Mercedes,3722.143000,,1,1.000000,False,,False,True
2026,5,Canadian Grand Prix,S,3871.617000,RUS,63,russell,mercedes,74.702000,16.000000,1.000000,,,21.354000,23.708000,29.640000,3818.297000,3842.005000,3871.645000,242.000000,284.000000,281.000000,326.000000,True,MEDIUM,22.000000,False,Mercedes,3796.915000,,1,1.000000,False,,False,True
2026,5,Canadian Grand Prix,S,3946.664000,RUS,63,russell,mercedes,75.047000,17.000000,1.000000,,,21.407000,23.887000,29.753000,3893.052000,3916.939000,3946.692000,242.000000,286.000000,279.000000,333.000000,False,MEDIUM,23.000000,False,Mercedes,3871.617000,,12,1.000000,False,,False,True
2026,5,Canadian Grand Prix,S,4021.513000,RUS,63,russell,mercedes,74.849000,18.000000,1.000000,,,21.534000,23.772000,29.543000,3968.226000,3991.998000,4021.541000,239.000000,280.000000,281.000000,327.000000,False,MEDIUM,24.000000,False,Mercedes,3946.664000,,1,1.000000,False,,False,True
2026,5,Canadian Grand Prix,S,4096.228000,RUS,63,russell,mercedes,74.715000,19.000000,1.000000,,,21.351000,23.587000,29.777000,4042.892000,4066.479000,4096.256000,241.000000,296.000000,278.000000,312.000000,False,MEDIUM,25.000000,False,Mercedes,4021.513000,,1,1.000000,False,,False,True
2026,5,Canadian Grand Prix,S,4171.030000,RUS,63,russell,mercedes,74.802000,20.000000,1.000000,,,21.386000,23.747000,29.669000,4117.642000,4141.389000,4171.058000,241.000000,288.000000,283.000000,330.000000,False,MEDIUM,26.000000,False,Mercedes,4096.228000,,1,1.000000,False,,False,True
2026,5,Canadian Grand Prix,S,4245.771000,RUS,63,russell,mercedes,74.741000,21.000000,1.000000,,,21.290000,23.716000,29.735000,4192.348000,4216.064000,4245.799000,241.000000,281.000000,280.000000,316.000000,False,MEDIUM,27.000000,False,Mercedes,4171.030000,,1,1.000000,False,,False,True
2026,5,Canadian Grand Prix,S,4320.668000,RUS,63,russell,mercedes,74.897000,22.000000,1.000000,,,21.350000,23.846000,29.701000,4267.149000,4290.995000,4320.696000,241.000000,281.000000,280.000000,317.000000,False,MEDIUM,28.000000,False,Mercedes,4245.771000,,1,1.000000,False,,False,True
2026,5,Canadian Grand Prix,S,4395.821000,RUS,63,russell,mercedes,75.153000,23.000000,1.000000,,,21.464000,23.838000,29.851000,4342.160000,4365.998000,4395.849000,240.000000,282.000000,280.000000,319.000000,False,MEDIUM,29.000000,False,Mercedes,4320.668000,,1,1.000000,False,,False,True
2026,5,Canadian Grand Prix,S,2747.080000,NOR,1,norris,mclaren,,1.000000,1.000000,,,,24.415000,30.060000,,2717.162000,2747.199000,250.000000,291.000000,294.000000,321.000000,False,MEDIUM,1.000000,True,McLaren,2664.605000,,1,3.000000,False,,False,False
2026,5,Canadian Grand Prix,S,2823.048000,NOR,1,norris,mclaren,75.968000,2.000000,1.000000,,,21.943000,24.178000,29.847000,2769.023000,2793.201000,2823.048000,239.000000,284.000000,283.000000,312.000000,True,MEDIUM,2.000000,True,McLaren,2747.080000,,1,3.000000,False,,False,True
2026,5,Canadian Grand Prix,S,2898.573000,NOR,1,norris,mclaren,75.525000,3.000000,1.000000,,,21.726000,24.050000,29.749000,2844.774000,2868.824000,2898.573000,240.000000,283.000000,283.000000,312.000000,True,MEDIUM,3.000000,True,McLaren,2823.048000,,1,3.000000,False,,False,True
2026,5,Canadian Grand Prix,S,2973.601000,NOR,1,norris,mclaren,75.028000,4.000000,1.000000,,,21.368000,23.853000,29.807000,2919.941000,2943.794000,2973.601000,240.000000,282.000000,269.000000,322.000000,True,MEDIUM,4.000000,True,McLaren,2898.573000,,1,3.000000,False,,False,True
2026,5,Canadian Grand Prix,S,3048.619000,NOR,1,norris,mclaren,75.018000,5.000000,1.000000,,,21.454000,23.797000,29.767000,2995.055000,3018.852000,3048.619000,240.000000,283.000000,281.000000,310.000000,True,MEDIUM,5.000000,True,McLaren,2973.601000,,1,3.000000,False,,False,True
2026,5,Canadian Grand Prix,S,3123.864000,NOR,1,norris,mclaren,75.245000,6.000000,1.000000,,,21.638000,23.943000,29.664000,3070.257000,3094.200000,3123.864000,240.000000,280.000000,286.000000,313.000000,False,MEDIUM,6.000000,True,McLaren,3048.619000,,1,2.000000,False,,False,True
2026,5,Canadian Grand Prix,S,3198.747000,NOR,1,norris,mclaren,74.883000,7.000000,1.000000,,,21.443000,23.822000,29.618000,3145.307000,3169.129000,3198.747000,240.000000,284.000000,290.000000,327.000000,True,MEDIUM,7.000000,True,McLaren,3123.864000,,1,2.000000,False,,False,True
2026,5,Canadian Grand Prix,S,3273.516000,NOR,1,norris,mclaren,74.769000,8.000000,1.000000,,,21.440000,23.879000,29.450000,3220.187000,3244.066000,3273.516000,241.000000,287.000000,291.000000,336.000000,True,MEDIUM,8.000000,True,McLaren,3198.747000,,1,2.000000,False,,False,True
2026,5,Canadian Grand Prix,S,3348.318000,NOR,1,norris,mclaren,74.802000,9.000000,1.000000,,,21.453000,23.808000,29.541000,3294.969000,3318.777000,3348.318000,240.000000,285.000000,283.000000,329.000000,False,MEDIUM,9.000000,True,McLaren,3273.516000,,1,2.000000,False,,False,True
2026,5,Canadian Grand Prix,S,3423.226000,NOR,1,norris,mclaren,74.908000,10.000000,1.000000,,,21.444000,23.900000,29.564000,3369.762000,3393.662000,3423.226000,240.000000,285.000000,283.000000,329.000000,False,MEDIUM,10.000000,True,McLaren,3348.318000,,1,2.000000,False,,False,True
2026,5,Canadian Grand Prix,S,3497.822000,NOR,1,norris,mclaren,74.596000,11.000000,1.000000,,,21.392000,23.735000,29.469000,3444.618000,3468.353000,3497.822000,239.000000,287.000000,287.000000,331.000000,True,MEDIUM,11.000000,True,McLaren,3423.226000,,1,2.000000,False,,False,True
2026,5,Canadian Grand Prix,S,3572.847000,NOR,1,norris,mclaren,75.025000,12.000000,1.000000,,,21.671000,23.883000,29.471000,3519.493000,3543.376000,3572.847000,240.000000,289.000000,289.000000,334.000000,False,MEDIUM,12.000000,True,McLaren,3497.822000,,1,2.000000,False,,False,True
2026,5,Canadian Grand Prix,S,3647.697000,NOR,1,norris,mclaren,74.850000,13.000000,1.000000,,,21.576000,23.747000,29.527000,3594.423000,3618.170000,3647.697000,239.000000,289.000000,283.000000,332.000000,False,MEDIUM,13.000000,True,McLaren,3572.847000,,1,2.000000,False,,False,True
2026,5,Canadian Grand Prix,S,3723.057000,NOR,1,norris,mclaren,75.360000,14.000000,1.000000,,,21.466000,23.894000,30.000000,3669.163000,3693.057000,3723.057000,241.000000,286.000000,264.000000,326.000000,False,MEDIUM,14.000000,True,McLaren,3647.697000,,1,2.000000,False,,False,True
2026,5,Canadian Grand Prix,S,3797.672000,NOR,1,norris,mclaren,74.615000,15.000000,1.000000,,,21.410000,23.676000,29.529000,3744.467000,3768.143000,3797.672000,242.000000,289.000000,288.000000,324.000000,False,MEDIUM,15.000000,True,McLaren,3723.057000,,1,2.000000,False,,False,True
2026,5,Canadian Grand Prix,S,3872.311000,NOR,1,norris,mclaren,74.639000,16.000000,1.000000,,,21.463000,23.598000,29.578000,3819.135000,3842.733000,3872.311000,242.000000,292.000000,294.000000,326.000000,False,MEDIUM,16.000000,True,McLaren,3797.672000,,1,2.000000,False,,False,True
2026,5,Canadian Grand Prix,S,3947.096000,NOR,1,norris,mclaren,74.785000,17.000000,1.000000,,,21.344000,23.771000,29.670000,3893.655000,3917.426000,3947.096000,242.000000,293.000000,293.000000,346.000000,False,MEDIUM,17.000000,True,McLaren,3872.311000,,12,2.000000,False,,False,True
2026,5,Canadian Grand Prix,S,4022.108000,NOR,1,norris,mclaren,75.012000,18.000000,1.000000,,,21.608000,23.778000,29.626000,3968.704000,3992.482000,4022.108000,240.000000,290.000000,280.000000,323.000000,False,MEDIUM,18.000000,True,McLaren,3947.096000,,1,2.000000,False,,False,True
2026,5,Canadian Grand Prix,S,4097.060000,NOR,1,norris,mclaren,74.952000,19.000000,1.000000,,,21.465000,23.822000,29.665000,4043.573000,4067.395000,4097.060000,242.000000,290.000000,271.000000,333.000000,False,MEDIUM,19.000000,True,McLaren,4022.108000,,1,2.000000,False,,False,True
2026,5,Canadian Grand Prix,S,4171.680000,NOR,1,norris,mclaren,74.620000,20.000000,1.000000,,,21.465000,23.642000,29.513000,,4142.167000,4171.680000,243.000000,292.000000,293.000000,326.000000,False,MEDIUM,20.000000,True,McLaren,4097.060000,,1,2.000000,False,,False,True
2026,5,Canadian Grand Prix,S,4246.437000,NOR,1,norris,mclaren,74.757000,21.000000,1.000000,,,21.382000,23.755000,29.620000,4193.062000,4216.817000,4246.437000,242.000000,290.000000,290.000000,321.000000,False,MEDIUM,21.000000,True,McLaren,4171.680000,,1,2.000000,False,,False,True
2026,5,Canadian Grand Prix,S,4321.439000,NOR,1,norris,mclaren,75.002000,22.000000,1.000000,,,21.459000,23.710000,29.833000,4267.896000,4291.606000,4321.439000,241.000000,292.000000,282.000000,344.000000,False,MEDIUM,22.000000,True,McLaren,4246.437000,,1,2.000000,False,,False,True
2026,5,Canadian Grand Prix,S,4397.093000,NOR,1,norris,mclaren,75.654000,23.000000,1.000000,,,22.230000,23.756000,29.668000,4343.669000,4367.425000,4397.093000,237.000000,287.000000,288.000000,337.000000,False,MEDIUM,23.000000,True,McLaren,4321.439000,,1,2.000000,False,,False,True
2026,5,Canadian Grand Prix,S,2745.906000,ANT,12,antonelli,mercedes,,1.000000,1.000000,,,,24.046000,29.969000,,2716.365000,2746.118000,252.000000,292.000000,290.000000,327.000000,False,MEDIUM,7.000000,False,Mercedes,2664.605000,,1,2.000000,False,,False,False
2026,5,Canadian Grand Prix,S,2821.127000,ANT,12,antonelli,mercedes,75.221000,2.000000,1.000000,,,21.678000,23.835000,29.708000,2767.663000,2791.498000,2821.206000,243.000000,288.000000,289.000000,324.000000,True,MEDIUM,8.000000,False,Mercedes,2745.906000,,1,2.000000,False,,False,True
2026,5,Canadian Grand Prix,S,2896.268000,ANT,12,antonelli,mercedes,75.141000,3.000000,1.000000,,,21.590000,23.951000,29.600000,2842.796000,2866.747000,2896.347000,243.000000,286.000000,288.000000,323.000000,True,MEDIUM,9.000000,False,Mercedes,2821.127000,,1,2.000000,False,,False,True
2026,5,Canadian Grand Prix,S,2970.874000,ANT,12,antonelli,mercedes,74.606000,4.000000,1.000000,,,21.372000,23.678000,29.556000,2917.719000,2941.397000,2970.953000,244.000000,288.000000,286.000000,327.000000,True,MEDIUM,10.000000,False,Mercedes,2896.268000,,1,2.000000,False,,False,True
2026,5,Canadian Grand Prix,S,3045.782000,ANT,12,antonelli,mercedes,74.908000,5.000000,1.000000,,,21.425000,23.787000,29.696000,2992.378000,3016.165000,3045.861000,244.000000,289.000000,302.000000,328.000000,False,MEDIUM,11.000000,False,Mercedes,2970.874000,,1,2.000000,False,,False,True
2026,5,Canadian Grand Prix,S,3124.777000,ANT,12,antonelli,mercedes,78.995000,6.000000,1.000000,,,22.874000,25.620000,30.501000,3068.735000,3094.355000,3124.856000,241.000000,272.000000,288.000000,323.000000,False,MEDIUM,12.000000,False,Mercedes,3045.782000,,1,3.000000,True,TRACK LIMITS AT TURN 9 LAP 6 ,False,True
2026,5,Canadian Grand Prix,S,3199.727000,ANT,12,antonelli,mercedes,74.950000,7.000000,1.000000,,,21.527000,23.763000,29.660000,3146.383000,3170.146000,3199.806000,243.000000,288.000000,278.000000,325.000000,False,MEDIUM,13.000000,False,Mercedes,3124.777000,,1,3.000000,False,,False,True
2026,5,Canadian Grand Prix,S,3274.592000,ANT,12,antonelli,mercedes,74.865000,8.000000,1.000000,,,21.389000,23.693000,29.783000,3221.195000,3244.888000,3274.671000,245.000000,288.000000,285.000000,326.000000,False,MEDIUM,14.000000,False,Mercedes,3199.727000,,1,3.000000,False,,False,True
2026,5,Canadian Grand Prix,S,3349.985000,ANT,12,antonelli,mercedes,75.393000,9.000000,1.000000,,,21.414000,23.776000,30.203000,3296.085000,3319.861000,3350.064000,245.000000,287.000000,287.000000,320.000000,False,MEDIUM,15.000000,False,Mercedes,3274.592000,,1,3.000000,False,,False,True
2026,5,Canadian Grand Prix,S,3424.962000,ANT,12,antonelli,mercedes,74.977000,10.000000,1.000000,,,21.458000,23.795000,29.724000,3371.522000,3395.317000,3425.041000,242.000000,283.000000,283.000000,316.000000,False,MEDIUM,16.000000,False,Mercedes,3349.985000,,1,3.000000,False,,False,True
2026,5,Canadian Grand Prix,S,3499.342000,ANT,12,antonelli,mercedes,74.380000,11.000000,1.000000,,,21.215000,23.663000,29.502000,3446.256000,3469.919000,3499.421000,243.000000,286.000000,283.000000,317.000000,True,MEDIUM,17.000000,False,Mercedes,3424.962000,,1,3.000000,False,,False,True
2026,5,Canadian Grand Prix,S,3573.875000,ANT,12,antonelli,mercedes,74.533000,12.000000,1.000000,,,21.377000,23.783000,29.373000,3520.798000,3544.581000,3573.954000,243.000000,287.000000,285.000000,321.000000,False,MEDIUM,18.000000,False,Mercedes,3499.342000,,1,3.000000,False,,False,True
2026,5,Canadian Grand Prix,S,3648.783000,ANT,12,antonelli,mercedes,74.908000,13.000000,1.000000,,,21.377000,23.829000,29.702000,,3619.160000,3648.862000,244.000000,289.000000,286.000000,321.000000,False,MEDIUM,19.000000,False,Mercedes,3573.875000,,1,3.000000,False,,False,True
2026,5,Canadian Grand Prix,S,3723.388000,ANT,12,antonelli,mercedes,74.605000,14.000000,1.000000,,,21.414000,23.698000,29.493000,3670.276000,3693.974000,3723.467000,243.000000,289.000000,284.000000,325.000000,False,MEDIUM,20.000000,False,Mercedes,3648.783000,,1,3.000000,False,,False,True
2026,5,Canadian Grand Prix,S,3798.407000,ANT,12,antonelli,mercedes,75.019000,15.000000,1.000000,,,21.608000,23.856000,29.555000,3745.075000,3768.931000,3798.486000,245.000000,293.000000,286.000000,330.000000,False,MEDIUM,21.000000,False,Mercedes,3723.388000,,1,3.000000,False,,False,True
2026,5,Canadian Grand Prix,S,3873.153000,ANT,12,antonelli,mercedes,74.746000,16.000000,1.000000,,,21.407000,23.670000,29.669000,3819.893000,3843.563000,3873.232000,245.000000,293.000000,287.000000,330.000000,False,MEDIUM,22.000000,False,Mercedes,3798.407000,,1,3.000000,False,,False,True
2026,5,Canadian Grand Prix,S,3947.580000,ANT,12,antonelli,mercedes,74.427000,17.000000,1.000000,,,21.419000,23.577000,29.431000,3894.651000,3918.228000,3947.659000,245.000000,291.000000,289.000000,332.000000,False,MEDIUM,23.000000,False,Mercedes,3873.153000,,12,3.000000,False,,False,True
2026,5,Canadian Grand Prix,S,4022.648000,ANT,12,antonelli,mercedes,75.068000,18.000000,1.000000,,,21.584000,23.715000,29.769000,3969.243000,3992.958000,4022.727000,244.000000,295.000000,284.000000,332.000000,False,MEDIUM,24.000000,False,Mercedes,3947.580000,,1,3.000000,False,,False,True
2026,5,Canadian Grand Prix,S,4097.489000,ANT,12,antonelli,mercedes,74.841000,19.000000,1.000000,,,21.496000,23.708000,29.637000,4044.223000,4067.931000,4097.568000,245.000000,294.000000,281.000000,332.000000,False,MEDIUM,25.000000,False,Mercedes,4022.648000,,1,3.000000,False,,False,True
2026,5,Canadian Grand Prix,S,4172.325000,ANT,12,antonelli,mercedes,74.836000,20.000000,1.000000,,,21.508000,23.753000,29.575000,4119.076000,4142.829000,4172.404000,245.000000,293.000000,284.000000,333.000000,False,MEDIUM,26.000000,False,Mercedes,4097.489000,,1,3.000000,False,,False,True
2026,5,Canadian Grand Prix,S,4247.225000,ANT,12,antonelli,mercedes,74.900000,21.000000,1.000000,,,21.548000,23.742000,29.610000,4193.952000,4217.694000,4247.304000,247.000000,291.000000,286.000000,327.000000,False,MEDIUM,27.000000,False,Mercedes,4172.325000,,1,3.000000,False,,False,True
2026,5,Canadian Grand Prix,S,4321.605000,ANT,12,antonelli,mercedes,74.380000,22.000000,1.000000,,,21.398000,23.636000,29.346000,4268.702000,4292.338000,4321.684000,244.000000,292.000000,307.000000,353.000000,False,MEDIUM,28.000000,False,Mercedes,4247.225000,,1,3.000000,False,,False,True
2026,5,Canadian Grand Prix,S,4397.664000,ANT,12,antonelli,mercedes,76.059000,23.000000,1.000000,,,22.529000,24.062000,29.468000,4344.213000,4368.275000,4397.743000,240.000000,288.000000,291.000000,333.000000,False,MEDIUM,29.000000,False,Mercedes,4321.605000,,1,3.000000,True,TRACK LIMITS AT TURN 1 LAP 23 ,False,True
2026,5,Canadian Grand Prix,S,2748.390000,PIA,81,piastri,mclaren,,1.000000,1.000000,,,,24.803000,30.217000,,2718.318000,2748.571000,251.000000,299.000000,296.000000,340.000000,False,MEDIUM,1.000000,True,McLaren,2664.605000,,1,5.000000,False,,False,False
2026,5,Canadian Grand Prix,S,2824.554000,PIA,81,piastri,mclaren,76.164000,2.000000,1.000000,,,21.943000,24.388000,29.833000,2770.358000,2794.746000,2824.579000,244.000000,292.000000,293.000000,328.000000,True,MEDIUM,2.000000,True,McLaren,2748.390000,,1,5.000000,False,,False,True
2026,5,Canadian Grand Prix,S,2900.083000,PIA,81,piastri,mclaren,75.529000,3.000000,1.000000,,,21.769000,23.952000,29.808000,2846.348000,2870.300000,2900.108000,244.000000,293.000000,292.000000,328.000000,True,MEDIUM,3.000000,True,McLaren,2824.554000,,1,5.000000,False,,False,True
2026,5,Canadian Grand Prix,S,2975.210000,PIA,81,piastri,mclaren,75.127000,4.000000,1.000000,,,21.572000,23.901000,29.654000,2921.680000,2945.581000,2975.235000,241.000000,292.000000,289.000000,328.000000,True,MEDIUM,4.000000,True,McLaren,2900.083000,,1,5.000000,False,,False,True
2026,5,Canadian Grand Prix,S,3050.312000,PIA,81,piastri,mclaren,75.102000,5.000000,1.000000,,,21.556000,23.908000,29.638000,2996.791000,3020.699000,3050.337000,241.000000,292.000000,293.000000,330.000000,True,MEDIUM,5.000000,True,McLaren,2975.210000,,1,5.000000,False,,False,True
2026,5,Canadian Grand Prix,S,3125.907000,PIA,81,piastri,mclaren,75.595000,6.000000,1.000000,,,21.836000,24.031000,29.728000,3072.173000,3096.204000,3125.932000,242.000000,292.000000,291.000000,331.000000,False,MEDIUM,6.000000,True,McLaren,3050.312000,,1,5.000000,False,,False,True
2026,5,Canadian Grand Prix,S,3201.106000,PIA,81,piastri,mclaren,75.199000,7.000000,1.000000,,,21.684000,23.917000,29.598000,3147.616000,3171.533000,3201.131000,244.000000,292.000000,288.000000,328.000000,False,MEDIUM,7.000000,True,McLaren,3125.907000,,1,5.000000,False,,False,True
2026,5,Canadian Grand Prix,S,3275.958000,PIA,81,piastri,mclaren,74.852000,8.000000,1.000000,,,21.566000,23.829000,29.457000,3222.697000,3246.526000,3275.983000,245.000000,292.000000,293.000000,331.000000,True,MEDIUM,8.000000,True,McLaren,3201.106000,,1,5.000000,False,,False,True
2026,5,Canadian Grand Prix,S,3351.068000,PIA,81,piastri,mclaren,75.110000,9.000000,1.000000,,,21.735000,23.859000,29.516000,3297.718000,3321.577000,3351.093000,243.000000,292.000000,292.000000,328.000000,False,MEDIUM,9.000000,True,McLaren,3275.958000,,1,5.000000,False,,False,True
2026,5,Canadian Grand Prix,S,3426.403000,PIA,81,piastri,mclaren,75.335000,10.000000,1.000000,,,21.673000,24.032000,29.630000,3372.766000,3396.798000,3426.428000,241.000000,291.000000,296.000000,328.000000,False,MEDIUM,10.000000,True,McLaren,3351.068000,,1,5.000000,False,,False,True
2026,5,Canadian Grand Prix,S,3501.436000,PIA,81,piastri,mclaren,75.033000,11.000000,1.000000,,,21.468000,23.840000,29.725000,3447.896000,3471.736000,3501.461000,243.000000,293.000000,293.000000,329.000000,False,MEDIUM,11.000000,True,McLaren,3426.403000,,1,5.000000,False,,False,True
2026,5,Canadian Grand Prix,S,3576.325000,PIA,81,piastri,mclaren,74.889000,12.000000,1.000000,,,21.417000,23.863000,29.609000,3522.878000,3546.741000,3576.350000,244.000000,292.000000,287.000000,326.000000,False,MEDIUM,12.000000,True,McLaren,3501.436000,,1,5.000000,False,,False,True
2026,5,Canadian Grand Prix,S,3651.404000,PIA,81,piastri,mclaren,75.079000,13.000000,1.000000,,,21.549000,23.840000,29.690000,3597.899000,3621.739000,3651.429000,243.000000,290.000000,291.000000,323.000000,False,MEDIUM,13.000000,True,McLaren,3576.325000,,1,5.000000,False,,False,True
2026,5,Canadian Grand Prix,S,3726.250000,PIA,81,piastri,mclaren,74.846000,14.000000,1.000000,,,21.503000,23.906000,29.437000,3672.932000,3696.838000,3726.275000,243.000000,291.000000,297.000000,328.000000,True,MEDIUM,14.000000,True,McLaren,3651.404000,,1,5.000000,False,,False,True
2026,5,Canadian Grand Prix,S,3801.432000,PIA,81,piastri,mclaren,75.182000,15.000000,1.000000,,,21.427000,23.858000,29.897000,3747.702000,3771.560000,3801.457000,245.000000,294.000000,289.000000,342.000000,False,MEDIUM,15.000000,True,McLaren,3726.250000,,1,5.000000,False,,False,True
2026,5,Canadian Grand Prix,S,3876.544000,PIA,81,piastri,mclaren,75.112000,16.000000,1.000000,,,21.671000,23.881000,29.560000,3823.128000,3847.009000,3876.569000,241.000000,288.000000,281.000000,325.000000,False,MEDIUM,16.000000,True,McLaren,3801.432000,,1,5.000000,False,,False,True
2026,5,Canadian Grand Prix,S,3951.337000,PIA,81,piastri,mclaren,74.793000,17.000000,1.000000,,,21.446000,23.700000,29.647000,3898.015000,3921.715000,3951.362000,243.000000,294.000000,285.000000,332.000000,True,MEDIUM,17.000000,True,McLaren,3876.544000,,12,5.000000,False,,False,True
2026,5,Canadian Grand Prix,S,4026.386000,PIA,81,piastri,mclaren,75.049000,18.000000,1.000000,,,21.502000,23.703000,29.844000,3972.864000,3996.567000,4026.411000,244.000000,294.000000,282.000000,341.000000,False,MEDIUM,18.000000,True,McLaren,3951.337000,,1,5.000000,False,,False,True
2026,5,Canadian Grand Prix,S,4101.759000,PIA,81,piastri,mclaren,75.373000,19.000000,1.000000,,,21.696000,23.938000,29.739000,4048.107000,4072.045000,4101.784000,241.000000,292.000000,279.000000,326.000000,False,MEDIUM,19.000000,True,McLaren,4026.386000,,1,5.000000,False,,False,True
2026,5,Canadian Grand Prix,S,4177.104000,PIA,81,piastri,mclaren,75.345000,20.000000,1.000000,,,21.628000,23.765000,29.952000,4123.412000,4147.177000,4177.129000,242.000000,293.000000,274.000000,346.000000,False,MEDIUM,20.000000,True,McLaren,4101.759000,,1,5.000000,False,,False,True
2026,5,Canadian Grand Prix,S,4252.437000,PIA,81,piastri,mclaren,75.333000,21.000000,1.000000,,,21.631000,23.923000,29.779000,4198.760000,4222.683000,4252.462000,245.000000,296.000000,288.000000,332.000000,False,MEDIUM,21.000000,True,McLaren,4177.104000,,1,5.000000,False,,False,True
2026,5,Canadian Grand Prix,S,4329.387000,PIA,81,piastri,mclaren,76.950000,22.000000,1.000000,,,22.133000,23.967000,30.850000,4274.595000,4298.562000,4329.412000,244.000000,295.000000,283.000000,337.000000,False,MEDIUM,22.000000,True,McLaren,4252.437000,,1,4.000000,False,,False,True
2026,5,Canadian Grand Prix,S,4405.618000,PIA,81,piastri,mclaren,76.231000,23.000000,1.000000,,,21.887000,24.000000,30.344000,4351.299000,4375.299000,4405.643000,238.000000,281.000000,267.000000,313.000000,False,MEDIUM,23.000000,True,McLaren,4329.387000,,1,4.000000,False,,False,True
2026,5,Canadian Grand Prix,S,2748.900000,LEC,16,leclerc,ferrari,,1.000000,1.000000,,,,24.921000,30.312000,,2718.740000,2749.118000,247.000000,294.000000,302.000000,325.000000,False,MEDIUM,1.000000,True,Ferrari,2664.605000,,1,6.000000,False,,False,False
2026,5,Canadian Grand Prix,S,2825.129000,LEC,16,leclerc,ferrari,76.229000,2.000000,1.000000,,,22.136000,24.401000,29.692000,2771.085000,2795.486000,2825.178000,241.000000,289.000000,294.000000,334.000000,True,MEDIUM,2.000000,True,Ferrari,2748.900000,,1,6.000000,False,,False,True
2026,5,Canadian Grand Prix,S,2900.802000,LEC,16,leclerc,ferrari,75.673000,3.000000,1.000000,,,22.017000,24.033000,29.623000,2847.195000,2871.228000,2900.851000,239.000000,286.000000,291.000000,331.000000,True,MEDIUM,3.000000,True,Ferrari,2825.129000,,1,6.000000,False,,False,True
2026,5,Canadian Grand Prix,S,2976.062000,LEC,16,leclerc,ferrari,75.260000,4.000000,1.000000,,,21.618000,23.973000,29.669000,2922.469000,2946.442000,2976.111000,239.000000,287.000000,290.000000,330.000000,True,MEDIUM,4.000000,True,Ferrari,2900.802000,,1,6.000000,False,,False,True
2026,5,Canadian Grand Prix,S,3050.913000,LEC,16,leclerc,ferrari,74.851000,5.000000,1.000000,,,21.546000,23.825000,29.480000,2997.657000,3021.482000,3050.962000,241.000000,287.000000,291.000000,330.000000,True,MEDIUM,5.000000,True,Ferrari,2976.062000,,1,6.000000,False,,False,True
2026,5,Canadian Grand Prix,S,3126.208000,LEC,16,leclerc,ferrari,75.295000,6.000000,1.000000,,,21.812000,24.031000,29.452000,3072.774000,3096.805000,3126.257000,240.000000,290.000000,309.000000,331.000000,False,MEDIUM,6.000000,True,Ferrari,3050.913000,,1,6.000000,False,,False,True
2026,5,Canadian Grand Prix,S,3202.419000,LEC,16,leclerc,ferrari,76.211000,7.000000,1.000000,,,21.871000,24.226000,30.114000,3148.128000,3172.354000,3202.468000,239.000000,284.000000,288.000000,318.000000,False,MEDIUM,7.000000,True,Ferrari,3126.208000,,1,6.000000,False,,False,True
2026,5,Canadian Grand Prix,S,3277.228000,LEC,16,leclerc,ferrari,74.809000,8.000000,1.000000,,,21.442000,23.585000,29.782000,3223.910000,3247.495000,3277.277000,244.000000,290.000000,291.000000,318.000000,True,MEDIUM,8.000000,True,Ferrari,3202.419000,,1,6.000000,False,,False,True
2026,5,Canadian Grand Prix,S,3352.668000,LEC,16,leclerc,ferrari,75.440000,9.000000,1.000000,,,21.536000,23.715000,30.189000,3298.813000,3322.528000,3352.717000,240.000000,287.000000,284.000000,316.000000,False,MEDIUM,9.000000,True,Ferrari,3277.228000,,1,6.000000,False,,False,True
2026,5,Canadian Grand Prix,S,3427.630000,LEC,16,leclerc,ferrari,74.962000,10.000000,1.000000,,,21.494000,23.764000,29.704000,3374.211000,3397.975000,3427.679000,242.000000,286.000000,289.000000,318.000000,False,MEDIUM,10.000000,True,Ferrari,3352.668000,,1,6.000000,False,,False,True
2026,5,Canadian Grand Prix,S,3502.371000,LEC,16,leclerc,ferrari,74.741000,11.000000,1.000000,,,21.322000,23.749000,29.670000,3449.001000,3472.750000,3502.420000,240.000000,288.000000,289.000000,320.000000,True,MEDIUM,11.000000,True,Ferrari,3427.630000,,1,6.000000,False,,False,True
2026,5,Canadian Grand Prix,S,3577.247000,LEC,16,leclerc,ferrari,74.876000,12.000000,1.000000,,,21.574000,23.824000,29.478000,3523.994000,3547.818000,3577.296000,239.000000,286.000000,292.000000,329.000000,False,MEDIUM,12.000000,True,Ferrari,3502.371000,,1,6.000000,False,,False,True
2026,5,Canadian Grand Prix,S,3652.045000,LEC,16,leclerc,ferrari,74.798000,13.000000,1.000000,,,21.492000,23.794000,29.512000,3598.788000,3622.582000,3652.094000,240.000000,288.000000,305.000000,329.000000,False,MEDIUM,13.000000,True,Ferrari,3577.247000,,1,6.000000,False,,False,True
2026,5,Canadian Grand Prix,S,3726.890000,LEC,16,leclerc,ferrari,74.845000,14.000000,1.000000,,,21.571000,23.828000,29.446000,3673.665000,3697.493000,3726.939000,240.000000,287.000000,296.000000,334.000000,False,MEDIUM,14.000000,True,Ferrari,3652.045000,,1,6.000000,False,,False,True
2026,5,Canadian Grand Prix,S,3801.793000,LEC,16,leclerc,ferrari,74.903000,15.000000,1.000000,,,21.422000,23.948000,29.533000,3748.361000,3772.309000,3801.842000,241.000000,285.000000,306.000000,332.000000,False,MEDIUM,15.000000,True,Ferrari,3726.890000,,1,6.000000,False,,False,True
2026,5,Canadian Grand Prix,S,3877.496000,LEC,16,leclerc,ferrari,75.703000,16.000000,1.000000,,,21.843000,24.216000,29.644000,3823.685000,3847.901000,3877.545000,240.000000,281.000000,292.000000,328.000000,False,MEDIUM,16.000000,True,Ferrari,3801.793000,,1,6.000000,False,,False,True
2026,5,Canadian Grand Prix,S,3952.608000,LEC,16,leclerc,ferrari,75.112000,17.000000,1.000000,,,21.523000,23.957000,29.632000,3899.068000,3923.025000,3952.657000,241.000000,286.000000,292.000000,323.000000,False,MEDIUM,17.000000,True,Ferrari,3877.496000,,12,6.000000,False,,False,True
2026,5,Canadian Grand Prix,S,4027.626000,LEC,16,leclerc,ferrari,75.018000,18.000000,1.000000,,,21.428000,23.750000,29.840000,3974.085000,3997.835000,4027.675000,240.000000,291.000000,293.000000,318.000000,False,MEDIUM,18.000000,True,Ferrari,3952.608000,,1,6.000000,False,,False,True
2026,5,Canadian Grand Prix,S,4102.943000,LEC,16,leclerc,ferrari,75.317000,19.000000,1.000000,,,21.559000,23.974000,29.784000,4049.234000,4073.208000,4102.992000,238.000000,286.000000,292.000000,318.000000,False,MEDIUM,19.000000,True,Ferrari,4027.626000,,1,6.000000,False,,False,True
2026,5,Canadian Grand Prix,S,4178.439000,LEC,16,leclerc,ferrari,75.496000,20.000000,1.000000,,,21.564000,23.856000,30.076000,4124.556000,4148.412000,4178.488000,240.000000,289.000000,284.000000,316.000000,False,MEDIUM,20.000000,True,Ferrari,4102.943000,,1,6.000000,False,,False,True
2026,5,Canadian Grand Prix,S,4253.923000,LEC,16,leclerc,ferrari,75.484000,21.000000,1.000000,,,21.544000,23.736000,30.204000,4200.032000,4223.768000,4253.972000,242.000000,290.000000,293.000000,318.000000,False,MEDIUM,21.000000,True,Ferrari,4178.439000,,1,6.000000,False,,False,True
2026,5,Canadian Grand Prix,S,4329.740000,LEC,16,leclerc,ferrari,75.817000,22.000000,1.000000,,,21.568000,24.043000,30.206000,4275.540000,4299.583000,4329.789000,242.000000,292.000000,288.000000,316.000000,False,MEDIUM,22.000000,True,Ferrari,4253.923000,,1,5.000000,False,,False,True
2026,5,Canadian Grand Prix,S,4405.750000,LEC,16,leclerc,ferrari,76.010000,23.000000,1.000000,,,22.003000,24.112000,29.895000,4351.792000,4375.904000,4405.799000,240.000000,289.000000,303.000000,323.000000,False,MEDIUM,23.000000,True,Ferrari,4329.740000,,1,5.000000,False,,False,True
2026,5,Canadian Grand Prix,S,2747.735000,HAM,44,hamilton,ferrari,,1.000000,1.000000,,,,24.550000,30.112000,,2717.771000,2747.946000,238.000000,290.000000,304.000000,321.000000,False,MEDIUM,1.000000,True,Ferrari,2664.605000,,1,4.000000,False,,False,False
2026,5,Canadian Grand Prix,S,2823.788000,HAM,44,hamilton,ferrari,76.053000,2.000000,1.000000,,,22.025000,24.192000,29.836000,2769.795000,2793.987000,2823.823000,237.000000,286.000000,290.000000,329.000000,True,MEDIUM,2.000000,True,Ferrari,2747.735000,,1,4.000000,False,,False,True
2026,5,Canadian Grand Prix,S,2899.193000,HAM,44,hamilton,ferrari,75.405000,3.000000,1.000000,,,21.843000,23.922000,29.640000,2845.666000,2869.588000,2899.228000,236.000000,286.000000,308.000000,325.000000,True,MEDIUM,3.000000,True,Ferrari,2823.788000,,1,4.000000,False,,False,True
2026,5,Canadian Grand Prix,S,2974.457000,HAM,44,hamilton,ferrari,75.264000,4.000000,1.000000,,,21.473000,24.057000,29.734000,2920.701000,2944.758000,2974.492000,236.000000,282.000000,304.000000,318.000000,True,MEDIUM,4.000000,True,Ferrari,2899.193000,,1,4.000000,False,,False,True
2026,5,Canadian Grand Prix,S,3049.832000,HAM,44,hamilton,ferrari,75.375000,5.000000,1.000000,,,21.576000,23.975000,29.824000,2996.068000,3020.043000,3049.867000,234.000000,284.000000,284.000000,314.000000,False,MEDIUM,5.000000,True,Ferrari,2974.457000,,1,4.000000,False,,False,True
2026,5,Canadian Grand Prix,S,3125.304000,HAM,44,hamilton,ferrari,75.472000,6.000000,1.000000,,,21.706000,23.911000,29.855000,3071.573000,3095.484000,3125.339000,239.000000,284.000000,290.000000,321.000000,False,MEDIUM,6.000000,True,Ferrari,3049.832000,,1,4.000000,False,,False,True
2026,5,Canadian Grand Prix,S,3200.395000,HAM,44,hamilton,ferrari,75.091000,7.000000,1.000000,,,21.702000,23.752000,29.637000,3147.041000,3170.793000,3200.430000,238.000000,287.000000,291.000000,328.000000,True,MEDIUM,7.000000,True,Ferrari,3125.304000,,1,4.000000,False,,False,True
2026,5,Canadian Grand Prix,S,3275.376000,HAM,44,hamilton,ferrari,74.981000,8.000000,1.000000,,,21.525000,23.858000,29.598000,3221.955000,3245.813000,3275.411000,239.000000,286.000000,290.000000,325.000000,True,MEDIUM,8.000000,True,Ferrari,3200.395000,,1,4.000000,False,,False,True
2026,5,Canadian Grand Prix,S,3350.248000,HAM,44,hamilton,ferrari,74.872000,9.000000,1.000000,,,21.489000,23.811000,29.572000,3296.900000,3320.711000,3350.283000,241.000000,287.000000,309.000000,327.000000,True,MEDIUM,9.000000,True,Ferrari,3275.376000,,1,4.000000,False,,False,True
2026,5,Canadian Grand Prix,S,3425.790000,HAM,44,hamilton,ferrari,75.542000,10.000000,1.000000,,,21.700000,23.938000,29.904000,3371.983000,3395.921000,3425.825000,240.000000,284.000000,285.000000,319.000000,False,MEDIUM,10.000000,True,Ferrari,3350.248000,,1,4.000000,False,,False,True
2026,5,Canadian Grand Prix,S,3500.724000,HAM,44,hamilton,ferrari,74.934000,11.000000,1.000000,,,21.498000,23.866000,29.570000,3447.323000,3471.189000,3500.759000,240.000000,287.000000,293.000000,325.000000,False,MEDIUM,11.000000,True,Ferrari,3425.790000,,1,4.000000,False,,False,True
2026,5,Canadian Grand Prix,S,3575.419000,HAM,44,hamilton,ferrari,74.695000,12.000000,1.000000,,,21.402000,23.657000,29.636000,3522.161000,3545.818000,3575.454000,241.000000,286.000000,289.000000,317.000000,True,MEDIUM,12.000000,True,Ferrari,3500.724000,,1,4.000000,False,,False,True
2026,5,Canadian Grand Prix,S,3650.585000,HAM,44,hamilton,ferrari,75.166000,13.000000,1.000000,,,21.384000,23.784000,29.998000,3596.838000,3620.622000,3650.620000,239.000000,284.000000,288.000000,312.000000,False,MEDIUM,13.000000,True,Ferrari,3575.419000,,1,4.000000,False,,False,True
2026,5,Canadian Grand Prix,S,3725.788000,HAM,44,hamilton,ferrari,75.203000,14.000000,1.000000,,,21.492000,23.801000,29.910000,3672.112000,3695.913000,3725.823000,238.000000,284.000000,286.000000,313.000000,False,MEDIUM,14.000000,True,Ferrari,3650.585000,,1,4.000000,False,,False,True
2026,5,Canadian Grand Prix,S,3800.818000,HAM,44,hamilton,ferrari,75.030000,15.000000,1.000000,,,21.459000,23.781000,29.790000,3747.282000,3771.063000,3800.853000,238.000000,284.000000,287.000000,314.000000,False,MEDIUM,15.000000,True,Ferrari,3725.788000,,1,4.000000,False,,False,True
2026,5,Canadian Grand Prix,S,3875.702000,HAM,44,hamilton,ferrari,74.884000,16.000000,1.000000,,,21.302000,23.786000,29.796000,3822.155000,3845.941000,3875.737000,240.000000,285.000000,287.000000,314.000000,False,MEDIUM,16.000000,True,Ferrari,3800.818000,,1,4.000000,False,,False,True
2026,5,Canadian Grand Prix,S,3950.784000,HAM,44,hamilton,ferrari,75.082000,17.000000,1.000000,,,21.535000,23.809000,29.738000,3897.272000,3921.081000,3950.819000,240.000000,284.000000,287.000000,316.000000,False,MEDIUM,17.000000,True,Ferrari,3875.702000,,12,4.000000,False,,False,True
2026,5,Canadian Grand Prix,S,4025.878000,HAM,44,hamilton,ferrari,75.094000,18.000000,1.000000,,,21.550000,23.717000,29.827000,3972.369000,3996.086000,4025.913000,238.000000,284.000000,286.000000,321.000000,False,MEDIUM,18.000000,True,Ferrari,3950.784000,,1,4.000000,False,,False,True
2026,5,Canadian Grand Prix,S,4101.186000,HAM,44,hamilton,ferrari,75.308000,19.000000,1.000000,,,21.484000,23.908000,29.916000,4047.397000,4071.305000,4101.221000,238.000000,281.000000,280.000000,313.000000,False,MEDIUM,19.000000,True,Ferrari,4025.878000,,1,4.000000,False,,False,True
2026,5,Canadian Grand Prix,S,4176.575000,HAM,44,hamilton,ferrari,75.389000,20.000000,1.000000,,,21.535000,23.925000,29.929000,4122.756000,4146.681000,4176.610000,240.000000,281.000000,284.000000,329.000000,False,MEDIUM,20.000000,True,Ferrari,4101.186000,,1,4.000000,False,,False,True
2026,5,Canadian Grand Prix,S,4252.176000,HAM,44,hamilton,ferrari,75.601000,21.000000,1.000000,,,21.727000,23.846000,30.028000,4198.337000,4222.183000,4252.211000,238.000000,285.000000,274.000000,324.000000,False,MEDIUM,21.000000,True,Ferrari,4176.575000,,1,4.000000,True,TRACK LIMITS AT TURN 14 LAP 21 ,False,True
2026,5,Canadian Grand Prix,S,4329.838000,HAM,44,hamilton,ferrari,77.662000,22.000000,1.000000,,,22.031000,24.045000,31.586000,4274.242000,4298.287000,4329.873000,237.000000,281.000000,276.000000,328.000000,False,MEDIUM,22.000000,True,Ferrari,4252.176000,,1,6.000000,False,,False,True
2026,5,Canadian Grand Prix,S,4406.366000,HAM,44,hamilton,ferrari,76.528000,23.000000,1.000000,,,22.406000,24.215000,29.907000,4352.279000,4376.494000,4406.401000,237.000000,284.000000,282.000000,350.000000,False,MEDIUM,23.000000,True,Ferrari,4329.838000,,1,6.000000,False,,False,True
2026,5,Canadian Grand Prix,S,2749.490000,VER,3,max_verstappen,red_bull,,1.000000,1.000000,,,,25.112000,30.363000,,2719.177000,2749.696000,247.000000,289.000000,293.000000,328.000000,False,MEDIUM,1.000000,True,Red Bull Racing,2664.605000,,1,7.000000,False,,False,False
2026,5,Canadian Grand Prix,S,2825.863000,VER,3,max_verstappen,red_bull,76.373000,2.000000,1.000000,,,22.284000,24.298000,29.791000,2771.789000,2796.087000,2825.878000,243.000000,287.000000,295.000000,324.000000,True,MEDIUM,2.000000,True,Red Bull Racing,2749.490000,,1,7.000000,False,,False,True
2026,5,Canadian Grand Prix,S,2901.700000,VER,3,max_verstappen,red_bull,75.837000,3.000000,1.000000,,,21.886000,24.187000,29.764000,2847.764000,2871.951000,2901.715000,244.000000,285.000000,292.000000,323.000000,True,MEDIUM,3.000000,True,Red Bull Racing,2825.863000,,1,7.000000,False,,False,True
2026,5,Canadian Grand Prix,S,2977.268000,VER,3,max_verstappen,red_bull,75.568000,4.000000,1.000000,,,21.624000,24.050000,29.894000,2923.339000,2947.389000,2977.283000,242.000000,281.000000,288.000000,314.000000,True,MEDIUM,4.000000,True,Red Bull Racing,2901.700000,,1,7.000000,False,,False,True
2026,5,Canadian Grand Prix,S,3052.568000,VER,3,max_verstappen,red_bull,75.300000,5.000000,1.000000,,,21.573000,23.961000,29.766000,2998.856000,3022.817000,3052.583000,242.000000,280.000000,291.000000,311.000000,True,MEDIUM,5.000000,True,Red Bull Racing,2977.268000,,1,7.000000,False,,False,True
2026,5,Canadian Grand Prix,S,3128.004000,VER,3,max_verstappen,red_bull,75.436000,6.000000,1.000000,,,21.560000,24.028000,29.848000,3074.143000,3098.171000,3128.019000,242.000000,280.000000,289.000000,311.000000,False,MEDIUM,6.000000,True,Red Bull Racing,3052.568000,,1,7.000000,False,,False,True
2026,5,Canadian Grand Prix,S,3203.299000,VER,3,max_verstappen,red_bull,75.295000,7.000000,1.000000,,,21.538000,23.963000,29.794000,3149.557000,3173.520000,3203.314000,241.000000,282.000000,290.000000,314.000000,True,MEDIUM,7.000000,True,Red Bull Racing,3128.004000,,1,7.000000,False,,False,True
2026,5,Canadian Grand Prix,S,3278.467000,VER,3,max_verstappen,red_bull,75.168000,8.000000,1.000000,,,21.596000,23.894000,29.678000,3224.910000,3248.804000,3278.482000,243.000000,283.000000,286.000000,318.000000,True,MEDIUM,8.000000,True,Red Bull Racing,3203.299000,,1,7.000000,False,,False,True
2026,5,Canadian Grand Prix,S,3353.787000,VER,3,max_verstappen,red_bull,75.320000,9.000000,1.000000,,,21.515000,23.867000,29.938000,3299.997000,3323.864000,3353.802000,241.000000,280.000000,289.000000,312.000000,False,MEDIUM,9.000000,True,Red Bull Racing,3278.467000,,1,7.000000,False,,False,True
2026,5,Canadian Grand Prix,S,3428.969000,VER,3,max_verstappen,red_bull,75.182000,10.000000,1.000000,,,21.464000,23.996000,29.722000,3375.266000,3399.262000,3428.984000,243.000000,281.000000,291.000000,313.000000,False,MEDIUM,10.000000,True,Red Bull Racing,3353.787000,,1,7.000000,False,,False,True
2026,5,Canadian Grand Prix,S,3503.943000,VER,3,max_verstappen,red_bull,74.974000,11.000000,1.000000,,,21.403000,23.908000,29.663000,3450.387000,3474.295000,3503.958000,241.000000,283.000000,289.000000,313.000000,True,MEDIUM,11.000000,True,Red Bull Racing,3428.969000,,1,7.000000,False,,False,True
2026,5,Canadian Grand Prix,S,3579.216000,VER,3,max_verstappen,red_bull,75.273000,12.000000,1.000000,,,21.481000,23.953000,29.839000,3525.439000,3549.392000,3579.231000,241.000000,279.000000,289.000000,313.000000,False,MEDIUM,12.000000,True,Red Bull Racing,3503.943000,,1,7.000000,True,TRACK LIMITS AT TURN 14 LAP 12 ,False,True
2026,5,Canadian Grand Prix,S,3654.347000,VER,3,max_verstappen,red_bull,75.131000,13.000000,1.000000,,,21.504000,23.809000,29.818000,3600.735000,3624.544000,3654.362000,243.000000,280.000000,290.000000,311.000000,False,MEDIUM,13.000000,True,Red Bull Racing,3579.216000,,1,7.000000,False,,False,True
2026,5,Canadian Grand Prix,S,3729.686000,VER,3,max_verstappen,red_bull,75.339000,14.000000,1.000000,,,21.370000,23.978000,29.991000,3675.732000,3699.710000,3729.701000,243.000000,268.000000,287.000000,309.000000,False,MEDIUM,14.000000,True,Red Bull Racing,3654.347000,,1,7.000000,False,,False,True
2026,5,Canadian Grand Prix,S,3804.840000,VER,3,max_verstappen,red_bull,75.154000,15.000000,1.000000,,,21.439000,23.875000,29.840000,3751.140000,3775.015000,3804.855000,243.000000,280.000000,291.000000,311.000000,False,MEDIUM,15.000000,True,Red Bull Racing,3729.686000,,1,7.000000,False,,False,True
2026,5,Canadian Grand Prix,S,3879.956000,VER,3,max_verstappen,red_bull,75.116000,16.000000,1.000000,,,21.518000,23.865000,29.733000,3826.373000,3850.238000,3879.971000,244.000000,281.000000,292.000000,312.000000,False,MEDIUM,16.000000,True,Red Bull Racing,3804.840000,,1,7.000000,False,,False,True
2026,5,Canadian Grand Prix,S,3955.124000,VER,3,max_verstappen,red_bull,75.168000,17.000000,1.000000,,,21.372000,23.878000,29.918000,3901.343000,3925.221000,3955.139000,243.000000,283.000000,287.000000,311.000000,False,MEDIUM,17.000000,True,Red Bull Racing,3879.956000,,12,7.000000,False,,False,True
2026,5,Canadian Grand Prix,S,4030.654000,VER,3,max_verstappen,red_bull,75.530000,18.000000,1.000000,,,21.445000,24.115000,29.970000,3976.584000,4000.699000,4030.669000,224.000000,279.000000,288.000000,307.000000,False,MEDIUM,18.000000,True,Red Bull Racing,3955.124000,,1,7.000000,False,,False,True
2026,5,Canadian Grand Prix,S,4106.466000,VER,3,max_verstappen,red_bull,75.812000,19.000000,1.000000,,,21.557000,24.271000,29.984000,4052.226000,4076.497000,4106.481000,231.000000,281.000000,290.000000,307.000000,False,MEDIUM,19.000000,True,Red Bull Racing,4030.654000,,1,7.000000,False,,False,True
2026,5,Canadian Grand Prix,S,4181.895000,VER,3,max_verstappen,red_bull,75.429000,20.000000,1.000000,,,21.443000,23.992000,29.994000,4127.924000,4151.916000,4181.910000,238.000000,280.000000,292.000000,307.000000,False,MEDIUM,20.000000,True,Red Bull Racing,4106.466000,,1,7.000000,False,,False,True
2026,5,Canadian Grand Prix,S,4257.165000,VER,3,max_verstappen,red_bull,75.270000,21.000000,1.000000,,,21.423000,23.886000,29.961000,4203.333000,4227.219000,4257.180000,242.000000,281.000000,290.000000,310.000000,False,MEDIUM,21.000000,True,Red Bull Racing,4181.895000,,1,7.000000,False,,False,True
2026,5,Canadian Grand Prix,S,4335.810000,VER,3,max_verstappen,red_bull,78.645000,22.000000,1.000000,,,21.450000,26.644000,30.551000,4278.630000,4305.274000,4335.825000,244.000000,274.000000,286.000000,306.000000,False,MEDIUM,22.000000,True,Red Bull Racing,4257.165000,,1,7.000000,True,TRACK LIMITS AT TURN 8 LAP 22 ,False,True
2026,5,Canadian Grand Prix,S,4411.756000,VER,3,max_verstappen,red_bull,75.946000,23.000000,1.000000,,,21.726000,24.000000,30.220000,4357.551000,4381.551000,4411.771000,243.000000,281.000000,280.000000,308.000000,False,MEDIUM,23.000000,True,Red Bull Racing,4335.810000,,1,7.000000,False,,False,True
2026,5,Canadian Grand Prix,S,2750.466000,LIN,41,arvid_lindblad,rb,,1.000000,1.000000,,,,25.153000,30.523000,,2720.037000,2750.587000,241.000000,295.000000,305.000000,337.000000,False,HARD,1.000000,True,Racing Bulls,2664.605000,,1,9.000000,False,,False,False
2026,5,Canadian Grand Prix,S,2827.871000,LIN,41,arvid_lindblad,rb,77.405000,2.000000,1.000000,,,22.420000,24.577000,30.408000,2772.937000,2797.514000,2827.922000,247.000000,289.000000,294.000000,329.000000,True,HARD,2.000000,True,Racing Bulls,2750.466000,,1,9.000000,False,,False,True
2026,5,Canadian Grand Prix,S,2904.386000,LIN,41,arvid_lindblad,rb,76.515000,3.000000,1.000000,,,21.943000,24.361000,30.211000,2849.865000,2874.226000,2904.437000,245.000000,284.000000,293.000000,319.000000,True,HARD,3.000000,True,Racing Bulls,2827.871000,,1,9.000000,False,,False,True
2026,5,Canadian Grand Prix,S,2980.243000,LIN,41,arvid_lindblad,rb,75.857000,4.000000,1.000000,,,21.783000,24.106000,29.968000,2926.220000,2950.326000,2980.294000,245.000000,282.000000,290.000000,317.000000,True,HARD,4.000000,True,Racing Bulls,2904.386000,,1,9.000000,False,,False,True
2026,5,Canadian Grand Prix,S,3056.178000,LIN,41,arvid_lindblad,rb,75.935000,5.000000,1.000000,,,21.729000,24.166000,30.040000,3002.023000,3026.189000,3056.229000,244.000000,281.000000,288.000000,316.000000,False,HARD,5.000000,True,Racing Bulls,2980.243000,,1,8.000000,False,,False,True
2026,5,Canadian Grand Prix,S,3132.164000,LIN,41,arvid_lindblad,rb,75.986000,6.000000,1.000000,,,21.753000,24.214000,30.019000,3077.982000,3102.196000,3132.215000,246.000000,282.000000,289.000000,312.000000,False,HARD,6.000000,True,Racing Bulls,3056.178000,,1,8.000000,False,,False,True
2026,5,Canadian Grand Prix,S,3207.885000,LIN,41,arvid_lindblad,rb,75.721000,7.000000,1.000000,,,21.654000,24.047000,30.020000,3153.869000,3177.916000,3207.936000,246.000000,281.000000,290.000000,313.000000,True,HARD,7.000000,True,Racing Bulls,3132.164000,,1,8.000000,False,,False,True
2026,5,Canadian Grand Prix,S,3283.810000,LIN,41,arvid_lindblad,rb,75.925000,8.000000,1.000000,,,21.609000,24.146000,30.170000,3229.545000,3253.691000,3283.861000,246.000000,281.000000,290.000000,310.000000,False,HARD,8.000000,True,Racing Bulls,3207.885000,,1,8.000000,False,,False,True
2026,5,Canadian Grand Prix,S,3359.666000,LIN,41,arvid_lindblad,rb,75.856000,9.000000,1.000000,,,21.600000,24.174000,30.082000,3305.461000,3329.635000,3359.717000,246.000000,280.000000,288.000000,312.000000,False,HARD,9.000000,True,Racing Bulls,3283.810000,,1,8.000000,False,,False,True
2026,5,Canadian Grand Prix,S,3435.676000,LIN,41,arvid_lindblad,rb,76.010000,10.000000,1.000000,,,21.612000,24.237000,30.161000,3381.329000,3405.566000,3435.727000,245.000000,280.000000,288.000000,310.000000,False,HARD,10.000000,True,Racing Bulls,3359.666000,,1,8.000000,False,,False,True
2026,5,Canadian Grand Prix,S,3511.649000,LIN,41,arvid_lindblad,rb,75.973000,11.000000,1.000000,,,21.644000,24.156000,30.173000,3457.371000,3481.527000,3511.700000,244.000000,280.000000,289.000000,311.000000,False,HARD,11.000000,True,Racing Bulls,3435.676000,,1,8.000000,False,,False,True
2026,5,Canadian Grand Prix,S,3587.732000,LIN,41,arvid_lindblad,rb,76.083000,12.000000,1.000000,,,21.625000,24.263000,30.195000,3533.325000,3557.588000,3587.783000,244.000000,278.000000,287.000000,309.000000,False,HARD,12.000000,True,Racing Bulls,3511.649000,,1,8.000000,False,,False,True
2026,5,Canadian Grand Prix,S,3663.684000,LIN,41,arvid_lindblad,rb,75.952000,13.000000,1.000000,,,21.671000,24.219000,30.062000,3609.454000,3633.673000,3663.735000,244.000000,281.000000,289.000000,315.000000,False,HARD,13.000000,True,Racing Bulls,3587.732000,,1,8.000000,False,,False,True
2026,5,Canadian Grand Prix,S,3739.337000,LIN,41,arvid_lindblad,rb,75.653000,14.000000,1.000000,,,21.634000,24.016000,30.003000,3685.369000,3709.385000,3739.388000,245.000000,281.000000,288.000000,316.000000,True,HARD,14.000000,True,Racing Bulls,3663.684000,,1,8.000000,False,,False,True
2026,5,Canadian Grand Prix,S,3815.086000,LIN,41,arvid_lindblad,rb,75.749000,15.000000,1.000000,,,21.578000,24.059000,30.112000,3760.966000,3785.025000,3815.137000,246.000000,283.000000,291.000000,315.000000,False,HARD,15.000000,True,Racing Bulls,3739.337000,,1,8.000000,False,,False,True
2026,5,Canadian Grand Prix,S,3891.051000,LIN,41,arvid_lindblad,rb,75.965000,16.000000,1.000000,,,21.615000,24.181000,30.169000,3836.752000,3860.933000,3891.102000,246.000000,281.000000,289.000000,314.000000,False,HARD,16.000000,True,Racing Bulls,3815.086000,,12,8.000000,False,,False,True
2026,5,Canadian Grand Prix,S,3967.224000,LIN,41,arvid_lindblad,rb,76.173000,17.000000,1.000000,,,21.709000,24.192000,30.272000,3912.811000,3937.003000,3967.275000,244.000000,281.000000,289.000000,313.000000,False,HARD,17.000000,True,Racing Bulls,3891.051000,,21,8.000000,False,,False,True
2026,5,Canadian Grand Prix,S,4043.364000,LIN,41,arvid_lindblad,rb,76.140000,18.000000,1.000000,,,21.723000,24.171000,30.246000,3988.998000,4013.169000,4043.415000,243.000000,281.000000,289.000000,310.000000,False,HARD,18.000000,True,Racing Bulls,3967.224000,,1,8.000000,False,,False,True
2026,5,Canadian Grand Prix,S,4119.583000,LIN,41,arvid_lindblad,rb,76.219000,19.000000,1.000000,,,21.768000,24.204000,30.247000,4065.183000,4089.387000,4119.634000,245.000000,282.000000,289.000000,312.000000,False,HARD,19.000000,True,Racing Bulls,4043.364000,,1,8.000000,False,,False,True
2026,5,Canadian Grand Prix,S,4196.076000,LIN,41,arvid_lindblad,rb,76.493000,20.000000,1.000000,,,21.735000,24.408000,30.350000,4141.369000,4165.777000,4196.127000,246.000000,280.000000,290.000000,308.000000,False,HARD,20.000000,True,Racing Bulls,4119.583000,,1,8.000000,False,,False,True
2026,5,Canadian Grand Prix,S,4272.575000,LIN,41,arvid_lindblad,rb,76.499000,21.000000,1.000000,,,21.826000,24.279000,30.394000,4217.953000,4242.232000,4272.626000,244.000000,281.000000,287.000000,311.000000,False,HARD,21.000000,True,Racing Bulls,4196.076000,,1,8.000000,False,,False,True
2026,5,Canadian Grand Prix,S,4348.997000,LIN,41,arvid_lindblad,rb,76.422000,22.000000,1.000000,,,21.765000,24.309000,30.348000,4294.391000,4318.700000,4349.048000,244.000000,281.000000,288.000000,313.000000,False,HARD,22.000000,True,Racing Bulls,4272.575000,,1,8.000000,False,,False,True
2026,5,Canadian Grand Prix,S,4425.531000,LIN,41,arvid_lindblad,rb,76.534000,23.000000,1.000000,,,21.812000,24.282000,30.440000,4370.860000,4395.142000,4425.582000,245.000000,281.000000,289.000000,313.000000,False,HARD,23.000000,True,Racing Bulls,4348.997000,,1,8.000000,False,,False,True
2026,5,Canadian Grand Prix,S,2752.803000,COL,43,colapinto,alpine,,1.000000,1.000000,,,,25.900000,30.695000,,2722.290000,2752.946000,228.000000,283.000000,289.000000,327.000000,False,MEDIUM,9.000000,False,Alpine,2664.605000,,1,11.000000,False,,False,False
2026,5,Canadian Grand Prix,S,2830.595000,COL,43,colapinto,alpine,77.792000,2.000000,1.000000,,,22.461000,24.772000,30.559000,2775.308000,2800.080000,2830.639000,241.000000,287.000000,287.000000,325.000000,True,MEDIUM,10.000000,False,Alpine,2752.803000,,1,11.000000,False,,False,True
2026,5,Canadian Grand Prix,S,2907.210000,COL,43,colapinto,alpine,76.615000,3.000000,1.000000,,,22.025000,24.404000,30.186000,2852.664000,2877.068000,2907.254000,243.000000,286.000000,291.000000,322.000000,True,MEDIUM,11.000000,False,Alpine,2830.595000,,1,11.000000,False,,False,True
2026,5,Canadian Grand Prix,S,2983.143000,COL,43,colapinto,alpine,75.933000,4.000000,1.000000,,,21.653000,24.280000,30.000000,2928.907000,2953.187000,2983.187000,244.000000,286.000000,282.000000,323.000000,True,MEDIUM,12.000000,False,Alpine,2907.210000,,1,11.000000,False,,False,True
2026,5,Canadian Grand Prix,S,3058.939000,COL,43,colapinto,alpine,75.796000,5.000000,1.000000,,,21.713000,24.100000,29.983000,3004.900000,3029.000000,3058.983000,244.000000,287.000000,288.000000,330.000000,True,MEDIUM,13.000000,False,Alpine,2983.143000,,1,10.000000,False,,False,True
2026,5,Canadian Grand Prix,S,3135.545000,COL,43,colapinto,alpine,76.606000,6.000000,1.000000,,,22.017000,24.220000,30.369000,3081.000000,3105.220000,3135.589000,242.000000,295.000000,277.000000,349.000000,False,MEDIUM,14.000000,False,Alpine,3058.939000,,1,10.000000,False,,False,True
2026,5,Canadian Grand Prix,S,3212.058000,COL,43,colapinto,alpine,76.513000,7.000000,1.000000,,,22.329000,24.181000,30.003000,3157.918000,3182.099000,3212.102000,244.000000,294.000000,266.000000,338.000000,False,MEDIUM,15.000000,False,Alpine,3135.545000,,1,9.000000,False,,False,True
2026,5,Canadian Grand Prix,S,3288.440000,COL,43,colapinto,alpine,76.382000,8.000000,1.000000,,,21.884000,24.169000,30.329000,3233.986000,3258.155000,3288.484000,242.000000,285.000000,272.000000,313.000000,False,MEDIUM,16.000000,False,Alpine,3212.058000,,1,9.000000,False,,False,True
2026,5,Canadian Grand Prix,S,3364.361000,COL,43,colapinto,alpine,75.921000,9.000000,1.000000,,,21.679000,24.109000,30.133000,3310.163000,3334.272000,3364.405000,242.000000,284.000000,274.000000,312.000000,False,MEDIUM,17.000000,False,Alpine,3288.440000,,1,9.000000,False,,False,True
2026,5,Canadian Grand Prix,S,3440.066000,COL,43,colapinto,alpine,75.705000,10.000000,1.000000,,,21.464000,24.175000,30.066000,3385.869000,3410.044000,3440.110000,243.000000,283.000000,277.000000,314.000000,True,MEDIUM,18.000000,False,Alpine,3364.361000,,1,9.000000,False,,False,True
2026,5,Canadian Grand Prix,S,3515.739000,COL,43,colapinto,alpine,75.673000,11.000000,1.000000,,,21.533000,24.083000,30.057000,3461.643000,3485.726000,3515.783000,243.000000,284.000000,280.000000,315.000000,True,MEDIUM,19.000000,False,Alpine,3440.066000,,1,9.000000,False,,False,True
2026,5,Canadian Grand Prix,S,3591.217000,COL,43,colapinto,alpine,75.478000,12.000000,1.000000,,,21.466000,24.000000,30.012000,3537.249000,3561.249000,3591.261000,243.000000,284.000000,286.000000,314.000000,True,MEDIUM,20.000000,False,Alpine,3515.739000,,1,9.000000,False,,False,True
2026,5,Canadian Grand Prix,S,3666.706000,COL,43,colapinto,alpine,75.489000,13.000000,1.000000,,,21.466000,24.100000,29.923000,,3636.827000,3666.750000,242.000000,285.000000,283.000000,317.000000,False,MEDIUM,21.000000,False,Alpine,3591.217000,,1,9.000000,False,,False,True
2026,5,Canadian Grand Prix,S,3742.335000,COL,43,colapinto,alpine,75.629000,14.000000,1.000000,,,21.641000,24.019000,29.969000,3688.391000,3712.410000,3742.379000,244.000000,285.000000,284.000000,318.000000,False,MEDIUM,22.000000,False,Alpine,3666.706000,,1,9.000000,False,,False,True
2026,5,Canadian Grand Prix,S,3818.372000,COL,43,colapinto,alpine,76.037000,15.000000,1.000000,,,21.913000,24.217000,29.907000,3764.292000,3788.509000,3818.416000,241.000000,286.000000,283.000000,318.000000,False,MEDIUM,23.000000,False,Alpine,3742.335000,,1,9.000000,False,,False,True
2026,5,Canadian Grand Prix,S,3894.232000,COL,43,colapinto,alpine,75.860000,16.000000,1.000000,,,21.619000,24.169000,30.072000,3840.035000,3864.204000,3894.276000,243.000000,287.000000,286.000000,317.000000,False,MEDIUM,24.000000,False,Alpine,3818.372000,,12,9.000000,False,,False,True
2026,5,Canadian Grand Prix,S,3970.220000,COL,43,colapinto,alpine,75.988000,17.000000,1.000000,,,21.707000,24.019000,30.262000,3915.983000,3940.002000,3970.264000,243.000000,284.000000,287.000000,315.000000,False,MEDIUM,25.000000,False,Alpine,3894.232000,,1,9.000000,False,,False,True
2026,5,Canadian Grand Prix,S,4046.736000,COL,43,colapinto,alpine,76.516000,18.000000,1.000000,,,22.326000,24.119000,30.071000,3992.590000,4016.709000,4046.780000,235.000000,285.000000,283.000000,314.000000,False,MEDIUM,26.000000,False,Alpine,3970.220000,,1,9.000000,False,,False,True
2026,5,Canadian Grand Prix,S,4123.014000,COL,43,colapinto,alpine,76.278000,19.000000,1.000000,,,21.649000,24.456000,30.173000,4068.429000,4092.885000,4123.058000,244.000000,283.000000,289.000000,314.000000,False,MEDIUM,27.000000,False,Alpine,4046.736000,,1,9.000000,False,,False,True
2026,5,Canadian Grand Prix,S,4199.119000,COL,43,colapinto,alpine,76.105000,20.000000,1.000000,,,21.832000,24.204000,30.069000,4144.890000,4169.094000,4199.163000,245.000000,284.000000,283.000000,316.000000,False,MEDIUM,28.000000,False,Alpine,4123.014000,,1,9.000000,False,,False,True
2026,5,Canadian Grand Prix,S,4275.215000,COL,43,colapinto,alpine,76.096000,21.000000,1.000000,,,21.799000,24.105000,30.192000,4220.962000,4245.067000,4275.259000,243.000000,282.000000,289.000000,317.000000,False,MEDIUM,29.000000,False,Alpine,4199.119000,,1,9.000000,False,,False,True
2026,5,Canadian Grand Prix,S,4351.334000,COL,43,colapinto,alpine,76.119000,22.000000,1.000000,,,21.740000,24.223000,30.156000,4296.999000,4321.222000,4351.378000,244.000000,285.000000,276.000000,332.000000,False,MEDIUM,30.000000,False,Alpine,4275.215000,,1,9.000000,False,,False,True
2026,5,Canadian Grand Prix,S,4427.442000,COL,43,colapinto,alpine,76.108000,23.000000,1.000000,,,21.758000,24.258000,30.092000,4373.136000,4397.394000,4427.486000,244.000000,286.000000,276.000000,333.000000,False,MEDIUM,31.000000,False,Alpine,4351.334000,,1,9.000000,False,,False,True
2026,5,Canadian Grand Prix,S,2751.265000,SAI,55,sainz,williams,,1.000000,1.000000,,,,25.472000,30.474000,,2720.912000,2751.391000,232.000000,295.000000,295.000000,334.000000,False,MEDIUM,1.000000,True,Williams,2664.605000,,1,10.000000,False,,False,False
2026,5,Canadian Grand Prix,S,2828.643000,SAI,55,sainz,williams,77.378000,2.000000,1.000000,,,22.557000,24.658000,30.163000,2773.857000,2798.515000,2828.678000,240.000000,292.000000,292.000000,331.000000,True,MEDIUM,2.000000,True,Williams,2751.265000,,1,10.000000,False,,False,True
2026,5,Canadian Grand Prix,S,2905.509000,SAI,55,sainz,williams,76.866000,3.000000,1.000000,,,22.195000,24.457000,30.214000,2850.873000,2875.330000,2905.544000,244.000000,290.000000,286.000000,326.000000,True,MEDIUM,3.000000,True,Williams,2828.643000,,1,10.000000,False,,False,True
2026,5,Canadian Grand Prix,S,2982.015000,SAI,55,sainz,williams,76.506000,4.000000,1.000000,,,21.972000,24.296000,30.238000,2927.516000,2951.812000,2982.050000,242.000000,289.000000,277.000000,324.000000,True,MEDIUM,4.000000,True,Williams,2905.509000,,1,10.000000,False,,False,True
2026,5,Canadian Grand Prix,S,3058.474000,SAI,55,sainz,williams,76.459000,5.000000,1.000000,,,22.019000,24.279000,30.161000,3004.069000,3028.348000,3058.509000,238.000000,283.000000,278.000000,314.000000,True,MEDIUM,5.000000,True,Williams,2982.015000,,1,9.000000,False,,False,True
2026,5,Canadian Grand Prix,S,3135.174000,SAI,55,sainz,williams,76.700000,6.000000,1.000000,,,21.957000,24.183000,30.560000,3080.466000,3104.649000,3135.209000,242.000000,284.000000,268.000000,326.000000,False,MEDIUM,6.000000,True,Williams,3058.474000,,1,9.000000,False,,False,True
2026,5,Canadian Grand Prix,S,3212.421000,SAI,55,sainz,williams,77.247000,7.000000,1.000000,,,22.232000,24.141000,30.874000,3157.441000,3181.582000,3212.456000,241.000000,284.000000,294.000000,315.000000,False,MEDIUM,7.000000,True,Williams,3135.174000,,1,10.000000,False,,False,True
2026,5,Canadian Grand Prix,S,3289.237000,SAI,55,sainz,williams,76.816000,8.000000,1.000000,,,22.311000,24.405000,30.100000,3234.767000,3259.172000,3289.272000,241.000000,288.000000,282.000000,323.000000,False,MEDIUM,8.000000,True,Williams,3212.421000,,1,10.000000,False,,False,True
2026,5,Canadian Grand Prix,S,3365.371000,SAI,55,sainz,williams,76.134000,9.000000,1.000000,,,21.923000,24.154000,30.057000,3311.195000,3335.349000,3365.406000,241.000000,289.000000,281.000000,325.000000,True,MEDIUM,9.000000,True,Williams,3289.237000,,1,10.000000,False,,False,True
2026,5,Canadian Grand Prix,S,3441.417000,SAI,55,sainz,williams,76.046000,10.000000,1.000000,,,21.772000,24.237000,30.037000,3387.178000,3411.415000,3441.452000,242.000000,287.000000,284.000000,322.000000,True,MEDIUM,10.000000,True,Williams,3365.371000,,1,10.000000,False,,False,True
2026,5,Canadian Grand Prix,S,3517.763000,SAI,55,sainz,williams,76.346000,11.000000,1.000000,,,21.855000,24.385000,30.106000,3463.307000,3487.692000,3517.798000,239.000000,284.000000,281.000000,315.000000,False,MEDIUM,11.000000,True,Williams,3441.417000,,1,10.000000,False,,False,True
2026,5,Canadian Grand Prix,S,3594.193000,SAI,55,sainz,williams,76.430000,12.000000,1.000000,,,21.828000,24.234000,30.368000,3539.626000,3563.860000,3594.228000,240.000000,285.000000,285.000000,313.000000,False,MEDIUM,12.000000,True,Williams,3517.763000,,1,10.000000,False,,False,True
2026,5,Canadian Grand Prix,S,3670.553000,SAI,55,sainz,williams,76.360000,13.000000,1.000000,,,21.969000,24.203000,30.188000,3616.197000,3640.400000,3670.588000,239.000000,284.000000,282.000000,313.000000,False,MEDIUM,13.000000,True,Williams,3594.193000,,1,10.000000,False,,False,True
2026,5,Canadian Grand Prix,S,3746.991000,SAI,55,sainz,williams,76.438000,14.000000,1.000000,,,21.750000,24.112000,30.576000,3692.338000,3716.450000,3747.026000,241.000000,284.000000,286.000000,313.000000,False,MEDIUM,14.000000,True,Williams,3670.553000,,1,10.000000,True,TRACK LIMITS AT TURN 14 LAP 14 ,False,True
2026,5,Canadian Grand Prix,S,3823.558000,SAI,55,sainz,williams,76.567000,15.000000,1.000000,,,21.841000,24.277000,30.449000,3768.867000,3793.144000,3823.593000,241.000000,284.000000,281.000000,313.000000,False,MEDIUM,15.000000,True,Williams,3746.991000,,1,10.000000,False,,False,True
2026,5,Canadian Grand Prix,S,3899.637000,SAI,55,sainz,williams,76.079000,16.000000,1.000000,,,21.769000,24.162000,30.148000,3845.362000,3869.524000,3899.672000,241.000000,283.000000,276.000000,313.000000,False,MEDIUM,16.000000,True,Williams,3823.558000,,12,10.000000,False,,False,True
2026,5,Canadian Grand Prix,S,3975.580000,SAI,55,sainz,williams,75.943000,17.000000,1.000000,,,21.709000,24.119000,30.115000,3921.381000,3945.500000,3975.615000,240.000000,284.000000,282.000000,312.000000,True,MEDIUM,17.000000,True,Williams,3899.637000,,1,10.000000,False,,False,True
2026,5,Canadian Grand Prix,S,4051.561000,SAI,55,sainz,williams,75.981000,18.000000,1.000000,,,21.719000,24.089000,30.173000,3997.334000,4021.423000,4051.596000,240.000000,284.000000,283.000000,309.000000,False,MEDIUM,18.000000,True,Williams,3975.580000,,1,10.000000,False,,False,True
2026,5,Canadian Grand Prix,S,4127.602000,SAI,55,sainz,williams,76.041000,19.000000,1.000000,,,21.700000,24.121000,30.220000,4073.296000,4097.417000,4127.637000,242.000000,285.000000,284.000000,312.000000,False,MEDIUM,19.000000,True,Williams,4051.561000,,1,10.000000,False,,False,True
2026,5,Canadian Grand Prix,S,4204.045000,SAI,55,sainz,williams,76.443000,20.000000,1.000000,,,21.740000,24.477000,30.226000,4149.377000,4173.854000,4204.080000,241.000000,282.000000,286.000000,313.000000,False,MEDIUM,20.000000,True,Williams,4127.602000,,1,10.000000,False,,False,True
2026,5,Canadian Grand Prix,S,4279.990000,SAI,55,sainz,williams,75.945000,21.000000,1.000000,,,21.730000,24.114000,30.101000,4225.810000,4249.924000,4280.025000,242.000000,284.000000,281.000000,311.000000,False,MEDIUM,21.000000,True,Williams,4204.045000,,1,10.000000,False,,False,True
2026,5,Canadian Grand Prix,S,4356.605000,SAI,55,sainz,williams,76.615000,22.000000,1.000000,,,21.829000,24.113000,30.673000,4301.854000,4325.967000,4356.640000,242.000000,284.000000,282.000000,314.000000,False,MEDIUM,22.000000,True,Williams,4279.990000,,1,10.000000,False,,False,True
2026,5,Canadian Grand Prix,S,4432.614000,SAI,55,sainz,williams,76.009000,23.000000,1.000000,,,21.763000,24.143000,30.103000,4378.403000,4402.546000,4432.649000,244.000000,287.000000,287.000000,318.000000,False,MEDIUM,23.000000,True,Williams,4356.605000,,1,10.000000,False,,False,True
2026,5,Canadian Grand Prix,S,2756.796000,LAW,30,lawson,rb,,1.000000,1.000000,,,,26.927000,32.241000,,2724.681000,2756.987000,210.000000,295.000000,307.000000,337.000000,False,MEDIUM,1.000000,True,Racing Bulls,2664.605000,,1,17.000000,False,,False,False
2026,5,Canadian Grand Prix,S,2836.207000,LAW,30,lawson,rb,79.411000,2.000000,1.000000,,,23.262000,25.399000,30.750000,2780.066000,2805.465000,2836.215000,237.000000,288.000000,290.000000,334.000000,True,MEDIUM,2.000000,True,Racing Bulls,2756.796000,,1,16.000000,False,,False,True
2026,5,Canadian Grand Prix,S,2913.995000,LAW,30,lawson,rb,77.788000,3.000000,1.000000,,,22.611000,24.925000,30.252000,2858.826000,2883.751000,2914.003000,246.000000,289.000000,298.000000,329.000000,True,MEDIUM,3.000000,True,Racing Bulls,2836.207000,,1,16.000000,False,,False,True
2026,5,Canadian Grand Prix,S,2991.486000,LAW,30,lawson,rb,77.491000,4.000000,1.000000,,,22.746000,24.767000,29.978000,2936.749000,2961.516000,2991.494000,246.000000,291.000000,293.000000,336.000000,True,MEDIUM,4.000000,True,Racing Bulls,2913.995000,,1,15.000000,False,,False,True
2026,5,Canadian Grand Prix,S,3068.266000,LAW,30,lawson,rb,76.780000,5.000000,1.000000,,,21.965000,24.450000,30.365000,3013.459000,3037.909000,3068.274000,241.000000,284.000000,289.000000,327.000000,True,MEDIUM,5.000000,True,Racing Bulls,2991.486000,,1,14.000000,False,,False,True
2026,5,Canadian Grand Prix,S,3144.523000,LAW,30,lawson,rb,76.257000,6.000000,1.000000,,,21.849000,24.279000,30.129000,3090.123000,3114.402000,3144.531000,246.000000,289.000000,299.000000,332.000000,True,MEDIUM,6.000000,True,Racing Bulls,3068.266000,,1,14.000000,False,,False,True
2026,5,Canadian Grand Prix,S,3221.256000,LAW,30,lawson,rb,76.733000,7.000000,1.000000,,,22.368000,24.457000,29.908000,3166.899000,3191.356000,3221.264000,244.000000,286.000000,296.000000,332.000000,False,MEDIUM,7.000000,True,Racing Bulls,3144.523000,,1,14.000000,False,,False,True
2026,5,Canadian Grand Prix,S,3297.999000,LAW,30,lawson,rb,76.743000,8.000000,1.000000,,,22.118000,24.356000,30.269000,3243.382000,3267.738000,3298.007000,247.000000,292.000000,295.000000,339.000000,False,MEDIUM,8.000000,True,Racing Bulls,3221.256000,,1,14.000000,False,,False,True
2026,5,Canadian Grand Prix,S,3374.371000,LAW,30,lawson,rb,76.372000,9.000000,1.000000,,,21.997000,24.385000,29.990000,3320.004000,3344.389000,3374.379000,246.000000,288.000000,298.000000,337.000000,False,MEDIUM,9.000000,True,Racing Bulls,3297.999000,,1,14.000000,False,,False,True
2026,5,Canadian Grand Prix,S,3451.342000,LAW,30,lawson,rb,76.971000,10.000000,1.000000,,,22.154000,24.677000,30.140000,3396.533000,3421.210000,3451.350000,246.000000,290.000000,297.000000,339.000000,False,MEDIUM,10.000000,True,Racing Bulls,3374.371000,,1,14.000000,False,,False,True
2026,5,Canadian Grand Prix,S,3528.526000,LAW,30,lawson,rb,77.184000,11.000000,1.000000,,,22.325000,24.687000,30.172000,3473.675000,3498.362000,3528.534000,245.000000,290.000000,299.000000,353.000000,False,MEDIUM,11.000000,True,Racing Bulls,3451.342000,,1,14.000000,False,,False,True
2026,5,Canadian Grand Prix,S,3606.076000,LAW,30,lawson,rb,77.550000,12.000000,1.000000,,,22.488000,24.628000,30.434000,3551.022000,3575.650000,3606.084000,244.000000,289.000000,295.000000,330.000000,False,MEDIUM,12.000000,True,Racing Bulls,3528.526000,,1,14.000000,False,,False,True
2026,5,Canadian Grand Prix,S,3682.884000,LAW,30,lawson,rb,76.808000,13.000000,1.000000,,,22.068000,24.517000,30.223000,3628.152000,3652.669000,3682.892000,246.000000,291.000000,301.000000,347.000000,False,MEDIUM,13.000000,True,Racing Bulls,3606.076000,,1,14.000000,False,,False,True
2026,5,Canadian Grand Prix,S,3759.498000,LAW,30,lawson,rb,76.614000,14.000000,1.000000,,,22.067000,24.568000,29.979000,3704.959000,3729.527000,3759.506000,244.000000,286.000000,295.000000,328.000000,False,MEDIUM,14.000000,True,Racing Bulls,3682.884000,,1,13.000000,False,,False,True
2026,5,Canadian Grand Prix,S,3836.172000,LAW,30,lawson,rb,76.674000,15.000000,1.000000,,,21.999000,24.534000,30.141000,3781.505000,3806.039000,3836.180000,246.000000,289.000000,299.000000,331.000000,False,MEDIUM,15.000000,True,Racing Bulls,3759.498000,,1,13.000000,False,,False,True
2026,5,Canadian Grand Prix,S,3913.361000,LAW,30,lawson,rb,77.189000,16.000000,1.000000,,,22.292000,24.656000,30.241000,3858.472000,3883.128000,3913.369000,247.000000,291.000000,297.000000,331.000000,False,MEDIUM,16.000000,True,Racing Bulls,3836.172000,,12,13.000000,False,,False,True
2026,5,Canadian Grand Prix,S,3990.423000,LAW,30,lawson,rb,77.062000,17.000000,1.000000,,,22.212000,24.700000,30.150000,3935.581000,3960.281000,3990.431000,245.000000,291.000000,299.000000,327.000000,False,MEDIUM,17.000000,True,Racing Bulls,3913.361000,,1,13.000000,False,,False,True
2026,5,Canadian Grand Prix,S,4067.938000,LAW,30,lawson,rb,77.515000,18.000000,1.000000,,,22.492000,24.477000,30.546000,4012.923000,4037.400000,4067.946000,244.000000,290.000000,299.000000,335.000000,False,MEDIUM,18.000000,True,Racing Bulls,3990.423000,,1,13.000000,False,,False,True
2026,5,Canadian Grand Prix,S,4145.526000,LAW,30,lawson,rb,77.588000,19.000000,1.000000,,,22.408000,24.691000,30.489000,4090.354000,4115.045000,4145.534000,244.000000,286.000000,292.000000,325.000000,False,MEDIUM,19.000000,True,Racing Bulls,4067.938000,,1,12.000000,False,,False,True
2026,5,Canadian Grand Prix,S,4222.921000,LAW,30,lawson,rb,77.395000,20.000000,1.000000,,,22.205000,24.602000,30.588000,4167.739000,4192.341000,4222.929000,246.000000,288.000000,275.000000,332.000000,False,MEDIUM,20.000000,True,Racing Bulls,4145.526000,,1,12.000000,True,TRACK LIMITS AT TURN 14 LAP 20 ,False,True
2026,5,Canadian Grand Prix,S,4301.763000,LAW,30,lawson,rb,78.842000,21.000000,1.000000,,,23.388000,25.064000,30.390000,4246.317000,4271.381000,4301.771000,247.000000,285.000000,296.000000,324.000000,False,MEDIUM,21.000000,True,Racing Bulls,4222.921000,,1,12.000000,False,,False,True
2026,5,Canadian Grand Prix,S,4378.874000,LAW,30,lawson,rb,77.111000,22.000000,1.000000,,,22.143000,24.432000,30.536000,4323.914000,4348.346000,4378.882000,244.000000,284.000000,290.000000,324.000000,False,MEDIUM,22.000000,True,Racing Bulls,4301.763000,,1,12.000000,False,,False,True
2026,5,Canadian Grand Prix,S,4457.165000,LAW,30,lawson,rb,78.291000,23.000000,1.000000,,,22.850000,24.758000,30.683000,4401.732000,4426.490000,4457.173000,231.000000,286.000000,275.000000,329.000000,False,MEDIUM,23.000000,True,Racing Bulls,4378.874000,,1,12.000000,False,,False,True
2026,5,Canadian Grand Prix,S,2756.758000,BOR,5,bortoleto,audi,,1.000000,1.000000,,,,27.014000,32.359000,,2724.524000,2756.909000,218.000000,271.000000,288.000000,342.000000,False,MEDIUM,8.000000,False,Audi,2664.605000,,1,16.000000,False,,False,False
2026,5,Canadian Grand Prix,S,2836.951000,BOR,5,bortoleto,audi,80.193000,2.000000,1.000000,,,24.086000,25.455000,30.652000,2780.865000,2806.320000,2836.972000,235.000000,280.000000,279.000000,339.000000,True,MEDIUM,9.000000,False,Audi,2756.758000,,1,17.000000,False,,False,True
2026,5,Canadian Grand Prix,S,2914.753000,BOR,5,bortoleto,audi,77.802000,3.000000,1.000000,,,22.767000,24.794000,30.241000,2859.739000,2884.533000,2914.774000,238.000000,283.000000,285.000000,341.000000,True,MEDIUM,10.000000,False,Audi,2836.951000,,1,17.000000,False,,False,True
2026,5,Canadian Grand Prix,S,2992.495000,BOR,5,bortoleto,audi,77.742000,4.000000,1.000000,,,22.628000,24.860000,30.254000,2937.402000,2962.262000,2992.516000,236.000000,281.000000,288.000000,341.000000,True,MEDIUM,11.000000,False,Audi,2914.753000,,1,17.000000,False,,False,True
2026,5,Canadian Grand Prix,S,3070.057000,BOR,5,bortoleto,audi,77.562000,5.000000,1.000000,,,22.520000,24.710000,30.332000,3015.036000,3039.746000,3070.078000,238.000000,284.000000,283.000000,344.000000,False,MEDIUM,12.000000,False,Audi,2992.495000,,1,16.000000,True,TRACK LIMITS AT TURN 14 LAP 5 ,False,True
2026,5,Canadian Grand Prix,S,3147.378000,BOR,5,bortoleto,audi,77.321000,6.000000,1.000000,,,22.697000,24.719000,29.905000,3092.775000,3117.494000,3147.399000,238.000000,283.000000,277.000000,334.000000,True,MEDIUM,13.000000,False,Audi,3070.057000,,1,15.000000,False,,False,True
2026,5,Canadian Grand Prix,S,3224.169000,BOR,5,bortoleto,audi,76.791000,7.000000,1.000000,,,22.133000,24.484000,30.174000,3169.532000,3194.016000,3224.190000,235.000000,278.000000,280.000000,319.000000,True,MEDIUM,14.000000,False,Audi,3147.378000,,1,15.000000,False,,False,True
2026,5,Canadian Grand Prix,S,3300.321000,BOR,5,bortoleto,audi,76.152000,8.000000,1.000000,,,21.765000,24.293000,30.094000,3245.955000,3270.248000,3300.342000,241.000000,279.000000,281.000000,317.000000,True,MEDIUM,15.000000,False,Audi,3224.169000,,1,15.000000,False,,False,True
2026,5,Canadian Grand Prix,S,3376.301000,BOR,5,bortoleto,audi,75.980000,9.000000,1.000000,,,21.741000,24.225000,30.014000,3322.083000,3346.308000,3376.322000,250.000000,279.000000,281.000000,318.000000,True,MEDIUM,16.000000,False,Audi,3300.321000,,1,15.000000,False,,False,True
2026,5,Canadian Grand Prix,S,3452.651000,BOR,5,bortoleto,audi,76.350000,10.000000,1.000000,,,21.804000,24.480000,30.066000,3398.126000,3422.606000,3452.672000,240.000000,280.000000,283.000000,320.000000,False,MEDIUM,17.000000,False,Audi,3376.301000,,1,15.000000,False,,False,True
2026,5,Canadian Grand Prix,S,3529.414000,BOR,5,bortoleto,audi,76.763000,11.000000,1.000000,,,21.854000,24.498000,30.411000,3474.526000,3499.024000,3529.435000,240.000000,284.000000,287.000000,326.000000,False,MEDIUM,18.000000,False,Audi,3452.651000,,1,15.000000,False,,False,True
2026,5,Canadian Grand Prix,S,3606.957000,BOR,5,bortoleto,audi,77.543000,12.000000,1.000000,,,22.142000,24.856000,30.545000,3551.577000,3576.433000,3606.978000,244.000000,282.000000,293.000000,313.000000,False,MEDIUM,19.000000,False,Audi,3529.414000,,1,15.000000,False,,False,True
2026,5,Canadian Grand Prix,S,3683.464000,BOR,5,bortoleto,audi,76.507000,13.000000,1.000000,,,21.874000,24.430000,30.203000,3628.852000,3653.282000,3683.485000,245.000000,289.000000,294.000000,336.000000,False,MEDIUM,20.000000,False,Audi,3606.957000,,1,15.000000,False,,False,True
2026,5,Canadian Grand Prix,S,3760.617000,BOR,5,bortoleto,audi,77.153000,14.000000,1.000000,,,22.605000,24.624000,29.924000,3706.090000,3730.714000,3760.638000,246.000000,286.000000,283.000000,327.000000,False,MEDIUM,21.000000,False,Audi,3683.464000,,1,14.000000,False,,False,True
2026,5,Canadian Grand Prix,S,3836.981000,BOR,5,bortoleto,audi,76.364000,15.000000,1.000000,,,21.822000,24.595000,29.947000,3782.460000,3807.055000,3837.002000,239.000000,281.000000,287.000000,324.000000,False,MEDIUM,22.000000,False,Audi,3760.617000,,1,14.000000,False,,False,True
2026,5,Canadian Grand Prix,S,3913.947000,BOR,5,bortoleto,audi,76.966000,16.000000,1.000000,,,22.109000,24.667000,30.190000,3859.111000,3883.778000,3913.968000,240.000000,286.000000,289.000000,333.000000,False,MEDIUM,23.000000,False,Audi,3836.981000,,12,14.000000,False,,False,True
2026,5,Canadian Grand Prix,S,3991.299000,BOR,5,bortoleto,audi,77.352000,17.000000,1.000000,,,22.066000,25.012000,30.274000,3936.034000,3961.046000,3991.320000,243.000000,284.000000,284.000000,326.000000,False,MEDIUM,24.000000,False,Audi,3913.947000,,1,14.000000,False,,False,True
2026,5,Canadian Grand Prix,S,4068.432000,BOR,5,bortoleto,audi,77.133000,18.000000,1.000000,,,22.045000,24.683000,30.405000,4013.365000,4038.048000,4068.453000,242.000000,286.000000,289.000000,327.000000,False,MEDIUM,25.000000,False,Audi,3991.299000,,1,14.000000,False,,False,True
2026,5,Canadian Grand Prix,S,4146.707000,BOR,5,bortoleto,audi,78.275000,19.000000,1.000000,,,22.341000,25.360000,30.574000,4090.794000,4116.154000,4146.728000,240.000000,276.000000,281.000000,335.000000,False,MEDIUM,26.000000,False,Audi,4068.432000,,1,13.000000,False,,False,True
2026,5,Canadian Grand Prix,S,4223.873000,BOR,5,bortoleto,audi,77.166000,20.000000,1.000000,,,22.304000,24.758000,30.104000,4169.032000,4193.790000,4223.894000,238.000000,278.000000,284.000000,334.000000,False,MEDIUM,27.000000,False,Audi,4146.707000,,1,13.000000,False,,False,True
2026,5,Canadian Grand Prix,S,4302.459000,BOR,5,bortoleto,audi,78.586000,21.000000,1.000000,,,23.014000,25.136000,30.436000,4246.908000,4272.044000,4302.480000,236.000000,280.000000,286.000000,336.000000,False,MEDIUM,28.000000,False,Audi,4223.873000,,1,13.000000,False,,False,True
2026,5,Canadian Grand Prix,S,4380.133000,BOR,5,bortoleto,audi,77.674000,22.000000,1.000000,,,22.283000,24.634000,30.757000,4324.763000,4349.397000,4380.154000,238.000000,282.000000,291.000000,333.000000,False,MEDIUM,29.000000,False,Audi,4302.459000,,1,13.000000,True,TRACK LIMITS AT TURN 14 LAP 22 ,False,True
2026,5,Canadian Grand Prix,S,4457.635000,BOR,5,bortoleto,audi,77.502000,23.000000,1.000000,,,22.508000,24.612000,30.382000,4402.662000,4427.274000,4457.656000,243.000000,283.000000,280.000000,343.000000,False,MEDIUM,30.000000,False,Audi,4380.133000,,1,13.000000,False,,False,True
2026,5,Canadian Grand Prix,S,2755.100000,OCO,31,ocon,haas,,1.000000,1.000000,,,,26.877000,31.464000,,2723.837000,2755.268000,219.000000,262.000000,292.000000,316.000000,False,MEDIUM,8.000000,False,Haas F1 Team,2664.605000,,1,12.000000,False,,False,False
2026,5,Canadian Grand Prix,S,2832.805000,OCO,31,ocon,haas,77.705000,2.000000,1.000000,,,22.463000,24.629000,30.613000,2777.597000,2802.226000,2832.839000,235.000000,281.000000,285.000000,312.000000,True,MEDIUM,9.000000,False,Haas F1 Team,2755.100000,,1,12.000000,False,,False,True
2026,5,Canadian Grand Prix,S,2910.059000,OCO,31,ocon,haas,77.254000,3.000000,1.000000,,,22.259000,24.490000,30.505000,2855.098000,2879.588000,2910.093000,236.000000,281.000000,282.000000,310.000000,True,MEDIUM,10.000000,False,Haas F1 Team,2832.805000,,1,12.000000,False,,False,True
2026,5,Canadian Grand Prix,S,2987.297000,OCO,31,ocon,haas,77.238000,4.000000,1.000000,,,22.276000,24.267000,30.695000,2932.369000,2956.636000,2987.331000,233.000000,280.000000,282.000000,309.000000,True,MEDIUM,11.000000,False,Haas F1 Team,2910.059000,,1,12.000000,False,,False,True
2026,5,Canadian Grand Prix,S,3064.681000,OCO,31,ocon,haas,77.384000,5.000000,1.000000,,,22.003000,24.858000,30.523000,3009.334000,3034.192000,3064.715000,235.000000,277.000000,280.000000,308.000000,False,MEDIUM,12.000000,False,Haas F1 Team,2987.297000,,1,11.000000,False,,False,True
2026,5,Canadian Grand Prix,S,3141.626000,OCO,31,ocon,haas,76.945000,6.000000,1.000000,,,22.003000,24.401000,30.541000,,3111.119000,3141.660000,235.000000,278.000000,285.000000,305.000000,True,MEDIUM,13.000000,False,Haas F1 Team,3064.681000,,1,11.000000,False,,False,True
2026,5,Canadian Grand Prix,S,3218.895000,OCO,31,ocon,haas,77.269000,7.000000,1.000000,,,22.044000,24.550000,30.675000,3163.704000,3188.254000,3218.929000,234.000000,277.000000,266.000000,314.000000,False,MEDIUM,14.000000,False,Haas F1 Team,3141.626000,,1,11.000000,False,,False,True
2026,5,Canadian Grand Prix,S,3295.921000,OCO,31,ocon,haas,77.026000,8.000000,1.000000,,,22.095000,24.461000,30.470000,3241.024000,3265.485000,3295.955000,236.000000,276.000000,279.000000,315.000000,False,MEDIUM,15.000000,False,Haas F1 Team,3218.895000,,1,11.000000,False,,False,True
2026,5,Canadian Grand Prix,S,3372.770000,OCO,31,ocon,haas,76.849000,9.000000,1.000000,,,22.038000,24.468000,30.343000,3317.993000,3342.461000,3372.804000,234.000000,277.000000,277.000000,314.000000,True,MEDIUM,16.000000,False,Haas F1 Team,3295.921000,,1,11.000000,False,,False,True
2026,5,Canadian Grand Prix,S,3449.966000,OCO,31,ocon,haas,77.196000,10.000000,1.000000,,,22.088000,24.648000,30.460000,3394.892000,3419.540000,3450.000000,235.000000,273.000000,279.000000,314.000000,False,MEDIUM,17.000000,False,Haas F1 Team,3372.770000,,1,11.000000,False,,False,True
2026,5,Canadian Grand Prix,S,3527.265000,OCO,31,ocon,haas,77.299000,11.000000,1.000000,,,22.143000,24.542000,30.614000,3472.143000,3496.685000,3527.299000,233.000000,275.000000,273.000000,314.000000,False,MEDIUM,18.000000,False,Haas F1 Team,3449.966000,,1,11.000000,False,,False,True
2026,5,Canadian Grand Prix,S,3604.277000,OCO,31,ocon,haas,77.012000,12.000000,1.000000,,,22.110000,24.540000,30.362000,3549.409000,3573.949000,3604.311000,235.000000,275.000000,279.000000,314.000000,False,MEDIUM,19.000000,False,Haas F1 Team,3527.265000,,1,11.000000,False,,False,True
2026,5,Canadian Grand Prix,S,3681.355000,OCO,31,ocon,haas,77.078000,13.000000,1.000000,,,22.126000,24.555000,30.397000,3626.437000,3650.992000,3681.389000,232.000000,276.000000,276.000000,314.000000,False,MEDIUM,20.000000,False,Haas F1 Team,3604.277000,,1,11.000000,False,,False,True
2026,5,Canadian Grand Prix,S,3758.253000,OCO,31,ocon,haas,76.898000,14.000000,1.000000,,,21.993000,24.492000,30.413000,3703.382000,3727.874000,3758.287000,235.000000,276.000000,275.000000,314.000000,False,MEDIUM,21.000000,False,Haas F1 Team,3681.355000,,1,11.000000,False,,False,True
2026,5,Canadian Grand Prix,S,3835.209000,OCO,31,ocon,haas,76.956000,15.000000,1.000000,,,22.069000,24.436000,30.451000,3780.356000,3804.792000,3835.243000,234.000000,276.000000,275.000000,314.000000,False,MEDIUM,22.000000,False,Haas F1 Team,3758.253000,,1,11.000000,False,,False,True
2026,5,Canadian Grand Prix,S,3912.350000,OCO,31,ocon,haas,77.141000,16.000000,1.000000,,,22.081000,24.484000,30.576000,3857.324000,3881.808000,3912.384000,234.000000,276.000000,279.000000,313.000000,False,MEDIUM,23.000000,False,Haas F1 Team,3835.209000,,12,11.000000,False,,False,True
2026,5,Canadian Grand Prix,S,3989.679000,OCO,31,ocon,haas,77.329000,17.000000,1.000000,,,22.249000,24.467000,30.613000,3934.633000,3959.100000,3989.713000,231.000000,274.000000,278.000000,312.000000,False,MEDIUM,24.000000,False,Haas F1 Team,3912.350000,,1,11.000000,False,,False,True
2026,5,Canadian Grand Prix,S,4067.045000,OCO,31,ocon,haas,77.366000,18.000000,1.000000,,,22.196000,24.521000,30.649000,4011.909000,4036.430000,4067.079000,232.000000,275.000000,277.000000,312.000000,False,MEDIUM,25.000000,False,Haas F1 Team,3989.679000,,1,11.000000,False,,False,True
2026,5,Canadian Grand Prix,S,4148.564000,OCO,31,ocon,haas,81.519000,19.000000,1.000000,,,22.057000,28.259000,31.203000,4089.136000,4117.395000,4148.598000,234.000000,260.000000,278.000000,320.000000,False,MEDIUM,26.000000,False,Haas F1 Team,4067.045000,,1,14.000000,True,TRACK LIMITS AT TURN 8 LAP 19 ,False,True
2026,5,Canadian Grand Prix,S,4227.310000,OCO,31,ocon,haas,78.746000,20.000000,1.000000,,,23.115000,24.898000,30.733000,4171.713000,4196.611000,4227.344000,236.000000,280.000000,287.000000,318.000000,False,MEDIUM,27.000000,False,Haas F1 Team,4148.564000,,1,15.000000,False,,False,True
2026,5,Canadian Grand Prix,S,4304.835000,OCO,31,ocon,haas,77.525000,21.000000,1.000000,,,22.306000,24.667000,30.552000,4249.650000,4274.317000,4304.869000,235.000000,280.000000,286.000000,320.000000,False,MEDIUM,28.000000,False,Haas F1 Team,4227.310000,,1,15.000000,False,,False,True
2026,5,Canadian Grand Prix,S,4382.114000,OCO,31,ocon,haas,77.279000,22.000000,1.000000,,,22.400000,24.424000,30.455000,4327.269000,4351.693000,4382.148000,236.000000,281.000000,289.000000,318.000000,False,MEDIUM,29.000000,False,Haas F1 Team,4304.835000,,1,15.000000,False,,False,True
2026,5,Canadian Grand Prix,S,4460.030000,OCO,31,ocon,haas,77.916000,23.000000,1.000000,,,22.287000,24.792000,30.837000,4404.435000,4429.227000,4460.064000,237.000000,284.000000,288.000000,320.000000,False,MEDIUM,30.000000,False,Haas F1 Team,4382.114000,,1,15.000000,False,,False,True
2026,5,Canadian Grand Prix,S,2755.494000,PER,11,perez,cadillac,,1.000000,1.000000,,,,26.957000,31.978000,,2723.712000,2755.565000,224.000000,250.000000,301.000000,324.000000,False,SOFT,1.000000,True,Cadillac,2664.605000,,1,13.000000,False,,False,False
2026,5,Canadian Grand Prix,S,2833.639000,PER,11,perez,cadillac,78.145000,2.000000,1.000000,,,22.650000,25.056000,30.439000,2778.182000,2803.238000,2833.677000,236.000000,283.000000,287.000000,328.000000,True,SOFT,2.000000,True,Cadillac,2755.494000,,1,13.000000,False,,False,True
2026,5,Canadian Grand Prix,S,2911.139000,PER,11,perez,cadillac,77.500000,3.000000,1.000000,,,22.522000,24.699000,30.279000,2856.199000,2880.898000,2911.177000,234.000000,282.000000,285.000000,319.000000,True,SOFT,3.000000,True,Cadillac,2833.639000,,1,13.000000,False,,False,True
2026,5,Canadian Grand Prix,S,2988.018000,PER,11,perez,cadillac,76.879000,4.000000,1.000000,,,22.262000,24.468000,30.149000,2933.439000,2957.907000,2988.056000,233.000000,280.000000,288.000000,314.000000,True,SOFT,4.000000,True,Cadillac,2911.139000,,1,13.000000,False,,False,True
2026,5,Canadian Grand Prix,S,3065.190000,PER,11,perez,cadillac,77.172000,5.000000,1.000000,,,22.137000,24.845000,30.190000,3010.193000,3035.038000,3065.228000,233.000000,276.000000,287.000000,321.000000,False,SOFT,5.000000,True,Cadillac,2988.018000,,1,12.000000,False,,False,True
2026,5,Canadian Grand Prix,S,3142.072000,PER,11,perez,cadillac,76.882000,6.000000,1.000000,,,22.224000,24.456000,30.202000,3087.452000,3111.908000,3142.110000,234.000000,292.000000,293.000000,324.000000,False,SOFT,6.000000,True,Cadillac,3065.190000,,1,12.000000,False,,False,True
2026,5,Canadian Grand Prix,S,3219.705000,PER,11,perez,cadillac,77.633000,7.000000,1.000000,,,22.256000,24.508000,30.869000,3164.366000,3188.874000,3219.743000,233.000000,282.000000,261.000000,328.000000,False,SOFT,7.000000,True,Cadillac,3142.072000,,1,12.000000,True,TRACK LIMITS AT TURN 14 LAP 7 ,False,True
2026,5,Canadian Grand Prix,S,3296.715000,PER,11,perez,cadillac,77.010000,8.000000,1.000000,,,22.434000,24.537000,30.039000,3242.177000,3266.714000,3296.753000,235.000000,281.000000,285.000000,321.000000,False,SOFT,8.000000,True,Cadillac,3219.705000,,1,12.000000,False,,False,True
2026,5,Canadian Grand Prix,S,3373.356000,PER,11,perez,cadillac,76.641000,9.000000,1.000000,,,21.961000,24.478000,30.202000,3318.714000,3343.192000,3373.394000,234.000000,281.000000,282.000000,322.000000,True,SOFT,9.000000,True,Cadillac,3296.715000,,1,12.000000,False,,False,True
2026,5,Canadian Grand Prix,S,3450.505000,PER,11,perez,cadillac,77.149000,10.000000,1.000000,,,22.203000,24.563000,30.383000,3395.597000,3420.160000,3450.543000,234.000000,300.000000,277.000000,315.000000,False,SOFT,10.000000,True,Cadillac,3373.356000,,1,12.000000,False,,False,True
2026,5,Canadian Grand Prix,S,3527.647000,PER,11,perez,cadillac,77.142000,11.000000,1.000000,,,22.277000,24.577000,30.288000,3472.820000,3497.397000,3527.685000,234.000000,283.000000,287.000000,322.000000,False,SOFT,11.000000,True,Cadillac,3450.505000,,1,12.000000,False,,False,True
2026,5,Canadian Grand Prix,S,3605.028000,PER,11,perez,cadillac,77.381000,12.000000,1.000000,,,22.349000,24.685000,30.347000,3550.034000,3574.719000,3605.066000,235.000000,285.000000,269.000000,342.000000,False,SOFT,12.000000,True,Cadillac,3527.647000,,1,12.000000,False,,False,True
2026,5,Canadian Grand Prix,S,3682.036000,PER,11,perez,cadillac,77.008000,13.000000,1.000000,,,22.276000,24.435000,30.297000,3627.342000,3651.777000,3682.074000,234.000000,281.000000,276.000000,317.000000,False,SOFT,13.000000,True,Cadillac,3605.028000,,1,12.000000,False,,False,True
2026,5,Canadian Grand Prix,S,3758.842000,PER,11,perez,cadillac,76.806000,14.000000,1.000000,,,22.168000,24.485000,30.153000,3704.242000,3728.727000,3758.880000,234.000000,283.000000,280.000000,322.000000,False,SOFT,14.000000,True,Cadillac,3682.036000,,1,12.000000,False,,False,True
2026,5,Canadian Grand Prix,S,3835.881000,PER,11,perez,cadillac,77.039000,15.000000,1.000000,,,22.215000,24.447000,30.377000,3781.095000,3805.542000,3835.919000,233.000000,283.000000,279.000000,320.000000,False,SOFT,15.000000,True,Cadillac,3758.842000,,1,12.000000,False,,False,True
2026,5,Canadian Grand Prix,S,3912.993000,PER,11,perez,cadillac,77.112000,16.000000,1.000000,,,22.253000,24.568000,30.291000,3858.172000,3882.740000,3913.031000,234.000000,281.000000,280.000000,320.000000,False,SOFT,16.000000,True,Cadillac,3835.881000,,12,12.000000,False,,False,True
2026,5,Canadian Grand Prix,S,3989.955000,PER,11,perez,cadillac,76.962000,17.000000,1.000000,,,22.182000,24.605000,30.175000,3935.213000,3959.818000,3989.993000,233.000000,282.000000,301.000000,325.000000,False,SOFT,17.000000,True,Cadillac,3912.993000,,1,12.000000,False,,False,True
2026,5,Canadian Grand Prix,S,4067.594000,PER,11,perez,cadillac,77.639000,18.000000,1.000000,,,22.479000,24.626000,30.534000,4012.472000,4037.098000,4067.632000,233.000000,280.000000,280.000000,318.000000,False,SOFT,18.000000,True,Cadillac,3989.955000,,1,12.000000,False,,False,True
2026,5,Canadian Grand Prix,S,4145.165000,PER,11,perez,cadillac,77.571000,19.000000,1.000000,,,22.292000,24.604000,30.675000,4089.924000,4114.528000,4145.203000,234.000000,273.000000,273.000000,301.000000,False,SOFT,19.000000,True,Cadillac,4067.594000,,1,11.000000,False,,False,True
2026,5,Canadian Grand Prix,S,4222.784000,PER,11,perez,cadillac,77.619000,20.000000,1.000000,,,22.158000,24.562000,30.899000,4167.361000,4191.923000,4222.822000,231.000000,272.000000,265.000000,315.000000,False,SOFT,20.000000,True,Cadillac,4145.165000,,1,11.000000,False,,False,True
2026,5,Canadian Grand Prix,S,4300.771000,PER,11,perez,cadillac,77.987000,21.000000,1.000000,,,22.599000,24.854000,30.534000,4245.421000,4270.275000,4300.809000,234.000000,271.000000,275.000000,310.000000,False,SOFT,21.000000,True,Cadillac,4222.784000,,1,11.000000,False,,False,True
2026,5,Canadian Grand Prix,S,4378.507000,PER,11,perez,cadillac,77.736000,22.000000,1.000000,,,22.031000,24.933000,30.772000,4322.840000,4347.773000,4378.545000,233.000000,269.000000,274.000000,310.000000,False,SOFT,22.000000,True,Cadillac,4300.771000,,1,11.000000,False,,False,True
2026,5,Canadian Grand Prix,S,4456.223000,PER,11,perez,cadillac,77.716000,23.000000,1.000000,,,22.317000,24.840000,30.559000,4400.862000,4425.702000,4456.261000,232.000000,274.000000,275.000000,312.000000,False,SOFT,23.000000,True,Cadillac,4378.507000,,1,11.000000,False,,False,True
2026,5,Canadian Grand Prix,S,2756.351000,HUL,27,hulkenberg,audi,,1.000000,1.000000,,,,28.204000,32.050000,,2724.352000,2756.471000,225.000000,265.000000,293.000000,330.000000,False,MEDIUM,7.000000,False,Audi,2664.605000,,1,15.000000,False,,False,False
2026,5,Canadian Grand Prix,S,2835.484000,HUL,27,hulkenberg,audi,79.133000,2.000000,1.000000,,,23.312000,25.282000,30.539000,2779.702000,2804.984000,2835.523000,242.000000,288.000000,290.000000,335.000000,True,MEDIUM,8.000000,False,Audi,2756.351000,,1,15.000000,False,,False,True
2026,5,Canadian Grand Prix,S,2913.200000,HUL,27,hulkenberg,audi,77.716000,3.000000,1.000000,,,22.623000,24.680000,30.413000,2858.146000,2882.826000,2913.239000,245.000000,291.000000,273.000000,346.000000,True,MEDIUM,9.000000,False,Audi,2835.484000,,1,14.000000,False,,False,True
2026,5,Canadian Grand Prix,S,2990.303000,HUL,27,hulkenberg,audi,77.103000,4.000000,1.000000,,,22.206000,24.599000,30.298000,2935.445000,2960.044000,2990.342000,240.000000,277.000000,280.000000,313.000000,True,MEDIUM,10.000000,False,Audi,2913.200000,,1,14.000000,False,,False,True
2026,5,Canadian Grand Prix,S,3067.303000,HUL,27,hulkenberg,audi,77.000000,5.000000,1.000000,,,22.011000,24.561000,30.428000,3012.353000,3036.914000,3067.342000,238.000000,278.000000,281.000000,312.000000,True,MEDIUM,11.000000,False,Audi,2990.303000,,1,13.000000,False,,False,True
2026,5,Canadian Grand Prix,S,3144.202000,HUL,27,hulkenberg,audi,76.899000,6.000000,1.000000,,,22.000000,24.389000,30.510000,3089.342000,3113.731000,3144.241000,240.000000,277.000000,280.000000,314.000000,True,MEDIUM,12.000000,False,Audi,3067.303000,,1,13.000000,False,,False,True
2026,5,Canadian Grand Prix,S,3220.719000,HUL,27,hulkenberg,audi,76.517000,7.000000,1.000000,,,22.065000,24.257000,30.195000,3166.306000,3190.563000,3220.758000,240.000000,278.000000,282.000000,312.000000,True,MEDIUM,13.000000,False,Audi,3144.202000,,1,13.000000,False,,False,True
2026,5,Canadian Grand Prix,S,3297.391000,HUL,27,hulkenberg,audi,76.672000,8.000000,1.000000,,,21.983000,24.374000,30.315000,3242.741000,3267.115000,3297.430000,242.000000,284.000000,283.000000,331.000000,False,MEDIUM,14.000000,False,Audi,3220.719000,,1,13.000000,False,,False,True
2026,5,Canadian Grand Prix,S,3373.939000,HUL,27,hulkenberg,audi,76.548000,9.000000,1.000000,,,21.978000,24.356000,30.214000,3319.408000,3343.764000,3373.978000,240.000000,284.000000,283.000000,336.000000,False,MEDIUM,15.000000,False,Audi,3297.391000,,1,13.000000,False,,False,True
2026,5,Canadian Grand Prix,S,3450.906000,HUL,27,hulkenberg,audi,76.967000,10.000000,1.000000,,,22.064000,24.686000,30.217000,3396.042000,3420.728000,3450.945000,240.000000,280.000000,284.000000,334.000000,False,MEDIUM,16.000000,False,Audi,3373.939000,,1,13.000000,False,,False,True
2026,5,Canadian Grand Prix,S,3528.146000,HUL,27,hulkenberg,audi,77.240000,11.000000,1.000000,,,22.236000,24.762000,30.242000,3473.181000,3497.943000,3528.185000,240.000000,278.000000,283.000000,339.000000,False,MEDIUM,17.000000,False,Audi,3450.906000,,1,13.000000,True,TRACK LIMITS AT TURN 14 LAP 11 ,False,True
2026,5,Canadian Grand Prix,S,3605.352000,HUL,27,hulkenberg,audi,77.206000,12.000000,1.000000,,,22.292000,24.698000,30.216000,3550.477000,3575.175000,3605.391000,241.000000,283.000000,283.000000,336.000000,False,MEDIUM,18.000000,False,Audi,3528.146000,,1,13.000000,False,,False,True
2026,5,Canadian Grand Prix,S,3682.636000,HUL,27,hulkenberg,audi,77.284000,13.000000,1.000000,,,22.287000,24.499000,30.498000,3627.678000,3652.177000,3682.675000,240.000000,285.000000,278.000000,340.000000,False,MEDIUM,19.000000,False,Audi,3605.352000,,1,13.000000,False,,False,True
2026,5,Canadian Grand Prix,S,3761.825000,HUL,27,hulkenberg,audi,79.189000,14.000000,1.000000,,,23.014000,25.492000,30.683000,3705.689000,3731.181000,3761.864000,239.000000,285.000000,275.000000,323.000000,False,MEDIUM,20.000000,False,Audi,3682.636000,,1,15.000000,True,TRACK LIMITS AT TURN 14 LAP 14 ,False,True
2026,5,Canadian Grand Prix,S,3839.511000,HUL,27,hulkenberg,audi,77.686000,15.000000,1.000000,,,22.166000,24.306000,31.214000,3784.030000,3808.336000,3839.550000,241.000000,284.000000,265.000000,328.000000,False,MEDIUM,21.000000,False,Audi,3761.825000,,1,16.000000,False,,False,True
2026,5,Canadian Grand Prix,S,3917.671000,HUL,27,hulkenberg,audi,78.160000,16.000000,1.000000,,,22.797000,24.753000,30.610000,3862.347000,3887.100000,3917.710000,242.000000,285.000000,285.000000,324.000000,False,MEDIUM,22.000000,False,Audi,3839.511000,,12,16.000000,False,,False,True
2026,5,Canadian Grand Prix,S,3995.603000,HUL,27,hulkenberg,audi,77.932000,17.000000,1.000000,,,22.672000,24.781000,30.479000,3940.382000,3965.163000,3995.642000,238.000000,279.000000,283.000000,318.000000,False,MEDIUM,23.000000,False,Audi,3917.671000,,1,16.000000,False,,False,True
2026,5,Canadian Grand Prix,S,4071.998000,HUL,27,hulkenberg,audi,76.395000,18.000000,1.000000,,,21.907000,24.277000,30.211000,4017.549000,4041.826000,4072.037000,241.000000,278.000000,283.000000,318.000000,True,MEDIUM,24.000000,False,Audi,3995.603000,,1,16.000000,False,,False,True
2026,5,Canadian Grand Prix,S,4148.632000,HUL,27,hulkenberg,audi,76.634000,19.000000,1.000000,,,21.955000,24.338000,30.341000,4093.992000,4118.330000,4148.671000,240.000000,281.000000,310.000000,331.000000,False,MEDIUM,25.000000,False,Audi,4071.998000,,1,15.000000,False,,False,True
2026,5,Canadian Grand Prix,S,4224.929000,HUL,27,hulkenberg,audi,76.297000,20.000000,1.000000,,,22.079000,24.147000,30.071000,4170.750000,4194.897000,4224.968000,241.000000,282.000000,280.000000,330.000000,True,MEDIUM,26.000000,False,Audi,4148.632000,,1,14.000000,False,,False,True
2026,5,Canadian Grand Prix,S,4302.818000,HUL,27,hulkenberg,audi,77.889000,21.000000,1.000000,,,22.228000,25.183000,30.478000,4247.196000,4272.379000,4302.857000,239.000000,280.000000,286.000000,328.000000,False,MEDIUM,27.000000,False,Audi,4224.929000,,1,14.000000,False,,False,True
2026,5,Canadian Grand Prix,S,4380.297000,HUL,27,hulkenberg,audi,77.479000,22.000000,1.000000,,,22.225000,24.679000,30.575000,4325.082000,4349.761000,4380.336000,240.000000,281.000000,298.000000,351.000000,False,MEDIUM,28.000000,False,Audi,4302.818000,,1,14.000000,False,,False,True
2026,5,Canadian Grand Prix,S,4457.979000,HUL,27,hulkenberg,audi,77.682000,23.000000,1.000000,,,22.755000,24.620000,30.307000,4403.091000,4427.711000,4458.018000,229.000000,285.000000,268.000000,347.000000,False,MEDIUM,29.000000,False,Audi,4380.297000,,1,14.000000,False,,False,True
2026,5,Canadian Grand Prix,S,2767.136000,STR,18,stroll,aston_martin,,1.000000,1.000000,2683.955000,,,26.011000,31.561000,,2735.759000,2767.303000,243.000000,269.000000,272.000000,303.000000,False,SOFT,1.000000,True,Aston Martin,2664.605000,,1,22.000000,False,,False,False
2026,5,Canadian Grand Prix,S,2845.896000,STR,18,stroll,aston_martin,78.760000,2.000000,1.000000,,,22.707000,25.020000,31.033000,2789.877000,2814.897000,2845.930000,241.000000,271.000000,274.000000,302.000000,True,SOFT,2.000000,True,Aston Martin,2767.136000,,1,22.000000,False,,False,True
2026,5,Canadian Grand Prix,S,2923.910000,STR,18,stroll,aston_martin,78.014000,3.000000,1.000000,,,22.449000,24.669000,30.896000,2868.379000,2893.048000,2923.944000,240.000000,271.000000,273.000000,302.000000,True,SOFT,3.000000,True,Aston Martin,2845.896000,,1,22.000000,False,,False,True
2026,5,Canadian Grand Prix,S,3002.380000,STR,18,stroll,aston_martin,78.470000,4.000000,1.000000,,,22.385000,25.034000,31.051000,2946.329000,2971.363000,3002.414000,240.000000,272.000000,272.000000,304.000000,False,SOFT,4.000000,True,Aston Martin,2923.910000,,1,22.000000,False,,False,True
2026,5,Canadian Grand Prix,S,3081.161000,STR,18,stroll,aston_martin,78.781000,5.000000,1.000000,,,22.450000,24.945000,31.386000,3024.864000,3049.809000,3081.195000,240.000000,273.000000,264.000000,306.000000,False,SOFT,5.000000,True,Aston Martin,3002.380000,,1,22.000000,False,,False,True
2026,5,Canadian Grand Prix,S,3159.372000,STR,18,stroll,aston_martin,78.211000,6.000000,1.000000,,,22.476000,24.926000,30.809000,3103.671000,3128.597000,3159.406000,237.000000,268.000000,277.000000,304.000000,False,SOFT,6.000000,True,Aston Martin,3081.161000,,1,21.000000,False,,False,True
2026,5,Canadian Grand Prix,S,3236.859000,STR,18,stroll,aston_martin,77.487000,7.000000,1.000000,,,22.152000,24.667000,30.668000,3181.558000,3206.225000,3236.893000,241.000000,275.000000,277.000000,306.000000,True,SOFT,7.000000,True,Aston Martin,3159.372000,,1,21.000000,False,,False,True
2026,5,Canadian Grand Prix,S,3314.470000,STR,18,stroll,aston_martin,77.611000,8.000000,1.000000,,,22.252000,24.721000,30.638000,3259.145000,3283.866000,3314.504000,240.000000,275.000000,279.000000,320.000000,False,SOFT,8.000000,True,Aston Martin,3236.859000,,1,21.000000,False,,False,True
2026,5,Canadian Grand Prix,S,3392.352000,STR,18,stroll,aston_martin,77.882000,9.000000,1.000000,,,22.452000,24.931000,30.499000,3336.956000,3361.887000,3392.386000,243.000000,276.000000,282.000000,318.000000,False,SOFT,9.000000,True,Aston Martin,3314.470000,,1,21.000000,False,,False,True
2026,5,Canadian Grand Prix,S,3470.507000,STR,18,stroll,aston_martin,78.155000,10.000000,1.000000,,,22.150000,24.950000,31.055000,3414.536000,3439.486000,3470.541000,243.000000,278.000000,262.000000,336.000000,False,SOFT,10.000000,True,Aston Martin,3392.352000,,1,20.000000,False,,False,True
2026,5,Canadian Grand Prix,S,3548.950000,STR,18,stroll,aston_martin,78.443000,11.000000,1.000000,,,22.664000,24.837000,30.942000,3493.205000,3518.042000,3548.984000,234.000000,272.000000,268.000000,296.000000,False,SOFT,11.000000,True,Aston Martin,3470.507000,,1,20.000000,False,,False,True
2026,5,Canadian Grand Prix,S,3627.151000,STR,18,stroll,aston_martin,78.201000,12.000000,1.000000,,,22.324000,24.973000,30.904000,3571.308000,3596.281000,3627.185000,231.000000,266.000000,274.000000,298.000000,False,SOFT,12.000000,True,Aston Martin,3548.950000,,1,20.000000,False,,False,True
2026,5,Canadian Grand Prix,S,3704.922000,STR,18,stroll,aston_martin,77.771000,13.000000,1.000000,,,22.052000,24.762000,30.957000,3649.237000,3673.999000,3704.956000,239.000000,270.000000,269.000000,297.000000,False,SOFT,13.000000,True,Aston Martin,3627.151000,,1,20.000000,False,,False,True
2026,5,Canadian Grand Prix,S,3782.714000,STR,18,stroll,aston_martin,77.792000,14.000000,1.000000,,,22.128000,24.853000,30.811000,3727.084000,3751.937000,3782.748000,237.000000,265.000000,274.000000,299.000000,False,SOFT,14.000000,True,Aston Martin,3704.922000,,1,19.000000,False,,False,True
2026,5,Canadian Grand Prix,S,3860.170000,STR,18,stroll,aston_martin,77.456000,15.000000,1.000000,,,21.982000,24.597000,30.877000,3804.730000,3829.327000,3860.204000,241.000000,271.000000,270.000000,300.000000,True,SOFT,15.000000,True,Aston Martin,3782.714000,,1,18.000000,False,,False,True
2026,5,Canadian Grand Prix,S,3937.793000,STR,18,stroll,aston_martin,77.623000,16.000000,1.000000,,,22.119000,24.709000,30.795000,3882.323000,3907.032000,3937.827000,238.000000,267.000000,276.000000,297.000000,False,SOFT,16.000000,True,Aston Martin,3860.170000,,12,18.000000,False,,False,True
2026,5,Canadian Grand Prix,S,4014.913000,STR,18,stroll,aston_martin,77.120000,17.000000,1.000000,,,21.895000,24.491000,30.734000,3959.722000,3984.213000,4014.947000,241.000000,271.000000,272.000000,293.000000,True,SOFT,17.000000,True,Aston Martin,3937.793000,,1,18.000000,False,,False,True
2026,5,Canadian Grand Prix,S,4092.348000,STR,18,stroll,aston_martin,77.435000,18.000000,1.000000,,,22.032000,24.656000,30.747000,4036.979000,4061.635000,4092.382000,239.000000,267.000000,272.000000,294.000000,False,SOFT,18.000000,True,Aston Martin,4014.913000,,1,17.000000,False,,False,True
2026,5,Canadian Grand Prix,S,4170.170000,STR,18,stroll,aston_martin,77.822000,19.000000,1.000000,,,21.993000,24.722000,31.107000,4114.375000,4139.097000,4170.204000,238.000000,267.000000,250.000000,293.000000,False,SOFT,19.000000,True,Aston Martin,4092.348000,,1,16.000000,False,,False,True
2026,5,Canadian Grand Prix,S,4250.867000,STR,18,stroll,aston_martin,80.697000,20.000000,1.000000,,,25.541000,24.703000,30.453000,4195.745000,4220.448000,4250.901000,243.000000,272.000000,278.000000,325.000000,False,SOFT,20.000000,True,Aston Martin,4170.170000,,1,16.000000,False,,False,True
2026,5,Canadian Grand Prix,S,4330.971000,STR,18,stroll,aston_martin,80.104000,21.000000,1.000000,,,22.084000,26.648000,31.372000,4272.985000,4299.633000,4331.005000,241.000000,224.000000,278.000000,317.000000,False,SOFT,21.000000,True,Aston Martin,4250.867000,,1,16.000000,False,,False,True
2026,5,Canadian Grand Prix,S,4408.948000,STR,18,stroll,aston_martin,77.977000,22.000000,1.000000,,,22.367000,24.661000,30.949000,4353.372000,4378.033000,4408.982000,244.000000,277.000000,269.000000,312.000000,False,SOFT,22.000000,True,Aston Martin,4330.971000,,1,16.000000,True,TRACK LIMITS AT TURN 14 LAP 22 ,False,True
2026,5,Canadian Grand Prix,S,2761.729000,BOT,77,bottas,cadillac,,1.000000,1.000000,2680.068000,,,25.860000,31.106000,,2730.727000,2761.940000,233.000000,280.000000,292.000000,313.000000,False,SOFT,1.000000,True,Cadillac,2664.605000,,1,20.000000,False,,False,False
2026,5,Canadian Grand Prix,S,2840.699000,BOT,77,bottas,cadillac,78.970000,2.000000,1.000000,,,22.827000,25.228000,30.915000,2784.591000,2809.819000,2840.734000,233.000000,275.000000,281.000000,308.000000,True,SOFT,2.000000,True,Cadillac,2761.729000,,1,20.000000,False,,False,True
2026,5,Canadian Grand Prix,S,2919.952000,BOT,77,bottas,cadillac,79.253000,3.000000,1.000000,,,22.503000,24.939000,31.811000,2863.237000,2888.176000,2919.987000,233.000000,277.000000,272.000000,306.000000,False,SOFT,3.000000,True,Cadillac,2840.699000,,1,21.000000,False,,False,True
2026,5,Canadian Grand Prix,S,2999.438000,BOT,77,bottas,cadillac,79.486000,4.000000,1.000000,,,22.811000,25.214000,31.461000,2942.798000,2968.012000,2999.473000,230.000000,269.000000,287.000000,303.000000,False,SOFT,4.000000,True,Cadillac,2919.952000,,1,21.000000,False,,False,True
2026,5,Canadian Grand Prix,S,3078.364000,BOT,77,bottas,cadillac,78.926000,5.000000,1.000000,,,23.204000,25.084000,30.638000,3022.677000,3047.761000,3078.399000,229.000000,280.000000,285.000000,320.000000,True,SOFT,5.000000,True,Cadillac,2999.438000,,1,21.000000,False,,False,True
2026,5,Canadian Grand Prix,S,3157.415000,BOT,77,bottas,cadillac,79.051000,6.000000,1.000000,,,23.014000,25.070000,30.967000,3101.413000,3126.483000,3157.450000,232.000000,279.000000,278.000000,306.000000,False,SOFT,6.000000,True,Cadillac,3078.364000,,1,20.000000,False,,False,True
2026,5,Canadian Grand Prix,S,3235.657000,BOT,77,bottas,cadillac,78.242000,7.000000,1.000000,,,22.715000,24.789000,30.738000,3180.165000,3204.954000,3235.692000,230.000000,278.000000,275.000000,303.000000,True,SOFT,7.000000,True,Cadillac,3157.415000,,1,20.000000,False,,False,True
2026,5,Canadian Grand Prix,S,3313.986000,BOT,77,bottas,cadillac,78.329000,8.000000,1.000000,,,22.614000,24.904000,30.811000,3258.306000,3283.210000,3314.021000,231.000000,276.000000,279.000000,301.000000,False,SOFT,8.000000,True,Cadillac,3235.657000,,1,20.000000,False,,False,True
2026,5,Canadian Grand Prix,S,3391.634000,BOT,77,bottas,cadillac,77.648000,9.000000,1.000000,,,22.454000,24.706000,30.488000,3336.475000,3361.181000,3391.669000,231.000000,277.000000,279.000000,314.000000,True,SOFT,9.000000,True,Cadillac,3313.986000,,1,20.000000,False,,False,True
2026,5,Canadian Grand Prix,S,3470.579000,BOT,77,bottas,cadillac,78.945000,10.000000,1.000000,,,22.299000,25.275000,31.371000,3413.968000,3439.243000,3470.614000,232.000000,268.000000,282.000000,311.000000,False,SOFT,10.000000,True,Cadillac,3391.634000,,1,21.000000,False,,False,True
2026,5,Canadian Grand Prix,S,3549.480000,BOT,77,bottas,cadillac,78.901000,11.000000,1.000000,,,23.259000,25.167000,30.475000,3493.873000,3519.040000,3549.515000,233.000000,278.000000,287.000000,319.000000,False,SOFT,11.000000,True,Cadillac,3470.579000,,1,21.000000,False,,False,True
2026,5,Canadian Grand Prix,S,3627.773000,BOT,77,bottas,cadillac,78.293000,12.000000,1.000000,,,22.539000,24.873000,30.881000,3572.054000,3596.927000,3627.808000,232.000000,279.000000,278.000000,318.000000,False,SOFT,12.000000,True,Cadillac,3549.480000,,1,21.000000,False,,False,True
2026,5,Canadian Grand Prix,S,3705.687000,BOT,77,bottas,cadillac,77.914000,13.000000,1.000000,,,22.535000,24.796000,30.583000,3650.343000,3675.139000,3705.722000,231.000000,281.000000,282.000000,314.000000,False,SOFT,13.000000,True,Cadillac,3627.773000,,1,21.000000,False,,False,True
2026,5,Canadian Grand Prix,S,3783.600000,BOT,77,bottas,cadillac,77.913000,14.000000,1.000000,,,22.473000,24.798000,30.642000,3728.195000,3752.993000,3783.635000,230.000000,278.000000,280.000000,317.000000,False,SOFT,14.000000,True,Cadillac,3705.687000,,1,20.000000,False,,False,True
2026,5,Canadian Grand Prix,S,3861.293000,BOT,77,bottas,cadillac,77.693000,15.000000,1.000000,,,22.457000,24.701000,30.535000,3806.092000,3830.793000,3861.328000,231.000000,279.000000,281.000000,313.000000,False,SOFT,15.000000,True,Cadillac,3783.600000,,1,19.000000,False,,False,True
2026,5,Canadian Grand Prix,S,3938.918000,BOT,77,bottas,cadillac,77.625000,16.000000,1.000000,,,22.293000,24.723000,30.609000,3883.621000,3908.344000,3938.953000,232.000000,278.000000,283.000000,304.000000,True,SOFT,16.000000,True,Cadillac,3861.293000,,12,19.000000,False,,False,True
2026,5,Canadian Grand Prix,S,4016.130000,BOT,77,bottas,cadillac,77.212000,17.000000,1.000000,,,22.188000,24.569000,30.455000,3961.141000,3985.710000,4016.165000,233.000000,277.000000,284.000000,301.000000,True,SOFT,17.000000,True,Cadillac,3938.918000,,1,19.000000,False,,False,True
2026,5,Canadian Grand Prix,S,4093.540000,BOT,77,bottas,cadillac,77.410000,18.000000,1.000000,,,22.222000,24.503000,30.685000,4038.387000,4062.890000,4093.575000,231.000000,279.000000,278.000000,305.000000,False,SOFT,18.000000,True,Cadillac,4016.130000,,1,18.000000,False,,False,True
2026,5,Canadian Grand Prix,S,4173.315000,BOT,77,bottas,cadillac,79.775000,19.000000,1.000000,,,22.355000,24.609000,32.811000,4115.930000,4140.539000,4173.350000,231.000000,278.000000,287.000000,225.000000,False,SOFT,19.000000,True,Cadillac,4093.540000,,1,17.000000,False,,False,True
2026,5,Canadian Grand Prix,S,4255.693000,BOT,77,bottas,cadillac,82.378000,20.000000,1.000000,,,23.065000,24.769000,34.544000,4196.415000,4221.184000,4255.728000,232.000000,282.000000,280.000000,251.000000,False,SOFT,20.000000,True,Cadillac,4173.315000,,1,17.000000,False,,False,True
2026,5,Canadian Grand Prix,S,4336.445000,BOT,77,bottas,cadillac,80.752000,21.000000,1.000000,,,24.222000,25.582000,30.948000,4279.950000,4305.532000,4336.480000,231.000000,275.000000,306.000000,316.000000,False,SOFT,21.000000,True,Cadillac,4255.693000,,1,17.000000,False,,False,True
2026,5,Canadian Grand Prix,S,4413.682000,BOT,77,bottas,cadillac,77.237000,22.000000,1.000000,,,22.173000,24.487000,30.577000,4358.653000,4383.140000,4413.717000,233.000000,278.000000,280.000000,314.000000,False,SOFT,22.000000,True,Cadillac,4336.445000,,1,17.000000,False,,False,True
2026,5,Canadian Grand Prix,S,2759.059000,BEA,87,bearman,haas,,1.000000,1.000000,2678.286000,,,25.286000,31.180000,,2727.962000,2759.299000,241.000000,287.000000,291.000000,317.000000,False,MEDIUM,10.000000,False,Haas F1 Team,2664.605000,,1,18.000000,False,,False,False
2026,5,Canadian Grand Prix,S,2837.447000,BEA,87,bearman,haas,78.388000,2.000000,1.000000,,,22.822000,24.983000,30.583000,2781.915000,2806.898000,2837.481000,236.000000,288.000000,310.000000,324.000000,True,MEDIUM,11.000000,False,Haas F1 Team,2759.059000,,1,18.000000,False,,False,True
2026,5,Canadian Grand Prix,S,2915.694000,BEA,87,bearman,haas,78.247000,3.000000,1.000000,,,22.698000,24.907000,30.642000,2860.179000,2885.086000,2915.728000,236.000000,287.000000,285.000000,334.000000,True,MEDIUM,12.000000,False,Haas F1 Team,2837.447000,,1,18.000000,False,,False,True
2026,5,Canadian Grand Prix,S,2992.804000,BEA,87,bearman,haas,77.110000,4.000000,1.000000,,,22.399000,24.633000,30.078000,2938.127000,2962.760000,2992.838000,236.000000,288.000000,301.000000,338.000000,True,MEDIUM,13.000000,False,Haas F1 Team,2915.694000,,1,18.000000,False,,False,True
2026,5,Canadian Grand Prix,S,3072.532000,BEA,87,bearman,haas,79.728000,5.000000,1.000000,,,22.873000,25.332000,31.523000,3015.711000,3041.043000,3072.566000,232.000000,277.000000,279.000000,336.000000,False,MEDIUM,14.000000,False,Haas F1 Team,2992.804000,,1,18.000000,False,,False,True
2026,5,Canadian Grand Prix,S,3150.912000,BEA,87,bearman,haas,78.380000,6.000000,1.000000,,,22.520000,25.337000,30.523000,3095.086000,3120.423000,3150.946000,235.000000,274.000000,285.000000,321.000000,False,MEDIUM,15.000000,False,Haas F1 Team,3072.532000,,1,18.000000,False,,False,True
2026,5,Canadian Grand Prix,S,3228.252000,BEA,87,bearman,haas,77.340000,7.000000,1.000000,,,22.221000,24.738000,30.381000,3173.167000,3197.905000,3228.286000,237.000000,280.000000,291.000000,315.000000,False,MEDIUM,16.000000,False,Haas F1 Team,3150.912000,,1,18.000000,False,,False,True
2026,5,Canadian Grand Prix,S,3305.396000,BEA,87,bearman,haas,77.144000,8.000000,1.000000,,,22.067000,24.700000,30.377000,3250.353000,3275.053000,3305.430000,237.000000,280.000000,285.000000,315.000000,False,MEDIUM,17.000000,False,Haas F1 Team,3228.252000,,1,18.000000,True,TRACK LIMITS AT TURN 14 LAP 8 ,False,True
2026,5,Canadian Grand Prix,S,3382.471000,BEA,87,bearman,haas,77.075000,9.000000,1.000000,,,22.102000,24.621000,30.352000,3327.532000,3352.153000,3382.505000,239.000000,284.000000,303.000000,322.000000,True,MEDIUM,18.000000,False,Haas F1 Team,3305.396000,,1,18.000000,False,,False,True
2026,5,Canadian Grand Prix,S,3459.915000,BEA,87,bearman,haas,77.444000,10.000000,1.000000,,,22.375000,24.823000,30.246000,3404.880000,3429.703000,3459.949000,236.000000,280.000000,290.000000,346.000000,False,MEDIUM,19.000000,False,Haas F1 Team,3382.471000,,1,18.000000,False,,False,True
2026,5,Canadian Grand Prix,S,3538.052000,BEA,87,bearman,haas,78.137000,11.000000,1.000000,,,22.981000,24.927000,30.229000,3482.930000,3507.857000,3538.086000,233.000000,281.000000,278.000000,338.000000,False,MEDIUM,20.000000,False,Haas F1 Team,3459.915000,,1,17.000000,False,,False,True
2026,5,Canadian Grand Prix,S,3615.202000,BEA,87,bearman,haas,77.150000,12.000000,1.000000,,,22.147000,24.516000,30.487000,3560.233000,3584.749000,3615.236000,236.000000,277.000000,282.000000,307.000000,False,MEDIUM,21.000000,False,Haas F1 Team,3538.052000,,1,17.000000,False,,False,True
2026,5,Canadian Grand Prix,S,3692.180000,BEA,87,bearman,haas,76.978000,13.000000,1.000000,,,22.087000,24.518000,30.373000,3637.323000,3661.841000,3692.214000,235.000000,278.000000,285.000000,309.000000,True,MEDIUM,22.000000,False,Haas F1 Team,3615.202000,,1,17.000000,False,,False,True
2026,5,Canadian Grand Prix,S,3769.060000,BEA,87,bearman,haas,76.880000,14.000000,1.000000,,,21.939000,24.547000,30.394000,3714.153000,3738.700000,3769.094000,236.000000,279.000000,283.000000,308.000000,True,MEDIUM,23.000000,False,Haas F1 Team,3692.180000,,1,17.000000,False,,False,True
2026,5,Canadian Grand Prix,S,3845.705000,BEA,87,bearman,haas,76.645000,15.000000,1.000000,,,21.969000,24.296000,30.380000,3791.063000,3815.359000,3845.739000,235.000000,279.000000,283.000000,307.000000,True,MEDIUM,24.000000,False,Haas F1 Team,3769.060000,,1,17.000000,False,,False,True
2026,5,Canadian Grand Prix,S,3922.346000,BEA,87,bearman,haas,76.641000,16.000000,1.000000,,,21.928000,24.402000,30.311000,3867.667000,3892.069000,3922.380000,236.000000,278.000000,288.000000,309.000000,True,MEDIUM,25.000000,False,Haas F1 Team,3845.705000,,12,17.000000,False,,False,True
2026,5,Canadian Grand Prix,S,3999.303000,BEA,87,bearman,haas,76.957000,17.000000,1.000000,,,22.102000,24.500000,30.355000,3944.482000,3968.982000,3999.337000,234.000000,279.000000,287.000000,309.000000,False,MEDIUM,26.000000,False,Haas F1 Team,3922.346000,,1,17.000000,False,,False,True
2026,5,Canadian Grand Prix,S,4107.459000,BEA,87,bearman,haas,108.156000,18.000000,1.000000,,4070.521000,22.125000,24.537000,61.494000,4021.462000,4045.999000,4107.493000,236.000000,279.000000,,308.000000,False,MEDIUM,27.000000,False,Haas F1 Team,3999.303000,,1,19.000000,False,,False,False
2026,5,Canadian Grand Prix,S,4190.082000,BEA,87,bearman,haas,82.623000,19.000000,2.000000,4109.093000,,25.969000,25.648000,31.006000,4133.462000,4159.110000,4190.116000,234.000000,287.000000,297.000000,311.000000,False,MEDIUM,9.000000,False,Haas F1 Team,4107.459000,,1,18.000000,False,,False,False
2026,5,Canadian Grand Prix,S,4266.930000,BEA,87,bearman,haas,76.848000,20.000000,2.000000,,,22.094000,24.371000,30.383000,4212.210000,4236.581000,4266.964000,236.000000,279.000000,281.000000,308.000000,False,MEDIUM,10.000000,False,Haas F1 Team,4190.082000,,1,18.000000,False,,False,True
2026,5,Canadian Grand Prix,S,4343.457000,BEA,87,bearman,haas,76.527000,21.000000,2.000000,,,22.082000,24.195000,30.250000,4289.046000,4313.241000,4343.491000,236.000000,281.000000,286.000000,310.000000,True,MEDIUM,11.000000,False,Haas F1 Team,4266.930000,,1,18.000000,False,,False,True
2026,5,Canadian Grand Prix,S,4419.667000,BEA,87,bearman,haas,76.210000,22.000000,2.000000,,,21.781000,24.302000,30.127000,4365.272000,4389.574000,4419.701000,237.000000,280.000000,288.000000,309.000000,True,MEDIUM,12.000000,False,Haas F1 Team,4343.457000,,1,18.000000,False,,False,True
2026,5,Canadian Grand Prix,S,2762.918000,ALB,23,albon,williams,,1.000000,1.000000,2680.974000,,,26.124000,31.277000,,2731.852000,2763.034000,239.000000,285.000000,280.000000,319.000000,False,MEDIUM,1.000000,True,Williams,2664.605000,,1,21.000000,False,,False,False
2026,5,Canadian Grand Prix,S,2841.432000,ALB,23,albon,williams,78.514000,2.000000,1.000000,,,22.721000,24.978000,30.815000,2785.654000,2810.632000,2841.447000,241.000000,284.000000,284.000000,319.000000,True,MEDIUM,2.000000,True,Williams,2762.918000,,1,21.000000,False,,False,True
2026,5,Canadian Grand Prix,S,2919.867000,ALB,23,albon,williams,78.435000,3.000000,1.000000,,,22.431000,24.821000,31.183000,2863.878000,2888.699000,2919.882000,243.000000,288.000000,267.000000,335.000000,True,MEDIUM,3.000000,True,Williams,2841.432000,,1,20.000000,False,,False,True
2026,5,Canadian Grand Prix,S,2999.378000,ALB,23,albon,williams,79.511000,4.000000,1.000000,,,23.177000,25.362000,30.972000,2943.059000,2968.421000,2999.393000,240.000000,283.000000,290.000000,330.000000,False,MEDIUM,4.000000,True,Williams,2919.867000,,1,20.000000,False,,False,True
2026,5,Canadian Grand Prix,S,3077.982000,ALB,23,albon,williams,78.604000,5.000000,1.000000,,,22.586000,24.986000,31.032000,3021.979000,3046.965000,3077.997000,232.000000,276.000000,263.000000,305.000000,False,MEDIUM,5.000000,True,Williams,2999.378000,,1,20.000000,False,,False,True
2026,5,Canadian Grand Prix,S,3155.956000,ALB,23,albon,williams,77.974000,6.000000,1.000000,,,22.281000,25.110000,30.583000,3100.278000,3125.388000,3155.971000,243.000000,282.000000,278.000000,309.000000,True,MEDIUM,6.000000,True,Williams,3077.982000,,1,19.000000,False,,False,True
2026,5,Canadian Grand Prix,S,3233.260000,ALB,23,albon,williams,77.304000,7.000000,1.000000,,,22.089000,24.311000,30.904000,3178.060000,3202.371000,3233.275000,239.000000,282.000000,280.000000,309.000000,True,MEDIUM,7.000000,True,Williams,3155.956000,,1,19.000000,False,,False,True
2026,5,Canadian Grand Prix,S,3310.079000,ALB,23,albon,williams,76.819000,8.000000,1.000000,,,21.957000,24.386000,30.476000,3255.232000,3279.618000,3310.094000,240.000000,282.000000,279.000000,311.000000,True,MEDIUM,8.000000,True,Williams,3233.260000,,1,19.000000,False,,False,True
2026,5,Canadian Grand Prix,S,3386.855000,ALB,23,albon,williams,76.776000,9.000000,1.000000,,,21.957000,24.464000,30.355000,,3356.515000,3386.870000,241.000000,284.000000,279.000000,313.000000,True,MEDIUM,9.000000,True,Williams,3310.079000,,1,19.000000,False,,False,True
2026,5,Canadian Grand Prix,S,3463.378000,ALB,23,albon,williams,76.523000,10.000000,1.000000,,,21.739000,24.372000,30.412000,3408.609000,3432.981000,3463.393000,241.000000,283.000000,283.000000,315.000000,True,MEDIUM,10.000000,True,Williams,3386.855000,,1,19.000000,False,,False,True
2026,5,Canadian Grand Prix,S,3540.212000,ALB,23,albon,williams,76.834000,11.000000,1.000000,,,21.954000,24.598000,30.282000,3485.347000,3509.945000,3540.227000,239.000000,283.000000,284.000000,316.000000,False,MEDIUM,11.000000,True,Williams,3463.378000,,1,19.000000,False,,False,True
2026,5,Canadian Grand Prix,S,3617.320000,ALB,23,albon,williams,77.108000,12.000000,1.000000,,,22.037000,24.496000,30.575000,3562.264000,3586.760000,3617.335000,241.000000,290.000000,273.000000,338.000000,False,MEDIUM,12.000000,True,Williams,3540.212000,,1,19.000000,False,,False,True
2026,5,Canadian Grand Prix,S,3694.853000,ALB,23,albon,williams,77.533000,13.000000,1.000000,,,22.384000,24.683000,30.466000,3639.719000,3664.402000,3694.868000,244.000000,293.000000,271.000000,330.000000,False,MEDIUM,13.000000,True,Williams,3617.320000,,1,18.000000,False,,False,True
2026,5,Canadian Grand Prix,S,3788.536000,ALB,23,albon,williams,93.683000,14.000000,1.000000,,3766.103000,22.456000,24.506000,46.721000,3717.324000,3741.830000,3788.551000,238.000000,282.000000,,312.000000,False,MEDIUM,14.000000,True,Williams,3694.853000,,1,21.000000,False,,False,False
2026,5,Canadian Grand Prix,S,3869.776000,ALB,23,albon,williams,81.240000,15.000000,2.000000,3790.172000,,25.093000,25.004000,31.143000,3813.644000,3838.648000,3869.791000,245.000000,284.000000,292.000000,308.000000,False,SOFT,1.000000,True,Williams,3788.536000,,1,20.000000,False,,False,False
2026,5,Canadian Grand Prix,S,3946.665000,ALB,23,albon,williams,76.889000,16.000000,2.000000,,,21.730000,24.022000,31.137000,3891.521000,3915.543000,3946.680000,238.000000,280.000000,216.000000,305.000000,False,SOFT,2.000000,True,Williams,3869.776000,,12,20.000000,False,,False,True
2026,5,Canadian Grand Prix,S,4040.984000,ALB,23,albon,williams,94.319000,17.000000,2.000000,,,29.394000,28.322000,36.603000,3976.074000,4004.396000,4040.999000,150.000000,205.000000,296.000000,255.000000,False,SOFT,3.000000,True,Williams,3946.665000,,1,20.000000,False,,False,True
2026,5,Canadian Grand Prix,S,4116.701000,ALB,23,albon,williams,75.717000,18.000000,2.000000,,,21.624000,24.047000,30.046000,4062.623000,4086.670000,4116.716000,243.000000,287.000000,286.000000,317.000000,True,SOFT,4.000000,True,Williams,4040.984000,,1,20.000000,False,,False,True
2026,5,Canadian Grand Prix,S,4213.017000,ALB,23,albon,williams,96.316000,19.000000,2.000000,,,31.145000,29.515000,35.656000,4147.861000,4177.376000,4213.032000,211.000000,277.000000,303.000000,240.000000,False,SOFT,5.000000,True,Williams,4116.701000,,1,20.000000,False,,False,True
2026,5,Canadian Grand Prix,S,4294.712000,ALB,23,albon,williams,81.695000,20.000000,2.000000,,,22.197000,26.173000,33.325000,4235.229000,4261.402000,4294.727000,247.000000,273.000000,304.000000,278.000000,False,SOFT,6.000000,True,Williams,4213.017000,,1,19.000000,False,,False,True
2026,5,Canadian Grand Prix,S,4373.160000,ALB,23,albon,williams,78.448000,21.000000,2.000000,,,21.721000,24.119000,32.608000,4316.448000,4340.567000,4373.175000,240.000000,283.000000,272.000000,265.000000,False,SOFT,7.000000,True,Williams,4294.712000,,1,19.000000,False,,False,True
2026,5,Canadian Grand Prix,S,4449.314000,ALB,23,albon,williams,76.154000,22.000000,2.000000,,,21.839000,24.079000,30.236000,4395.014000,4419.093000,4449.329000,240.000000,282.000000,283.000000,308.000000,False,SOFT,8.000000,True,Williams,4373.160000,,1,19.000000,False,,False,True
2026,5,Canadian Grand Prix,S,2760.337000,GAS,10,gasly,alpine,,1.000000,1.000000,2679.396000,,,25.638000,31.092000,,2729.399000,2760.424000,244.000000,282.000000,276.000000,316.000000,False,MEDIUM,1.000000,True,Alpine,2664.605000,,1,19.000000,False,,False,False
2026,5,Canadian Grand Prix,S,2837.852000,GAS,10,gasly,alpine,77.515000,2.000000,1.000000,,,22.407000,24.826000,30.282000,2782.798000,2807.624000,2837.906000,245.000000,291.000000,310.000000,333.000000,True,MEDIUM,2.000000,True,Alpine,2760.337000,,1,19.000000,False,,False,True
2026,5,Canadian Grand Prix,S,2916.222000,GAS,10,gasly,alpine,78.370000,3.000000,1.000000,,,22.628000,24.900000,30.842000,2860.534000,2885.434000,2916.276000,243.000000,295.000000,287.000000,347.000000,False,MEDIUM,3.000000,True,Alpine,2837.852000,,1,19.000000,False,,False,True
2026,5,Canadian Grand Prix,S,2993.412000,GAS,10,gasly,alpine,77.190000,4.000000,1.000000,,,22.370000,24.560000,30.260000,2938.646000,2963.206000,2993.466000,242.000000,293.000000,294.000000,341.000000,True,MEDIUM,4.000000,True,Alpine,2916.222000,,1,19.000000,False,,False,True
2026,5,Canadian Grand Prix,S,3071.580000,GAS,10,gasly,alpine,78.168000,5.000000,1.000000,,,22.439000,25.212000,30.517000,3015.905000,3041.117000,3071.634000,243.000000,291.000000,276.000000,339.000000,False,MEDIUM,5.000000,True,Alpine,2993.412000,,1,17.000000,False,,False,True
2026,5,Canadian Grand Prix,S,3148.390000,GAS,10,gasly,alpine,76.810000,6.000000,1.000000,,,21.855000,24.342000,30.613000,3093.489000,3117.831000,3148.444000,241.000000,291.000000,287.000000,334.000000,True,MEDIUM,6.000000,True,Alpine,3071.580000,,1,17.000000,False,,False,True
2026,5,Canadian Grand Prix,S,3225.897000,GAS,10,gasly,alpine,77.507000,7.000000,1.000000,,,22.619000,24.627000,30.261000,3171.063000,3195.690000,3225.951000,242.000000,301.000000,276.000000,320.000000,False,MEDIUM,7.000000,True,Alpine,3148.390000,,1,16.000000,False,,False,True
2026,5,Canadian Grand Prix,S,3302.943000,GAS,10,gasly,alpine,77.046000,8.000000,1.000000,,,21.922000,24.296000,30.828000,3247.873000,3272.169000,3302.997000,241.000000,285.000000,273.000000,317.000000,False,MEDIUM,8.000000,True,Alpine,3225.897000,,1,16.000000,False,,False,True
2026,5,Canadian Grand Prix,S,3379.872000,GAS,10,gasly,alpine,76.929000,9.000000,1.000000,,,21.818000,24.238000,30.873000,3324.815000,3349.053000,3379.926000,242.000000,284.000000,278.000000,316.000000,False,MEDIUM,9.000000,True,Alpine,3302.943000,,1,16.000000,False,,False,True
2026,5,Canadian Grand Prix,S,3456.252000,GAS,10,gasly,alpine,76.380000,10.000000,1.000000,,,21.742000,24.195000,30.443000,3401.668000,3425.863000,3456.306000,242.000000,282.000000,275.000000,315.000000,True,MEDIUM,10.000000,True,Alpine,3379.872000,,1,16.000000,False,,False,True
2026,5,Canadian Grand Prix,S,3532.779000,GAS,10,gasly,alpine,76.527000,11.000000,1.000000,,,21.771000,24.254000,30.502000,3478.077000,3502.331000,3532.833000,241.000000,281.000000,272.000000,313.000000,False,MEDIUM,11.000000,True,Alpine,3456.252000,,1,16.000000,False,,False,True
2026,5,Canadian Grand Prix,S,3608.929000,GAS,10,gasly,alpine,76.150000,12.000000,1.000000,,,21.737000,24.106000,30.307000,3554.570000,3578.676000,3608.983000,242.000000,285.000000,279.000000,319.000000,True,MEDIUM,12.000000,True,Alpine,3532.779000,,1,16.000000,False,,False,True
2026,5,Canadian Grand Prix,S,3685.386000,GAS,10,gasly,alpine,76.457000,13.000000,1.000000,,,21.854000,24.181000,30.422000,3630.837000,3655.018000,3685.440000,241.000000,285.000000,287.000000,319.000000,False,MEDIUM,13.000000,True,Alpine,3608.929000,,1,16.000000,False,,False,True
2026,5,Canadian Grand Prix,S,3762.202000,GAS,10,gasly,alpine,76.816000,14.000000,1.000000,,,21.962000,24.510000,30.344000,3707.402000,3731.912000,3762.256000,242.000000,288.000000,289.000000,334.000000,False,MEDIUM,14.000000,True,Alpine,3685.386000,,1,16.000000,False,,False,True
2026,5,Canadian Grand Prix,S,3839.286000,GAS,10,gasly,alpine,77.084000,15.000000,1.000000,,,22.291000,24.295000,30.498000,3784.547000,3808.842000,3839.340000,244.000000,293.000000,270.000000,346.000000,False,MEDIUM,15.000000,True,Alpine,3762.202000,,1,15.000000,False,,False,True
2026,5,Canadian Grand Prix,S,3916.166000,GAS,10,gasly,alpine,76.880000,16.000000,1.000000,,,22.073000,24.399000,30.408000,3861.413000,3885.812000,3916.220000,242.000000,286.000000,275.000000,318.000000,False,MEDIUM,16.000000,True,Alpine,3839.286000,,12,15.000000,False,,False,True
2026,5,Canadian Grand Prix,S,3992.501000,GAS,10,gasly,alpine,76.335000,17.000000,1.000000,,,21.871000,24.089000,30.375000,3938.091000,3962.180000,3992.555000,242.000000,286.000000,279.000000,324.000000,False,MEDIUM,17.000000,True,Alpine,3916.166000,,1,15.000000,False,,False,True
2026,5,Canadian Grand Prix,S,4069.061000,GAS,10,gasly,alpine,76.560000,18.000000,1.000000,,,21.857000,24.298000,30.405000,4014.412000,4038.710000,4069.115000,242.000000,290.000000,288.000000,328.000000,False,MEDIUM,18.000000,True,Alpine,3992.501000,,1,15.000000,False,,False,True
2026,5,Canadian Grand Prix,S,4210.598000,GAS,10,gasly,alpine,141.537000,19.000000,1.000000,,4141.593000,22.204000,25.000000,94.333000,4091.319000,4116.319000,4210.652000,243.000000,296.000000,,313.000000,False,MEDIUM,19.000000,True,Alpine,4069.061000,,1,19.000000,False,,False,False
2026,5,Canadian Grand Prix,S,4295.652000,GAS,10,gasly,alpine,85.054000,20.000000,2.000000,4212.209000,,27.072000,26.059000,31.923000,4237.724000,4263.783000,4295.706000,234.000000,272.000000,290.000000,305.000000,False,SOFT,9.000000,False,Alpine,4210.598000,,1,20.000000,False,,False,False
2026,5,Canadian Grand Prix,S,4376.914000,GAS,10,gasly,alpine,81.262000,21.000000,2.000000,,,22.479000,25.333000,33.450000,4318.185000,4343.518000,4376.968000,243.000000,292.000000,296.000000,264.000000,False,SOFT,10.000000,False,Alpine,4295.652000,,1,20.000000,False,,False,True
2026,5,Canadian Grand Prix,S,4464.298000,GAS,10,gasly,alpine,87.384000,22.000000,2.000000,,,25.972000,29.453000,31.959000,4402.940000,4432.393000,4464.352000,157.000000,283.000000,275.000000,317.000000,False,SOFT,11.000000,False,Alpine,4376.914000,,1,20.000000,True,TRACK LIMITS AT TURN 1 LAP 22 ,False,True
2026,5,Canadian Grand Prix,S,2750.024000,HAD,6,hadjar,red_bull,,1.000000,1.000000,,,,25.169000,30.423000,,2719.724000,2750.118000,247.000000,288.000000,291.000000,330.000000,False,MEDIUM,1.000000,True,Red Bull Racing,2664.605000,,1,8.000000,False,,False,False
2026,5,Canadian Grand Prix,S,2826.713000,HAD,6,hadjar,red_bull,76.689000,2.000000,1.000000,,,22.338000,24.335000,30.016000,2772.410000,2796.745000,2826.761000,245.000000,289.000000,295.000000,324.000000,True,MEDIUM,2.000000,True,Red Bull Racing,2750.024000,,1,8.000000,False,,False,True
2026,5,Canadian Grand Prix,S,2902.521000,HAD,6,hadjar,red_bull,75.808000,3.000000,1.000000,,,21.708000,24.193000,29.907000,2848.469000,2872.662000,2902.569000,248.000000,288.000000,297.000000,326.000000,True,MEDIUM,3.000000,True,Red Bull Racing,2826.713000,,1,8.000000,False,,False,True
2026,5,Canadian Grand Prix,S,2977.954000,HAD,6,hadjar,red_bull,75.433000,4.000000,1.000000,,,21.491000,24.103000,29.839000,2924.060000,2948.163000,2978.002000,246.000000,288.000000,294.000000,328.000000,True,MEDIUM,4.000000,True,Red Bull Racing,2902.521000,,1,8.000000,False,,False,True
2026,5,Canadian Grand Prix,S,3074.984000,HAD,6,hadjar,red_bull,97.030000,5.000000,1.000000,,,28.468000,29.534000,39.028000,3006.470000,3036.004000,3075.032000,129.000000,239.000000,232.000000,250.000000,False,MEDIUM,5.000000,True,Red Bull Racing,2977.954000,,1,19.000000,False,,False,True
2026,5,Canadian Grand Prix,S,3166.343000,HAD,6,hadjar,red_bull,91.359000,6.000000,1.000000,,,24.950000,28.771000,37.638000,3099.982000,3128.753000,3166.391000,219.000000,241.000000,241.000000,269.000000,False,MEDIUM,6.000000,True,Red Bull Racing,3074.984000,,1,22.000000,False,,False,True
2026,5,Canadian Grand Prix,S,3406.330000,HAD,6,hadjar,red_bull,,7.000000,1.000000,,3252.763000,25.031000,29.554000,,3191.568000,3221.059000,,215.000000,238.000000,,259.000000,False,MEDIUM,7.000000,True,Red Bull Racing,3166.343000,,1,22.000000,False,,False,False
2026,5,Canadian Grand Prix,S,3487.492000,HAD,6,hadjar,red_bull,81.162000,8.000000,2.000000,3407.969000,,25.343000,25.006000,30.813000,3431.721000,3456.727000,3487.540000,241.000000,279.000000,282.000000,305.000000,False,MEDIUM,8.000000,False,Red Bull Racing,3406.330000,,1,22.000000,False,,False,False
2026,5,Canadian Grand Prix,S,3579.941000,HAD,6,hadjar,red_bull,92.449000,9.000000,2.000000,,3558.031000,21.824000,24.085000,46.540000,3509.364000,3533.449000,3579.989000,246.000000,280.000000,,308.000000,False,MEDIUM,9.000000,False,Red Bull Racing,3487.492000,,1,22.000000,False,,False,False
2026,5,Canadian Grand Prix,S,3661.124000,HAD,6,hadjar,red_bull,81.183000,10.000000,3.000000,3581.508000,,24.891000,24.698000,31.594000,3604.880000,3629.578000,3661.172000,242.000000,284.000000,282.000000,311.000000,False,SOFT,6.000000,False,Red Bull Racing,3579.941000,,1,22.000000,False,,False,False
2026,5,Canadian Grand Prix,S,3736.953000,HAD,6,hadjar,red_bull,75.829000,11.000000,3.000000,,,21.607000,23.952000,30.270000,3682.779000,3706.731000,3737.001000,244.000000,278.000000,288.000000,306.000000,False,SOFT,7.000000,False,Red Bull Racing,3661.124000,,1,22.000000,False,,False,True
2026,5,Canadian Grand Prix,S,3811.894000,HAD,6,hadjar,red_bull,74.941000,12.000000,3.000000,,,21.315000,23.753000,29.873000,3758.316000,3782.069000,3811.942000,245.000000,282.000000,293.000000,307.000000,True,SOFT,8.000000,False,Red Bull Racing,3736.953000,,1,22.000000,False,,False,True
2026,5,Canadian Grand Prix,S,3886.856000,HAD,6,hadjar,red_bull,74.962000,13.000000,3.000000,,,21.256000,23.718000,29.988000,3833.198000,3856.916000,3886.904000,244.000000,280.000000,290.000000,307.000000,False,SOFT,9.000000,False,Red Bull Racing,3811.894000,,1,22.000000,False,,False,True
2026,5,Canadian Grand Prix,S,3962.069000,HAD,6,hadjar,red_bull,75.213000,14.000000,3.000000,,,21.362000,23.765000,30.086000,3908.266000,3932.031000,3962.117000,245.000000,284.000000,292.000000,307.000000,False,SOFT,10.000000,False,Red Bull Racing,3886.856000,,12,22.000000,False,,False,True
2026,5,Canadian Grand Prix,S,4037.099000,HAD,6,hadjar,red_bull,75.030000,15.000000,3.000000,,,21.304000,23.734000,29.992000,3983.421000,4007.155000,4037.147000,243.000000,282.000000,290.000000,306.000000,False,SOFT,11.000000,False,Red Bull Racing,3962.069000,,1,22.000000,False,,False,True
2026,5,Canadian Grand Prix,S,4112.125000,HAD,6,hadjar,red_bull,75.026000,16.000000,3.000000,,,21.405000,23.670000,29.951000,4058.552000,4082.222000,4112.173000,244.000000,279.000000,290.000000,309.000000,False,SOFT,12.000000,False,Red Bull Racing,4037.099000,,1,22.000000,False,,False,True
2026,5,Canadian Grand Prix,S,4187.382000,HAD,6,hadjar,red_bull,75.257000,17.000000,3.000000,,,21.396000,23.894000,29.967000,4133.569000,4157.463000,4187.430000,246.000000,282.000000,293.000000,306.000000,False,SOFT,13.000000,False,Red Bull Racing,4112.125000,,1,21.000000,False,,False,True
2026,5,Canadian Grand Prix,S,4262.543000,HAD,6,hadjar,red_bull,75.161000,18.000000,3.000000,,,21.332000,23.729000,30.100000,4208.762000,4232.491000,4262.591000,244.000000,282.000000,291.000000,307.000000,False,SOFT,14.000000,False,Red Bull Racing,4187.382000,,1,21.000000,False,,False,True
2026,5,Canadian Grand Prix,S,4337.762000,HAD,6,hadjar,red_bull,75.219000,19.000000,3.000000,,,21.306000,23.796000,30.117000,4283.897000,4307.693000,4337.810000,245.000000,284.000000,292.000000,315.000000,False,SOFT,15.000000,False,Red Bull Racing,4262.543000,,1,21.000000,False,,False,True
2026,5,Canadian Grand Prix,S,4413.938000,HAD,6,hadjar,red_bull,76.176000,20.000000,3.000000,,,21.885000,24.057000,30.234000,4359.695000,4383.752000,4413.986000,245.000000,288.000000,289.000000,324.000000,False,SOFT,16.000000,False,Red Bull Racing,4337.762000,,1,21.000000,False,,False,True
2026,5,Canadian Grand Prix,S,2756.077000,ALO,14,alonso,aston_martin,,1.000000,1.000000,,,,26.849000,32.093000,,2724.134000,2756.081000,218.000000,278.000000,281.000000,322.000000,False,MEDIUM,5.000000,False,Aston Martin,2664.605000,,1,14.000000,False,,False,False
2026,5,Canadian Grand Prix,S,2835.038000,ALO,14,alonso,aston_martin,78.961000,2.000000,1.000000,,,23.147000,25.106000,30.708000,2779.228000,2804.334000,2835.042000,239.000000,272.000000,277.000000,318.000000,True,MEDIUM,6.000000,False,Aston Martin,2756.077000,,1,14.000000,False,,False,True
2026,5,Canadian Grand Prix,S,2913.667000,ALO,14,alonso,aston_martin,78.629000,3.000000,1.000000,,,22.543000,24.952000,31.134000,2857.585000,2882.537000,2913.671000,238.000000,271.000000,282.000000,317.000000,True,MEDIUM,7.000000,False,Aston Martin,2835.038000,,1,15.000000,False,,False,True
2026,5,Canadian Grand Prix,S,2992.109000,ALO,14,alonso,aston_martin,78.442000,4.000000,1.000000,,,22.687000,24.879000,30.876000,2936.358000,2961.237000,2992.113000,239.000000,273.000000,281.000000,317.000000,True,MEDIUM,8.000000,False,Aston Martin,2913.667000,,1,16.000000,False,,False,True
2026,5,Canadian Grand Prix,S,3069.818000,ALO,14,alonso,aston_martin,77.709000,5.000000,1.000000,,,22.437000,24.722000,30.550000,3014.550000,3039.272000,3069.822000,241.000000,275.000000,277.000000,318.000000,True,MEDIUM,9.000000,False,Aston Martin,2992.109000,,1,15.000000,False,,False,True
2026,5,Canadian Grand Prix,S,3148.064000,ALO,14,alonso,aston_martin,78.246000,6.000000,1.000000,,,22.305000,24.911000,31.030000,3092.127000,3117.038000,3148.068000,238.000000,270.000000,275.000000,303.000000,False,MEDIUM,10.000000,False,Aston Martin,3069.818000,,1,16.000000,False,,False,True
2026,5,Canadian Grand Prix,S,3226.481000,ALO,14,alonso,aston_martin,78.417000,7.000000,1.000000,,,22.490000,24.931000,30.996000,3170.558000,3195.489000,3226.485000,236.000000,269.000000,281.000000,328.000000,False,MEDIUM,11.000000,False,Aston Martin,3148.064000,,1,17.000000,False,,False,True
2026,5,Canadian Grand Prix,S,3304.024000,ALO,14,alonso,aston_martin,77.543000,8.000000,1.000000,,,22.405000,24.730000,30.408000,3248.890000,3273.620000,3304.028000,242.000000,274.000000,277.000000,318.000000,True,MEDIUM,12.000000,False,Aston Martin,3226.481000,,1,17.000000,False,,False,True
2026,5,Canadian Grand Prix,S,3382.046000,ALO,14,alonso,aston_martin,78.022000,9.000000,1.000000,,,22.383000,24.887000,30.752000,3326.411000,3351.298000,3382.050000,239.000000,270.000000,275.000000,305.000000,False,MEDIUM,13.000000,False,Aston Martin,3304.024000,,1,17.000000,False,,False,True
2026,5,Canadian Grand Prix,S,3459.719000,ALO,14,alonso,aston_martin,77.673000,10.000000,1.000000,,,22.235000,24.826000,30.612000,3404.285000,3429.111000,3459.723000,243.000000,271.000000,268.000000,313.000000,False,MEDIUM,14.000000,False,Aston Martin,3382.046000,,1,17.000000,False,,False,True
2026,5,Canadian Grand Prix,S,3538.605000,ALO,14,alonso,aston_martin,78.886000,11.000000,1.000000,,,22.572000,25.105000,31.209000,3482.295000,3507.400000,3538.609000,237.000000,265.000000,276.000000,311.000000,False,MEDIUM,15.000000,False,Aston Martin,3459.719000,,1,18.000000,False,,False,True
2026,5,Canadian Grand Prix,S,3616.854000,ALO,14,alonso,aston_martin,78.249000,12.000000,1.000000,,,22.652000,25.051000,30.546000,3561.261000,3586.312000,3616.858000,240.000000,270.000000,273.000000,328.000000,False,MEDIUM,16.000000,False,Aston Martin,3538.605000,,1,18.000000,False,,False,True
2026,5,Canadian Grand Prix,S,3695.287000,ALO,14,alonso,aston_martin,78.433000,13.000000,1.000000,,,22.330000,24.925000,31.178000,3639.188000,3664.113000,3695.291000,242.000000,271.000000,270.000000,314.000000,False,MEDIUM,17.000000,False,Aston Martin,3616.854000,,1,19.000000,False,,False,True
2026,5,Canadian Grand Prix,S,3774.546000,ALO,14,alonso,aston_martin,79.259000,14.000000,1.000000,,,22.912000,25.055000,31.292000,3718.203000,3743.258000,3774.550000,240.000000,271.000000,267.000000,319.000000,False,MEDIUM,18.000000,False,Aston Martin,3695.287000,,1,18.000000,True,TRACK LIMITS AT TURN 14 LAP 14 ,False,True
2026,5,Canadian Grand Prix,S,3871.184000,ALO,14,alonso,aston_martin,96.638000,15.000000,1.000000,,3848.050000,22.891000,25.429000,48.318000,3797.441000,3822.870000,3871.188000,239.000000,268.000000,,311.000000,False,MEDIUM,19.000000,False,Aston Martin,3774.546000,,1,21.000000,False,,False,False
2026,5,Canadian Grand Prix,S,3958.836000,ALO,14,alonso,aston_martin,,16.000000,2.000000,3872.816000,3958.840000,31.904000,26.364000,,3903.257000,3929.657000,,226.000000,269.000000,,276.000000,False,HARD,8.000000,False,Aston Martin,3871.184000,,12,21.000000,False,,False,False
